start,end,duration,amplitude,peak_velocity,peak_acceleration,peak_deceleration,direction
1622109985410,1622109985540,130,20,684,24655.3331914161,-4794,181
1622109985640,1622109985670,30,3,169,-1.0,-2749,203
1622109985760,1622109985960,200,6,445,20393.3627108806,-25102,175
1622109985970,1622109986100,130,15,207,13764.1300819097,-13806,358
1622109986110,1622109986470,360,16,629,38481.3826140728,-36144,48
1622109986500,1622109986650,150,14,418,21554.6312523364,-23869,337
1622109986800,1622109986890,90,7,186,7813.42079337847,-5620,297
1622109986929,1622109986949,20,0,35,804.017368923008,-1,95
1622109986979,1622109987019,40,1,38,1814.64764603982,-9,227
1622109987029,1622109987039,10,-1,51,2347.54473689584,-1,-1
1622109987169,1622109987239,70,12,432,22188.9160289996,-22357,158
1622109987299,1622109987339,40,1,39,1014.03587140587,-434,347
1622109987379,1622109987399,20,0,52,2495.76724210096,-1224,355
1622109987419,1622109987489,70,2,48,1046.26891685456,-464,335
1622109987509,1622109987539,30,2,122,8548.32235161864,-8172,181
1622109987699,1622109987719,20,2,240,15312.1375536088,-1,353
1622109987819,1622109987859,40,2,196,-1.0,-8960,323
1622109987869,1622109987889,20,1,83,7451.95010180741,-41,240
1622109987919,1622109987939,20,0,46,2410.19811507169,-981,232
1622109987949,1622109987959,10,-1,33,1110.19014361075,-1,-1
1622109987999,1622109988089,90,3,60,2204.37287676207,-1953,173
1622109988129,1622109988139,10,-1,48,2090.40430661565,-1,-1
1622109988189,1622109988199,10,-1,31,840.583275401586,-1,-1
1622109988219,1622109988249,30,2,130,6618.69921061627,-6440,343
1622109988389,1622109988439,50,5,218,9454.65047216492,-7773,168
1622109988618,1622109988638,20,0,39,1430.45271277205,-1,336
1622109988838,1622109989038,200,8,347,23969.6672025217,-11052,233
1622109989128,1622109989148,20,0,41,1996.76100914891,-651,45
1622109989158,1622109989168,10,-1,30,250.606360922136,-1,-1
1622109989318,1622109989338,20,0,40,2287.73394900058,-1,48
1622109989388,1622109989398,10,-1,31,999.590870722008,-1,-1
1622109989408,1622109989498,90,3,59,1479.58148663886,-900,1
1622109989588,1622109989638,50,2,65,1859.25003934554,-1,155
1622109989698,1622109989708,10,-1,40,1361.68672835688,-1,-1
1622109989718,1622109989858,140,5,644,57154.2213442366,-59952,129
1622109989878,1622109990018,140,3,242,15402.2659607302,-10062,82
1622109990068,1622109990108,40,3,152,8676.46648784997,-9816,100
1622109990148,1622109990267,119,7,96,2222.50818325651,-5531,216
1622109990307,1622109990377,70,3,431,32392.1303736475,-16789,358
1622109991137,1622109991177,40,2,109,1931.53923133891,-83,353
1622109991187,1622109991287,100,3,270,25988.7144269936,-14385,227
1622109991317,1622109991407,90,2,141,9608.70451108623,-7879,240
1622109991417,1622109991447,30,0,36,3266.16787602425,-464,97
1622109991477,1622109991487,10,-1,47,2245.31472019056,-1,-1
1622109991497,1622109991507,10,-1,38,2322.9259327075,-1,-1
1622109991537,1622109991557,20,0,45,1806.90057977324,-1,221
1622109991567,1622109991577,10,-1,36,692.083318613528,-1,-1
1622109991597,1622109991607,10,-1,36,1545.31757397325,-1,-1
1622109991617,1622109992066,449,14,836,56878.8451695235,-75090,316
1622109992076,1622109992116,40,1,66,3534.54132654776,-57,138
1622109992126,1622109992146,20,1,129,10544.5504487268,-4652,291
1622109992196,1622109992206,10,-1,35,2569.86044546892,-1,-1
1622109992986,1622109993026,40,2,92,5436.07247344572,-4373,311
1622109993316,1622109993336,20,0,38,3092.72489625363,-822,298
1622109993416,1622109993436,20,0,61,3765.90703907585,-1473,166
1622109993965,1622109993995,30,2,106,4917.00741105359,-4051,352
1622109994095,1622109994235,140,5,249,7570.55259691157,-6922,194
1622109994245,1622109994285,40,2,96,3442.67382110868,-5244,149
1622109994315,1622109994325,10,-1,36,1539.11840314018,-1,-1
1622109994545,1622109994575,30,2,127,6426.25832971381,-3692,169
1622109994665,1622109994685,20,0,37,1017.01719726175,-1,15
1622109994765,1622109994955,190,12,446,25429.4670521909,-37640,169
1622109994965,1622109995005,40,1,56,1468.64873091896,-1,2
1622109995015,1622109995035,20,0,63,2398.73942287844,-1,351
1622109995105,1622109995115,10,-1,30,615.018072774049,-1,-1
1622109995164,1622109995174,10,-1,49,2880.44583728157,-1,-1
1622109995224,1622109995264,40,1,45,1902.37019622338,-526,12
1622109995404,1622109995454,50,3,127,6780.34396874463,-5011,13
1622109995564,1622109995574,10,-1,38,1002.55286089501,-1,-1
1622109995714,1622109995734,20,0,43,3561.31509867223,-1323,257
1622109995774,1622109995834,60,14,433,39150.3678128632,-26317,322
1622109995894,1622109995914,20,0,52,2460.99598036488,-1748,143
1622109995944,1622109995994,50,2,144,9425.35765767838,-6988,286
1622109996034,1622109996114,80,1,261,19744.2285111367,-22767,246
1622109996124,1622109996174,50,1,431,20780.6752327056,-19709,122
1622109996214,1622109996224,10,-1,30,669.403289696736,-1,-1
1622109996464,1622109996564,100,10,333,31521.605454971,-25855,94
1622109996574,1622109996614,40,2,73,2234.99582506813,-3483,271
1622109996923,1622109997043,120,16,303,9275.15841093545,-13762,231
1622109997153,1622109997183,30,1,77,4854.30424058125,-4336,75
1622109997303,1622109997333,30,2,109,5532.43881723006,-6467,271
1622109997403,1622109997503,100,16,469,24398.9512936682,-15625,59
1622109997893,1622109997953,60,6,210,7979.30353940267,-11196,254
1622109998133,1622109998163,30,5,315,17631.0031084926,-1,249
1622109998652,1622109998752,100,7,141,10046.5057754349,-3957,71
1622109998762,1622109998802,40,1,124,11708.0591702317,-8051,197
1622109998812,1622109998832,20,1,68,5056.07398247997,-1,225
1622109998852,1622109998882,30,2,107,5245.4578572595,-4451,224
1622109999052,1622109999062,10,-1,37,1069.42001703351,-1,-1
1622109999112,1622109999132,20,0,31,1447.32811498437,-1,207
1622109999422,1622109999472,50,6,210,8826.30465461385,-10849,34
1622110000271,1622110000511,240,8,437,19162.9311903071,-13853,151
1622110000561,1622110000581,20,0,64,4105.82305161512,-1,81
1622110000671,1622110000751,80,7,501,43277.8749087516,-40901,262
1622110000761,1622110000771,10,-1,37,2178.04040389734,-1,-1
1622110000841,1622110000851,10,-1,31,2053.05088823119,-1,-1
1622110001081,1622110001091,10,-1,35,2233.15561508346,-1,-1
1622110001101,1622110001131,30,1,108,9789.99474237085,-5873,104
1622110001141,1622110001151,10,-1,51,3625.5704892751,-1,-1
1622110001341,1622110001431,90,8,239,12289.5092387756,-9582,30
1622110001441,1622110001471,30,1,187,15813.0184314696,-12119,232
1622110001481,1622110001491,10,-1,49,3813.83950101749,-1,-1
1622110001541,1622110001551,10,-1,33,986.573730466159,-1,-1
1622110001621,1622110001631,10,-1,35,2494.3240256494,-1,-1
1622110001711,1622110001760,49,1,64,4794.79481385322,-992,12
1622110001770,1622110001970,200,4,710,55586.8857686725,-25522,67
1622110001980,1622110002040,60,0,828,79268.9060602062,-76461,280
1622110002060,1622110002080,20,1,91,5108.41358828463,-1,51
1622110002100,1622110002110,10,-1,43,2527.64003601433,-1,-1
1622110002120,1622110002330,210,7,566,38789.4514657176,-51328,143
1622110002340,1622110002350,10,-1,35,1935.8891326207,-1,-1
1622110002360,1622110002420,60,4,187,7029.54564437577,-12594,71
1622110002480,1622110002510,30,1,77,4907.49686785612,-3036,268
1622110002520,1622110002570,50,5,232,11553.3112945073,-12717,279
1622110002590,1622110002610,20,0,45,1923.21621731121,-767,294
1622110002670,1622110002720,50,6,204,8727.06616042368,-10453,206
1622110002870,1622110003050,180,9,1089,74737.3352205711,-56305,310
1622110003090,1622110003170,80,1,806,24488.6199448786,-73912,0
1622110003260,1622110003499,239,11,380,22218.5120345403,-21003,318
1622110003519,1622110003559,40,2,66,3958.45745755629,-2096,189
1622110003609,1622110003649,40,2,77,3980.29755335584,-3318,207
1622110003979,1622110004139,160,11,1670,135908.97389284,-146690,22
1622110004229,1622110004379,150,2,1021,56527.7587985213,-81193,161
1622110004499,1622110004569,70,1,314,22319.7271520236,-27855,184
1622110004579,1622110004619,40,1,342,22851.5754111626,-323,244
1622110004629,1622110004759,130,3,935,80159.2535818829,-88621,36
1622110004769,1622110004849,80,0,92,5962.20270356585,-4297,188
1622110004859,1622110004969,110,9,300,13350.3735782109,-17195,19
1622110004989,1622110005088,99,9,318,16092.5663518597,-13830,186
1622110005098,1622110005108,10,-1,49,3192.20057402427,-1,-1
1622110005128,1622110005168,40,7,320,16139.7174929239,-16175,0
1622110005178,1622110005458,280,3,1413,109999.153406268,-128429,174
1622110005588,1622110005758,170,3,339,13575.8971860719,-15968,302
1622110005768,1622110005818,50,1,117,7617.18237046834,-4386,258
1622110005868,1622110005888,20,0,66,3440.14057843508,-1,205
1622110005898,1622110005938,40,1,74,3923.24382900676,-3308,161
1622110005978,1622110005998,20,0,46,2292.40361100199,-1080,11
1622110006008,1622110006028,20,0,44,1085.463748777,-1,23
1622110006298,1622110006328,30,4,200,14948.9836268715,-1,134
1622110006338,1622110006348,10,-1,37,1935.91867710065,-1,-1
1622110006378,1622110006548,170,7,1426,51664.5690544429,-132412,176
1622110006558,1622110006637,79,6,435,42710.0480894851,-13998,93
1622110006658,1622110006687,29,5,494,24450.6010455471,-1,280
1622110006887,1622110006907,20,1,47,588.356063493786,-1,357
1622110006917,1622110006967,50,1,67,2948.15841512226,-2480,7
1622110006977,1622110006997,20,0,32,1361.04167984015,-20,161
1622110007027,1622110007047,20,1,91,5013.19909529469,-1,283
1622110007057,1622110007067,10,-1,114,9799.6857382049,-1,-1
1622110007077,1622110007087,10,-1,117,9852.42484327891,-1,-1
1622110007097,1622110007107,10,-1,66,5630.08884774933,-1,-1
1622110007117,1622110007127,10,-1,64,5555.61799584067,-1,-1
1622110007337,1622110007477,140,10,378,20382.5268597786,-24942,178
1622110007507,1622110007587,80,4,178,5303.93286683021,-8287,237
1622110007597,1622110007627,30,2,103,7777.61560762065,-6673,329
1622110007697,1622110007747,50,6,285,15177.1406463879,-6484,189
1622110007757,1622110007767,10,-1,105,8822.48808888431,-1,-1
1622110007807,1622110007937,130,19,743,25783.9139210839,-71273,16
1622110007947,1622110008027,80,11,597,33559.5752955172,-22462,144
1622110008187,1622110008237,50,1,285,6325.98982000468,-13266,62
1622110008257,1622110008306,49,13,392,22869.4147213346,-13590,89
1622110008316,1622110008386,70,12,1244,48866.1195411836,-116136,267
1622110008416,1622110008446,30,0,44,1361.80284497962,-644,321
1622110008686,1622110008736,50,1,43,1197.71861885432,-1196,180
1622110008756,1622110008786,30,1,199,14507.6238850566,-350,109
1622110008796,1622110008876,80,6,278,24866.8624181781,-19331,12
1622110008886,1622110008896,10,-1,73,5495.25678143923,-1,-1
1622110008906,1622110009026,120,4,70,3216.26511362735,-3407,181
1622110009076,1622110009086,10,-1,32,293.564229331898,-1,-1
1622110009236,1622110009246,10,-1,33,1647.13164530188,-1,-1
1622110009276,1622110009286,10,-1,42,2660.74479493992,-1,-1
1622110009296,1622110009306,10,-1,51,3137.81986372386,-1,-1
1622110009316,1622110009476,160,6,1620,100912.950870658,-111209,135
1622110009596,1622110009646,50,5,139,6905.29993107629,-7719,321
1622110009656,1622110009666,10,-1,47,1865.78911812888,-1,-1
1622110009676,1622110009686,10,-1,46,2390.32705831352,-1,-1
1622110010035,1622110010055,20,3,160,14102.3168383779,-759,46
1622110010075,1622110010125,50,5,360,28165.3718215048,-8690,191
1622110010135,1622110010145,10,-1,35,1242.90400680863,-1,-1
1622110010195,1622110010215,20,4,239,23076.5541785962,-871,137
1622110010255,1622110010315,60,8,420,33496.4773824583,-36821,326
1622110010485,1622110010595,110,7,353,19266.9021353109,-29981,274
1622110010695,1622110010785,90,6,373,25002.1355065378,-14767,32
1622110011095,1622110011135,40,4,170,8682.14682600035,-7658,6
1622110011205,1622110011245,40,1,51,1426.02525931028,-2053,176
1622110011335,1622110011385,50,4,152,8908.2917459633,-4960,177
1622110011884,1622110011904,20,1,58,2751.63834559192,-1,310
1622110012194,1622110012204,10,-1,58,4966.71279319698,-1,-1
1622110012324,1622110012374,50,1,108,2367.38088725056,-781,16
1622110012384,1622110012404,20,1,68,4008.34087293203,-2988,125
1622110012954,1622110012964,10,-1,49,3327.6508619869,-1,-1
1622110012974,1622110012994,20,0,39,1958.882246325,-650,122
1622110013004,1622110013084,80,2,46,1806.54320445638,-677,146
1622110013154,1622110013164,10,-1,112,9135.97762773467,-1,-1
1622110013174,1622110013184,10,-1,74,5125.4897213109,-1,-1
1622110013273,1622110013283,10,-1,31,1018.55116860092,-1,-1
1622110013293,1622110013343,50,0,392,25104.2852374724,-15833,255
1622110013713,1622110013743,30,2,103,4965.78115186725,-2171,176
1622110014003,1622110014023,20,1,593,56200.1615282067,-1,59
1622110014113,1622110014153,40,12,2539,28202.0864853381,-219911,344
1622110014163,1622110014213,50,8,425,40814.109361148,-26034,327
1622110014693,1622110014743,50,6,242,13876.5277451506,-14644,146
1622110014932,1622110014942,10,-1,42,3555.41314771516,-1,-1
1622110015362,1622110015412,50,4,147,10784.8117373481,-7038,20
1622110015682,1622110015712,30,3,160,12999.4367544835,-11333,189
1622110016022,1622110016032,10,-1,50,4118.87518064685,-1,-1
1622110016042,1622110016222,180,1,578,28465.6522019992,-42746,333
1622110016362,1622110016382,20,0,51,2338.02593075097,-30,266
1622110016432,1622110016462,30,2,279,27062.8489997581,-14530,156
1622110016821,1622110016891,70,13,330,13319.8182084029,-12355,202
1622110017121,1622110017151,30,2,130,7668.03026722668,-9751,322
1622110017341,1622110017361,20,0,36,3385.05219907502,-449,214
1622110017611,1622110017781,170,13,634,38254.6965843287,-34881,23
1622110018091,1622110018121,30,1,74,3525.90193293472,-2423,176
1622110018130,1622110018140,9,-1,30,3.24325591544768,-1,-1
1622110018380,1622110018440,60,4,293,13140.0094170165,-14411,334
1622110018450,1622110018470,20,0,40,1006.6508657525,-10,223
1622110018650,1622110018670,20,1,91,7656.13562905952,-419,153
1622110019480,1622110019660,180,14,459,27243.8870408499,-27686,349
1622110019780,1622110019799,19,0,51,3637.9078211712,-1851,284
1622110019889,1622110019899,10,-1,55,4831.93342255502,-1,-1
1622110019909,1622110019969,60,12,521,19092.0603317064,-41069,169
1622110019989,1622110019999,10,-1,50,2939.93016383066,-1,-1
1622110020119,1622110020149,30,3,170,9148.6848390608,-9437,258
1622110020169,1622110020299,130,6,90,4795.41475023562,-2632,53
1622110020399,1622110020429,30,8,388,20738.1969187005,-17825,74
1622110020459,1622110020559,100,5,390,34686.3150501695,-26065,238
1622110020569,1622110020579,10,-1,50,3288.66056524402,-1,-1
1622110020979,1622110020999,20,0,39,1898.42269415183,-1,230
1622110021009,1622110021049,40,5,236,22380.6084342525,-20182,241
1622110021059,1622110021089,30,1,81,5415.95780496505,-3514,45
1622110021169,1622110021189,20,1,87,4010.20087814021,-1,79
1622110021219,1622110021239,20,0,60,3378.37905804626,-1,86
1622110021269,1622110021379,110,9,146,3713.5508523973,-5009,85
1622110021419,1622110021538,119,13,197,8897.14520820226,-10714,259
1622110021548,1622110021588,40,2,144,8919.60205797638,-5798,93
1622110021598,1622110021618,20,1,51,3548.23601075126,-1040,315
1622110021628,1622110021648,20,0,37,2283.87420438327,-1,286
1622110021668,1622110021698,30,1,156,11736.2556401704,-5410,3
1622110021708,1622110021758,50,1,148,12425.8341992952,-10727,223
1622110021818,1622110021898,80,1,233,9954.4378308662,-18274,34
1622110021908,1622110021968,60,0,2098,116369.94575821,-46890,0
1622110022058,1622110022148,90,7,318,10449.4818271934,-17831,265
1622110022168,1622110022438,270,3,709,43742.2907624373,-56640,78
1622110022488,1622110022698,210,14,298,20441.1315145868,-11267,59
1622110022708,1622110022748,40,2,95,3148.44185644031,-3404,160
1622110022768,1622110022868,100,4,102,6145.88808245832,-5320,170
1622110022878,1622110022888,10,-1,36,878.755078157193,-1,-1
1622110022898,1622110022918,20,0,69,2828.54156261228,-1,154
1622110022928,1622110022988,60,18,677,45406.9909389942,-34234,238
1622110023087,1622110023207,120,9,349,15033.1620943844,-15622,269
1622110023237,1622110023257,20,0,33,472.08845421452,-13,352
1622110023277,1622110023327,50,1,51,1459.74211995186,-1680,20
1622110023337,1622110023357,20,0,53,2679.09853923609,-1533,317
1622110023457,1622110023557,100,19,1143,32758.4612491189,-96193,60
1622110023567,1622110023607,40,0,107,8063.32622902684,-6140,210
1622110023617,1622110023637,20,0,39,2326.0082260251,-1,299
1622110023647,1622110023667,20,0,44,1128.49632664029,-1,270
1622110023707,1622110023787,80,14,444,18107.5030141957,-20263,81
1622110023817,1622110023827,10,-1,35,745.456096138872,-1,-1
1622110024017,1622110024127,110,16,463,23447.2644901436,-15887,241
1622110024177,1622110024187,10,-1,38,1494.6075308799,-1,-1
1622110024307,1622110024706,399,2,933,65301.5457460663,-41877,324
1622110024716,1622110024776,60,2,127,10527.3379294064,-9173,130
1622110024866,1622110024906,40,12,483,36241.467289475,-33248,347
1622110024916,1622110024956,40,3,196,14501.729207977,-14957,124
1622110024966,1622110024986,20,5,249,22377.717691065,-1,317
1622110025016,1622110025216,200,33,1857,110808.139131572,-136047,157
1622110025226,1622110025236,10,-1,123,10518.3206227862,-1,-1
1622110025246,1622110025266,20,1,162,14317.0994751521,-8788,301
1622110025286,1622110025326,40,1,49,2325.66052251292,-1888,220
1622110025336,1622110025366,30,1,79,4857.42261746131,-3849,317
1622110025426,1622110025466,40,1,103,5462.83985745432,-6924,120
1622110025566,1622110025636,70,0,739,67847.1270672811,-62310,294
1622110025646,1622110025696,50,2,56,3165.47360856894,-1369,75
1622110025746,1622110025766,20,0,61,3129.11568143496,-42,292
1622110025876,1622110025976,100,1,188,14004.3114923323,-5484,244
1622110025986,1622110026026,40,1,152,14034.6321072529,-7230,135
1622110026036,1622110026066,30,3,174,7838.15665826518,-10093,319
1622110026076,1622110026196,120,1,222,17622.1080062408,-18607,244
1622110026306,1622110026435,129,4,604,26601.6099100593,-33999,148
1622110026445,1622110026545,100,18,430,21426.8973727895,-12601,7
1622110026555,1622110026565,10,-1,116,10216.0851182916,-1,-1
1622110026665,1622110026995,330,10,1493,124212.447432197,-99142,289
1622110027005,1622110027015,10,-1,61,3603.53989583313,-1,-1
1622110027025,1622110027045,20,1,77,5361.47200026652,-2659,184
1622110027065,1622110027295,230,12,272,10318.5084008665,-15570,159
1622110027315,1622110027325,10,-1,40,2042.0201150588,-1,-1
1622110027335,1622110027385,50,7,303,11785.3524758181,-19559,17
1622110027635,1622110027705,70,3,176,8639.59032039497,-342,70
1622110027835,1622110027885,50,5,200,-1.0,-7251,302
1622110027895,1622110027905,10,-1,33,474.33446043499,-1,-1
1622110027915,1622110027974,59,0,310,24774.1000442832,-16461,15
1622110027994,1622110028024,30,2,109,4426.62699683626,-3230,353
1622110028154,1622110028394,240,15,136,5269.23144605809,-4532,269
1622110028444,1622110028664,220,15,111,3224.25951040718,-3339,91
1622110028764,1622110029044,280,18,101,3189.47019431523,-2892,265
1622110029184,1622110029194,10,-1,31,495.14094160037,-1,-1
1622110029234,1622110029284,50,2,51,1072.03063736444,-1425,72
1622110029294,1622110029464,170,11,173,5314.23827027678,-2117,91
1622110029554,1622110029793,239,23,567,22645.3091180422,-29289,0
1622110029803,1622110030063,260,22,732,68966.5990166317,-59750,245
1622110030153,1622110030353,200,14,286,8944.424846712,-11359,59
1622110030373,1622110030483,110,8,112,3692.49845205995,-5217,66
1622110030523,1622110030593,70,12,641,31927.0814944347,-6790,79
1622110030723,1622110031053,330,34,419,4215.54403142936,-11989,274
1622110031292,1622110031452,159,2,462,36081.7417076054,-38267,187
1622110031602,1622110031832,230,8,509,32842.9015054366,-35908,66
1622110031942,1622110032002,60,1,212,18147.8824527128,-14611,268
1622110032022,1622110032082,60,1,161,12971.085136101,-2282,270
1622110032232,1622110032292,60,7,171,4582.89889339495,-6485,255
1622110032312,1622110032352,40,1,54,2601.16019378209,-806,81
1622110032392,1622110032472,80,14,398,19789.994123165,-1150,113
1622110032672,1622110032732,60,5,854,4954.11486311618,-59191,263
1622110032752,1622110032772,20,0,83,5355.46887809012,-1,66
1622110032782,1622110032812,30,0,41,1451.24971128675,-924,30
1622110032822,1622110032842,20,0,31,840.361540094156,-114,29
1622110032872,1622110032892,20,0,39,1417.9998488103,-1,330
1622110032912,1622110032951,39,1,42,836.628584811169,-331,344
1622110033081,1622110033181,100,14,428,22010.4769153846,-29475,11
1622110033201,1622110033351,150,6,373,28070.8364549562,-6345,214
1622110033381,1622110033391,10,-1,35,802.256325319653,-1,-1
1622110033401,1622110033411,10,-1,33,876.897799246181,-1,-1
1622110033441,1622110033461,20,0,48,3359.57995020344,-105,161
1622110033481,1622110033741,260,23,179,8823.28671482703,-7705,102
1622110033751,1622110033801,50,2,87,4150.39187518157,-2001,75
1622110033811,1622110034241,430,22,1288,51821.3273416072,-84876,300
1622110034251,1622110034361,110,24,627,42215.8215004939,-27260,18
1622110034381,1622110034590,209,20,312,18855.6953620408,-19786,183
1622110034620,1622110034670,50,2,73,3320.51316296808,-1692,205
1622110034700,1622110034750,50,1,49,1359.47146878321,-666,201
1622110034820,1622110034840,20,1,209,13394.8695657171,-1,66
1622110034930,1622110034990,60,17,652,26785.7120559378,-57950,275
1622110035070,1622110035090,20,0,50,3004.83301460368,-662,141
1622110035110,1622110035380,270,1,990,56067.0522109504,-62701,198
1622110035390,1622110035570,180,10,79,4308.87017478324,-1927,62
1622110036120,1622110036140,20,1,92,4552.70529549896,-1,237
1622110036150,1622110036289,139,4,351,16592.2023153043,-23413,209
1622110036379,1622110036699,320,16,609,14482.758213304,-32497,203
1622110036809,1622110036909,100,3,81,3793.25936065877,-1867,278
1622110037049,1622110037059,10,-1,33,822.492555192178,-1,-1
1622110037509,1622110037549,40,3,114,7468.26888828961,-6381,19
1622110037749,1622110037779,30,5,1114,83151.4427109776,-1,111
1622110037868,1622110037918,49,15,576,2681.72621077562,-21518,347
1622110037938,1622110037968,30,0,40,962.321108934221,-1,329
1622110038048,1622110038068,20,0,43,1703.77838536721,-1,336
1622110038198,1622110038328,130,8,76,2060.64725307962,-1423,76
1622110038368,1622110038388,20,0,38,1391.93270761674,-778,190
1622110038548,1622110038638,90,8,150,6294.77037339847,-4148,252
1622110038648,1622110038688,40,2,53,2459.80827608307,-188,259
1622110038948,1622110038958,10,-1,69,-1.0,-1,-1
1622110038968,1622110039108,140,13,150,7783.43799517015,-4476,80
1622110039208,1622110039288,80,3,56,1407.05876821169,-938,276
1622110039298,1622110039428,130,13,117,5274.13341734165,-4898,254
1622110039438,1622110039448,10,-1,55,2909.88682651547,-1,-1
1622110039537,1622110039567,30,1,114,3973.04181911054,-3563,45
1622110039577,1622110039737,160,11,113,4641.00666850292,-2374,67
1622110039837,1622110039987,150,14,148,4004.10954171832,-3025,262
1622110040147,1622110040587,440,18,758,50851.617134492,-52720,354
1622110040807,1622110040847,40,6,742,-1.0,-39222,74
1622110040857,1622110040917,60,2,60,2459.80507343308,-1538,94
1622110041047,1622110041107,60,13,527,27401.8546344987,-20424,72
1622110041117,1622110041176,59,2,66,3093.94831051912,-2144,215
1622110041246,1622110041256,10,-1,30,209.374504490956,-1,-1
1622110041276,1622110041416,140,19,487,18089.4374457433,-17501,189
1622110041436,1622110041526,90,4,203,8290.7464659162,-6012,24
1622110041556,1622110041566,10,-1,33,1383.86620696275,-1,-1
1622110041576,1622110041636,60,17,644,24179.6106010522,-37627,13
1622110041646,1622110041746,100,4,189,14685.1482671911,-9090,203
1622110041766,1622110041776,10,-1,30,573.813849540527,-1,-1
1622110041806,1622110041816,10,-1,40,2003.33402823423,-1,-1
1622110041846,1622110041896,50,1,65,1807.7454375586,-2131,256
1622110041906,1622110041936,30,0,37,606.536272697938,-617,213
1622110041996,1622110042266,270,19,408,22949.6081631938,-17971,351
1622110042276,1622110042286,10,-1,36,3060.4876075624,-1,-1
1622110042316,1622110042686,370,28,732,56033.7536353368,-53212,165
1622110042785,1622110042795,9,-1,32,2010.74749658462,-1,-1
1622110042815,1622110042955,140,4,317,17153.7254384041,-21034,328
1622110042985,1622110043045,60,1,185,11224.5852403168,-8931,223
1622110043085,1622110043105,20,0,36,1477.7259389777,-332,243
1622110043135,1622110043175,40,0,220,17946.5711600976,-187,196
1622110043305,1622110043555,250,20,714,40049.3574094041,-46310,311
1622110043565,1622110043615,50,6,221,9104.16925436371,-12791,169
1622110043655,1622110043695,40,1,61,3077.69798625055,-1432,147
1622110043885,1622110043905,20,0,34,1300.87040346811,-1,163
1622110043995,1622110044115,120,24,921,48363.8525532698,-45449,136
1622110044125,1622110044305,180,11,209,14579.7950266495,-8939,337
1622110044365,1622110044424,59,14,461,27276.2218338554,-21668,198
1622110044534,1622110044574,40,1,48,1348.16134796718,-1218,60
1622110044604,1622110044634,30,1,83,3292.52760254355,-1758,3
1622110045094,1622110045114,20,0,44,1494.35139998221,-1,237
1622110045214,1622110045244,30,9,585,-1.0,-37880,341
1622110045254,1622110045484,230,14,120,3468.45141721747,-2580,185
1622110045504,1622110045534,30,0,44,1445.88938514398,-872,250
1622110045884,1622110046034,150,1,1618,102492.1018239,-72247,23
1622110046473,1622110046513,40,3,149,6753.74789557385,-6447,227
1622110046803,1622110046823,20,4,536,33184.0165857072,-1,106
1622110046913,1622110046993,80,8,237,8596.76139195331,-11711,268
1622110047003,1622110047013,10,-1,31,2047.70221230466,-1,-1
1622110047113,1622110047133,20,0,34,1896.881536292,-223,270
1622110047333,1622110047373,40,3,127,4676.04708547215,-7874,188
1622110047423,1622110047483,60,2,40,796.311861231622,-683,284
1622110047503,1622110047513,10,-1,34,679.168629415705,-1,-1
1622110047573,1622110047912,339,29,232,14775.3999902221,-5960,80
1622110048022,1622110048112,90,15,446,30314.1648118627,-14596,308
1622110048172,1622110048202,30,2,141,12327.63958726,-8234,184
1622110048272,1622110048302,30,1,84,5589.98851362482,-4748,132
1622110048382,1622110048402,20,0,84,5204.06617834628,-1,57
1622110048532,1622110048602,70,5,727,5216.05271995467,-62191,275
1622110048752,1622110048822,70,12,504,19844.5540391476,-24331,203
1622110048942,1622110048962,20,0,49,2400.89416792227,-1,59
1622110049002,1622110049032,30,0,32,359.62557768886,-123,32
1622110049062,1622110049082,20,0,36,881.959219957327,-352,45
1622110049182,1622110049202,20,0,41,1578.7603938389,-1,310
1622110049521,1622110049551,30,1,81,4078.28731954478,-3352,185
1622110050091,1622110050441,350,24,1156,68168.0428655555,-53293,26
1622110050481,1622110050491,10,-1,33,1267.64514072135,-1,-1
1622110050501,1622110050751,250,24,172,4439.37722088766,-4162,256
1622110050801,1622110050911,110,9,678,51190.6097674846,-2116,91
1622110051000,1622110051160,159,8,570,31000.0275848091,-45970,331
1622110051180,1622110051420,240,22,160,4643.68434581763,-3336,248
1622110051450,1622110051470,20,0,51,2819.8432835019,-1,165
1622110051490,1622110051510,20,0,39,1828.3726608611,-1,77
1622110051520,1622110051710,190,13,115,3050.8568700181,-3916,72
1622110051830,1622110052090,260,29,607,26763.5098540041,-31258,321
1622110052100,1622110052190,90,5,84,4589.31539753474,-2567,146
1622110052200,1622110052240,40,1,44,1489.59204934476,-549,107
1622110052300,1622110052310,10,-1,32,552.246672786597,-1,-1
1622110052420,1622110052440,20,0,35,2365.72994329046,-415,150
1622110052490,1622110052620,130,5,62,1608.11701407207,-2107,262
1622110052679,1622110052689,10,-1,38,2671.63998082495,-1,-1
1622110052699,1622110052729,30,1,71,4361.34645938644,-797,110
1622110052849,1622110052889,40,9,467,-1.0,-19530,169
1622110052899,1622110053189,290,26,436,20323.7713678196,-17091,336
1622110053259,1622110053279,20,3,480,30734.1835732639,-1,87
1622110053369,1622110053429,60,12,394,14442.0315933785,-15476,257
1622110053439,1622110053449,10,-1,30,220.83565543049,-1,-1
1622110053469,1622110053479,10,-1,33,811.45464477772,-1,-1
1622110053529,1622110053539,10,-1,45,1827.81929773431,-1,-1
1622110053789,1622110053809,20,4,526,25840.462615357,-1,102
1622110053919,1622110053979,60,9,345,16783.5476013269,-16681,282
1622110053999,1622110054109,110,4,92,3706.29934110847,-1710,333
1622110054308,1622110054338,30,13,1599,96367.7091280757,-1,124
1622110054438,1622110054518,80,15,1037,13220.7804165657,-80823,271
1622110054558,1622110054578,20,0,43,3405.42001568804,-1,98
1622110054598,1622110054618,20,0,41,2121.07871247025,-800,116
1622110054748,1622110055008,260,7,432,39376.8123999881,-36475,255
1622110055398,1622110055518,120,5,91,3770.38214434617,-5563,54
1622110055698,1622110055708,10,-1,37,1266.92622950598,-1,-1
1622110055758,1622110055778,20,1,118,5704.83361238856,-1,97
1622110055868,1622110055977,109,11,206,6433.33115841626,-4385,261
1622110055997,1622110056027,30,1,66,2543.24776650137,-2947,238
1622110056047,1622110056077,30,0,41,1380.13331928448,-831,241
1622110056107,1622110056117,10,-1,30,644.229435536516,-1,-1
1622110056327,1622110056447,120,4,75,4006.99158123429,-1805,105
1622110056567,1622110056587,20,0,43,2193.84553458575,-1,275
1622110056777,1622110056797,20,13,1621,94568.4219428562,-1,116
1622110056907,1622110056977,70,11,466,29678.586636305,-24570,275
1622110057147,1622110057177,30,0,43,1000.65216527968,-680,270
1622110057217,1622110057537,320,23,1121,47885.169027237,-97954,346
1622110057846,1622110057886,40,2,86,5173.27837230605,-3305,212
1622110057976,1622110058196,220,20,596,29145.3873619675,-20963,155
1622110058856,1622110059086,230,34,1773,94779.9607426646,-105797,34
1622110059136,1622110059156,20,0,50,4757.96748491553,-445,8
1622110059176,1622110059425,249,24,389,25576.8498050339,-28673,258
1622110059435,1622110059525,90,5,407,30708.3013325899,-26644,264
1622110059555,1622110059565,10,-1,115,8927.16206276065,-1,-1
1622110059675,1622110059685,10,-1,501,-1.0,-1,-1
1622110059695,1622110059865,170,7,134,10659.1466166705,-8874,65
1622110059895,1622110060265,370,44,669,36996.821743975,-35255,194
1622110060275,1622110060335,60,9,211,9316.60470553085,-4705,28
1622110060355,1622110060655,300,34,547,22688.3674921195,-35408,13
1622110060665,1622110060735,70,1,222,21808.3881388415,-6854,190
1622110060745,1622110060854,109,8,128,6434.6609088241,-4923,245
1622110060864,1622110061144,280,8,426,19010.0335488809,-15857,46
1622110061464,1622110061544,80,4,114,4421.80721450012,-5471,134
1622110061564,1622110061624,60,2,55,3343.30147844631,-1048,129
1622110061634,1622110061664,30,4,198,11285.4014748591,-7621,200
1622110061704,1622110061734,30,1,98,5740.8476720996,-5209,70
1622110061804,1622110061834,30,1,60,2119.35915223117,-1765,279
1622110061874,1622110061884,10,-1,33,704.782088259246,-1,-1
1622110061934,1622110061954,20,2,308,16055.3138941912,-1,0
1622110062054,1622110062154,100,4,273,19867.9971047573,-13428,257
1622110062174,1622110062384,210,10,341,29224.6430849002,-14127,224
1622110062414,1622110062434,20,0,36,2005.55169978588,-661,209
1622110062464,1622110062584,120,6,373,19251.9869017108,-31383,119
1622110062693,1622110062743,50,0,111,4389.87423638728,-6368,153
1622110062753,1622110063043,290,5,1790,77330.484414468,-130179,225
1622110063053,1622110063143,90,4,54,1426.53040926189,-1871,84
1622110063173,1622110063183,10,-1,38,1193.7326178415,-1,-1
1622110063283,1622110063463,180,12,415,21616.9179483145,-35788,285
1622110063503,1622110063703,200,31,522,38574.4339062666,-16264,89
1622110063753,1622110064083,330,21,419,18121.5377163238,-17703,239
1622110064113,1622110064192,79,5,437,21327.351172971,-2053,114
1622110064302,1622110064442,140,21,1573,138525.454880776,-147770,26
1622110064452,1622110064842,390,14,767,69733.3531771642,-61248,232
1622110064852,1622110064872,20,1,114,9460.84904136389,-481,217
1622110064912,1622110064922,10,-1,35,2382.81101876548,-1,-1
1622110064962,1622110064992,30,0,43,1928.16034296187,-682,26
1622110065012,1622110065192,180,16,423,19553.8830898222,-16858,19
1622110065262,1622110065432,170,17,1234,87709.2483835653,-81340,216
1622110065452,1622110065622,170,9,84,4677.09209861491,-2734,318
1622110065632,1622110065801,169,15,534,35839.1944629298,-23649,90
1622110065831,1622110066001,170,10,290,21565.6109069336,-17163,280
1622110066011,1622110066141,130,7,208,11143.8836584836,-8651,23
1622110066151,1622110066201,50,1,58,1669.86379282274,-1797,91
1622110066461,1622110066491,30,0,180,13602.1495776344,-1,79
1622110066581,1622110066661,80,12,245,12215.5942891869,-10695,267
1622110066831,1622110066921,90,3,74,3222.61100859618,-3976,60
1622110066931,1622110066981,50,1,55,1934.38640183789,-1667,56
1622110067161,1622110067251,90,3,46,1026.94498308395,-1003,285
1622110067440,1622110067480,40,1,36,997.168931226572,-415,191
1622110067570,1622110067600,30,0,42,2014.43470995859,-368,104
1622110067630,1622110067680,50,1,53,2993.96906441383,-845,63
1622110067690,1622110067710,20,0,32,246.388840556774,-1,63
1622110068010,1622110068060,50,4,152,8265.9140226912,-6648,100
1622110068070,1622110068080,10,-1,30,206.342828971619,-1,-1
1622110068270,1622110068320,50,3,358,17851.0244450197,-23977,16
1622110068490,1622110068520,30,2,142,9391.89427677824,-4334,75
1622110068550,1622110068600,50,6,243,18637.0468576297,-13502,217
1622110068670,1622110068760,90,2,185,13985.0875615448,-9959,93
1622110068790,1622110068930,140,3,372,20463.9994181474,-18115,4
1622110069010,1622110069209,199,4,276,21711.4566567384,-21006,248
1622110069249,1622110069299,50,6,324,17099.4870435103,-16563,49
1622110069499,1622110069549,50,1,314,22661.3918069998,-24010,137
1622110069559,1622110069599,40,4,197,9362.71367283638,-9565,260
1622110069609,1622110069739,130,2,322,18362.5119567451,-18530,60
1622110069829,1622110070169,340,2,385,23037.1547253523,-23927,54
1622110070199,1622110070209,10,-1,34,2912.76546099087,-1,-1
1622110070219,1622110070269,50,1,532,45272.9831397232,-14047,255
1622110070359,1622110070669,310,8,495,28660.0436597952,-18214,227
1622110070808,1622110071008,200,11,456,25014.0122024772,-27344,205
1622110071058,1622110071088,30,0,51,2530.23490373472,-1914,261
1622110071108,1622110071158,50,2,74,3317.88784862441,-1567,184
1622110071168,1622110071178,10,-1,41,3456.39595117237,-1,-1
1622110071218,1622110071258,40,1,42,2364.1566477714,-676,186
1622110071268,1622110071288,20,0,34,695.076437090961,-1,215
1622110071308,1622110071328,20,0,38,1003.10339201759,-323,228
1622110071378,1622110071398,20,0,38,1341.59025413296,-326,229
1622110071418,1622110071428,10,-1,40,2880.74492559134,-1,-1
1622110071518,1622110071618,100,12,1010,18665.5585369597,-66601,106
1622110071638,1622110071668,30,0,34,2224.87165502872,-146,315
1622110071748,1622110071788,40,0,90,7762.41366275764,-3104,213
1622110071818,1622110071828,10,-1,49,3137.63750012218,-1,-1
1622110071838,1622110071918,80,4,76,3240.94943839491,-1783,298
1622110071948,1622110071978,30,3,152,8190.96284368701,-4596,109
1622110071988,1622110072028,40,2,76,5296.96501984953,-2114,286
1622110072058,1622110072078,20,0,40,841.776975763501,-1,277
1622110072088,1622110072168,80,2,481,35173.8724617619,-25884,64
1622110072178,1622110072367,189,38,619,43283.359649987,-30039,224
1622110072377,1622110072467,90,12,294,15389.927217209,-13541,4
1622110072877,1622110072887,10,-1,36,748.97325188686,-1,-1
1622110072897,1622110073157,260,36,503,27580.2205828984,-14359,51
1622110073177,1622110073217,40,1,46,1857.9154564946,-897,201
1622110073437,1622110073457,20,1,200,14002.7561385657,-1,201
1622110073467,1622110073487,20,1,199,19269.3466936009,-13212,18
1622110073497,1622110073567,70,1,281,20234.1122175927,-18455,53
1622110073587,1622110073617,30,0,37,895.750657643027,-581,113
1622110073677,1622110073857,180,8,73,2212.45842157431,-1610,256
1622110073927,1622110073977,50,1,43,988.421567586952,-572,17
1622110074046,1622110074126,80,10,399,23085.5998528728,-20492,189
1622110074136,1622110074146,10,-1,38,1578.05053122282,-1,-1
1622110074246,1622110074266,20,0,37,1254.21503884736,-1,32
1622110074286,1622110074296,10,-1,33,1741.27667130026,-1,-1
1622110074416,1622110074536,120,7,339,24789.2389513605,-21349,351
1622110074546,1622110074566,20,1,102,7389.4796598011,-1,275
1622110074576,1622110074586,10,-1,38,1100.47044618777,-1,-1
1622110074606,1622110074876,270,32,1010,35746.4806588367,-56180,234
1622110074906,1622110075036,130,8,130,6655.22733709163,-5382,49
1622110075046,1622110075076,30,0,35,436.39016316592,-503,58
1622110075106,1622110075126,20,0,42,1876.29686764029,-1257,36
1622110075416,1622110075466,50,1,37,359.000480098772,-299,347
1622110075476,1622110075566,90,28,627,49069.8866887276,-21040,134
1622110075576,1622110075606,30,0,43,1163.61430673859,-130,343
1622110075635,1622110075665,30,0,35,580.324865989762,-356,318
1622110075905,1622110075995,90,20,584,31076.0270557969,-19089,55
1622110076015,1622110076035,20,0,64,4382.07591841974,-2382,295
1622110076045,1622110076075,30,1,65,3001.46937542698,-2446,299
1622110076085,1622110076115,30,0,40,763.968711412399,-776,330
1622110076185,1622110076235,50,0,160,13037.9250660728,-9433,45
1622110076285,1622110076395,110,3,474,42751.0240318256,-14219,239
1622110076945,1622110077115,170,48,1274,75865.709120915,-68842,238
1622110077125,1622110077195,70,2,39,2821.49035757479,-165,9
1622110077235,1622110077284,49,21,2262,113697.939765958,-171164,90
1622110077694,1622110077854,160,12,365,17132.6809520919,-9398,38
1622110077894,1622110078114,220,30,1393,59186.536251571,-81335,212
1622110078154,1622110078244,90,4,422,21690.3170201332,-32557,335
1622110078264,1622110078334,70,3,455,27696.6972457489,-422,49
1622110078434,1622110078524,90,4,162,6692.25256146746,-10594,337
1622110078554,1622110078584,30,0,48,1594.15247265036,-1765,273
1622110078594,1622110078664,70,9,289,11980.5021610727,-10709,72
1622110078674,1622110078714,40,1,49,2567.2725549826,-1155,247
1622110078764,1622110078943,179,4,485,17999.1304887825,-35134,271
1622110078953,1622110079243,290,2,366,28620.8744331402,-23035,203
1622110079253,1622110079273,20,0,50,2173.69814106102,-1708,260
1622110079323,1622110079383,60,1,315,25747.1222343024,-21359,169
1622110079483,1622110079503,20,0,35,935.482505058287,-448,254
1622110079513,1622110079523,10,-1,31,269.785754798305,-1,-1
1622110079573,1622110079643,70,1,418,25838.9053135476,-32123,45
1622110079683,1622110079743,60,8,203,13851.0194050813,-8026,60
1622110079753,1622110079793,40,2,166,8876.18829315681,-1372,239
1622110079863,1622110079893,30,1,89,3553.79441188508,-4080,160
1622110079903,1622110079953,50,1,87,2146.33875319134,-4929,267
1622110080073,1622110080213,140,0,454,28544.4199230992,-18802,14
1622110080263,1622110080293,30,3,164,11510.8473367715,-2264,69
1622110080303,1622110080592,289,3,244,17175.0844070287,-13382,224
1622110080672,1622110080692,20,1,197,13978.1857200269,-1,182
1622110080702,1622110080792,90,1,205,19260.5181537519,-16918,336
1622110080872,1622110080892,20,0,48,2057.49586346331,-1,275
1622110080932,1622110080972,40,0,209,17518.5015675599,-11362,273
1622110080982,1622110080992,10,-1,41,3058.97662803072,-1,-1
1622110081002,1622110081022,20,0,51,3631.3259526867,-1130,284
1622110081062,1622110081122,60,2,263,12334.8145315302,-14310,145
1622110081142,1622110081202,60,0,132,6759.32145370285,-4976,336
1622110081212,1622110081222,10,-1,80,5387.70261612585,-1,-1
1622110081272,1622110081322,50,0,189,12202.6495464706,-13782,265
1622110081382,1622110081392,10,-1,33,1498.06158103861,-1,-1
1622110081502,1622110081702,200,5,441,24742.1603752575,-22070,304
1622110081722,1622110081792,70,2,328,27049.3680500384,-15983,164
1622110081822,1622110081882,60,0,256,19678.5713192882,-14170,162
1622110082012,1622110082022,10,-1,33,1226.33928428149,-1,-1
1622110082082,1622110082092,10,-1,30,1548.37720079451,-1,-1
1622110082181,1622110082201,20,0,34,775.092067657754,-191,82
1622110082241,1622110082251,10,-1,33,776.546463507904,-1,-1
1622110082261,1622110082331,70,17,444,19822.9984858059,-13572,280
1622110082351,1622110082371,20,0,45,2601.69064119414,-441,90
1622110082631,1622110082731,100,21,353,15019.3625169676,-18199,192
1622110082741,1622110082771,30,0,36,909.511049730718,-451,45
1622110082781,1622110082801,20,0,40,720.316205088469,-1,49
1622110083301,1622110083431,130,28,570,21332.9804601147,-22663,26
1622110083441,1622110083461,20,0,40,1178.34981771837,-508,246
1622110083491,1622110083511,20,0,60,4237.09398683078,-2061,233
1622110083571,1622110083591,20,0,41,1400.75413154303,-1,116
1622110083601,1622110083761,160,10,501,34373.9447763216,-40985,165
1622110083771,1622110083820,49,1,41,1596.99294607722,-801,22
1622110083840,1622110083900,59,3,304,27041.074044951,-25213,67
1622110083910,1622110083930,20,1,227,20383.9680898729,-11554,240
1622110083940,1622110083970,30,2,117,6486.61853427624,-6396,56
1622110084040,1622110084060,20,5,625,35993.21000585,-1,82
1622110084150,1622110084310,160,16,562,24744.9447918324,-27069,268
1622110084490,1622110084500,10,-1,32,1126.96504994297,-1,-1
1622110084520,1622110084640,120,6,495,32037.9979891138,-45254,129
1622110084770,1622110084930,160,12,325,24501.3891199547,-17727,274
1622110084940,1622110085010,70,0,313,30531.0243435182,-12288,273
1622110085050,1622110085100,50,1,198,16278.2775289164,-10877,254
1622110085110,1622110085170,60,1,213,18432.3157277904,-13173,258
1622110085180,1622110085230,50,0,222,20038.113922155,-13642,233
1622110085240,1622110085320,80,1,335,21835.4797888023,-18850,214
1622110085559,1622110085609,50,0,229,16712.9459432881,-14471,60
1622110085649,1622110085849,200,6,430,29852.8271614789,-19281,78
1622110085979,1622110086179,200,13,430,27054.376119961,-31814,266
1622110086279,1622110086309,30,3,177,12342.0879217358,-4995,54
1622110086319,1622110086389,70,4,266,19393.566566656,-18726,239
1622110086499,1622110086519,20,0,38,2959.85151555136,-1,327
1622110086529,1622110086549,20,0,44,2589.92145377734,-859,110
1622110086589,1622110086619,30,0,38,1120.19052740923,-362,233
1622110086649,1622110086659,10,-1,33,708.486845174678,-1,-1
1622110086789,1622110086849,60,9,258,4178.19795784135,-10269,279
1622110086879,1622110086899,20,1,67,5340.88798770548,-1041,267
1622110086909,1622110086939,30,1,59,2472.62290353735,-2243,72
1622110087118,1622110087128,9,-1,30,1622.04296510758,-1,-1
1622110087268,1622110087288,20,2,438,28912.7388601944,-1,82
1622110087388,1622110087448,60,11,385,12309.9320668835,-22082,268
1622110087868,1622110088038,170,0,400,25337.287999883,-30866,122
1622110088048,1622110088068,20,0,32,1788.08439249403,-1,225
1622110088118,1622110088138,20,0,46,2841.03899685122,-1,85
1622110088148,1622110088228,80,0,178,13790.905852459,-12510,116
1622110088288,1622110088298,10,-1,38,2287.74222874095,-1,-1
1622110088308,1622110088378,70,0,219,16474.7505956307,-16739,341
1622110088448,1622110088568,120,0,184,12339.498326779,-11254,180
1622110088718,1622110088747,29,2,144,8156.67128073824,-5906,66
1622110088797,1622110088927,130,13,499,20578.0943516532,-38071,193
1622110088937,1622110088957,20,2,447,33413.6463629606,-1,92
1622110089047,1622110089127,80,15,384,25224.1090755095,-12486,279
1622110089177,1622110089267,90,2,234,15296.6397491068,-11306,168
1622110089467,1622110089537,70,14,586,41263.0356332,-29954,359
1622110089657,1622110089867,210,0,604,51859.5627593118,-54567,338
1622110090027,1622110090037,10,-1,42,1740.91184829872,-1,-1
1622110090047,1622110090057,10,-1,40,1270.88184015002,-1,-1
1622110090067,1622110090077,10,-1,171,14368.0777782276,-1,-1
1622110090177,1622110090337,160,3,544,27314.3318315734,-50667,160
1622110090347,1622110090456,109,5,81,3543.63614916509,-1819,101
1622110090546,1622110090586,40,1,53,2593.93027432864,-1389,193
1622110090776,1622110090796,20,1,107,5763.23644121311,-1,78
1622110090916,1622110090986,70,6,395,16016.6764360832,-15311,270
1622110091466,1622110091586,120,10,419,24691.0420449031,-11344,257
1622110092275,1622110092305,30,1,58,-1.0,-7,346
1622110092515,1622110092535,20,0,49,3447.39896965161,-1,85
1622110092545,1622110092555,10,-1,51,2261.43722121107,-1,-1
1622110092575,1622110092585,10,-1,35,967.765890706528,-1,-1
1622110093045,1622110093075,30,4,180,2029.29642951666,-8274,201
1622110093165,1622110093215,50,1,146,10844.2918862435,-7487,92
1622110093285,1622110093315,30,1,64,3277.65080854668,-3271,275
1622110093914,1622110093924,10,-1,36,2607.27540181908,-1,-1
1622110093964,1622110093974,10,-1,31,1045.93841899951,-1,-1
1622110096603,1622110096633,30,5,467,-1.0,-22190,330
1622110097412,1622110097682,270,16,644,35716.5206357966,-44903,201
1622110097752,1622110097822,70,4,111,3677.3570751252,-4302,202
1622110098352,1622110098362,10,-1,43,1372.11758638933,-1,-1
1622110098422,1622110098462,40,7,774,45285.9669465915,-1,148
1622110098621,1622110098901,280,15,1249,7216.44099927842,-92265,354
1622110098911,1622110098921,10,-1,30,728.2022131184,-1,-1
1622110098991,1622110099071,80,7,242,10767.3739599888,-9273,173
1622110099081,1622110099111,30,1,80,5937.67048023945,-4381,291
1622110099141,1622110099211,70,1,61,4726.22864054075,-1631,341
1622110099331,1622110099351,20,0,36,1035.96122123102,-325,299
1622110099391,1622110099441,50,8,254,13010.3462298184,-11380,353
1622110099511,1622110099541,30,6,278,22804.7194123886,-1174,123
1622110099551,1622110099581,30,1,50,2255.11588461918,-10,332
1622110099691,1622110099921,230,11,467,18628.6727509532,-23165,191
1622110099931,1622110099961,30,3,207,17959.7842018675,-13489,323
1622110100220,1622110100250,30,2,106,5582.696015778,-3832,222
1622110100270,1622110100280,10,-1,42,2118.29681353692,-1,-1
1622110100450,1622110100470,20,0,49,2636.43303563176,-310,51
1622110100490,1622110100510,20,0,73,2635.45182180396,-1,90
1622110100870,1622110101040,170,21,587,38606.6780461422,-29292,162
1622110101070,1622110101080,10,-1,41,3309.77490850322,-1,-1
1622110101110,1622110101120,10,-1,33,1233.05343499721,-1,-1
1622110101150,1622110101170,20,0,44,2917.09494815764,-1,0
1622110101180,1622110101210,30,4,223,12611.7159084043,-1,35
1622110101300,1622110101350,50,5,224,8272.58819226927,-12620,342
1622110101360,1622110101370,10,-1,47,2324.9793256641,-1,-1
1622110101919,1622110101989,70,7,261,14425.1315925788,-8732,198
1622110102039,1622110102069,30,5,678,44014.2116516806,-1,67
1622110102199,1622110102289,90,6,446,4960.32829634778,-23998,261
1622110102299,1622110102319,20,0,42,1437.35089024084,-749,274
1622110102329,1622110102369,40,1,53,2191.16166353372,-1785,121
1622110102379,1622110102449,70,5,162,6991.7731679345,-6578,219
1622110102519,1622110102529,10,-1,30,366.56998852278,-1,-1
1622110102719,1622110102759,40,2,215,14545.7532193658,-2161,47
1622110102879,1622110102939,60,5,408,20403.0325440521,-35669,11
1622110102949,1622110102979,30,2,371,24528.6683709487,-1,34
1622110102989,1622110103039,50,0,360,34253.6461127707,-31433,155
1622110103049,1622110103059,10,-1,78,5612.74845413047,-1,-1
1622110103089,1622110103099,10,-1,35,3046.93993493923,-1,-1
1622110103129,1622110103139,10,-1,36,777.323388514658,-1,-1
1622110103309,1622110103319,10,-1,36,1035.7856060522,-1,-1
1622110103369,1622110103528,159,27,677,17841.2911107666,-18575,137
1622110103618,1622110103638,20,0,62,3837.86085653817,-3157,343
1622110103658,1622110103678,20,0,37,2915.89740047796,-325,335
1622110103708,1622110103728,20,0,53,3250.25526342525,-1558,325
1622110103748,1622110103758,10,-1,34,609.02690986081,-1,-1
1622110103828,1622110103848,20,0,43,2713.27614917241,-1299,321
1622110103958,1622110103988,30,7,588,30073.9155915567,-1,331
1622110104098,1622110104328,230,17,526,15163.5539583362,-27662,172
1622110104378,1622110104408,30,0,41,943.8858358673,-386,307
1622110104448,1622110104498,50,13,563,37553.1417475984,-34526,7
1622110104568,1622110104588,20,0,45,2599.29981727899,-557,210
1622110104688,1622110104728,40,3,145,7103.85279558806,-6105,197
1622110104868,1622110104878,10,-1,33,2795.29467327697,-1,-1
1622110104888,1622110104908,20,3,446,26333.66102055,-1,80
1622110105197,1622110105627,430,38,624,34898.3508898199,-30827,258
1622110105637,1622110105887,250,22,141,7217.61450081117,-5728,49
1622110105917,1622110105947,30,1,52,1748.55576040945,-2031,81
1622110105967,1622110105977,10,-1,42,1824.28420818949,-1,-1
1622110106057,1622110106187,130,12,424,20414.6055973625,-19076,206
1622110106197,1622110106237,40,0,189,13081.5224053327,-235,82
1622110106327,1622110106397,70,12,535,41053.8077737947,-33317,282
1622110106417,1622110106437,20,0,34,855.634173796684,-1,29
1622110106447,1622110106627,180,13,543,27476.406154392,-23552,220
1622110106687,1622110106777,90,4,69,2479.43069853887,-1952,43
1622110106787,1622110106946,159,16,151,3846.60922443896,-3829,266
1622110107106,1622110107416,310,28,515,27655.3597736587,-41328,141
1622110107466,1622110107746,280,41,278,4594.64157361783,-6695,269
1622110107766,1622110107896,130,11,175,6943.98027984987,-7196,72
1622110108016,1622110108026,10,-1,44,1965.64395871009,-1,-1
1622110108036,1622110108046,10,-1,53,2966.59786265625,-1,-1
1622110108146,1622110108206,60,10,494,4135.88378930083,-24288,256
1622110108326,1622110108475,149,12,122,2720.17603796402,-5081,358
1622110108485,1622110108545,60,2,68,3776.24303986156,-1582,146
1622110108685,1622110108755,70,8,1375,102602.143429271,-711,112
1622110108845,1622110109005,160,29,1149,37890.4795986985,-41741,334
1622110109015,1622110109025,10,-1,35,1024.51292979094,-1,-1
1622110109095,1622110109125,30,3,162,11301.7568610671,-10332,193
1622110109175,1622110109195,20,0,43,1506.07214619301,-576,33
1622110109405,1622110109455,50,1,39,1425.58723272723,-438,60
1622110109485,1622110109535,50,1,45,1575.87454912327,-697,61
1622110109605,1622110109705,100,14,268,6154.08435628384,-595,262
1622110109855,1622110109885,30,1,63,1197.37347818741,-2447,78
1622110110084,1622110110124,40,4,160,10124.866306548,-5046,198
1622110110264,1622110110344,80,5,179,1893.06152226601,-8735,78
1622110110374,1622110110424,50,3,87,2240.96260806972,-2445,274
1622110110744,1622110110874,130,25,907,53165.3748990681,-35196,32
1622110110944,1622110110954,10,-1,63,4300.37956470683,-1,-1
1622110110964,1622110111104,140,4,258,21440.7893855335,-15771,237
1622110111114,1622110111144,30,1,51,2047.65199973422,-1205,125
1622110111154,1622110111214,60,2,214,12582.7515453907,-10576,78
1622110111224,1622110111304,80,1,172,16739.0296585354,-6183,255
1622110111334,1622110111344,10,-1,30,367.760684442471,-1,-1
1622110111394,1622110111893,499,19,826,43859.9605538829,-31118,19
1622110111903,1622110112203,300,28,638,34460.6713737716,-44364,210
1622110112213,1622110112233,20,0,33,1355.19555332101,-1,48
1622110112243,1622110112363,120,9,119,6425.64231455725,-2458,84
1622110112403,1622110112483,80,5,100,3770.59771619876,-3538,245
1622110112553,1622110113023,470,27,1121,43458.2825378118,-85191,210
1622110113123,1622110113283,160,25,507,20375.635679585,-28655,9
1622110113323,1622110113752,429,9,748,60578.5438123692,-63207,107
1622110113782,1622110114192,410,15,600,34058.9491860103,-25014,86
1622110114272,1622110114402,130,26,648,31715.658062688,-4981,224
1622110114492,1622110114792,300,24,311,21026.6149556671,-11160,36
1622110115131,1622110115641,510,5,1699,125351.579540106,-161991,186
1622110115651,1622110115681,30,1,50,1910.92813001523,-1985,162
1622110115731,1622110115741,10,-1,33,699.968104999203,-1,-1
1622110115791,1622110115801,10,-1,37,997.288794507838,-1,-1
1622110115811,1622110115841,30,1,53,1558.94981024547,-2026,259
1622110115971,1622110116131,160,6,253,17162.2718741278,-14395,27
1622110116301,1622110116311,10,-1,32,557.077626668562,-1,-1
1622110116331,1622110116351,20,1,67,3704.04053327992,-1,257
1622110116371,1622110116451,80,3,189,5759.80052867614,-12638,253
1622110116471,1622110116591,120,4,1568,61712.0291038967,-144518,259
1622110116900,1622110117010,110,8,307,4832.31939381311,-11161,187
1622110117090,1622110117100,10,-1,31,415.627276212153,-1,-1
1622110117110,1622110117150,40,3,143,5699.06059088154,-100,141
1622110117160,1622110117200,40,2,213,12237.771301296,-2269,13
1622110117460,1622110117570,110,3,739,70773.32572197,-66184,65
1622110117910,1622110117920,10,-1,113,-1.0,-1,-1
1622110117930,1622110118050,120,12,302,29527.9384309199,-18169,90
1622110118080,1622110118090,10,-1,49,2186.95503145588,-1,-1
1622110118150,1622110118210,60,8,280,17275.0594608129,-11148,229
1622110118220,1622110118240,20,0,34,1503.24021528849,-30,60
1622110118669,1622110118749,80,10,417,27161.5968332425,-24503,174
1622110118909,1622110119059,150,2,1414,76941.606208888,-101317,80
1622110119109,1622110119189,80,3,56,1919.63202855042,-745,276
1622110119319,1622110119609,290,14,584,48343.9708953313,-45928,9
1622110119629,1622110119689,60,4,506,24801.7263967639,-47609,138
1622110119729,1622110119749,20,0,37,2901.57230189342,-1,149
1622110119789,1622110119869,80,26,567,34586.5593115074,-22201,188
1622110119898,1622110120008,109,5,60,4395.38441195084,-1610,334
1622110120018,1622110120208,190,16,133,8337.66886058118,-6005,349
1622110120218,1622110120298,80,5,169,8556.31080917931,-6186,231
1622110120518,1622110120678,160,8,568,27752.8747164795,-50124,177
1622110120778,1622110120798,20,7,310,27598.1993817735,-1,248
1622110120818,1622110120868,50,1,190,8338.32631140156,-873,126
1622110120958,1622110121208,250,20,337,15814.5037966167,-15129,165
1622110121228,1622110121238,10,-1,30,44.8031905034306,-1,-1
1622110121527,1622110121627,100,5,194,11166.2864746796,-7146,206
1622110121787,1622110121827,40,6,244,15973.1330180667,-15688,54
1622110121867,1622110122067,200,8,65,1563.2670402404,-1568,260
1622110122077,1622110122107,30,1,58,2553.18686098044,-2005,277
1622110122237,1622110122267,30,1,54,2039.19925522436,-1341,62
1622110122507,1622110122547,40,1,49,890.006899513233,-1457,301
1622110122807,1622110122827,20,0,39,1041.84337874682,-832,296
1622110123157,1622110123196,39,2,60,2863.42463563222,-2904,288
1622110123226,1622110123266,40,1,31,1524.59134188642,-10,268
1622110123476,1622110123506,30,1,58,1971.87792976304,-2520,229
1622110123706,1622110123726,20,0,47,4459.13425077421,-1615,291
1622110123766,1622110123796,30,2,118,7158.419827381,-3504,104
1622110123836,1622110123866,30,5,244,14532.9220290638,-17587,266
1622110123876,1622110123916,40,1,42,1114.05969810976,-906,193
1622110124056,1622110124096,40,13,580,28017.6202725419,-29592,96
1622110124126,1622110124176,50,10,394,26472.2541457418,-24399,259
1622110124826,1622110124855,29,1,83,5078.62467836544,-1892,52
1622110124895,1622110125045,150,8,141,5937.22104753587,-6053,355
1622110125055,1622110125135,80,4,94,6728.23945053241,-3819,344
1622110125145,1622110125155,10,-1,36,1791.35637012903,-1,-1
1622110125165,1622110125175,10,-1,31,1059.45071690243,-1,-1
1622110125195,1622110125205,10,-1,35,875.607975011944,-1,-1
1622110125225,1622110125245,20,0,51,2544.21824317134,-1654,328
1622110125265,1622110125355,90,2,159,10771.3157679868,-7952,118
1622110125365,1622110125405,40,4,145,6540.32005158491,-6297,294
1622110125445,1622110125465,20,0,56,1810.11991831175,-1,168
1622110126694,1622110126744,50,5,308,17247.0871995038,-328,92
1622110126964,1622110127194,230,15,130,8134.50119828979,-6168,162
1622110127204,1622110127244,40,1,39,889.500301765766,-543,128
1622110127484,1622110127494,10,-1,41,1246.51165020984,-1,-1
1622110127534,1622110127714,180,13,109,2861.91870969202,-3435,6
1622110127724,1622110127764,40,2,102,4008.95766969497,-1,50
1622110127774,1622110127784,10,-1,52,2374.03533832419,-1,-1
1622110127794,1622110127804,10,-1,79,5961.28960130243,-1,-1
1622110127814,1622110128523,709,41,616,46591.6743122567,-29666,145
1622110128563,1622110128613,50,1,64,2294.54781569443,-1777,324
1622110128693,1622110128713,20,0,53,3103.18816187807,-998,270
1622110128753,1622110128773,20,0,33,979.040983988821,-162,29
1622110128803,1622110128823,20,7,1119,74853.0581407984,-1,118
1622110128923,1622110128993,70,11,498,8202.76060091855,-23035,287
1622110129073,1622110129083,10,-1,33,2280.86231218925,-1,-1
1622110129203,1622110129263,60,5,207,9875.35599215041,-8932,312
1622110129463,1622110129483,20,0,37,1480.69229970821,-1,296
1622110129543,1622110129583,40,7,334,14691.1825742704,-162,89
1622110129673,1622110129713,40,2,90,1.51608039688256,-7,270
1622110129733,1622110129752,19,0,90,8717.69168003736,-1848,278
1622110130042,1622110130082,40,3,154,9225.66874089697,-7687,113
1622110130512,1622110130672,160,6,70,1541.13138590341,-1097,154
1622110130682,1622110130712,30,2,136,9144.07597312235,-7535,342
1622110131122,1622110131142,20,0,48,2897.98578026362,-528,180
1622110131152,1622110131172,20,2,369,21499.1610703186,-1,17
1622110131262,1622110131611,349,22,500,7374.88079704093,-18375,173
1622110131701,1622110131971,270,31,670,46945.56351288,-57678,268
1622110131981,1622110132171,190,24,299,27750.1135328458,-12065,117
1622110132241,1622110132401,160,22,192,4722.05572920199,-9926,272
1622110132451,1622110132651,200,17,139,4659.26593777693,-5326,66
1622110132661,1622110132941,280,11,336,19122.8333813677,-16346,168
1622110133030,1622110133160,130,9,576,27414.5181138448,-829,71
1622110133260,1622110133300,40,9,522,-1.0,-17866,202
1622110133310,1622110133580,270,24,204,11173.7139013543,-8897,19
1622110133310,1622110133580,270,24,204,11173.7139013543,-8897,19
1622110133590,1622110133670,80,4,70,3659.91010451848,-2514,269
1622110133690,1622110133820,130,8,111,3677.8176863582,-2195,280
1622110133970,1622110133990,20,0,38,2063.94053461656,-1,280
1622110134040,1622110134070,30,2,418,31387.6186560004,-1,66
1622110134180,1622110134260,80,9,254,16632.1149767381,-8161,271
1622110134270,1622110134320,50,1,52,1834.34857832467,-1506,259
1622110134340,1622110134360,20,0,59,3594.1930469576,-2411,243
1622110134590,1622110134610,20,3,351,18059.1551442764,-1,90
1622110134699,1622110134769,70,2,137,3996.49219496599,-5774,229
1622110134889,1622110134899,10,-1,31,1621.64955405842,-1,-1
1622110135099,1622110135159,60,6,228,10248.2028036631,-8169,314
1622110135339,1622110135349,10,-1,30,2430.45429409563,-1,-1
1622110135409,1622110135419,10,-1,34,836.941275883709,-1,-1
1622110135879,1622110135919,40,1,66,2092.96380871251,-2196,240
1622110136129,1622110136139,10,-1,728,71292.5343077039,-1,-1
1622110136239,1622110136388,149,7,453,12375.8537482738,-35535,261
1622110136448,1622110136498,50,1,57,2951.05630508768,-1004,262
1622110136528,1622110136548,20,0,46,2125.6674335933,-1,260
1622110136708,1622110136748,40,8,356,14618.0046711996,-235,98
1622110136848,1622110136938,90,8,434,9510.80145667375,-33462,265
1622110137428,1622110137448,20,2,410,29244.6966718591,-1,78
1622110137558,1622110137638,80,9,209,15770.9856911578,-4869,272
1622110137668,1622110137678,10,-1,33,1639.80803949046,-1,-1
1622110137997,1622110138037,40,4,193,8874.13565613994,-8943,288
1622110138347,1622110138387,40,8,333,16927.2437752117,-15748,75
1622110138577,1622110138777,200,9,346,23590.3201351501,-16296,295
1622110138797,1622110138817,20,0,32,291.420769750753,-137,128
1622110138857,1622110138887,30,0,43,919.823388226176,-1066,130
1622110138907,1622110138947,40,11,527,22222.2066427739,-24671,166
1622110139237,1622110139277,40,3,164,9354.80089169062,-6924,334
1622110139467,1622110139507,40,10,412,20112.1025033432,-21538,134
1622110139566,1622110139646,79,1,191,16059.1877552707,-10273,303
1622110139686,1622110139756,70,11,276,14539.1214792495,-6871,298
1622110140176,1622110140186,10,-1,30,517.118715206475,-1,-1
1622110140216,1622110140266,50,7,251,14640.6893858098,-12898,26
1622110140346,1622110140386,40,0,75,5518.59064778268,-2917,53
1622110140526,1622110140616,90,8,390,21820.8932667176,-24121,108
1622110140636,1622110140736,100,4,364,24108.1921281047,-28612,317
1622110140746,1622110140776,30,2,176,15000.9276548073,-9591,319
1622110140906,1622110140936,30,3,155,11827.147164104,-2943,70
1622110140946,1622110141086,140,3,415,21184.5325049952,-21469,248
1622110141116,1622110141225,109,0,206,16860.3150484545,-10785,285
1622110141435,1622110141485,50,0,215,17714.7604010862,-8037,147
1622110141535,1622110141595,60,17,495,28979.1985243739,-15784,227
1622110141755,1622110141775,20,0,40,1540.4592311296,-1016,84
1622110141815,1622110141935,120,4,52,1111.6167986207,-1473,101
1622110141945,1622110141955,10,-1,30,108.38010325871,-1,-1
1622110141985,1622110142045,60,3,535,31410.8067023529,-12832,108
1622110142135,1622110142155,20,0,56,-1.0,-346,5
1622110142165,1622110142215,50,2,108,9369.86121488352,-4059,271
1622110142425,1622110142455,30,3,158,11691.762115979,-3497,56
1622110142465,1622110142495,30,3,169,12812.6023249957,-3763,227
1622110142675,1622110142685,10,-1,31,1052.07778223458,-1,-1
1622110142695,1622110142735,40,4,200,12010.5691348129,-11787,53
1622110142755,1622110142765,10,-1,31,2396.96231350292,-1,-1
1622110142775,1622110143034,259,22,540,24862.5391347753,-29653,222
1622110143204,1622110143244,40,3,134,7208.03912214526,-5580,138
1622110143284,1622110143314,30,0,37,1718.45855790647,-444,45
1622110143434,1622110143464,30,1,50,1749.32925363509,-1160,29
1622110143484,1622110143494,10,-1,32,805.162189359464,-1,-1
1622110143744,1622110143794,50,0,299,22936.226382539,-16377,42
1622110143804,1622110143824,20,0,73,3281.03280109729,-1,85
1622110143954,1622110144034,80,4,258,7032.46972776345,-16100,293
1622110144104,1622110144124,20,0,99,5471.62680387201,-1,233
1622110144194,1622110144234,40,4,420,38974.6635953136,-24090,230
1622110144324,1622110144424,100,1,259,20195.3709525745,-18869,62
1622110144444,1622110144493,49,6,253,19395.3780634401,-17938,61
1622110144533,1622110144563,30,4,236,19885.8117503386,-19523,235
1622110144613,1622110144683,70,2,577,35293.7093601095,-41298,248
1622110144883,1622110144903,20,0,44,1614.16115748575,-1,200
1622110144963,1622110144973,10,-1,35,1000.49181794315,-1,-1
1622110145403,1622110145643,240,2,427,36306.1019851769,-35013,52
1622110145683,1622110145703,20,0,58,4259.54447974455,-1,243
1622110145713,1622110145723,10,-1,31,338.432435498438,-1,-1
1622110146162,1622110146332,170,27,577,31315.4412974893,-16762,341
1622110146422,1622110146662,240,28,652,40355.5954084453,-35646,167
1622110146672,1622110146712,40,2,112,8042.6160191377,-4223,95
1622110146742,1622110146762,20,0,38,1569.59433191987,-700,180
1622110146802,1622110146842,40,1,86,3948.12794445205,-3058,184
1622110147022,1622110147072,50,1,58,1851.95323807972,-1889,240
1622110147102,1622110147282,180,3,497,26213.6458647745,-22753,188
1622110147552,1622110147592,40,1,38,1052.72598404482,-530,79
1622110147722,1622110147752,30,1,73,3716.25268466668,-1960,284
1622110148171,1622110148201,30,1,68,4440.14237907683,-3279,68
1622110148311,1622110148421,110,3,55,1538.24477390171,-1296,86
1622110148661,1622110148701,40,1,51,2637.60111168645,-171,258
1622110148921,1622110148941,20,1,140,6509.27836446406,-1,81
1622110149031,1622110149051,20,1,107,3329.63682209375,-1,265
1622110149061,1622110149101,40,4,181,9482.09714249299,-7087,261
1622110149161,1622110149201,40,1,33,480.588020915999,-259,87
1622110149261,1622110149331,70,1,195,14202.6413395835,-10119,82
1622110149381,1622110149391,10,-1,31,2040.96613896225,-1,-1
1622110149760,1622110149810,50,0,201,17431.7336261835,-11792,307
1622110149940,1622110149950,10,-1,34,804.507205107594,-1,-1
1622110150160,1622110150180,20,0,37,1646.00609776801,-684,305
1622110150200,1622110150250,50,5,209,11500.153686651,-9749,185
1622110150390,1622110150480,90,12,417,20623.0090102835,-18867,13
1622110150610,1622110150620,10,-1,31,503.869343063883,-1,-1
1622110150660,1622110150850,190,13,790,37665.8232439677,-43738,172
1622110150950,1622110150960,10,-1,40,1468.33188360577,-1,-1
1622110151010,1622110151030,20,0,37,624.777740671143,-1,284
1622110151149,1622110151189,40,1,57,2066.41888809418,-1725,84
1622110151469,1622110151529,60,7,344,18344.5936222529,-18692,122
1622110151649,1622110151889,240,4,248,16048.378245989,-11651,313
1622110151929,1622110151959,30,1,55,1854.29415612372,-1298,332
1622110151979,1622110151999,20,0,34,650.972353873731,-265,0
1622110152039,1622110152339,300,13,542,18637.2753588866,-25209,206
1622110152409,1622110152439,30,0,37,658.350053653268,-231,340
1622110152469,1622110152479,10,-1,31,487.250765667963,-1,-1
1622110152529,1622110153008,479,8,1031,49815.0162961282,-59668,159
1622110153188,1622110153198,10,-1,41,2418.99122836893,-1,-1
1622110153248,1622110153268,20,0,44,2617.7108761373,-1,294
1622110153358,1622110153388,30,2,109,6486.32665450348,-2306,152
1622110154288,1622110154337,49,8,336,20150.579232813,-15255,352
1622110154537,1622110154697,160,9,542,29789.264298737,-34803,14
1622110154847,1622110154997,150,5,634,58276.1508765986,-53330,157
1622110155037,1622110155087,50,0,276,23050.1729263468,-11047,71
1622110155127,1622110155167,40,3,146,6732.21381976791,-6423,210
1622110155297,1622110155367,70,9,296,15506.6397203506,-14129,313
1622110155757,1622110155777,20,13,1703,101766.350499237,-1,34
1622110155867,1622110155947,80,8,830,16775.1909215379,-66120,253
1622110156136,1622110156176,40,3,177,7448.93525739682,-8737,113
1622110156236,1622110156266,30,2,102,5053.59960904751,-6529,342
1622110156406,1622110156436,30,1,78,4032.87880945175,-3315,29
1622110156476,1622110156486,10,-1,30,1432.61220556591,-1,-1
1622110156586,1622110156606,20,0,36,1047.15685562322,-16,225
1622110156616,1622110156776,160,1,1711,105657.335058948,-84095,116
1622110156896,1622110156946,50,6,252,16314.0715769703,-15701,58
1622110157326,1622110157346,20,0,65,3885.78006306452,-2570,258
1622110157745,1622110157765,20,1,218,13479.5950125101,-1,88
1622110157875,1622110157955,80,9,290,20473.0905946258,-23521,269
1622110158075,1622110158205,130,33,609,22722.2932327395,-28112,190
1622110158305,1622110158365,60,1,398,31012.6117930196,-32827,355
1622110158455,1622110158565,110,5,71,2407.31279093894,-2321,0
1622110158655,1622110158675,20,0,34,755.434960772201,-334,7
1622110158755,1622110158765,10,-1,30,898.253989239185,-1,-1
1622110159314,1622110159354,40,3,133,6314.64760169043,-6178,204
1622110159504,1622110159554,50,5,230,12216.9989030581,-10208,44
1622110159614,1622110159644,30,2,125,8901.0684696787,-4385,78
1622110159684,1622110159704,20,1,71,5051.61351728628,-1,257
1622110160014,1622110160224,210,12,395,24901.140319527,-23299,6
1622110160234,1622110160244,10,-1,33,480.908867817883,-1,-1
1622110160354,1622110161193,839,15,1138,50888.1183688497,-65916,354
1622110161323,1622110161383,60,15,590,29132.2121010532,-36555,195
1622110161403,1622110161893,490,15,561,38820.8059856714,-24609,154
1622110161913,1622110161943,30,8,398,20282.5996703278,-19980,172
1622110162083,1622110162123,40,1,60,1769.1934151397,-1,184
1622110162133,1622110162173,40,4,314,17511.4527948855,-1383,26
1622110162263,1622110162592,329,15,370,9950.07712806201,-13900,265
1622110162852,1622110162872,20,0,33,1759.85624933802,-1,270
1622110162882,1622110162902,20,0,36,543.705554931354,-1,236
1622110163022,1622110163052,30,0,41,1080.94126221936,-905,227
1622110163092,1622110163102,10,-1,30,1014.15296897783,-1,-1
1622110163142,1622110163162,20,3,431,26936.8347552579,-1,100
1622110163262,1622110163332,70,10,591,2003.32692857073,-31401,269
1622110163602,1622110163642,40,2,102,5914.47855492851,-5612,262
1622110163762,1622110163782,20,0,40,290.246159306446,-1,251
1622110163882,1622110163892,10,-1,34,2190.42602677458,-1,-1
1622110164082,1622110164112,30,15,1650,86710.594002486,-1,99
1622110164211,1622110164271,60,13,479,-1.0,-15799,249
1622110164331,1622110164341,10,-1,37,2720.55895731635,-1,-1
1622110164591,1622110164621,30,1,69,3094.72800163767,-1574,251
1622110164641,1622110164651,10,-1,31,258.464582581023,-1,-1
1622110165261,1622110165421,160,0,1701,90962.9451002773,-90241,109
1622110165471,1622110165481,10,-1,48,3322.45659516448,-1,-1
1622110165990,1622110166030,40,2,96,5686.37808833221,-6384,49
1622110166820,1622110166860,40,3,114,6485.45751870993,-5266,275
1622110167010,1622110167080,70,16,545,27949.2975451354,-22637,96
1622110167429,1622110167589,160,12,623,38012.6120299898,-43676,282
1622110167809,1622110167819,10,-1,32,1243.01428782866,-1,-1
1622110168519,1622110168679,160,1,575,33285.5291460487,-30763,78
1622110168689,1622110168719,30,1,56,2007.33264332496,-1656,270
1622110168729,1622110168759,30,1,51,1739.25676309114,-1950,281
1622110168949,1622110168959,10,-1,40,2559.29315129675,-1,-1
1622110169068,1622110169118,50,2,88,4186.00207453812,-2694,290
1622110169228,1622110169238,10,-1,34,662.337015520934,-1,-1
1622110169268,1622110169278,10,-1,30,704.319729423044,-1,-1
1622110169318,1622110169328,10,-1,31,728.38714582125,-1,-1
1622110170558,1622110170578,20,0,53,2899.91737121867,-1204,102
1622110171187,1622110171207,20,0,33,1024.76063565271,-1,82
1622110171227,1622110171237,10,-1,34,846.074310528737,-1,-1
1622110171267,1622110171307,40,14,1530,84501.0545856309,-1,58
1622110171397,1622110171477,80,14,587,402.28056195507,-29210,256
1622110172187,1622110172207,20,7,970,59243.8178375952,-1,79
1622110172307,1622110172326,19,6,589,-1.0,-3479,268
1622110172496,1622110172516,20,0,41,1582.40898480206,-1121,74
1622110172726,1622110172846,120,19,697,48873.391123074,-24630,7
1622110172886,1622110172916,30,1,65,2630.62593479213,-2758,104
1622110172966,1622110172986,20,3,376,22484.6712558467,-1,87
1622110173985,1622110174005,20,2,197,9937.01248480405,-1,80
1622110174105,1622110174175,70,10,1375,6271.1820594726,-79828,233
1622110174295,1622110174305,10,-1,36,2588.26664438765,-1,-1
1622110174565,1622110174585,20,1,425,35327.7012824999,-1,94
1622110174695,1622110174765,70,4,195,11230.2225749123,-12132,313
1622110174965,1622110174985,20,1,99,4370.5201948461,-1,62
1622110175075,1622110175085,10,-1,79,-1.0,-1,-1
1622110175095,1622110175115,20,0,92,5520.51655871189,-1,75
1622110175295,1622110175345,50,10,337,21963.4681769071,-16616,8
1622110175355,1622110175385,30,0,43,2019.03195404931,-647,47
1622110175555,1622110175565,10,-1,32,1734.86198346855,-1,-1
1622110175624,1622110175634,10,-1,30,2329.27570111861,-1,-1
1622110175734,1622110175754,20,2,115,8783.74563250066,-680,183
1622110175764,1622110175784,20,1,69,5816.44480202109,-2796,90
1622110175924,1622110175944,20,2,202,9702.23128293378,-1,95
1622110176074,1622110176104,30,6,656,-1.0,-36451,90
1622110176114,1622110176184,70,5,155,7691.47275486072,-4316,273
1622110176324,1622110176424,100,19,399,13542.9186841712,-25187,236
1622110176444,1622110176454,10,-1,30,202.272076527677,-1,-1
1622110176514,1622110176524,10,-1,31,491.732399343747,-1,-1
1622110176534,1622110176584,50,12,537,23001.7792199728,-21449,207
1622110176594,1622110176624,30,0,41,1111.16966171877,-527,100
1622110176694,1622110176754,60,4,424,33396.2049585633,-16939,25
1622110176764,1622110176794,30,2,130,11476.8748824132,-8269,205
1622110176864,1622110176934,70,22,518,26542.5554168553,-18962,306
1622110176964,1622110177054,90,5,69,3511.52216733999,-751,80
1622110177104,1622110177144,40,3,120,5476.01916941012,-5874,219
1622110177184,1622110177214,30,2,90,4240.55849606097,-3239,37
1622110177253,1622110177283,30,1,62,3203.73647883592,-1926,66
1622110177583,1622110178463,880,30,1162,63015.1574777102,-75585,128
1622110178473,1622110178583,110,3,44,681.833465860495,-785,334
1622110178603,1622110178633,30,8,394,24178.1218448512,-24291,170
1622110178763,1622110178843,80,12,494,18991.9735674488,-22483,355
1622110179092,1622110179162,70,6,162,9139.75082107858,-5067,266
1622110179202,1622110179212,10,-1,35,2506.05663986482,-1,-1
1622110179262,1622110179272,10,-1,32,1732.94285538831,-1,-1
1622110179282,1622110179332,50,7,297,15036.5544839299,-17291,150
1622110179352,1622110179362,10,-1,42,1311.22159709639,-1,-1
1622110179372,1622110179492,120,6,320,28145.3151835029,-24271,321
1622110179502,1622110179642,140,3,318,23235.1815551875,-20713,213
1622110179652,1622110179662,10,-1,30,1026.36087348331,-1,-1
1622110179672,1622110179722,50,1,299,25953.7532050467,-17998,231
1622110179862,1622110179962,100,0,364,27025.5325302626,-19003,10
1622110179982,1622110180012,30,3,366,21150.2305364357,-1,90
1622110180122,1622110180382,260,16,474,18188.7972169267,-21833,190
1622110180392,1622110180402,10,-1,43,2242.43268237152,-1,-1
1622110180412,1622110180452,40,3,128,6195.66529509295,-7086,152
1622110180571,1622110180621,50,1,233,15146.450735953,-13766,160
1622110180741,1622110180781,40,3,151,10347.9983885242,-7451,53
1622110180791,1622110180811,20,2,145,12715.9506759701,-1217,253
1622110180841,1622110180871,30,0,34,1014.78681204457,-101,243
1622110180891,1622110180941,50,2,67,2021.24719440065,-1557,265
1622110180951,1622110180971,20,1,190,13575.6497236572,-1,100
1622110181061,1622110181131,70,12,340,4766.38371654181,-10697,257
1622110181311,1622110181331,20,0,47,2018.81953594472,-826,95
1622110181351,1622110181391,40,1,41,765.090330993476,-709,72
1622110181481,1622110181521,40,3,127,6194.66319707119,-6181,111
1622110181561,1622110181571,10,-1,31,328.901477559603,-1,-1
1622110181591,1622110182051,460,22,639,50796.0819126752,-49990,190
1622110182061,1622110182081,20,0,63,5842.61077385615,-31,137
1622110182170,1622110182250,80,9,457,25597.1252262592,-23600,348
1622110182260,1622110182360,100,10,231,8129.27568122312,-341,153
1622110182450,1622110182850,400,13,824,24141.012547614,-46296,207
1622110182860,1622110182890,30,1,70,3766.23942029668,-1392,118
1622110183160,1622110183210,50,0,221,15019.7573151415,-16996,50
1622110183350,1622110183490,140,4,425,28124.0306819868,-18859,55
1622110183510,1622110183650,140,0,367,22995.7424859274,-27667,122
1622110183720,1622110183909,189,9,469,38779.7045932981,-23725,245
1622110183959,1622110183979,20,3,487,32236.0756480277,-1,87
1622110184429,1622110184489,60,13,418,8712.08276454975,-12577,265
1622110184509,1622110184519,10,-1,35,1498.42987135747,-1,-1
1622110184589,1622110184629,40,3,118,5804.61270282596,-5250,246
1622110184839,1622110184929,90,6,562,27893.505283392,-24105,259
1622110184939,1622110185069,130,9,156,6235.98149667892,-4005,144
1622110185079,1622110185089,10,-1,39,2290.1821078847,-1,-1
1622110185179,1622110185189,10,-1,30,144.944113548817,-1,-1
1622110185239,1622110185389,150,11,262,19644.0282927125,-15310,249
1622110185698,1622110185708,10,-1,33,305.631260441528,-1,-1
1622110186058,1622110186078,20,1,61,3899.15260992186,-1117,328
1622110186128,1622110186158,30,1,51,4206.52823892558,-1598,354
1622110186438,1622110186478,40,1,36,1319.75451420293,-6,23
1622110186708,1622110186758,50,11,443,14597.5231551401,-28589,260
1622110186768,1622110186938,170,11,132,5113.08378164664,-4028,4
1622110187048,1622110187217,169,10,257,14126.7576720813,-17103,285
1622110187227,1622110187237,10,-1,30,669.470629618355,-1,-1
1622110187337,1622110187347,10,-1,30,1353.34947458537,-1,-1
1622110187457,1622110187487,30,2,99,5142.18673001839,-4556,187
1622110187587,1622110187597,10,-1,31,558.154816152983,-1,-1
1622110187707,1622110187717,10,-1,31,1016.95978358283,-1,-1
1622110187787,1622110187797,10,-1,52,2434.86775629057,-1,-1
1622110187927,1622110187987,60,5,174,532.028533914847,-6087,254
1622110188177,1622110188267,90,22,590,21311.5263458823,-28357,73
1622110188437,1622110188467,30,1,54,3619.71899107458,-2378,228
1622110188477,1622110188547,70,3,78,3643.97464877685,-1509,257
1622110188567,1622110188617,50,1,40,976.94960709206,-278,262
1622110188876,1622110188966,90,28,680,31041.6874833398,-30271,182
1622110188976,1622110189036,60,12,267,8628.46445612198,-7935,9
1622110189156,1622110189466,310,13,731,31295.883313674,-34778,10
1622110189476,1622110189516,40,3,147,12372.8074511883,-4693,174
1622110189526,1622110189576,50,2,434,32590.0861629977,-18665,325
1622110189636,1622110189646,10,-1,30,1077.55948127063,-1,-1
1622110189756,1622110189816,60,16,513,34476.7874983902,-22441,17
1622110190006,1622110190076,70,23,506,23987.071255851,-21743,303
1622110190206,1622110190216,10,-1,41,2298.85910622497,-1,-1
1622110190266,1622110190286,20,1,88,7220.53886375957,-28,278
1622110190445,1622110190525,80,22,719,45232.3709380378,-39081,92
1622110190565,1622110190605,40,1,42,2006.61362267545,-687,148
1622110190645,1622110190725,80,1,130,8826.91667660307,-8236,356
1622110190765,1622110190805,40,1,33,1405.57915258654,-15,153
1622110190895,1622110190925,30,1,88,4977.62920327948,-4967,207
1622110190975,1622110190985,10,-1,32,1209.85899124711,-1,-1
1622110191085,1622110191095,10,-1,32,920.591353637336,-1,-1
1622110191135,1622110191205,70,3,193,9709.50663294765,-8910,359
1622110191345,1622110191415,70,0,226,13932.0234857924,-10891,160
1622110191445,1622110191515,70,1,87,5418.6326441106,-4316,152
1622110191555,1622110191685,130,20,324,15925.4317433607,-15473,258
1622110191845,1622110191875,30,4,201,10021.4829407072,-8676,143
1622110192054,1622110192074,20,0,43,2486.4713199608,-771,63
1622110192114,1622110192144,30,0,43,1302.67398896968,-1,83
1622110192154,1622110192164,10,-1,31,288.996785439323,-1,-1
1622110192174,1622110192184,10,-1,65,6282.04495758641,-1,-1
1622110192194,1622110192304,110,3,42,1936.66310545423,-628,71
1622110193334,1622110193534,200,4,460,29173.4220009868,-27040,264
1622110193743,1622110193803,60,3,121,7392.886931407,-4482,252
1622110194233,1622110194263,30,1,82,4703.83261071078,-2393,27
1622110194493,1622110194533,40,7,341,21019.0817380391,-18401,116
1622110194693,1622110194883,190,6,597,29122.5194655827,-32773,261
1622110195113,1622110195133,20,0,40,2376.85303301018,-492,195
1622110195143,1622110195552,409,30,586,30359.0766222175,-25654,14
1622110195572,1622110195582,10,-1,37,1631.06036497631,-1,-1
1622110195602,1622110195632,30,0,33,272.163885753792,-179,158
1622110195662,1622110195672,10,-1,30,231.095341091369,-1,-1
1622110195692,1622110195832,140,6,79,1979.21910633671,-2212,160
1622110195872,1622110195902,30,0,43,987.291347474364,-1193,200
1622110195962,1622110195982,20,0,38,1276.25318725037,-182,234
1622110196272,1622110196292,20,0,33,1029.95561459907,-1,90
1622110196302,1622110196322,20,3,558,35161.5491375197,-1,77
1622110196442,1622110196462,20,4,540,-1.0,-29738,254
1622110196472,1622110196632,160,9,301,21943.7096957622,-16405,269
1622110196642,1622110196712,70,2,144,9556.08613711173,-5684,249
1622110196752,1622110196782,30,1,89,4770.90100102238,-5295,100
1622110196792,1622110196842,50,1,263,17875.5687515752,-17333,24
1622110196852,1622110196941,89,0,160,8733.54464448645,-11952,211
1622110196991,1622110197191,200,1,237,17408.7137690932,-15562,121
1622110197201,1622110197291,90,0,309,28193.789340236,-17242,209
1622110197411,1622110197581,170,29,707,44281.3632865692,-47493,275
1622110197831,1622110197851,20,0,35,1837.9385490081,-1,15
1622110197861,1622110197871,10,-1,45,1945.19710093001,-1,-1
1622110197991,1622110198041,50,1,70,2778.39120230837,-330,136
1622110198121,1622110198141,20,0,40,1321.57987804893,-1,78
1622110198171,1622110198181,10,-1,31,1796.65426477489,-1,-1
1622110198281,1622110198491,210,31,807,53210.87479246,-68120,1
1622110198501,1622110198550,49,3,150,12327.8756492838,-10049,151
1622110198560,1622110198630,70,2,130,9754.92858583528,-5176,166
1622110198640,1622110198730,90,3,152,10834.5897686268,-6879,198
1622110198750,1622110198760,10,-1,46,2596.44185009463,-1,-1
1622110198770,1622110198800,30,1,55,2069.56796985805,-18,166
1622110198840,1622110198850,10,-1,32,2125.39036407308,-1,-1
1622110198860,1622110199260,400,32,553,39093.0895065637,-33182,120
1622110199270,1622110199290,20,0,52,1600.02023533095,-1,315
1622110199300,1622110199490,190,6,341,23919.4522761986,-23444,289
1622110199640,1622110199680,40,2,111,4880.71084649473,-5636,205
1622110200090,1622110200110,20,4,428,21214.0828983408,-1,91
1622110200199,1622110200279,80,13,279,1731.28514016667,-6607,265
1622110200999,1622110201019,20,1,219,14427.0626786577,-1,88
1622110201119,1622110201249,130,9,344,16866.470026986,-16078,263
1622110201319,1622110201379,60,5,205,10524.6918089902,-8468,83
1622110201389,1622110201419,30,3,161,13029.2307426959,-4036,232
1622110201429,1622110201469,40,2,141,6691.38086851371,-7401,170
1622110201489,1622110201759,270,5,563,36136.4947168486,-42500,39
1622110202018,1622110202288,270,23,644,37471.2433681524,-39460,15
1622110202298,1622110202318,20,0,33,1735.03210810872,-1,129
1622110202398,1622110202408,10,-1,44,2529.52855558844,-1,-1
1622110202448,1622110202458,10,-1,48,2977.5174898093,-1,-1
1622110202528,1622110202538,10,-1,31,393.66547583867,-1,-1
1622110202958,1622110202968,10,-1,33,2888.32282714548,-1,-1
1622110203188,1622110203198,10,-1,38,2670.13934548494,-1,-1
1622110203208,1622110203218,10,-1,51,3686.0399725033,-1,-1
1622110203248,1622110203298,50,0,268,15620.5782600816,-4173,157
1622110203418,1622110203497,79,11,508,10898.0369717543,-25382,123
1622110203507,1622110203597,90,6,107,5260.82688032573,-5175,341
1622110203727,1622110203777,50,2,60,3204.84662750808,-2277,138
1622110203857,1622110203987,130,12,422,24338.3613760291,-21920,317
1622110204247,1622110204267,20,0,38,1919.63222655131,-1,45
1622110204397,1622110204477,80,1,173,8601.15438483644,-12004,74
1622110204487,1622110204857,370,34,1534,61886.4042407284,-72064,245
1622110204867,1622110204887,20,6,270,25453.9010896932,-1578,242
1622110204947,1622110205086,139,9,127,5338.78914662293,-8943,41
1622110205096,1622110205126,30,1,118,9642.05696491905,-5673,149
1622110205136,1622110205186,50,1,52,3132.59265745919,-1631,11
1622110205196,1622110205216,20,1,74,4861.30755385937,-1,56
1622110205226,1622110205276,50,22,709,23917.9135994916,-38742,178
1622110205286,1622110205396,110,5,123,10311.2493231912,-6125,359
1622110205416,1622110205436,20,0,39,1112.40079192596,-1,330
1622110205596,1622110205786,190,6,354,17686.181777849,-28756,20
1622110205826,1622110205866,40,2,66,2452.39538666374,-2666,71
1622110205876,1622110205956,80,6,395,20799.5933095781,-27263,191
1622110206066,1622110206106,40,1,119,4133.83523222605,-1,257
1622110206116,1622110206126,10,-1,43,1455.25906330938,-1,-1
1622110206266,1622110206276,10,-1,36,2719.86927044495,-1,-1
1622110206286,1622110206306,20,1,71,6257.33675775911,-3277,290
1622110206316,1622110206326,10,-1,30,2053.27166460556,-1,-1
1622110206336,1622110206366,30,1,69,4589.98799402308,-1460,103
1622110206396,1622110206416,20,0,38,2339.70506998714,-1,302
1622110206436,1622110206456,20,4,383,19880.3794001808,-1,252
1622110207165,1622110207175,10,-1,49,3765.85359829236,-1,-1
1622110207395,1622110207435,40,3,95,5058.33261473804,-4368,26
1622110207705,1622110207905,200,3,354,14702.9560294509,-25119,105
1622110208265,1622110208325,60,10,322,18209.6866370662,-12335,28
1622110208504,1622110208534,30,3,149,8815.49680660739,-6732,144
1622110208624,1622110208664,40,3,400,25967.4080521758,-1,90
1622110208754,1622110208874,120,16,346,8547.78733063143,-16128,266
1622110208894,1622110208914,20,0,44,2224.18379235871,-1,254
1622110208944,1622110208954,10,-1,35,636.125751456654,-1,-1
1622110209124,1622110209224,100,18,503,28273.8025549657,-21034,344
1622110209234,1622110209504,270,13,1299,61364.8404021713,-98183,149
1622110209664,1622110209684,20,2,270,14599.2468625502,-1,300
1622110210253,1622110210293,40,0,44,4169.87056581227,-1270,143
1622110210343,1622110210383,40,5,182,7491.72373757015,-4062,9
1622110210473,1622110210483,10,-1,42,3367.67084768822,-1,-1
1622110210523,1622110210593,70,24,2006,101269.682687176,-1,148
1622110210953,1622110211113,160,2,456,15243.9758476447,-27485,56
1622110211153,1622110211183,30,1,49,2061.09692228193,-1939,290
1622110211413,1622110211453,40,7,286,19370.9170976623,-18914,64
1622110211473,1622110211513,40,2,76,2397.90650316263,-2580,264
1622110211642,1622110211692,50,1,56,1782.83271560574,-1480,216
1622110211762,1622110211912,150,2,456,35330.4592037856,-29389,220
1622110211922,1622110211932,10,-1,125,10375.7950061722,-1,-1
1622110211942,1622110211972,30,3,179,9919.97701971336,-10305,42
1622110211992,1622110212062,70,0,328,19604.5345594451,-27319,139
1622110212172,1622110212272,100,1,314,20468.1434661477,-26746,195
1622110212312,1622110212412,100,0,226,19519.0350971181,-17651,344
1622110212442,1622110212472,30,3,164,10708.6198370482,-5080,62
1622110212512,1622110212562,50,0,192,18335.8709957436,-7795,270
1622110212572,1622110212612,40,1,541,33764.1455831845,-2127,137
1622110212752,1622110212872,120,8,338,2195.12856508342,-14845,254
1622110213192,1622110213291,99,1,237,17145.4829168938,-16855,103
1622110213411,1622110213501,90,12,199,3595.18498504474,-5579,252
1622110213591,1622110213611,20,1,190,13520.1571520177,-1,182
1622110213621,1622110213691,70,1,194,18878.1581676644,-13492,212
1622110213751,1622110213811,60,3,285,14772.7633378995,-17526,56
1622110213941,1622110213971,30,3,160,10841.7434067398,-4113,240
1622110213991,1622110214011,20,1,186,12531.1856063003,-1,184
1622110214021,1622110214091,70,1,204,19931.0743869136,-13801,315
1622110214171,1622110214221,50,1,269,15506.589313856,-5913,92
1622110214341,1622110214441,100,10,242,2249.98587037682,-11222,262
1622110214571,1622110214591,20,1,188,12346.5269446986,-1,180
1622110214601,1622110214651,50,0,182,17164.440714282,-13484,350
1622110215130,1622110215150,20,1,240,16607.5437970363,-1,81
1622110215310,1622110215390,80,12,325,8958.82053896336,-11299,258
1622110215420,1622110215530,110,1,186,13772.614542646,-8179,214
1622110215540,1622110215560,20,1,177,16478.8710166221,-11986,30
1622110215590,1622110215650,60,2,386,30275.6085469605,-23498,206
1622110215660,1622110215690,30,6,566,44719.8712986274,-16033,16
1622110215700,1622110215730,30,5,564,54877.599632354,-28446,196
1622110215740,1622110215750,10,-1,41,1591.94368756772,-1,-1
1622110215780,1622110215850,70,3,217,16684.9389363258,-14303,0
1622110215930,1622110216020,90,3,194,13060.1383196305,-8218,177
1622110216180,1622110216200,20,1,161,14502.3953651999,-10797,28
1622110216290,1622110216310,20,0,46,3471.53011672413,-1,240
1622110216320,1622110216400,80,1,210,15723.4982522041,-14446,352
1622110216410,1622110216450,40,4,175,5612.60228876038,-1,192
1622110216460,1622110216470,10,-1,84,6282.58857697402,-1,-1
1622110216589,1622110216619,30,2,142,7130.53751289048,-7534,214
1622110216649,1622110216679,30,2,141,7132.77471782746,-6758,37
1622110216699,1622110216729,30,3,155,13612.7518063279,-11558,356
1622110216849,1622110216899,50,1,259,15667.708133369,-8310,111
1622110217039,1622110217149,110,11,271,23644.249121687,-13655,262
1622110217329,1622110217339,10,-1,31,2791.95926281383,-1,-1
1622110217569,1622110217629,60,0,203,15505.5989843927,-12301,161
1622110217739,1622110217779,40,2,95,6128.25429636033,-2221,298
1622110217859,1622110218049,190,15,623,25211.952045288,-20359,174
1622110218059,1622110218119,60,3,303,14026.8267490051,-2207,36
1622110218208,1622110218448,240,17,844,12535.1196983763,-64827,314
1622110218488,1622110218568,80,2,37,810.86756074764,-323,325
1622110218778,1622110218818,40,4,177,8945.47902074559,-8387,358
1622110218928,1622110219008,80,4,93,1947.49295134833,-4162,137
1622110219018,1622110219438,420,32,1171,98203.4578057631,-74774,358
1622110219448,1622110219458,10,-1,97,7679.87946833472,-1,-1
1622110219468,1622110219588,120,5,93,7690.987255362,-3221,175
1622110219618,1622110219658,40,1,41,838.284142463721,-847,197
1622110219688,1622110219728,40,1,42,912.574012417791,-909,228
1622110219797,1622110219817,19,0,31,1093.56660030245,-60,108
1622110219967,1622110219977,10,-1,35,2080.54850175834,-1,-1
1622110220007,1622110220047,40,4,176,9710.25017874055,-10306,254
1622110220187,1622110220257,70,2,54,2394.11353416293,-1264,95
1622110220267,1622110220327,60,1,38,719.215461028573,-365,97
1622110220337,1622110220567,230,25,952,44633.9948047492,-33679,274
1622110220617,1622110220667,50,7,255,11895.8075985031,-13966,152
1622110220717,1622110220777,60,6,153,6291.03261255019,-1,71
1622110220887,1622110220927,40,2,291,16032.3400610663,-5386,157
1622110220937,1622110220967,30,2,223,20786.2267578649,-11646,280
1622110221077,1622110221436,359,28,167,5622.55297647628,-4148,269
1622110221496,1622110221526,30,1,58,2437.74822254992,-1855,263
1622110221626,1622110221646,20,0,50,2978.38983930084,-1751,236
1622110221686,1622110221706,20,0,35,2834.80143408334,-1,318
1622110221716,1622110221766,50,2,73,3302.24775516242,-2115,286
1622110221816,1622110221826,10,-1,46,2512.41357388617,-1,-1
1622110222076,1622110222416,340,18,378,15258.7917560191,-5666,100
1622110222536,1622110222736,200,12,269,16015.63292997,-6737,139
1622110222746,1622110222786,40,2,61,4448.69441372149,-1510,122
1622110222876,1622110222906,30,3,187,14830.9552536322,-1,183
1622110223375,1622110223415,40,4,177,10324.6912131966,-11663,143
1622110223525,1622110223565,40,5,210,16645.9845067549,-15058,318
1622110223835,1622110223855,20,1,121,6902.73992747205,-1,135
1622110223865,1622110223885,20,1,139,11360.7828655205,-2829,342
1622110223895,1622110224335,440,21,1178,65985.0190643233,-49948,114
1622110224375,1622110224385,10,-1,31,678.544449000826,-1,-1
1622110224525,1622110224545,20,0,36,1930.87333605084,-1,270
1622110224585,1622110224605,20,2,462,34109.3416772535,-1,74
1622110224694,1622110224764,69,10,278,12259.2472318288,-10666,254
1622110224864,1622110224884,20,1,197,11836.0857072194,-1,40
1622110224894,1622110224944,50,1,321,30560.2447699471,-20307,254
1622110224964,1622110225034,70,2,213,15472.1446871151,-14860,181
1622110225054,1622110225114,60,3,662,33152.1978919924,-6086,49
1622110225234,1622110225314,80,17,447,42074.0493869719,-22737,261
1622110225354,1622110225364,10,-1,34,1612.95484927583,-1,-1
1622110225394,1622110225524,130,2,959,69804.7615116317,-90854,329
1622110225564,1622110225594,30,1,98,4128.02040892257,-3236,276
1622110225624,1622110225694,70,1,92,5169.35544259136,-2463,299
1622110225794,1622110225894,100,18,449,12347.4574678099,-23994,273
1622110226024,1622110226064,40,1,52,2536.36291538258,-2101,309
1622110226114,1622110226154,40,1,50,2867.10441377929,-1038,324
1622110226204,1622110226224,20,0,36,1170.3327929991,-1,288
1622110226274,1622110226333,59,2,46,1170.37079715526,-700,286
1622110226393,1622110226433,40,1,67,2937.93198774743,-1488,228
1622110226443,1622110226463,20,0,42,1094.49411048564,-1,135
1622110226523,1622110226533,10,-1,32,479.506568940616,-1,-1
1622110226743,1622110226923,180,3,1590,75756.9236279446,-76427,317
1622110227153,1622110227193,40,4,166,9729.86263541286,-7595,139
1622110227563,1622110227593,30,5,485,23464.2006196931,-1,94
1622110227683,1622110227753,70,18,563,-1.0,-14843,255
1622110228342,1622110228372,30,2,131,6227.85068917316,-6488,180
1622110228432,1622110228452,20,1,201,10473.137803351,-1,98
1622110228562,1622110228622,60,8,335,14132.1128297956,-28662,275
1622110228682,1622110228712,30,5,252,17111.5632633565,-8366,98
1622110228752,1622110228782,30,4,187,13698.6381209685,-12467,283
1622110228982,1622110229032,50,4,146,9767.34210293214,-7327,317
1622110229312,1622110229352,40,2,70,3737.3880309021,-64,149
1622110229721,1622110229761,40,3,127,6162.0804403417,-6952,153
1622110229971,1622110230011,40,7,274,18132.2507009876,-13861,325
1622110230511,1622110230541,30,2,109,4803.05249985727,-2442,139
1622110230561,1622110230571,10,-1,36,1281.81162373835,-1,-1
1622110230581,1622110230681,100,5,111,5827.84605906305,-4308,127
1622110230691,1622110230711,20,0,30,618.13547237769,-66,123
1622110230861,1622110230931,70,4,154,9195.00554718044,-6319,198
1622110231121,1622110231181,60,14,1810,115036.979621808,-131,126
1622110231270,1622110231330,60,7,453,4251.20534440266,-22882,281
1622110231350,1622110231410,60,3,68,2559.71349691727,-1957,57
1622110231540,1622110231630,90,8,291,17347.1965140471,-11225,224
1622110231650,1622110231680,30,1,80,4544.97665067158,-4070,290
1622110231690,1622110231740,50,2,69,2775.26763414773,-3097,274
1622110231860,1622110231880,20,0,41,2512.36593220475,-81,289
1622110231950,1622110232000,50,9,305,15813.8542544026,-13689,317
1622110232280,1622110232330,50,7,251,13830.1046434303,-11080,181
1622110232460,1622110232480,20,2,436,28851.7873742903,-1,104
1622110232590,1622110232710,120,14,232,10258.3527105648,-6209,279
1622110232750,1622110232780,30,1,87,5737.21787741032,-5189,83
1622110232989,1622110233029,40,1,78,5082.40578614842,-2660,134
1622110233299,1622110233339,40,1,352,22578.617232797,-740,93
1622110233459,1622110233539,80,12,326,1259.34205812435,-10360,275
1622110233589,1622110233599,10,-1,30,564.978372785167,-1,-1
1622110234269,1622110234289,20,0,509,47030.6484653345,-1,94
1622110234419,1622110234498,79,6,254,4801.56568957017,-22309,255
1622110234528,1622110234678,149,7,112,5182.80753660767,-3493,273
1622110235568,1622110235598,30,16,819,49651.8059479034,-32666,82
1622110235658,1622110235758,100,19,672,39071.5007476812,-38764,278
1622110235788,1622110235878,90,4,66,2198.22243504265,-1601,110
1622110235888,1622110236028,140,17,518,39351.4066649258,-36399,290
1622110236118,1622110236317,199,18,165,9403.39907677086,-5395,121
1622110236337,1622110236377,40,1,47,1133.92874737477,-557,121
1622110236507,1622110236847,340,29,867,35180.3661377022,-49373,325
1622110236877,1622110236927,50,3,344,19293.0834688852,-17435,324
1622110236937,1622110236957,20,3,132,10536.0527941687,-884,107
1622110236967,1622110237067,100,5,298,18952.0148303305,-24761,138
1622110237087,1622110237097,10,-1,36,1460.98203415819,-1,-1
1622110237107,1622110237137,30,5,351,14865.2866088252,-1,256
1622110237287,1622110237307,20,5,235,21900.0362361314,-1,74
1622110237387,1622110237427,40,2,241,19506.5284333063,-16683,19
1622110237457,1622110237467,10,-1,31,664.211387700976,-1,-1
1622110237567,1622110237587,20,5,242,20863.1556513251,-1,252
1622110237617,1622110237717,100,5,180,13736.6073334177,-7650,59
1622110237727,1622110238136,409,24,468,23215.2446772153,-15248,178
1622110238146,1622110238206,60,3,57,1828.96699081008,-1579,271
1622110238356,1622110238426,70,3,64,1618.79209490304,-912,77
1622110238476,1622110238516,40,1,49,1347.84304612812,-1322,77
1622110238646,1622110238706,60,2,59,1649.33683292216,-1143,265
1622110238716,1622110238746,30,0,41,1212.59425164327,-722,273
1622110238846,1622110238876,30,1,83,3024.75535617159,-3146,86
1622110238906,1622110238916,10,-1,36,1172.0693676201,-1,-1
1622110239116,1622110239136,20,2,303,22283.3977411451,-1,77
1622110239246,1622110239306,60,10,337,21206.5502939297,-23761,265
1622110239356,1622110239366,10,-1,33,2646.87760382176,-1,-1
1622110239425,1622110239435,10,-1,33,1207.58318093468,-1,-1
1622110239795,1622110239815,20,1,199,12034.9383943587,-1,128
1622110239915,1622110240005,90,6,265,15333.8181848147,-21304,259
1622110240745,1622110240785,40,6,233,12093.3357404028,-11385,167
1622110240855,1622110240865,10,-1,34,988.754800011763,-1,-1
1622110241044,1622110241064,20,1,138,8078.61117888636,-1,75
1622110241174,1622110241244,70,10,312,17732.265775664,-12341,281
1622110241294,1622110241634,340,6,702,36205.3203972997,-57876,170
1622110241774,1622110241864,90,3,64,3019.55191505521,-1859,176
1622110242224,1622110242244,20,4,471,23424.7098419046,-1,56
1622110242344,1622110242434,90,16,943,8526.09494356195,-57986,279
1622110242554,1622110242584,30,1,71,5262.72483462814,-3524,223
1622110243203,1622110243223,20,0,57,4308.97616691678,-722,257
1622110243363,1622110243383,20,1,371,28537.5222756426,-1,78
1622110243503,1622110243583,80,9,451,5923.78943703822,-28783,269
1622110244203,1622110244213,10,-1,30,1755.82103572318,-1,-1
1622110244352,1622110244372,20,3,567,40120.0457582986,-1,74
1622110244492,1622110244862,370,20,457,8562.1888777076,-33790,265
1622110244882,1622110244902,20,2,381,24061.0175258701,-1,77
1622110245012,1622110245102,90,14,243,5676.66624303374,-7374,268
1622110245112,1622110245142,30,1,54,2178.15234884015,-2316,311
1622110245232,1622110245262,30,1,84,4509.82129810669,-3953,144
1622110245632,1622110245672,40,3,124,5884.99644560099,-6197,321
1622110245862,1622110245902,40,3,119,6263.34464521712,-6746,162
1622110246351,1622110246391,40,3,134,7813.47939385426,-5391,327
1622110246631,1622110246681,50,3,82,5196.57389408814,-2163,161
1622110247131,1622110247161,30,1,49,2751.876827336,-1582,342
1622110247401,1622110247431,30,6,485,22364.1266156993,-1,185
1622110247590,1622110247760,170,11,1020,64955.5867071766,-77347,1
1622110247780,1622110247860,80,9,361,21598.1670611058,-19517,330
1622110247880,1622110247890,10,-1,31,652.879400395536,-1,-1
1622110247910,1622110247920,10,-1,31,178.128198112152,-1,-1
1622110248050,1622110248090,40,5,208,13652.0478683925,-10992,221
1622110248330,1622110248390,60,10,301,14214.6433417627,-13032,12
1622110248530,1622110248570,40,4,180,10904.2701390722,-8851,7
1622110248660,1622110248710,50,6,201,11196.4388355017,-8451,273
1622110249020,1622110249070,50,17,483,32425.5503172467,-16307,171
1622110249080,1622110249140,60,3,70,5225.13206257944,-1347,25
1622110249160,1622110249170,10,-1,32,685.063432956983,-1,-1
1622110249229,1622110249329,99,3,170,7658.19772939164,-9727,339
1622110249339,1622110249369,30,1,47,1372.81082204127,-1105,17
1622110249379,1622110249399,20,0,35,1129.24095030808,-1,49
1622110249439,1622110249479,40,1,44,951.600967552506,-802,46
1622110250139,1622110250199,60,8,255,11928.3082602003,-10992,42
1622110250489,1622110250529,40,2,107,6118.72545432088,-6843,160
1622110251688,1622110251708,20,0,47,4023.30943004548,-1459,42
1622110251768,1622110251788,20,0,47,3451.04382830841,-1,222
1622110251948,1622110251988,40,16,520,22920.8346531732,-17646,219
1622110252088,1622110252328,240,17,265,8412.18207370072,-11915,73
1622110252358,1622110252368,10,-1,30,613.238369694467,-1,-1
1622110252557,1622110252567,10,-1,39,1509.96255687325,-1,-1
1622110252687,1622110252727,40,4,159,11247.7019286931,-9229,46
1622110252757,1622110252767,10,-1,30,1262.83770663866,-1,-1
1622110252957,1622110253007,50,2,71,2148.7240929805,-2189,65
1622110253027,1622110253227,200,13,238,10447.184825759,-10537,53
1622110253267,1622110253317,50,1,51,884.121206988006,-1274,53
1622110253337,1622110253387,50,1,184,10692.293393358,-11529,3
1622110253397,1622110253567,170,11,228,14058.7238371396,-12376,321
1622110253577,1622110253587,10,-1,33,351.636102590476,-1,-1
1622110253717,1622110253727,10,-1,35,1220.39771877628,-1,-1
1622110253797,1622110253817,20,0,61,4243.07679497255,-1,266
1622110253877,1622110253907,30,2,112,6522.84279879274,-5204,183
1622110254077,1622110254097,20,6,652,32318.3543450192,-1,72
1622110254186,1622110254256,70,11,531,-1.0,-22771,257
1622110254286,1622110254296,10,-1,41,3045.35658917648,-1,-1
1622110254536,1622110254626,90,4,225,18167.2638891431,-13063,71
1622110254676,1622110254706,30,3,161,11761.263822414,-3406,237
1622110254716,1622110254746,30,3,176,12036.761064407,-7325,59
1622110254756,1622110254786,30,3,158,12504.3916419122,-2858,240
1622110254866,1622110254886,20,1,183,12450.5312002195,-1,184
1622110254896,1622110254916,20,1,185,18050.959689377,-12246,25
1622110254926,1622110254966,40,0,88,7539.62797533796,-3286,265
1622110255196,1622110255206,10,-1,36,2321.61060151412,-1,-1
1622110255326,1622110255346,20,5,627,36409.4710921847,-1,77
1622110255446,1622110255526,80,8,399,2944.97552965499,-17769,256
1622110255546,1622110255576,30,0,47,1400.29027775123,-1509,263
1622110255676,1622110255765,89,5,224,13289.530043123,-11116,45
1622110255815,1622110255865,50,0,363,28020.7367368984,-21910,7
1622110256025,1622110256085,60,13,432,26656.4252390874,-18011,253
1622110256315,1622110256335,20,0,656,61923.6911121924,-1,77
1622110256425,1622110256485,60,11,1338,-1.0,-88742,288
1622110256515,1622110256545,30,0,44,2379.77692971788,-1412,106
1622110256665,1622110256685,20,0,43,1264.44009325476,-1,122
1622110256695,1622110256725,30,3,167,11370.7674015799,-3972,86
1622110256765,1622110256795,30,1,87,5139.85372504202,-15,270
1622110256805,1622110256815,10,-1,42,2258.1289027664,-1,-1
1622110257574,1622110257754,180,2,563,30966.1308232976,-26496,288
1622110258144,1622110258214,70,4,125,8358.99277219926,-5610,155
1622110258604,1622110258804,200,3,657,36689.1271698296,-35171,317
1622110258834,1622110258844,10,-1,30,1861.66322733691,-1,-1
1622110259313,1622110259343,30,2,109,6869.22258449603,-6924,43
1622110259393,1622110259563,170,6,62,1983.90558695348,-2752,270
1622110259593,1622110259633,40,1,86,3031.62406684254,-2678,162
1622110260103,1622110260123,20,0,686,63658.2785390583,-1,162
1622110260233,1622110260303,70,6,669,14500.227171588,-62188,294
1622110260313,1622110260333,20,0,36,1579.09101320536,-1,84
1622110260613,1622110260632,19,0,103,7004.13291668426,-1,94
1622110260782,1622110260912,130,11,225,6638.74176079407,-9794,282
1622110260952,1622110260972,20,0,50,2133.32170313729,-101,279
1622110261502,1622110261522,20,3,446,28267.885627181,-1,86
1622110261622,1622110261712,90,11,267,8347.95358561932,-7896,277
1622110261972,1622110261982,10,-1,32,343.410277529584,-1,-1
1622110262252,1622110262271,19,2,468,31211.9719718533,-1,84
1622110262471,1622110262531,60,8,297,3029.31713930274,-17091,307
1622110262541,1622110262571,30,2,221,9680.798577101,-1,119
1622110262671,1622110262741,70,1,551,44850.1487685048,-48698,161
1622110262891,1622110262921,30,0,40,3315.419094658,-456,201
1622110263031,1622110263051,20,0,40,1897.37324679603,-737,84
1622110263521,1622110263541,20,2,316,16732.3066170073,-1,86
1622110263641,1622110263711,70,16,506,12396.9054551205,-25167,257
1622110263721,1622110263741,20,0,38,1584.12290543394,-1,66
1622110263751,1622110263761,10,-1,32,1335.85104338433,-1,-1
1622110263771,1622110263831,60,7,250,12366.7357510629,-19181,197
1622110263851,1622110263901,50,1,71,3102.14301532712,-202,105
1622110263960,1622110263970,10,-1,38,1939.17814816778,-1,-1
1622110264080,1622110264140,60,16,540,27481.167728896,-25852,353
1622110264310,1622110264370,60,14,370,13934.2862831806,-20645,171
1622110264530,1622110264580,50,10,236,10692.5889699258,-1,71
1622110264680,1622110264730,50,12,416,30626.8789190975,-16590,315
1622110264740,1622110264790,50,2,57,4212.66110430113,-2052,91
1622110264860,1622110264880,20,0,36,401.585580532029,-1,90
1622110264930,1622110265020,90,8,341,22875.9152555099,-19478,175
1622110265200,1622110265230,30,2,116,6854.24331458458,-6342,128
1622110265350,1622110265360,10,-1,93,6753.36048061544,-1,-1
1622110265480,1622110265559,79,12,1485,14607.0912325135,-123189,308
1622110265719,1622110265739,20,0,37,3024.00337857665,-1,169
1622110266069,1622110266089,20,10,1455,97515.4747333412,-1,172
1622110266219,1622110266309,90,10,1383,-1.0,-105784,291
1622110266339,1622110266349,10,-1,41,2164.22554568176,-1,-1
1622110266399,1622110266419,20,0,51,2426.78856755742,-1,255
1622110266479,1622110266559,80,26,696,36311.2103951028,-20073,90
1622110266619,1622110266669,50,4,132,8610.6426133591,-8215,263
1622110266689,1622110266879,190,9,101,4984.13442758167,-4115,266
1622110266919,1622110266939,20,0,52,1803.15334599038,-1,124
1622110266979,1622110266989,10,-1,37,1221.38062781798,-1,-1
1622110266999,1622110267069,70,2,235,16511.1205985606,-12651,251
1622110267079,1622110267198,119,2,208,13360.9442214378,-13585,246
1622110267298,1622110267318,20,0,36,2587.99280328609,-252,264
1622110267648,1622110267698,50,5,191,12049.1203745444,-10106,273
1622110268188,1622110268368,180,13,492,27468.0013793938,-1687,66
1622110268468,1622110268818,350,14,607,14083.7873635163,-23452,143
1622110268977,1622110269327,350,32,620,21752.1958979454,-22051,133
1622110269337,1622110269397,60,2,368,14259.3512126236,-17980,308
1622110269417,1622110269427,10,-1,130,10788.3659725358,-1,-1
1622110269437,1622110269457,20,1,144,12118.4922029784,-7428,247
1622110269547,1622110269577,30,2,143,10064.4512307058,-4973,79
1622110269587,1622110269617,30,2,145,10113.9812958443,-5905,255
1622110269687,1622110269697,10,-1,30,1548.02551028234,-1,-1
1622110269967,1622110270017,50,0,260,20749.2672860973,-15344,326
1622110270167,1622110270197,30,1,87,4631.62533771966,-4719,273
1622110270377,1622110270496,119,8,381,10939.9574492207,-22284,267
1622110270516,1622110270526,10,-1,30,318.664521639991,-1,-1
1622110270556,1622110270576,20,0,30,1549.92966580988,-1,286
1622110270896,1622110270906,10,-1,62,3817.95381885953,-1,-1
1622110271056,1622110271156,100,11,266,12087.2173319497,-8864,266
1622110271526,1622110271546,20,0,67,4649.38872654312,-2964,206
1622110272265,1622110272285,20,0,43,2387.31466957951,-1,77
1622110272415,1622110272505,90,12,284,6665.78393307288,-11910,266
1622110272565,1622110272615,50,0,288,21706.6016705654,-17961,53
1622110272705,1622110272775,70,11,604,35313.8542164556,-25111,233
1622110272885,1622110272935,50,9,349,22439.375496033,-21187,33
1622110273215,1622110273235,20,8,929,51198.8562612748,-1,81
1622110273395,1622110273405,10,-1,785,-1.0,-1,-1
1622110273505,1622110273565,60,4,135,37.4564637636425,-6839,103
1622110273595,1622110273625,30,1,62,2179.63934663659,-3091,102
1622110273655,1622110273695,40,2,103,5366.49173994834,-5611,178
1622110273824,1622110274164,340,21,644,32807.4083401659,-37891,4
1622110274184,1622110274254,70,3,96,4200.4616666577,-5192,171
1622110275603,1622110275893,290,28,904,45986.6440496986,-21483,129
1622110275913,1622110275923,10,-1,31,226.441042120493,-1,-1
1622110275973,1622110275983,10,-1,31,602.013096901279,-1,-1
1622110275993,1622110276053,60,1,204,9667.15717963723,-9328,331
1622110276153,1622110276163,10,-1,51,2785.80640465636,-1,-1
1622110276513,1622110276563,50,9,377,17711.1438042262,-17261,355
1622110277502,1622110277522,20,6,669,34051.5511865887,-1,128
1622110277632,1622110277722,90,12,421,12513.3862803095,-18701,280
1622110277772,1622110277782,10,-1,35,1403.39853243619,-1,-1
1622110277862,1622110277912,50,4,159,6729.15959008443,-7240,290
1622110278192,1622110278222,30,1,69,3494.86370782032,-2148,175
1622110278781,1622110278821,40,4,177,9865.93547186958,-9193,354
1622110278941,1622110278961,20,1,149,7734.31508003277,-1,80
1622110279061,1622110279091,30,4,204,8096.79016835695,-7909,262
1622110279101,1622110279121,20,1,90,8367.50329696674,-885,285
1622110279511,1622110279561,50,9,391,17221.4565924633,-19519,150
1622110279781,1622110279881,100,22,620,29647.3429244203,-27496,160
1622110279981,1622110280240,259,12,458,31542.5316426003,-25849,327
1622110280270,1622110280290,20,0,37,1157.68369122421,-457,12
1622110280650,1622110280700,50,4,147,6939.72042914318,-6733,349
1622110280840,1622110280900,60,6,206,9559.94073800893,-11947,199
1622110281220,1622110281260,40,3,121,6178.07689207385,-5416,346
1622110281540,1622110281570,30,3,147,8595.92829114373,-2624,150
1622110282669,1622110282689,20,3,442,29750.6278020002,-1,85
1622110282829,1622110282899,70,8,283,13245.5850138699,-16105,274
1622110283029,1622110283139,110,39,704,28992.6447564146,-23348,52
1622110283159,1622110283199,40,2,62,2720.79489600687,-2031,219
1622110283209,1622110283239,30,0,40,949.730939634102,-936,203
1622110283269,1622110283309,40,1,41,817.795717291847,-155,221
1622110283329,1622110283339,10,-1,32,849.889008548643,-1,-1
1622110283349,1622110283369,20,0,40,1549.89399789825,-1,221
1622110283379,1622110283409,30,0,43,1413.69414609189,-1208,218
1622110283429,1622110283439,10,-1,30,744.387008017791,-1,-1
1622110283459,1622110283479,20,1,68,5242.71630927133,-1,107
1622110283528,1622110283578,50,1,51,1840.82627089262,-876,232
1622110283648,1622110283708,60,3,332,25539.4561096243,-16784,209
1622110283718,1622110283778,60,1,270,19276.3799719221,-12944,257
1622110283798,1622110283888,90,0,355,26236.5952719057,-22933,4
1622110284008,1622110284128,120,11,371,3396.90454448175,-23594,266
1622110284148,1622110284178,30,2,113,7471.01420445146,-4979,252
1622110284618,1622110284648,30,1,83,6014.55225375922,-4960,244
1622110285437,1622110285447,10,-1,44,3982.16266979777,-1,-1
1622110285627,1622110285667,40,1,110,9280.37476567642,-5549,304
1622110285677,1622110285687,10,-1,30,1933.49754591423,-1,-1
1622110286337,1622110286367,30,5,539,27539.9800043683,-1,81
1622110286457,1622110286577,120,12,279,8578.74366483133,-16204,271
1622110286687,1622110286747,60,8,339,18316.5754646367,-16530,85
1622110286757,1622110286767,10,-1,39,962.87099488881,-1,-1
1622110286816,1622110286826,10,-1,31,477.826591033329,-1,-1
1622110286876,1622110286936,60,2,57,2310.64992353919,-1882,285
1622110286946,1622110286976,30,3,177,9073.10172295712,-7001,284
1622110287016,1622110287126,110,4,63,2385.74486102625,-1978,310
1622110287136,1622110287346,210,15,143,5361.82723489005,-6559,296
1622110287446,1622110287506,60,0,378,28903.7833560459,-29628,216
1622110287566,1622110287576,10,-1,32,1921.92877018672,-1,-1
1622110287596,1622110287666,70,3,160,8406.3611003898,-11035,343
1622110287676,1622110287846,170,5,272,17070.9874783439,-23912,162
1622110287856,1622110288026,170,10,467,28937.3825006227,-12384,140
1622110288046,1622110288096,50,1,42,922.548423665348,-567,117
1622110288136,1622110288176,40,2,78,1936.74097602079,-3875,84
1622110288216,1622110288226,10,-1,32,417.516037926177,-1,-1
1622110288266,1622110288296,30,16,1997,118405.208885809,-1,136
1622110288395,1622110288485,89,11,435,16158.1616626653,-34789,277
1622110288835,1622110288865,30,0,40,1366.62239438893,-310,104
1622110288875,1622110288895,20,0,34,561.065639416548,-251,104
1622110288935,1622110288945,10,-1,31,1545.03064051649,-1,-1
1622110288975,1622110288995,20,11,1006,57030.6647994211,-1,89
1622110289105,1622110289225,120,9,464,10761.9871349955,-32536,252
1622110289255,1622110289275,20,0,68,4269.35388981815,-1494,86
1622110289295,1622110289305,10,-1,32,462.65112859755,-1,-1
1622110289505,1622110289565,60,6,414,14906.3441023037,-18804,197
1622110289695,1622110289815,120,2,594,37528.7576457286,-30638,297
1622110289825,1622110290204,379,2,508,28099.5523508579,-30892,3
1622110290304,1622110290364,60,9,596,-1.0,-28399,265
1622110290374,1622110290504,130,8,182,10897.0703944562,-11472,281
1622110290514,1622110290554,40,1,73,3626.19958708157,-3766,292
1622110290564,1622110290614,50,4,166,9111.38469514904,-10625,18
1622110290684,1622110290704,20,0,40,907.312151546648,-1,326
1622110290744,1622110290754,10,-1,34,769.478232355906,-1,-1
1622110290854,1622110290884,30,1,73,3164.00177283601,-804,206
1622110291124,1622110291144,20,0,41,2883.98621430188,-1,105
1622110291154,1622110291184,30,7,793,43757.702935401,-1,94
1622110291274,1622110291344,70,14,541,5762.97286009382,-16283,252
1622110291354,1622110291384,30,1,75,5084.61819181352,-2575,98
1622110291504,1622110291514,10,-1,54,3115.75013423261,-1,-1
1622110291683,1622110291733,50,2,93,5617.54867691311,-2564,17
1622110291963,1622110291983,20,2,280,15302.1131833396,-1,76
1622110292103,1622110292183,80,11,263,2342.88100284566,-11970,262
1622110292233,1622110292243,10,-1,32,1002.36985347205,-1,-1
1622110292523,1622110292543,20,2,423,27692.2892749252,-1,91
1622110292683,1622110292743,60,4,394,8.39565966458125,-21541,273
1622110292753,1622110292763,10,-1,38,979.105381735394,-1,-1
1622110292793,1622110292823,30,4,230,17931.9951044625,-17989,136
1622110292923,1622110292953,30,3,186,12409.7745463222,-10238,323
1622110292993,1622110293033,40,5,222,11461.030167367,-10753,283
1622110293382,1622110293402,20,2,382,23023.9744998742,-1,69
1622110293492,1622110293652,160,44,1862,44227.8447445,-67834,328
1622110293662,1622110293712,50,5,140,5100.59211807998,-9409,321
1622110293762,1622110293772,10,-1,31,295.448631991903,-1,-1
1622110293792,1622110293832,40,1,42,914.145777412775,-571,150
1622110293852,1622110293902,50,4,311,13646.7438064148,-1,201
1622110294132,1622110294142,10,-1,46,-1.0,-1,-1
1622110294172,1622110294192,20,0,58,3316.8942042143,-2212,74
1622110294202,1622110294242,40,5,182,5774.75968400731,-8320,10
1622110294282,1622110294302,20,1,64,2622.16781696617,-1,12
1622110294402,1622110294452,50,12,1020,89379.449702106,-56515,186
1622110294492,1622110294512,20,0,36,2714.17102284684,-502,111
1622110294612,1622110294622,10,-1,30,248.723900778799,-1,-1
1622110294662,1622110294812,150,6,1875,118127.673297364,-180748,24
1622110295201,1622110295241,40,4,151,10074.1981266672,-10024,199
1622110295601,1622110295611,10,-1,36,701.900527627429,-1,-1
1622110295771,1622110295941,170,2,1562,78623.6682034219,-107102,33
1622110296471,1622110296501,30,5,587,32978.0361923988,-1,106
1622110296610,1622110296660,50,9,660,36122.7865179729,-59205,286
1622110296810,1622110296840,30,1,73,4186.21120339934,-3519,235
1622110297300,1622110297320,20,1,64,5014.94365144149,-1,295
1622110297390,1622110297410,20,0,38,1436.70499470326,-1,43
1622110297420,1622110297450,30,5,278,13337.2660652766,-1,131
1622110297540,1622110297600,60,13,481,22353.3375767562,-28551,345
1622110297610,1622110297710,100,12,128,6668.9690167297,-5612,34
1622110297900,1622110297910,10,-1,43,1543.0230330807,-1,-1
1622110298589,1622110298599,10,-1,35,878.764113795118,-1,-1
1622110298889,1622110298899,10,-1,80,6268.51508114812,-1,-1
1622110298989,1622110299069,80,23,1430,29267.9473566111,-62217,311
1622110299159,1622110299169,10,-1,229,-1.0,-1,-1
1622110299189,1622110299199,10,-1,50,3637.59321947197,-1,-1
1622110299209,1622110299249,40,3,523,32122.821530984,-1,111
1622110299359,1622110299449,90,17,495,32711.5125541992,-11255,262
1622110299459,1622110299469,10,-1,30,1904.89247434886,-1,-1
1622110299868,1622110299888,20,0,186,14880.5158541755,-1,104
1622110300018,1622110300108,90,10,232,8963.11118728287,-11427,277
1622110300128,1622110300168,40,1,602,36526.5719831145,-27207,267
1622110300298,1622110300338,40,8,306,16438.7784882143,-17038,178
1622110300378,1622110300398,20,0,40,2866.52065868275,-1,180
1622110300608,1622110300648,40,3,149,7629.55019482803,-8340,162
1622110300898,1622110300918,20,3,417,23323.8635557045,-1,87
1622110301008,1622110301108,100,23,1032,52972.5213306889,-76189,316
1622110301318,1622110301368,50,8,325,24903.9593534059,-20900,180
1622110301807,1622110301827,20,1,240,-1.0,-15662,350
1622110302037,1622110302057,20,1,82,5515.43423668468,-1416,10
1622110302287,1622110302457,170,10,497,31180.2813752159,-15044,161
1622110302467,1622110302487,20,0,57,3110.69744394242,-2267,253
1622110302597,1622110302647,50,5,182,8747.26092368489,-9609,319
1622110302927,1622110302977,50,0,113,6629.38795114943,-7466,33
1622110303186,1622110303196,10,-1,31,2079.76142756599,-1,-1
1622110303306,1622110303316,10,-1,159,13554.0634359674,-1,-1
1622110303326,1622110303516,190,2,291,22209.1615949418,-12207,130
1622110303846,1622110303896,50,20,892,39750.4292697905,-5108,158
1622110304056,1622110304186,130,3,668,11191.75164097,-44454,354
1622110304196,1622110304426,230,15,162,5592.01748038146,-6998,298
1622110304755,1622110304825,70,3,123,6161.77779625443,-7264,110
1622110304975,1622110305025,50,4,130,222.683270530328,-6941,316
1622110305245,1622110305265,20,0,85,-1.0,-5184,196
1622110305305,1622110305345,40,1,101,6333.53969528469,-1283,170
1622110305685,1622110305705,20,6,542,29045.7358933983,-1,52
1622110305805,1622110306015,210,10,690,17925.2608661325,-42371,175
1622110306025,1622110306175,150,4,237,19417.8585364473,-19387,200
1622110306185,1622110306195,10,-1,30,170.209425283914,-1,-1
1622110306205,1622110306215,10,-1,31,787.378919746519,-1,-1
1622110306984,1622110306994,10,-1,40,2318.77747185854,-1,-1
1622110307004,1622110307034,30,3,467,29298.7314967541,-1,166
1622110307124,1622110307214,90,12,436,6438.73315740031,-15288,304
1622110307344,1622110307374,30,2,99,4618.85086889758,-3645,102
1622110307384,1622110307394,10,-1,35,787.262601255908,-1,-1
1622110307524,1622110307544,20,0,55,3820.18141125053,-1,53
1622110307564,1622110307574,10,-1,30,1801.9187972999,-1,-1
1622110307944,1622110308063,119,0,166,13111.1360380974,-8564,262
1622110308393,1622110308413,20,1,248,15263.2941207266,-1,77
1622110308503,1622110308563,60,12,502,10709.2323202901,-21370,278
1622110308643,1622110308673,30,0,60,3413.3410622715,-1713,190
1622110308763,1622110308793,30,2,131,6412.2475536556,-6819,141
1622110309223,1622110309243,20,0,247,21565.7907440134,-1,80
1622110309373,1622110309383,10,-1,284,-1.0,-1,-1
1622110309393,1622110309453,60,6,286,26499.3403564951,-19817,274
1622110309613,1622110309632,19,0,60,3173.61164615225,-1,158
1622110309802,1622110309822,20,4,2101,187359.125060893,-1,109
1622110310002,1622110310032,30,2,846,-1.0,-74695,308
1622110310422,1622110310472,50,8,301,15863.0976989905,-17980,175
1622110311731,1622110311771,40,5,280,13086.7911923832,-12600,333
1622110312111,1622110312141,30,7,329,17098.7010558121,-355,356
1622110312511,1622110312561,50,8,275,12015.9844927623,-6276,163
1622110313030,1622110313060,30,4,1017,83050.331437907,-1,92
1622110313400,1622110313530,130,11,364,29340.8219946741,-13139,249
1622110313560,1622110313710,150,7,74,2234.42311947779,-1428,299
1622110313720,1622110313760,40,1,81,5324.12022666733,-2539,86
1622110314020,1622110314050,30,3,218,11689.2806734172,-1,126
1622110314060,1622110314100,40,4,205,17774.602175004,-11529,317
1622110314180,1622110314210,30,5,338,21763.1865840685,-1,242
1622110314549,1622110314609,60,3,119,2633.1059211615,-5163,223
1622110314619,1622110314649,30,1,100,8088.85267870112,-4001,153
1622110314719,1622110314769,50,4,1145,89630.0489868166,-722,258
1622110314909,1622110314949,40,2,1693,767.134076223555,-163951,92
1622110314959,1622110314989,30,2,121,6087.04178313229,-1,82
1622110315009,1622110315069,60,6,229,6706.45971184274,-14667,183
1622110315079,1622110315129,50,1,44,2546.57204025161,-705,86
1622110315219,1622110315269,50,9,331,10663.3504388528,-703,222
1622110315409,1622110315419,10,-1,60,-1.0,-1,-1
1622110315489,1622110315529,40,1,81,2069.00744752465,-1,296
1622110316039,1622110316109,70,10,583,36732.0026426099,-37092,304
1622110316218,1622110316248,30,3,536,34502.0433078633,-1,98
1622110316368,1622110316438,70,9,351,13092.0262568979,-18138,270
1622110316458,1622110316478,20,0,50,1601.04912850506,-1,170
1622110316538,1622110316558,20,4,487,24274.1595427229,-1,79
1622110317058,1622110317158,100,13,742,7144.69074889219,-38704,269
1622110317178,1622110317188,10,-1,53,2967.11113626248,-1,-1
1622110317418,1622110317448,30,4,230,12957.5467158881,-16705,177
1622110317678,1622110317837,159,1,398,15861.1679031194,-22713,81
1622110318077,1622110318127,50,5,240,12733.2762809438,-11765,339
1622110318457,1622110318507,50,1,181,13330.8093165057,-2556,133
1622110318517,1622110318547,30,1,140,12674.1422568238,-7658,77
1622110318607,1622110318647,40,0,68,3119.64810582104,-1508,219
1622110318737,1622110318757,20,1,72,4920.61781123108,-3599,97
1622110319027,1622110319177,150,3,653,36663.0563900986,-34753,82
1622110319187,1622110319207,20,1,61,4327.0250726195,-3085,287
1622110319347,1622110319357,10,-1,35,646.935835047836,-1,-1
1622110319526,1622110319536,10,-1,32,466.770440816022,-1,-1
1622110319616,1622110319636,20,0,49,3350.28105861694,-1,90
1622110319676,1622110319686,10,-1,63,4243.71034563527,-1,-1
1622110319696,1622110319706,10,-1,34,725.146935100492,-1,-1
1622110319716,1622110319756,40,2,90,5231.06017014774,-2513,74
1622110319776,1622110319836,60,11,1205,79404.7020120067,-22867,187
1622110319936,1622110319946,10,-1,43,3349.42638941721,-1,-1
1622110319956,1622110319976,20,0,49,3732.89433963915,-1833,315
1622110319996,1622110320026,30,1,82,5979.94400561482,-4551,181
1622110320146,1622110320336,190,18,615,40632.4284853762,-32930,99
1622110320366,1622110320376,10,-1,30,538.695812423014,-1,-1
1622110320436,1622110320556,120,15,435,22792.2187616073,-18789,296
1622110320596,1622110320606,10,-1,30,779.458495978719,-1,-1
1622110320666,1622110320676,10,-1,32,2034.09031606043,-1,-1
1622110320686,1622110320716,30,3,498,31855.3787221838,-1,81
1622110320806,1622110320896,90,27,2123,9152.64925428051,-138025,298
1622110321036,1622110321115,79,7,299,18440.0548122379,-14009,14
1622110321265,1622110321275,10,-1,35,662.366530681994,-1,-1
1622110321295,1622110321305,10,-1,32,1008.95433554773,-1,-1
1622110321335,1622110321365,30,0,61,3603.37681821158,-2584,155
1622110321385,1622110321485,100,7,176,8961.53017863009,-10817,215
1622110321515,1622110321545,30,1,83,4652.97119050367,-4052,245
1622110321565,1622110321595,30,1,51,1912.89372452068,-2047,225
1622110321905,1622110322075,170,3,1593,70991.1277317195,-94670,31
1622110322115,1622110322125,10,-1,48,2672.54931454095,-1,-1
1622110322215,1622110322225,10,-1,33,2813.32485884337,-1,-1
1622110322285,1622110322305,20,2,241,14903.7502774275,-1,78
1622110322405,1622110322465,60,13,733,67913.2766154497,-52963,276
1622110322475,1622110322495,20,0,50,3571.23116535143,-1363,122
1622110322575,1622110322694,119,28,716,26506.845904124,-37227,79
1622110322704,1622110322724,20,0,77,6522.22812400203,-2878,274
1622110322824,1622110322834,10,-1,80,-1.0,-1,-1
1622110322844,1622110322904,60,1,185,15774.6959152074,-11725,270
1622110322924,1622110322944,20,1,120,10294.3810834984,-2248,93
1622110322954,1622110322984,30,2,128,8789.84174726116,-3225,272
1622110323034,1622110323064,30,1,90,4886.07135033862,-4361,205
1622110323114,1622110323174,60,0,549,46957.4866292758,-34680,318
1622110323514,1622110323534,20,4,343,24672.2251137859,-1,74
1622110323644,1622110323684,40,13,469,11864.5341538633,-26176,248
1622110323854,1622110323864,10,-1,34,2665.14048415216,-1,-1
1622110323984,1622110324014,30,3,172,10376.2434043417,-8750,185
1622110324244,1622110324274,30,5,264,16906.7990155644,-7081,14
1622110324393,1622110324433,40,12,807,32622.9543501407,-1,84
1622110324523,1622110324593,70,15,338,23009.2166506264,-16798,269
1622110324803,1622110324833,30,1,65,3174.89525701707,-2603,197
1622110325463,1622110325912,449,27,732,32347.9935352036,-34778,11
1622110325942,1622110325992,50,2,66,4560.11622640877,-2506,223
1622110326332,1622110326352,20,0,53,3512.97697787081,-2308,93
1622110326412,1622110326432,20,1,61,5655.76294376977,-1014,304
1622110326452,1622110326692,240,35,1238,73976.8120969642,-67735,145
1622110326702,1622110326782,80,3,185,12656.9144444875,-6716,316
1622110326792,1622110326882,90,2,293,17081.7980523153,-17772,296
1622110327032,1622110327142,110,27,581,26526.5294152676,-14886,107
1622110327162,1622110327332,170,14,374,23215.7776607491,-17835,314
1622110327412,1622110327442,30,5,260,19012.7766434528,-2977,131
1622110327452,1622110327871,419,13,377,23295.7104779874,-22951,322
1622110327881,1622110327901,20,5,311,28803.2459694313,-4272,235
1622110327971,1622110328081,110,2,288,14904.0707054346,-14921,352
1622110328091,1622110328221,130,2,332,19732.7273410321,-21557,322
1622110328251,1622110328261,10,-1,30,1958.9578664193,-1,-1
1622110328271,1622110329011,740,2,1128,62133.8725887865,-58830,2
1622110329610,1622110329790,180,1,757,72523.0269290496,-69007,220
1622110329880,1622110329900,20,0,39,1472.90183934694,-798,288
1622110329910,1622110330140,230,34,831,44975.4098833646,-28274,211
1622110330290,1622110330350,60,11,390,18457.5754303686,-18091,75
1622110330380,1622110330480,100,4,64,1541.107791142,-1441,40
1622110330510,1622110330580,70,27,844,43867.723549373,-36137,348
1622110330600,1622110330630,30,2,98,5983.03560967466,-3101,135
1622110330650,1622110330720,70,2,53,1835.76966025887,-2176,142
1622110330750,1622110330939,189,5,560,31619.3984992952,-46684,112
1622110330989,1622110330999,10,-1,32,1197.76999343153,-1,-1
1622110331569,1622110331579,10,-1,38,1781.58996685346,-1,-1
1622110331599,1622110331619,20,0,38,1039.16408760494,-756,125
1622110331669,1622110331789,120,9,158,11172.3080251153,-5713,331
1622110331799,1622110331829,30,1,50,2201.58052463534,-1309,147
1622110331859,1622110331869,10,-1,35,1031.70386272137,-1,-1
1622110331899,1622110331919,20,0,35,1274.17634357988,-1,164
1622110331939,1622110331989,50,12,534,31867.8301611889,-29913,153
1622110332069,1622110332079,10,-1,38,2535.76369698785,-1,-1
1622110332089,1622110332139,50,12,393,17824.6367333063,-27709,188
1622110332159,1622110332169,10,-1,31,1518.61503039264,-1,-1
1622110332189,1622110332199,10,-1,34,743.210421433103,-1,-1
1622110332389,1622110332658,269,12,707,37996.5599862769,-32790,4
1622110332678,1622110332718,40,1,41,760.727144758825,-433,180
1622110332808,1622110332948,140,6,205,16939.2336228133,-14205,326
1622110332958,1622110332968,10,-1,75,5139.21560350921,-1,-1
1622110333078,1622110333088,10,-1,205,-1.0,-1,-1
1622110333098,1622110333198,100,13,339,25268.6783575488,-16573,261
1622110333268,1622110333298,30,0,44,2036.33487289806,-758,259
1622110333408,1622110333418,10,-1,30,1150.3898893624,-1,-1
1622110333518,1622110333598,80,16,715,46859.330108643,-25369,37
1622110333608,1622110333778,170,18,265,22880.4832452184,-15717,225
1622110333888,1622110333898,10,-1,32,320.353217766725,-1,-1
1622110334357,1622110334387,30,4,448,24701.8056814792,-1,84
1622110334477,1622110334557,80,16,404,16784.9386937935,-16384,277
1622110334827,1622110334877,50,5,184,13741.3025866179,-9841,183
1622110335247,1622110335257,10,-1,34,1733.6135693751,-1,-1
1622110335397,1622110335507,110,12,282,12865.0183973157,-5801,273
1622110335976,1622110336036,60,6,154,9952.30379295174,-6982,325
1622110336446,1622110336466,20,8,791,42030.1740855567,-1,85
1622110336566,1622110336646,80,3,293,5825.4139134691,-23842,277
1622110337046,1622110337076,30,0,37,1983.95606528215,-610,15
1622110337106,1622110337126,20,0,142,11247.0188425929,-1,288
1622110337236,1622110337296,60,6,267,16826.8491904562,-12009,278
1622110337306,1622110337355,49,1,191,15982.9161632049,-12193,35
1622110337475,1622110337485,10,-1,31,461.468047641722,-1,-1
1622110337515,1622110337545,30,1,56,1564.0581565779,-2353,223
1622110337565,1622110337605,40,1,56,3070.58174929768,-1624,236
1622110337935,1622110337975,40,3,129,6883.28892850029,-7421,24
1622110338455,1622110338475,20,2,339,22274.1696611976,-1,103
1622110338575,1622110338675,100,16,414,4284.77680679263,-21124,264
1622110339164,1622110339434,270,5,468,22084.9310506677,-33093,76
1622110339454,1622110339474,20,1,165,11959.7121551918,-1,92
1622110339564,1622110339634,70,12,322,4409.93486284612,-11171,267
1622110339994,1622110340014,20,1,183,12682.4308862039,-1,77
1622110340134,1622110340214,80,9,221,11006.5505284173,-8318,261
1622110340893,1622110340943,50,10,338,12553.0193471823,-194,81
1622110341053,1622110341133,80,11,387,25332.7260125782,-12571,271
1622110341143,1622110341163,20,0,41,1964.962069761,-162,107
1622110341713,1622110341733,20,3,444,27345.260822872,-1,94
1622110341823,1622110341913,90,14,303,10875.6787155246,-14235,271
1622110342103,1622110342153,50,8,276,12637.8449145422,-13124,284
1622110342442,1622110342492,50,6,221,13185.7541786577,-12139,166
1622110342642,1622110342692,50,7,291,15699.0793747529,-11189,332
1622110342962,1622110342982,20,8,830,42834.1046131134,-1,76
1622110343072,1622110343142,70,13,423,24374.0573225345,-13281,261
1622110344061,1622110344121,60,10,331,15101.3750295788,-16265,80
1622110344261,1622110344281,20,5,662,39071.2139279148,-1,85
1622110344371,1622110344451,80,19,492,3913.81116018508,-14548,262
1622110344491,1622110344511,20,0,59,3258.58510146178,-2579,109
1622110344551,1622110344561,10,-1,31,251.686694492054,-1,-1
1622110344701,1622110344751,50,5,181,10219.7883631345,-8950,267
1622110345071,1622110345111,40,9,387,21429.7293710654,-20135,138
1622110345660,1622110345700,40,9,1222,69153.7789664799,-1,63
1622110345800,1622110345880,80,17,538,42811.0287999004,-12968,275
1622110346040,1622110346080,40,5,244,12184.3705685679,-12558,142
1622110346220,1622110346240,20,0,70,6676.11613163092,-2537,244
1622110346850,1622110347030,180,7,420,26161.7445908374,-20791,316
1622110347299,1622110347319,20,1,67,4985.65837409676,-2082,120
1622110347339,1622110347399,60,7,294,15144.261957865,-12871,141
1622110347919,1622110347989,70,7,281,14211.1111884148,-11751,331
1622110348069,1622110348089,20,6,1035,70151.6901293584,-1,87
1622110348179,1622110348269,90,14,310,9076.04410091308,-13047,267
1622110348848,1622110348908,60,11,420,19892.8990747195,-18522,330
1622110349288,1622110349508,220,11,638,28733.073681908,-27941,151
1622110349678,1622110349688,10,-1,36,2531.5227011467,-1,-1
1622110350048,1622110350108,60,11,401,19544.8666298523,-18165,326
1622110350407,1622110350457,50,10,422,22787.5287929732,-21907,148
1622110350667,1622110350687,20,1,210,14350.4816098781,-1,85
1622110350777,1622110350867,90,17,742,12088.9160751583,-33193,263
1622110351057,1622110351067,10,-1,36,2093.94630152546,-1,-1
1622110351127,1622110351177,50,10,350,17821.8023125415,-17778,150
1622110352146,1622110352156,10,-1,33,996.037409084466,-1,-1
1622110352746,1622110352766,20,1,192,14096.5559889747,-1,82
1622110352856,1622110352946,90,17,276,6630.9123250695,-10913,272
1622110353486,1622110353546,60,11,401,18575.960401924,-18064,151
1622110354015,1622110354035,20,0,39,2024.14373021386,-308,353
1622110354275,1622110354295,20,10,777,52035.2490412973,-1,86
1622110354385,1622110354465,80,15,330,4887.89954480436,-10927,267
1622110354635,1622110354685,50,5,207,10287.3377884985,-8717,173
1622110354735,1622110354765,30,1,75,3752.15114097082,-26,202
1622110354815,1622110354835,20,0,40,673.248600710195,-1,29
1622110355025,1622110355075,50,10,369,23172.0674130846,-20410,338
1622110355534,1622110355594,60,11,446,19897.4306783008,-12951,141
1622110355704,1622110355784,80,10,235,10394.7301438994,-7736,265
1622110356164,1622110356184,20,0,62,3399.54276814508,-1,180
1622110356634,1622110356654,20,0,66,3921.12032642545,-2824,248
1622110356694,1622110356784,90,13,433,19424.5860079609,-21794,342
1622110357123,1622110357133,10,-1,32,2146.38494302386,-1,-1
1622110357483,1622110357543,60,14,522,32356.4855134286,-24278,156
1622110357653,1622110357663,10,-1,31,2218.85986223072,-1,-1
1622110357753,1622110357773,20,8,914,49618.7237029463,-1,86
1622110357863,1622110357953,90,16,399,-1.0,-12793,275
1622110358273,1622110358333,60,8,342,17303.1200181189,-15982,337
1622110358503,1622110358562,59,15,634,40091.0317607254,-33405,46
1622110358662,1622110358672,10,-1,32,1009.34524969001,-1,-1
1622110358752,1622110358772,20,1,144,8393.78851540683,-1,109
1622110358882,1622110359002,120,12,328,5862.52979513996,-19248,269
1622110359062,1622110359082,20,0,53,1865.02044898083,-1,34
1622110359112,1622110359142,30,2,103,5733.89857196062,-3784,165
1622110359472,1622110359532,60,7,355,30541.4496606774,-20521,349
1622110359722,1622110359762,40,5,210,11273.1591208913,-11388,170
1622110359892,1622110360042,150,49,1153,42350.4211827387,-54843,329
1622110360052,1622110360191,139,21,253,13107.9616602712,-10204,155
1622110360221,1622110360271,50,2,85,7347.65110556594,-3255,319
1622110360301,1622110360321,20,0,35,639.451668592091,-1,275
1622110360431,1622110360441,10,-1,30,1936.06398301262,-1,-1
1622110360451,1622110360461,10,-1,34,2783.48333069684,-1,-1
1622110360571,1622110360601,30,2,104,4999.68094733843,-2883,196
1622110360711,1622110360721,10,-1,52,4396.8496194673,-1,-1
1622110360801,1622110360821,20,0,40,3125.2862780233,-199,143
1622110360991,1622110361461,470,30,909,67832.8694901227,-46207,173
1622110361571,1622110361621,50,12,541,23973.5958842903,-30829,307
1622110361651,1622110361691,40,1,81,6233.38929972664,-2251,345
1622110361731,1622110361741,10,-1,48,2971.97738527125,-1,-1
1622110361790,1622110361850,60,5,651,37364.120309392,-8877,51
1622110361980,1622110362000,20,0,48,-1.0,-1606,27
1622110362010,1622110362160,150,24,1141,56293.1709800222,-66387,73
1622110362170,1622110362180,10,-1,30,1018.13181241715,-1,-1
1622110362450,1622110362530,80,4,624,38216.9653505885,-599,81
1622110362650,1622110362820,170,13,198,1031.92964191548,-6074,260
1622110362850,1622110362860,10,-1,31,403.214280355388,-1,-1
1622110362870,1622110362920,50,1,133,6353.6193107015,-7929,210
1622110362990,1622110363000,10,-1,600,59507.4985679754,-1,-1
1622110363110,1622110363190,80,15,411,14664.0655203675,-17165,286
1622110363320,1622110363340,20,0,36,383.195907736561,-1,300
1622110363489,1622110363529,40,3,121,5918.17634845046,-6559,110
1622110363769,1622110363829,60,9,420,16269.1517739761,-25116,344
1622110364009,1622110364049,40,4,193,10348.4314711699,-8277,18
1622110364179,1622110364259,80,15,519,30447.0966064479,-21132,169
1622110364919,1622110364939,20,1,82,5839.99891206351,-2429,74
1622110364979,1622110365048,69,6,204,11548.7172730677,-9708,308
1622110365268,1622110365308,40,5,241,14123.6477562599,-13355,148
1622110365618,1622110365638,20,4,714,46067.0866746057,-1,86
1622110365728,1622110365838,110,15,271,16260.5819845754,-7818,274
1622110365928,1622110365998,70,7,446,13691.2347773185,-23069,128
1622110366168,1622110366178,10,-1,35,3524.13420216145,-1,-1
1622110366188,1622110366228,40,1,194,17220.047825065,-3325,107
1622110366288,1622110366298,10,-1,31,688.278023413531,-1,-1
1622110366408,1622110366428,20,0,34,1586.09602874603,-79,275
1622110366608,1622110366628,20,1,267,17285.2666201455,-1,99
1622110366737,1622110366817,80,12,255,7118.5492702062,-14139,258
1622110366857,1622110366907,50,1,207,16957.664873097,-7589,123
1622110366947,1622110367077,130,1,259,20728.6108943326,-14427,302
1622110367137,1622110367157,20,0,46,2356.63429247848,-258,260
1622110367167,1622110367197,30,0,36,561.79066955895,-421,270
1622110367227,1622110367247,20,0,38,1376.29230524476,-1,231
1622110367267,1622110367287,20,0,44,2381.26821856228,-1092,280
1622110367737,1622110367757,20,0,60,3713.43737572603,-2351,146
1622110367797,1622110367817,20,0,42,3001.25904684591,-1,331
1622110367827,1622110367987,160,17,629,36946.7215139659,-40816,307
1622110367997,1622110368027,30,1,88,5675.16250888181,-2459,285
1622110368047,1622110368077,30,1,54,2521.36288545678,-1446,246
1622110368087,1622110368177,90,11,396,17265.7487420979,-20375,153
1622110368277,1622110368306,29,2,134,9723.67742980956,-5321,93
1622110368346,1622110368366,20,0,40,3118.94584624282,-1,270
1622110368826,1622110368856,30,2,145,9727.40070050911,-4200,85
1622110368896,1622110368926,30,3,194,11912.1253801508,-14833,260
1622110369306,1622110369326,20,0,31,1403.12958369592,-1,115
1622110369336,1622110369346,10,-1,35,1253.87591946065,-1,-1
1622110370305,1622110370385,80,13,948,94608.1920318172,-59470,73
1622110370395,1622110370455,60,13,395,16378.8756338289,-17388,253
1622110371225,1622110371245,20,1,231,14458.6936761864,-1,66
1622110371355,1622110371465,110,15,324,13381.6870615553,-9794,256
1622110371664,1622110371714,50,5,144,9865.57780254466,-3463,312
1622110371894,1622110371904,10,-1,30,867.668106427074,-1,-1
1622110371964,1622110371974,10,-1,30,2147.89674961142,-1,-1
1622110372064,1622110372074,10,-1,33,1524.37771659819,-1,-1
1622110372144,1622110372154,10,-1,41,1801.4486975276,-1,-1
1622110372224,1622110372234,10,-1,33,582.148765028583,-1,-1
1622110372244,1622110372264,20,7,696,37422.3672973128,-1,62
1622110372764,1622110373004,240,21,236,7871.80597042462,-13465,170
1622110373034,1622110373124,90,6,206,14584.20456431,-9272,210
1622110373144,1622110373243,99,2,370,14831.3908355,-13737,152
1622110373263,1622110373293,30,5,240,22961.9085130758,-19575,87
1622110373313,1622110373513,200,23,1005,71338.2919979012,-92006,193
1622110373523,1622110373533,10,-1,31,540.623247907326,-1,-1
1622110373543,1622110373563,20,0,33,2061.76106414033,-326,26
1622110373623,1622110373873,250,37,896,65665.5067377827,-31759,91
1622110373973,1622110374043,70,5,436,33221.0697990353,-25647,198
1622110374053,1622110374103,50,0,132,11135.2190659984,-8299,38
1622110374223,1622110374263,40,0,64,5172.13478776626,-1941,32
1622110374293,1622110374313,20,3,153,13803.8380307347,-3371,139
1622110374323,1622110374373,50,1,329,19125.3041519531,-13622,311
1622110374463,1622110374593,130,27,644,27488.9642618704,-43881,264
1622110374643,1622110374663,20,2,331,19299.1665238351,-1,271
1622110375242,1622110375292,50,10,362,-1.0,-16709,269
1622110375302,1622110375312,10,-1,125,12183.9413348034,-1,-1
1622110375322,1622110375352,30,1,70,6271.14221509177,-1265,128
1622110375362,1622110375382,20,0,36,942.928620895005,-429,303
1622110375492,1622110375562,70,33,1600,142993.984093316,-83123,110
1622110375592,1622110375672,80,2,428,31581.8161129927,-33221,276
1622110375692,1622110375722,30,0,40,1271.99313472083,-914,288
1622110375922,1622110375982,60,9,470,26570.8559875923,-30763,135
1622110375992,1622110376012,20,0,37,1788.18866331066,-671,251
1622110376082,1622110376172,90,1,388,28694.4202831975,-15979,337
1622110376222,1622110376232,10,-1,31,2402.8394844414,-1,-1
1622110376302,1622110376362,60,8,435,31177.0044747811,-19510,308
1622110376841,1622110376861,20,1,146,9497.27338091415,-1,117
1622110376951,1622110377101,150,11,423,35017.8850309909,-37144,283
1622110377261,1622110377301,40,8,371,25313.2852910149,-14719,78
1622110377311,1622110377331,20,6,439,43337.5691427194,-7188,260
1622110377371,1622110377451,80,4,554,33034.9014582145,-35075,218
1622110377521,1622110377571,50,1,287,22463.8385956498,-12501,36
1622110377581,1622110377631,50,0,273,18353.9892886631,-14767,49
1622110377671,1622110377681,10,-1,30,1870.6399889565,-1,-1
1622110378410,1622110378450,40,1,46,2886.89478979457,-1033,313
1622110379150,1622110379160,10,-1,41,1794.40381856027,-1,-1
1622110379340,1622110379360,20,1,274,19209.228414934,-1,88
1622110379450,1622110379540,90,15,587,3440.0252305602,-36015,265
1622110379839,1622110379849,10,-1,40,-1.0,-1,-1
1622110379919,1622110379969,50,0,235,16088.1361146885,-15855,45
1622110379979,1622110379989,10,-1,33,616.795560857621,-1,-1
1622110380049,1622110380059,10,-1,78,4870.9418903491,-1,-1
1622110380069,1622110380179,110,41,850,30645.2576418014,-10387,326
1622110380289,1622110380329,40,4,178,8127.15845851077,-4025,121
1622110380339,1622110380469,130,7,277,20309.0975756855,-23422,160
1622110380479,1622110380499,20,5,227,20409.3280507026,-1,262
1622110380639,1622110380799,160,2,549,49064.0301658009,-45558,225
1622110380809,1622110381139,330,39,649,31359.1638624413,-13897,126
1622110381159,1622110381169,10,-1,30,368.943863893288,-1,-1
1622110381249,1622110381269,20,0,39,1613.36917465204,-935,327
1622110381438,1622110381448,10,-1,36,1264.33953193545,-1,-1
1622110381608,1622110381618,10,-1,33,764.615072362462,-1,-1
1622110381748,1622110381768,20,0,38,1910.50307314608,-776,263
1622110381918,1622110381938,20,3,470,28591.5180170544,-1,82
1622110382028,1622110382108,80,14,320,12908.6187168327,-8165,267
1622110382358,1622110382368,10,-1,38,1007.67047036277,-1,-1
1622110382518,1622110382548,30,8,765,36639.504788781,-1,90
1622110382638,1622110382718,80,9,210,8877.93986030902,-7728,264
1622110382858,1622110382918,60,8,318,28915.5842042779,-27776,296
1622110383177,1622110383207,30,1,60,4621.93442887624,-1587,326
1622110383567,1622110383597,30,7,880,50222.2562135547,-1,89
1622110383687,1622110383767,80,12,314,3059.5140375165,-7500,260
1622110383797,1622110383937,140,4,314,22001.3934176224,-12918,118
1622110383977,1622110384017,40,3,177,7089.39385221699,-2061,48
1622110384117,1622110384147,30,3,188,12630.069939065,-5061,66
1622110384197,1622110384227,30,3,160,12331.2740412182,-3092,241
1622110384287,1622110384467,180,0,306,19978.1913754773,-24284,292
1622110384517,1622110384537,20,1,214,14261.3975397605,-1,86
1622110384666,1622110384866,200,12,349,11892.0631468417,-13743,248
1622110385216,1622110385236,20,2,265,14678.4815722721,-1,87
1622110385416,1622110385426,10,-1,212,-1.0,-1,-1
1622110387015,1622110387095,80,18,1112,5870.60042826506,-34037,298
1622110387105,1622110387175,70,7,153,11129.9564340215,-1825,35
1622110387455,1622110387655,200,10,171,5006.86988690826,-6633,187
1622110388114,1622110388144,30,0,88,6485.12102700016,-5081,345
1622110388184,1622110388464,280,47,786,44862.6228025717,-39545,107
1622110388494,1622110388594,100,10,122,4845.54809276931,-3044,291
1622110388604,1622110388664,60,1,203,16195.045197407,-8426,326
1622110388754,1622110388764,10,-1,37,2199.34352418982,-1,-1
1622110388814,1622110388864,50,0,211,19572.4066951274,-9255,257
1622110388994,1622110389004,10,-1,262,24369.6061536106,-1,-1
1622110389114,1622110389204,90,11,907,20215.2149206062,-66812,273
1622110389254,1622110389284,30,0,40,1261.4942788057,-246,71
1622110389294,1622110389344,50,2,60,1798.67243077194,-10,77
1622110389493,1622110389543,49,1,241,15552.0851306905,-15568,60
1622110389953,1622110390003,50,0,138,9861.51101441132,-8809,28
1622110390023,1622110390103,80,1,198,13508.8805646285,-8683,72
1622110390663,1622110390803,140,3,220,8592.77552550282,-8528,176
1622110391362,1622110391412,50,4,107,-1.0,-71,181
1622110391572,1622110391762,190,22,1054,33714.6869454863,-37549,311
1622110391802,1622110391942,140,12,322,15192.7822771606,-16636,220
1622110392202,1622110392402,200,6,1778,10988.3108126892,-142454,94
1622110392442,1622110392482,40,2,101,5156.29151471859,-3199,239
1622110392911,1622110392921,10,-1,60,5155.5035484115,-1,-1
1622110392931,1622110392951,20,0,60,3360.80715402389,-776,122
1622110392971,1622110393081,110,35,807,36333.6776286846,-24602,264
1622110393091,1622110393291,200,8,828,46551.5733026716,-7541,51
1622110393491,1622110393501,10,-1,34,-1.0,-1,-1
1622110393661,1622110393731,70,17,885,46328.7097460581,-607,122
1622110393821,1622110393991,170,1,387,9235.60761015463,-10952,73
1622110394161,1622110394241,80,28,643,30417.0196289501,-17293,265
1622110394251,1622110394301,50,2,69,5443.04287902012,-3473,85
1622110394550,1622110394570,20,0,49,2285.52701709081,-623,61
1622110394610,1622110394670,60,24,759,41327.5859488121,-26614,91
1622110394950,1622110395050,100,28,708,37499.0360426654,-19137,270
1622110395070,1622110395080,10,-1,30,1205.75249814405,-1,-1
1622110395250,1622110395260,10,-1,33,1346.97703493021,-1,-1
1622110395310,1622110395530,220,12,106,2415.13474978167,-2952,125
1622110395630,1622110395660,30,1,53,1864.76255711473,-1421,31
1622110395680,1622110395720,40,1,57,1612.37576340506,-569,64
1622110395770,1622110395810,40,5,236,11353.5205724313,-11723,61
1622110396079,1622110396099,20,0,45,1629.53403737852,-1061,173
1622110396219,1622110396409,190,5,257,17516.4575506584,-12897,118
1622110396429,1622110396479,50,1,149,9570.93067389696,-5079,35
1622110396489,1622110396639,150,9,227,18139.8753159246,-8569,280
1622110396489,1622110396639,150,9,227,18139.8753159246,-8569,280
1622110396679,1622110396719,40,3,126,5481.86243402491,-5726,177
1622110396839,1622110396849,10,-1,32,417.550331005137,-1,-1
1622110396859,1622110396909,50,8,889,45212.5057863874,-1,93
1622110396999,1622110397109,110,10,754,18955.2726069371,-68516,204
1622110397119,1622110397179,60,5,379,35348.2617295019,-20123,171
1622110397209,1622110397289,80,1,226,14797.1735107501,-11231,32
1622110397299,1622110397399,100,0,275,17192.6588890311,-19305,36
1622110397409,1622110398138,729,39,794,51308.7710861649,-44593,121
1622110398148,1622110398198,50,3,263,13521.5851293593,-13304,70
1622110398358,1622110398438,80,3,185,13719.9240628467,-9976,266
1622110398448,1622110398498,50,0,377,29200.2050116352,-2081,255
1622110398598,1622110398658,60,7,720,5949.32048543203,-36067,291
1622110398668,1622110398758,90,6,144,13793.2868119123,-7604,89
1622110398778,1622110398798,20,0,38,1023.91298608984,-495,90
1622110398998,1622110399028,30,1,88,7559.09586552171,-5078,3
1622110399128,1622110399188,60,2,54,1034.03329604745,-1489,268
1622110399208,1622110399537,329,20,668,26169.6638111187,-30172,299
1622110399547,1622110399577,30,1,61,1660.63578079948,-957,251
1622110399767,1622110400077,310,40,887,66241.1190800333,-73414,6
1622110400137,1622110400147,10,-1,42,2994.89337275918,-1,-1
1622110400157,1622110400167,10,-1,62,4273.10255260395,-1,-1
1622110400177,1622110400297,120,5,145,9257.96742842978,-6677,254
1622110400367,1622110400537,170,10,1844,117469.58942455,-109431,55
1622110400547,1622110400567,20,0,65,3643.33377860847,-1710,72
1622110400627,1622110400777,150,20,666,35761.9755063758,-21623,80
1622110400797,1622110400807,10,-1,30,348.082749750985,-1,-1
1622110400817,1622110400836,19,0,50,2219.18917512503,-1,234
1622110400906,1622110400916,10,-1,57,5335.97578419148,-1,-1
1622110400926,1622110400976,50,3,131,10121.6363158286,-6600,201
1622110400996,1622110401036,40,2,137,8263.05549753544,-7122,27
1622110401096,1622110401176,80,2,1115,80570.3569661487,-108392,197
1622110401216,1622110401276,60,7,456,33781.2806251473,-21041,301
1622110401306,1622110401406,100,2,489,23937.5726105838,-36848,148
1622110401416,1622110401576,160,21,559,33461.0887607704,-33422,232
1622110401586,1622110401636,50,2,105,10176.0210691861,-5647,84
1622110401656,1622110401676,20,0,53,1548.34196603328,-1,79
1622110401726,1622110401806,80,6,198,11852.0308398,-8673,280
1622110401956,1622110402006,50,1,48,1520.65200756404,-1141,277
1622110402016,1622110402036,20,0,36,497.454728366997,-1,257
1622110402086,1622110402096,10,-1,31,1698.71105583076,-1,-1
1622110402106,1622110402126,20,1,211,14570.142585351,-1,87
1622110402226,1622110402296,70,6,942,4341.93461321973,-61021,262
1622110402306,1622110402316,10,-1,70,4646.25755304556,-1,-1
1622110402326,1622110402356,30,1,78,4593.54872387956,-3073,62
1622110402386,1622110402406,20,2,129,10378.5462560723,-1204,68
1622110402446,1622110402555,109,7,112,6001.92165551359,-1773,267
1622110402565,1622110402585,20,0,41,1126.04820210377,-1,275
1622110402595,1622110402635,40,2,79,4785.81099152204,-2886,197
1622110402715,1622110402865,150,1,891,44758.2877533988,-57632,80
1622110402895,1622110402915,20,1,94,7128.08349324406,-1963,251
1622110403215,1622110403235,20,1,184,13751.349969036,-1,88
1622110403325,1622110403375,50,6,314,13357.5536736274,-25516,277
1622110403625,1622110403645,20,0,39,1292.02419333835,-341,191
1622110403695,1622110403745,50,19,526,28404.5464997453,-20329,32
1622110403775,1622110403825,50,1,103,6207.80343664531,-4065,223
1622110403865,1622110403895,30,2,117,7325.75164331068,-7755,94
1622110403945,1622110403965,20,0,33,1694.54183258004,-1,212
1622110404015,1622110404045,30,2,111,6393.27621391873,-7060,163
1622110404144,1622110404314,170,22,626,33624.0715147194,-30757,118
1622110404494,1622110404654,160,33,1489,98651.0579072922,-49589,273
1622110404664,1622110404714,50,3,71,4334.97430606733,-2392,87
1622110404774,1622110404794,20,0,54,2964.70462750275,-701,105
1622110404824,1622110404854,30,1,54,3021.96932702549,-1987,109
1622110404864,1622110404914,50,2,59,2180.36029162591,-1317,205
1622110404924,1622110404934,10,-1,34,482.083491281576,-1,-1
1622110404984,1622110405014,30,0,43,1943.80589321435,-1118,199
1622110405164,1622110405194,30,2,103,7036.45092175974,-6399,20
1622110405284,1622110405674,390,16,859,51838.9405736136,-48864,335
1622110405843,1622110405893,50,3,77,4055.33383782193,-2841,174
1622110406013,1622110406213,200,41,545,22460.2914140102,-20240,112
1622110406223,1622110406393,170,6,151,6765.71142304875,-5638,284
1622110406413,1622110406433,20,0,38,1625.68555981781,-494,277
1622110406453,1622110406483,30,0,47,1542.72625338642,-916,306
1622110406553,1622110406573,20,0,36,784.144364868674,-362,45
1622110406643,1622110406683,40,5,474,25329.4798677808,-1,66
1622110406783,1622110406953,170,8,699,8528.0649875012,-22898,228
1622110406983,1622110406993,10,-1,37,1698.34332639307,-1,-1
1622110407003,1622110407103,100,6,78,4296.75146211924,-2093,266
1622110407183,1622110407193,10,-1,30,840.000892799385,-1,-1
1622110407313,1622110407342,29,3,151,8594.89767379639,-7491,43
1622110407492,1622110407502,10,-1,34,986.348888108604,-1,-1
1622110407522,1622110407542,20,0,60,2470.31247508298,-1,81
1622110407552,1622110407582,30,2,121,5811.78339864411,-3766,194
1622110407602,1622110407612,10,-1,31,1435.66827169213,-1,-1
1622110407992,1622110408022,30,1,84,4675.08001039396,-4270,24
1622110408132,1622110408352,220,34,735,27048.0429576359,-37236,344
1622110408482,1622110408562,80,4,91,2363.90160409238,-2602,189
1622110408592,1622110408622,30,1,65,2830.74607153954,-1869,239
1622110408822,1622110409121,299,31,789,67060.7555716613,-48761,145
1622110409131,1622110409141,10,-1,42,1883.20166697425,-1,-1
1622110409301,1622110409321,20,0,56,2363.76492541145,-1,99
1622110409421,1622110409431,10,-1,30,987.123268385206,-1,-1
1622110409521,1622110409541,20,0,69,3575.9985998312,-1,286
1622110409571,1622110409761,190,7,374,24560.2020346103,-22610,293
1622110409771,1622110409831,60,2,39,1091.83317181485,-1,6
1622110409841,1622110409881,40,1,111,5265.41138014265,-7294,104
1622110409891,1622110409901,10,-1,52,3243.61599488992,-1,-1
1622110409971,1622110410041,70,16,674,46047.2398690267,-45992,17
1622110410051,1622110410121,70,2,50,2059.59187891492,-2003,200
1622110410161,1622110410181,20,0,32,1569.7763569016,-1,251
1622110410311,1622110410401,90,15,1861,165793.236146699,-107043,216
1622110410411,1622110410431,20,2,168,15527.8551720559,-7074,124
1622110410441,1622110410461,20,0,65,4411.58368216561,-1,144
1622110410471,1622110410790,319,5,1087,67317.5132263953,-44561,20
1622110410800,1622110410870,70,1,158,11740.539732529,-7888,138
1622110410940,1622110410960,20,0,46,1809.12353345401,-1,102
1622110410980,1622110411010,30,2,141,7293.78735434895,-4496,77
1622110411020,1622110411360,340,23,665,53405.5571420954,-28971,96
1622110411020,1622110411360,340,23,665,53405.5571420954,-28971,96
1622110411370,1622110411460,90,5,134,7131.5735753368,-4999,321
1622110411470,1622110411620,150,5,224,16012.1357579252,-12848,310
1622110411630,1622110411690,60,4,102,4508.42790403174,-1905,286
1622110411730,1622110411780,50,2,73,4048.04792116759,-1439,332
1622110411810,1622110411820,10,-1,30,1008.3975767989,-1,-1
1622110411980,1622110412030,50,1,57,2453.970420931,-1787,105
1622110412060,1622110412160,100,4,89,2784.61006356826,-2581,97
1622110412170,1622110412190,20,0,40,2822.64435419098,-1,237
1622110412419,1622110412469,50,8,306,13754.6072192135,-14036,158
1622110412549,1622110412639,90,14,392,20881.1574927255,-17701,207
1622110412659,1622110412689,30,1,67,3499.97740197037,-2735,276
1622110412699,1622110412709,10,-1,30,1504.64559527478,-1,-1
1622110412729,1622110412749,20,0,34,1870.41603582967,-92,341
1622110412779,1622110412829,50,4,576,37155.6508075853,-690,66
1622110412939,1622110413269,330,22,644,31680.6951915596,-23831,218
1622110413289,1622110413329,40,4,165,10213.0978612275,-9147,151
1622110413339,1622110413399,60,2,71,3527.72449744227,-1718,156
1622110413409,1622110413499,90,18,819,40028.5049965907,-45415,98
1622110413529,1622110413589,60,0,146,7825.4582159772,-10369,288
1622110413619,1622110413679,60,2,537,45074.2906334651,-38442,301
1622110413689,1622110413968,279,27,602,37981.1089874228,-47422,291
1622110413998,1622110414008,10,-1,55,4359.76037563901,-1,-1
1622110414018,1622110414088,70,1,194,14343.2001825437,-11969,113
1622110414098,1622110414108,10,-1,43,3554.15646141394,-1,-1
1622110414118,1622110414158,40,6,245,10047.9413728845,-14060,173
1622110414208,1622110414218,10,-1,31,352.661512543296,-1,-1
1622110414228,1622110414258,30,1,61,2012.30250226834,-2816,75
1622110414498,1622110414518,20,0,59,3875.16869739431,-2555,78
1622110414578,1622110414618,40,3,146,8323.89377179015,-6472,344
1622110414658,1622110414668,10,-1,30,2105.84976270324,-1,-1
1622110414688,1622110414728,40,1,49,2134.07828755563,-1469,243
1622110414738,1622110414788,50,5,123,8785.2436377746,-8063,34
1622110414858,1622110414878,20,0,42,1115.26796588772,-1,243
1622110414918,1622110414928,10,-1,69,6193.71505021171,-1,-1
1622110414938,1622110414948,10,-1,79,6019.76942076731,-1,-1
1622110415038,1622110415068,30,0,71,5107.62278375252,-3598,151
1622110415078,1622110415098,20,0,59,3805.29432416723,-1,96
1622110415128,1622110415148,20,0,33,827.34332578428,-1,116
1622110415178,1622110415198,20,0,50,2182.26756692268,-694,84
1622110415218,1622110415228,10,-1,30,183.173459791614,-1,-1
1622110415238,1622110415248,10,-1,36,1689.82032028066,-1,-1
1622110415378,1622110415398,20,0,57,3904.75791388476,-2102,262
1622110415428,1622110415507,79,8,286,23554.765809328,-20214,216
1622110415607,1622110415927,320,13,1230,66019.5966317495,-79374,340
1622110415937,1622110415957,20,0,67,5196.6125352057,-2777,148
1622110415967,1622110415987,20,0,44,1803.74420376962,-1,174
1622110415997,1622110416027,30,1,64,3775.43817220164,-1708,300
1622110416047,1622110416097,50,1,51,3699.41500310098,-1604,194
1622110416107,1622110416207,100,4,102,3867.23822796481,-6795,224
1622110416217,1622110416237,20,2,138,12978.5193740874,-1161,194
1622110416247,1622110416267,20,1,84,6754.4855425936,-3273,291
1622110416357,1622110416377,20,0,46,1327.54247811397,-1,101
1622110416477,1622110416527,50,2,47,1383.97460879589,-643,107
1622110416537,1622110416577,40,1,46,1810.83380869743,-879,48
1622110416677,1622110416697,20,6,500,27752.1553892687,-1,90
1622110416787,1622110416847,60,9,807,4297.70300373245,-59212,262
1622110416857,1622110416877,20,0,58,3680.24935739965,-2622,114
1622110416887,1622110417007,120,16,678,38869.1359939305,-39653,38
1622110417017,1622110417037,20,1,102,7260.8727279451,-5092,320
1622110417136,1622110417146,10,-1,31,843.220871679139,-1,-1
1622110417166,1622110417176,10,-1,31,988.095001035294,-1,-1
1622110417196,1622110417486,290,6,337,17101.375494009,-13838,188
1622110417536,1622110417576,40,1,53,2569.1590368013,-1149,12
1622110417586,1622110417616,30,1,86,6414.34595352515,-4064,186
1622110417716,1622110417726,10,-1,32,650.96207341984,-1,-1
1622110417736,1622110417866,130,30,678,43976.6738926749,-44954,206
1622110418166,1622110418206,40,1,78,6264.93761030784,-2321,281
1622110418216,1622110418456,240,10,830,50269.6498531774,-49051,32
1622110418476,1622110418516,40,1,47,1377.0902672676,-309,46
1622110418576,1622110418596,20,0,33,1831.39779833809,-72,255
1622110418606,1622110418755,149,8,87,2763.46201746728,-2626,198
1622110418775,1622110418805,30,0,43,1048.32913469015,-746,198
1622110418845,1622110418935,90,9,233,4951.76234476464,-2065,47
1622110419035,1622110419385,350,51,1284,52875.2012665647,-69642,358
1622110419395,1622110419455,60,5,568,55298.6861752272,-22181,172
1622110419465,1622110419575,110,11,415,20039.2513261007,-27887,160
1622110419605,1622110419865,260,21,181,5832.18305775028,-6344,242
1622110419875,1622110419885,10,-1,31,1048.57106348604,-1,-1
1622110419955,1622110420025,70,10,321,13225.8110457517,-5245,82
1622110420125,1622110420185,60,5,1025,16583.1938803177,-53074,276
1622110420195,1622110420255,60,12,668,31113.4588068489,-1,86
1622110420984,1622110421044,60,14,570,38414.0121250614,-30672,272
1622110421064,1622110421124,60,2,63,2816.00273255565,-1948,57
1622110421144,1622110421344,200,12,165,9675.68575716958,-8772,258
1622110421424,1622110421534,110,7,131,5272.11809728186,-5476,117
1622110421644,1622110421684,40,2,68,2853.7546300097,-2794,257
1622110421694,1622110421714,20,17,1920,106284.68157209,-1,60
1622110421804,1622110421874,70,7,420,10239.1654998185,-21681,286
1622110422123,1622110422193,70,5,104,4391.73909784535,-1461,265
1622110422203,1622110422393,190,5,274,12585.2818100967,-8962,54
1622110422453,1622110422653,200,5,179,6769.87722997385,-5615,144
1622110422703,1622110422753,50,2,63,3018.99500702583,-2089,273
1622110422793,1622110422883,90,9,510,29782.0794334261,-2035,87
1622110422983,1622110423043,60,16,576,37228.981339789,-37359,269
1622110423083,1622110423173,90,7,130,3824.38752642915,-2525,90
1622110423223,1622110423313,90,7,143,3047.62392152635,-4845,241
1622110423363,1622110423483,120,5,69,2126.3255708632,-1502,81
1622110423523,1622110423882,359,26,682,49263.5543177321,-37219,147
1622110423932,1622110424012,80,3,63,2651.35496037377,-1506,71
1622110424032,1622110424042,10,-1,42,1713.91460948097,-1,-1
1622110424102,1622110424222,120,4,682,62283.0823717082,-1892,241
1622110424662,1622110425132,470,37,1224,63789.0956517116,-79233,313
1622110425172,1622110425321,149,13,163,5488.83647972827,-6967,93
1622110425351,1622110425491,140,15,182,7056.0607403394,-7117,280
1622110425511,1622110425781,270,12,456,33461.3570432699,-2437,133
1622110426161,1622110426231,70,5,190,8145.72302924805,-15486,265
1622110426321,1622110426441,120,12,251,9392.46889009043,-12327,261
1622110427220,1622110427250,30,2,104,6573.35827551011,-4988,348
1622110427590,1622110427790,200,3,474,21514.8042177417,-19022,189
1622110428090,1622110428120,30,1,62,3342.87407199528,-2499,175
1622110428340,1622110428390,50,4,155,9636.70752966841,-6783,296
1622110428659,1622110428699,40,4,175,11491.3325333968,-11057,63
1622110429019,1622110429059,40,3,141,6393.92175013896,-6483,195
1622110429369,1622110429389,20,0,100,4701.95405411353,-1,90
1622110429489,1622110429539,50,9,373,15644.880012239,-18165,281
1622110429549,1622110429569,20,0,43,2889.36529606856,-248,126
1622110429689,1622110429699,10,-1,33,732.99258803987,-1,-1
1622110429729,1622110429749,20,0,32,809.88359048088,-161,69
1622110429759,1622110429809,50,3,94,6220.63755948827,-2577,178
1622110429879,1622110429919,40,1,38,1422.70452761292,-484,265
1622110429949,1622110429969,20,0,37,943.732847843191,-244,263
1622110430029,1622110430049,20,0,41,925.070065372927,-1,282
1622110430158,1622110430188,30,1,67,2712.90249302967,-2051,97
1622110430238,1622110430268,30,0,43,1863.04844782158,-658,90
1622110430308,1622110430478,170,1,975,56916.2452408075,-56304,189
1622110430508,1622110430518,10,-1,31,1747.78928764347,-1,-1
1622110430728,1622110430748,20,0,53,3264.29740412461,-1760,93
1622110430768,1622110430788,20,0,69,3923.07736067893,-2079,83
1622110430808,1622110430848,40,1,64,2703.05040464246,-1979,71
1622110430868,1622110430898,30,1,47,1733.67847422888,-1422,90
1622110430918,1622110430928,10,-1,30,234.964897370218,-1,-1
1622110431008,1622110431238,230,13,84,1932.30309961135,-2093,282
1622110431308,1622110431618,310,20,105,4212.17683626586,-5002,94
1622110431638,1622110431668,30,0,35,1216.19695517854,-1,153
1622110431747,1622110432147,399,18,1026,44901.1100824351,-51256,285
1622110432167,1622110432307,140,8,79,2356.38635494434,-3532,93
1622110432347,1622110432367,20,0,58,3727.06221317182,-1,75
1622110432407,1622110432547,140,11,186,5795.76490443226,-5321,260
1622110432597,1622110432677,80,5,82,3389.13680745605,-2447,92
1622110432787,1622110432817,30,0,35,1235.94308038833,-15,284
1622110432897,1622110433207,310,20,269,6047.06567972688,-8933,21
1622110433217,1622110433426,209,42,601,22278.2148474002,-25308,172
1622110433436,1622110433656,220,30,622,45751.5777581003,-25482,347
1622110434146,1622110434226,80,10,634,12267.5176236983,-20795,277
1622110434236,1622110434256,20,0,37,943.725303078548,-269,85
1622110434266,1622110434356,90,5,82,2519.53114710477,-1896,88
1622110434446,1622110434566,120,7,80,4000.44442076384,-1634,267
1622110434666,1622110434886,220,16,1276,70217.4091464475,-60183,80
1622110434916,1622110435035,119,9,200,7503.53324844325,-8284,279
1622110435045,1622110435055,10,-1,38,955.780245387087,-1,-1
1622110435095,1622110435175,80,4,94,3112.80923099627,-1799,96
1622110435235,1622110435345,110,6,86,2743.14689556841,-1910,278
1622110435405,1622110435465,60,2,58,3026.72589109855,-1900,99
1622110435485,1622110435655,170,5,365,19170.5692459738,-14382,240
1622110435665,1622110435675,10,-1,51,4381.49825141851,-1,-1
1622110435695,1622110435765,70,3,53,1637.50788347597,-1524,110
1622110435865,1622110435885,20,0,32,1402.73507869986,-245,261
1622110436515,1622110436565,50,3,203,13196.2041060138,-8883,355
1622110436864,1622110437014,150,3,458,22251.9948076218,-33561,160
1622110437024,1622110437044,20,1,68,4707.33293665274,-366,138
1622110437464,1622110437504,40,4,176,8007.37072419129,-9567,353
1622110437794,1622110437834,40,4,180,9917.32710942388,-8324,181
1622110438064,1622110438094,30,6,606,33623.2801460876,-1,97
1622110438194,1622110438244,50,9,467,-1.0,-16632,290
1622110439083,1622110439103,20,0,50,2317.73603312879,-224,161
1622110439583,1622110439603,20,2,238,14650.8343371346,-1,90
1622110439693,1622110439783,90,10,398,16281.8087525999,-20990,259
1622110439843,1622110439862,19,0,43,3144.6319650191,-1,282
1622110440002,1622110440022,20,2,267,17726.1118433861,-1,88
1622110440192,1622110440262,70,11,473,32817.2065678605,-33300,266
1622110440282,1622110440312,30,0,42,1423.24600612843,-762,290
1622110440442,1622110440462,20,0,43,1350.03578000673,-439,90
1622110440522,1622110440552,30,5,649,39538.4638156122,-1,103
1622110440682,1622110440752,70,11,488,25246.802903442,-23868,280
1622110441591,1622110441631,40,4,169,8036.64751291878,-6988,346
1622110441901,1622110442091,190,5,546,29119.670410646,-34295,146
1622110442571,1622110442601,30,1,85,4371.13664235834,-4206,191
1622110443071,1622110443111,40,4,167,8081.15265551708,-7827,347
1622110443370,1622110443540,170,2,1333,77338.4725094429,-65981,137
1622110443690,1622110443730,40,2,91,5113.63769777479,-4040,343
1622110443920,1622110443970,50,5,181,8740.99724069831,-7606,176
1622110444460,1622110444600,140,19,462,27872.7843426634,-23529,263
1622110444700,1622110444809,109,8,158,4329.41070462184,-7497,136
1622110444849,1622110444949,100,5,88,2642.28596064768,-1756,274
1622110445029,1622110445049,20,0,33,1345.64914240406,-1,119
1622110445349,1622110445509,160,2,1975,143687.797187196,-72545,41
1622110445519,1622110445539,20,0,51,3649.99819706611,-1323,121
1622110445889,1622110445909,20,0,65,3885.82763951648,-1,231
1622110446229,1622110446269,40,3,137,8151.26355958558,-7642,3
1622110446658,1622110446808,150,3,405,20109.6301141539,-20360,173
1622110447448,1622110447458,10,-1,35,1206.85023189743,-1,-1
1622110447628,1622110447778,150,12,1190,96797.6545423761,-105083,268
1622110447868,1622110447918,50,2,54,2144.59434065417,-1000,275
1622110448147,1622110448177,30,2,112,5574.81879771419,-2793,200
1622110448907,1622110449077,170,3,2433,129545.731577166,-162861,347
1622110450046,1622110450096,50,3,87,5362.08616070854,-2401,184
1622110450306,1622110450516,210,1,369,16375.3175325809,-15539,20
1622110450796,1622110450956,160,32,519,28519.8164133639,-20535,165
1622110451016,1622110451026,10,-1,38,2116.76450978293,-1,-1
1622110451036,1622110451066,30,4,164,13532.1455748396,-8379,230
1622110451076,1622110451126,50,0,134,7879.30386633935,-9640,54
1622110451156,1622110451166,10,-1,51,3376.76391759349,-1,-1
1622110451235,1622110451265,29,4,239,13954.9632598289,-1,251
1622110451425,1622110451465,40,8,2899,76268.2290779359,-208732,312
1622110451735,1622110451745,10,-1,459,-1.0,-1,-1
1622110451975,1622110452225,250,22,255,8727.28295659261,-12994,259
1622110452285,1622110452415,130,7,87,1825.52048206646,-1748,88
1622110452495,1622110452625,130,14,490,23576.0464660964,-22314,178
1622110452745,1622110452785,40,5,723,45276.5856459377,-1,92
1622110452874,1622110453004,129,36,1323,6973.39500485912,-36367,302
1622110453114,1622110453124,10,-1,35,2800.74243266619,-1,-1
1622110453134,1622110453334,200,17,164,6180.11908046333,-5517,98
1622110453354,1622110453434,80,7,218,6699.42814353446,-2462,270
1622110454124,1622110454234,110,17,494,24763.9078212193,-16293,278
1622110454274,1622110454304,30,5,625,37130.9638085846,-1,71
1622110454414,1622110454523,109,10,289,19548.9794246819,-20679,264
1622110454533,1622110454543,10,-1,31,381.097938802626,-1,-1
1622110454683,1622110454713,30,3,167,9435.591933953,-9401,77
1622110454823,1622110454853,30,1,75,2667.70986972765,-2115,121
1622110454873,1622110454893,20,0,31,316.536147041775,-1,90
1622110454913,1622110454933,20,4,434,24111.9526066367,-1,87
1622110455033,1622110455123,90,11,703,5155.92015366193,-33538,259
1622110455133,1622110455153,20,0,48,2363.29734998488,-1,84
1622110455173,1622110455183,10,-1,30,812.879552579824,-1,-1
1622110455283,1622110455393,110,6,95,3075.72365390115,-2718,259
1622110455423,1622110455453,30,1,69,3348.12291904698,-1227,342
1622110455463,1622110455523,60,4,122,4568.48021065782,-6254,103
1622110455563,1622110455573,10,-1,34,507.628623331794,-1,-1
1622110455703,1622110455763,60,3,366,11248.1419223899,-21729,141
1622110455773,1622110455793,20,0,59,5175.35552755011,-713,255
1622110455823,1622110455933,110,1,359,28031.3719975362,-18771,232
1622110456152,1622110456412,259,27,1714,69281.3568284591,-104375,270
1622110456702,1622110456772,70,4,191,10687.0160466662,-8511,288
1622110456792,1622110456812,20,1,50,4501.80407083528,-1752,87
1622110456982,1622110457012,30,2,110,7202.62691717505,-7208,28
1622110457202,1622110457222,20,1,153,10672.6476730566,-1,87
1622110457342,1622110457482,140,18,974,10689.3854253018,-74788,280
1622110457502,1622110457712,210,15,116,4513.83727159779,-3627,105
1622110457722,1622110457921,199,15,190,9248.30567999777,-7058,252
1622110457951,1622110458041,90,7,128,3094.76103095956,-6941,90
1622110458151,1622110458231,80,4,76,2310.46735273876,-1183,276
1622110458291,1622110458301,10,-1,31,1855.35351861893,-1,-1
1622110458321,1622110458391,70,3,70,1881.82466850694,-1722,108
1622110458451,1622110458471,20,3,329,16510.5852503497,-1,95
1622110458601,1622110458661,60,2,185,4060.06638076118,-12488,217
1622110458671,1622110458681,10,-1,57,2880.74999739175,-1,-1
1622110458691,1622110458701,10,-1,41,1525.63636876943,-1,-1
1622110458711,1622110458731,20,0,38,941.810842763005,-1,109
1622110458801,1622110458861,60,2,50,1360.7331072531,-721,267
1622110458961,1622110458981,20,0,34,533.306963385925,-155,98
1622110459231,1622110459281,50,7,204,11839.5514801441,-8436,177
1622110459720,1622110459760,40,4,156,8151.3617360897,-7675,352
1622110459850,1622110459870,20,0,47,3447.35155030807,-1,310
1622110459880,1622110460090,210,3,596,37046.175352821,-25700,72
1622110460190,1622110460300,110,6,127,6191.3372149001,-6465,246
1622110460330,1622110460410,80,6,120,4878.66972447173,-4051,92
1622110460420,1622110460440,20,0,32,244.733471286427,-222,96
1622110460450,1622110460460,10,-1,30,726.663918703071,-1,-1
1622110460490,1622110460570,80,7,122,4473.07150932952,-7058,278
1622110460580,1622110460590,10,-1,51,2278.68829077582,-1,-1
1622110460690,1622110460760,70,3,78,2673.62727704353,-3031,89
1622110460930,1622110460950,20,0,38,2158.55947104685,-1,257
1622110460999,1622110461020,21,0,51,2020.0751103662,-1,274
1622110461029,1622110461199,169,7,396,21684.7114857231,-16394,71
1622110461359,1622110461369,10,-1,30,171.976582438296,-1,-1
1622110461379,1622110461419,40,1,46,1324.27029479767,-1143,272
1622110461529,1622110461549,20,0,32,1587.23930030222,-1,95
1622110461619,1622110461699,80,18,579,20703.9453018932,-25307,169
1622110461839,1622110461859,20,0,33,2080.19778632928,-314,108
1622110461869,1622110462049,180,16,1765,132719.739284007,-168950,336
1622110462069,1622110462089,20,0,38,2562.00484201324,-814,318
1622110462648,1622110462728,80,9,995,64995.9905860966,-668,137
1622110462848,1622110462948,100,5,525,24210.2288055539,-44248,311
1622110462978,1622110462988,10,-1,38,1139.76414416374,-1,-1
1622110463008,1622110463038,30,0,36,1944.88463686575,-246,312
1622110463058,1622110463108,50,2,70,2758.19145860053,-2393,107
1622110463228,1622110463288,60,2,60,1360.76579795541,-954,272
1622110463418,1622110463448,30,1,51,1646.52811591678,-484,113
1622110463468,1622110463508,40,1,39,932.984917923784,-218,94
1622110463618,1622110463678,60,2,45,924.146582290452,-554,271
1622110463818,1622110463838,20,0,34,475.676143411117,-297,97
1622110463858,1622110463898,40,4,172,9001.04618787898,-8005,1
1622110463998,1622110464058,60,3,81,2485.7427195046,-4478,283
1622110464098,1622110464118,20,0,50,4340.44985611427,-1476,98
1622110464158,1622110464307,149,20,1549,104172.421362265,-4092,106
1622110464397,1622110464517,120,22,451,19794.3989683273,-16331,280
1622110464537,1622110464577,40,1,230,18211.2344255975,-6506,253
1622110464687,1622110464737,50,1,129,4788.77103151276,-9376,312
1622110464757,1622110464877,120,4,600,46376.2086623769,-1823,257
1622110464967,1622110465017,50,11,356,14883.6823003864,-14228,280
1622110465207,1622110465237,30,2,105,5002.1832170512,-4413,151
1622110465777,1622110465787,10,-1,38,973.800386195959,-1,-1
1622110465976,1622110466106,130,4,149,11749.1489113935,-10190,95
1622110466116,1622110466166,50,4,325,16236.0785888216,-1,92
1622110466976,1622110467106,130,17,345,4336.00140168423,-17650,275
1622110467196,1622110467276,80,11,465,22551.7728257361,-31294,271
1622110467595,1622110467685,90,37,674,28472.0508173099,-25816,168
1622110467695,1622110467715,20,0,45,1388.78363623261,-1,18
1622110467725,1622110467735,10,-1,41,3061.03140744736,-1,-1
1622110467745,1622110467755,10,-1,33,1147.96741482901,-1,-1
1622110467825,1622110467845,20,1,141,6849.21631221985,-1,50
1622110467855,1622110467875,20,1,113,8944.07784971716,-3077,236
1622110467885,1622110467905,20,1,126,5696.76130993798,-1,52
1622110467915,1622110467935,20,1,118,9871.54107323742,-3934,233
1622110468225,1622110468295,70,24,598,26667.9354009648,-28210,353
1622110468475,1622110468555,80,37,1060,43781.8425026658,-4505,25
1622110468655,1622110468705,50,6,247,2725.31288346207,-14612,246
1622110469224,1622110469244,20,0,60,3543.29295389222,-148,218
1622110469684,1622110469714,30,0,47,3131.48309045697,-951,322
1622110469724,1622110469744,20,1,178,13360.6679976685,-1,87
1622110469854,1622110469914,60,8,331,3136.75978487212,-13165,276
1622110469924,1622110469944,20,1,83,6722.88202033942,-3447,136
1622110470384,1622110470823,439,22,2785,166490.8774672,-259215,141
1622110470943,1622110471023,80,8,255,3312.19423599482,-7669,283
1622110471673,1622110471703,30,6,321,20816.2616285424,-12241,170
1622110471743,1622110471773,30,5,254,20457.3612513609,-19171,346
1622110472133,1622110472173,40,6,263,11159.0419957,-12066,166
1622110472283,1622110472452,169,16,533,37899.7800743286,-36414,310
1622110472532,1622110472542,10,-1,37,1672.65981494252,-1,-1
1622110472552,1622110472992,440,10,727,44688.4722242342,-39307,358
1622110473012,1622110473042,30,1,67,2951.96439557454,-2099,249
1622110473232,1622110473252,20,0,46,1748.98894156456,-1379,280
1622110473312,1622110473332,20,0,59,3350.02003071372,-1,284
1622110473342,1622110473642,300,9,2425,235776.112535449,-163584,85
1622110473742,1622110473872,130,8,95,3239.31016941764,-3127,267
1622110473912,1622110473972,60,2,82,3771.05384456497,-1832,135
1622110473992,1622110474101,109,6,78,4659.7937428257,-2072,93
1622110474181,1622110474281,100,7,87,2369.8599915468,-1735,274
1622110474441,1622110474501,60,20,1902,20346.0269029846,-124199,295
1622110474511,1622110474541,30,2,99,5737.75036010377,-3420,93
1622110474671,1622110474731,60,2,56,2488.24343808105,-594,273
1622110474801,1622110474811,10,-1,36,2299.7992280473,-1,-1
1622110474851,1622110474881,30,1,71,3045.63565490715,-455,108
1622110475021,1622110475121,100,19,504,23048.9149478705,-21440,113
1622110475141,1622110475171,30,1,70,4484.4242424108,-3739,259
1622110475201,1622110475211,10,-1,40,2432.08535606489,-1,-1
1622110475241,1622110475261,20,1,80,7766.41646149993,-518,90
1622110475291,1622110475301,10,-1,33,774.474110464841,-1,-1
1622110475321,1622110475491,170,21,608,30942.7166937144,-36514,290
1622110475501,1622110475551,50,2,61,1806.98595832894,-605,273
1622110475561,1622110475591,30,2,90,4480.18345246406,-4440,275
1622110475680,1622110475690,10,-1,40,1187.5488000382,-1,-1
1622110475700,1622110475720,20,0,30,81.427864608731,-1,73
1622110475730,1622110475800,70,3,49,1143.08308968358,-924,85
1622110475910,1622110475960,50,3,127,7085.19049358872,-5838,286
1622110475980,1622110476010,30,0,46,1976.55918769431,-1275,262
1622110476080,1622110476170,90,5,67,2417.00304980146,-2215,92
1622110476220,1622110476430,210,3,720,37975.8284952414,-34177,298
1622110476440,1622110476460,20,0,40,1990.26452076889,-1,159
1622110476470,1622110476510,40,1,67,3028.7848043345,-2588,123
1622110476520,1622110476530,10,-1,35,1968.29387498798,-1,-1
1622110476540,1622110476560,20,0,35,671.341899513202,-466,60
1622110476660,1622110476700,40,1,67,2940.68909158141,-406,273
1622110477210,1622110477249,39,4,183,9093.13200957301,-10964,7
1622110477479,1622110477519,40,4,153,6078.65289870862,-7415,189
1622110477579,1622110477599,20,1,80,5257.78904636232,-1,181
1622110478039,1622110478079,40,3,127,7405.08976637353,-5354,18
1622110478119,1622110478139,20,1,74,5026.61763114134,-2284,105
1622110478179,1622110478409,230,16,689,32670.7227273253,-38521,176
1622110478759,1622110478769,10,-1,69,5912.97291089423,-1,-1
1622110478888,1622110478948,60,7,254,6452.46508792976,-20855,270
1622110479058,1622110479068,10,-1,34,2217.32175795014,-1,-1
1622110479078,1622110479158,80,6,177,7762.99785286516,-7551,325
1622110479298,1622110479318,20,0,171,13794.35143238,-1,230
1622110479708,1622110479788,80,4,397,15025.8875491727,-16217,119
1622110479908,1622110479948,40,6,266,11104.0780398384,-8875,166
1622110480078,1622110480258,180,7,568,28441.1774482269,-44567,8
1622110480348,1622110480418,70,12,458,16857.9069756826,-31838,252
1622110480428,1622110480577,149,18,583,29337.3576308374,-25954,285
1622110480587,1622110480607,20,1,79,5433.04379759623,-3531,312
1622110480637,1622110480677,40,1,50,1670.96740727565,-440,149
1622110480687,1622110480707,20,0,42,1661.27734282304,-978,251
1622110480727,1622110480867,140,35,1942,134007.484260581,-148230,136
1622110480887,1622110480977,90,30,946,56286.486256053,-44062,317
1622110480987,1622110481027,40,4,205,17551.8469453966,-13873,120
1622110481127,1622110481137,10,-1,33,664.447845448157,-1,-1
1622110481147,1622110481257,110,5,299,25395.1910972128,-17056,205
1622110481317,1622110481337,20,1,92,6439.82103887855,-3203,212
1622110481377,1622110481397,20,0,42,3745.62244530923,-1,49
1622110481427,1622110481637,210,31,745,41794.8300145913,-27813,192
1622110481657,1622110481677,20,0,49,2104.99138810892,-940,5
1622110481717,1622110481727,10,-1,33,1657.65834822291,-1,-1
1622110481787,1622110481837,50,9,310,15185.9263492781,-10374,217
1622110481997,1622110482087,90,6,1287,112821.32486274,-945,50
1622110482206,1622110482346,140,15,1168,11196.5878632285,-60323,231
1622110482636,1622110482726,90,25,495,17246.322242288,-26809,69
1622110482736,1622110482826,90,9,198,8238.03970944399,-10177,256
1622110482856,1622110482866,10,-1,32,778.340733968879,-1,-1
1622110482886,1622110482896,10,-1,33,1035.95165474083,-1,-1
1622110482956,1622110482986,30,1,183,11497.9084887534,-963,61
1622110482996,1622110483026,30,3,261,24182.2365543146,-11025,326
1622110483186,1622110483236,50,6,206,10261.8888783399,-9075,199
1622110483426,1622110483446,20,0,33,534.114030608119,-1,33
1622110483785,1622110483805,20,0,31,364.97461311396,-1,180
1622110483815,1622110483855,40,1,44,1232.13063934899,-1353,161
1622110483875,1622110483905,30,2,128,9156.19065648194,-7759,41
1622110483935,1622110484065,130,14,143,5793.1213077936,-4632,351
1622110484075,1622110484085,10,-1,45,2525.925826706,-1,-1
1622110484095,1622110484225,130,10,152,3804.17934727817,-5261,226
1622110484365,1622110484565,200,18,624,27839.3333634421,-47472,158
1622110484805,1622110484835,30,2,138,6965.69664079704,-8064,182
1622110485225,1622110485255,30,6,693,37043.0769652008,-1,92
1622110485404,1622110485574,170,5,733,34328.6547868602,-46963,298
1622110485664,1622110485674,10,-1,176,14730.6917125316,-1,-1
1622110485684,1622110485734,50,3,388,27018.1810418864,-10276,181
1622110487193,1622110487273,80,19,1133,69792.5573291493,-85903,272
1622110487573,1622110487773,200,25,799,59158.3785392559,-28577,345
1622110487873,1622110487883,10,-1,39,-1.0,-1,-1
1622110487953,1622110487983,30,2,118,7066.44573286269,-6035,232
1622110488083,1622110488093,10,-1,45,1767.63794523388,-1,-1
1622110488133,1622110488143,10,-1,34,1067.59197023005,-1,-1
1622110488293,1622110488323,30,0,35,517.852892214928,-114,352
1622110488343,1622110488373,30,1,54,1577.51261680344,-2179,315
1622110488393,1622110488413,20,1,65,3692.15034292535,-1,300
1622110488443,1622110488722,279,11,120,2978.4183706549,-4625,200
1622110488782,1622110488972,190,3,380,23300.6082314632,-14183,145
1622110488992,1622110489042,50,2,72,2443.43760036321,-2438,80
1622110489112,1622110489172,60,2,64,1933.2768547045,-1476,313
1622110489242,1622110489322,80,11,431,24949.4851233844,-19336,148
1622110489372,1622110489422,50,1,48,1635.17986088427,-1507,350
1622110489432,1622110489762,330,22,1058,67348.8033693204,-45041,344
1622110489432,1622110489762,330,22,1058,67348.8033693204,-45041,344
1622110489802,1622110489862,60,2,299,18152.1445698611,-7784,226
1622110489872,1622110489932,60,3,247,22411.9335034711,-16966,306
1622110490002,1622110490012,10,-1,30,773.750055564072,-1,-1
1622110490152,1622110490221,69,4,151,6824.32455280658,-5982,11
1622110490321,1622110490381,60,0,384,19239.4724198658,-28325,270
1622110490441,1622110490481,40,1,126,6603.90161334233,-3338,331
1622110490501,1622110490561,60,0,358,27569.4505213624,-24878,188
1622110490571,1622110490601,30,0,40,1216.92782043609,-564,190
1622110490611,1622110490791,180,23,531,23148.3967048962,-29405,57
1622110490801,1622110490861,60,7,928,74380.4524284314,-10931,200
1622110490871,1622110490931,60,8,946,92853.9369697231,-67491,259
1622110491031,1622110491701,670,15,545,40740.9865092662,-32848,356
1622110491731,1622110492400,669,37,2449,180828.055617679,-192473,186
1622110492420,1622110492550,130,10,541,49042.0060555181,-35310,61
1622110492570,1622110492950,380,21,864,47328.2944437384,-46428,166
1622110492990,1622110493010,20,0,42,2657.75884710417,-1039,56
1622110493020,1622110493040,20,0,53,3860.70462957912,-473,245
1622110493100,1622110493120,20,0,32,739.602638367664,-278,0
1622110493160,1622110493190,30,1,57,2178.2836503901,-742,336
1622110493210,1622110493270,60,3,104,5164.94099828755,-2946,330
1622110493400,1622110493469,69,9,292,15110.2529866786,-13468,4
1622110493549,1622110493569,20,0,35,1052.82268430558,-409,129
1622110493589,1622110493619,30,1,58,1603.84042507883,-523,149
1622110493759,1622110493799,40,3,153,10383.1158529386,-9362,357
1622110493929,1622110493999,70,26,610,16931.4697007011,-30618,182
1622110494019,1622110494109,90,3,57,1794.19800350615,-1359,9
1622110494119,1622110494139,20,0,34,310.408719074096,-1,29
1622110494159,1622110494179,20,0,46,1260.55514973147,-1,11
1622110494239,1622110494269,30,2,106,7094.34378200768,-5920,2
1622110494379,1622110494419,40,4,156,8209.92353728022,-7305,190
1622110494479,1622110494669,190,29,963,44694.472807513,-37081,53
1622110494739,1622110494829,90,3,326,18031.5253273308,-23126,148
1622110494849,1622110494919,70,4,193,12236.0237955058,-10318,222
1622110494939,1622110494969,30,3,296,15138.4003096249,-1,31
1622110495019,1622110495098,79,1,142,12513.9284720464,-6093,54
1622110495128,1622110495188,60,14,399,15740.8877708669,-16429,281
1622110495858,1622110495888,30,0,36,556.683415332586,-288,98
1622110495898,1622110495938,40,5,227,11075.6578762718,-11424,254
1622110496138,1622110496198,60,6,276,13310.6704436268,-11452,336
1622110496328,1622110496358,30,0,37,604.222487655098,-249,123
1622110496368,1622110496398,30,1,56,1710.2977632111,-2178,105
1622110496418,1622110496658,240,12,862,62124.0270903161,-76945,356
1622110496668,1622110496867,199,5,214,14897.3525052188,-16743,195
1622110496877,1622110497097,220,7,1059,56095.7856909667,-59513,301
1622110497107,1622110497117,10,-1,33,1732.62247381271,-1,-1
1622110497127,1622110497147,20,0,52,3755.5763897203,-1338,274
1622110497177,1622110497207,30,1,69,3151.41018593507,-2819,104
1622110497247,1622110497317,70,2,50,1160.58369976325,-1444,114
1622110497327,1622110497337,10,-1,31,1423.38114862882,-1,-1
1622110497357,1622110497387,30,0,47,1968.94849815613,-1166,147
1622110497397,1622110497457,60,8,253,12109.5637955078,-8489,273
1622110497497,1622110497697,200,8,738,47224.2700172967,-43677,135
1622110497767,1622110497777,10,-1,31,802.148668320591,-1,-1
1622110497797,1622110497847,50,1,241,19599.0758171186,-4669,181
1622110497917,1622110497977,60,0,46,2338.04953212582,-1566,98
1622110498187,1622110498207,20,8,840,41567.6229079533,-1,84
1622110498366,1622110498386,19,2,228,-1.0,-9073,253
1622110498396,1622110498466,70,3,293,18211.3657233066,-19785,37
1622110498486,1622110498516,30,0,37,514.669898871183,-367,33
1622110498526,1622110498686,160,15,536,20523.1484996008,-21841,199
1622110498696,1622110498716,20,0,77,5624.19289908944,-3976,342
1622110498736,1622110498756,20,0,38,2090.93535756397,-1,336
1622110498766,1622110498786,20,0,31,388.538491217574,-1,352
1622110498796,1622110498826,30,1,94,5912.05437234463,-1582,64
1622110498836,1622110498846,10,-1,49,4053.58974510349,-1,-1
1622110498856,1622110498866,10,-1,101,7440.67909439264,-1,-1
1622110498876,1622110498926,50,2,85,3529.20863979174,-5297,45
1622110498936,1622110499356,420,17,1640,109165.561029847,-120567,218
1622110499366,1622110499616,250,17,332,17619.0204069142,-14046,16
1622110499686,1622110499876,190,27,784,30161.5289901706,-31624,45
1622110499906,1622110500135,229,2,234,20095.7862713879,-14297,200
1622110500145,1622110500205,60,5,179,13086.6942317481,-11010,245
1622110500215,1622110500245,30,7,418,22655.1516621362,-1,63
1622110500355,1622110500475,120,18,923,83950.00047236,-55635,248
1622110500505,1622110500515,10,-1,40,1177.64041953448,-1,-1
1622110500555,1622110500575,20,0,42,1463.70336726202,-1,323
1622110500625,1622110500685,60,2,107,5146.28827765867,-7262,20
1622110500705,1622110500725,20,0,51,2740.88384962665,-157,17
1622110500745,1622110500765,20,2,269,13620.3020629056,-1,83
1622110500955,1622110500995,40,2,665,8624.63886499863,-53382,149
