start,end,duration,amplitude,peak_velocity,peak_acceleration,peak_deceleration,direction
1621847839533,1621847839683,150,23,580,23482.3617283406,-32465,242
1621847839693,1621847839723,30,0,45,616.288942625532,-1,32
1621847839733,1621847839993,260,6,1204,63465.8803966202,-72221,174
1621847840003,1621847840013,10,-1,30,236.364367518888,-1,-1
1621847840043,1621847840123,80,2,51,1810.23850665496,-1929,38
1621847840243,1621847840313,70,12,842,47721.8840410402,-69809,158
1621847840363,1621847840723,360,1,513,21147.4821515046,-21418,347
1621847840743,1621847840793,50,3,299,23960.0478239279,-17629,205
1621847840873,1621847841272,399,17,981,58831.1462477719,-55952,17
1621847841282,1621847841332,50,1,44,1200.18981542102,-1349,187
1621847841362,1621847841532,170,16,483,16925.9383094578,-15268,197
1621847841662,1621847841672,10,-1,39,2978.48977608524,-1,-1
1621847841682,1621847842002,320,39,508,24182.8351743651,-19837,6
1621847842132,1621847842352,220,10,440,16025.4739416861,-28594,252
1621847842362,1621847842911,549,27,1536,147204.879086862,-101389,149
1621847843001,1621847843221,220,21,483,30155.8516998698,-34586,235
1621847843241,1621847843291,50,3,241,11712.9706665272,-1,198
1621847843451,1621847843601,150,18,301,13276.0362743014,-15454,4
1621847843611,1621847843641,30,2,110,8247.5262537347,-6590,7
1621847843651,1621847843671,20,0,36,1944.61576683512,-1,22
1621847843681,1621847843771,90,6,2049,180167.794382415,-185159,191
1621847843871,1621847844161,290,32,1059,7526.88692152894,-84946,11
1621847844201,1621847844231,30,0,43,1198.37685821649,-711,312
1621847844371,1621847844421,50,5,192,9063.39707380863,-7620,150
1621847844581,1621847844640,59,15,442,19995.9792466445,-17173,211
1621847844660,1621847844700,40,0,57,2381.40947167618,-1951,71
1621847844710,1621847844800,90,3,115,7192.60745369439,-6281,323
1621847844810,1621847844830,20,0,42,2264.93779912317,-1176,33
1621847844900,1621847844950,50,1,65,3500.7325440596,-2500,32
1621847845080,1621847845090,10,-1,35,2606.60607452317,-1,-1
1621847845140,1621847845160,20,0,62,2849.59393240739,-1,270
1621847845190,1621847845210,20,1,116,8651.43268245536,-1,91
1621847845460,1621847845530,70,16,428,21300.2902615286,-11898,23
1621847845660,1621847845670,10,-1,33,1436.19211036053,-1,-1
1621847845830,1621847845850,20,1,96,7377.24400729465,-1340,298
1621847846240,1621847846299,59,12,371,21763.5670581754,-16007,141
1621847846319,1621847846329,9,-1,35,1627.82338224428,-1,-1
1621847846609,1621847846769,160,4,654,31151.7329923751,-31177,328
1621847846779,1621847846799,20,0,42,1748.93763844304,-826,216
1621847846859,1621847846929,70,7,240,13741.6311259041,-8426,314
1621847847209,1621847847229,20,2,118,9531.26083002198,-1,76
1621847847249,1621847847299,50,5,177,9020.49129406981,-7134,120
1621847847599,1621847847669,70,21,523,21378.3916820609,-17264,213
1621847847699,1621847847719,20,1,73,5390.56639491188,-1,109
1621847847729,1621847847749,20,0,39,1784.68257542108,-171,333
1621847847839,1621847847859,20,0,48,2632.9682433496,-1,98
1621847848068,1621847848078,10,-1,57,3796.85272403221,-1,-1
1621847848088,1621847848168,80,22,481,14506.6770465989,-17130,26
1621847848638,1621847848678,40,2,68,3443.89072749891,-2496,330
1621847848788,1621847848828,40,0,93,7335.27059045801,-2219,280
1621847848848,1621847848868,20,0,45,3863.14904608684,-299,300
1621847848898,1621847848998,100,21,517,20109.6258371467,-13425,195
1621847849008,1621847849038,30,1,59,3971.68126430517,-1,119
1621847849118,1621847849138,20,0,37,2254.49302635509,-273,294
1621847849238,1621847849248,10,-1,37,1711.09192227217,-1,-1
1621847849368,1621847849438,70,15,1181,34811.3904330378,-68422,325
1621847849538,1621847849548,10,-1,369,-1.0,-1,-1
1621847849987,1621847850007,20,1,67,5995.34415423985,-285,80
1621847850127,1621847850207,80,21,511,26748.3556988584,-19600,198
1621847850217,1621847850237,20,0,35,1458.29642916629,-1,304
1621847850367,1621847850377,10,-1,34,1254.79724772588,-1,-1
1621847850467,1621847850557,90,2,167,12863.6398780858,-8703,154
1621847850577,1621847850607,30,1,51,1566.64876331719,-1,340
1621847850637,1621847850667,30,1,50,1073.94452778895,-710,348
1621847850677,1621847850717,40,1,50,1750.5768047519,-1322,344
1621847850767,1621847850837,70,4,102,3633.79410097015,-3876,352
1621847850917,1621847850927,10,-1,32,1255.67732695685,-1,-1
1621847851157,1621847851187,30,1,54,3014.27324281797,-2181,174
1621847851247,1621847851417,170,0,1074,64127.7629392797,-38787,173
1621847851456,1621847851466,9,-1,36,1453.54085320608,-1,-1
1621847852716,1621847852736,20,0,39,2038.29893787079,-288,143
1621847852836,1621847852986,150,1,1544,99224.2480751084,-64455,185
1621847853185,1621847853225,40,2,78,2590.70142994898,-3671,76
1621847853505,1621847853525,20,0,30,424.10994866416,-5,279
1621847853555,1621847853575,20,0,42,1229.37247168149,-1,270
1621847853595,1621847853605,10,-1,31,238.716479056992,-1,-1
1621847853625,1621847853735,110,3,43,723.436762091124,-750,276
1621847853745,1621847853775,30,0,42,1172.86534868365,-886,276
1621847853845,1621847853905,60,1,63,3198.39152769381,-2215,248
1621847853985,1621847854015,30,2,231,11214.9703574317,-1,276
1621847854045,1621847854105,60,6,198,9377.76001372833,-7621,78
1621847854125,1621847854155,30,1,47,1488.73182412492,-316,49
1621847854255,1621847854355,100,23,1858,112388.338237347,-80260,136
1621847854365,1621847854415,50,11,428,40913.0361820067,-21650,294
1621847854685,1621847854735,50,2,56,2471.26144525281,-1607,325
1621847854825,1621847854844,19,0,45,2178.01932692956,-1,289
1621847854944,1621847854954,10,-1,46,2684.96232487306,-1,-1
1621847854964,1621847854984,20,1,291,22809.2408889601,-1,0
1621847855824,1621847855904,80,2,42,867.593621464938,-839,109
1621847855934,1621847855944,10,-1,61,4156.84795310407,-1,-1
1621847855954,1621847855984,30,4,239,15224.3085375299,-1,309
1621847856114,1621847856164,50,6,147,7559.47509696312,-1,13
1621847856264,1621847856294,30,5,298,-1.0,-7783,178
1621847856314,1621847856344,30,6,312,18961.0928489166,-11574,203
1621847856364,1621847856374,10,-1,32,549.479395106043,-1,-1
1621847856384,1621847856414,30,1,79,3127.46948541405,-1447,232
1621847856454,1621847856494,40,2,86,2646.92051389799,-2746,242
1621847856504,1621847856583,79,17,486,20989.0485215536,-26598,204
1621847856673,1621847856693,20,0,42,2693.11045739649,-1,90
1621847856703,1621847856743,40,4,165,7483.77804136719,-7353,337
1621847856923,1621847856953,30,1,68,2957.59870001596,-1941,303
1621847857183,1621847857203,20,1,101,7195.55583124559,-1696,272
1621847857273,1621847857503,230,9,1579,71951.1027090873,-77598,25
1621847857683,1621847857703,20,1,112,8227.6361046219,-2318,292
1621847857723,1621847857743,20,0,32,1224.06797719551,-140,164
1621847857753,1621847857763,10,-1,32,243.768157235324,-1,-1
1621847857783,1621847857793,10,-1,41,1186.37406128007,-1,-1
1621847857833,1621847857843,10,-1,36,1523.00887041419,-1,-1
1621847857863,1621847858043,180,14,1158,77864.1501101457,-109601,167
1621847858083,1621847858143,60,9,384,24993.8340016485,-12317,5
1621847858332,1621847858372,40,5,197,12719.395847774,-11159,130
1621847858632,1621847858652,20,0,34,913.863482756586,-1,38
1621847858922,1621847858932,10,-1,31,1477.23231502447,-1,-1
1621847859792,1621847860041,249,3,441,20797.8942225925,-20539,318
1621847860081,1621847860101,20,1,121,9736.88048223253,-3427,264
1621847860311,1621847860381,70,8,319,17737.8902852806,-16296,215
1621847860601,1621847860671,70,4,273,12646.6212738951,-21377,310
1621847860731,1621847860751,20,1,81,3364.89813536913,-1,262
1621847860771,1621847860841,70,14,479,24761.1286360513,-25925,100
1621847861011,1621847861041,30,1,84,4027.26216226636,-2344,6
1621847861271,1621847861281,10,-1,42,1542.92088331033,-1,-1
1621847861640,1621847861700,59,6,212,8738.57137210067,-10025,293
1621847862270,1621847862440,170,3,1678,103351.937080029,-73912,105
1621847862670,1621847862690,20,0,76,4797.72685761287,-1856,202
1621847862830,1621847862870,40,2,99,6170.19139028006,-4612,37
1621847863240,1621847863399,159,19,982,81213.1688052206,-52380,198
1621847863409,1621847863419,10,-1,32,414.473033388467,-1,-1
1621847863729,1621847863799,70,10,305,13495.7793564019,-17921,17
1621847863969,1621847864009,40,2,95,6644.73977405098,-4785,155
1621847864229,1621847864289,60,8,290,11230.8147748365,-12495,219
1621847864639,1621847864709,70,11,291,13393.0700728821,-8445,96
1621847864869,1621847865039,170,22,1260,41311.0535733453,-61756,338
1621847865058,1621847865078,19,0,49,2814.49526856942,-1,94
1621847865218,1621847865228,10,-1,37,1268.73425735285,-1,-1
1621847865668,1621847865748,80,20,450,19145.8875063822,-23342,196
1621847866548,1621847866568,20,0,92,5198.73398813029,-1,284
1621847866578,1621847866708,130,1,226,19710.0938453847,-13362,38
1621847866738,1621847866768,30,2,127,7102.76656020836,-1,195
1621847866777,1621847866797,19,1,83,6413.96200195518,-3345,52
1621847866877,1621847866887,10,-1,32,897.061587305068,-1,-1
1621847866977,1621847867017,40,0,133,6965.24325649036,-8028,195
1621847867277,1621847867347,70,17,1070,81188.427423186,-65927,17
1621847867607,1621847867647,40,2,96,6598.43270152725,-5376,46
1621847867777,1621847867877,100,19,1048,48784.7330532631,-100226,197
1621847868017,1621847868037,20,0,39,1224.47756218464,-1,323
1621847868067,1621847868107,40,2,105,4714.28127306885,-5843,354
1621847868137,1621847868147,10,-1,43,1464.6724044254,-1,-1
1621847868157,1621847868207,50,1,54,2235.15696775171,-1064,349
1621847868217,1621847868247,30,1,57,1687.45353381224,-2239,313
1621847868287,1621847868297,10,-1,50,3821.54802295354,-1,-1
1621847868307,1621847868317,10,-1,45,2695.67132468491,-1,-1
1621847868337,1621847868347,10,-1,32,1979.9961679628,-1,-1
1621847868736,1621847868756,20,0,41,3777.17507752583,-205,93
1621847868776,1621847868796,20,1,109,8135.79721973595,-1,90
1621847868856,1621847868896,40,0,75,6318.75928531542,-1483,0
1621847869136,1621847869176,40,1,56,2086.01233732649,-2133,80
1621847869216,1621847869236,20,0,39,1928.91533985774,-900,77
1621847869496,1621847869506,10,-1,30,303.301684177044,-1,-1
1621847870136,1621847870195,59,3,114,6414.9347146813,-4323,266
1621847870205,1621847870225,20,0,42,2774.64471245811,-1,302
1621847870235,1621847870335,100,4,136,6689.96391952626,-6117,264
1621847870435,1621847870455,20,0,59,3985.75010144274,-1613,30
1621847870475,1621847870675,200,4,355,32121.6737605892,-16441,354
1621847870685,1621847870705,20,1,192,18684.6950005872,-15616,14
1621847870715,1621847870745,30,1,52,3579.0185910735,-522,0
1621847870755,1621847870825,70,3,82,6219.06730994123,-3416,277
1621847870835,1621847870845,10,-1,39,1513.20463142976,-1,-1
1621847870855,1621847870875,20,0,42,1750.67657981469,-23,225
1621847870885,1621847870955,70,16,481,12609.651682717,-28425,357
1621847870965,1621847871055,90,3,191,7509.44499254535,-4085,128
1621847871065,1621847871075,10,-1,201,17278.0583182887,-1,-1
1621847871085,1621847871095,10,-1,86,5694.41963889338,-1,-1
1621847871105,1621847871155,50,5,250,20156.4449544905,-7021,195
1621847871165,1621847871175,10,-1,34,524.639290169674,-1,-1
1621847871215,1621847871235,20,1,164,9405.05634263696,-1,0
1621847871565,1621847871635,70,12,412,13905.2080962364,-21765,110
1621847871655,1621847871924,269,19,489,13157.5663051512,-24909,88
1621847871934,1621847871944,10,-1,40,1150.18694348984,-1,-1
1621847871964,1621847872024,60,3,90,3291.30281928647,-4439,296
1621847872044,1621847872154,110,7,88,3260.21721531335,-4450,315
1621847872404,1621847872414,10,-1,35,889.123506496675,-1,-1
1621847872424,1621847872574,150,6,320,21656.7975128433,-13143,284
1621847872904,1621847872954,50,5,186,7580.69685615486,-11946,98
1621847872964,1621847873024,60,7,223,10111.9193594737,-8832,178
1621847873034,1621847873264,230,11,71,4730.54131239001,-2372,19
1621847873294,1621847873344,50,1,61,3621.15615545439,-2748,298
1621847873414,1621847873494,80,21,433,16161.9498603928,-17837,8
1621847873504,1621847873603,99,6,92,5088.63554906355,-507,231
1621847873613,1621847873713,100,5,114,6772.17756380609,-3135,210
1621847873753,1621847873853,100,4,101,6193.12911482209,-3843,127
1621847873983,1621847874003,20,0,42,1058.95703779172,-1,124
1621847874283,1621847874363,80,2,57,2602.26457442321,-1926,194
1621847874523,1621847874573,50,10,351,17761.794110238,-12581,186
1621847874693,1621847874733,40,1,42,1862.25839998292,-463,54
1621847874773,1621847874853,80,2,148,7977.27021200909,-6810,54
1621847874933,1621847874943,10,-1,33,1031.50684277058,-1,-1
1621847875093,1621847875173,80,10,274,12206.3352541755,-12409,3
1621847875213,1621847875242,29,0,38,895.3900008167,-613,243
1621847875322,1621847875382,60,5,155,7851.67908326935,-5538,293
1621847875512,1621847875682,170,24,1686,116638.074176154,-133256,169
1621847875732,1621847875752,20,1,57,4255.96395480714,-15,306
1621847875762,1621847875812,50,1,62,2628.9196567676,-2386,346
1621847875822,1621847875942,120,6,83,4664.43724154969,-2913,315
1621847875962,1621847876042,80,32,1063,35779.7425332478,-53479,14
1621847876052,1621847876162,110,13,344,17009.8902259712,-16239,225
1621847876182,1621847876212,30,1,358,27248.1114754201,-12071,30
1621847876222,1621847876282,60,5,310,28762.4141595642,-24815,163
1621847876292,1621847876342,50,5,175,4933.13604993103,-5370,238
1621847876352,1621847876362,10,-1,139,13416.8825392176,-1,-1
1621847876532,1621847876622,90,4,202,6269.50042760052,-4175,30
1621847876632,1621847876642,10,-1,51,4698.29086288553,-1,-1
1621847876652,1621847876812,160,5,208,13008.3435193619,-15981,143
1621847876872,1621847876951,79,8,738,48711.7300380413,-13545,358
1621847877051,1621847877361,310,36,557,38612.1899914604,-35031,146
1621847877521,1621847877681,160,18,479,11774.8972214487,-23786,354
1621847877691,1621847877731,40,2,71,4444.69253732084,-1826,295
1621847877741,1621847877821,80,2,93,6314.63173297289,-2787,315
1621847877851,1621847877861,10,-1,34,1591.6237719414,-1,-1
1621847877871,1621847877901,30,1,187,12710.5790260332,-1,294
1621847877911,1621847877931,20,1,216,19375.4793936582,-14305,160
1621847877951,1621847877961,10,-1,35,2309.22000733797,-1,-1
1621847878021,1621847878151,130,14,345,22275.6976358502,-16392,45
1621847878231,1621847878271,40,2,110,6915.719721526,-2117,263
1621847878321,1621847878331,10,-1,30,121.838381828918,-1,-1
1621847878341,1621847878351,10,-1,31,349.370412086519,-1,-1
1621847878491,1621847878511,20,1,81,7484.00145839516,-371,78
1621847878541,1621847878561,20,0,44,1226.10583823145,-1,293
1621847878571,1621847878591,20,0,46,3114.6451822583,-1277,77
1621847878631,1621847878641,10,-1,33,1991.92134331643,-1,-1
1621847878780,1621847878790,10,-1,39,2244.76948438305,-1,-1
1621847878830,1621847878880,50,7,493,20736.5151847617,-1,84
1621847878970,1621847879080,110,3,292,7322.80938621756,-13196,353
1621847879110,1621847879150,40,4,228,15478.8230742342,-10924,348
1621847879160,1621847879220,60,6,303,20579.7474884933,-15734,236
1621847879230,1621847879280,50,6,217,10368.5495602245,-8817,350
1621847879300,1621847879330,30,0,38,1826.40671903174,-292,261
1621847879340,1621847879370,30,2,125,7755.93094265888,-3883,222
1621847879470,1621847879650,180,18,441,17963.2466705444,-13259,185
1621847879660,1621847879720,60,1,39,813.480435297356,-438,1
1621847879730,1621847879790,60,1,192,14863.8927536978,-9365,6
1621847879820,1621847879830,10,-1,34,568.36050765941,-1,-1
1621847879990,1621847880110,120,6,374,32154.3431092648,-28747,283
1621847880160,1621847880180,20,2,132,12063.2534490986,-5417,63
1621847880190,1621847880220,30,4,200,11344.6144465766,-4749,69
1621847880320,1621847880350,30,1,68,2266.77829789709,-3329,290
1621847880459,1621847880469,10,-1,35,596.355544314481,-1,-1
1621847880639,1621847880669,30,0,43,1355.48585388496,-1018,218
1621847880679,1621847880709,30,4,203,14800.5667448107,-4350,270
1621847880719,1621847880799,80,2,101,7038.31587492876,-3349,237
1621847880819,1621847880949,130,13,431,17914.9928623027,-11726,74
1621847881679,1621847881869,190,3,337,9219.61313633632,-12582,151
1621847881939,1621847881969,30,1,155,9627.10864633317,-2034,282
1621847882058,1621847882118,59,0,1657,165688.80539739,-151662,270
1621847882138,1621847882168,30,1,86,2892.0329686901,-2370,283
1621847882198,1621847882218,20,0,51,1590.19083747744,-1,273
1621847882248,1621847882428,180,3,1892,98105.9528758912,-105834,321
1621847882488,1621847882508,20,1,296,23938.2330642588,-1,127
1621847882838,1621847882908,70,6,249,13829.38712468,-21943,261
1621847882948,1621847882968,20,0,42,1797.84736750957,-1152,65
1621847882988,1621847883028,40,3,153,6967.76471957917,-7056,185
1621847883518,1621847883598,80,7,414,22857.7514277797,-28915,279
1621847884067,1621847884087,20,1,365,26737.1121411873,-1,125
1621847884197,1621847884217,20,2,206,-1.0,-10075,279
1621847884227,1621847884247,20,1,84,5309.71641426503,-1,156
1621847884257,1621847884267,10,-1,33,1988.72760271846,-1,-1
1621847884407,1621847884437,30,1,75,3561.1404686203,-78,251
1621847884447,1621847884457,10,-1,80,5134.83786922835,-1,-1
1621847884527,1621847884547,20,2,300,17788.6129560713,-1,39
1621847884637,1621847884717,80,8,329,16016.8770180605,-22842,235
1621847884727,1621847884737,10,-1,39,2877.55710202833,-1,-1
1621847885327,1621847885337,10,-1,81,7156.29575727287,-1,-1
1621847885347,1621847885357,10,-1,92,7391.12679125463,-1,-1
1621847885367,1621847885387,20,0,71,6452.86362987052,-3935,86
1621847885496,1621847885516,20,1,235,-1.0,-12534,204
1621847885526,1621847885606,80,1,152,10063.0261263671,-8838,236
1621847885796,1621847885906,110,3,107,6547.08255390402,-3361,166
1621847886136,1621847886176,40,0,347,27544.239693949,-1946,186
1621847886326,1621847886386,60,4,280,1357.27655710167,-12491,320
1621847886646,1621847886676,30,2,99,7898.77464570927,-6016,251
1621847886756,1621847886796,40,1,68,3099.64818509879,-2079,47
1621847886806,1621847886826,20,2,228,10975.2140169163,-1,28
1621847887156,1621847887185,29,2,196,10139.4446901786,-499,212
1621847887195,1621847887205,10,-1,105,9392.76134979565,-1,-1
1621847887215,1621847887245,30,0,33,550.329586117708,-256,53
1621847887285,1621847887295,10,-1,31,522.392375980234,-1,-1
1621847887385,1621847887425,40,2,82,3987.92012282774,-3818,21
1621847887825,1621847887985,160,1,960,28222.990554948,-79793,279
1621847888265,1621847888305,40,0,46,2786.43890440945,-1551,208
1621847888345,1621847888355,10,-1,34,668.961129162105,-1,-1
1621847888405,1621847888445,40,6,787,50557.964694906,-1,117
1621847888555,1621847888645,90,3,450,18855.9869007887,-13643,194
1621847889064,1621847889084,20,8,1275,84608.3988866811,-1,135
1621847889174,1621847889244,70,21,1145,9191.43042139859,-47487,302
1621847889494,1621847889524,30,1,91,5322.28400448168,-4916,172
1621847889784,1621847889804,20,1,97,5986.31486884809,-1,17
1621847889984,1621847890024,40,0,165,7488.57837161911,-364,84
1621847890114,1621847890204,90,4,211,5411.08564625317,-7138,224
1621847890414,1621847890454,40,1,34,1233.35400128499,-15,257
1621847890464,1621847890474,10,-1,41,2245.26923406674,-1,-1
1621847890593,1621847890623,30,2,121,6185.05047157385,-5844,11
1621847890903,1621847890953,50,3,121,7359.42998735908,-8241,195
1621847891023,1621847891083,60,1,126,7481.69746711512,-9164,194
1621847891173,1621847891193,20,0,61,3326.05593967574,-1253,320
1621847891493,1621847891523,30,0,201,16069.324883856,-6676,19
1621847891633,1621847891653,20,1,110,-1.0,-5806,182
1621847891933,1621847891953,20,0,43,2821.3807820158,-1,85
1621847892013,1621847892033,20,0,39,1678.09016230708,-902,122
1621847892173,1621847892183,10,-1,31,577.537916448767,-1,-1
1621847892243,1621847892253,10,-1,31,757.819325336104,-1,-1
1621847892263,1621847892272,9,-1,31,603.035230264602,-1,-1
1621847892442,1621847892502,60,19,522,12272.7846582538,-5953,357
1621847892852,1621847893042,190,8,538,12452.4404302529,-43639,226
1621847893062,1621847893092,30,1,63,2326.20845526997,-796,225
1621847893132,1621847893242,110,5,122,8135.68481554659,-2269,226
1621847893442,1621847893772,330,11,1190,65852.0152052115,-15003,97
1621847893971,1621847894171,199,16,446,10093.0494989921,-13958,284
1621847894181,1621847894241,60,6,182,12069.50317218,-5880,4
1621847894271,1621847894301,30,1,46,1240.33850645221,-1146,49
1621847894321,1621847894331,10,-1,32,1077.38313334551,-1,-1
1621847894341,1621847894391,50,6,383,15007.3615500839,-1,352
1621847894491,1621847894551,60,1,491,22031.9672207065,-29931,100
1621847894561,1621847894691,130,18,331,31126.9824661549,-17259,197
1621847894701,1621847894781,80,6,154,6441.06222994767,-6978,223
1621847894951,1621847895151,200,13,411,15862.4287065146,-16651,335
1621847895181,1621847895251,70,21,527,21272.2639482797,-26327,152
1621847895281,1621847895341,60,2,56,2779.37463863805,-2575,341
1621847895351,1621847895411,60,1,106,6702.2100386735,-5296,321
1621847895421,1621847895491,70,1,261,16678.5294216458,-21510,274
1621847895710,1621847895870,160,27,1305,128000.26997606,-105412,71
1621847895880,1621847895970,90,7,171,11290.7717541313,-6859,265
1621847896000,1621847896010,10,-1,30,1015.18834216131,-1,-1
1621847896020,1621847896030,10,-1,92,7356.305242036,-1,-1
1621847896040,1621847896050,10,-1,59,4202.2032176381,-1,-1
1621847896070,1621847896130,60,4,155,9452.33950476539,-5315,82
1621847896150,1621847896240,90,14,597,39721.3843930157,-41005,283
1621847896350,1621847896460,110,12,408,20825.6058129153,-25815,94
1621847896470,1621847896600,130,3,271,24429.8374594646,-19921,321
1621847896610,1621847896620,10,-1,37,1154.66427427451,-1,-1
1621847896630,1621847896660,30,2,115,6721.75972946103,-6807,75
1621847896730,1621847896860,130,35,1019,63010.5604342567,-89427,215
1621847897060,1621847897100,40,3,136,4787.22748246884,-4936,69
1621847897110,1621847897190,80,4,122,5498.22880995069,-4648,67
1621847897220,1621847897230,10,-1,32,1366.522902196,-1,-1
1621847897340,1621847897379,39,7,324,16445.4014520169,-1,235
1621847897509,1621847897639,130,26,581,26748.8842279637,-30744,86
1621847897649,1621847897689,40,1,62,2275.11078577672,-2770,267
1621847898019,1621847898119,100,25,915,48732.9766468045,-27129,281
1621847898349,1621847898409,60,4,133,-1.0,-4214,116
1621847898419,1621847898429,10,-1,30,359.292258264858,-1,-1
1621847898439,1621847898469,30,1,66,2957.71012967829,-1900,113
1621847898619,1621847898709,90,2,634,30368.3800616594,-5944,69
1621847898809,1621847898829,20,6,1008,-1.0,-5283,96
1621847898839,1621847899019,180,6,592,57716.2031240685,-52706,0
1621847899059,1621847899118,59,0,112,7866.17366040957,-6796,266
1621847899218,1621847899228,10,-1,61,3537.6341460071,-1,-1
1621847899238,1621847899248,10,-1,37,985.16457520771,-1,-1
1621847899258,1621847899278,20,0,35,1763.73791614126,-500,216
1621847899378,1621847899388,10,-1,75,4958.97403307502,-1,-1
1621847899398,1621847899418,20,0,48,2081.95826921805,-1313,28
1621847899438,1621847899458,20,0,66,3851.02958510818,-2847,66
1621847899588,1621847899628,40,2,123,8084.51260077337,-4401,215
1621847899638,1621847899658,20,0,46,3200.46018019895,-699,26
1621847899668,1621847899688,20,0,64,2543.80734738722,-1,75
1621847899698,1621847899718,20,0,51,2875.28946540308,-1838,250
1621847899738,1621847899938,200,31,642,25832.2243613153,-18613,261
1621847899968,1621847899978,10,-1,49,3489.70588606583,-1,-1
1621847900028,1621847900048,20,0,35,1249.20663030862,-76,97
1621847900088,1621847900108,20,0,54,2587.25552556869,-2312,54
1621847900148,1621847900278,130,19,671,31747.4997950616,-33308,95
1621847900328,1621847900338,10,-1,30,358.755514515634,-1,-1
1621847900348,1621847900358,10,-1,44,4230.78475743018,-1,-1
1621847900378,1621847900478,100,21,577,26854.0135528033,-15494,266
1621847900628,1621847900648,20,0,34,647.960464010619,-1,255
1621847900897,1621847900917,20,1,54,1822.22454173095,-1,299
1621847900977,1621847901007,30,1,50,2605.71530614393,-56,50
1621847901107,1621847901137,30,5,305,-1.0,-10606,219
1621847901157,1621847901177,20,1,77,6128.07035650416,-1011,13
1621847901247,1621847901407,160,16,404,16956.2038064644,-25504,333
1621847901507,1621847901557,50,3,407,24212.7299440147,-1,350
1621847901667,1621847901737,70,9,704,5479.09196665254,-50741,270
1621847901847,1621847901907,60,3,70,3341.93296544422,-1681,189
1621847901917,1621847901997,80,4,69,2522.12530364995,-1420,134
1621847902047,1621847902057,10,-1,30,83.7775112992883,-1,-1
1621847902227,1621847902247,20,0,51,3131.3231971262,-972,255
1621847902277,1621847902317,40,2,289,17730.0606690334,-1,189
1621847902546,1621847902686,140,15,2125,2157.0507842558,-152160,203
1621847902696,1621847902806,110,17,470,20296.0431638897,-12831,76
1621847902816,1621847902896,80,3,72,4904.25206314149,-2520,283
1621847903016,1621847903096,80,5,250,12264.8068301979,-20365,272
1621847903136,1621847903186,50,2,85,5321.42659721326,-4435,358
1621847903316,1621847903326,10,-1,38,1741.45799449548,-1,-1
1621847903376,1621847903406,30,0,42,1895.63070509807,-687,230
1621847903426,1621847903526,100,30,813,45487.8470390175,-20343,244
1621847903706,1621847903716,10,-1,67,-1.0,-1,-1
1621847903786,1621847903806,20,0,31,394.628195441877,-5,174
1621847903826,1621847903846,20,0,43,2551.86081718817,-682,116
1621847903896,1621847903936,40,11,561,24463.7069973775,-1,3
1621847904725,1621847904755,30,4,401,-1.0,-16321,106
1621847904775,1621847904785,10,-1,38,1375.43384514553,-1,-1
1621847904795,1621847904835,40,0,84,5602.32149205033,-2437,331
1621847904845,1621847904875,30,1,65,3013.82648008161,-2643,229
1621847904975,1621847905145,170,30,454,34678.6714345279,-37307,258
1621847905325,1621847905375,50,9,336,17046.4566049448,-14256,130
1621847905635,1621847905655,20,11,1919,132694.988602172,-1,346
1621847905954,1621847906014,60,4,129,4114.15492934093,-6870,102
1621847906204,1621847906224,20,0,61,1927.2439333163,-1,165
1621847906624,1621847906634,10,-1,34,1128.01263119737,-1,-1
1621847906844,1621847906854,10,-1,30,1168.34242151408,-1,-1
1621847906874,1621847906894,20,0,64,2593.81365368846,-1,356
1621847906904,1621847906934,30,6,601,34410.6991599814,-1,50
1621847907324,1621847907364,40,5,231,-1.0,-8760,54
1621847907374,1621847907384,10,-1,31,222.317353852196,-1,-1
1621847907394,1621847907414,20,1,173,10678.3903163836,-1,94
1621847907524,1621847907593,69,9,624,1815.97266186445,-26815,258
1621847907663,1621847907733,70,22,1489,78633.5434791505,-119675,140
1621847907923,1621847908033,110,21,525,41133.8589935211,-43726,323
1621847908753,1621847908803,50,2,72,3882.23298483476,-1871,69
1621847908813,1621847908823,10,-1,50,2397.46369769105,-1,-1
1621847908843,1621847908923,80,7,424,28293.5891835472,-2772,87
1621847909013,1621847909073,60,19,814,754.539549490357,-39050,194
1621847909103,1621847909123,20,0,46,2935.94713605266,-787,63
1621847909153,1621847909173,20,0,49,3956.17970988943,-1,331
1621847909183,1621847909203,20,1,72,6145.38732003061,-1,182
1621847909223,1621847909243,20,0,32,1219.02678075777,-1,73
1621847909272,1621847909282,10,-1,31,1725.26030478909,-1,-1
1621847909592,1621847909622,30,7,355,19244.0029430139,-6137,351
1621847909712,1621847909752,40,9,356,14083.0345385714,-21083,331
1621847910162,1621847910202,40,2,83,4331.3466799884,-3348,194
1621847910472,1621847910502,30,7,943,64248.77428316,-1,157
1621847911171,1621847911401,230,8,1644,15100.4445464424,-153854,203
1621847911431,1621847911461,30,4,222,11787.3801912992,-11842,161
1621847911501,1621847911631,130,6,72,2995.7486577459,-2092,58
1621847911681,1621847911691,10,-1,36,1567.98554885168,-1,-1
1621847911721,1621847911751,30,1,71,3278.85577863403,-529,276
1621847911761,1621847911851,90,19,291,10263.1680084228,-11581,61
1621847911861,1621847911951,90,3,77,1693.67296268937,-4141,255
1621847912061,1621847912081,20,0,54,2707.3723900584,-1,102
1621847912091,1621847912101,10,-1,31,2376.09156332048,-1,-1
1621847912391,1621847912461,70,12,620,42553.0460212896,-23249,259
1621847912531,1621847912661,130,25,744,49614.4988345842,-38641,263
1621847912671,1621847912690,19,1,72,2414.71677742363,-1,282
1621847912700,1621847912740,40,2,122,6961.77323183007,-4638,147
1621847912760,1621847912770,10,-1,30,1448.80846547618,-1,-1
1621847912810,1621847912860,50,0,61,3744.75751140052,-2807,188
1621847913060,1621847913070,10,-1,31,966.810868662172,-1,-1
1621847913120,1621847913130,10,-1,55,3161.91348091318,-1,-1
1621847913180,1621847913230,50,13,545,17857.6983293501,-1,2
1621847913780,1621847913840,60,4,198,12009.8138079737,-11872,354
1621847913850,1621847913890,40,3,80,3447.14341096424,-1,187
1621847913920,1621847913950,30,1,40,652.695094263313,-998,109
1621847913960,1621847913970,10,-1,34,2473.56066864642,-1,-1
1621847913980,1621847914000,20,0,37,500.588535790656,-1,198
1621847914020,1621847914060,40,7,275,18520.2698150183,-16700,173
1621847914080,1621847914090,10,-1,32,1730.65253845406,-1,-1
1621847914150,1621847914350,200,12,1499,87185.0937485636,-91819,107
1621847914359,1621847914379,20,0,53,2993.81784587314,-1,84
1621847914389,1621847914429,39,9,430,25255.2446421413,-22542,82
1621847914489,1621847914609,120,10,214,14482.6095623842,-9831,252
1621847914629,1621847914819,190,15,483,30747.6052107815,-19594,274
1621847914829,1621847914849,20,0,50,3170.87160585483,-214,241
1621847915239,1621847915399,160,12,195,6817.80872238358,-7037,87
1621847915419,1621847915459,40,3,126,6895.94467196386,-5661,359
1621847915529,1621847915599,70,3,157,10942.8568488601,-11257,248
1621847915619,1621847915649,30,1,54,2540.87518457768,-379,293
1621847915659,1621847915679,20,9,1053,62780.5761428296,-1,97
1621847915899,1621847915939,40,2,260,10122.8352656707,-7696,352
1621847915989,1621847916208,219,18,621,35248.1855078359,-27551,105
1621847916308,1621847916348,40,7,327,-1.0,-18228,143
1621847916358,1621847916608,250,16,170,7786.65167068722,-8896,262
1621847916628,1621847916638,10,-1,31,526.621231113235,-1,-1
1621847916658,1621847916938,280,5,449,14658.1364531688,-21680,12
1621847916948,1621847916968,20,0,30,269.432643270716,-1,98
1621847916988,1621847917068,80,4,84,4330.75828028221,-3217,240
1621847917078,1621847917328,250,11,56,928.963721451846,-1599,258
1621847917408,1621847917558,150,29,537,38911.6780994086,-25481,347
1621847917568,1621847917578,10,-1,64,3785.95356470197,-1,-1
1621847918037,1621847918117,80,31,571,3583.20643555203,-15074,181
1621847918287,1621847918327,40,10,660,24415.5272539313,-1,359
1621847918607,1621847918627,20,0,32,604.838765994616,-1,97
1621847918657,1621847918677,20,5,242,22895.4360951794,-1,111
1621847918697,1621847918717,20,5,242,22256.7538077975,-1,293
1621847918727,1621847918757,30,2,85,4452.30905233734,-1,289
1621847919167,1621847919197,30,8,350,2133.17703443355,-20261,142
1621847919207,1621847919397,190,25,483,40011.2926788616,-29227,119
1621847919976,1621847920046,70,12,654,7016.34782789871,-32521,273
1621847920066,1621847920096,30,1,68,2094.2428054209,-1327,225
1621847920126,1621847920326,200,11,198,10417.5481510254,-9135,143
1621847920346,1621847920376,30,3,277,12675.7794828292,-1,67
1621847920506,1621847920556,50,6,338,-1.0,-13024,279
1621847920606,1621847920636,30,0,55,3171.33173221846,-1431,42
1621847920646,1621847920666,20,0,85,6014.77290898045,-4099,237
1621847920676,1621847920706,30,3,195,12923.7319484955,-7473,55
1621847920766,1621847920786,20,0,47,3755.79249909127,-1491,264
1621847920906,1621847920926,20,0,44,1790.68205449053,-1318,125
1621847920996,1621847921036,40,2,85,4833.6745553642,-2282,244
1621847921096,1621847921106,10,-1,49,2320.92218524765,-1,-1
1621847921146,1621847921325,179,29,1470,59903.5520313021,-50695,290
1621847921355,1621847921405,50,2,70,2085.40470710359,-2826,237
1621847921445,1621847921465,20,0,55,2516.2477472539,-1,86
1621847921475,1621847921495,20,0,48,3996.05683642617,-520,176
1621847921505,1621847921645,140,27,533,20738.9546860157,-24045,3
1621847921655,1621847921745,90,4,167,9180.27095186492,-8511,234
1621847922185,1621847922195,10,-1,61,-1.0,-1,-1
1621847922205,1621847922375,170,26,709,53443.562817966,-51846,170
1621847922385,1621847922425,40,1,46,2906.49476728714,-780,70
1621847922475,1621847922525,50,4,160,8674.55777460945,-6973,180
1621847922575,1621847922595,20,0,64,2896.98249717629,-1,270
1621847922635,1621847922655,20,0,42,1641.96351420324,-1,110
1621847922665,1621847922705,40,1,44,1744.5670056032,-1267,315
1621847922735,1621847922825,90,21,447,16093.4804340398,-20195,65
1621847922864,1621847922884,19,0,42,2461.21716507445,-709,307
1621847922954,1621847922984,30,2,105,7233.27735512339,-2267,94
1621847923164,1621847923194,30,3,229,12195.8398384542,-1,276
1621847923284,1621847923334,50,3,193,2026.60966552883,-14212,238
1621847923354,1621847923364,10,-1,47,2413.43645387823,-1,-1
1621847923464,1621847923474,10,-1,34,594.329921916085,-1,-1
1621847923564,1621847923594,30,5,393,20857.1427718788,-1,5
1621847923754,1621847923794,40,2,52,2155.42551452102,-1468,173
1621847924813,1621847924823,10,-1,478,-1.0,-1,-1
1621847924953,1621847925013,60,2,475,1726.83547415221,-37360,268
1621847925143,1621847925173,30,0,34,246.936376560951,-1,114
1621847925263,1621847925273,10,-1,311,-1.0,-1,-1
1621847925433,1621847925593,160,7,516,2326.24096134072,-36921,289
1621847925603,1621847925633,30,3,152,6691.41987460055,-7916,126
1621847925663,1621847925793,130,1,710,43155.9712400527,-6371,355
1621847925943,1621847926153,210,5,294,17746.1548365553,-11976,329
1621847926163,1621847926173,10,-1,35,674.340331985606,-1,-1
1621847926242,1621847926642,399,30,903,34039.942441466,-40092,286
1621847926662,1621847926672,10,-1,37,2187.7917898457,-1,-1
1621847926692,1621847926762,70,19,591,18789.9375042477,-28747,141
1621847926792,1621847926822,30,0,120,7421.51369482685,-716,250
1621847926832,1621847926842,10,-1,84,7005.87124607882,-1,-1
1621847926882,1621847926902,20,0,36,2177.47263271434,-1,296
1621847927112,1621847927122,10,-1,35,1043.26815645733,-1,-1
1621847927132,1621847927282,150,5,700,38133.0593011048,-36816,222
1621847927292,1621847927302,10,-1,36,1405.10213743741,-1,-1
1621847927312,1621847927482,170,0,464,29676.5490271899,-26362,260
1621847927682,1621847927722,40,3,120,8415.10813200864,-5992,167
1621847927971,1621847928051,80,22,463,19662.4645305534,-17490,7
1621847928091,1621847928311,220,4,1413,72129.9778115995,-73987,159
1621847928351,1621847928401,50,1,71,3841.30162212294,-2638,142
1621847928441,1621847928461,20,1,143,7233.81641304099,-1,94
1621847928471,1621847928541,70,18,468,13417.2308263048,-7846,269
1621847928951,1621847929041,90,6,129,2540.22898253906,-8728,338
1621847929051,1621847929061,10,-1,34,558.769055678045,-1,-1
1621847929091,1621847929191,100,24,479,17773.4103587902,-12490,3
1621847929221,1621847929311,90,3,62,2379.46086060265,-879,161
1621847929411,1621847929431,20,0,85,-1.0,-3590,140
1621847929441,1621847929481,40,1,39,862.809784188923,-239,146
1621847929661,1621847929880,219,24,560,22906.4651953297,-16170,335
1621847929890,1621847929940,50,1,155,11711.3566097896,-4034,108
1621847929960,1621847929980,20,1,106,7526.69548520903,-1,63
1621847930140,1621847930180,40,17,930,63279.7135826194,-1,156
1621847930270,1621847930300,30,1,529,-1.0,-47509,149
1621847930330,1621847930340,10,-1,49,2326.62666079626,-1,-1
1621847930470,1621847930510,40,1,46,3838.30581219574,-1101,226
1621847930910,1621847930970,60,21,513,14761.6198304536,-3146,350
1621847931260,1621847931280,20,0,67,-1.0,-3103,90
1621847931629,1621847931639,10,-1,32,2086.41772050503,-1,-1
1621847931729,1621847931739,10,-1,34,1632.91570777785,-1,-1
1621847931849,1621847931869,20,0,64,3290.75503845616,-1,113
1621847931979,1621847932079,100,1,350,30014.5226134358,-20133,78
1621847932519,1621847932639,120,14,1096,60542.215889792,-63839,180
1621847932769,1621847932909,140,6,617,15922.1701251822,-44158,210
1621847932969,1621847933178,209,54,1027,32003.2500788587,-40980,4
1621847933188,1621847933328,140,12,1130,75326.3029508376,-100995,206
1621847933348,1621847933358,10,-1,38,932.701664693202,-1,-1
1621847933518,1621847933528,10,-1,84,6657.97132388093,-1,-1
1621847933628,1621847933648,20,1,71,5686.23948093991,-2840,335
1621847933668,1621847933688,20,1,69,2770.08381898687,-1,185
1621847934328,1621847934468,140,17,320,15909.9617678852,-19527,22
1621847934508,1621847934578,70,3,84,4959.33048784303,-3436,307
1621847934588,1621847934698,110,6,103,5763.02080012641,-2637,290
1621847935027,1621847935037,10,-1,76,-1.0,-1,-1
1621847935047,1621847935087,40,3,305,14305.6401163221,-1,150
1621847935417,1621847935437,20,0,38,-1.0,-730,101
1621847935547,1621847935567,20,1,93,6132.26104837652,-1,86
1621847935587,1621847935617,30,1,60,2022.57439023332,-2069,280
1621847935727,1621847935737,10,-1,33,473.929156727105,-1,-1
1621847935777,1621847935787,10,-1,35,2252.26136619615,-1,-1
1621847935927,1621847935967,40,0,267,-1.0,-20966,94
1621847936187,1621847936207,20,0,147,-1.0,-10055,90
1621847936227,1621847936267,40,4,164,12862.5095108429,-11812,268
1621847936496,1621847936536,40,1,45,2262.25022044496,-1257,83
1621847936616,1621847936646,30,2,113,5529.51257222708,-1,256
1621847937426,1621847937446,20,0,156,-1.0,-11049,108
1621847937556,1621847937586,30,2,100,7603.73191004583,-6630,253
1621847939365,1621847939535,170,9,420,26973.5869188381,-29857,187
1621847939635,1621847939665,30,1,68,3862.79418867384,-2206,90
1621847939725,1621847939735,10,-1,39,1161.68953543951,-1,-1
1621847939864,1621847939874,10,-1,39,1283.30888257256,-1,-1
1621847939894,1621847939904,10,-1,33,1240.50991312023,-1,-1
1621847939954,1621847939964,10,-1,38,1185.14474306124,-1,-1
1621847939974,1621847940014,40,8,331,14854.9646976203,-1,166
1621847940124,1621847940264,140,19,747,37106.5695093088,-59108,335
1621847940274,1621847940324,50,5,187,9527.03232235173,-6341,281
1621847940334,1621847940354,20,0,71,5981.3366447966,-3013,90
1621847940494,1621847940554,60,3,81,1528.48000716327,-3458,86
1621847940604,1621847940674,70,4,79,4366.20290886137,-1787,264
1621847940774,1621847940844,70,4,105,2879.30756763027,-3109,66
1621847940964,1621847941014,50,1,44,1657.86270264783,-664,241
1621847941024,1621847941074,50,2,60,2223.96791735676,-1827,231
1621847941084,1621847941114,30,0,40,760.301554011867,-1028,242
1621847941144,1621847941154,10,-1,30,616.135314736502,-1,-1
1621847941234,1621847941264,30,1,52,1719.49350677605,-937,133
1621847941274,1621847941284,10,-1,62,3690.08544548957,-1,-1
1621847941963,1621847942133,170,13,755,56692.029560872,-65718,143
1621847942143,1621847942233,90,5,179,8695.94360090739,-11070,170
1621847942243,1621847942273,30,3,163,9377.18765453138,-9451,258
1621847942383,1621847942403,20,0,59,3479.44136642701,-385,128
1621847942423,1621847942443,20,0,52,2353.25277187743,-1473,137
1621847942633,1621847942663,30,1,103,7887.21746367719,-3237,58
1621847942693,1621847942713,20,1,96,7110.19895762574,-4981,260
1621847942723,1621847942803,80,6,132,4469.16727313003,-9330,91
1621847942813,1621847943133,320,4,501,45578.7418608577,-40241,264
1621847943242,1621847943272,30,0,157,13575.6273023819,-11519,266
1621847943762,1621847943772,10,-1,33,651.371350662478,-1,-1
1621847943792,1621847944192,400,41,441,25568.1430885075,-24835,186
1621847944202,1621847944372,170,14,183,7105.10729012449,-9281,10
1621847944382,1621847944402,20,0,55,4619.62126530134,-862,252
1621847944422,1621847944432,10,-1,38,3130.09191653881,-1,-1
1621847944442,1621847944492,50,3,74,4779.35705691119,-495,306
1621847944502,1621847944512,10,-1,33,788.256082181414,-1,-1
1621847944522,1621847944532,10,-1,36,1058.65275758764,-1,-1
1621847944692,1621847944702,10,-1,31,223.142661568394,-1,-1
1621847944722,1621847944732,10,-1,36,952.043445774956,-1,-1
1621847944762,1621847944882,120,1,156,5138.52756577694,-8368,7
1621847945001,1621847945011,10,-1,38,3141.34881929655,-1,-1
1621847945051,1621847945071,20,1,68,3729.86427839535,-1,242
1621847945161,1621847945181,20,0,35,1011.13545078683,-76,123
1621847945201,1621847945221,20,0,33,2154.44694041429,-1,111
1621847945311,1621847945331,20,0,39,1951.12215615139,-1,130
1621847945451,1621847945491,40,0,75,6654.42310801109,-2462,135
1621847945541,1621847945591,50,3,88,4957.35980002065,-1795,185
1621847945641,1621847945671,30,1,66,3232.90480184224,-3125,180
1621847945751,1621847945761,10,-1,33,1266.09153443289,-1,-1
1621847945861,1621847945891,30,1,43,1038.96068364444,-1,5
1621847946581,1621847946660,79,15,496,15581.4682694867,-20497,28
1621847946770,1621847946790,20,9,1459,-1.0,-98237,309
1621847946800,1621847946850,50,5,182,16383.9500645314,-7252,286
1621847946860,1621847946910,50,7,309,18066.6186326283,-17761,268
1621847947050,1621847947150,100,29,1072,87503.0714716622,-49701,208
1621847947160,1621847947170,10,-1,305,28707.3497187927,-1,-1
1621847947190,1621847947200,10,-1,36,809.54216984987,-1,-1
1621847947220,1621847947250,30,1,149,8685.03896782659,-1,315
1621847947450,1621847947500,50,14,603,-1.0,-19530,51
1621847947520,1621847948000,480,11,431,36436.4646003303,-27278,285
1621847948020,1621847948070,50,1,65,3096.53491319644,-2743,55
1621847948080,1621847948130,50,1,103,5719.61373127669,-684,259
1621847948140,1621847948230,90,3,89,5592.50696448789,-2877,316
1621847948240,1621847948320,80,11,583,18861.7313543545,-4754,176
1621847948409,1621847948559,150,21,358,11579.2668746659,-17530,354
1621847948819,1621847949129,310,17,493,5217.30744678357,-13934,94
1621847949189,1621847949279,90,31,497,21432.0293550878,-8919,335
1621847949419,1621847949449,30,1,345,-1.0,-28156,28
1621847949459,1621847949669,210,51,769,43944.7411021974,-47584,174
1621847949679,1621847949709,30,1,101,4098.88297766628,-1,6
1621847949719,1621847949769,50,2,203,17551.5257927892,-13112,40
1621847949779,1621847949889,110,9,138,11747.5571367821,-7147,89
1621847949899,1621847949939,40,3,112,5295.47199499288,-3939,92
1621847949949,1621847950008,59,3,73,3940.56802692193,-2379,95
1621847950078,1621847950098,20,0,59,3533.63191015103,-919,116
1621847950108,1621847950138,30,1,87,3866.80940693829,-4170,278
1621847950178,1621847950238,60,4,97,5393.00154886237,-4111,274
1621847950258,1621847950378,120,6,85,6202.15011858723,-1811,274
1621847950428,1621847950438,10,-1,33,1013.72397134806,-1,-1
1621847950458,1621847950488,30,0,45,1758.56579139386,-1266,266
1621847950518,1621847950678,160,30,423,33208.8851511073,-23745,346
1621847950688,1621847950708,20,1,63,2663.2537891868,-1,59
1621847950728,1621847950778,50,1,44,1591.9899124742,-1026,210
1621847950798,1621847950818,20,0,39,1636.34921577753,-1,228
1621847950858,1621847950878,20,0,51,2659.42538448952,-1,250
1621847950888,1621847950908,20,1,86,6371.44007492547,-660,313
1621847950918,1621847950948,30,0,45,2844.35385975831,-1335,219
1621847951058,1621847951068,10,-1,38,1192.58849884447,-1,-1
1621847951138,1621847951168,30,1,58,2236.95017517348,-1065,94
1621847951178,1621847951198,20,1,544,46860.7948786139,-1,63
1621847951208,1621847951268,60,2,553,54404.5762517838,-44683,228
1621847951308,1621847951368,60,10,457,22536.7663316164,-22997,216
1621847951408,1621847951518,110,11,712,39752.8964809856,-55838,15
1621847951668,1621847951678,10,-1,40,1815.35249157283,-1,-1
1621847951837,1621847951847,10,-1,30,1534.8807116181,-1,-1
1621847951937,1621847951967,30,0,105,9682.51011613227,-6698,130
1621847951977,1621847951997,20,1,64,4759.10488705349,-2021,103
1621847952067,1621847952137,70,2,169,11380.4616886925,-12142,90
1621847952157,1621847952177,20,1,134,5723.41660813516,-1,104
1621847952277,1621847952337,60,6,201,4997.3756119188,-4418,260
1621847952387,1621847952407,20,2,175,8579.28830357395,-1,112
1621847952507,1621847952557,50,7,337,-1.0,-9682,257
1621847952587,1621847952627,40,1,51,1685.86145912218,-714,312
1621847952637,1621847952647,10,-1,114,8514.16613375667,-1,-1
1621847952747,1621847952767,20,3,574,-1.0,-41382,321
1621847952797,1621847952827,30,1,399,31382.9261231682,-22327,227
1621847952857,1621847952867,10,-1,31,1618.86404540098,-1,-1
1621847952877,1621847952887,10,-1,42,1590.77173410328,-1,-1
1621847952897,1621847952907,10,-1,68,5544.62028059075,-1,-1
1621847952917,1621847952927,10,-1,38,1506.23519105666,-1,-1
1621847952937,1621847952947,10,-1,51,3221.51259288618,-1,-1
1621847953037,1621847953047,10,-1,38,1479.02660375801,-1,-1
1621847953147,1621847953327,180,0,391,23160.7712857206,-13618,315
1621847953337,1621847953347,10,-1,44,3005.98316379008,-1,-1
1621847953357,1621847953576,219,1,203,10170.9573778374,-8069,129
1621847953856,1621847953876,20,0,45,2939.19681506743,-1,83
1621847953896,1621847953906,10,-1,667,66440.7760894949,-1,-1
1621847953996,1621847954106,110,10,320,10371.269347952,-24542,271
1621847954216,1621847954236,20,0,51,2995.40532496104,-1,252
1621847954336,1621847954376,40,1,53,2519.64491775897,-1,64
1621847954396,1621847954446,50,2,99,6703.2221388247,-3714,10
1621847954486,1621847954526,40,1,227,16721.9260846829,-7756,68
1621847954696,1621847954706,10,-1,43,2324.14312015904,-1,-1
1621847954776,1621847954856,80,14,493,22596.6536171408,-18063,187
1621847954956,1621847955175,219,8,427,10519.5899230196,-22792,328
1621847955185,1621847955485,300,10,357,19533.7705708039,-16516,87
1621847955805,1621847955815,10,-1,38,-1.0,-1,-1
1621847955835,1621847955855,20,1,78,7533.76273840902,-1945,137
1621847955865,1621847955915,50,9,356,28126.1005748495,-21309,151
1621847955925,1621847955945,20,0,37,794.854506016523,-1,153
1621847955965,1621847955985,20,0,38,1007.47016552645,-631,187
1621847955995,1621847956055,60,2,134,8287.30993446251,-7780,235
1621847956125,1621847956135,10,-1,35,1079.49303810728,-1,-1
1621847956145,1621847956165,20,1,108,4293.94598805958,-1,72
1621847956175,1621847956185,10,-1,43,2016.80475599711,-1,-1
1621847956195,1621847956235,40,1,37,1721.98621409869,-258,149
1621847956255,1621847956275,20,5,233,20634.1103056783,-1,257
1621847956295,1621847956325,30,2,89,4598.43713401796,-3197,88
1621847956345,1621847956515,170,6,1582,97435.3964218441,-125512,117
1621847956535,1621847956555,20,0,49,3133.80793887253,-378,98
1621847956575,1621847956775,200,10,95,3704.95999081538,-4755,234
1621847956834,1621847956964,130,29,494,22006.8047668473,-23990,53
1621847956974,1621847956984,10,-1,49,4389.53769586526,-1,-1
1621847957024,1621847957304,280,20,510,38416.9345801722,-28112,131
1621847957324,1621847957444,120,7,84,3669.67518780549,-1570,283
1621847957474,1621847957584,110,21,469,22043.5876446032,-21991,280
1621847957834,1621847957854,20,4,448,5946.59883381489,-1,13
1621847957944,1621847958254,310,22,309,21686.8050174984,-19953,160
1621847958314,1621847958324,10,-1,38,988.035071487831,-1,-1
1621847958364,1621847958474,110,18,814,28426.0691014356,-57136,250
1621847958494,1621847958504,10,-1,71,5090.42094204938,-1,-1
1621847958513,1621847958623,109,5,476,42235.8237657216,-36692,249
1621847958653,1621847958693,40,0,97,4127.64811913597,-1,234
1621847958703,1621847958723,20,0,44,2762.63473077956,-775,110
1621847958883,1621847958963,80,24,526,18614.0181266,-19916,83
1621847958983,1621847959113,130,5,63,2518.77859806389,-2580,262
1621847959143,1621847959173,30,1,77,4427.84941784822,-3603,285
1621847959223,1621847959253,30,0,39,1059.60859773752,-44,281
1621847959343,1621847959463,120,22,422,25305.5230065662,-16948,247
1621847959883,1621847959903,20,2,106,8256.87011817595,-2779,60
1621847959913,1621847959983,70,3,57,3950.92642635502,-1173,70
1621847960003,1621847960043,40,1,63,2238.21491278285,-1238,25
1621847960053,1621847960582,529,15,499,30833.9144858882,-24784,142
1621847960592,1621847960752,160,9,612,50111.8008604641,-52370,353
1621847960862,1621847960912,50,2,112,1471.17548592778,-5692,62
1621847960922,1621847960972,50,1,102,5714.0058806908,-4990,203
1621847960982,1621847961022,40,2,601,49015.3226525029,-36176,241
1621847961082,1621847961152,70,5,389,35440.9922885597,-23879,151
1621847961312,1621847961342,30,1,83,7098.64034392615,-3391,107
1621847961352,1621847961632,280,19,436,21660.3921856895,-29652,88
1621847961662,1621847961702,40,2,89,6931.39683021102,-3431,265
1621847961732,1621847961752,20,0,60,3158.09253603532,-1024,266
1621847961951,1621847962051,100,19,890,65590.5591560802,-43935,284
1621847962521,1621847962671,150,11,267,18970.1329049004,-20415,135
1621847962711,1621847962741,30,1,59,2480.86493522922,-883,318
1621847962781,1621847962841,60,3,87,2142.77209208596,-2081,342
1621847963091,1621847963141,50,4,662,44823.1961051148,-622,61
1621847963251,1621847963351,100,6,126,3203.01578603587,-3769,285
1621847963371,1621847963391,20,0,44,1476.53962933952,-791,276
1621847963411,1621847963431,20,0,62,3347.7510465203,-1,266
1621847963441,1621847963451,10,-1,51,4363.57682043743,-1,-1
1621847963601,1621847963650,49,6,270,17415.8963311157,-12339,91
1621847963770,1621847963800,30,2,141,7273.24355724467,-7668,220
1621847963900,1621847963910,10,-1,36,1433.22183617045,-1,-1
1621847963920,1621847964010,90,9,291,19125.937797531,-16486,286
1621847964120,1621847964200,80,2,55,2435.57705325657,-2192,51
1621847964210,1621847964400,190,30,769,56038.7779223562,-29652,248
1621847964410,1621847964460,50,4,129,6262.98154336651,-2864,75
1621847964470,1621847964480,10,-1,42,3346.08956925466,-1,-1
1621847964540,1621847964550,10,-1,30,2329.90153760492,-1,-1
1621847964570,1621847964640,70,5,238,12853.2003917811,-13402,106
1621847964830,1621847964850,20,0,54,-1.0,-2098,325
1621847964940,1621847965050,110,26,523,18212.6788008982,-14824,59
1621847965080,1621847965100,20,0,51,2264.13072985889,-898,251
1621847965120,1621847965130,10,-1,30,361.94163434585,-1,-1
1621847965250,1621847965270,20,0,35,1385.33750372695,-1,249
1621847965329,1621847965369,40,1,46,1132.04069727719,-676,242
1621847965439,1621847965459,20,1,106,8275.8835910392,-1,36
1621847965689,1621847965919,230,24,838,38881.1381559121,-69669,314
1621847965929,1621847966129,200,18,628,39005.8937455032,-50654,182
1621847966139,1621847966189,50,2,69,1553.70018414327,-1,198
1621847966199,1621847966209,10,-1,36,677.398458813268,-1,-1
1621847966269,1621847966319,50,1,37,773.500185153069,-171,194
1621847966359,1621847966379,20,0,33,830.735017866704,-162,195
1621847966389,1621847966409,20,0,36,851.019177439038,-529,249
1621847966479,1621847966679,200,29,573,43523.4996537211,-29306,75
1621847966729,1621847966839,110,5,75,2912.31794661941,-2525,300
1621847966948,1621847967228,279,25,754,24307.7910984044,-32449,255
1621847967248,1621847967278,30,1,53,2359.5453651787,-1240,97
1621847967358,1621847967388,30,1,59,2329.92049664226,-1372,124
1621847967488,1621847967518,30,1,68,3031.6774746535,-2762,59
1621847967528,1621847967538,10,-1,33,1772.93977432843,-1,-1
1621847967578,1621847967608,30,0,42,1407.33828989981,-615,75
1621847967748,1621847967768,20,6,972,69637.1700607578,-1,103
1621847967888,1621847967968,80,8,259,12690.9703049549,-16809,277
1621847967998,1621847968128,130,10,160,7372.83424445876,-5161,273
1621847968208,1621847968288,80,23,443,26931.9316194287,-22195,259
1621847968298,1621847968338,40,3,98,8133.51912560359,-2750,51
1621847968348,1621847968568,220,13,129,4474.73272476438,-2772,63
1621847968648,1621847969077,429,15,1175,51701.1441987138,-57204,193
1621847969087,1621847969187,100,12,461,26453.5314277426,-29035,28
1621847969207,1621847969227,20,0,37,1434.89250452098,-491,255
1621847969257,1621847969327,70,12,366,19176.1400891687,-10953,62
1621847970077,1621847970117,40,1,41,1221.76894414039,-687,114
1621847970127,1621847970267,140,18,506,25282.9227182097,-15159,292
1621847970277,1621847970327,50,4,160,6687.3668227806,-9322,95
1621847970347,1621847970416,69,0,210,14415.0431588312,-12507,251
1621847970586,1621847970666,80,15,318,19253.174629666,-10784,121
1621847970696,1621847970716,20,0,50,2791.51806733353,-1117,292
1621847970746,1621847970806,60,2,55,1049.53936996344,-1261,353
1621847970816,1621847970836,20,0,62,4902.73553810873,-1787,180
1621847970896,1621847970976,80,3,74,3358.87177725535,-2498,347
1621847970996,1621847971026,30,0,43,1275.74072160284,-1272,319
1621847971056,1621847971066,10,-1,45,3116.36186877923,-1,-1
1621847971246,1621847971256,10,-1,59,4160.93663417356,-1,-1
1621847971306,1621847971346,40,2,122,6184.76336969217,-5356,97
1621847971416,1621847971466,50,1,48,1621.83607430877,-568,254
1621847971776,1621847971796,20,0,45,4049.11744427627,-1,220
1621847971986,1621847972585,599,19,842,39344.9747215728,-53577,175
1621847972685,1621847972805,120,15,401,16028.8469486184,-18047,73
1621847972815,1621847972885,70,1,61,4966.43558095992,-1634,333
1621847972905,1621847972935,30,1,51,2069.53046625959,-1257,278
1621847973275,1621847973345,70,12,367,16214.0563057943,-18326,341
1621847973355,1621847973385,30,1,52,1996.07017522541,-1311,199
1621847973405,1621847973425,20,0,38,1217.63751351339,-1,135
1621847973455,1621847973525,70,2,40,1779.7509607836,-738,129
1621847973625,1621847973645,20,0,63,-1.0,-2465,151
1621847973655,1621847973804,149,20,431,26673.0720252562,-15939,188
1621847973874,1621847973994,120,4,52,1598.71440080976,-1824,339
1621847974014,1621847974044,30,0,43,2084.43488692017,-1253,0
1621847974174,1621847974254,80,12,301,10906.2119480354,-13868,74
1621847974264,1621847974274,10,-1,31,1310.76202181483,-1,-1
1621847974314,1621847974454,140,2,187,7605.88537553749,-7706,332
1621847974474,1621847974484,10,-1,31,808.340943623372,-1,-1
1621847974504,1621847974564,60,1,125,8021.85844637706,-5513,236
1621847974574,1621847974584,10,-1,36,1484.00188891358,-1,-1
1621847974724,1621847974734,10,-1,56,3674.93278742885,-1,-1
1621847974804,1621847974874,70,14,408,18061.943558399,-14251,237
1621847974904,1621847975024,120,4,395,28080.0151042343,-740,20
1621847975224,1621847975314,90,4,330,13804.4713737129,-25282,176
1621847975324,1621847975334,10,-1,186,15719.3994816001,-1,-1
1621847975563,1621847975683,120,4,527,13129.4931000749,-41211,354
1621847975713,1621847975793,80,3,63,4871.14467411943,-2295,344
1621847975803,1621847975863,60,1,61,2535.39202614223,-1927,348
1621847975883,1621847975913,30,1,74,3051.52530763591,-1994,326
1621847975923,1621847975943,20,0,31,523.211915713603,-1,296
1621847976123,1621847976133,10,-1,60,4466.28937516534,-1,-1
1621847976353,1621847976413,60,1,46,1501.33323095974,-634,335
1621847976463,1621847976473,10,-1,32,1105.29641063881,-1,-1
1621847976483,1621847976533,50,4,162,9805.23286854172,-8153,273
1621847976803,1621847976953,150,4,582,24587.883568314,-46634,103
1621847976983,1621847976993,10,-1,38,1078.76543514637,-1,-1
1621847977083,1621847977103,20,0,33,1139.05604203737,-162,209
1621847977162,1621847977172,10,-1,40,1262.49753963061,-1,-1
1621847977182,1621847977192,10,-1,30,1328.0821978544,-1,-1
1621847977202,1621847977332,130,38,557,17392.2449637331,-29935,353
1621847977342,1621847977582,240,23,219,11780.0951083364,-9741,185
1621847977592,1621847977602,10,-1,37,3253.83877296223,-1,-1
1621847977632,1621847977652,20,0,66,4260.56326196051,-1183,180
1621847977752,1621847977892,140,39,881,31995.5340379003,-49151,163
1621847978002,1621847978252,250,35,237,7096.09670265394,-6286,3
1621847978262,1621847978312,50,1,52,2607.71384588357,-986,47
1621847978322,1621847978402,80,13,294,14388.5537619243,-701,311
1621847978802,1621847978822,20,2,351,-1.0,-19935,173
1621847978832,1621847978991,159,12,116,9682.49161863085,-4902,324
1621847979001,1621847979021,20,1,81,5516.08693853023,-1156,20
1621847979031,1621847979041,10,-1,36,1848.33513299457,-1,-1
1621847979141,1621847979241,100,15,496,29018.9532883785,-20205,353
1621847979331,1621847979751,420,18,606,33841.8689984457,-43397,201
1621847979761,1621847979771,10,-1,58,3868.49618332965,-1,-1
1621847979781,1621847979871,90,1,91,3136.62954056875,-2354,277
1621847979881,1621847979941,60,10,521,43731.0918495657,-17663,166
1621847980031,1621847980071,40,13,543,14425.9173089285,-24198,205
1621847980081,1621847980341,260,33,336,18636.060999082,-25627,339
1621847980521,1621847980750,229,22,266,19511.6695023114,-10734,193
1621847980810,1621847980960,150,10,122,5226.40032160074,-3899,11
1621847980980,1621847981200,220,18,277,14005.2278246454,-9650,55
1621847981240,1621847981300,60,2,69,2090.88844946802,-2023,67
1621847981320,1621847981340,20,0,57,2920.14303223883,-838,81
1621847981400,1621847981440,40,1,41,1033.05480642469,-1054,94
1621847981800,1621847981840,40,3,135,7669.43479473434,-4602,38
1621847982050,1621847982060,10,-1,33,503.594816499501,-1,-1
1621847982070,1621847982090,20,0,31,545.361500853556,-1,171
1621847982100,1621847982120,20,0,36,915.893075706151,-1,180
1621847982449,1621847982489,40,2,106,6043.68545813763,-6295,155
1621847982629,1621847982689,60,7,258,12511.1897837583,-10810,343
1621847982729,1621847982739,10,-1,33,981.177739397297,-1,-1
1621847982779,1621847982849,70,5,148,6529.45385738446,-2985,274
1621847982869,1621847983309,440,5,397,31281.01504701,-30926,253
1621847983319,1621847983479,160,8,153,9704.96338818397,-9650,175
1621847983679,1621847983689,10,-1,132,10350.4261458527,-1,-1
1621847983809,1621847984068,259,23,720,41027.77584278,-28966,78
1621847984208,1621847984238,30,1,80,5735.71976500992,-3638,63
1621847984398,1621847984598,200,14,159,6734.67082058786,-6191,302
1621847984678,1621847984688,10,-1,37,1753.86150554345,-1,-1
1621847984708,1621847984778,70,17,488,20669.4132860148,-19397,254
1621847984788,1621847984848,60,2,135,6175.81081254635,-9414,285
1621847984878,1621847984908,30,1,75,6919.02691008836,-1915,66
1621847985078,1621847985158,80,6,220,13092.3186978404,-2568,285
1621847985508,1621847985538,30,4,308,-1.0,-15942,152
1621847985548,1621847985727,179,10,169,7606.45337310518,-9873,298
1621847985757,1621847985817,60,2,58,1594.83124030319,-2224,315
1621847985927,1621847985947,20,0,41,1573.87089205774,-283,77
1621847986087,1621847986347,260,19,564,39204.9525122727,-19826,314
1621847986367,1621847986387,20,0,34,1241.84635231219,-1,135
1621847986427,1621847986507,80,23,484,20931.2542280874,-13415,128
1621847986517,1621847986537,20,0,58,3487.51374720298,-2359,293
1621847986707,1621847987027,320,23,858,27645.8967777855,-43457,253
1621847987097,1621847987147,50,2,61,3851.7417480221,-1711,42
1621847987227,1621847987277,50,4,258,22166.1767468003,-1268,284
1621847987726,1621847987756,30,2,94,115.563403384205,-1,126
1621847987896,1621847987906,10,-1,112,10238.5583629354,-1,-1
1621847987926,1621847988116,190,26,1457,89176.7779740736,-69014,90
1621847988156,1621847988176,20,0,38,3877.59317681074,-513,90
1621847988196,1621847988236,40,1,53,2037.60800307733,-429,82
1621847988296,1621847988526,230,8,372,24001.4470634854,-23613,187
1621847988556,1621847988586,30,1,65,3068.08639304373,-2383,279
1621847988606,1621847988706,100,15,417,19063.0339879034,-12618,123
1621847988716,1621847988816,100,6,91,4249.08765134098,-3200,285
1621847988826,1621847988856,30,1,60,2036.65551314232,-1,278
1621847988886,1621847988976,90,23,702,36840.8583898865,-23355,313
1621847989016,1621847989035,19,0,32,1214.70023459369,-73,116
1621847989045,1621847989195,150,7,118,6636.1932365893,-8444,125
1621847989215,1621847989265,50,1,36,1262.19129368142,-278,201
1621847989315,1621847989335,20,1,75,4970.68763084327,-853,78
1621847989575,1621847989625,50,2,296,16914.5829147088,-1,53
1621847989725,1621847989865,140,28,419,20590.2054351321,-32570,213
1621847989875,1621847990035,160,11,233,16708.5593536785,-11807,198
1621847990045,1621847990055,10,-1,35,1058.60188164812,-1,-1
1621847990235,1621847990255,20,0,59,4855.84092070785,-2804,122
1621847990335,1621847990385,50,2,56,1065.30867882283,-874,92
1621847990595,1621847990605,10,-1,42,1256.88840865522,-1,-1
1621847990695,1621847990714,19,0,32,1734.08787184545,-262,135
1621847990834,1621847990924,90,3,72,2638.00574023676,-2682,295
1621847990944,1621847990954,10,-1,34,497.772780358098,-1,-1
1621847991044,1621847991064,20,0,51,2935.35346787141,-1120,206
1621847991124,1621847991164,40,1,44,909.215691673532,-566,244
1621847991674,1621847991694,20,0,40,1834.47725210444,-566,209
1621847991834,1621847991944,110,5,78,3877.61975212472,-2800,273
1621847991954,1621847991964,10,-1,40,1787.15851395593,-1,-1
1621847992004,1621847992034,30,1,62,2953.21291723499,-2442,191
1621847992334,1621847992344,10,-1,40,1901.75915679186,-1,-1
1621847992404,1621847992423,19,2,97,9700.46673228918,-1469,281
1621847992473,1621847992493,20,0,48,3340.18742596902,-121,78
1621847992553,1621847992563,10,-1,34,1167.10429010299,-1,-1
1621847992643,1621847992693,50,1,44,935.42387807833,-1385,90
1621847992813,1621847993053,240,13,200,16741.7001278375,-12570,80
1621847993063,1621847993093,30,4,311,12073.8605892872,-1,155
1621847994043,1621847994162,119,56,1458,65802.6760739315,-102667,165
1621847994222,1621847994252,30,0,36,561.536934968364,-658,331
1621847994342,1621847994382,40,0,113,8765.46319338139,-5885,350
1621847994392,1621847994422,30,1,98,3803.78215637364,-3786,254
1621847994512,1621847994532,20,4,459,23989.8746990052,-1,101
1621847994642,1621847994872,230,6,854,15205.0334331096,-50354,214
1621847994892,1621847994922,30,4,793,77414.2222567429,-59923,236
1621847994932,1621847995072,140,8,506,47929.4153866679,-23241,251
1621847995082,1621847995102,20,0,34,451.348531664613,-186,243
1621847995272,1621847995292,20,0,47,2802.88866099256,-1,34
1621847995312,1621847995322,10,-1,34,1084.41857499415,-1,-1
1621847995352,1621847995362,10,-1,36,1005.1752310221,-1,-1
1621847995432,1621847995522,90,0,84,4570.30991448721,-4217,308
1621847995572,1621847995612,40,1,68,4485.11919957067,-2111,242
1621847995622,1621847995761,139,6,69,1285.44145010375,-1915,283
1621847995771,1621847995782,10,-1,36,811.943234328072,-1,-1
1621847995801,1621847995811,10,-1,30,528.856399124695,-1,-1
1621847995841,1621847995901,60,3,78,2748.27225437842,-1706,282
1621847995991,1621847996091,100,15,494,17576.0689154544,-2398,181
1621847996251,1621847996551,300,21,429,26783.5987541869,-21946,348
1621847996611,1621847996661,50,5,213,13606.9125460648,-13954,355
1621847996681,1621847996721,40,0,264,23215.4335985066,-19496,240
1621847996731,1621847996761,30,0,42,2339.74439785911,-1258,80
1621847996801,1621847996841,40,1,46,1168.37763002924,-1,59
1621847996941,1621847997091,150,14,1008,23801.3435363843,-71799,284
1621847997301,1621847997311,10,-1,35,900.525890225106,-1,-1
1621847997351,1621847997371,20,0,284,24402.2790982982,-1,66
1621847997461,1621847997520,59,10,501,909.483185759085,-20144,264
1621847997630,1621847997640,10,-1,32,562.00581914407,-1,-1
1621847997780,1621847997820,40,15,2198,157179.369146832,-1,26
1621847997920,1621847997960,40,7,209,-1.0,-9076,5
1621847997970,1621847998160,190,23,306,16842.9998991756,-8181,218
1621847998170,1621847998180,10,-1,32,2094.10931095947,-1,-1
1621847998210,1621847998260,50,1,55,2535.1476823761,-1708,230
1621847998450,1621847998930,480,16,803,71553.7267318938,-37486,198
1621847998940,1621847998970,30,1,50,1686.13320034397,-626,17
1621847999030,1621847999040,10,-1,63,5835.50682547933,-1,-1
1621847999050,1621847999070,20,0,79,6505.85687499079,-4771,228
1621847999080,1621847999130,50,3,91,4111.90049130433,-1434,123
1621847999140,1621847999209,69,3,215,14895.2063739352,-5012,123
1621847999359,1621847999579,220,22,440,35767.4853660271,-23892,250
1621847999589,1621847999649,60,8,229,10550.5861727058,-9358,232
1621847999889,1621847999959,70,4,97,2889.7134519191,-4649,279
1621848000119,1621848000149,30,0,89,7579.48682236545,-4980,100
1621848000159,1621848000369,210,11,313,21025.6116398682,-13811,73
1621848000379,1621848000389,10,-1,53,3974.22159324255,-1,-1
1621848000479,1621848000529,50,10,432,21466.5243302162,-25947,273
1621848000539,1621848000559,20,2,116,9097.65362369196,-1,258
1621848000579,1621848000819,240,23,605,33653.0721384267,-24178,67
1621848000829,1621848001068,239,21,290,25124.9254306817,-27736,270
1621848001078,1621848001098,20,0,39,662.301710181291,-1,239
1621848001118,1621848001138,20,1,59,2728.63220664557,-1,232
1621848001668,1621848001708,40,18,768,9074.74567791056,-37152,309
1621848001718,1621848001768,50,11,778,49873.4138464606,-69733,25
1621848001778,1621848001918,140,12,233,10171.4246597882,-9871,49
1621848001928,1621848002028,100,5,108,7372.69071839184,-4487,295
1621848001928,1621848002028,100,5,108,7372.69071839184,-4487,295
1621848002108,1621848002168,60,2,68,3199.6754090454,-2273,102
1621848002388,1621848002408,20,1,73,4859.81485761171,-1477,112
1621848002488,1621848002548,60,10,259,12202.0334010139,-9160,308
1621848002667,1621848002677,10,-1,34,679.060508495395,-1,-1
1621848002717,1621848002757,40,1,41,1345.85873705003,-353,331
1621848002777,1621848002817,40,6,280,15797.4392795324,-14773,154
1621848002977,1621848003057,80,6,234,14966.0429258095,-11146,265
1621848003127,1621848003187,60,12,360,18614.1436440608,-13140,87
1621848003127,1621848003187,60,12,360,18614.1436440608,-13140,87
1621848003467,1621848003507,40,4,222,10702.3077412681,-10186,149
1621848003537,1621848003547,10,-1,34,1608.35652034397,-1,-1
1621848003617,1621848003647,30,1,51,1599.15391545454,-1044,278
1621848004017,1621848004067,50,7,287,14177.1811732795,-12300,209
1621848004217,1621848004267,50,11,404,19525.2599105049,-15366,348
1621848004376,1621848004396,20,0,48,2304.93549756548,-959,196
1621848004476,1621848004496,20,0,40,2190.51084907952,-841,217
1621848004736,1621848004776,40,3,131,7762.80509798419,-6662,116
1621848005006,1621848005036,30,2,145,9055.06585671676,-7189,295
1621848005306,1621848005416,110,5,70,2312.78524183234,-2013,103
1621848005426,1621848005546,120,6,384,18344.0394586255,-13950,342
1621848005576,1621848005586,10,-1,34,564.380621516617,-1,-1
1621848005726,1621848005776,50,1,390,25398.3834275977,-21982,215
1621848005896,1621848006185,289,25,221,11609.2693255592,-8879,331
1621848006195,1621848006295,100,5,196,8722.44910316117,-8217,332
1621848006485,1621848006525,40,4,215,12040.4705982302,-9455,154
1621848006755,1621848006865,110,10,486,23195.9258290776,-20091,202
1621848007055,1621848007065,10,-1,30,521.087329910354,-1,-1
1621848007085,1621848007145,60,11,409,19253.2124928411,-18198,341
1621848007165,1621848007245,80,3,335,29734.8327656106,-17154,56
1621848007375,1621848007535,160,25,361,23151.4720523368,-14423,170
1621848007545,1621848007565,20,0,94,6501.91190925169,-4104,11
1621848007575,1621848007864,289,21,178,8998.91095133564,-6181,165
1621848007874,1621848007904,30,1,62,2381.32524888213,-2560,218
1621848007944,1621848008034,90,3,61,2316.35888704792,-1444,256
1621848008124,1621848008164,40,0,35,1295.41448735282,-487,288
1621848008304,1621848008314,10,-1,41,1272.75969886183,-1,-1
1621848008424,1621848008444,20,0,38,2413.50194287635,-1,315
1621848008464,1621848008494,30,0,47,1510.58495002381,-772,288
1621848008544,1621848008554,10,-1,38,2162.62950615079,-1,-1
1621848008614,1621848008744,130,13,343,19288.9109567416,-19720,86
1621848009044,1621848009074,30,1,74,3202.3264383173,-4120,65
1621848009104,1621848009194,90,9,337,16973.036946392,-11758,275
1621848009234,1621848009264,30,0,42,1024.36102729539,-387,14
1621848009343,1621848009363,20,0,32,2174.73674931227,-250,69
1621848009413,1621848009443,30,0,41,1517.75748984278,-689,29
1621848009473,1621848009493,20,0,36,1712.61613023891,-1,254
1621848009673,1621848009703,30,1,77,2998.24634962325,-2499,17
1621848009853,1621848009893,40,3,128,8556.050627864,-7454,97
1621848009993,1621848010003,10,-1,42,1573.71929205719,-1,-1
1621848010073,1621848010093,20,0,47,3323.87215009041,-420,247
1621848010213,1621848010373,160,2,462,24932.305956913,-25620,260
1621848010383,1621848010403,20,0,37,1490.90762134987,-294,52
1621848010493,1621848010523,30,1,55,2129.85091924195,-2402,232
1621848010783,1621848011002,219,14,336,27090.9546344017,-26724,121
1621848011012,1621848011052,39,1,47,2360.78708488361,-871,335
1621848011082,1621848011382,300,32,614,18636.4061275351,-27383,313
1621848011392,1621848011412,20,1,57,3398.4853030737,-1,318
1621848011422,1621848011432,10,-1,36,1988.78151685877,-1,-1
1621848011452,1621848011922,470,36,503,19400.6213065754,-14094,115
1621848011952,1621848012252,300,14,380,35362.8585379607,-25144,267
1621848012302,1621848012332,30,1,53,2569.3828176854,-2236,54
1621848012412,1621848012422,10,-1,31,268.257744342373,-1,-1
1621848012472,1621848012492,20,0,32,766.248112394431,-1,98
1621848012582,1621848012592,10,-1,40,2787.81072041601,-1,-1
1621848012602,1621848012622,20,1,104,7902.98384024887,-5920,290
1621848012662,1621848012692,30,4,220,11052.0454769528,-8886,76
1621848012781,1621848012801,20,0,52,1423.07372275887,-1,270
1621848012811,1621848012871,60,1,86,4233.92409085285,-2988,297
1621848012921,1621848012941,20,0,43,2460.86490459196,-689,259
1621848012981,1621848013031,50,4,171,9085.40943984985,-7386,260
1621848013121,1621848013141,20,0,38,1041.299874793,-437,257
1621848013211,1621848013221,10,-1,32,2238.07168422722,-1,-1
1621848013281,1621848013361,80,9,158,5881.233299643,-84,91
1621848013491,1621848013611,120,13,237,14383.1284737302,-16510,286
1621848013671,1621848013691,20,1,263,16326.1637307997,-1,102
1621848013821,1621848013981,160,12,259,5868.08750832495,-16102,276
1621848013991,1621848014021,30,1,89,4037.28760576863,-3600,280
1621848014111,1621848014211,100,4,59,1859.89389719372,-1799,78
1621848014371,1621848014390,19,4,639,43224.7424159194,-1,100
1621848014560,1621848014580,20,2,189,-1.0,-114,177
1621848014590,1621848014720,130,6,182,13421.8364725665,-8094,336
1621848015000,1621848015190,190,8,229,17642.4225701186,-8578,300
1621848015200,1621848015220,20,1,115,7575.05846480916,-1,80
1621848015540,1621848015630,90,19,515,23908.0746120618,-17815,269
1621848015860,1621848016040,180,13,392,29562.2580541624,-18748,4
1621848016169,1621848016179,10,-1,167,-1.0,-1,-1
1621848016189,1621848016439,250,26,631,48997.9951984255,-45747,195
1621848016449,1621848016519,70,4,180,12543.3517520098,-13247,211
1621848016529,1621848016539,10,-1,36,1914.77347330675,-1,-1
1621848016549,1621848016559,10,-1,208,18018.4032262863,-1,-1
1621848016569,1621848016599,30,0,224,20359.3735433923,-18356,227
1621848016609,1621848016679,70,6,270,16780.6113035553,-14813,176
1621848016859,1621848016919,60,4,137,8122.49442254507,-4486,149
1621848016929,1621848016959,30,1,56,3150.62011864121,-2319,82
1621848017029,1621848017049,20,0,38,1417.41974680306,-738,82
1621848017059,1621848017079,20,0,44,1814.86146630716,-616,79
1621848017299,1621848017329,30,1,71,3324.8659074132,-2903,30
1621848017489,1621848017529,40,1,41,683.780157759795,-940,295
1621848017549,1621848017559,10,-1,33,469.939364105063,-1,-1
1621848017619,1621848017649,30,0,46,1595.55159883141,-1569,333
1621848017768,1621848017818,49,13,1453,121908.875597784,-5647,150
1621848017918,1621848018188,270,29,461,15521.1750898535,-28182,316
1621848018248,1621848018268,20,0,34,661.204616730601,-1,14
1621848018278,1621848018288,10,-1,31,288.074182996141,-1,-1
1621848018298,1621848018318,20,0,54,2655.88091506999,-1,79
1621848018378,1621848018398,20,0,57,3840.71460521377,-1,86
1621848018408,1621848018428,20,0,56,2986.36336244152,-314,317
1621848018468,1621848018538,70,5,147,4360.70498064934,-9261,45
1621848018578,1621848018588,10,-1,31,740.690374426113,-1,-1
1621848018968,1621848019018,50,9,419,22992.282899729,-20212,138
1621848019487,1621848019537,50,3,117,7030.61184638442,-5536,1
1621848019777,1621848019897,120,9,502,25079.3603210182,-23282,162
1621848019967,1621848019977,10,-1,39,2165.35588679537,-1,-1
1621848020007,1621848020057,50,1,126,9389.54541302862,-5366,207
1621848020097,1621848020147,50,8,264,12654.3772665965,-9780,308
1621848020327,1621848020407,80,2,96,7657.81951261158,-6371,160
1621848020457,1621848020507,50,13,586,36446.671317707,-30796,331
1621848020597,1621848020697,100,15,863,972.81574833853,-42750,214
1621848020737,1621848020777,40,1,44,1733.88474107041,-780,153
1621848020787,1621848020807,20,0,39,1106.02727111678,-642,165
1621848020857,1621848020907,50,1,45,872.166163672613,-843,135
1621848020957,1621848020977,20,0,39,653.450606988118,-1,159
1621848021057,1621848021127,70,16,410,15802.8923948429,-15004,171
1621848021157,1621848021226,69,3,59,2669.76613280888,-1541,21
1621848021246,1621848021256,10,-1,31,219.113246613698,-1,-1
1621848021306,1621848021326,20,0,52,3332.6904167834,-883,343
1621848021376,1621848021386,10,-1,36,673.136968599887,-1,-1
1621848021436,1621848021486,50,8,317,18725.3028683317,-14692,348
1621848021826,1621848021846,20,0,39,834.648358468483,-1,194
1621848021856,1621848021886,30,2,137,6210.43950462552,-5700,83
1621848022096,1621848022176,80,5,247,14252.072232169,-16559,136
1621848022236,1621848022296,60,2,1273,82419.1533724778,-9655,14
1621848022456,1621848022526,70,7,262,9045.70686464814,-18451,262
1621848022536,1621848022576,40,5,441,19573.73287957,-1,55
1621848022726,1621848023115,389,19,561,15479.7290658294,-33105,297
1621848023135,1621848023255,120,19,340,18998.3289845803,-7860,292
1621848023265,1621848023405,140,8,94,7999.00697081504,-2648,94
1621848023615,1621848023715,100,15,720,21369.0169276726,-1441,18
1621848023835,1621848024175,340,26,536,32199.521124676,-30287,126
1621848024185,1621848024245,60,6,171,11207.7111131252,-11175,247
1621848024255,1621848024275,20,0,64,3527.43981787871,-1,210
1621848024295,1621848024315,20,1,72,6036.00941750101,-221,256
1621848024335,1621848024345,10,-1,51,4095.67816625788,-1,-1
1621848024355,1621848024475,120,10,222,10222.668926728,-13409,253
1621848024565,1621848024574,9,-1,37,1962.29688021768,-1,-1
1621848024604,1621848024674,70,27,611,21873.630675345,-12096,233
1621848025104,1621848025124,20,19,1863,75732.6721210679,-1,57
1621848025244,1621848025344,100,11,1336,5442.8642329739,-86932,115
1621848025354,1621848025434,80,6,295,21820.6259412871,-14478,254
1621848025504,1621848025514,10,-1,33,507.296437697925,-1,-1
1621848025534,1621848025584,50,15,707,40111.2299920564,-12340,273
1621848025974,1621848026024,50,4,164,10418.2073808687,-10795,115
1621848026034,1621848026253,219,22,176,7885.56860351417,-7360,92
1621848026463,1621848026653,190,3,146,9657.96927426365,-5839,85
1621848027013,1621848027033,20,0,42,1937.85510523532,-1,299
1621848027313,1621848027323,10,-1,38,2255.75647277973,-1,-1
1621848027423,1621848027463,40,3,291,10161.3368738557,-1,178
1621848027553,1621848027783,230,14,407,18524.7099136896,-28175,281
1621848027853,1621848027933,80,13,333,16048.5295368061,-12594,260
1621848028062,1621848028192,130,34,548,26164.776213229,-17599,83
1621848028352,1621848028482,130,8,162,10033.5878907495,-8883,286
1621848028492,1621848028522,30,2,128,7864.34224890401,-8072,135
1621848028552,1621848028592,40,1,51,2165.34843400296,-1159,302
1621848028902,1621848028942,40,0,32,321.259770819021,-4,133
1621848028952,1621848028992,40,10,485,22191.2801700567,-1,1
1621848029082,1621848029382,300,19,442,7985.11620104943,-18237,205
1621848029392,1621848029412,20,0,59,3932.32360474094,-447,106
1621848029552,1621848029572,20,0,34,1377.63469577898,-451,203
1621848029691,1621848029721,30,1,92,5549.39422767485,-5652,91
1621848030041,1621848030161,120,3,138,10090.917814509,-8861,263
1621848030341,1621848030431,90,14,974,73139.6613782308,-44503,314
1621848030871,1621848031101,230,51,649,27011.4060484346,-30093,150
1621848031111,1621848031400,289,26,296,13383.4663693646,-10789,352
1621848031430,1621848031460,30,1,69,4125.93654174104,-1658,343
1621848031570,1621848031680,110,9,278,15640.6355948148,-15258,115
1621848031850,1621848031940,90,7,175,7085.62619052238,-7445,297
1621848032090,1621848032110,20,4,642,42743.5685812895,-1,101
1621848032200,1621848032290,90,7,147,7761.42565214569,-5789,280
1621848032320,1621848032490,170,6,72,2144.67609969068,-2991,311
1621848032500,1621848032530,30,2,140,7744.66389657904,-5112,188
1621848032550,1621848032590,40,1,43,2537.49329343887,-1017,272
1621848032680,1621848032760,80,22,518,23595.6710402982,-11517,286
1621848032790,1621848032860,70,3,98,4923.46141597118,-3008,118
1621848032880,1621848032950,70,2,59,3154.29560455853,-2091,127
1621848032960,1621848032990,30,1,76,3593.44433784588,-2604,31
1621848033029,1621848033059,30,0,44,1364.37958172768,-1192,132
1621848033079,1621848033109,30,2,133,7108.67139866325,-4201,141
1621848033129,1621848033229,100,15,385,17725.570080209,-28260,347
1621848033359,1621848033589,230,24,457,18825.6295841671,-18321,157
1621848033599,1621848033609,10,-1,93,6613.16321836174,-1,-1
1621848033829,1621848033839,10,-1,40,2734.78855828581,-1,-1
1621848034149,1621848034239,90,22,374,23256.6977613999,-14459,305
1621848034339,1621848034459,120,7,168,1118.06099396018,-8194,129
1621848034499,1621848034519,20,0,42,2021.31688468542,-1,174
1621848034529,1621848034699,170,26,591,16576.7448249841,-25325,164
1621848034719,1621848034868,149,18,410,24500.4308506877,-24476,74
1621848034898,1621848034908,10,-1,30,468.024608108192,-1,-1
1621848035028,1621848035058,30,1,66,3784.94494257183,-2778,51
1621848035358,1621848035368,10,-1,34,2559.0597872606,-1,-1
1621848035508,1621848035518,10,-1,65,4856.14656214251,-1,-1
1621848035558,1621848035608,50,1,41,1986.51245640994,-658,333
1621848035618,1621848035648,30,1,98,4921.26703661901,-6004,160
1621848035918,1621848035948,30,5,557,26458.3033800943,-1,89
1621848036038,1621848036108,70,9,433,33884.2586810614,-28677,273
1621848036288,1621848036298,10,-1,60,4851.24332837304,-1,-1
1621848036378,1621848036487,109,10,364,14884.8392607442,-2437,139
1621848036607,1621848037017,410,14,407,19745.8545866899,-15487,279
1621848037037,1621848037157,120,7,96,5590.29943535254,-4148,356
1621848037197,1621848037227,30,1,51,2036.36473857229,-2166,341
1621848037237,1621848037257,20,0,38,1712.03042926978,-547,354
1621848037267,1621848037327,60,2,119,5670.85109621704,-4838,188
1621848037337,1621848037397,60,2,77,2403.11620854746,-2317,348
1621848037487,1621848037837,350,9,655,26964.5255858783,-47965,297
1621848037877,1621848037907,30,0,40,1324.08869956689,-599,45
1621848037917,1621848037937,20,0,37,754.804616889707,-306,63
1621848037947,1621848037977,30,1,75,2524.67758146351,-54,70
1621848037987,1621848038037,50,11,348,12657.5153501121,-1715,300
1621848038316,1621848038466,150,23,289,15167.7815668355,-15615,133
1621848038486,1621848038616,130,10,137,6324.4359849687,-4231,320
1621848038686,1621848038696,10,-1,37,1079.0790800485,-1,-1
1621848038706,1621848038746,40,1,56,2832.14310199008,-1870,25
1621848038806,1621848038906,100,32,519,25427.6918829582,-16146,165
1621848038916,1621848039136,220,18,201,11418.0693051181,-9908,325
1621848039146,1621848039176,30,1,57,3680.64153258746,-1380,28
1621848039196,1621848039296,100,21,1354,109165.101593099,-51331,9
1621848039396,1621848039736,340,23,816,76653.9209903539,-53778,195
1621848039746,1621848039795,49,2,139,6442.91755963022,-9647,221
1621848039805,1621848039825,20,1,98,6330.84078712078,-1,229
1621848039835,1621848039865,30,0,72,4970.07851172202,-3662,335
1621848039885,1621848039985,100,24,471,20782.3395582596,-15066,119
1621848039995,1621848040015,20,2,164,8439.77768977172,-1,309
1621848040025,1621848040205,180,8,111,8242.98920463902,-5274,294
1621848040345,1621848040355,10,-1,69,4968.09118437101,-1,-1
1621848040375,1621848040385,10,-1,31,316.187223544654,-1,-1
1621848040395,1621848040445,50,3,161,5811.31158738052,-6284,112
1621848040505,1621848040515,10,-1,31,257.687700706824,-1,-1
1621848040545,1621848040585,40,1,37,1001.69820893618,-112,303
1621848040615,1621848040655,40,1,47,1345.6604921355,-728,319
1621848040985,1621848041045,60,4,152,7585.19337102889,-5664,237
1621848041265,1621848041285,20,0,33,1281.97193190649,-1,104
1621848041295,1621848041305,10,-1,44,1549.32589973157,-1,-1
1621848041594,1621848041604,10,-1,41,1889.60943596532,-1,-1
1621848041654,1621848041774,120,11,706,49398.0612821219,-30305,308
1621848041804,1621848041824,20,0,44,2430.74950491279,-650,199
1621848041834,1621848041844,10,-1,32,804.29054368933,-1,-1
1621848042094,1621848042114,20,0,45,3100.10695542198,-680,138
1621848042244,1621848042254,10,-1,35,1183.49825185843,-1,-1
1621848042354,1621848042404,50,6,186,10304.0960023616,-8997,210
1621848042464,1621848042474,10,-1,34,1198.62584154863,-1,-1
1621848042484,1621848042514,30,1,54,1323.02536950437,-1145,69
1621848042534,1621848042674,140,6,100,3539.86084322328,-3851,89
1621848042684,1621848042714,30,1,69,2624.99744583552,-2174,72
1621848042724,1621848042744,20,0,41,1209.16600889835,-1,90
1621848043124,1621848043153,29,1,62,3101.36860972659,-1248,294
1621848043173,1621848043263,90,4,69,2030.6172849029,-1599,269
1621848043393,1621848043473,80,11,367,24655.2265196086,-17769,30
1621848043683,1621848043713,30,11,671,44602.0997063031,-1,92
1621848043953,1621848043983,30,1,75,-1.0,-3178,72
1621848043993,1621848044003,10,-1,30,549.419506343839,-1,-1
1621848044013,1621848044033,20,0,47,1813.16105055777,-700,68
1621848044053,1621848044073,20,1,52,2457.46402141423,-1,80
1621848044263,1621848044273,10,-1,35,868.198758900009,-1,-1
1621848044293,1621848044463,170,26,517,18546.5584838919,-17186,98
1621848044473,1621848044483,10,-1,41,1975.21075786022,-1,-1
1621848044503,1621848044523,20,0,45,2265.88328034281,-368,280
1621848044533,1621848044543,10,-1,41,2852.93829598429,-1,-1
1621848044743,1621848044753,10,-1,68,4871.54400941296,-1,-1
1621848045212,1621848045272,60,2,56,2160.719610985,-769,6
1621848045312,1621848045362,50,1,38,608.941533906496,-344,12
1621848045372,1621848045442,70,3,81,2015.52356949637,-336,355
1621848045562,1621848045682,120,9,304,22914.3199341001,-11881,321
1621848045782,1621848046092,310,8,438,20045.7174607408,-11218,242
1621848046132,1621848046212,80,7,228,15872.0024229288,-6947,16
1621848046302,1621848046561,259,14,643,34454.0271762321,-45003,222
1621848046671,1621848046821,150,13,491,43778.4740816992,-17764,164
1621848046911,1621848047151,240,7,635,28988.2802980317,-32250,45
1621848047161,1621848047271,110,26,598,20877.7302429291,-10552,15
1621848047361,1621848047711,350,17,412,16785.4805462795,-21932,210
1621848047731,1621848047751,20,0,43,2370.63951722788,-802,161
1621848047811,1621848047831,20,0,38,1682.35542308153,-1,173
1621848047851,1621848047871,20,0,46,2310.73787135285,-1,68
1621848047941,1621848047951,10,-1,34,1140.81859246673,-1,-1
1621848048061,1621848048071,10,-1,33,563.934048151065,-1,-1
1621848048091,1621848048111,20,0,42,1871.05902617179,-741,248
1621848048131,1621848048340,209,9,66,2920.64379336441,-2114,242
1621848048400,1621848048580,180,9,81,2215.7572959562,-2691,256
1621848048610,1621848048670,60,3,89,3118.92778267722,-4976,238
1621848048710,1621848048720,10,-1,37,1570.4481093865,-1,-1
1621848048750,1621848048780,30,0,64,4548.65703834826,-2696,222
1621848050529,1621848050749,220,8,165,5998.69882247886,-10020,88
1621848050759,1621848051039,280,19,157,6259.00547904024,-4525,79
1621848051049,1621848051129,80,4,75,2671.6415236435,-1993,68
1621848051139,1621848051199,60,17,780,24686.018188718,-3096,153
1621848051299,1621848051319,20,4,480,-1.0,-5887,206
1621848051419,1621848051579,160,15,180,2534.86738474056,-4948,337
1621848051589,1621848051608,19,1,114,7899.50690614223,-1,320
1621848051618,1621848051628,10,-1,59,3580.83844751818,-1,-1
1621848051668,1621848051698,30,1,56,1926.46982706341,-810,320
1621848051738,1621848051798,60,13,356,20762.7167697849,-13215,197
1621848051818,1621848051838,20,0,54,2847.41487768584,-1474,344
1621848051858,1621848051878,20,0,40,618.843655050673,-1,0
1621848052068,1621848052098,30,0,35,355.086084011745,-1,167
1621848052138,1621848052198,60,4,124,6265.93849787027,-4920,274
1621848052248,1621848052278,30,0,38,623.233637028103,-1,342
1621848052318,1621848052368,50,2,59,1637.89591221839,-1385,343
1621848052428,1621848052468,40,1,48,1396.04865534125,-1354,19
1621848052878,1621848052898,20,0,32,692.066077597337,-243,80
1621848053018,1621848053038,20,0,31,678.712472808056,-112,123
1621848053048,1621848053188,140,8,279,12917.2021073809,-14676,51
1621848053268,1621848053288,20,0,32,1161.74472108252,-5,152
1621848053467,1621848053517,50,2,95,3813.71133082524,-1,161
1621848053527,1621848053597,70,16,376,19868.6938759415,-9870,329
1621848053757,1621848053967,210,19,541,48547.2639975217,-40390,197
1621848054237,1621848054247,10,-1,87,6464.04656296252,-1,-1
1621848054257,1621848054277,20,2,129,9375.57099096955,-1,132
1621848054427,1621848054447,20,0,35,1982.8876436715,-246,276
1621848054517,1621848054537,20,0,34,1466.4100150018,-1,277
1621848054547,1621848054607,60,2,65,2738.35647574935,-1517,275
1621848054637,1621848054657,20,0,44,1844.46273403355,-279,275
1621848055016,1621848055026,10,-1,31,1993.64106873432,-1,-1
1621848055106,1621848055116,10,-1,33,786.06810429804,-1,-1
1621848055136,1621848055146,10,-1,31,902.648531883646,-1,-1
1621848055186,1621848055256,70,8,518,33003.1942505143,-23802,82
1621848055416,1621848055436,20,0,225,20228.2667234479,-18970,48
1621848055496,1621848055516,20,1,140,7791.35611024481,-1,97
1621848055606,1621848055646,40,11,473,-1.0,-14187,268
1621848055816,1621848055826,10,-1,46,2495.31784143707,-1,-1
1621848056056,1621848056066,10,-1,32,2682.37519709566,-1,-1
1621848056196,1621848056246,50,6,253,11342.1138373142,-11876,80
1621848056636,1621848056815,179,7,108,2872.24405664278,-4745,261
1621848056636,1621848056815,179,7,108,2872.24405664278,-4745,261
1621848056975,1621848056995,20,0,39,3037.87048542736,-890,210
1621848057105,1621848057155,50,4,140,7811.87877973551,-5608,280
1621848057235,1621848057245,10,-1,31,1222.85937295865,-1,-1
1621848057265,1621848057285,20,0,62,3779.32644232535,-525,110
1621848057365,1621848057395,30,6,555,27971.3996530005,-1,92
1621848057485,1621848057555,70,10,1273,9072.75027089535,-102572,273
1621848057575,1621848057605,30,1,80,5165.49539500745,-4409,231
1621848057635,1621848057655,20,0,42,1596.12566737076,-1122,113
1621848057725,1621848057745,20,0,47,1545.72358843998,-1,135
1621848057775,1621848057785,10,-1,31,1332.47490417509,-1,-1
1621848057815,1621848057835,20,0,53,2469.639548097,-1042,61
1621848058065,1621848058075,10,-1,36,1830.69836989124,-1,-1
1621848058354,1621848058364,9,-1,65,-1.0,-1,-1
1621848058534,1621848058544,10,-1,32,1643.55945760718,-1,-1
1621848058634,1621848058984,350,12,597,36410.6155567737,-42931,233
1621848059004,1621848059044,40,1,68,1122.8164031773,-1,52
1621848059054,1621848059124,70,8,329,13573.957548899,-15769,143
1621848059134,1621848059144,10,-1,30,1429.66161813369,-1,-1
1621848059274,1621848059384,110,5,207,9961.4392048886,-8958,357
1621848059464,1621848059524,60,10,347,17988.0293342802,-18953,135
1621848059544,1621848059574,30,0,39,1700.82663453744,-563,327
1621848059604,1621848059624,20,0,37,1563.34923749925,-624,330
1621848059804,1621848059844,40,3,117,6028.42930224556,-6161,227
1621848060024,1621848060073,49,11,361,15963.217523753,-18738,334
1621848060373,1621848060403,30,0,30,1263.05228141156,-37,80
1621848060423,1621848060603,180,17,597,38507.2060027823,-18436,233
1621848060613,1621848060653,40,8,268,14056.7465932371,-12352,209
1621848060663,1621848060713,50,2,60,2815.58497209226,-2024,16
1621848060823,1621848061063,240,38,586,27094.9456736483,-35336,45
1621848061073,1621848061293,220,20,184,10102.5138207301,-4462,250
1621848061303,1621848061333,30,1,60,4296.1930584725,-2098,111
1621848061493,1621848061503,10,-1,67,5198.08489209855,-1,-1
1621848061743,1621848061772,29,0,47,1274.66834109719,-1,231
1621848061792,1621848061812,20,0,56,3813.78176970334,-1206,237
1621848061862,1621848061882,20,0,38,975.274626213424,-1,262
1621848062012,1621848062192,180,4,913,59071.447845843,-34940,86
1621848062582,1621848062622,40,1,69,2559.13347809759,-32,257
1621848062682,1621848062692,10,-1,33,867.668398056823,-1,-1
1621848062812,1621848062822,10,-1,53,3619.35875152997,-1,-1
1621848062832,1621848062842,10,-1,35,618.583431989859,-1,-1
1621848062852,1621848062892,40,2,80,3455.8480475069,-2734,277
1621848062952,1621848063032,80,3,76,2639.76785316551,-2183,90
1621848063092,1621848063112,20,0,43,1438.38690669698,-1,90
1621848063132,1621848063162,30,2,318,21427.3878654403,-1,88
1621848063342,1621848063362,20,0,206,18429.5037840749,-17128,310
1621848064341,1621848064361,20,2,388,26994.8017883133,-1,117
1621848064451,1621848064551,100,16,331,23973.3527836385,-11870,289
1621848064581,1621848064601,20,0,34,885.107265653296,-370,187
1621848064861,1621848064891,30,1,95,5211.90366633933,-4495,122
1621848065011,1621848065021,10,-1,33,726.929648219847,-1,-1
1621848065250,1621848065260,10,-1,70,5429.10034544357,-1,-1
1621848065570,1621848065590,20,0,48,3163.76987875957,-1,15
1621848066050,1621848066070,20,0,35,1045.98761316578,-331,110
1621848066270,1621848066280,10,-1,36,1352.48515261225,-1,-1
1621848066490,1621848066500,10,-1,30,2187.40122392566,-1,-1
1621848066670,1621848066700,30,2,102,5752.54093647094,-4988,251
1621848067309,1621848067339,30,1,65,4250.57774452842,-3435,101
1621848067569,1621848067579,10,-1,31,789.681912066225,-1,-1
1621848067649,1621848067689,40,10,416,26978.734609278,-17486,237
1621848068419,1621848068449,30,1,117,-1.0,-7580,59
1621848068459,1621848068469,10,-1,36,2870.65280654316,-1,-1
1621848068558,1621848068568,10,-1,45,4067.18011173534,-1,-1
1621848068578,1621848068588,10,-1,37,3101.42094108763,-1,-1
1621848068608,1621848068658,50,1,96,5699.57359553863,-5043,40
1621848068708,1621848068718,10,-1,39,1762.19409059907,-1,-1
1621848068778,1621848068788,10,-1,40,3317.0111916772,-1,-1
1621848068798,1621848068818,20,1,162,10118.2193781865,-1,128
1621848069238,1621848069278,40,7,208,-1.0,-11092,241
1621848069578,1621848069598,20,1,58,4333.96718216113,-499,266
1621848069658,1621848069688,30,1,55,1638.360192118,-661,247
1621848069698,1621848069708,10,-1,43,2272.9563427053,-1,-1
1621848069808,1621848069828,20,0,54,2563.85809460277,-1,129
1621848069908,1621848069938,30,1,48,2175.60219175802,-455,294
1621848070877,1621848070887,10,-1,65,-1.0,-1,-1
1621848071847,1621848072126,279,43,1678,40928.5994197549,-86550,324
1621848072136,1621848072226,90,7,220,9971.01361561061,-12545,228
1621848072236,1621848072266,30,1,92,4114.9739354659,-1,239
1621848072276,1621848072326,50,4,97,5551.1953293923,-3042,351
1621848072336,1621848072346,10,-1,32,1168.10122646287,-1,-1
1621848072376,1621848072746,370,38,2465,118690.916300718,-148814,138
1621848072766,1621848072816,50,1,41,1497.88870943393,-588,336
1621848072896,1621848072906,10,-1,31,1063.40982821862,-1,-1
1621848072956,1621848072976,20,0,39,1603.52989157171,-3,77
1621848072986,1621848073036,50,3,124,4675.90558178688,-5151,105
1621848073056,1621848073076,20,0,33,406.687802236032,-99,90
1621848073086,1621848073106,20,2,271,16438.0418045596,-1,74
1621848073226,1621848073436,210,6,759,16664.2777228879,-22791,283
1621848073556,1621848073585,29,3,180,11341.2433462314,-7257,255
1621848073615,1621848073765,150,4,427,37977.6572524465,-22698,262
1621848073785,1621848073805,20,0,47,2452.72650694502,-1548,281
1621848073815,1621848073845,30,1,62,2462.30810358165,-2316,256
1621848074195,1621848074205,10,-1,30,191.098843538876,-1,-1
1621848074275,1621848074315,40,1,42,1650.63576390293,-483,97
1621848074365,1621848074375,10,-1,35,1810.74508567865,-1,-1
1621848074445,1621848074485,40,12,991,47177.1953362368,-1,97
1621848074575,1621848074855,280,22,371,28098.9983530012,-26484,275
1621848074865,1621848074875,10,-1,32,2084.81561132518,-1,-1
1621848075225,1621848075344,119,14,389,23397.8922976442,-26725,282
1621848075474,1621848075524,50,1,94,5885.26411719787,-2669,206
1621848075534,1621848075554,20,2,141,13380.6370888328,-10290,66
1621848075564,1621848075704,140,8,105,3767.110210172,-4056,98
1621848075714,1621848075774,60,2,62,1781.32117911693,-2384,101
1621848075784,1621848075824,40,2,115,4339.58530012849,-5966,126
1621848075844,1621848075884,40,3,127,4748.44327801155,-8474,99
1621848076004,1621848076014,10,-1,38,2559.94696410443,-1,-1
1621848076044,1621848076054,10,-1,33,2280.65770181316,-1,-1
1621848076064,1621848076074,10,-1,37,2644.28404434595,-1,-1
1621848076184,1621848076244,60,1,453,39226.8077279845,-38800,41
1621848076504,1621848076594,90,14,554,17458.1421677247,-41788,275
1621848076614,1621848076634,20,0,51,3818.8344826855,-792,25
1621848076644,1621848076724,80,10,253,12679.2140647199,-13604,232
1621848076844,1621848077063,219,13,260,13609.2242914394,-11776,44
1621848077073,1621848077093,20,0,39,798.093907654198,-1,296
1621848077103,1621848077133,30,1,62,2422.76710631896,-2618,299
1621848077363,1621848077613,250,23,892,41864.0516580799,-51334,279
1621848077643,1621848077793,150,7,136,5392.51855055428,-5574,229
1621848077813,1621848077893,80,2,40,1833.58559898711,-394,244
1621848078253,1621848078313,60,5,140,5580.55467172185,-8229,83
1621848078323,1621848078403,80,7,184,11309.6805904512,-4393,238
1621848078822,1621848078962,140,10,125,4330.88378725667,-5438,82
1621848079322,1621848079362,40,9,434,19543.8857000179,-1,339
1621848079592,1621848079622,30,1,51,1474.70640282707,-1044,124
1621848079632,1621848079662,30,0,67,3815.07600993735,-3338,353
1621848079782,1621848079812,30,1,60,3103.56703123986,-2763,210
1621848079832,1621848079862,30,1,93,7817.59188757834,-4511,43
1621848079932,1621848079962,30,5,400,19045.237525985,-1,162
1621848080072,1621848080122,50,5,523,25652.54700476,-39795,215
1621848080142,1621848080182,40,2,184,8379.14309806386,-8965,324
1621848080242,1621848080292,50,1,49,1774.67486414651,-1424,284
1621848080531,1621848080641,110,6,87,2576.75744623312,-1980,249
1621848080661,1621848080691,30,1,78,4673.34145187611,-3401,254
1621848080871,1621848080891,20,0,33,1364.35282788028,-243,66
1621848080911,1621848080921,10,-1,35,872.111750569558,-1,-1
1621848081021,1621848081041,20,0,51,2114.07277812021,-1,90
1621848081121,1621848081181,60,19,1466,67456.946976537,-30,159
1621848081301,1621848081401,100,6,513,15554.1778277836,-24354,328
1621848081411,1621848081581,170,7,72,3767.16460982097,-2042,311
1621848081641,1621848081651,10,-1,34,1823.68420356089,-1,-1
1621848081891,1621848081921,30,0,39,2614.30503723863,-924,101
1621848082060,1621848082070,10,-1,36,959.740111171051,-1,-1
1621848082140,1621848082150,10,-1,33,1537.36548253724,-1,-1
1621848082170,1621848082200,30,1,77,4024.7982395771,-3553,166
1621848082450,1621848082500,50,2,89,3779.55555100006,-3662,289
1621848082750,1621848082870,120,6,80,2037.76458007502,-2477,297
1621848082990,1621848083010,20,0,41,1836.60495576846,-213,57
1621848083160,1621848083180,20,0,62,3502.76740449138,-1105,31
1621848083340,1621848083390,50,2,88,3014.96903186395,-4298,272
1621848083630,1621848083650,20,0,38,2465.28527508597,-1,143
1621848083949,1621848083979,30,1,61,2762.00108830334,-1108,78
1621848085049,1621848085059,10,-1,45,3781.81491390679,-1,-1
1621848085319,1621848085359,40,1,36,676.309557071981,-427,68
1621848085379,1621848085388,9,-1,34,1059.16898852167,-1,-1
1621848085428,1621848085438,10,-1,40,1228.3397797546,-1,-1
1621848085448,1621848085578,130,19,829,35762.341873464,-37945,307
1621848085678,1621848085768,90,0,157,7209.29782359057,-3825,83
1621848085878,1621848085888,10,-1,456,-1.0,-1,-1
1621848085978,1621848086198,220,2,1059,12689.3821706061,-76934,337
1621848086208,1621848086268,60,3,64,2407.40104988529,-3301,291
1621848086288,1621848086308,20,0,69,4239.0193189807,-1,122
1621848086458,1621848086498,40,0,33,1043.06495689736,-285,276
1621848086968,1621848087177,209,37,509,19934.160422652,-3430,343
1621848087297,1621848087327,30,2,109,-1.0,-4766,178
1621848087347,1621848087377,30,2,89,3921.20532020341,-4990,149
1621848087397,1621848087407,10,-1,34,1425.481587584,-1,-1
1621848087417,1621848087767,350,34,917,56467.3273993479,-46121,159
1621848087777,1621848087787,10,-1,51,3129.65757381289,-1,-1
1621848087937,1621848087947,10,-1,61,3842.37119178535,-1,-1
1621848088077,1621848088287,210,23,1047,83069.6164847578,-52712,161
1621848088357,1621848088407,50,1,124,7041.58325090651,-6536,308
1621848088447,1621848088497,50,1,44,1009.72372431181,-646,294
1621848088507,1621848088597,90,19,398,24120.3898016683,-24937,285
1621848088687,1621848088717,30,1,56,-1.0,-1736,135
1621848088796,1621848088846,50,3,307,13022.8178186921,-2007,30
1621848089076,1621848089176,100,4,426,5669.93815221534,-17241,324
1621848089186,1621848089206,20,3,166,15070.3093726833,-1,290
1621848089216,1621848089236,20,0,49,1319.09852032045,-1,149
1621848089246,1621848089286,40,1,210,19438.9903927549,-14921,302
1621848089526,1621848089756,230,9,599,10715.9607783542,-31898,297
1621848089766,1621848089776,10,-1,31,2232.26128175864,-1,-1
1621848089816,1621848089836,20,0,44,1615.59292282307,-1,282
1621848089896,1621848089906,10,-1,33,774.746534613555,-1,-1
1621848089916,1621848089956,40,1,42,1185.8807305074,-690,280
1621848089966,1621848089996,30,2,106,6723.33415225327,-1286,257
1621848090016,1621848090026,10,-1,32,1186.88338228445,-1,-1
1621848090146,1621848090166,20,0,36,703.212913303847,-630,284
1621848090236,1621848090286,50,1,38,493.392873534119,-492,253
1621848090326,1621848090366,40,1,45,1237.21524492881,-43,267
1621848090386,1621848090475,89,14,271,11788.8704765719,-6030,83
1621848090555,1621848090565,10,-1,31,1064.95707924273,-1,-1
1621848090605,1621848090695,90,20,405,21772.2290142815,-9933,267
1621848091415,1621848091425,10,-1,32,2240.77846521197,-1,-1
1621848091445,1621848091465,20,0,32,1782.55998382992,-1,95
1621848091905,1621848091935,30,1,61,2829.28720090586,-2903,184
1621848092055,1621848092214,159,3,349,18467.0088187178,-18925,79
1621848092484,1621848092514,30,4,244,14810.5336071373,-1,346
1621848092614,1621848092724,110,10,759,4914.16548139502,-72542,171
1621848092734,1621848092834,100,10,160,7147.40960009094,-6421,145
1621848092944,1621848092994,50,2,166,8706.40467939571,-12424,202
1621848093014,1621848093034,20,3,348,21320.3675708907,-1,88
1621848093144,1621848093224,80,9,594,14071.0943994715,-29284,172
1621848093264,1621848093354,90,2,40,707.904833313663,-868,11
1621848093374,1621848093384,10,-1,30,266.972686592496,-1,-1
1621848093474,1621848093484,10,-1,33,529.583045555886,-1,-1
1621848093594,1621848093724,130,44,1262,66864.2174603621,-80696,11
1621848093734,1621848093764,30,0,288,26210.6565342432,-24652,276
1621848093784,1621848093793,9,-1,34,572.085229536519,-1,-1
1621848094203,1621848094253,50,8,418,32888.7787164548,-11335,172
1621848094263,1621848094333,70,3,297,22700.5622113974,-14660,23
1621848094533,1621848094743,210,4,715,43098.9990640561,-41533,34
1621848094753,1621848094763,10,-1,33,1673.01306599405,-1,-1
1621848094793,1621848094983,190,4,687,42179.1928712869,-28980,122
1621848095003,1621848095103,100,7,259,14972.974449589,-11985,218
1621848095213,1621848095323,110,2,250,8876.22539858092,-9732,268
1621848095333,1621848095343,10,-1,37,1772.70185560899,-1,-1
1621848095413,1621848095463,50,2,73,3856.5976857714,-3037,54
1621848095582,1621848095642,60,3,196,13552.3042410676,-11736,270
1621848095662,1621848095742,80,0,188,10763.6173586312,-2448,98
1621848095932,1621848095952,20,0,55,3871.65018674546,-1866,55
1621848096032,1621848096042,10,-1,42,2558.22804783725,-1,-1
1621848096102,1621848096122,20,1,94,6650.68279916876,-1,183
1621848096472,1621848096672,200,36,596,28162.9622394327,-21027,178
1621848096682,1621848096922,240,24,369,17704.4303588368,-11626,68
1621848096942,1621848097221,279,16,85,4924.82682182376,-3227,311
1621848097251,1621848097261,10,-1,33,615.137997335227,-1,-1
1621848097331,1621848097341,10,-1,36,1463.42977892628,-1,-1
1621848097731,1621848097741,10,-1,59,4269.73129737381,-1,-1
1621848098061,1621848098091,30,5,384,20718.5701568587,-1,82
1621848098191,1621848098301,110,10,963,3347.17047513762,-64704,314
1621848098321,1621848098361,40,1,46,880.185162561255,-1593,112
1621848098601,1621848098641,40,1,71,4511.57531621179,-3167,156
1621848098701,1621848098711,10,-1,50,2435.84695002468,-1,-1
1621848098721,1621848098731,10,-1,32,1401.16930053859,-1,-1
1621848098761,1621848098771,10,-1,42,2295.06067486042,-1,-1
1621848098781,1621848098801,20,1,74,4695.49114777498,-2002,284
1621848099010,1621848099180,170,25,687,43839.2679597436,-22649,181
1621848099190,1621848099240,50,3,74,2335.09846364314,-2227,54
1621848099270,1621848099280,10,-1,32,441.533064220748,-1,-1
1621848099470,1621848099660,190,19,257,17774.0372440757,-1,227
1621848099680,1621848099900,220,23,417,21694.2585238254,-15782,17
1621848100490,1621848100679,189,20,1136,2188.92744277152,-34303,171
1621848100689,1621848100719,30,2,131,6155.36754339884,-6588,84
1621848100929,1621848101039,110,45,1228,66848.9626752965,-53467,337
1621848102418,1621848102608,190,4,422,14655.2532346576,-28996,312
1621848102628,1621848102708,80,9,297,14534.112170518,-11457,264
1621848102748,1621848102768,20,0,41,1667.27344402163,-1,302
1621848102858,1621848102868,10,-1,33,2824.83675070987,-1,-1
1621848102918,1621848102958,40,12,433,19765.0842833425,-6790,196
1621848103228,1621848103278,50,9,267,15958.8484220543,-13579,1
1621848103318,1621848103338,20,0,50,3658.63157372335,-1,120
1621848103418,1621848103428,10,-1,36,1453.9339095881,-1,-1
1621848103528,1621848103568,40,10,658,27927.3577024022,-1,178
1621848103658,1621848103718,60,3,196,10586.032331899,-12855,333
1621848103728,1621848103848,120,11,111,4542.75256838351,-2229,30
1621848103868,1621848103878,10,-1,31,173.573782772564,-1,-1
1621848103928,1621848103957,29,2,110,7902.67848378196,-3055,16
1621848103977,1621848103997,20,0,45,2981.63553150824,-1,210
1621848104137,1621848104227,90,5,162,8764.26491353688,-8294,281
1621848104347,1621848104367,20,2,119,9476.35932876044,-1,150
1621848104387,1621848104407,20,1,180,11650.919546707,-1,280
1621848104697,1621848104797,100,19,368,5251.98509322152,-19827,69
1621848104807,1621848104817,10,-1,37,1323.40325705481,-1,-1
1621848104827,1621848104907,80,1,331,29664.9910170971,-27525,249
1621848104987,1621848105027,40,3,128,7375.7395363477,-4879,36
1621848105646,1621848105666,20,0,55,3833.3198982025,-1,261
1621848105946,1621848106056,110,27,525,26495.7230648173,-19990,2
1621848106126,1621848106136,10,-1,32,407.431500325396,-1,-1
1621848106636,1621848106906,270,28,448,31376.7157920899,-17948,332
1621848106936,1621848106986,50,2,54,1256.87908591204,-357,163
1621848107106,1621848107176,70,3,48,2026.65869849428,-991,163
1621848107535,1621848107545,10,-1,30,1190.57867757201,-1,-1
1621848107645,1621848107735,90,6,679,32091.5770242469,-55198,175
1621848108245,1621848108255,10,-1,41,3036.20422236532,-1,-1
1621848108325,1621848108505,180,3,360,14032.8290215217,-23890,112
1621848108515,1621848108525,10,-1,32,372.738680629767,-1,-1
1621848108545,1621848108555,10,-1,32,301.354667466009,-1,-1
1621848108585,1621848108785,200,0,1124,69451.124726156,-58858,26
1621848109844,1621848109874,30,2,123,7347.79518809311,-5566,172
1621848110064,1621848110244,180,3,333,20755.9297204119,-22350,14
1621848110833,1621848110893,60,20,511,27229.28504316,-10441,213
1621848111293,1621848111353,60,4,322,468.052842375037,-16727,54
1621848111413,1621848111443,30,1,55,2825.4581035101,-1909,33
1621848111743,1621848112173,430,55,793,47434.5856192972,-44403,171
1621848112193,1621848112432,239,26,356,19518.3336826456,-16259,28
1621848112482,1621848112502,20,0,37,2544.93941243479,-1,122
1621848112522,1621848112862,340,37,933,56228.3734330916,-66971,330
1621848112962,1621848112972,10,-1,30,413.50240358409,-1,-1
1621848113022,1621848113032,10,-1,66,4824.17530928433,-1,-1
1621848113202,1621848113242,40,0,44,1499.07451213799,-15,30
1621848113322,1621848113342,20,0,50,3420.22649370929,-926,273
1621848113642,1621848113672,30,1,78,3925.52094730692,-2167,238
1621848113682,1621848113692,10,-1,88,6467.46583273057,-1,-1
1621848113702,1621848113712,10,-1,71,5496.97970454107,-1,-1
1621848113802,1621848113812,10,-1,33,2415.4480656736,-1,-1
1621848114042,1621848114211,169,0,594,51558.6628682473,-33458,353
1621848114271,1621848114291,20,1,217,13446.0055621567,-1,117
1621848114381,1621848114471,90,9,309,19081.1050480471,-21817,268
1621848114761,1621848114771,10,-1,34,2360.51109846193,-1,-1
1621848115271,1621848115451,180,0,1780,74650.2693385914,-106227,104
1621848115461,1621848115481,20,0,59,3237.84411024928,-1,85
1621848115581,1621848115651,70,4,165,1121.06456188145,-8118,275
1621848115860,1621848115870,10,-1,39,1917.94651421748,-1,-1
1621848116560,1621848116570,10,-1,33,2111.39153036252,-1,-1
1621848117030,1621848117330,300,26,723,40028.7703401463,-34820,89
1621848117340,1621848117380,40,2,102,7512.13509599318,-3667,61
1621848117399,1621848117430,30,3,147,9103.15878804144,-7583,90
1621848117459,1621848117479,20,1,89,6621.2880366473,-3113,263
1621848117499,1621848117559,60,0,158,9566.87743313517,-1734,191
1621848117569,1621848117789,220,27,373,17745.789807025,-21567,267
1621848117799,1621848117919,120,8,619,56732.5612026704,-5496,285
1621848118549,1621848118569,20,0,46,1211.43877833561,-1,90
1621848118799,1621848118829,30,1,54,2294.97662732802,-1,54
1621848118839,1621848118899,60,1,81,6145.69799798181,-4163,131
1621848118909,1621848118969,60,2,82,4205.53607070114,-1944,48
1621848118989,1621848119029,40,2,77,3795.38259662123,-4126,32
1621848119039,1621848119099,60,5,288,25027.0135132542,-16243,223
1621848119168,1621848119198,30,0,49,1664.15916774952,-208,15
1621848119208,1621848119228,20,1,94,7488.77505872201,-5135,147
1621848119298,1621848119308,10,-1,31,502.906807700489,-1,-1
1621848119408,1621848119428,20,0,40,667.653571932523,-1,167
1621848119538,1621848119558,20,1,67,5796.46100938876,-26,350
1621848119588,1621848119598,10,-1,68,4655.89856299027,-1,-1
1621848119608,1621848119618,10,-1,93,7759.81961973775,-1,-1
1621848119628,1621848119658,30,1,109,10945.0669400329,-5550,64
1621848119668,1621848119688,20,0,54,3785.461387906,-35,4
1621848119708,1621848119848,140,3,135,6959.39913222509,-9722,31
1621848119908,1621848119928,20,0,35,1768.47595232587,-480,60
1621848119968,1621848120048,80,19,883,53581.1012636669,-4608,186
1621848120148,1621848120168,20,3,264,-1.0,-813,179
1621848120648,1621848120668,20,4,335,-1.0,-16468,89
1621848120718,1621848120947,229,27,479,31514.9051689907,-27396,201
1621848120967,1621848121007,40,2,72,3602.79917190705,-3958,297
1621848121067,1621848121617,550,24,687,34040.2540597571,-40958,122
1621848121627,1621848121707,80,7,213,11377.9899706597,-15807,251
1621848121747,1621848121787,40,1,44,1475.5354881787,-598,248
1621848121857,1621848121897,40,1,87,5016.76242370929,-268,101
1621848121907,1621848122057,150,23,541,28795.6519890727,-27199,90
1621848122067,1621848122277,210,15,128,5212.63665747904,-3068,271
1621848122496,1621848122616,119,7,309,17021.7844190663,-5421,112
1621848122726,1621848122816,90,14,455,21269.6696100182,-20876,264
1621848122826,1621848122846,20,0,58,3488.77525628827,-2648,102
1621848122886,1621848122896,10,-1,47,2670.08701454626,-1,-1
1621848122906,1621848122956,50,2,129,11609.3394558429,-3766,307
1621848123056,1621848123066,10,-1,33,486.1121923933,-1,-1
1621848123086,1621848123096,10,-1,30,302.106251742407,-1,-1
1621848123146,1621848123166,20,1,97,5949.11258728043,-1,334
1621848123176,1621848123366,190,24,412,22064.634278101,-19143,177
1621848123376,1621848123386,10,-1,36,1226.2435585833,-1,-1
1621848123576,1621848123636,60,16,507,18319.0173972651,-19855,230
1621848123756,1621848123966,210,15,219,16941.6154268146,-9858,49
1621848123976,1621848123986,10,-1,31,486.532267270937,-1,-1
1621848123996,1621848124036,40,8,690,31894.0622649412,-1,40
1621848124146,1621848124175,29,6,407,-1.0,-17275,50
1621848124195,1621848124335,140,9,135,6543.39934666298,-5833,250
1621848124385,1621848124415,30,1,73,3178.5487200877,-1452,255
1621848124445,1621848124455,10,-1,33,984.297814868422,-1,-1
1621848124475,1621848124485,10,-1,30,939.313066400116,-1,-1
1621848124595,1621848124615,20,0,39,892.15821408396,-1,285
1621848124685,1621848124695,10,-1,37,1580.46349692407,-1,-1
1621848124755,1621848124785,30,1,64,2978.32898769698,-793,161
1621848124825,1621848124835,10,-1,33,1785.61515490572,-1,-1
1621848125455,1621848125595,140,1,502,34867.2772605095,-33799,333
1621848125605,1621848125615,10,-1,45,1771.73428273698,-1,-1
1621848125914,1621848125954,40,3,154,9589.01651873221,-7018,85
1621848126024,1621848126034,10,-1,35,2076.95192006925,-1,-1
1621848126684,1621848126764,80,3,148,7009.0946400245,-8518,47
1621848126774,1621848126854,80,2,45,761.938869157595,-605,350
1621848126934,1621848127024,90,3,70,1816.07692511145,-1937,194
1621848127034,1621848127044,10,-1,31,165.104278053664,-1,-1
1621848127064,1621848127104,40,2,92,5419.40511469288,-5048,257
1621848127114,1621848127164,50,1,54,1946.94916312935,-1248,309
1621848127883,1621848128073,190,8,1186,86938.1330016642,-47415,64
1621848128083,1621848128103,20,0,33,1545.16809686711,-343,257
1621848128123,1621848128323,200,2,312,11691.46215438,-12397,354
1621848128503,1621848128593,90,22,455,13314.117128782,-13414,281
1621848128773,1621848128833,60,5,118,6258.50507757791,-2874,135
1621848128843,1621848128893,50,1,49,1351.19632133319,-1103,119
1621848128913,1621848128943,30,1,324,24365.2100434342,-1,329
1621848129183,1621848129203,20,0,47,-1.0,-1230,145
1621848129222,1621848129242,19,0,39,1355.44286839253,-270,221
1621848129252,1621848129292,40,2,76,2566.96624923867,-1,129
1621848129302,1621848129332,30,1,64,5571.72005059386,-1303,13
1621848129342,1621848129352,10,-1,31,809.231067927616,-1,-1
1621848129852,1621848129902,50,6,361,19683.9530893589,-6065,206
1621848129992,1621848130042,50,16,781,-1.0,-18179,217
1621848130052,1621848130102,50,1,52,3747.17214850595,-1259,45
1621848130122,1621848130142,20,0,48,2875.19355205851,-1,0
1621848130152,1621848130162,10,-1,48,2104.14212298461,-1,-1
1621848130212,1621848130262,50,1,56,4562.86997086226,-1138,342
1621848130642,1621848130862,220,34,863,36444.3548025593,-49748,356
1621848130872,1621848130901,29,1,52,1508.99883299361,-497,159
1621848130941,1621848130981,40,2,322,25641.3161884041,-2185,160
1621848131071,1621848131121,50,12,773,7803.66002691002,-43169,174
1621848131131,1621848131291,160,10,87,4706.19484701983,-1857,316
1621848131301,1621848131321,20,0,72,4515.6122741705,-2869,175
1621848131331,1621848131431,100,3,57,1814.29558944973,-1079,310
1621848131471,1621848131491,20,0,51,2319.80992897994,-1545,274
1621848131501,1621848131521,20,0,55,3337.15135772692,-1132,270
1621848131541,1621848131571,30,1,59,2436.68876607163,-2228,298
1621848132351,1621848132381,30,0,42,3176.81321604109,-976,225
1621848132461,1621848132555,94,9,441,21011.2824768584,-31516,64
1621848133340,1621848133350,10,-1,33,-1.0,-1,-1
1621848133360,1621848133400,40,4,414,24268.6384046855,-29041,134
1621848133470,1621848133490,20,0,34,1743.31426502273,-199,104
1621848133580,1621848133620,40,2,172,7234.26195296379,-13688,271
1621848133630,1621848133640,10,-1,98,7221.70139149171,-1,-1
1621848133650,1621848133670,20,3,319,22061.5834869434,-1,33
1621848133790,1621848133920,130,8,264,9145.10178994815,-18299,43
1621848133960,1621848134000,40,4,145,10095.1520914987,-9819,167
1621848134010,1621848134030,20,0,44,2723.71948523657,-504,332
1621848134060,1621848134070,10,-1,32,964.131573603613,-1,-1
1621848134589,1621848134629,40,7,532,28972.4982988571,-1,168
1621848134719,1621848134769,50,3,496,4595.44269567064,-26880,187
1621848134779,1621848134829,50,2,66,2320.35732073875,-2296,355
1621848134859,1621848134879,20,0,43,2358.30527064767,-1,19
1621848134909,1621848134919,10,-1,38,2552.90271420619,-1,-1
1621848135389,1621848135419,30,7,587,29963.5393768041,-1,58
1621848135509,1621848135599,90,11,952,14343.0315284126,-62911,348
1621848135659,1621848135669,10,-1,36,1048.41247317442,-1,-1
1621848135719,1621848135729,10,-1,39,1927.2175600873,-1,-1
1621848135889,1621848135909,20,2,113,9399.33544615182,-1,335
1621848135939,1621848135958,19,0,54,3993.57139876268,-1,152
1621848136028,1621848136068,40,3,123,7513.70822679078,-4049,230
1621848136088,1621848136098,10,-1,77,6339.39602818457,-1,-1
1621848136228,1621848136238,10,-1,84,7545.82403871673,-1,-1
1621848136388,1621848136568,180,48,622,43909.8194502844,-36534,174
1621848136628,1621848136648,20,0,62,3165.77857200314,-1,319
1621848136828,1621848137028,200,40,695,48820.2173852089,-56010,351
1621848137048,1621848137068,20,1,63,3954.76810024316,-1,325
1621848137418,1621848137598,180,41,724,15677.079340229,-46210,172
1621848137618,1621848137637,19,0,37,1184.4780799416,-1,80
1621848137807,1621848137837,30,1,86,6323.94261453308,-4391,164
1621848137937,1621848137947,10,-1,35,2563.75608088302,-1,-1
1621848137967,1621848137977,10,-1,41,1284.79898379277,-1,-1
1621848138197,1621848138217,20,2,365,21559.0692200112,-1,82
1621848138597,1621848138667,70,6,752,2138.93585474383,-46997,326
1621848138677,1621848138757,80,5,126,4677.29774054083,-4176,251
1621848138767,1621848138927,160,7,130,8321.88561745338,-5992,237
1621848139017,1621848139027,10,-1,43,2308.37934280803,-1,-1
1621848139287,1621848139327,40,2,84,4916.67775860315,-3973,93
1621848139616,1621848139636,20,0,37,1029.74650059534,-704,284
1621848139646,1621848139666,20,0,33,953.258935148245,-1,299
1621848139686,1621848139696,10,-1,33,1692.67717594029,-1,-1
1621848139766,1621848139786,20,0,31,799.239931847994,-116,260
1621848140006,1621848140036,30,1,65,2305.08251874759,-1567,263
1621848140136,1621848140156,20,0,38,773.77687315942,-1,270
1621848140336,1621848140376,40,3,131,5858.93333986477,-5486,228
1621848140606,1621848140626,20,0,33,733.154271147862,-264,90
1621848140786,1621848140836,50,3,124,5253.53887429378,-5508,72
1621848141255,1621848141275,20,0,33,1313.86915906238,-1,320
1621848141385,1621848141425,40,7,1197,65421.6440913691,-2787,145
1621848141745,1621848141795,50,7,328,24609.5579273722,-17428,109
1621848141955,1621848141965,10,-1,62,4050.80143083234,-1,-1
1621848141995,1621848142015,20,0,42,733.022094145105,-1,180
1621848142205,1621848142215,10,-1,38,2843.65638238613,-1,-1
1621848142225,1621848142255,30,3,850,68392.6310577293,-1,114
1621848142375,1621848142465,90,5,249,8194.77178842616,-12478,288
1621848142535,1621848142545,10,-1,312,30275.5331335108,-1,-1
1621848142555,1621848142575,20,0,249,22196.8934223523,-20420,265
1621848142625,1621848142655,30,3,379,19302.9912743244,-1,97
1621848142684,1621848142774,89,5,275,18947.8143778052,-14043,263
1621848142794,1621848142814,20,0,35,1315.23178839332,-1,315
1621848142844,1621848142934,90,1,50,1893.27188252702,-1515,253
1621848142964,1621848142994,30,1,54,2387.30939293571,-1424,265
1621848143004,1621848143044,40,1,38,1125.15449681167,-633,262
1621848143054,1621848143074,20,0,38,1422.95272555806,-1,255
1621848143094,1621848143114,20,1,75,7315.63354506854,-2922,274
1621848143244,1621848143284,40,3,140,8626.31751386612,-8514,118
1621848143304,1621848143314,10,-1,32,537.507835042596,-1,-1
1621848143324,1621848143334,10,-1,34,1054.58253603789,-1,-1
1621848143344,1621848143404,60,3,93,4234.59770511753,-1743,101
1621848143434,1621848143454,20,0,51,1738.63555755505,-1,96
1621848143484,1621848143534,50,2,79,2626.20467925745,-4372,339
1621848143554,1621848143644,90,4,81,2454.52259522384,-1647,298
1621848143674,1621848143724,50,1,162,7734.38677909006,-8160,292
1621848143984,1621848144024,40,7,524,21740.3091203495,-1,337
1621848144294,1621848144324,30,0,44,2153.62378520117,-942,152
1621848144374,1621848144563,189,37,2503,144579.304990329,-149913,155
1621848144713,1621848144733,20,0,42,3158.32093999137,-1,353
1621848145053,1621848145163,110,21,706,26490.4338889241,-46920,91
1621848145173,1621848145193,20,0,47,1437.23754873108,-1,290
1621848145213,1621848145273,60,2,67,1932.92382916499,-1473,291
1621848145283,1621848145313,30,3,152,6557.26925927038,-6040,112
1621848145333,1621848145453,120,5,82,3306.31574554099,-2803,290
1621848145333,1621848145453,120,5,82,3306.31574554099,-2803,290
1621848145473,1621848145503,30,1,89,3545.57092519821,-3830,299
1621848145523,1621848145743,220,9,150,6188.00547706394,-6463,339
1621848145913,1621848145933,20,0,38,2970.1578869834,-1,5
1621848146242,1621848146512,270,3,366,28167.0252608223,-15710,189
1621848146782,1621848146792,10,-1,34,1358.07903766385,-1,-1
1621848146912,1621848146952,40,3,162,11874.0259626136,-11520,107
1621848147232,1621848147242,10,-1,31,1094.77431705153,-1,-1
1621848147452,1621848147542,90,13,631,24032.0365517266,-7854,145
1621848147632,1621848147851,219,12,456,17354.7548185566,-11178,343
1621848147861,1621848148001,140,5,262,12981.6956593691,-9819,241
1621848148171,1621848148191,20,1,99,8031.81822236318,-1779,332
1621848148211,1621848148231,20,0,66,2664.75670561612,-1,319
1621848148281,1621848148341,60,3,121,5929.35721285541,-5492,28
1621848148361,1621848148541,180,6,511,31819.6972403448,-22884,13
1621848148631,1621848149031,400,16,623,27814.0511103857,-32438,208
1621848149071,1621848149131,60,18,514,22426.475725975,-19527,288
1621848149381,1621848149450,69,23,549,10270.1839859901,-22092,116
1621848149480,1621848149520,40,1,53,2445.87857815836,-1246,272
1621848149560,1621848149590,30,1,67,2309.63878950255,-3595,274
1621848150120,1621848150130,10,-1,39,1854.2461585228,-1,-1
1621848150390,1621848150430,40,2,90,5445.43273039945,-4441,116
1621848150560,1621848151030,470,17,1283,64009.9918920073,-71052,275
1621848151040,1621848151080,40,1,70,2829.05356586073,-1,194
1621848151090,1621848151409,319,14,789,47123.1116300675,-62377,4
1621848151429,1621848151469,40,2,81,4932.88056844444,-2601,267
1621848151479,1621848151519,40,1,64,3421.34518123821,-2848,310
1621848151609,1621848151969,360,3,813,12221.4738748235,-60422,35
1621848151989,1621848152079,90,3,121,4374.87638158137,-4793,321
1621848152479,1621848152519,40,4,152,8447.24247072809,-6844,245
1621848152868,1621848152878,10,-1,32,398.699896409232,-1,-1
1621848152938,1621848152968,30,1,62,2941.3077896723,-2687,87
1621848153008,1621848153048,40,1,35,1245.69326288974,-244,90
1621848153068,1621848153108,40,3,171,7949.40780922124,-6798,71
1621848153308,1621848153328,20,0,39,1812.65067147298,-1,339
1621848153408,1621848153458,50,15,1265,71870.3086607712,-1,118
1621848153678,1621848153868,190,6,711,38545.0861518909,-25980,244
1621848154058,1621848154148,90,6,417,25539.2266602521,-16521,327
1621848154378,1621848154557,179,17,361,8070.21734769108,-13843,174
1621848154587,1621848154607,20,0,70,4681.55007552039,-3639,199
1621848154627,1621848154647,20,0,40,2645.85254454593,-123,222
1621848154677,1621848154777,100,27,577,25035.3040870562,-19883,119
1621848154857,1621848154907,50,1,64,3207.03587824684,-2845,282
1621848154917,1621848154937,20,0,36,957.791369792107,-254,276
1621848154947,1621848154987,40,1,45,1034.50378781778,-1361,298
1621848154997,1621848155017,20,0,35,625.36563097075,-280,51
1621848155047,1621848155087,40,1,41,1869.53667190335,-863,332
1621848155117,1621848155237,120,2,243,19828.4563317843,-11503,335
1621848155347,1621848155587,240,6,402,13221.7404090115,-17852,282
1621848155657,1621848155697,40,3,105,6494.71993194878,-587,138
1621848155707,1621848155747,40,10,886,41638.7572243073,-1,37
1621848155837,1621848155927,90,13,507,14403.3184801715,-23730,346
1621848155937,1621848156186,249,21,292,16277.3141741495,-9470,194
1621848156226,1621848156236,10,-1,30,901.037689506104,-1,-1
1621848156276,1621848156296,20,0,32,348.475377698553,-1,203
1621848156306,1621848156316,10,-1,37,1015.64632829965,-1,-1
1621848156496,1621848156506,10,-1,51,2661.71425682504,-1,-1
1621848156516,1621848156596,80,24,478,20574.6468151083,-14125,252
1621848156606,1621848156626,20,0,49,3679.64287470071,-585,308
1621848156646,1621848156666,20,0,35,1986.40843852734,-15,338
1621848156816,1621848156836,20,1,72,4572.66442660461,-1,115
1621848156846,1621848157006,160,5,391,23419.9461787425,-17971,79
1621848157076,1621848157096,20,0,43,1963.68214325972,-550,39
1621848157156,1621848157176,20,0,55,4049.63609693946,-1,99
1621848157276,1621848157436,160,32,517,25746.1632420248,-20175,340
1621848157446,1621848157556,110,5,186,13290.9346756076,-12640,172
1621848157566,1621848157586,20,0,34,972.374988045428,-1,237
1621848157696,1621848157885,189,2,1352,75048.7945003069,-119135,198
1621848158005,1621848158115,110,36,583,32691.5419132001,-34413,157
1621848158125,1621848158305,180,5,972,80497.0960284439,-47412,322
1621848158315,1621848158585,270,4,1282,74015.3528882174,-54016,232
1621848158685,1621848158715,30,2,193,-1.0,-8565,338
1621848158725,1621848158735,10,-1,35,728.537629224232,-1,-1
1621848158745,1621848158765,20,0,39,3315.25925907579,-961,326
1621848158895,1621848158925,30,1,87,4531.15405402419,-3629,136
1621848158945,1621848158975,30,1,86,5092.44620007926,-2984,130
1621848159185,1621848159235,50,18,451,21966.5572461164,-1,115
1621848159335,1621848159405,70,6,144,7386.0962328574,-5313,292
1621848159425,1621848159534,109,4,76,3046.09068504932,-2233,317
1621848159544,1621848159614,70,3,85,4069.23236079178,-2746,315
1621848159674,1621848159704,30,1,70,4674.72803384845,-1718,90
1621848159714,1621848159894,180,9,77,1789.51586121382,-1885,185
1621848160014,1621848160144,130,3,153,12223.23055667,-10178,5
1621848160164,1621848160294,130,23,951,72995.9933169456,-63484,304
1621848160474,1621848160494,20,1,99,-1.0,-5206,128
1621848160534,1621848160554,20,0,41,3517.91536380793,-367,71
1621848160754,1621848160784,30,2,249,14832.1610587534,-1,58
1621848160874,1621848160924,50,3,370,89.2230007201839,-19131,251
1621848161134,1621848161184,50,15,460,19623.4488334128,-1,339
1621848161403,1621848161443,40,2,64,81.3677954582779,-2116,151
1621848161453,1621848161503,50,3,99,4111.76946732386,-3702,142
1621848161513,1621848161543,30,0,70,3488.84735229236,-635,68
1621848161553,1621848161563,10,-1,66,4994.42809404565,-1,-1
1621848161583,1621848161593,10,-1,31,309.958246387832,-1,-1
1621848161613,1621848161633,20,2,80,3763.73448067966,-1,180
1621848161643,1621848161663,20,1,72,4916.89333042327,-757,147
1621848161673,1621848161683,10,-1,475,44884.0334654693,-1,-1
1621848161773,1621848161823,50,6,378,16038.637598601,-32742,208
1621848161833,1621848161843,10,-1,55,3268.35862598059,-1,-1
1621848161963,1621848162053,90,3,372,15111.2772395403,-30524,277
1621848162073,1621848162113,40,0,65,6244.40768781023,-2084,282
1621848162153,1621848162873,720,27,651,37152.5560552063,-26268,156
1621848162893,1621848162932,39,1,67,1991.5274028972,-2001,312
1621848162942,1621848162962,20,0,40,1293.89610194516,-142,306
1621848163092,1621848163112,20,0,51,1823.44534889026,-1,264
1621848163172,1621848163182,10,-1,38,1648.01732135292,-1,-1
1621848163312,1621848163342,30,2,143,7799.4011394321,-4100,53
1621848164542,1621848164611,69,5,169,8840.78867208679,-8990,211
1621848165121,1621848165161,40,3,163,7994.31397079172,-8104,146
1621848165461,1621848165491,30,1,125,11433.4852260106,-4982,35
1621848165901,1621848165911,10,-1,32,746.072235120289,-1,-1
1621848165921,1621848165941,20,2,417,26276.7864298742,-1,84
1621848166041,1621848166121,80,13,433,-1.0,-11191,271
1621848166310,1621848166350,40,2,85,4874.07544659854,-3281,24
1621848166520,1621848166800,280,14,69,4386.87251159112,-1,278
1621848167100,1621848167110,10,-1,37,-1.0,-1,-1
1621848167120,1621848167180,60,6,133,7709.31121554254,-4560,91
1621848167190,1621848167240,50,11,518,32036.4417383646,-1,190
1621848167820,1621848167969,149,50,732,38241.9764482458,-23143,64
1621848167979,1621848168199,220,20,255,18280.8283078484,-17402,251
1621848168209,1621848168229,20,0,67,3709.40134536353,-1,243
1621848168239,1621848168269,30,1,65,2768.41912791896,-3463,59
1621848168469,1621848168589,120,28,478,20400.4640855673,-18516,273
1621848168619,1621848168669,50,4,123,5710.75354330696,-9310,87
1621848168729,1621848168759,30,1,64,2784.39109164661,-3430,70
1621848168819,1621848168839,20,0,37,2818.61158989616,-1,228
1621848168909,1621848168929,20,0,46,2782.61662128041,-1685,129
1621848168949,1621848168959,10,-1,41,2928.20106320505,-1,-1
1621848168989,1621848169019,30,13,833,33231.0040520952,-1,338
1621848169219,1621848169339,120,5,120,6236.23870996277,-5978,163
1621848169419,1621848169429,10,-1,39,2444.81080421487,-1,-1
1621848169808,1621848169888,80,4,91,1420.09216377748,-4497,82
1621848169908,1621848169918,10,-1,37,1818.53600800244,-1,-1
1621848169968,1621848169998,30,2,99,4737.73710161424,-4835,93
1621848170128,1621848170138,10,-1,35,606.370108292019,-1,-1
1621848170408,1621848170608,200,13,148,4547.96651428613,-7467,88
1621848170648,1621848170668,20,0,50,3997.49108855055,-632,107
1621848170688,1621848170698,10,-1,38,1820.69314354275,-1,-1
1621848170728,1621848170738,10,-1,33,1733.0011510338,-1,-1
1621848170748,1621848170758,10,-1,33,1089.35905775152,-1,-1
1621848170878,1621848170998,120,7,124,9253.03217911947,-4739,282
1621848171008,1621848171048,40,4,165,9881.84952210735,-6938,279
1621848171088,1621848171108,20,0,42,1818.78259503115,-655,263
1621848171118,1621848171138,20,0,45,2091.47637939005,-772,285
1621848171268,1621848171298,30,8,414,26274.9088755291,-1,100
1621848171397,1621848171457,60,10,1153,21597.8506762563,-68058,315
1621848171547,1621848171617,70,11,364,18830.7124477131,-20000,270
1621848172207,1621848172217,10,-1,35,1617.31219159061,-1,-1
1621848172227,1621848172277,50,2,74,5483.00259736994,-3806,281
1621848172327,1621848172367,40,2,65,2499.12445175291,-2298,316
1621848172487,1621848172507,20,0,50,2202.9838091211,-1,95
1621848172527,1621848172557,30,6,896,60847.8047420115,-1,112
1621848172667,1621848172727,60,2,479,7580.20725638797,-37735,268
1621848172817,1621848172887,70,13,424,21763.2965110619,-23846,266
1621848172907,1621848172927,20,0,39,3155.58030527316,-64,149
1621848172937,1621848172976,39,1,164,13287.5169711133,-6306,298
1621848173086,1621848173106,20,0,37,1683.18942640361,-1,290
1621848173136,1621848173236,100,27,633,20603.7405542384,-30751,92
1621848173246,1621848173296,50,2,59,2845.705951293,-841,260
1621848173326,1621848173366,40,1,54,2309.06904310584,-2271,270
1621848173406,1621848173436,30,1,92,4592.94060940935,-3308,35
1621848173676,1621848173706,30,1,54,3002.58780225307,-2077,58
1621848173916,1621848173986,70,5,1021,71442.8360041511,-1,3
1621848175045,1621848175105,60,10,1171,5945.22234377457,-63061,345
1621848175115,1621848175125,10,-1,33,1693.38173955477,-1,-1
1621848175155,1621848175175,20,1,57,2488.27283946896,-1,90
1621848175235,1621848175245,10,-1,48,2604.26529899365,-1,-1
1621848175255,1621848175275,20,1,63,3553.85013753303,-1,64
1621848175425,1621848175435,10,-1,35,704.699553906289,-1,-1
1621848175505,1621848175595,90,27,493,29063.1535197556,-19566,97
1621848175645,1621848175665,20,1,115,8486.10509531442,-1,98
1621848175695,1621848175705,10,-1,51,3295.37407931707,-1,-1
1621848175715,1621848175725,10,-1,34,1595.66055530238,-1,-1
1621848176015,1621848176095,80,3,59,1403.67979285862,-1484,264
1621848176115,1621848176135,20,0,35,968.77761620463,-1,270
1621848176175,1621848176185,10,-1,30,1042.08886476854,-1,-1
1621848176484,1621848176604,120,22,922,61192.1341629495,-51971,239
1621848177354,1621848177634,280,31,1277,49555.0339361934,-91709,141
1621848177644,1621848177664,20,0,43,865.0216908046,-1,255
1621848177694,1621848177724,30,1,76,4035.28115814044,-2595,256
1621848178833,1621848178863,30,1,58,2880.058209642,-2538,23
1621848179742,1621848179792,50,37,1591,94465.196662644,-56980,40
1621848179852,1621848179932,80,36,1455,130015.297979704,-115133,219
1621848179972,1621848180012,40,1,80,4673.31543679534,-4426,276
1621848180302,1621848180322,20,0,38,1464.33318607697,-1,262
1621848180552,1621848180562,10,-1,32,-1.0,-1,-1
1621848180722,1621848180742,20,0,34,1002.12252742701,-112,240
1621848180762,1621848180772,10,-1,47,3336.12862597586,-1,-1
1621848180782,1621848180872,90,3,88,7374.18304873421,-5200,256
1621848181232,1621848181282,50,3,114,6043.30815256209,-4381,60
1621848181421,1621848181611,189,0,1857,112477.250597827,-78222,174
1621848181801,1621848181841,40,12,469,20601.5652807231,-10950,278
1621848182231,1621848182241,10,-1,476,-1.0,-1,-1
1621848182441,1621848182451,10,-1,35,2949.46625730982,-1,-1
1621848182501,1621848182551,50,4,147,8380.5843454361,-6682,241
1621848182671,1621848182681,10,-1,31,1569.09776504008,-1,-1
1621848182961,1621848183180,219,6,1242,107628.80978277,-77332,61
1621848183520,1621848183570,50,4,114,5539.30632368909,-3362,261
1621848183920,1621848183980,60,11,402,21669.5799397687,-20404,110
1621848184150,1621848184200,50,3,115,5506.25325894323,-4638,316
1621848184230,1621848184240,10,-1,36,1602.79698857548,-1,-1
1621848184360,1621848184370,10,-1,34,2685.16332618992,-1,-1
1621848184380,1621848184410,30,2,107,4790.43583364429,-2336,16
1621848184819,1621848184959,140,6,606,30317.3725969076,-26944,251
1621848185329,1621848185379,50,4,152,7001.80957495693,-6260,54
1621848185749,1621848185769,20,0,35,1558.02874113609,-50,229
1621848185779,1621848185999,220,5,495,27897.9380223137,-25767,101
1621848186019,1621848186039,20,0,67,5696.42563116053,-2184,222
1621848186129,1621848186199,70,7,224,13764.6073513014,-7491,254
1621848186748,1621848186758,10,-1,122,9868.38983876814,-1,-1
1621848186848,1621848186898,50,9,341,23431.0550848116,-17525,107
1621848187338,1621848187398,60,11,320,14910.6976433034,-10857,284
1621848188078,1621848188108,30,1,79,5387.79876381243,-4110,271
1621848188737,1621848188957,220,1,508,28323.1307832114,-26249,305
1621848189477,1621848189527,50,4,167,10005.7491800377,-7274,66
1621848189816,1621848190006,190,2,653,31686.104416087,-38817,248
1621848190226,1621848190246,20,0,58,2554.29210924157,-1,243
1621848191046,1621848191126,80,16,436,17194.0158926485,-16411,87
1621848191426,1621848191505,79,16,437,17914.195827723,-12545,268
1621848192115,1621848192155,40,3,138,6405.2558211116,-6458,14
1621848192375,1621848192565,190,2,930,65913.0872096035,-59689,216
1621848193314,1621848193324,10,-1,32,1752.42712261993,-1,-1
1621848193534,1621848193564,30,1,74,3465.21346115577,-2554,183
1621848193704,1621848193904,200,0,1267,62229.1322047908,-61638,54
1621848194344,1621848194384,40,4,173,8269.76076990885,-8226,32
1621848194724,1621848194764,40,4,172,8372.28820111138,-8252,203
1621848196932,1621848197172,240,13,521,42239.5527155086,-22962,295
1621848197302,1621848197422,120,23,494,17985.0995741995,-20740,93
1621848197472,1621848197492,20,0,42,2501.02316629949,-295,235
1621848197552,1621848197562,10,-1,45,3927.44344517843,-1,-1
1621848197752,1621848197762,10,-1,38,2058.89503436292,-1,-1
1621848198162,1621848198431,269,20,337,20739.501497684,-23712,264
1621848198501,1621848198541,40,6,225,20388.4233447085,-13278,91
1621848198591,1621848198601,10,-1,30,679.22593670589,-1,-1
1621848198891,1621848198931,40,1,62,3283.75421889268,-1667,283
1621848198941,1621848199041,100,30,549,14081.9350885802,-19368,95
1621848199071,1621848199091,20,0,36,798.213015706719,-52,285
1621848199131,1621848199151,20,0,35,1294.00772713913,-134,282
1621848199161,1621848199181,20,0,43,1271.0581670529,-1,302
1621848199791,1621848199801,10,-1,36,3078.36369778247,-1,-1
1621848200520,1621848200730,210,1,1958,157508.652963018,-74949,153
1621848200750,1621848200780,30,0,38,1922.32829015532,-802,298
1621848200790,1621848200820,30,0,55,3951.58484649797,-1826,192
1621848200830,1621848200840,10,-1,35,2586.36617995991,-1,-1
1621848201000,1621848201010,10,-1,43,2744.19036535204,-1,-1
1621848202189,1621848202259,70,5,141,8241.07439493599,-5083,18
1621848202279,1621848202289,10,-1,30,1871.33978779883,-1,-1
1621848202329,1621848202439,110,4,101,3208.47602626297,-3860,186
1621848202499,1621848202539,40,2,107,4603.98328108895,-4060,202
1621848202889,1621848202899,10,-1,39,3473.98221100829,-1,-1
1621848203139,1621848203159,20,0,46,4005.67563663234,-1290,251
1621848203209,1621848203248,39,0,69,5325.41595798917,-2239,345
1621848203338,1621848203488,150,4,614,32307.7431374889,-22784,64
1621848203498,1621848203528,30,1,85,5132.40606337551,-680,245
1621848203918,1621848203978,60,10,295,17244.2460138076,-15005,114
1621848203998,1621848204088,90,3,55,1993.16872974642,-1648,352
1621848204118,1621848204128,10,-1,31,270.229745041456,-1,-1
1621848204138,1621848204148,10,-1,31,271.133570670949,-1,-1
1621848204198,1621848204218,20,0,39,1067.41601681984,-838,345
1621848204308,1621848204528,220,15,359,29556.0641424762,-21457,275
1621848204678,1621848204688,10,-1,33,1166.48470486064,-1,-1
1621848204788,1621848204848,60,10,317,17199.071418429,-13170,178
1621848205007,1621848205017,10,-1,31,1232.87765286288,-1,-1
1621848205037,1621848205067,30,1,76,4061.21583169417,-1386,51
1621848205077,1621848205167,90,3,63,2683.84693965087,-2248,36
1621848205177,1621848205207,30,0,37,1159.93926430623,-504,28
1621848205247,1621848205297,50,1,42,1018.4476296032,-899,42
1621848205307,1621848205327,20,0,39,2366.70660634977,-1,45
1621848205387,1621848205417,30,0,42,767.162304418998,-648,14
1621848205817,1621848205837,20,0,50,1633.04961108346,-1,225
1621848206087,1621848206107,20,0,37,2641.34663110603,-132,105
1621848206706,1621848206756,50,11,439,22679.3737983642,-19931,146
1621848206806,1621848206816,10,-1,32,605.027378601337,-1,-1
1621848207116,1621848207136,20,1,78,5566.03034250326,-2198,26
1621848207196,1621848207206,10,-1,38,1505.67578954251,-1,-1
1621848207236,1621848207286,50,1,41,1205.57590251701,-612,304
1621848207406,1621848207436,30,1,74,4206.58299468967,-4232,157
1621848207906,1621848207916,10,-1,33,2296.90067000355,-1,-1
1621848208365,1621848208385,20,0,39,1443.08773237559,-1,219
1621848208405,1621848208425,20,0,40,1940.62256635314,-1,251
1621848209115,1621848209175,60,13,438,23198.6213638223,-16759,351
1621848209215,1621848209345,130,5,273,17992.5683170812,-22455,197
1621848209405,1621848209475,70,14,482,32026.0710103491,-19350,167
1621848209535,1621848209595,60,1,88,6757.35920735012,-2576,312
1621848210014,1621848210024,10,-1,30,1853.85452523762,-1,-1
1621848210194,1621848210594,400,10,930,41942.6767748835,-62331,167
1621848210854,1621848210874,20,0,39,2779.17035926788,-1,304
1621848210914,1621848210934,20,0,60,2523.7015606973,-1,197
1621848211154,1621848211164,10,-1,78,4910.86948983096,-1,-1
1621848211214,1621848211224,10,-1,30,1209.21978781972,-1,-1
1621848211274,1621848211294,20,0,31,832.132242407795,-8,312
1621848211324,1621848211354,30,0,44,2171.0217577117,-953,59
1621848211384,1621848211404,20,0,58,3985.53358639047,-221,75
1621848212033,1621848212083,50,22,571,29023.0003961337,-327,114
1621848212173,1621848212233,60,9,731,3802.40213148572,-55659,277
1621848212303,1621848212323,20,7,676,33556.5521433912,-1,78
1621848212413,1621848212533,120,25,1685,63867.9936561001,-160542,306
1621848212543,1621848212593,50,4,162,7378.28432310409,-8477,239
1621848212623,1621848212673,50,2,143,8499.0652041881,-6895,94
1621848212743,1621848212773,30,2,94,5056.00824900043,-3673,288
1621848212823,1621848212833,10,-1,33,1235.49018042264,-1,-1
1621848213592,1621848213602,10,-1,78,6888.65143499461,-1,-1
1621848213802,1621848213812,10,-1,33,1775.92579374725,-1,-1
1621848213882,1621848213962,80,13,356,15979.3787928685,-12301,320
1621848214292,1621848214322,30,1,53,1895.92050201097,-353,123
1621848214352,1621848214362,10,-1,30,1065.2713082168,-1,-1
1621848214942,1621848214991,49,5,158,8710.71419244755,-7126,156
1621848215141,1621848215151,10,-1,89,6801.0286287453,-1,-1
1621848215371,1621848215411,40,2,127,12271.7355130803,-7002,158
1621848215541,1621848215551,10,-1,30,1531.03028526562,-1,-1
1621848215771,1621848215791,20,0,45,3925.88951723145,-646,356
1621848215811,1621848215831,20,0,34,816.000080912895,-51,127
1621848215901,1621848215931,30,7,337,17803.3238453592,-10148,327
1621848216191,1621848216341,150,6,1877,119393.74486074,-104915,111
1621848216421,1621848216481,60,2,41,1139.62285188337,-427,100
1621848216491,1621848216511,20,0,31,1364.38045633279,-127,300
1621848216521,1621848216551,30,2,112,4906.17762842781,-3213,94
1621848216621,1621848216641,20,0,31,975.919905600479,-154,99
1621848216670,1621848216830,159,11,124,4113.47238776305,-4445,92
1621848216850,1621848216870,20,0,42,1779.99370532346,-582,33
1621848216930,1621848216990,60,5,136,6276.62568546943,-5026,90
1621848217160,1621848217220,60,11,316,18079.6783264203,-9987,252
1621848217250,1621848217260,10,-1,31,1471.22734402938,-1,-1
1621848217460,1621848217490,30,1,56,3309.03688329803,-1264,84
1621848218270,1621848218320,50,3,146,9030.20143743814,-5917,343
1621848218330,1621848218350,20,0,36,766.667410746778,-284,185
1621848218399,1621848218439,40,5,201,8417.99359142095,-3520,238
1621848218689,1621848218999,310,35,419,15876.3115610427,-19939,80
1621848219019,1621848219169,150,41,555,33619.7925708231,-28096,231
1621848219659,1621848219919,260,2,575,29168.2024128126,-42193,340
1621848219929,1621848220118,189,33,1324,62445.2752350485,-103940,160
1621848220228,1621848220248,20,0,46,1535.90480697031,-1,319
1621848220258,1621848220268,10,-1,31,270.668231669644,-1,-1
1621848220278,1621848220338,60,13,394,15297.069813126,-20650,83
1621848220348,1621848220358,10,-1,31,903.075768169259,-1,-1
1621848220398,1621848220418,20,0,34,865.279581418465,-346,270
1621848220428,1621848220448,20,0,43,1544.71958551591,-1,270
1621848220468,1621848220478,10,-1,35,769.695115855923,-1,-1
1621848220578,1621848220728,150,1,393,26677.8732111942,-8269,81
1621848220818,1621848221008,190,8,590,28745.2537921277,-31209,235
1621848221038,1621848221178,140,25,407,23144.3844905985,-13908,267
1621848222457,1621848222727,270,21,190,9247.89015016972,-6843,98
1621848222967,1621848222977,10,-1,41,-1.0,-1,-1
1621848223476,1621848223486,10,-1,31,1281.14986873755,-1,-1
1621848223566,1621848223576,10,-1,33,1135.38261636266,-1,-1
1621848223886,1621848223916,30,1,66,3361.98806212774,-1414,110
1621848223966,1621848223996,30,1,53,2080.82788226635,-1485,112
1621848224026,1621848224196,170,17,155,4263.24514546838,-4490,173
1621848224236,1621848224256,20,3,165,12481.6248979406,-1,201
1621848224266,1621848224606,340,41,482,24868.030969152,-22240,2
1621848224616,1621848224956,340,46,1466,90835.2684936555,-83408,212
1621848225006,1621848225175,169,28,328,7343.56699614472,-11650,349
1621848225355,1621848225555,200,16,242,21535.596332819,-11222,174
1621848225565,1621848225615,50,1,48,3592.80126304598,-1022,207
1621848225655,1621848225825,170,11,120,5143.74045366605,-4881,346
1621848225845,1621848225855,10,-1,67,4053.05267466582,-1,-1
1621848226055,1621848226095,40,0,101,7984.55481080825,-4847,132
1621848226105,1621848226125,20,0,55,4331.94533783772,-1315,86
1621848226215,1621848226265,50,10,1051,59193.3299206093,-2223,90
1621848226505,1621848226645,140,23,1194,39661.0818375717,-68052,278
1621848226655,1621848226705,50,6,268,13559.2998931214,-19427,226
1621848226735,1621848226745,10,-1,45,2448.00888410506,-1,-1
1621848226765,1621848226774,9,-1,44,1677.88207127555,-1,-1
1621848226794,1621848227044,250,32,576,15523.7627925817,-21810,80
1621848227184,1621848227194,10,-1,33,1501.60186840978,-1,-1
1621848227354,1621848227814,460,26,1584,87508.899679733,-95218,264
1621848227824,1621848227844,20,1,52,3459.65875384882,-1,87
1621848227854,1621848227874,20,0,123,6886.09373522633,-1,257
1621848228843,1621848229173,330,34,255,8329.69110945344,-6305,117
1621848229183,1621848229203,20,0,41,856.821615718969,-1,63
1621848229743,1621848229773,30,1,58,2197.25015595888,-1684,254
1621848230033,1621848230113,80,12,1574,92264.459636907,-2649,46
1621848230202,1621848230332,130,32,922,16411.1905745621,-34407,263
1621848231682,1621848231991,309,16,1527,112581.172794342,-102147,82
1621848232001,1621848232141,140,6,60,3599.35818129187,-1925,30
1621848232161,1621848232181,20,0,38,949.212887821718,-563,33
1621848232221,1621848232291,70,10,265,15220.8092619738,-8143,315
1621848232321,1621848232341,20,0,32,775.371682397293,-1,113
1621848232741,1621848232941,200,4,865,73077.1707110678,-55334,106
1621848232971,1621848232981,10,-1,30,707.184420050071,-1,-1
1621848233141,1621848233161,20,0,37,2761.62510030368,-1,19
1621848233171,1621848233231,60,2,54,2045.40240607868,-847,124
1621848233560,1621848233570,10,-1,49,3839.37904703563,-1,-1
1621848233630,1621848233760,130,28,397,14815.6678148371,-1790,332
1621848236928,1621848237038,110,13,1398,25853.5094591454,-114355,323
1621848237058,1621848237098,40,1,51,1814.45199536725,-741,270
1621848237118,1621848237148,30,1,58,2751.64332839549,-2094,285
1621848237198,1621848237238,40,3,140,6580.95479502021,-5609,348
1621848237398,1621848237458,60,1,47,867.661877299573,-260,271
1621848237958,1621848237998,40,7,303,16343.5677400786,-10767,254
1621848238288,1621848238298,10,-1,38,-1.0,-1,-1
1621848238328,1621848238358,30,1,72,3297.51303643282,-1377,95
1621848238488,1621848238537,49,14,608,18890.1206120915,-1,349
1621848239057,1621848239067,10,-1,31,1134.4547787005,-1,-1
1621848239117,1621848239217,100,37,657,20364.6195707182,-24664,161
1621848239267,1621848239317,50,1,44,1483.57960908015,-1081,351
1621848239327,1621848239357,30,2,110,7389.13726042748,-4761,204
1621848239407,1621848239417,10,-1,34,1981.57384016777,-1,-1
1621848239437,1621848239477,40,9,360,19337.9883404845,-3660,238
1621848239677,1621848239777,100,5,121,5662.87271759391,-5618,39
1621848239877,1621848239887,10,-1,51,2635.00771557203,-1,-1
1621848240047,1621848240097,50,1,38,443.33459521294,-50,261
1621848240107,1621848240117,10,-1,35,552.919848857284,-1,-1
1621848240127,1621848240197,70,3,358,30900.1519736815,-1,77
1621848240336,1621848240426,90,4,196,6820.70724010152,-7262,310
1621848240536,1621848240646,110,35,988,601.421422964258,-36359,137
1621848240656,1621848240676,20,0,39,707.298517345194,-1,299
1621848240746,1621848240776,30,0,39,802.38590109259,-283,262
1621848240926,1621848240936,10,-1,31,528.476603655641,-1,-1
1621848240946,1621848240966,20,0,34,544.207588691752,-376,254
1621848241036,1621848241086,50,4,155,7856.43723111202,-8045,39
1621848241116,1621848241126,10,-1,43,2128.33658473449,-1,-1
1621848241156,1621848241186,30,0,49,1462.55658544253,-1463,222
1621848241196,1621848241226,30,1,51,1995.6812976289,-1999,264
1621848241256,1621848241336,80,2,53,1586.36289596914,-1057,246
1621848241396,1621848241406,10,-1,31,561.302276444405,-1,-1
1621848241436,1621848241476,40,1,33,365.374623151042,-6,228
1621848241686,1621848241696,10,-1,35,2969.04136771733,-1,-1
1621848241766,1621848241816,50,5,216,10494.8655358651,-10943,88
1621848241975,1621848241995,20,0,36,1882.1005433857,-1,237
1621848242255,1621848242275,20,0,48,2136.46734038372,-1713,60
1621848242405,1621848242455,50,1,46,1511.04795903566,-1280,75
1621848242505,1621848242525,20,0,36,1683.92618456379,-62,40
1621848242545,1621848242555,10,-1,33,1274.46623888191,-1,-1
1621848242645,1621848242675,30,0,48,1272.56066986806,-919,64
1621848242755,1621848242785,30,1,85,3519.69902475148,-3512,241
1621848242835,1621848242865,30,0,42,1032.24314903513,-1167,52
1621848242905,1621848242925,20,0,32,1333.89128959518,-1,69
1621848243115,1621848243155,40,4,159,9127.4729547012,-7681,274
1621848243235,1621848243405,170,4,2147,111090.666887543,-153657,181
1621848243235,1621848243405,170,4,2147,111090.666887543,-153657,181
1621848243614,1621848243664,50,9,362,20623.4523906905,-15081,151
1621848243694,1621848243704,10,-1,31,900.997100126948,-1,-1
1621848243724,1621848243764,40,1,40,1265.17408535368,-1,294
1621848243784,1621848243874,90,2,57,1630.17254605784,-1092,302
1621848243884,1621848243924,40,1,60,2960.70925699371,-1339,273
1621848243954,1621848244004,50,9,311,18995.2954901799,-11834,61
1621848244014,1621848244034,20,0,57,3157.20814221654,-2465,260
1621848244414,1621848244434,20,1,153,-1.0,-7800,284
1621848245623,1621848245743,120,13,935,48882.0648096451,-14348,199
1621848246373,1621848246533,160,12,1287,49124.9843236596,-94656,340
1621848246543,1621848246603,60,3,93,2599.13811680784,-3927,270
1621848246663,1621848246703,40,3,132,7844.66384882743,-4486,92
1621848246783,1621848247012,229,12,104,5993.04644900642,-6130,278
1621848247252,1621848247382,130,34,633,43002.8472250903,-20074,329
1621848247972,1621848247992,20,0,41,1988.46420667951,-1,63
1621848248332,1621848248342,10,-1,88,7625.63746622003,-1,-1
1621848248961,1621848249071,110,33,612,24320.5469669746,-31704,132
1621848249081,1621848249271,190,13,201,7751.31792597602,-11572,351
1621848249281,1621848249291,10,-1,82,6782.96682835347,-1,-1
1621848249321,1621848249331,10,-1,44,1866.64849819684,-1,-1
1621848249441,1621848249511,70,13,380,22607.9365163302,-29755,254
1621848250280,1621848250440,159,27,492,11635.6609716468,-19228,186
1621848250450,1621848250460,10,-1,32,1692.93639575165,-1,-1
1621848250650,1621848250660,10,-1,48,3138.1171060588,-1,-1
1621848251340,1621848251360,20,0,40,3019.47209398077,-1,72
1621848251380,1621848251400,20,0,46,1107.90567827438,-1,119
1621848251410,1621848251430,20,0,59,3927.14781980648,-1023,247
1621848251450,1621848251520,70,1,205,18361.024537163,-16318,68
1621848251530,1621848251590,60,4,173,7930.16031187559,-11545,110
1621848251660,1621848251700,40,4,143,7625.38831428785,-7461,264
1621848251730,1621848251750,20,1,57,2490.62294431866,-1,296
1621848251760,1621848251770,10,-1,99,8888.38329084077,-1,-1
1621848251780,1621848251790,10,-1,102,7998.01306732528,-1,-1
1621848251800,1621848251870,70,1,253,18930.683590523,-14643,42
1621848251910,1621848251930,20,1,93,5459.24602088528,-1,267
1621848251940,1621848251979,39,2,101,5848.11029616746,-6308,81
1621848252299,1621848252639,340,21,630,28008.0775115033,-26586,136
1621848252299,1621848252639,340,21,630,28008.0775115033,-26586,136
1621848252679,1621848252709,30,1,59,2080.62044227885,-1695,340
1621848252739,1621848252899,160,19,443,23560.9830113927,-17624,265
1621848253329,1621848253399,70,3,170,6499.40695479431,-7905,122
1621848253409,1621848253748,339,20,1070,75793.6332146607,-56389,29
1621848253768,1621848253818,50,1,44,1798.23529844893,-1248,251
1621848253898,1621848253908,10,-1,38,1399.8956472516,-1,-1
1621848253998,1621848254018,20,0,75,3697.25934124198,-1,266
1621848254028,1621848254048,20,1,95,7876.55429438873,-4440,75
1621848254208,1621848254238,30,2,122,4968.47772601343,-6396,258
1621848254308,1621848254368,60,11,329,16145.6849632799,-10131,204
1621848254478,1621848254638,160,21,218,6111.27530315017,-9100,5
1621848254648,1621848254668,20,1,100,7240.34011930497,-2970,279
1621848254738,1621848254758,20,0,45,1676.72092283943,-1,157
1621848254768,1621848254778,10,-1,46,2663.97851665026,-1,-1
1621848254788,1621848255138,350,12,1379,107523.075143886,-94674,19
1621848255377,1621848255407,30,2,104,5170.88175274026,-5616,253
1621848255727,1621848255797,70,2,38,1655.30110375965,-500,69
1621848255807,1621848255817,10,-1,30,367.694144559842,-1,-1
1621848255867,1621848255927,60,1,165,11137.1722034065,-8508,353
1621848255937,1621848255957,20,0,36,583.171920910852,-1,83
1621848255967,1621848255987,20,0,51,2582.7260929456,-316,140
1621848256007,1621848256017,10,-1,34,872.432099596463,-1,-1
1621848256097,1621848256307,210,9,111,4945.25749879371,-4709,307
1621848256317,1621848256337,20,1,203,14153.2764606153,-1,351
1621848256347,1621848256367,20,1,196,17276.7977072488,-11487,184
1621848256387,1621848256417,30,2,224,13911.0152910927,-1,320
1621848256427,1621848256457,30,1,297,28452.3095155469,-23984,225
1621848256467,1621848256517,50,3,131,9654.32032750253,-8602,186
1621848256527,1621848256577,50,2,54,1187.01238572148,-1090,196
1621848256617,1621848256637,20,0,37,2834.78475023779,-573,114
1621848256737,1621848256917,180,2,458,18461.1431299917,-24533,42
1621848256927,1621848256947,20,0,36,1892.02373347627,-337,73
1621848256996,1621848257226,230,0,1227,85941.7145117604,-45510,173
1621848257256,1621848257266,10,-1,30,724.675304160484,-1,-1
1621848257336,1621848257346,10,-1,35,1467.98599948388,-1,-1
1621848257376,1621848257526,150,28,919,52370.5592560491,-45979,140
1621848257536,1621848257686,150,19,199,9533.73457779815,-3741,342
1621848257786,1621848257816,30,0,350,33438.5810142834,-30987,338
1621848257826,1621848257886,60,2,51,2466.46388974188,-1,183
1621848257906,1621848257996,90,4,103,3165.67851558557,-5010,240
1621848258056,1621848258076,20,1,136,8054.89593386457,-1,90
1621848258106,1621848258246,140,15,210,12320.2432521625,-9579,259
1621848258286,1621848258306,20,0,48,3741.07527235385,-1,64
1621848258316,1621848258366,50,2,54,2061.7263982326,-902,60
1621848258376,1621848258386,10,-1,44,1568.82093626989,-1,-1
1621848258396,1621848258456,60,1,103,6251.01160308913,-4337,189
1621848258466,1621848258476,10,-1,52,2492.42632639366,-1,-1
1621848258486,1621848258536,50,1,72,3402.6840713058,-1177,6
1621848258546,1621848258576,30,0,191,15690.7682219965,-5284,151
1621848258586,1621848258596,10,-1,179,15015.3044163572,-1,-1
1621848258616,1621848258665,49,4,145,11938.2428930054,-1978,62
1621848258675,1621848258695,20,2,148,11760.3426306694,-1,262
1621848258735,1621848258755,20,0,58,3303.45561053094,-1,117
1621848258885,1621848258895,10,-1,39,1003.69840885025,-1,-1
1621848258905,1621848258935,30,1,58,4579.08855180025,-2673,96
1621848258945,1621848258975,30,1,85,5843.56751727511,-1644,104
1621848259005,1621848259035,30,1,67,3158.84478448883,-3708,88
1621848259045,1621848259215,170,10,336,15506.9761218539,-19935,231
1621848259255,1621848259295,40,1,32,1087.71928287776,-1,66
1621848259305,1621848259315,10,-1,36,1813.88536181151,-1,-1
1621848259445,1621848259455,10,-1,39,1080.62010293845,-1,-1
1621848259485,1621848259505,20,0,32,1847.11052820726,-1,121
1621848259515,1621848259525,10,-1,30,2315.54202476665,-1,-1
1621848259555,1621848259565,10,-1,74,4443.33197432118,-1,-1
1621848259715,1621848259765,50,2,214,12645.7872473999,-455,71
1621848260015,1621848260025,10,-1,38,-1.0,-1,-1
1621848260055,1621848260065,10,-1,45,4111.03789764539,-1,-1
1621848260235,1621848260424,189,16,385,13437.0378465781,-23002,171
1621848260434,1621848260534,100,3,158,9424.13916402703,-9336,126
1621848260654,1621848260664,10,-1,51,2690.16316264733,-1,-1
1621848260754,1621848260764,10,-1,35,818.043519915449,-1,-1
1621848260774,1621848260784,10,-1,30,205.725669068288,-1,-1
1621848260834,1621848260854,20,0,44,2566.49888230908,-1,211
1621848261084,1621848261104,20,0,67,5289.20343660646,-3588,336
1621848261124,1621848261164,40,1,52,1822.93197875429,-701,277
1621848261184,1621848261194,10,-1,77,6134.34706189871,-1,-1
1621848261294,1621848261464,170,9,2041,51133.5379219326,-200120,256
1621848261474,1621848261504,30,1,69,3152.54474700365,-2826,241
1621848261604,1621848261624,20,0,37,17.3047606821868,-1,77
1621848261674,1621848261724,50,1,46,1333.65628217233,-740,72
1621848261774,1621848261814,40,1,254,14476.7803056127,-1,86
1621848261914,1621848261954,40,5,354,-1.0,-17153,291
1621848262063,1621848262103,40,3,224,13603.8500964863,-15146,90
1621848262453,1621848262613,160,4,445,22788.3448148868,-19435,256
1621848262723,1621848262733,10,-1,32,845.622946115465,-1,-1
1621848262993,1621848263003,10,-1,33,1556.11346275908,-1,-1
1621848263153,1621848263163,10,-1,100,9554.8994737628,-1,-1
1621848263173,1621848263183,10,-1,132,10915.080736693,-1,-1
1621848263193,1621848263203,10,-1,45,1858.62714411542,-1,-1
1621848263213,1621848263243,30,0,86,7299.66967501658,-4366,122
1621848263283,1621848263303,20,1,56,3561.40289369766,-1,316
1621848263493,1621848263523,30,2,105,7606.02864646287,-5694,157
1621848263672,1621848263862,190,11,607,26615.0301114586,-32990,67
1621848263872,1621848263882,10,-1,231,21355.7457812516,-1,-1
1621848263892,1621848263962,70,3,237,22177.229238292,-17148,265
1621848263972,1621848264022,50,3,95,4267.52117187839,-1934,241
1621848264032,1621848264042,10,-1,52,4538.75529466025,-1,-1
1621848264122,1621848264202,80,3,59,2892.15032601176,-1053,79
1621848264262,1621848264302,40,1,72,3998.03640808364,-3848,259
1621848264332,1621848264462,130,7,628,59633.5877801715,-42106,93
1621848264472,1621848264552,80,7,166,7081.72997090476,-9116,280
1621848264562,1621848264572,10,-1,36,1743.06069911224,-1,-1
1621848264682,1621848264692,10,-1,37,731.110651883455,-1,-1
1621848264732,1621848264742,10,-1,53,2951.86844946572,-1,-1
1621848264832,1621848264862,30,2,123,7405.08632212844,-1,81
1621848264972,1621848264992,20,0,44,2692.23682243886,-1,264
1621848265052,1621848265172,120,1,268,22951.6323958496,-10440,306
1621848265182,1621848265262,80,0,117,4447.52382881182,-11,32
1621848265272,1621848265282,10,-1,30,1624.87311532618,-1,-1
1621848265352,1621848265361,9,-1,32,2182.88804770723,-1,-1
1621848265431,1621848265441,10,-1,32,412.645650082555,-1,-1
1621848265451,1621848265471,20,10,943,46285.9410171599,-1,68
1621848265571,1621848265651,80,19,713,33294.4907805189,-51379,232
1621848265731,1621848265741,10,-1,41,2017.12386027364,-1,-1
1621848266011,1621848266021,10,-1,33,1020.49015348785,-1,-1
1621848266081,1621848266101,20,1,72,5300.68366281797,-239,180
1621848266191,1621848266201,10,-1,35,2964.33118306255,-1,-1
1621848266351,1621848266371,20,10,1391,86367.4846498728,-1,113
1621848266481,1621848266541,60,3,373,3086.24727276992,-32889,281
1621848266551,1621848266561,10,-1,49,3399.1494545417,-1,-1
1621848266611,1621848266631,20,1,102,6184.10496098534,-1,272
1621848266641,1621848266651,10,-1,81,6630.64412744257,-1,-1
1621848266661,1621848266671,10,-1,30,1269.05891170682,-1,-1
1621848266761,1621848266801,40,1,85,6606.29267779206,-2336,185
1621848266991,1621848267001,10,-1,30,1298.78574682532,-1,-1
1621848267010,1621848267060,49,1,70,1576.32280589711,-1032,277
1621848267180,1621848267200,20,1,209,13965.8108502556,-1,11
1621848267210,1621848267440,230,3,1304,48414.0888374911,-113668,69
1621848267550,1621848267610,60,3,191,12191.626597562,-9087,271
1621848267630,1621848267680,50,2,50,1887.42455834672,-935,90
1621848267770,1621848267790,20,1,151,9010.78747958818,-1,67
1621848267890,1621848268120,230,8,405,18948.0763543067,-21042,210
1621848268210,1621848268250,40,3,145,5965.92869011021,-6414,245
1621848268270,1621848268300,30,1,58,2581.45961197306,-1819,267
1621848268340,1621848268350,10,-1,32,676.245213172448,-1,-1
1621848268360,1621848268510,150,8,101,5241.95100144967,-5880,64
1621848268580,1621848268600,20,0,37,2159.85304422676,-237,236
1621848268610,1621848268630,20,2,134,8191.86385835233,-1,225
1621848268640,1621848268859,219,2,1974,88014.1747285702,-149266,200
1621848269079,1621848269089,10,-1,74,5049.83194846506,-1,-1
1621848269099,1621848269299,200,3,1685,128956.025764539,-153708,247
1621848269369,1621848269419,50,2,75,2296.04589849741,-2482,82
1621848269429,1621848269439,10,-1,34,1760.84555683934,-1,-1
1621848269469,1621848269479,10,-1,43,1523.44815198522,-1,-1
1621848269559,1621848269569,10,-1,32,1073.6229699774,-1,-1
1621848269739,1621848269759,20,0,46,3765.50070649222,-1,338
1621848269769,1621848269779,10,-1,41,3747.11705644301,-1,-1
1621848269839,1621848269879,40,1,44,1243.93013147834,-14,234
1621848269909,1621848270099,190,1,662,49290.6000316615,-23379,72
1621848270109,1621848270239,130,1,81,6151.10372886821,-3339,316
1621848270428,1621848270458,30,11,1390,82288.3515736385,-1,58
1621848270548,1621848270688,140,15,368,14541.9035049963,-25761,238
1621848270708,1621848270728,20,0,32,2076.84508159835,-144,131
1621848270738,1621848270748,10,-1,31,578.452496528546,-1,-1
1621848270858,1621848271008,150,10,100,7575.93410931559,-4388,272
1621848271058,1621848271178,120,8,142,8803.17650566649,-6411,83
1621848271188,1621848271198,10,-1,53,3067.99207243354,-1,-1
1621848271268,1621848271278,10,-1,36,2085.42880198933,-1,-1
1621848271318,1621848271338,20,0,55,2818.02299068506,-27,259
1621848271358,1621848271378,20,0,38,2463.49582543723,-167,263
1621848271438,1621848271478,40,4,760,57556.3156781908,-1,113
1621848271568,1621848271678,110,17,773,4329.2696743041,-47666,276
1621848271688,1621848271718,30,2,128,7038.25420131529,-995,90
1621848271738,1621848271848,110,3,404,30578.3565034923,-19309,63
1621848271858,1621848271868,10,-1,71,6954.33997182375,-1,-1
1621848271878,1621848271898,20,0,96,8153.32759592278,-6294,85
1621848271958,1621848272077,119,7,154,6819.46615066895,-7538,262
1621848272087,1621848272217,130,9,994,92719.010223743,-15411,90
1621848272307,1621848272417,110,16,1028,28522.8983383867,-92751,268
1621848272427,1621848272437,10,-1,49,3417.53667776876,-1,-1
1621848272447,1621848272537,90,3,1268,121212.395396877,-122977,110
1621848272577,1621848272597,20,0,37,1966.17692188951,-1,155
1621848272617,1621848272637,20,0,43,3183.0710484632,-1,301
1621848272647,1621848272657,10,-1,63,5564.56327299076,-1,-1
1621848272677,1621848272697,20,0,48,3547.1970906038,-1293,296
1621848272707,1621848272747,40,1,126,11933.0762834777,-4123,64
1621848272767,1621848272797,30,0,76,3585.59714064307,-1,52
1621848272807,1621848272817,10,-1,69,4815.69364407333,-1,-1
1621848272997,1621848273097,100,33,785,33566.7015875257,-22463,140
1621848273107,1621848273307,200,13,100,3482.21033071077,-2449,349
1621848273317,1621848273387,70,5,128,7029.93997732256,-4424,279
1621848273407,1621848273417,10,-1,36,2898.75882068132,-1,-1
1621848273427,1621848273507,80,2,40,928.854737163509,-744,59
1621848273577,1621848273647,70,15,547,35926.5610196981,-30078,270
1621848273727,1621848273746,19,0,34,844.458312079851,-191,102
1621848273756,1621848273776,20,0,38,1278.04425441971,-536,104
1621848273946,1621848274016,70,11,358,12643.1849921948,-25691,36
1621848274026,1621848274056,30,0,83,4946.10089616647,-1176,116
1621848274066,1621848274076,10,-1,95,7296.52410088177,-1,-1
1621848274086,1621848274226,140,14,493,44895.8906501941,-39489,140
1621848274366,1621848274396,30,2,121,7890.9757418075,-7327,131
1621848274406,1621848274496,90,3,55,1667.05049258508,-1590,274
1621848274566,1621848274586,20,0,49,2070.43172439154,-813,275
1621848274626,1621848274646,20,2,159,12408.3206322633,-1,30
1621848274656,1621848274746,90,18,650,30273.889190419,-28106,304
1621848274756,1621848274776,20,1,93,6665.51258235702,-1,260
1621848274796,1621848274816,20,0,46,2397.78363318903,-828,130
1621848274826,1621848274836,10,-1,30,2846.40034172287,-1,-1
1621848274866,1621848274886,20,1,68,3383.05909068282,-1,185
1621848274896,1621848274966,70,0,109,7060.77291506694,-4343,54
1621848275016,1621848275036,20,1,84,3869.95819178581,-1,304
1621848275046,1621848275086,40,1,71,5547.79015085049,-2568,231
1621848275096,1621848275156,60,18,1788,111263.178532147,-1718,67
1621848275266,1621848275286,20,1,413,-1.0,-34393,263
1621848275296,1621848275376,80,1,282,15379.1098611066,-13740,14
1621848275445,1621848275625,180,29,1097,58042.4524320157,-24496,274
1621848275795,1621848275815,20,1,105,-1.0,-4184,95
1621848275845,1621848275875,30,0,34,1224.5474733652,-438,107
1621848275895,1621848276105,210,28,410,26676.4150049075,-33380,164
1621848276155,1621848276165,10,-1,31,183.356332485925,-1,-1
1621848276185,1621848276235,50,6,233,10152.9457735807,-12610,228
1621848276385,1621848276415,30,1,77,4482.74173380908,-1503,47
1621848276425,1621848276435,10,-1,41,2096.90835034691,-1,-1
1621848276445,1621848276595,150,31,1128,40717.3697976186,-82672,354
1621848276615,1621848276735,120,2,354,23140.0018797142,-29058,203
1621848276895,1621848276905,10,-1,32,1611.16544436931,-1,-1
1621848276915,1621848277084,169,1,262,13594.4335672223,-16556,352
1621848277604,1621848277614,10,-1,46,1801.19125373071,-1,-1
1621848277744,1621848277844,100,32,537,21773.9078300572,-25585,167
1621848277864,1621848277874,10,-1,35,1563.49948528198,-1,-1
1621848278024,1621848278064,40,1,44,949.64192817582,-1,309
1621848278084,1621848278144,60,13,457,25916.0295985185,-13046,96
1621848278184,1621848278204,20,0,37,789.549997271916,-509,353
1621848278214,1621848278284,70,2,60,1582.79681412847,-1376,18
1621848278314,1621848278384,70,6,203,12872.7633231124,-8873,348
1621848278614,1621848278674,60,3,127,18.6699653509606,-6192,288
1621848278753,1621848278783,29,2,145,6382.59611221833,-1,151
1621848278893,1621848278953,60,3,178,11736.2262307357,-5867,279
1621848278963,1621848279003,40,2,137,8647.87316657784,-9108,250
1621848279013,1621848279033,20,0,90,7656.62906633494,-4723,255
1621848279093,1621848279103,10,-1,48,2576.70821448098,-1,-1
1621848279363,1621848279483,120,34,479,20566.4670736624,-15865,245
1621848279693,1621848279743,50,1,41,455.827558196162,-377,70
1621848280083,1621848280103,20,1,106,8523.07639868283,-2828,158
1621848280173,1621848280193,20,5,426,20602.6017258469,-1,359
1621848280293,1621848280442,149,11,639,35971.530256102,-56059,165
1621848280472,1621848280572,100,5,93,4006.03829379114,-2545,208
1621848280592,1621848280632,40,1,57,2064.4167024054,-2360,191
1621848280682,1621848280692,10,-1,46,1836.62804316387,-1,-1
1621848280732,1621848280752,20,0,44,2232.24827225426,-20,276
1621848280882,1621848280912,30,1,53,3133.34103807742,-289,87
1621848280922,1621848280932,10,-1,33,544.052388944407,-1,-1
1621848280942,1621848280952,10,-1,81,5451.76611879311,-1,-1
1621848280962,1621848280972,10,-1,61,3585.85729328041,-1,-1
1621848281002,1621848281012,10,-1,33,697.296270205924,-1,-1
1621848281052,1621848281092,40,2,100,6263.96528045865,-6143,307
1621848281202,1621848281252,50,1,84,4069.28752553986,-1,70
1621848281262,1621848281272,10,-1,71,5150.89455380139,-1,-1
1621848281342,1621848281412,70,4,226,8983.51096865728,-16456,260
1621848281422,1621848281452,30,0,35,796.371982428898,-173,254
1621848281522,1621848281662,140,35,987,61117.199925422,-30504,186
1621848281672,1621848281792,120,15,499,47880.7652417113,-29009,22
1621848281812,1621848281882,70,3,116,7373.33503648829,-6363,343
1621848281912,1621848282002,90,3,64,1374.3565083956,-1250,270
1621848282012,1621848282341,329,20,1092,64116.1438297215,-84546,11
1621848282391,1621848282431,40,2,84,3077.80956099927,-3242,230
1621848282471,1621848282531,60,3,167,5079.08974103489,-10553,269
1621848282561,1621848282591,30,1,68,4059.85526646868,-1756,125
1621848282761,1621848282851,90,3,42,2099.49190951268,-682,326
1621848282921,1621848282951,30,2,99,5850.01068939592,-2626,164
1621848283221,1621848283251,30,2,100,5013.74831969865,-1742,351
1621848283351,1621848283571,220,28,619,28160.5963374241,-28873,183
1621848283591,1621848283691,100,11,225,12761.6132781211,-9183,16
1621848283701,1621848283711,10,-1,42,1825.59757369915,-1,-1
1621848283721,1621848283731,10,-1,33,2816.10047504739,-1,-1
1621848283790,1621848283880,90,3,87,2052.11377243186,-1362,82
1621848283890,1621848284010,120,38,780,43361.0486231352,-31840,20
1621848284020,1621848284240,220,35,403,16807.7532808313,-8302,223
1621848284250,1621848284360,110,2,79,4855.08924987548,-4061,315
1621848284380,1621848284400,20,0,44,1451.41781585028,-1,53
1621848284410,1621848284450,40,2,97,7188.09258366143,-5870,79
1621848284460,1621848284490,30,2,114,5927.62644571747,-3082,67
1621848284530,1621848284560,30,2,118,9859.11144183333,-6285,83
1621848284600,1621848284630,30,4,228,12634.0598365889,-1,279
1621848284800,1621848284830,30,1,51,1905.36296139259,-1,97
1621848284960,1621848284970,10,-1,30,605.135013751547,-1,-1
1621848285240,1621848285250,10,-1,45,3068.75781779387,-1,-1
1621848285260,1621848285579,319,31,1516,82288.9443122507,-69974,119
1621848285589,1621848285739,150,6,76,3837.31744981886,-2715,307
1621848285959,1621848286029,70,14,332,16600.7104797414,-25408,275
1621848286109,1621848286139,30,1,68,3836.34698065381,-1579,98
1621848286149,1621848286249,100,12,449,22434.1764480835,-20457,105
1621848286299,1621848286359,60,2,90,3738.87440307684,-2520,270
1621848286519,1621848286549,30,0,63,3006.68120161959,-1,119
1621848286559,1621848286569,10,-1,89,8465.88322077457,-1,-1
1621848286599,1621848286639,40,0,87,7580.43765941272,-5597,26
1621848286839,1621848286939,100,34,575,19009.0173022914,-28619,229
1621848286949,1621848286959,10,-1,167,14322.5247486772,-1,-1
1621848287138,1621848287178,40,2,91,2152.21195172235,-4940,341
1621848287198,1621848287238,40,1,62,1427.5766228637,-2041,25
1621848287538,1621848287558,20,0,45,2207.43865794153,-506,175
1621848287668,1621848287678,10,-1,30,2710.42371897933,-1,-1
1621848287878,1621848288188,310,18,545,29815.9359510296,-40170,14
1621848288278,1621848288308,30,1,174,14479.9161509958,-12172,234
1621848288318,1621848288348,30,0,301,28829.412234428,-26244,217
1621848288418,1621848288428,10,-1,30,372.253308846113,-1,-1
1621848288488,1621848288498,10,-1,30,438.731768543542,-1,-1
1621848288548,1621848288578,30,1,79,3319.90456364781,-2319,147
1621848288668,1621848288817,149,8,88,3598.64242182079,-3804,276
1621848288837,1621848288897,60,1,94,4512.49351636439,-2574,77
1621848289027,1621848289097,70,0,89,4987.86839315595,-4714,320
1621848289117,1621848289127,10,-1,31,482.154252788977,-1,-1
1621848289197,1621848289227,30,0,66,4334.94761956454,-2344,180
1621848289507,1621848289517,10,-1,32,1291.11670736662,-1,-1
1621848289527,1621848289577,50,2,86,3271.11288758392,-2562,58
1621848289687,1621848289697,10,-1,38,1623.73973191206,-1,-1
1621848289737,1621848289867,130,8,114,4295.31328145769,-8174,7
1621848289877,1621848289897,20,0,89,6977.07213116611,-4791,0
1621848289967,1621848289997,30,1,45,1086.64782008794,-1040,116
1621848290007,1621848290087,80,3,138,5236.13027925597,-9286,108
1621848290117,1621848290157,40,3,152,8661.26088848525,-11898,79
1621848290217,1621848290457,240,29,1038,62247.3800774504,-68003,188
1621848290616,1621848290626,10,-1,62,3982.90184618221,-1,-1
1621848290686,1621848291096,410,11,1417,122939.522489182,-124880,326
1621848291126,1621848291186,60,3,193,11405.5622102788,-12283,279
1621848291506,1621848291516,10,-1,35,-1.0,-1,-1
1621848291536,1621848291556,20,1,71,3002.71757653636,-1,66
1621848291576,1621848291666,90,4,162,6056.97270698563,-9633,65
1621848291936,1621848292235,299,16,517,29231.0038026629,-33451,170
1621848292245,1621848292255,10,-1,34,2676.43869598994,-1,-1
1621848292425,1621848292475,50,2,62,2382.21567856832,-10,131
1621848292505,1621848292805,300,24,586,31119.4407444542,-26392,5
1621848292815,1621848292865,50,2,100,6304.85568208454,-4281,234
1621848292905,1621848292945,40,1,55,1430.00412275945,-1227,244
1621848292955,1621848293035,80,1,122,5480.83455093805,-8657,246
1621848293105,1621848293145,40,0,66,3122.69491673691,-1869,243
1621848293385,1621848293405,20,0,68,4105.95440486731,-2700,273
1621848293425,1621848293785,360,14,461,28074.7864702324,-18690,198
1621848293834,1621848293854,20,0,53,3458.82696728551,-1145,119
1621848293874,1621848294154,280,15,688,31810.3588333154,-49471,23
1621848294174,1621848294284,110,4,236,14567.7572326219,-19488,116
1621848294314,1621848294324,10,-1,45,2017.72417435164,-1,-1
1621848294374,1621848294414,40,1,59,1587.00662536938,-1,254
1621848294434,1621848294484,50,2,57,3327.12844674836,-1262,251
1621848294534,1621848294554,20,0,43,2913.27699858349,-1,175
1621848294594,1621848294644,50,2,92,2827.51431563029,-1674,79
1621848294834,1621848294844,10,-1,85,7634.3225156473,-1,-1
1621848294854,1621848294894,40,1,72,4352.25866402026,-1426,226
1621848294974,1621848295034,60,2,58,1438.78758188988,-1385,90
1621848295044,1621848295064,20,0,38,1302.61267627413,-212,70
1621848295094,1621848295254,160,14,451,32774.7501440712,-28564,28
1621848295274,1621848295384,110,12,813,75220.3385837779,-56330,198
1621848295434,1621848295733,299,22,489,16963.7991814336,-21618,189
1621848295773,1621848296043,270,19,745,38846.3549424761,-23729,13
1621848296053,1621848296173,120,4,83,2395.25702680983,-3215,294
1621848296193,1621848296313,120,6,83,3062.19746144471,-2637,194
1621848296383,1621848296743,360,6,990,80116.1925818149,-83208,184
1621848296753,1621848296763,10,-1,83,5445.38927981549,-1,-1
1621848296783,1621848296943,160,19,233,12926.2506610421,-13390,359
1621848296953,1621848297033,80,4,74,5167.58777239481,-2580,134
1621848297043,1621848297093,50,4,131,6636.50442048757,-10034,141
1621848297113,1621848297133,20,0,35,1395.8909468472,-425,135
1621848297143,1621848297242,99,5,177,9086.30525314521,-1747,253
1621848297252,1621848297272,20,1,118,9808.44206110573,-6316,270
1621848297292,1621848297312,20,2,173,8063.10477444668,-1,267
1621848297322,1621848297352,30,2,202,17508.6655499661,-8723,87
1621848297372,1621848297412,40,1,57,1354.31019424722,-2639,93
1621848297612,1621848297662,50,0,95,5367.85604392573,-5471,71
1621848297672,1621848297702,30,1,108,5058.77197694595,-1,143
1621848297712,1621848297752,40,1,61,3150.49866787711,-2515,270
1621848297772,1621848297782,10,-1,39,1873.19693878701,-1,-1
1621848297852,1621848297932,80,2,123,7855.17147403396,-8296,29
1621848298072,1621848298082,10,-1,33,1228.69862062229,-1,-1
1621848298102,1621848298122,20,1,77,5170.78031924695,-1,90
1621848298182,1621848298222,40,5,282,14639.5451923471,-17754,271
1621848298242,1621848298372,130,1,549,49001.0653904905,-47874,159
1621848298392,1621848298442,50,0,136,6103.90871410038,-1044,42
1621848298462,1621848298482,20,1,216,14641.7555552739,-1,65
1621848298572,1621848298622,50,6,206,6381.95707809638,-11284,261
1621848298642,1621848298702,60,1,157,9325.50500992611,-2755,98
1621848298852,1621848299001,149,1,2591,224653.489561988,-94945,351
1621848299141,1621848299151,10,-1,46,2267.41315826551,-1,-1
1621848299241,1621848299301,60,13,486,25499.137469609,-35467,300
1621848299311,1621848299321,10,-1,38,955.396087710205,-1,-1
1621848299631,1621848299791,160,1,513,29989.7374438581,-33409,284
1621848300201,1621848300231,30,1,84,3976.44252960295,-4356,344
1621848300411,1621848300421,10,-1,42,4259.64810239849,-1,-1
1621848300431,1621848300451,20,10,1555,103656.583686235,-1,141
1621848300550,1621848300600,50,5,892,3805.02378027154,-56592,265
1621848301220,1621848301400,180,2,846,59866.8641886511,-38397,127
1621848301470,1621848301500,30,1,75,3276.31727494931,-4453,285
1621848301540,1621848301560,20,0,34,3404.97329173196,-278,293
1621848301580,1621848301710,130,9,112,4703.13741195875,-4866,91
1621848301750,1621848301890,140,12,234,9863.73152112035,-9873,267
1621848301900,1621848301930,30,1,91,7013.81614075877,-1114,131
1621848301940,1621848302050,110,10,142,6931.34422818057,-3202,84
1621848302110,1621848302239,129,8,197,12407.7607021708,-12453,280
1621848302339,1621848302419,80,2,187,14698.665785436,-11161,243
1621848302479,1621848302529,50,2,66,2852.46339785472,-2179,261
1621848302799,1621848302819,20,0,238,20120.9953161928,-1,54
1621848302919,1621848302969,50,8,377,13794.064517122,-22948,264
1621848303259,1621848303279,20,0,62,3764.0644486751,-29,139
1621848303659,1621848303679,20,2,521,42680.4724427965,-1,76
1621848303779,1621848303809,30,13,605,43043.1832072086,-17534,258
1621848304248,1621848304258,10,-1,30,1393.74059406831,-1,-1
1621848304298,1621848304308,10,-1,37,1252.6860534402,-1,-1
1621848304358,1621848304378,20,1,63,5179.58049489938,-1,326
1621848304388,1621848304568,180,1,1531,82680.0205913908,-88600,258
1621848304868,1621848304878,10,-1,36,1662.31351508666,-1,-1
1621848304918,1621848304948,30,3,129,5989.34389318823,-1302,99
1621848304958,1621848304978,20,1,121,9495.31408368089,-4857,281
1621848304998,1621848305038,40,1,49,1983.53271802453,-422,96
1621848305118,1621848305128,10,-1,39,2338.82677489529,-1,-1
1621848305138,1621848305218,80,2,240,14407.2252369402,-15608,170
1621848305238,1621848305358,120,2,154,10522.1273054907,-11680,92
1621848305398,1621848305418,20,0,55,3236.67478651005,-2018,262
1621848305428,1621848305528,100,6,905,44443.322258031,-55356,231
1621848305627,1621848305647,20,0,37,116.895253142543,-1,63
1621848305657,1621848305667,10,-1,30,647.406389178194,-1,-1
1621848305727,1621848305737,10,-1,39,3132.85472943469,-1,-1
1621848305747,1621848305777,30,0,44,2171.2696625413,-389,25
1621848305837,1621848305947,110,1,67,4546.63238424519,-2737,281
1621848306037,1621848306047,10,-1,31,257.63673082999,-1,-1
1621848306107,1621848306117,10,-1,53,4666.19203791158,-1,-1
1621848306177,1621848306237,60,2,206,12066.221310577,-13507,272
1621848306337,1621848306357,20,0,70,3503.27023517772,-1,58
1621848306467,1621848306497,30,3,218,-1.0,-8130,264
1621848306787,1621848306797,10,-1,33,1684.73611469042,-1,-1
1621848307077,1621848307097,20,0,92,-1.0,-4587,285
1621848307266,1621848307316,50,16,863,47387.3974252958,-1,55
1621848307416,1621848307446,30,1,285,-1.0,-22787,208
1621848307486,1621848307566,80,0,359,32660.1513791087,-27665,312
1621848307676,1621848307696,20,0,35,1668.85987801701,-1,105
1621848307716,1621848307736,20,1,115,6421.89658283874,-1,81
1621848307746,1621848307796,50,2,89,5561.54196408114,-3229,276
1621848307826,1621848307836,10,-1,38,1481.61587860058,-1,-1
1621848308236,1621848308246,10,-1,45,3812.58040367515,-1,-1
1621848308995,1621848309155,160,1,861,28966.6821304269,-40126,26
1621848309265,1621848309285,20,0,74,4367.19529383544,-1,77
1621848309295,1621848309305,10,-1,81,7594.50238611573,-1,-1
1621848309705,1621848309765,60,4,165,8532.35974552916,-6747,95
1621848309795,1621848309815,20,0,65,4490.67716986685,-2242,90
1621848309925,1621848309965,40,1,235,19242.9038130531,-10265,240
1621848310055,1621848310115,60,4,154,2173.35791739258,-4839,359
1621848310165,1621848310175,10,-1,32,837.144547338705,-1,-1
1621848310365,1621848310375,10,-1,36,1924.04091340806,-1,-1
1621848310395,1621848310435,40,2,67,3113.38837414851,-2083,174
1621848310555,1621848310575,20,1,102,7556.78981115945,-2997,42
1621848310714,1621848310744,30,1,68,2953.34396038473,-179,303
1621848310784,1621848310804,20,0,62,4377.28613319086,-1,98
1621848310934,1621848310954,20,0,232,-1.0,-17552,341
1621848310964,1621848310984,20,0,37,1873.04669778151,-1,102
1621848311484,1621848311524,40,3,126,7066.81958423724,-2501,138
1621848311534,1621848311554,20,1,151,12284.9404932589,-8099,282
1621848311854,1621848311864,10,-1,47,2138.03871173714,-1,-1
1621848311894,1621848311904,10,-1,668,64629.1859303698,-1,-1
1621848312004,1621848312064,60,14,640,1579.42344558326,-32024,232
1621848312074,1621848312084,10,-1,40,2484.98234173783,-1,-1
1621848312204,1621848312224,20,0,34,1267.39260308095,-1,282
1621848312383,1621848312513,130,4,84,6432.73416025909,-5094,103
1621848312543,1621848312783,240,1,1058,71976.8834094781,-45277,253
1621848312793,1621848312803,10,-1,51,2360.79323232447,-1,-1
1621848312913,1621848312933,20,0,39,2184.76776738454,-689,84
1621848313013,1621848313023,10,-1,31,943.981827155926,-1,-1
1621848313243,1621848313263,20,6,761,42806.1661120752,-1,90
1621848313363,1621848313433,70,11,294,8535.81305646376,-20271,294
1621848313443,1621848313453,10,-1,44,2098.36639238578,-1,-1
1621848313463,1621848313473,10,-1,31,304.662436087788,-1,-1
1621848313913,1621848313923,10,-1,78,7176.44207249073,-1,-1
1621848313952,1621848313962,10,-1,32,1472.5228542439,-1,-1
1621848314012,1621848314082,70,1,506,35540.3343601873,-39238,308
1621848314092,1621848314142,50,3,170,9133.126688211,-7232,108
1621848314222,1621848314242,20,1,218,14883.4953633195,-1,73
1621848314332,1621848314412,80,10,320,6502.78544334613,-13268,254
1621848314582,1621848314602,20,1,74,3887.45896849607,-1,258
1621848314962,1621848315002,40,1,85,5025.8518078005,-5364,162
1621848315242,1621848315322,80,0,234,11317.4921596386,-1,262
1621848315332,1621848315352,20,1,137,10970.031165842,-6484,29
1621848315372,1621848315462,90,1,63,3052.65297132288,-1244,270
1621848315512,1621848315711,199,0,1538,80234.6803140214,-83237,74
1621848315851,1621848316101,250,20,142,4449.08549052381,-4950,87
1621848316151,1621848316181,30,1,73,4556.67513307926,-1814,57
1621848316321,1621848316531,210,20,804,21734.5726844653,-67109,271
1621848316591,1621848316671,80,4,2162,212093.273436986,-2246,94
1621848316901,1621848317061,160,4,1140,68796.2571501381,-110546,64
1621848317071,1621848317131,60,1,99,4075.79729462441,-1846,122
1621848317141,1621848317151,10,-1,41,1850.23353571685,-1,-1
1621848317201,1621848317280,79,4,76,3141.08399023642,-1647,273
1621848317340,1621848317430,90,2,114,6433.56783813067,-3809,74
1621848317530,1621848317620,90,10,921,17676.2418468836,-73938,320
1621848317630,1621848317640,10,-1,31,1197.48482191551,-1,-1
1621848317650,1621848317670,20,0,57,2127.71987261263,-1,65
1621848317770,1621848317800,30,0,35,720.996541939332,-502,266
1621848317940,1621848317960,20,1,75,5452.12283718929,-2835,92
1621848318040,1621848318050,10,-1,45,1935.79119897257,-1,-1
1621848318070,1621848318110,40,20,1031,65831.1259360037,-8307,124
1621848318380,1621848318490,110,29,1042,31702.2402410424,-48798,216
1621848318630,1621848318660,30,0,826,81607.3533973625,-79259,143
1621848318730,1621848318810,80,4,108,8587.39088017628,-4243,266
1621848319039,1621848319069,30,1,65,4085.47353301476,-3374,344
1621848319539,1621848319599,60,19,380,16965.6159165341,-56,131
1621848319699,1621848319749,50,10,400,-1.0,-14196,300
1621848319759,1621848319769,10,-1,30,1356.61613900219,-1,-1
1621848320609,1621848320628,19,0,62,4309.5182082778,-1,153
1621848320928,1621848320948,20,0,38,2966.52692756668,-616,292
1621848321008,1621848321078,70,3,56,2573.97886811196,-1607,80
1621848321758,1621848321938,180,0,1555,110194.26912635,-96209,90
1621848322138,1621848322258,120,7,98,2917.47364420513,-454,89
1621848322268,1621848322278,10,-1,31,2298.64663947829,-1,-1
1621848322637,1621848322677,40,5,190,301.291117590392,-1,151
1621848322687,1621848322807,120,14,272,21043.1162185377,-18899,268
1621848322877,1621848322997,120,7,111,3243.60639725876,-5425,99
1621848323157,1621848323197,40,1,56,1411.31156847014,-1671,270
1621848323217,1621848323237,20,0,34,948.000409274375,-1,277
1621848323317,1621848323347,30,10,493,39250.2321532539,-3214,93
1621848323437,1621848323517,80,13,564,31860.3411123355,-25854,261
1621848323527,1621848323547,20,2,113,8947.45822497568,-1933,278
1621848323697,1621848323757,60,2,59,1474.19341061305,-2163,88
1621848323777,1621848323787,10,-1,33,1954.59683349781,-1,-1
1621848323807,1621848323817,10,-1,37,1777.78494121624,-1,-1
1621848324036,1621848324106,70,2,80,5004.03286995864,-2320,23
1621848324216,1621848324266,50,21,1693,95610.940436205,-68,138
1621848324356,1621848324516,160,9,914,10329.1408189298,-59580,284
1621848324526,1621848324566,40,1,55,2876.53713684725,-1934,91
1621848324636,1621848324666,30,1,76,3485.19006442708,-3202,271
1621848325016,1621848325026,10,-1,38,2660.54300186453,-1,-1
1621848325076,1621848325096,20,0,71,3300.20256484616,-1,266
1621848325106,1621848325336,230,0,1893,126703.38484476,-114005,183
1621848325446,1621848325466,20,0,59,3575.01027972069,-2352,93
1621848325955,1621848325975,20,0,43,2448.37585012764,-81,146
1621848326065,1621848326245,180,1,1442,88096.3139865433,-101967,88
1621848326415,1621848326425,10,-1,32,902.478485475472,-1,-1
1621848326885,1621848326895,10,-1,33,996.597561096192,-1,-1
1621848326905,1621848326915,10,-1,35,3207.19363620878,-1,-1
1621848327055,1621848327095,40,1,199,14564.8063491798,-14997,83
1621848327105,1621848327115,10,-1,85,7789.45859401871,-1,-1
1621848327125,1621848327135,10,-1,118,9192.66467060386,-1,-1
1621848327155,1621848327175,20,4,340,15875.2116263518,-1,63
1621848327305,1621848327354,49,4,257,2462.58892367483,-17012,262
1621848327404,1621848327414,10,-1,31,1874.66372104021,-1,-1
1621848327434,1621848327474,40,1,111,4864.85005584714,-7451,263
1621848327664,1621848327754,90,12,675,55964.537038995,-43185,261
1621848327954,1621848328114,160,6,111,7312.82975806812,-7958,80
1621848328164,1621848328174,10,-1,218,21284.5051988167,-1,-1
1621848328184,1621848328344,160,9,275,25230.9815949953,-20768,268
1621848328354,1621848328424,70,3,196,10359.6200847537,-7708,285
1621848328434,1621848328494,60,3,141,8915.92273769587,-6355,76
1621848328504,1621848328524,20,1,80,5403.64328531107,-1690,61
1621848328534,1621848328554,20,0,50,2211.50473257648,-658,98
1621848328624,1621848328764,140,7,186,10561.7645044289,-14246,262
1621848328804,1621848328814,10,-1,32,2057.95718473986,-1,-1
1621848328824,1621848328874,50,4,684,63429.1756186852,-53718,100
1621848328884,1621848328904,20,0,37,1292.95609237878,-209,95
1621848328914,1621848328924,10,-1,33,425.363959157535,-1,-1
1621848328974,1621848329073,99,33,569,33921.7961141925,-31378,160
1621848329083,1621848329283,200,7,99,4099.86142230544,-2514,7
1621848329303,1621848329473,170,8,71,1811.38426051339,-1823,309
1621848329523,1621848329573,50,2,66,2661.33948855945,-1752,71
1621848329633,1621848329683,50,9,355,18461.2462655948,-20055,96
1621848329703,1621848329783,80,2,46,1555.23773369102,-936,278
1621848329793,1621848329813,20,0,31,252.656981595531,-1,278
1621848330033,1621848330103,70,8,237,8934.67996559616,-10816,279
1621848330253,1621848330313,60,10,428,22209.8377985832,-20357,103
1621848330643,1621848330702,59,6,459,24614.9128754106,-1,47
1621848330802,1621848330862,60,11,671,45136.2527814347,-56822,295
1621848330872,1621848330902,30,1,55,2749.02182428672,-853,158
1621848330922,1621848330972,50,3,994,87672.1019471824,-94781,60
1621848330982,1621848331002,20,0,38,1043.38614510664,-452,270
1621848331062,1621848331102,40,3,241,23892.5097644333,-11772,231
1621848331112,1621848331122,10,-1,43,2198.18183734428,-1,-1
1621848331142,1621848331152,10,-1,48,2053.22877868122,-1,-1
1621848331192,1621848331212,20,0,40,2004.41501888839,-875,90
1621848331232,1621848331242,10,-1,30,1042.71755073695,-1,-1
1621848331272,1621848331282,10,-1,30,2124.9618652692,-1,-1
1621848331302,1621848331332,30,1,45,1822.07505996745,-1477,248
1621848331342,1621848331352,10,-1,34,1099.59294091633,-1,-1
1621848331492,1621848331512,20,0,46,3941.09922332817,-57,349
1621848331562,1621848331742,180,2,540,24216.5393682921,-29714,349
1621848331752,1621848331762,10,-1,39,2349.35546034492,-1,-1
1621848331772,1621848331792,20,0,55,1494.51003414089,-1,151
1621848332012,1621848332042,30,2,128,5783.97276759356,-7361,241
1621848332062,1621848332102,40,1,48,3585.12492698381,-5,90
1621848332122,1621848332132,10,-1,35,1998.4047192771,-1,-1
1621848332162,1621848332212,50,0,157,13618.3024790648,-7935,154
1621848332242,1621848332302,60,0,314,26825.1468396251,-2273,22
1621848332312,1621848332322,10,-1,307,28257.7925215466,-1,-1
1621848332521,1621848332531,10,-1,43,2332.88418636895,-1,-1
1621848332541,1621848332561,20,0,47,1167.12131468202,-1,237
1621848332661,1621848332901,240,32,995,69578.8721969636,-57957,128
1621848332911,1621848332991,80,2,212,13995.4482083174,-10627,50
1621848333001,1621848333061,60,1,92,6579.32255499143,-4818,346
1621848333101,1621848333321,220,17,226,14439.3648775615,-13375,272
1621848333481,1621848333531,50,11,471,22262.5860615207,-23322,111
1621848333811,1621848333821,10,-1,33,612.286442580941,-1,-1
1621848334150,1621848334310,160,0,625,33015.305580423,-30560,116
1621848334320,1621848334330,10,-1,31,2755.91336714095,-1,-1
1621848334420,1621848334560,140,7,125,8378.77876645234,-5160,286
1621848334570,1621848334650,80,5,95,3791.91987257284,-2340,103
1621848334740,1621848334790,50,2,77,3974.79963053651,-4442,272
1621848334850,1621848334900,50,7,301,19743.423613454,-17325,103
1621848335050,1621848335080,30,1,88,4057.94334383429,-5171,95
1621848335310,1621848335330,20,0,42,3144.62974251485,-919,131
1621848335370,1621848335380,10,-1,31,1296.13204410395,-1,-1
1621848335390,1621848335400,10,-1,31,1802.47252450265,-1,-1
1621848335410,1621848335510,100,23,363,16951.9723592622,-12424,251
1621848335989,1621848335999,10,-1,348,-1.0,-1,-1
1621848336009,1621848336239,230,18,314,15695.2142825508,-17487,177
1621848336349,1621848336359,10,-1,39,2058.64959450486,-1,-1
1621848336699,1621848336709,10,-1,82,6184.72684698845,-1,-1
1621848336829,1621848337179,350,14,562,27667.6404291938,-20681,186
1621848337189,1621848337219,30,1,75,5839.62109524803,-3731,199
1621848337378,1621848337488,110,4,59,1712.36259210228,-1715,214
1621848337598,1621848337648,50,1,42,921.601595361158,-933,23
1621848337698,1621848337918,220,35,1044,60906.9164982884,-83909,18
1621848337928,1621848338138,210,11,197,15606.8780705927,-10375,184
1621848338178,1621848338198,20,0,39,1249.32294399788,-1,255
1621848338228,1621848338238,10,-1,32,1008.34855651151,-1,-1
1621848338618,1621848338638,20,0,46,3829.59588349741,-451,344
1621848338788,1621848338828,40,7,348,26974.9471512881,-6612,118
1621848338888,1621848338958,70,7,417,37720.8665424732,-22273,291
1621848338968,1621848338978,10,-1,63,3584.80666051169,-1,-1
1621848338988,1621848339018,30,1,60,1958.35862659065,-1,264
1621848339047,1621848339057,10,-1,33,1028.85814166779,-1,-1
1621848339107,1621848339137,30,1,311,27652.0980720388,-22110,43
1621848339147,1621848339277,130,9,700,60295.0363222453,-52857,50
1621848339287,1621848339347,60,1,75,6678.74906426437,-3312,241
1621848339397,1621848339427,30,1,109,5794.17901829744,-1,240
1621848339467,1621848339507,40,2,109,5238.34793021374,-3703,83
1621848339557,1621848339847,290,28,519,23456.0125164539,-17021,204
1621848339857,1621848339887,30,1,47,1297.36202973891,-1321,286
1621848339937,1621848339947,10,-1,38,2644.54241519146,-1,-1
1621848339957,1621848339967,10,-1,37,2976.07619468559,-1,-1
1621848340087,1621848340147,60,1,147,8915.88876653497,-6891,244
1621848340157,1621848340167,10,-1,34,2493.02810241249,-1,-1
1621848340277,1621848340617,340,33,519,24329.662690822,-33355,17
1621848340627,1621848340706,79,3,48,1529.87741046434,-1660,152
1621848340746,1621848340826,80,5,118,6472.58855038743,-2023,208
1621848340836,1621848340856,20,0,56,2690.70480112279,-2451,248
1621848340876,1621848340896,20,0,49,2533.54147585813,-1354,241
1621848340906,1621848340916,10,-1,39,3009.46561110691,-1,-1
1621848340936,1621848340946,10,-1,40,3154.4098577784,-1,-1
1621848340956,1621848340976,20,0,54,2216.28987550627,-1,74
1621848341026,1621848341036,10,-1,38,2590.42240822937,-1,-1
1621848341096,1621848341116,20,2,124,11363.1976767315,-1793,275
1621848341126,1621848341186,60,1,82,4975.70712877054,-2416,258
1621848341386,1621848341416,30,1,87,5989.84469100216,-3190,164
1621848341666,1621848341706,40,2,97,3019.67557019298,-5706,27
1621848341836,1621848341886,50,1,53,1660.58088181802,-1884,311
1621848342036,1621848342056,20,1,88,6625.00496366293,-1050,14
1621848342066,1621848342076,10,-1,41,2729.1472486197,-1,-1
1621848342086,1621848342106,20,0,42,1856.52252921113,-514,111
1621848342136,1621848342146,10,-1,35,1416.90852203035,-1,-1
1621848342266,1621848342326,60,0,91,5686.38905024159,-5195,341
1621848342336,1621848342346,10,-1,67,4139.34598985936,-1,-1
1621848342575,1621848342585,10,-1,31,1228.38965368876,-1,-1
1621848342595,1621848342775,180,30,547,48607.3365946867,-31058,126
1621848342595,1621848342775,180,30,547,48607.3365946867,-31058,126
1621848342795,1621848342875,80,1,132,7537.57131393111,-6665,317
1621848342895,1621848342935,40,1,75,3662.48370620619,-2811,325
1621848342955,1621848342965,10,-1,36,1210.89064985166,-1,-1
1621848343055,1621848343265,210,35,516,25328.4588566893,-26843,308
1621848343275,1621848343365,90,4,109,3202.00887785711,-3957,207
1621848343415,1621848343725,310,14,682,51210.2032685685,-63757,182
1621848343735,1621848343835,100,4,99,3455.56302960758,-2278,31
1621848343885,1621848344045,160,7,446,39894.6222840301,-34089,218
1621848344054,1621848344064,9,-1,31,719.629988614278,-1,-1
1621848344074,1621848344094,20,1,61,4219.92956799427,-1609,77
1621848344104,1621848344124,20,0,36,727.504702410525,-1,158
1621848344134,1621848344184,50,0,143,11434.4515701268,-6594,221
1621848344204,1621848344214,10,-1,108,9957.64272594833,-1,-1
1621848344414,1621848344604,190,15,637,32232.7576210976,-59549,158
1621848344614,1621848344674,60,1,37,1005.14754918965,-108,176
1621848344774,1621848344894,120,26,635,32866.3192987298,-25615,138
1621848344904,1621848344924,20,0,46,1687.31564164443,-373,309
1621848344944,1621848344974,30,0,38,918.845996363374,-1,307
1621848345044,1621848345094,50,1,41,984.147239912143,-361,315
1621848345104,1621848345134,30,5,275,15468.3712246571,-10679,108
1621848345144,1621848345164,20,0,54,3035.90954830387,-1077,93
1621848345174,1621848345204,30,0,46,969.79923297853,-1,293
1621848345264,1621848345474,210,37,1026,96810.170925475,-96357,320
1621848345484,1621848345634,150,12,236,12359.0655071216,-14208,178
1621848345644,1621848346043,399,6,1651,120974.678904917,-135015,175
1621848346113,1621848346143,30,0,45,1327.76579507524,-1,240
1621848346153,1621848346223,70,3,71,2315.30055796269,-561,130
1621848346243,1621848346433,190,14,862,65356.4882349442,-33685,113
1621848346453,1621848346493,40,2,75,2967.06120156464,-1778,181
1621848346663,1621848346853,190,4,1896,89153.3621501555,-103751,222
1621848346913,1621848346993,80,3,60,1773.59179720371,-696,281
1621848347063,1621848347083,20,0,36,2135.23170641789,-3,302
1621848347103,1621848347113,10,-1,30,113.344080919843,-1,-1
1621848347133,1621848347532,399,22,1001,37687.44536338,-63193,347
1621848347552,1621848347572,20,0,46,2582.26589647509,-1,210
1621848347642,1621848347662,20,1,201,14543.8060499778,-1,218
1621848348472,1621848348502,30,1,82,-1.0,-3363,271
1621848348532,1621848348562,30,0,42,2279.15966042701,-167,312
1621848348582,1621848348732,150,5,421,32188.7346451635,-12999,295
1621848349431,1621848349441,10,-1,109,-1.0,-1,-1
1621848349631,1621848349691,60,4,122,8957.04871216767,-3391,162
1621848486089,1621848486219,130,7,398,21634.3288822182,-29603,180
1621848488848,1621848488898,50,11,410,1580.2016638105,-15757,32
1621848488948,1621848489028,80,4,88,3550.33833189281,-3202,256
1621848489048,1621848489098,50,3,90,2865.75218465682,-5379,93
1621848489108,1621848489118,10,-1,33,1173.96744586863,-1,-1
1621848489148,1621848489258,110,5,93,3528.79191472149,-3582,281
1621848490147,1621848490187,40,10,590,-1.0,-27177,74
1621848490267,1621848490397,130,9,382,23734.473198348,-17653,25
1621848490427,1621848490477,50,5,278,16204.2709378702,-16510,344
1621848490517,1621848490597,80,8,737,32305.6776698037,-732,355
1621848490687,1621848490877,190,12,458,27871.8144126472,-25469,96
1621848490897,1621848490927,30,1,65,2678.74362019521,-3158,191
1621848490937,1621848490947,10,-1,34,564.049234660348,-1,-1
1621848491056,1621848491086,30,2,96,6958.60734616284,-4871,290
1621848491156,1621848491176,20,1,165,11532.3981965998,-1,198
1621848491186,1621848491206,20,1,192,17774.3323168154,-11392,21
1621848491216,1621848491226,10,-1,73,5344.51901380165,-1,-1
1621848491366,1621848491446,80,11,695,16132.8042480102,-28139,224
1621848491516,1621848491616,100,8,527,45420.0283348562,-44885,219
1621848491656,1621848491686,30,0,33,475.531852234493,-269,30
1621848491706,1621848491776,70,6,400,25557.1758419541,-21968,355
1621848491836,1621848491916,80,13,373,23034.2867109612,-18195,238
1621848492006,1621848492096,90,26,695,21344.319225869,-42201,141
1621848492176,1621848492236,60,9,288,14110.9837036785,-12213,42
1621848492516,1621848492566,50,2,72,3626.16199411283,-2331,335
1621848492815,1621848492825,10,-1,34,523.528515271438,-1,-1
1621848492945,1621848492955,10,-1,30,723.647731733031,-1,-1
1621848492995,1621848493105,110,4,62,2977.9256500326,-2173,17
1621848493125,1621848493135,10,-1,31,780.464829088008,-1,-1
1621848493195,1621848493245,50,10,352,19524.0704445056,-16178,211
1621848493325,1621848493465,140,22,574,28533.9645963959,-20689,17
1621848493565,1621848493585,20,0,47,2384.42713585793,-1231,32
1621848493805,1621848494125,320,19,1004,49795.5258464195,-52890,207
1621848494135,1621848494295,160,5,644,36656.8070745568,-33629,273
1621848495114,1621848495134,20,0,147,-1.0,-11197,48
1621848495474,1621848495534,60,9,319,16038.6697275448,-18121,115
1621848495874,1621848495924,50,8,299,16930.9557756229,-12399,148
1621848496153,1621848496253,100,13,580,30670.6713401653,-39001,24
1621848496293,1621848496573,280,50,902,38457.7532431502,-32783,35
1621848496963,1621848496973,10,-1,155,-1.0,-1,-1
1621848496983,1621848497193,210,10,290,18306.9078074182,-15755,242
1621848497203,1621848497223,20,0,33,740.791078925195,-1,219
1621848497353,1621848497423,70,2,280,23248.3200439907,-23355,244
1621848497433,1621848497473,40,1,46,1067.15588225154,-1399,226
1621848497493,1621848497543,50,3,107,4734.82537756551,-2932,180
1621848497573,1621848497603,30,1,93,7035.54155874891,-3116,303
1621848497702,1621848497802,100,1,363,24781.1880537853,-17584,267
1621848497952,1621848497972,20,1,263,17358.7050749431,-1,266
1621848498062,1621848498082,20,0,89,-1.0,-4135,7
1621848498112,1621848498172,60,0,499,29978.6527642384,-37545,309
1621848498612,1621848498662,50,4,154,9983.96805600903,-8376,204
1621848499112,1621848499142,30,2,111,5385.69402313837,-4271,195
1621848499511,1621848499551,40,4,334,11816.2922895249,-2352,84
1621848499641,1621848500061,420,9,1167,85109.8824597244,-82088,298
1621848500071,1621848500321,250,11,175,10207.4774607592,-5724,17
1621848500341,1621848500601,260,15,425,18700.6111018319,-12637,250
1621848501160,1621848501220,60,3,101,5048.43962125872,-4693,95
1621848501300,1621848501320,20,0,40,938.815363490479,-1,119
1621848501660,1621848501700,40,2,740,60312.4360298161,-69809,104
1621848501730,1621848501750,20,0,34,931.030238316649,-1,80
1621848501760,1621848501770,10,-1,32,500.954235662724,-1,-1
1621848501780,1621848501800,20,1,77,5778.99234115414,-3117,272
1621848501860,1621848501890,30,0,36,840.813900231666,-616,61
1621848502080,1621848502100,20,0,40,1175.38758725997,-1,83
1621848502130,1621848502150,20,0,31,1233.01785314574,-1,66
1621848502170,1621848502210,40,1,39,923.477394426589,-464,27
1621848502480,1621848502550,70,22,464,17297.2810673381,-5812,229
1621848502639,1621848502759,119,6,69,1550.17901953274,-1784,34
1621848502869,1621848502919,50,8,326,21718.771525745,-26865,113
1621848502929,1621848502939,10,-1,40,1549.67389815718,-1,-1
1621848502969,1621848502979,10,-1,35,1431.72532915329,-1,-1
1621848503019,1621848503089,70,2,43,1815.44221356503,-123,103
1621848503179,1621848503209,30,6,284,23332.1633242748,-1915,162
1621848503219,1621848503249,30,5,256,17321.4168350108,-7133,343
1621848503259,1621848503279,20,0,32,1995.60835823715,-205,122
1621848503349,1621848503359,10,-1,35,683.141756376304,-1,-1
1621848503379,1621848503399,20,2,381,23744.1940286772,-1,166
1621848503409,1621848503469,60,2,531,46785.5389421499,-44349,335
1621848503689,1621848503859,170,5,372,32165.7056307009,-29625,223
1621848503999,1621848504029,30,6,276,24136.1202167358,-2300,345
1621848504089,1621848504109,20,5,234,23082.681480329,-571,168
1621848504149,1621848504169,20,5,245,23897.6334139002,-231,346
1621848504458,1621848504478,20,1,72,5073.97425531944,-2098,43
1621848504528,1621848504728,200,10,76,1279.40389018624,-1546,2
1621848504928,1621848504938,10,-1,39,1551.51699750379,-1,-1
1621848507067,1621848507227,160,22,2100,144819.311665304,-75428,85
1621848507367,1621848507437,70,17,2132,21.1475695551606,-141240,276
1621848512094,1621848512104,10,-1,36,3391.12529912275,-1,-1
1621848512214,1621848512349,135,3,84,7270.96973891506,-5453,117
1621848512429,1621848512469,40,3,80,3907.75387947909,-69,94
1621848512928,1621848512968,40,3,105,4672.49102507737,-779,127
1621848513808,1621848513868,60,3,93,2897.76777196758,-640,307
1621848513988,1621848514163,175,25,159,5783.4431313774,-5972,164
1621848514183,1621848514193,10,-1,40,1279.23909005342,-1,-1
1621848514372,1621848514542,170,32,706,28611.7584070993,-30784,341
1621848514762,1621848514772,10,-1,32,562.140420996919,-1,-1
1621848518910,1621848519489,579,20,705,65279.4352098571,-46931,124
1621848519509,1621848519629,120,17,499,26368.0131414939,-23077,358
1621848519659,1621848519689,30,0,34,353.633520948134,-1,335
1621848519699,1621848520079,380,31,559,33836.8650829009,-26958,198
1621848520089,1621848520159,70,4,252,18214.6410847887,-14922,319
1621848520169,1621848520659,490,27,947,68552.5165994578,-56337,344
1621848520809,1621848520819,10,-1,35,634.737795724604,-1,-1
1621848520829,1621848520879,50,5,184,8695.70469626911,-9996,356
1621848520909,1621848520919,10,-1,32,332.114882683962,-1,-1
1621848520938,1621848520978,40,1,40,1011.9203683786,-867,235
1621848521018,1621848521038,20,1,82,6727.76902831858,-1,247
1621848521238,1621848521248,10,-1,39,2074.72686304478,-1,-1
1621848521258,1621848521398,140,17,768,46591.9271475331,-71456,147
1621848521468,1621848521528,60,2,68,2479.78757795424,-1559,22
1621848521538,1621848521578,40,5,183,7288.49033076807,-6570,171
1621848521588,1621848521678,90,4,78,4081.99058564112,-2274,17
1621848521688,1621848521708,20,0,30,650.99270835334,-11,0
1621848521778,1621848521818,40,4,189,8842.00593611853,-6390,262
1621848521928,1621848522158,230,13,466,15142.2066790996,-23564,7
1621848522238,1621848522248,10,-1,49,2616.50894973283,-1,-1
1621848522328,1621848522358,30,3,185,14698.3269035771,-4709,201
1621848522468,1621848522607,139,35,460,19585.1534058457,-22217,197
1621848522617,1621848522757,140,13,796,58935.1295098447,-72092,17
1621848522767,1621848522777,10,-1,35,596.876830075505,-1,-1
1621848523107,1621848523157,50,6,208,12808.0424553362,-10268,262
1621848523317,1621848523327,10,-1,41,1257.34870949233,-1,-1
1621848523367,1621848523377,10,-1,37,1079.85433326312,-1,-1
1621848523547,1621848523567,20,0,45,3467.4167218817,-656,263
1621848523647,1621848523867,220,4,1372,78255.8791005144,-67075,64
1621848524067,1621848524077,10,-1,33,1525.7091393489,-1,-1
1621848524416,1621848524486,70,9,267,12083.8000239292,-8899,71
1621848524816,1621848524846,30,1,57,2765.05108150455,-1402,216
1621848524936,1621848524946,10,-1,63,3388.17123073793,-1,-1
1621848524956,1621848524966,10,-1,34,1847.75870134313,-1,-1
1621848524976,1621848524996,20,0,41,1940.78457305114,-725,153
1621848525256,1621848525276,20,0,68,4108.30969756177,-2822,296
1621848525396,1621848525426,30,3,142,6520.4849029478,-5484,87
1621848526255,1621848526335,80,11,291,15904.2424012566,-12112,67
1621848526525,1621848526585,60,12,302,17780.0600711244,-12160,262
1621848526595,1621848526615,20,0,39,2350.96762469454,-58,75
1621848526725,1621848526775,50,4,133,7511.73731032238,-4640,275
1621848527095,1621848527115,20,2,235,12354.2021024564,-1,258
1621848527525,1621848527575,50,7,276,2199.259652564,-12013,73
1621848527724,1621848527764,40,5,401,16664.1153291744,-1,282
1621848529573,1621848529583,10,-1,35,-1.0,-1,-1
1621848529593,1621848529613,20,0,33,442.658470378349,-148,95
1621848529663,1621848529683,20,0,83,4263.63862603089,-1,273
1621848530393,1621848530433,40,6,326,-1.0,-11456,94
1621848530663,1621848530703,40,5,236,12965.2201704874,-10152,53
1621848530713,1621848530733,20,0,48,2461.68821626197,-1270,180
1621848530753,1621848530763,10,-1,35,923.182246879545,-1,-1
1621848530833,1621848530843,10,-1,32,715.046218212716,-1,-1
1621848531052,1621848531092,40,7,413,17896.7677188968,-1,16
1621848531352,1621848531822,470,21,445,20071.6117407405,-25259,215
1621848531852,1621848531872,20,0,50,2365.05816225508,-1249,120
1621848532222,1621848532302,80,6,191,8922.60063143954,-10100,119
1621848532412,1621848532452,40,9,393,16844.4303801192,-1,7
1621848532731,1621848533051,320,21,816,72235.5007025841,-36125,202
1621848533071,1621848533081,10,-1,30,1489.77352142661,-1,-1
1621848533101,1621848533171,70,18,521,25717.6989327249,-19821,195
1621848533441,1621848533471,30,4,180,10461.0590379294,-10697,283
1621848533931,1621848534021,90,25,695,42005.6891006882,-66468,11
1621848534041,1621848534061,20,1,44,2681.8516664696,-1,142
1621848534081,1621848534201,120,6,216,8460.34351667489,-16522,281
1621848534211,1621848534250,39,2,61,1977.88169936787,-880,130
1621848534260,1621848534270,10,-1,36,1418.43800874874,-1,-1
1621848534300,1621848534320,20,0,46,2042.6318205379,-1,206
1621848534330,1621848534340,10,-1,92,6626.54797296412,-1,-1
1621848534370,1621848534420,50,1,294,27424.4368036202,-24418,133
1621848534430,1621848534440,10,-1,32,1412.26309945682,-1,-1
1621848534460,1621848534470,10,-1,31,710.226346176713,-1,-1
1621848534480,1621848534520,40,2,95,4470.45493230429,-3818,222
1621848534530,1621848534560,30,0,76,5587.36314136021,-3903,105
1621848534600,1621848534630,30,1,65,2680.46894494018,-1859,230
1621848534890,1621848534960,70,4,169,11614.8669080671,-11585,77
1621848534970,1621848535060,90,4,180,11696.9639779277,-5253,165
1621848535070,1621848535080,10,-1,85,6393.43922191183,-1,-1
1621848535090,1621848535380,290,9,972,38961.919150463,-86114,151
1621848535480,1621848535690,210,4,246,11136.4091520591,-9791,283
1621848535710,1621848535760,50,5,187,9255.98127107312,-5668,178
1621848535770,1621848535820,50,1,70,3109.17047129907,-758,352
1621848535860,1621848535870,10,-1,52,2374.66308804743,-1,-1
1621848535959,1621848535979,20,3,298,16191.1445458076,-1,5
1621848536189,1621848536299,110,7,369,10821.3912411342,-10232,331
1621848536309,1621848536369,60,6,213,17567.4583917153,-8047,24
1621848536389,1621848536459,70,5,173,8354.67295526137,-8795,182
1621848536599,1621848536709,110,12,251,14802.0642451539,-6032,105
1621848536719,1621848536819,100,5,168,14602.4639536085,-7999,166
1621848536829,1621848536979,150,3,969,64310.2046480311,-88078,211
1621848536989,1621848537059,70,2,112,5234.25855634074,-6594,112
1621848537069,1621848537089,20,0,47,2220.61007689907,-1,109
1621848537099,1621848537139,40,2,167,11334.0438991482,-6316,229
1621848537239,1621848537299,60,2,156,1728.28363064129,-10052,162
1621848537309,1621848537319,10,-1,47,3393.65934236,-1,-1
1621848537479,1621848537489,10,-1,53,2390.52294146763,-1,-1
1621848537748,1621848537758,10,-1,50,3389.45642498891,-1,-1
1621848537768,1621848537788,20,0,40,1604.64485750655,-18,261
1621848537988,1621848538008,20,0,52,3207.19144384337,-1,259
1621848539947,1621848539997,50,9,325,22145.7096202643,-18119,131
1621848540177,1621848540267,90,3,136,7052.40881212813,-10184,284
1621848540347,1621848540357,10,-1,36,3121.30865016338,-1,-1
1621848540397,1621848540437,40,2,91,4867.82782101362,-4108,281
1621848540457,1621848540467,10,-1,30,142.926679000034,-1,-1
1621848540517,1621848540537,20,0,38,1254.99391610815,-1,281
1621848540877,1621848540916,39,4,161,10709.0557044047,-10485,108
1621848541126,1621848541146,20,1,63,4545.4897112197,-2072,270
1621848541776,1621848541786,10,-1,34,754.988308202031,-1,-1
1621848542196,1621848542206,10,-1,41,2413.12475808514,-1,-1
1621848542216,1621848542236,20,0,61,3294.9688632374,-1315,346
1621848542256,1621848542276,20,0,49,2503.28432741357,-623,8
1621848542296,1621848542326,30,0,48,2481.62749948743,-996,57
1621848543175,1621848543185,10,-1,32,522.809689924517,-1,-1
1621848543235,1621848543245,10,-1,30,1447.55009997097,-1,-1
1621848543255,1621848543355,100,3,1406,124600.680716691,-130410,163
1621848543375,1621848543465,90,2,97,7172.89479742945,-5965,133
1621848543505,1621848543525,20,0,38,1997.75926790034,-151,168
1621848543555,1621848543565,10,-1,33,1635.63850471318,-1,-1
1621848543705,1621848543775,70,2,181,9594.64586125836,-13310,6
1621848543785,1621848543805,20,1,73,4382.72614982095,-2194,329
1621848543815,1621848543875,60,2,116,7583.4852984989,-7979,347
1621848543885,1621848543925,40,3,760,53037.3285663072,-37387,1
1621848543935,1621848543965,30,7,687,32744.0560412408,-1,182
1621848544085,1621848544534,449,12,506,16285.9236641726,-19460,27
1621848544554,1621848544574,20,1,64,3434.80219394287,-1,59
1621848544584,1621848544984,400,33,303,22825.7356196688,-17947,356
1621848545004,1621848545094,90,1,430,24025.2062044012,-34919,295
1621848545144,1621848545214,70,2,334,24549.223164529,-16164,239
1621848545414,1621848545614,200,10,894,47715.4397367249,-63818,195
1621848545634,1621848545664,30,1,109,9496.77305881197,-5895,54
1621848545724,1621848545744,20,1,168,11971.0224198259,-1,244
1621848545754,1621848545824,70,2,116,9839.68034296987,-5828,199
1621848545844,1621848545864,20,0,54,3347.49936043592,-1,194
1621848545914,1621848545933,19,0,59,2727.27828082954,-1,4
1621848545943,1621848545973,30,0,53,4516.35340237769,-2292,258
1621848546013,1621848546203,190,5,134,10347.8420927009,-4426,279
1621848547213,1621848547223,10,-1,804,-1.0,-1,-1
1621848548192,1621848548422,230,3,1790,166491.641386213,-60994,30
1621848548452,1621848548682,230,20,308,25640.3404720882,-16521,174
1621848548692,1621848548822,130,7,556,26053.2506102189,-35815,130
1621848548902,1621848548922,20,2,217,11543.1544561601,-1,78
1621848548932,1621848548942,10,-1,88,7273.91090954233,-1,-1
1621848548992,1621848549042,50,1,47,2786.88598421763,-1460,201
1621848549162,1621848549182,20,0,59,2290.60512015602,-1,78
1621848549251,1621848549271,20,0,82,6238.4096390862,-4112,237
1621848549411,1621848549441,30,6,698,37910.0895223522,-1,238
1621848549601,1621848549691,90,5,239,16669.7723742862,-12609,345
1621848549711,1621848549761,50,2,126,5878.28723799917,-7973,81
1621848549781,1621848549811,30,1,88,2482.07397690598,-1,263
1621848549971,1621848550041,70,0,266,20015.6683356562,-20554,90
1621848551180,1621848551320,140,2,261,7054.70207192373,-7343,63
1621848551340,1621848551400,60,1,92,3376.69354932747,-133,276
1621848552430,1621848552609,179,21,296,21260.1203419687,-15586,320
1621848552789,1621848552959,170,13,186,14401.4973488855,-9850,161
1621848553209,1621848553249,40,9,281,929.120967848189,-12039,160
1621848553289,1621848553339,50,9,373,25748.3782141617,-22684,170
1621848553379,1621848553449,70,9,426,17031.10164181,-5067,8
1621848553459,1621848553539,80,13,696,42406.9202366599,-66515,204
1621848553599,1621848553639,40,3,299,26993.5563255608,-14001,158
1621848553649,1621848553679,30,1,125,5144.00721559534,-1,90
1621848553719,1621848553739,20,0,125,8120.18769472634,-1,40
1621848553749,1621848553789,40,0,216,19491.5679252153,-14416,80
1621848553959,1621848554268,309,2,698,59438.8386141082,-62486,47
1621848554278,1621848554378,100,11,631,56408.0641003577,-54954,69
1621848554408,1621848554458,50,7,595,56067.3601856788,-16902,255
1621848554468,1621848554528,60,0,654,64129.4289416726,-57840,291
1621848554608,1621848555368,760,4,1401,113850.385809446,-114751,190
1621848555378,1621848555398,20,2,165,15460.187439375,-6646,318
1621848555428,1621848555448,20,0,51,4904.92779171836,-1546,122
1621848555598,1621848555708,110,2,513,37956.3793798114,-25860,205
1621848555718,1621848555738,20,0,46,1304.28715482423,-1,196
1621848555917,1621848556067,150,6,88,4866.56398747389,-4151,27
1621848556077,1621848556097,20,0,59,3596.25833017381,-1,57
1621848556117,1621848556167,50,2,208,14018.5077659057,-10422,30
1621848556177,1621848556187,10,-1,34,1665.13019980398,-1,-1
1621848556197,1621848556227,30,2,166,8334.58019425435,-1,207
1621848556617,1621848556797,180,18,258,12914.736060096,-6264,21
1621848556807,1621848556957,150,8,449,28159.194832439,-32604,24
1621848556967,1621848557017,50,3,529,50535.0004674481,-31759,312
1621848557027,1621848557207,180,19,356,25469.3009922647,-11669,5
1621848557217,1621848557247,30,1,78,3371.6766772763,-3032,47
1621848557257,1621848557277,20,0,46,2135.8127866078,-1,332
1621848557347,1621848557417,70,6,443,41055.1605138317,-24858,283
1621848557427,1621848557447,20,4,414,38867.3848174517,-37762,247
1621848557586,1621848557636,50,1,1191,97263.4706684341,-113166,221
1621848557666,1621848557686,20,0,43,1566.23028858068,-1058,150
1621848557916,1621848557996,80,2,149,6117.06312520894,-9495,343
1621848558186,1621848558216,30,1,384,28191.0588284506,-33249,346
1621848558236,1621848558246,10,-1,48,2021.68950987009,-1,-1
1621848558356,1621848558416,60,7,344,19491.1597705525,-18772,174
1621848558576,1621848558606,30,1,60,3609.16156850127,-17,308
1621848560385,1621848560465,80,5,193,6086.76514173851,-5038,325
1621848560475,1621848560485,10,-1,85,6705.56917948196,-1,-1
1621848560575,1621848560585,10,-1,139,13407.9817063179,-1,-1
1621848560595,1621848560755,160,5,500,19937.6393228916,-35514,314
1621848560765,1621848560805,40,1,86,6342.36669319109,-5617,190
1621848560815,1621848560825,10,-1,32,1200.86144425733,-1,-1
1621848560924,1621848561014,90,15,533,50205.4544573369,-27942,331
1621848561024,1621848561134,110,5,67,1818.19548021549,-1485,176
1621848561144,1621848561184,40,6,224,8962.10230700466,-6020,2
1621848561214,1621848561224,10,-1,32,815.152620934847,-1,-1
1621848561304,1621848561324,20,0,50,2619.75742474905,-1,176
1621848561334,1621848561364,30,0,422,39050.5294268821,-32561,161
1621848561474,1621848561564,90,3,154,10544.0965868087,-10391,147
1621848561584,1621848561624,40,2,109,3828.72202928007,-1,134
1621848561634,1621848561664,30,3,150,12551.0161386505,-7637,316
1621848561774,1621848561824,50,1,90,5317.75287694772,-3536,154
1621848561874,1621848561944,70,6,372,24481.8002849592,-20652,218
1621848561964,1621848561984,20,0,208,18032.1133132723,-17659,257
1621848562094,1621848562134,40,4,1225,106943.637155014,-126,136
1621848569299,1621848569379,80,15,1695,128220.647547457,-135806,246
1621848569469,1621848569719,250,15,698,30251.4726465965,-31001,18
1621848569739,1621848569769,30,1,77,4076.93158953069,-550,190
1621848569849,1621848569899,50,3,205,11872.7776193329,-6133,65
1621848570199,1621848570219,20,1,225,-1.0,-12136,298
1621848570469,1621848570579,110,17,578,28281.3241057028,-22306,177
1621848570649,1621848570659,10,-1,32,1823.42143758105,-1,-1
1621848570719,1621848570799,80,13,303,8136.38682326099,-13403,203
1621848570878,1621848570938,60,1,66,4697.21501973204,-1245,326
1621848570968,1621848570978,10,-1,46,3060.41729026387,-1,-1
1621848570988,1621848570998,10,-1,38,2466.24440736019,-1,-1
1621848571068,1621848571078,10,-1,101,9131.04058692283,-1,-1
1621848571088,1621848571098,10,-1,91,6387.02856111164,-1,-1
1621848571118,1621848571158,40,1,40,975.384580950678,-658,355
1621848571168,1621848571258,90,10,270,11460.8323872741,-18741,66
1621848571268,1621848571328,60,4,280,17964.4022113229,-21454,285
1621848571358,1621848571408,50,2,82,3619.77893831234,-2768,41
1621848571448,1621848571468,20,0,37,872.839833208848,-1,45
1621848572148,1621848572178,30,1,53,2500.97721613946,-1841,161
1621848572607,1621848572707,100,4,66,2877.48954631274,-2073,58
1621848572727,1621848572737,10,-1,33,497.200078747936,-1,-1
1621848573407,1621848573457,50,1,38,987.540615654721,-93,205
1621848573467,1621848574017,550,31,668,48793.7209524108,-49919,11
1621848574027,1621848574047,20,0,63,3991.27358600046,-1873,195
1621848574067,1621848574097,30,1,69,2617.94030566435,-1,180
1621848574107,1621848574127,20,0,34,825.807647654035,-402,180
1621848574137,1621848574157,20,0,47,1528.49776230938,-1,180
1621848574167,1621848574186,19,1,96,6942.66173722415,-3186,149
1621848574246,1621848574346,100,4,65,3075.8803000068,-1021,264
1621848574246,1621848574346,100,4,65,3075.8803000068,-1021,264
1621848574456,1621848574526,70,19,568,32617.338840741,-23796,152
1621848574566,1621848574656,90,4,118,4116.86864576671,-5872,7
1621848574686,1621848574986,300,21,1409,76378.4343478545,-64081,223
1621848575106,1621848575126,20,0,47,2274.95168166775,-1,195
1621848575356,1621848575376,20,0,52,4588.16957127795,-1421,283
1621848576085,1621848576105,20,0,44,2535.68477250639,-1,216
1621848576495,1621848576515,20,0,36,1001.31949897292,-1,90
1621848576525,1621848576955,430,61,490,20643.6531502462,-18956,23
1621848576965,1621848577075,110,16,834,62049.6960190476,-35216,222
1621848577085,1621848577205,120,0,378,30936.0906666093,-22462,72
1621848577215,1621848577435,220,10,461,32077.5647247734,-28962,173
1621848577465,1621848577485,20,0,51,2340.10710414608,-866,162
1621848577495,1621848577515,20,0,39,1223.10912081606,-1,196
1621848577524,1621848577734,209,8,168,12071.7405663429,-4611,263
1621848577744,1621848577754,10,-1,55,3288.53012189273,-1,-1
1621848577944,1621848577984,40,4,191,6923.1407159814,-8736,318
1621848578044,1621848578074,30,4,196,12960.5571451824,-1061,217
1621848578114,1621848578234,120,11,350,18298.516081198,-22031,186
1621848578284,1621848578294,10,-1,34,804.23021621038,-1,-1
1621848578354,1621848578454,100,6,222,14343.3248186147,-9252,145
1621848578524,1621848578544,20,0,37,652.145898510625,-1,8
1621848578614,1621848578664,50,3,137,6398.27242458629,-6561,359
1621848579034,1621848579173,139,8,98,2312.6002718704,-3408,108
1621848579183,1621848579203,20,0,35,634.393808519942,-1,90
1621848579223,1621848579543,320,26,368,18190.1132063985,-20539,333
1621848579563,1621848579573,10,-1,39,1461.64813039178,-1,-1
1621848579593,1621848579643,50,1,185,14931.3299654796,-11612,181
1621848579703,1621848579783,80,3,96,6109.96461562032,-4554,159
1621848579943,1621848579953,10,-1,36,1944.03300899015,-1,-1
1621848580173,1621848580223,50,3,233,18077.2180589834,-11102,213
1621848580233,1621848580303,70,1,294,20623.1207417885,-19050,79
1621848580353,1621848580583,230,23,457,20546.7741198179,-21441,124
1621848580623,1621848580852,229,17,2008,156802.052342426,-184216,306
1621848580952,1621848580972,20,0,55,3061.19435407376,-1,176
1621848581062,1621848581102,40,1,41,1156.91931196224,-255,272
1621848581222,1621848581242,20,0,36,672.929086031547,-1,149
1621848581892,1621848581912,20,0,37,1573.85249147948,-474,85
1621848581942,1621848581972,30,1,82,5505.23801096627,-4843,358
1621848582292,1621848582322,30,1,64,3816.8799538616,-2950,164
1621848582601,1621848582841,240,17,1653,77283.2722334083,-81466,141
1621848582851,1621848582861,10,-1,46,1989.60933865322,-1,-1
1621848582941,1621848583001,60,7,357,11981.3897235457,-27390,356
1621848583011,1621848583021,10,-1,36,1097.46079403653,-1,-1
1621848583191,1621848583471,280,14,560,42508.3798707495,-35185,113
1621848583481,1621848583501,20,0,47,1620.87181602514,-1,106
1621848583661,1621848583681,20,0,68,4295.4132211002,-2798,293
1621848583851,1621848583901,50,7,254,13268.9802997821,-10407,339
1621848584061,1621848584101,40,1,64,1944.84114044804,-2569,169
1621848584230,1621848584480,250,17,1187,59535.6953500872,-84886,291
1621848584490,1621848584530,40,1,43,1477.63326439187,-870,152
1621848584550,1621848584610,60,2,46,1812.31190133944,-773,138
1621848584620,1621848584850,230,10,548,18822.602936861,-33199,330
1621848585600,1621848585690,90,19,432,20392.681025588,-14132,166
1621848585710,1621848585760,50,1,35,1748.29053557121,-500,4
1621848585949,1621848586029,80,23,807,30216.3173143529,-36293,51
1621848586179,1621848586229,50,4,143,5930.3250850968,-6819,172
1621848586449,1621848586609,160,27,1436,89640.7026274215,-60416,289
1621848586619,1621848586639,20,0,51,4456.3335187159,-642,252
1621848586739,1621848586759,20,0,48,3197.80349959559,-1565,108
1621848586779,1621848586789,10,-1,34,2882.78216397658,-1,-1
1621848586829,1621848586859,30,1,66,3749.45527616858,-2899,231
1621848587488,1621848587558,69,2,41,2317.10452210478,-934,53
1621848588438,1621848588448,10,-1,30,1005.43442431864,-1,-1
1621848588478,1621848588848,370,20,3427,275016.401522799,-235032,177
1621848589068,1621848589367,299,25,587,23654.4363412313,-22939,2
1621848589377,1621848589387,10,-1,33,943.190741519529,-1,-1
1621848589437,1621848589457,20,0,35,1343.29016650846,-339,225
1621848589617,1621848589917,300,18,1899,100189.890434911,-123329,191
1621848589927,1621848589997,70,2,43,1085.97641594354,-630,0
1621848590007,1621848590107,100,28,550,25668.5127747611,-45108,179
1621848590117,1621848590207,90,6,130,5011.75457708507,-4229,7
1621848590217,1621848590397,180,35,758,42956.1913895949,-34868,39
1621848590437,1621848590447,10,-1,33,540.869720689106,-1,-1
1621848590487,1621848590557,70,8,328,16213.7442994042,-16204,71
1621848590567,1621848590617,50,2,74,4320.87878030915,-1659,248
1621848590637,1621848590667,30,0,42,1302.45667713505,-640,246
1621848590916,1621848591026,110,4,185,15124.7780088404,-8618,212
1621848591236,1621848591526,290,20,440,23585.4246577991,-23568,299
1621848591546,1621848591556,10,-1,34,554.872344385358,-1,-1
1621848591566,1621848591586,20,0,32,211.560738521083,-1,246
1621848591616,1621848591736,120,4,59,2233.8790523682,-1138,7
1621848591796,1621848591906,110,6,103,3835.54794304972,-3117,230
1621848591926,1621848592036,110,8,101,4886.22885165326,-4154,274
1621848592066,1621848592076,10,-1,46,1679.73752271587,-1,-1
1621848592226,1621848592256,30,1,48,1341.92148904721,-719,113
1621848592326,1621848592436,110,1,290,16650.1699283109,-22199,35
1621848592515,1621848592545,30,1,60,2453.37678363053,-2687,0
1621848592565,1621848592585,20,0,72,3449.02831392576,-1,80
1621848592595,1621848592735,140,26,372,15261.5330152659,-7638,183
1621848592595,1621848592735,140,26,372,15261.5330152659,-7638,183
1621848592855,1621848592905,50,6,149,2290.57682083342,-5998,359
1621848592925,1621848592935,10,-1,51,2554.8878871976,-1,-1
1621848593415,1621848593485,70,8,414,2274.89487495996,-21404,57
1621848593525,1621848593565,40,11,508,41133.3681408447,-1377,230
1621848593835,1621848594075,240,6,504,39215.2304660961,-42651,341
1621848594284,1621848594354,70,6,203,18005.2426148426,-14966,354
1621848594434,1621848594534,100,5,120,4128.51284787426,-5119,127
1621848594544,1621848594554,10,-1,30,540.308658186193,-1,-1
1621848594564,1621848594594,30,1,92,4197.55972242943,-4709,78
1621848594634,1621848594654,20,0,45,2897.1682701434,-1,94
1621848594704,1621848594724,20,0,33,1019.64141890616,-217,101
1621848594864,1621848594914,50,5,329,24681.1716911748,-14783,162
1621848594924,1621848594944,20,1,68,3344.34871374708,-1,282
1621848595034,1621848595044,10,-1,54,3046.98547282476,-1,-1
1621848595054,1621848595084,30,0,1861,184953.321588054,-182448,24
1621848595104,1621848595354,250,16,2534,170988.622093638,-136500,305
1621848595404,1621848595434,30,1,59,1830.18629038528,-24,229
1621848595454,1621848595464,10,-1,30,2100.82252080352,-1,-1
1621848595484,1621848595554,70,4,147,9350.5501615719,-6320,269
1621848595564,1621848595574,10,-1,238,21938.0748050464,-1,-1
1621848595584,1621848595594,10,-1,197,17385.6390243049,-1,-1
1621848595793,1621848595843,50,9,676,127.164942048137,-39209,111
1621848595853,1621848595953,100,3,47,1384.5863844235,-854,340
1621848595963,1621848596003,40,1,64,2847.36211644125,-3178,342
1621848596013,1621848596053,40,3,160,7137.50043586183,-6679,156
1621848596313,1621848596373,60,7,238,7982.99729532462,-9054,319
1621848596473,1621848596543,70,8,148,6172.53234256233,-1304,313
1621848596723,1621848596733,10,-1,32,1275.69657471389,-1,-1
1621848596763,1621848596843,80,18,468,25828.3440809675,-18010,120
1621848597103,1621848597153,50,2,101,3015.32610041478,-781,278
1621848597163,1621848597173,10,-1,48,2053.44386992659,-1,-1
1621848597233,1621848597263,30,0,47,1986.41095941453,-1253,161
1621848597333,1621848597363,30,14,1772,108207.175619027,-1,49
1621848597482,1621848597522,40,5,859,67194.2190382296,-41089,226
1621848597652,1621848597722,70,12,1021,-1.0,-66850,273
1621848597872,1621848597942,70,6,111,5570.7742688894,-3164,285
1621848598102,1621848598142,40,6,276,20771.3655020328,-17868,18
1621848598212,1621848598272,60,7,248,16001.934442582,-13567,122
1621848598652,1621848598722,70,12,359,14563.7177667805,-14084,69
1621848598922,1621848598942,20,0,35,1259.79499311387,-1,195
1621848598952,1621848598962,10,-1,37,1282.93009941865,-1,-1
1621848598982,1621848599032,50,8,276,11476.5815946932,-12578,9
1621848599052,1621848599112,60,2,49,872.203670294282,-137,202
1621848599131,1621848599521,389,16,575,44063.8016691835,-41581,295
1621848599531,1621848599581,50,2,342,26974.3360161167,-30969,163
1621848599591,1621848599621,30,0,92,7888.73847130301,-5580,187
1621848599631,1621848599701,70,13,809,56679.9619194756,-50067,231
1621848599731,1621848599761,30,1,48,1169.66069960679,-912,109
1621848599801,1621848600121,320,19,323,11133.1359160908,-13734,157
1621848600131,1621848600161,30,0,36,797.732077965776,-29,11
1621848600181,1621848600261,80,6,211,11891.0786185258,-6391,320
1621848600541,1621848600591,50,9,325,17566.5459312302,-14584,163
1621848600741,1621848600780,39,4,168,7377.77599256937,-6347,349
1621848601050,1621848601110,60,6,240,11480.1806311599,-9914,163
1621848601310,1621848601360,50,5,214,11777.6926686194,-11123,196
1621848601420,1621848601440,20,4,224,21416.9268208939,-4448,349
1621848601450,1621848601590,140,42,2524,131316.45196748,-35562,25
1621848601690,1621848601880,190,9,1004,37019.9689765582,-81586,130
1621848601900,1621848602000,100,14,276,15961.0858717626,-9852,136
1621848602090,1621848602100,10,-1,33,1149.91871349953,-1,-1
1621848602260,1621848602290,30,2,103,6550.85557242728,-1489,62
1621848602420,1621848602449,29,2,139,7611.54614949352,-6912,253
1621848602599,1621848602969,370,13,538,24239.2534566385,-24229,235
1621848602999,1621848603009,10,-1,38,958.127571496329,-1,-1
1621848603169,1621848603269,100,7,122,5453.86575014139,-6095,93
1621848603289,1621848603309,20,0,32,1187.82385244706,-1,56
1621848603499,1621848603529,30,0,41,765.44402856376,-1151,60
1621848603589,1621848603599,10,-1,39,1180.40809002174,-1,-1
1621848603699,1621848603729,30,1,50,1549.58715068378,-402,53
1621848603809,1621848604089,280,21,744,34096.8375288442,-50224,244
1621848604099,1621848604138,39,3,125,6480.14149437946,-6475,177
1621848604188,1621848604198,10,-1,30,493.646075270646,-1,-1
1621848604208,1621848604228,20,0,32,478.68502910191,-1,0
1621848604248,1621848604298,50,4,163,6898.12051756454,-9320,326
1621848604468,1621848604518,50,6,222,11182.0614962293,-7368,43
1621848604718,1621848604788,70,16,447,18578.1933350374,-22555,253
1621848604838,1621848604848,10,-1,37,992.919492087898,-1,-1
1621848604878,1621848604898,20,0,32,918.548586430557,-1,90
1621848605098,1621848605168,70,10,380,26835.3807634349,-30194,330
1621848605178,1621848605208,30,1,88,4519.3611900442,-5710,219
1621848605268,1621848605288,20,2,171,14144.16972414,-4218,24
1621848605348,1621848605368,20,1,68,5414.22012755378,-736,96
1621848605428,1621848605518,90,3,43,1169.74516013473,-1378,130
1621848606057,1621848606097,40,3,120,5714.60332297051,-6825,356
1621848606407,1621848606447,40,4,147,8203.03315530034,-6295,159
1621848606877,1621848606927,50,5,181,7522.38524627771,-9107,97
1621848607037,1621848607077,40,4,184,9565.95068204872,-8673,96
1621848607107,1621848607117,10,-1,31,2229.38232041112,-1,-1
1621848607187,1621848607197,10,-1,33,1280.17668638478,-1,-1
1621848607227,1621848607277,50,6,221,11590.288951102,-8980,18
1621848607357,1621848607367,10,-1,35,1287.03188573459,-1,-1
1621848607377,1621848607387,10,-1,38,1501.11322967991,-1,-1
1621848607407,1621848607426,19,0,31,154.161405978474,-2,88
1621848607796,1621848607826,30,1,88,4072.76643276792,-3684,13
1621848607906,1621848607966,60,2,49,1758.24779965719,-1326,188
1621848608106,1621848608156,50,6,216,10878.1102152702,-11301,345
1621848608186,1621848608256,70,2,42,880.436548305158,-680,217
1621848608466,1621848608576,110,6,180,11406.6656519721,-8733,299
1621848608586,1621848608596,10,-1,45,2875.79429432964,-1,-1
1621848608716,1621848608766,50,7,299,16645.6132213335,-13670,115
1621848608896,1621848608906,10,-1,31,1836.33173024514,-1,-1
1621848609285,1621848609305,20,0,54,2115.62856881076,-1,251
1621848609315,1621848609325,10,-1,34,1128.56718004102,-1,-1
1621848609335,1621848609375,40,1,51,3772.83365598075,-1,240
1621848609435,1621848609465,30,3,165,12452.3204866058,-6159,65
1621848609505,1621848609535,30,2,132,9115.89973991535,-8175,252
1621848609735,1621848609755,20,0,31,527.513356093649,-89,71
1621848609855,1621848609945,90,0,116,6347.95174119605,-6583,247
1621848610165,1621848610175,10,-1,34,1286.10933960424,-1,-1
1621848610225,1621848610255,30,3,198,13592.0211655512,-11356,80
1621848610565,1621848610575,10,-1,35,2282.44217911304,-1,-1
1621848610595,1621848610625,30,2,139,7716.8014112913,-7022,205
1621848610784,1621848610794,10,-1,35,1848.18528653692,-1,-1
1621848610814,1621848610854,40,6,283,13490.6773133866,-12873,38
1621848611414,1621848611444,30,2,128,7907.47118312873,-5408,5
1621848611614,1621848611674,60,2,102,7085.47608685073,-5027,161
1621848612513,1621848612533,20,0,34,2459.48818342286,-149,288
1621848612573,1621848612603,30,2,131,6243.62203510391,-7637,37
1621848613063,1621848613083,20,0,58,3299.75451697886,-2498,56
1621848613183,1621848613213,30,2,106,6464.22786171841,-5531,25
1621848614023,1621848614053,30,3,145,8578.1618024996,-6777,46
1621848614542,1621848614572,30,1,85,4455.07777299625,-2903,254
1621848614602,1621848614622,20,0,46,3381.97925570101,-1589,252
1621848614702,1621848614722,20,0,39,2328.73719974342,-492,73
1621848614852,1621848614872,20,1,83,6172.21055122081,-1,350
1621848615072,1621848615122,50,1,70,2700.54733753884,-205,131
1621848615132,1621848615172,40,13,558,30741.3906499749,-27835,307
1621848615282,1621848615492,210,13,410,14770.4605382512,-12050,181
1621848615502,1621848615572,70,3,59,1625.49281451937,-1226,190
1621848615771,1621848616271,500,24,1453,66061.4246710048,-89524,108
1621848616321,1621848616351,30,1,73,3070.96537955994,-2462,284
