start,end,duration,amplitude,peak_velocity,peak_acceleration,peak_deceleration,direction
1621935693012,1621935693042,30,0,47,2287.82465399571,-574,79
1621935693182,1621935693192,10,-1,45,1628.07390514012,-1,-1
1621935693262,1621935693782,520,27,2275,200743.185051823,-162344,201
1621935693802,1621935693852,50,3,69,3399.59460088951,-1876,52
1621935693872,1621935693982,110,4,80,5622.11763199271,-4842,328
1621935693992,1621935694082,90,15,430,17932.0869972842,-20403,74
1621935694112,1621935694132,20,0,35,1610.03496797112,-38,254
1621935694142,1621935694242,100,3,52,2274.62671999744,-1172,279
1621935694252,1621935694272,20,0,59,2863.42359547646,-1,304
1621935694282,1621935694342,60,20,572,28647.4113477312,-18961,30
1621935694402,1621935694422,20,0,33,2198.65824428899,-212,158
1621935694681,1621935695191,510,21,1176,66181.4249362528,-61976,210
1621935695231,1621935695241,10,-1,34,2446.38018269444,-1,-1
1621935695261,1621935695271,10,-1,43,2603.31748909525,-1,-1
1621935695281,1621935695321,40,0,70,4459.79969925206,-1374,10
1621935695431,1621935695511,80,8,249,13740.4942143543,-11794,39
1621935695551,1621935695561,10,-1,30,668.424154223678,-1,-1
1621935695601,1621935695611,10,-1,45,1679.43687446781,-1,-1
1621935695691,1621935696021,330,23,722,36663.0056142008,-39439,74
1621935696041,1621935696061,20,0,47,1256.94366324411,-1,245
1621935696081,1621935696111,30,1,51,2061.08982326458,-2082,194
1621935696150,1621935696520,370,34,1962,173655.17245299,-66447,232
1621935696530,1621935696610,80,2,363,14023.7718393988,-32089,55
1621935696630,1621935696660,30,0,46,1207.2638262583,-1,12
1621935696960,1621935696990,30,1,63,4221.43632616721,-1663,92
1621935697000,1621935697010,10,-1,39,2416.3050233318,-1,-1
1621935697050,1621935697060,10,-1,30,236.650028018556,-1,-1
1621935697100,1621935697150,50,1,140,7874.26531336944,-7604,110
1621935697210,1621935697220,10,-1,31,1499.19504174948,-1,-1
1621935697310,1621935697330,20,0,35,640.52247651867,-1,315
1621935697350,1621935697420,70,5,136,10340.7671862181,-5647,96
1621935697430,1621935697460,30,0,46,2577.94702343537,-299,10
1621935697470,1621935697540,70,3,95,5109.52047455733,-4170,340
1621935697590,1621935697640,50,3,167,7493.86660235716,-8207,79
1621935697730,1621935697849,119,14,286,13419.6410808163,-10720,280
1621935697889,1621935697919,30,2,123,6329.41972642611,-6658,69
1621935697959,1621935697989,30,3,154,8274.16911352059,-4319,77
1621935697999,1621935698009,10,-1,51,3926.74937477384,-1,-1
1621935698019,1621935698029,10,-1,32,1260.67358922138,-1,-1
1621935698049,1621935698069,20,0,66,3732.57093682029,-1,74
1621935698079,1621935698109,30,1,86,4442.37542472778,-653,86
1621935698289,1621935698309,20,1,57,3189.76117634147,-1,78
1621935698339,1621935698369,30,1,91,4428.81095993676,-2043,255
1621935698699,1621935698769,70,2,385,35256.6944138753,-14899,88
1621935698779,1621935698809,30,1,120,9129.20587059876,-4361,233
1621935698839,1621935698879,40,1,63,1765.26732591523,-3097,109
1621935699379,1621935699389,10,-1,34,669.181195016157,-1,-1
1621935699518,1621935699548,30,0,55,2175.08835912158,-65,75
1621935699588,1621935699618,30,1,72,2592.44565585028,-3364,265
1621935699698,1621935699708,10,-1,35,2407.12841617275,-1,-1
1621935699818,1621935699828,10,-1,41,2308.6920636854,-1,-1
1621935699948,1621935700388,440,12,583,31616.5202216131,-30242,244
1621935700398,1621935700618,220,10,547,25313.2823168483,-22856,172
1621935700628,1621935700638,10,-1,41,2014.86659515693,-1,-1
1621935700668,1621935700728,60,3,117,6110.12189073833,-4417,1
1621935700748,1621935700768,20,1,82,5476.51763026856,-456,94
1621935700838,1621935700848,10,-1,31,818.135692224958,-1,-1
1621935700868,1621935700908,40,2,277,19842.2146984858,-1,307
1621935700918,1621935700938,20,0,335,32619.5079982372,-27782,278
1621935700958,1621935701127,169,16,351,17002.5545257914,-10716,15
1621935701167,1621935701377,210,8,355,23631.7146875801,-20979,195
1621935701397,1621935701497,100,7,248,20406.4813108839,-12996,102
1621935701527,1621935701537,10,-1,34,1189.40582903715,-1,-1
1621935701547,1621935701557,10,-1,34,806.661594440262,-1,-1
1621935701587,1621935701697,110,3,101,5984.18028607282,-6813,241
1621935701737,1621935701837,100,1,267,19436.2766824831,-20739,182
1621935702007,1621935702017,10,-1,138,12885.1984952973,-1,-1
1621935702027,1621935702037,10,-1,149,14038.8308831037,-1,-1
1621935702287,1621935702687,400,10,551,34164.1916965083,-22689,15
1621935702696,1621935702816,119,9,205,6965.18549321193,-8264,253
1621935702836,1621935702866,30,1,66,3960.18115586435,-3085,237
1621935702906,1621935703016,110,8,248,11872.7974746144,-21749,12
1621935703056,1621935703066,10,-1,38,2654.82690633943,-1,-1
1621935703086,1621935703126,40,1,73,3175.82118734641,-2766,167
1621935703176,1621935703276,100,5,162,8222.03241297675,-6093,215
1621935703296,1621935703326,30,1,61,3464.12735505353,-372,70
1621935703456,1621935703476,20,1,64,5840.97965840979,-1,226
1621935703486,1621935703506,20,0,52,3307.52717924285,-1,96
1621935703516,1621935703526,10,-1,48,3971.98385204824,-1,-1
1621935703596,1621935703616,20,1,75,5957.68774519232,-2121,18
1621935703716,1621935703766,50,2,295,20193.726773568,-13448,184
1621935703856,1621935703896,40,1,57,5383.81449994339,-1961,67
1621935703906,1621935703936,30,2,100,5561.96601624568,-3191,167
1621935704256,1621935704286,30,1,53,1626.11260124194,-1,334
1621935704335,1621935704375,39,0,65,6418.39886597144,-2384,225
1621935704565,1621935704595,30,4,219,12861.2426384393,-1,53
1621935704605,1621935704625,20,1,154,13858.6689361936,-191,243
1621935704635,1621935704645,10,-1,66,5557.61792568081,-1,-1
1621935704735,1621935704745,10,-1,31,1491.59607216873,-1,-1
1621935704795,1621935704845,50,1,132,5453.39632501032,-2733,233
1621935704945,1621935705015,70,1,481,42961.0178080025,-25126,37
1621935705045,1621935705065,20,0,59,3525.271004868,-9,76
1621935705235,1621935705245,10,-1,32,1777.1409521557,-1,-1
1621935705295,1621935705325,30,2,121,8835.61580026185,-1962,170
1621935705415,1621935705475,60,1,42,2349.46850610934,-701,149
1621935705525,1621935705555,30,1,53,1953.95404268427,-1591,131
1621935705565,1621935705725,160,14,491,18950.4464793672,-20660,330
1621935705775,1621935705785,10,-1,40,1376.07514949975,-1,-1
1621935705815,1621935705855,40,0,125,9235.58424514863,-6498,323
1621935705865,1621935706064,199,34,856,32851.0449749181,-18365,179
1621935706164,1621935706314,150,4,1427,119328.945900398,-104197,5
1621935706324,1621935706374,50,0,438,29893.7288546173,-6187,83
1621935706474,1621935706654,180,38,1677,116789.700104624,-59108,277
1621935706744,1621935706984,240,12,690,27884.0901030415,-35903,191
1621935707064,1621935707074,10,-1,36,1595.67286332422,-1,-1
1621935707104,1621935707124,20,0,58,3575.89405408071,-292,251
1621935707184,1621935707204,20,0,73,4926.34789232215,-2818,246
1621935707234,1621935707334,100,16,288,19189.2899200669,-11409,227
1621935707344,1621935707554,210,11,2314,212472.307210766,-214264,25
1621935707703,1621935707773,70,0,50,1769.04699362538,-1,17
1621935707813,1621935707843,30,1,64,2835.07612991282,-1848,68
1621935707913,1621935708053,140,7,204,7146.64349674984,-17065,223
1621935708083,1621935708153,70,0,104,5345.85846599649,-7194,218
1621935708233,1621935708303,70,7,229,6827.27317378871,-10571,59
1621935708343,1621935708353,10,-1,35,2310.60029891654,-1,-1
1621935708413,1621935708573,160,10,1380,135503.041885305,-131561,69
1621935708583,1621935708693,110,3,384,19601.4433855188,-29163,217
1621935708733,1621935708893,160,12,476,31603.1593261816,-20454,354
1621935708903,1621935709033,130,0,167,6209.5070459057,-12561,229
1621935709063,1621935709073,10,-1,39,1182.73423739744,-1,-1
1621935709083,1621935709123,40,3,142,6529.27488477264,-6045,334
1621935709153,1621935709342,189,11,541,44025.8365865703,-37661,181
1621935709352,1621935709382,30,3,152,6424.02605703873,-10571,263
1621935709492,1621935709552,60,30,758,26174.411159359,-33483,42
1621935709582,1621935709782,200,31,844,41800.1009150167,-75934,228
1621935709792,1621935709802,10,-1,362,35370.2030212679,-1,-1
1621935709812,1621935709842,30,3,181,8572.12195272239,-4103,64
1621935709852,1621935709952,100,8,1287,112827.225012726,-45216,145
1621935709972,1621935710002,30,1,90,7636.7548933928,-3831,72
1621935710102,1621935710142,40,2,95,4551.52412494824,-6441,251
1621935710192,1621935710212,20,0,35,2893.44815756224,-1,85
1621935710392,1621935710612,220,10,947,71630.81994016,-40436,328
1621935710622,1621935710692,70,4,425,33107.3771004799,-22240,129
1621935710941,1621935710971,30,1,68,3405.41562303759,-3142,306
1621935711091,1621935711111,20,1,70,5543.65964769986,-136,297
1621935711401,1621935711661,260,4,398,20888.8386179649,-21435,105
1621935711671,1621935711771,100,5,444,29503.5473889888,-19278,298
1621935711891,1621935712021,130,21,438,17981.0873590335,-19687,193
1621935712031,1621935712101,70,3,62,3896.99560999052,-2920,58
1621935712131,1621935712151,20,0,34,338.423076493347,-1,309
1621935712251,1621935712261,10,-1,40,2955.11252223787,-1,-1
1621935712281,1621935712461,180,15,1575,87550.1353078223,-87247,22
1621935712570,1621935712630,60,8,323,16498.4893004883,-13028,197
1621935712880,1621935712890,10,-1,34,927.113873442307,-1,-1
1621935712930,1621935712990,60,4,140,9452.40985864555,-1628,61
1621935713090,1621935713140,50,10,388,21320.9734776881,-17048,342
1621935713150,1621935713160,10,-1,40,2088.36103356448,-1,-1
1621935713230,1621935713350,120,1,341,22466.021506444,-22883,157
1621935713360,1621935713380,20,0,47,2770.562333557,-1,140
1621935713410,1621935713440,30,1,129,10226.3812175633,-5068,225
1621935713460,1621935713520,60,1,404,30202.8698070366,-21516,53
1621935713690,1621935713750,60,3,126,6476.35599564984,-3951,127
1621935714110,1621935714159,49,6,205,12086.2167213195,-6368,136
1621935714169,1621935714189,20,0,33,1081.69288643939,-3,325
1621935714199,1621935714219,20,0,31,2395.76995385002,-1,119
1621935714469,1621935714489,20,0,39,3060.38830419896,-561,277
1621935714529,1621935714599,70,18,455,26462.8098210869,-27655,228
1621935714619,1621935714649,30,0,40,2605.82360317833,-813,59
1621935714659,1621935714709,50,1,160,9348.65222765511,-8934,7
1621935714749,1621935714769,20,0,55,3672.23096735285,-766,291
1621935714779,1621935714799,20,2,128,7994.03835587699,-1,238
1621935714819,1621935714899,80,10,216,15164.5075292224,-9690,83
1621935715009,1621935715099,90,7,1978,190307.862327047,-63495,285
1621935715109,1621935715149,40,4,291,13865.2381060824,-20551,247
1621935715469,1621935715818,349,30,1457,95319.8080243488,-120153,290
1621935715838,1621935716058,220,2,305,24352.7527288579,-23456,140
1621935716068,1621935716088,20,2,182,15543.3441142106,-7930,57
1621935716098,1621935716148,50,2,60,2881.22732910674,-2562,49
1621935716188,1621935716288,100,19,336,21699.7454145728,-17840,23
1621935716298,1621935716468,170,6,911,61025.1857174468,-61604,201
1621935716478,1621935716528,50,1,224,13557.7679676095,-8309,189
1621935716568,1621935716828,260,9,1935,155769.966374695,-180100,61
1621935716838,1621935717048,210,9,128,8949.77058956018,-8518,228
1621935717058,1621935717328,270,8,1022,59581.7712259433,-47798,309
1621935717338,1621935717358,20,1,48,2348.35019084514,-721,109
1621935717387,1621935717437,49,4,179,11770.0569397231,-14106,335
1621935717447,1621935717487,40,4,146,8485.32766851037,-1440,153
1621935717507,1621935717527,20,0,59,3254.54771186575,-730,160
1621935717547,1621935717567,20,1,58,3436.12289430281,-54,213
1621935717727,1621935717737,10,-1,40,2469.14126626211,-1,-1
1621935717747,1621935718027,280,23,521,33704.2651274158,-19437,194
1621935718037,1621935718087,50,2,52,1814.62160579464,-1359,22
1621935718097,1621935718127,30,1,67,2890.99074261135,-1572,12
1621935718157,1621935718207,50,5,176,11952.8355564723,-7443,16
1621935718217,1621935718227,10,-1,37,3504.02702178923,-1,-1
1621935718337,1621935718407,70,4,186,7558.95533685911,-983,18
1621935718417,1621935718487,70,4,145,12354.4944392695,-5820,125
1621935718497,1621935718507,10,-1,33,1009.03119609638,-1,-1
1621935718537,1621935718557,20,2,362,21922.5729210947,-1,79
1621935718567,1621935718617,50,3,294,26703.6568457607,-22938,269
1621935718627,1621935718787,160,17,619,36564.6975125287,-20692,197
1621935718807,1621935718827,20,0,33,1610.64467915222,-221,324
1621935718837,1621935718867,30,2,134,5700.77232753092,-5996,343
1621935718986,1621935719066,79,0,244,25938.3933751745,-13603,113
1621935719076,1621935719106,30,1,92,6457.14333875882,-4472,82
1621935719156,1621935719176,20,0,52,2457.46421823676,-2036,38
1621935719216,1621935719406,190,11,832,72204.553449899,-66715,114
1621935719416,1621935719466,50,6,290,23043.20060111,-13300,333
1621935719516,1621935719536,20,0,31,351.024481600603,-3,309
1621935719546,1621935719566,20,0,95,5885.63593882023,-1,59
1621935719576,1621935719596,20,0,56,3295.62676245086,-1474,277
1621935719606,1621935719616,10,-1,35,2534.01406301703,-1,-1
1621935719666,1621935719906,240,14,781,66080.9623416491,-44096,18
1621935719916,1621935719956,40,1,48,3307.15132227698,-463,356
1621935719986,1621935720096,110,4,382,17861.3952533567,-34545,291
1621935720106,1621935720326,220,29,592,27310.1671721361,-26860,177
1621935720386,1621935720466,80,10,507,42355.8034867903,-39331,324
1621935720506,1621935720516,10,-1,31,728.406772814255,-1,-1
1621935720526,1621935720596,70,4,109,5403.52848750023,-3567,26
1621935720616,1621935720625,9,-1,37,947.447578818738,-1,-1
1621935720705,1621935720715,10,-1,48,3027.23686943733,-1,-1
1621935720725,1621935720745,20,0,48,3712.80973211401,-707,336
1621935720755,1621935720945,190,8,641,24048.9444840426,-57546,182
1621935720985,1621935721025,40,3,143,11929.1941760472,-10353,266
1621935721085,1621935721105,20,1,94,7755.76461380028,-249,294
1621935721265,1621935721365,100,17,365,16927.4820632327,-18161,358
1621935721375,1621935721385,10,-1,89,6615.47977290858,-1,-1
1621935721395,1621935721465,70,2,82,3511.67516169714,-4456,181
1621935721495,1621935721515,20,0,57,1875.47244720704,-1,187
1621935721525,1621935721535,10,-1,60,5367.94680952086,-1,-1
1621935721565,1621935721775,210,8,603,27370.5589292145,-26158,146
1621935721785,1621935721795,10,-1,47,3223.15663698295,-1,-1
1621935721955,1621935721965,10,-1,31,363.07309965329,-1,-1
1621935722125,1621935722135,10,-1,100,9812.1199507586,-1,-1
1621935722145,1621935722155,10,-1,173,15239.4719320735,-1,-1
1621935722165,1621935722175,10,-1,62,5746.22930175212,-1,-1
1621935722504,1621935722554,50,5,208,11798.8909044428,-8960,70
1621935722764,1621935722864,100,11,457,31258.0768896052,-34195,0
1621935722894,1621935722954,60,2,41,3258.90018073401,-9,274
1621935722964,1621935722974,10,-1,57,3292.76997251623,-1,-1
1621935723044,1621935723064,20,0,50,3925.41556305082,-1,291
1621935723174,1621935723204,30,1,88,3766.8804491874,-5142,140
1621935723284,1621935723304,20,0,54,3803.56644535413,-1,111
1621935723344,1621935723384,40,2,63,2429.3423692353,-2617,338
1621935723574,1621935723694,120,10,359,25277.1080584805,-29149,221
1621935723714,1621935723794,80,1,228,19205.5774839661,-16237,321
1621935723804,1621935723824,20,0,63,4395.95083423238,-2496,50
1621935723834,1621935723864,30,0,53,3313.26915331608,-1321,41
1621935723963,1621935724083,120,16,342,16754.1941500873,-13213,187
1621935724093,1621935724153,60,1,158,7793.32884851777,-9431,199
1621935724163,1621935724253,90,1,315,27381.5668295753,-22766,21
1621935724403,1621935724493,90,6,191,8288.09604576067,-11805,83
1621935724503,1621935724513,10,-1,58,4037.77021940624,-1,-1
1621935724523,1621935724533,10,-1,31,1411.61123074968,-1,-1
1621935724723,1621935724773,50,1,50,2092.29231382,-1784,290
1621935724843,1621935724853,10,-1,34,1313.16085705007,-1,-1
1621935724903,1621935724923,20,0,36,1204.28789216779,-1,161
1621935725113,1621935725223,110,12,307,11323.2773885165,-17242,95
1621935725283,1621935725423,140,8,255,12280.2998831463,-19188,275
1621935725642,1621935725722,80,20,1204,67586.8699159072,-1,16
1621935725812,1621935726002,190,12,1269,58669.3758962792,-115117,351
1621935726042,1621935726062,20,1,55,5098.69805828266,-650,304
1621935726092,1621935726302,210,5,590,29811.4367365077,-38722,140
1621935726692,1621935726862,170,1,291,22942.57395444,-19896,3
1621935726892,1621935727152,260,30,573,17365.6382349089,-35382,203
1621935727162,1621935727261,99,2,489,14641.5360967874,-37457,57
1621935727351,1621935727371,20,0,42,2872.43861944375,-1,335
1621935727391,1621935727401,10,-1,32,1118.69570000898,-1,-1
1621935727411,1621935727421,10,-1,49,4500.11659492617,-1,-1
1621935727481,1621935727491,10,-1,53,2366.97446446588,-1,-1
1621935727781,1621935727801,20,0,52,3581.92387221408,-1852,308
1621935727881,1621935727941,60,3,362,19374.1118818653,-24455,118
1621935727951,1621935727961,10,-1,43,3579.50479194773,-1,-1
1621935728001,1621935728021,20,0,31,1607.92798066495,-1,119
1621935728091,1621935728201,110,3,595,38591.9113022209,-29676,265
1621935728341,1621935728351,10,-1,30,684.99302412926,-1,-1
1621935728371,1621935728471,100,0,302,22412.3486114386,-15750,48
1621935728481,1621935728541,60,7,236,13130.5350599097,-9165,79
1621935728601,1621935728681,80,1,160,6939.54316736896,-7607,263
1621935728741,1621935728761,20,2,119,11310.7720621536,-339,96
1621935728781,1621935728810,29,2,115,8442.81480215528,-76,302
1621935728860,1621935728970,110,6,335,20610.558215924,-25172,259
1621935728990,1621935729130,140,16,466,20750.6678454989,-20192,107
1621935728990,1621935729130,140,16,466,20750.6678454989,-20192,107
1621935729180,1621935729200,20,0,55,4201.28639463084,-1,265
1621935729260,1621935729280,20,0,46,1855.53160742624,-1559,248
1621935729330,1621935729340,10,-1,34,1585.76014652079,-1,-1
1621935729350,1621935729660,310,7,875,59390.9957626226,-44468,128
1621935729680,1621935729970,290,10,2499,187899.084560782,-71542,4
1621935730130,1621935730170,40,3,149,86.8699893281217,-3225,89
1621935730180,1621935730210,30,1,53,2276.84917763388,-1406,107
1621935730270,1621935730390,120,3,733,35989.9157766853,-47049,285
1621935730509,1621935730539,30,1,51,-1.0,-695,14
1621935730589,1621935730689,100,0,401,25722.3228892563,-35843,160
1621935730709,1621935730719,10,-1,33,1477.25330413163,-1,-1
1621935730809,1621935730829,20,0,45,2567.71518806189,-1292,288
1621935730939,1621935730989,50,5,220,9744.53421652475,-5410,263
1621935731049,1621935731079,30,1,64,3139.41509718832,-3322,121
1621935731099,1621935731219,120,1,345,15634.7861665191,-26869,24
1621935731299,1621935731309,10,-1,45,3097.98811510741,-1,-1
1621935731319,1621935731439,120,9,434,21814.9582917176,-37917,92
1621935731449,1621935731619,170,9,91,2949.26185859838,-4056,265
1621935731629,1621935731789,160,6,668,19584.3663853461,-35456,174
1621935731809,1621935731969,160,4,349,20391.689891339,-13517,137
1621935731979,1621935732128,149,1,402,32811.4174678438,-36980,75
1621935732138,1621935732218,80,2,283,20312.2030832976,-17920,316
1621935732228,1621935732248,20,3,335,19474.2373955028,-1,355
1621935732428,1621935732508,80,13,1586,6816.29284276275,-136717,67
1621935732598,1621935732688,90,43,1446,82650.8983328743,-80224,223
1621935732698,1621935732898,200,18,537,26847.5382233782,-24653,72
1621935732908,1621935733088,180,20,1164,62801.707204698,-92516,278
1621935733098,1621935733228,130,6,683,38899.5806014921,-30266,132
1621935733238,1621935733258,20,1,210,19837.0652159948,-11814,198
1621935733368,1621935733398,30,2,172,6642.19675263338,-1,244
1621935733548,1621935733697,149,24,2060,129941.975704379,-174885,156
1621935733717,1621935734197,480,8,803,60621.694644307,-56872,291
1621935734207,1621935734377,170,3,566,35387.538331308,-50634,335
1621935734407,1621935734417,10,-1,45,1915.17507848548,-1,-1
1621935734427,1621935734457,30,0,41,980.997730543966,-1109,64
1621935734467,1621935734547,80,3,332,23861.3682769443,-14445,288
1621935734587,1621935734607,20,2,122,10205.7436928893,-1,277
1621935734627,1621935734947,320,30,1755,104108.548108326,-105477,91
1621935735037,1621935735117,80,32,1670,107644.993415346,-94862,156
1621935735217,1621935735257,40,10,550,-1.0,-30913,233
1621935735267,1621935735287,20,0,63,3799.73585954544,-31,223
1621935735297,1621935735386,89,8,280,13938.7862292631,-5980,67
1621935735396,1621935735526,130,1,412,26325.5344131717,-34283,124
1621935735536,1621935735556,20,1,141,11572.4616204381,-7103,300
1621935735566,1621935735586,20,0,50,2466.54516872117,-48,142
1621935735606,1621935735746,140,7,439,31720.4725772725,-33014,253
1621935735766,1621935735816,50,13,464,30722.8440909506,-22929,72
1621935735826,1621935736006,180,35,941,46395.8748215187,-36351,286
1621935736016,1621935736036,20,0,116,9635.38872734239,-6542,312
1621935736056,1621935736186,130,0,1299,127871.222921793,-117484,124
1621935736206,1621935736736,530,15,1523,119393.546762999,-120143,342
1621935736766,1621935736786,20,0,37,2942.42847088251,-323,135
1621935736806,1621935736836,30,1,52,2315.88174888185,-1611,123
1621935736876,1621935736886,10,-1,32,1967.01232056675,-1,-1
1621935737085,1621935737105,20,0,44,2855.11683340909,-1386,114
1621935737405,1621935737435,30,1,62,2770.53047854001,-1504,46
1621935737445,1621935737515,70,5,167,7462.65916964341,-5357,39
1621935737535,1621935737865,330,26,551,20174.5069119659,-16620,221
1621935737905,1621935738005,100,5,416,35987.7190429247,-34828,108
1621935738015,1621935738045,30,0,37,1225.50710875957,-491,33
1621935738145,1621935738355,210,22,1112,47951.3359961162,-23114,38
1621935738505,1621935738944,439,19,651,42544.6376831152,-46336,192
1621935738964,1621935739254,290,20,647,25246.2779779609,-33559,212
1621935739264,1621935739274,10,-1,41,3199.18366960699,-1,-1
1621935739294,1621935739434,140,7,98,4910.65352751147,-2372,89
1621935739484,1621935739604,120,40,719,18713.3817842038,-29966,1
1621935739614,1621935739834,220,14,802,59385.2345454591,-62533,179
1621935739844,1621935739984,140,2,859,35595.3313514631,-76912,198
1621935740024,1621935740084,60,2,63,4685.23162217549,-2820,222
1621935740104,1621935740403,299,13,633,22833.5207831311,-32015,72
1621935740413,1621935740523,110,3,139,10649.4391434186,-9666,237
1621935740543,1621935740563,20,0,40,1661.45143487288,-821,218
1621935740583,1621935740753,170,23,624,34809.3572815066,-29388,274
1621935740773,1621935740963,190,4,183,13787.3473514172,-6854,338
1621935740973,1621935741613,640,30,1666,113330.743892436,-122460,180
1621935741633,1621935741743,110,3,259,8945.97964214271,-21266,30
1621935741843,1621935741932,89,1,190,15104.1118933979,-10522,21
1621935741942,1621935742222,280,6,350,30169.7727482435,-24723,191
1621935742242,1621935742502,260,23,679,32236.2442100538,-33658,49
1621935742512,1621935742642,130,10,181,11859.1121256559,-9308,200
1621935742652,1621935742942,290,15,775,23946.9570983875,-34827,20
1621935742962,1621935743192,230,14,431,30832.6309015813,-19672,257
1621935743202,1621935743232,30,0,56,3346.26446192819,-1105,180
1621935743252,1621935743402,150,20,887,58295.6305656965,-48567,341
1621935743412,1621935743581,169,13,359,29439.3084306525,-23635,172
1621935743601,1621935743801,200,9,666,44633.533378927,-28699,104
1621935743821,1621935743951,130,29,565,34657.5122611681,-43893,182
1621935743961,1621935744121,160,8,103,4776.5444530343,-3460,4
1621935744171,1621935744211,40,1,171,7278.94741452585,-171,141
1621935744221,1621935744321,100,3,280,14647.4757528917,-18187,83
1621935744461,1621935744571,110,34,1982,160750.81280833,-103601,341
1621935744591,1621935744681,90,6,188,8686.38527088768,-11169,155
1621935744691,1621935744981,290,15,737,48958.5326569446,-53149,357
1621935745041,1621935745260,219,41,958,65639.8402338602,-34233,174
1621935745470,1621935745960,490,19,2288,215140.342542965,-209657,297
1621935745990,1621935746010,20,0,42,2814.21005627213,-1164,15
1621935746070,1621935746140,70,10,321,16293.5045557943,-9087,102
1621935746150,1621935746250,100,7,99,3850.19670096783,-5098,265
1621935746370,1621935746460,90,9,381,22739.7940880852,-15615,311
1621935746470,1621935746500,30,0,39,737.318652222889,-1,102
1621935746570,1621935746779,209,9,372,30804.5256917776,-24811,262
1621935746789,1621935746919,130,8,90,4341.96284760054,-4608,139
1621935746929,1621935746949,20,1,197,13707.7383969746,-1,221
1621935747039,1621935747339,300,34,1965,96184.7981265003,-159989,235
1621935747039,1621935747339,300,34,1965,96184.7981265003,-159989,235
1621935747349,1621935747379,30,3,168,8435.34265618545,-12702,187
1621935747399,1621935747959,560,11,1170,79921.7101389013,-51027,17
1621935747969,1621935748239,270,26,1497,126051.198652382,-61722,157
1621935748279,1621935748289,10,-1,40,1109.42721160357,-1,-1
1621935748309,1621935748378,69,2,440,21579.2209733061,-34447,4
1621935748418,1621935748448,30,4,243,15609.7765134696,-19211,300
1621935748578,1621935748598,20,0,54,1461.7117443669,-1,222
1621935748778,1621935748788,10,-1,47,3630.66577742114,-1,-1
1621935748838,1621935748878,40,4,232,18928.3016906065,-19003,100
1621935749038,1621935749048,10,-1,30,763.064993517023,-1,-1
1621935749128,1621935749188,60,4,311,9353.4343027193,-23038,292
1621935749308,1621935749328,20,0,66,4552.83674655391,-1813,83
1621935749338,1621935749488,150,2,443,37276.0193352472,-17103,11
1621935749758,1621935749838,80,2,323,19426.9753974479,-15332,191
1621935749968,1621935750197,229,5,534,33477.071874742,-32614,103
1621935750277,1621935750327,50,5,341,19056.1022626212,-10667,302
1621935750337,1621935750387,50,3,321,30470.8602759765,-18658,103
1621935750397,1621935750437,40,5,269,16483.3443662388,-22742,272
1621935750447,1621935750457,10,-1,42,2258.24777751031,-1,-1
1621935750597,1621935750607,10,-1,36,1374.40253733696,-1,-1
1621935750617,1621935750687,70,7,232,8906.71208996817,-12221,76
1621935750697,1621935750707,10,-1,49,2760.02712025778,-1,-1
1621935750837,1621935750887,50,1,328,29228.3026488527,-18481,113
1621935750897,1621935750937,40,1,49,2481.31256087375,-5,272
1621935750947,1621935750957,10,-1,44,3842.71164503215,-1,-1
1621935751027,1621935751087,60,7,312,14775.9847880654,-12708,334
1621935751127,1621935751147,20,1,80,5843.37238596094,-593,22
1621935751247,1621935751267,20,1,69,5108.38838456089,-619,185
1621935751317,1621935751327,10,-1,32,381.361177352073,-1,-1
1621935751397,1621935751587,190,13,418,33008.7378754545,-25660,135
1621935751656,1621935751716,60,6,587,46599.7274106869,-11327,303
1621935751816,1621935751856,40,25,1478,7284.07033675928,-77779,318
1621935751966,1621935752146,180,48,1762,88839.9235971981,-126339,328
1621935752166,1621935752266,100,38,1898,188352.409409357,-63394,132
1621935752356,1621935752476,120,27,2193,51370.9212688047,-120337,146
1621935752486,1621935752566,80,2,263,19288.7429561595,-17948,262
1621935752666,1621935752916,250,5,731,31958.6873293496,-47362,112
1621935752946,1621935753016,70,5,114,3317.08545980648,-4292,349
1621935753066,1621935753116,50,2,78,2318.41377248412,-1611,30
1621935753136,1621935753295,159,17,456,34930.6648944383,-28129,58
1621935753305,1621935753315,10,-1,42,1930.03662321185,-1,-1
1621935753515,1621935753675,160,31,787,36239.1069987096,-44477,188
1621935753685,1621935753895,210,28,711,36602.3428107613,-25964,6
1621935753915,1621935753955,40,1,90,6098.01608313763,-3544,214
1621935754015,1621935754025,10,-1,42,1404.31805890164,-1,-1
1621935754065,1621935754075,10,-1,30,1535.24734575587,-1,-1
1621935754105,1621935754155,50,5,240,14332.0561140662,-17592,349
1621935754185,1621935754205,20,0,34,2196.9568633325,-1,240
1621935754225,1621935754245,20,0,39,1933.60521355352,-810,220
1621935754295,1621935754315,20,0,50,1761.94190771977,-1,168
1621935754325,1621935754495,170,28,841,41324.5208403333,-50093,291
1621935754585,1621935754685,100,2,591,26031.4813749488,-36404,257
1621935754705,1621935754735,30,2,113,7413.11877217266,-4076,126
1621935754785,1621935754805,20,0,47,1852.57021562072,-873,164
1621935755014,1621935755024,10,-1,35,2006.63631019867,-1,-1
1621935755434,1621935755484,50,4,172,9117.19572673616,-9979,97
1621935755744,1621935755864,120,5,366,16264.8957181681,-24369,7
1621935756094,1621935756214,120,12,407,18194.2650835835,-21110,215
1621935756234,1621935756264,30,29,1446,126720.148367345,-127497,99
1621935756294,1621935756354,60,32,2316,228724.743792021,-211604,285
1621935756474,1621935756573,99,5,316,28302.3672342888,-11272,145
1621935756623,1621935756733,110,2,810,32353.9642084431,-73489,75
1621935756743,1621935756753,10,-1,36,898.622472083843,-1,-1
1621935756793,1621935756873,80,6,291,18606.5328907906,-19828,301
1621935757173,1621935757333,160,6,472,33158.0881400769,-30130,130
1621935757433,1621935757453,20,0,58,2749.69002640301,-1,278
1621935757523,1621935757563,40,2,121,5984.69594473771,-4792,14
1621935757593,1621935757613,20,2,142,11392.1367923344,-1,100
1621935757673,1621935757683,10,-1,43,2636.84556471776,-1,-1
1621935757693,1621935757723,30,2,104,5843.50343415218,-5862,265
1621935757793,1621935757863,70,9,367,17886.8851999675,-16830,4
1621935757943,1621935757953,10,-1,33,1970.22386169904,-1,-1
1621935758013,1621935758023,10,-1,33,768.278155394376,-1,-1
1621935758033,1621935758093,60,10,450,23007.4710975102,-28057,4
1621935758302,1621935758442,140,19,291,9260.50984618937,-13127,199
1621935758452,1621935758462,10,-1,62,3995.13750299232,-1,-1
1621935758552,1621935758692,140,4,1100,89730.8451111444,-96211,253
1621935758702,1621935758752,50,1,292,17604.2611243511,-21266,276
1621935758802,1621935758812,10,-1,34,1673.35417347368,-1,-1
1621935758852,1621935758872,20,0,42,2498.945215546,-243,85
1621935758962,1621935759022,60,5,167,8373.08546547611,-6879,109
1621935759032,1621935759052,20,0,62,3548.80568591118,-7,279
1621935759062,1621935759072,10,-1,112,9228.42892188048,-1,-1
1621935759082,1621935759122,40,0,181,15387.9441416571,-12747,104
1621935759142,1621935759162,20,0,39,2633.23431922662,-350,286
1621935759242,1621935759272,30,1,63,3890.32162290838,-3172,118
1621935759432,1621935759502,70,4,142,6052.15773486373,-4004,296
1621935759831,1621935759891,59,2,55,1036.78587428153,-1,124
1621935759941,1621935760421,480,34,1897,123350.551504762,-151271,339
1621935760481,1621935760491,10,-1,109,8398.65291714018,-1,-1
1621935760711,1621935760841,130,38,1457,122474.527322733,-71558,166
1621935760931,1621935760951,20,0,583,-1.0,-54281,299
1621935761041,1621935761081,40,0,134,8382.35813608038,-1476,345
1621935761510,1621935761630,120,27,1015,78534.9296339018,-73545,90
1621935761650,1621935761690,40,2,147,9192.8764497423,-2777,59
1621935761700,1621935761830,130,8,604,43225.7925861216,-33576,317
1621935761850,1621935761870,20,0,39,2238.44559014655,-1,265
1621935761930,1621935761960,30,0,50,2294.70452073677,-1,259
1621935762050,1621935762140,90,18,831,60982.1698524878,-46403,180
1621935762150,1621935762170,20,0,55,4182.12941534207,-6,221
1621935762180,1621935762190,10,-1,34,1797.73267189901,-1,-1
1621935762220,1621935762240,20,0,70,3732.78932367909,-1,28
1621935762360,1621935762380,20,1,78,4985.93217636432,-1900,40
1621935762440,1621935762470,30,0,45,1401.87739653696,-1262,56
1621935762500,1621935762520,20,0,59,2305.99974203848,-1,285
1621935762610,1621935762620,10,-1,30,740.190513195402,-1,-1
1621935762670,1621935762790,120,20,640,27407.6106416086,-21620,29
1621935762840,1621935762850,10,-1,36,765.756594393392,-1,-1
1621935762860,1621935762870,10,-1,73,5538.73511650442,-1,-1
1621935762880,1621935762900,20,1,163,14300.5309832272,-2669,218
1621935762910,1621935763050,140,7,257,14428.9851197392,-13854,210
1621935763060,1621935763089,29,4,389,16247.908938137,-1,41
1621935763449,1621935763609,160,40,821,31772.311698617,-31678,253
1621935763619,1621935763649,30,2,125,7063.12163316088,-3720,57
1621935763689,1621935763819,130,4,90,4837.42167983066,-2320,118
1621935763829,1621935763859,30,1,90,5307.56147857979,-3733,78
1621935763889,1621935764029,140,11,275,23884.5074405164,-15799,244
1621935764039,1621935764119,80,3,81,5788.71150631091,-3219,72
1621935764169,1621935764219,50,1,41,1618.08184476542,-27,66
1621935764259,1621935764269,10,-1,43,1347.088358353,-1,-1
1621935764369,1621935764389,20,0,37,1064.82351870978,-1,75
1621935764469,1621935764559,90,2,326,22932.9265561516,-9773,229
1621935764569,1621935764768,199,5,1128,73346.2900822382,-38481,217
1621935764778,1621935764848,70,7,282,15217.4026959074,-19553,95
1621935764868,1621935764948,80,7,133,4459.60065434062,-55,123
1621935764958,1621935765048,90,5,410,26917.0565704464,-10093,6
1621935765058,1621935765128,70,6,359,33417.3146419043,-13402,220
1621935765258,1621935765378,120,10,920,55983.4647428253,-51464,272
1621935765408,1621935765468,60,0,195,17555.4760815602,-4982,140
1621935765478,1621935765768,290,14,539,38321.8367113941,-30405,202
1621935765818,1621935765848,30,1,61,2535.40250637913,-2467,19
1621935765878,1621935765928,50,1,41,909.285583391895,-757,52
1621935766018,1621935766048,30,1,84,2767.29177497989,-4783,286
1621935766078,1621935766098,20,1,99,5146.12746306853,-1,336
1621935766118,1621935766268,150,13,440,12173.5825493218,-40839,78
1621935766308,1621935766657,349,28,920,45807.6433075449,-70317,178
1621935766667,1621935767007,340,26,902,48493.6668305439,-40076,331
1621935767017,1621935767027,10,-1,47,3263.71513795274,-1,-1
1621935767077,1621935767097,20,0,47,2607.55556909301,-910,204
1621935767117,1621935767367,250,25,1281,57103.1647822597,-77036,3
1621935767397,1621935767417,20,0,53,2558.13725506589,-1,158
1621935767427,1621935767467,40,1,59,2347.11879047762,-2216,157
1621935767487,1621935767537,50,2,61,1344.25849634194,-1,185
1621935767567,1621935767587,20,0,44,2321.02162020663,-1,105
1621935767687,1621935767767,80,9,284,13450.326863481,-10884,65
1621935767817,1621935767827,10,-1,46,2986.75692645701,-1,-1
1621935767897,1621935767917,20,0,39,2290.26664565835,-299,264
1621935767977,1621935768036,59,6,169,9503.52756998943,-4644,44
1621935768046,1621935768066,20,0,91,6343.30410056491,-5939,251
1621935768266,1621935768316,50,8,329,17152.2110501462,-17815,125
1621935768356,1621935768366,10,-1,30,1527.74088270746,-1,-1
1621935768436,1621935768546,110,6,148,6669.30275143161,-8049,68
1621935768786,1621935768906,120,23,568,32258.4570916027,-19510,252
1621935768916,1621935768926,10,-1,38,1432.45970573327,-1,-1
1621935769236,1621935769276,40,2,76,3401.03929099535,-3913,193
1621935769416,1621935769436,20,0,43,2395.023518935,-1,66
1621935769655,1621935769685,30,1,60,2648.94329162244,-1723,182
1621935769865,1621935769935,70,2,89,4367.136604394,-3334,317
1621935770025,1621935770055,30,1,49,2066.663600165,-765,104
1621935770165,1621935770175,10,-1,35,1116.86872776564,-1,-1
1621935770245,1621935770465,220,36,830,27762.7506036012,-25229,33
1621935770675,1621935770855,180,27,585,27563.1353200531,-37450,196
1621935770865,1621935771025,160,29,675,31605.7081787489,-36108,345
1621935771055,1621935771304,249,25,3380,256644.77650371,-332751,187
1621935771055,1621935771304,249,25,3380,256644.77650371,-332751,187
1621935771324,1621935771354,30,2,124,5835.74216992828,-2371,175
1621935771364,1621935771644,280,12,512,25429.0517544655,-38390,189
1621935771654,1621935771734,80,2,71,3109.96776164274,-2069,140
1621935771774,1621935771834,60,3,62,2369.30725568963,-2424,109
1621935771894,1621935771914,20,0,34,1211.53616526638,-345,90
1621935771934,1621935772034,100,7,129,8534.07866530079,-6154,55
1621935772054,1621935772064,10,-1,31,1590.13417718249,-1,-1
1621935772164,1621935772214,50,8,325,13080.8905207008,-16430,95
1621935772294,1621935772334,40,1,54,1567.44497196067,-1783,252
1621935772344,1621935772374,30,0,47,1683.31635504959,-957,263
1621935772434,1621935772474,40,4,176,8987.42015194978,-8603,173
1621935772594,1621935772604,10,-1,30,660.664348309985,-1,-1
1621935772634,1621935772734,100,0,294,16472.22633543,-24089,352
1621935772774,1621935772784,10,-1,30,1549.91437599909,-1,-1
1621935772913,1621935772953,40,1,48,1665.88596340703,-1591,28
1621935773683,1621935773723,40,3,152,7693.92774394975,-8078,50
1621935774013,1621935774023,10,-1,33,1245.46752291813,-1,-1
1621935774283,1621935774353,70,2,70,3121.99329132944,-3250,145
1621935774642,1621935774672,30,2,99,7182.09200282769,-5861,142
1621935774982,1621935774992,10,-1,33,1570.77907850242,-1,-1
1621935775042,1621935775112,70,5,111,3280.3415390929,-6084,2
1621935775172,1621935775182,10,-1,39,1399.14628754699,-1,-1
1621935775372,1621935775382,10,-1,30,2171.67396413155,-1,-1
1621935775402,1621935775442,40,3,145,8338.52438985438,-5969,17
1621935775512,1621935775532,20,0,37,835.984737102506,-1,288
1621935775552,1621935775572,20,0,38,1509.25600824198,-1,257
1621935775662,1621935775672,10,-1,35,1492.81835720614,-1,-1
1621935775692,1621935775732,40,1,54,1215.72752168755,-1588,227
1621935775752,1621935775862,110,5,100,4322.34901149453,-3384,141
1621935775892,1621935775932,40,1,38,1776.9717672172,-5,104
1621935776002,1621935776082,80,7,134,6221.49507567866,-3625,222
1621935776092,1621935776261,169,10,134,5866.46564651875,-5171,73
1621935776291,1621935776401,110,2,1066,100518.27735358,-91030,67
1621935776471,1621935776791,320,34,562,22980.8436001457,-28826,201
1621935776801,1621935777201,400,17,454,23231.8830295552,-23630,0
1621935777211,1621935777251,40,4,151,6424.20271903819,-8126,0
1621935777291,1621935777451,160,10,354,28935.0035134166,-25649,357
1621935777461,1621935777491,30,0,54,1301.02140472844,-1,60
1621935777511,1621935777551,40,2,117,4853.5380159987,-65,87
1621935777581,1621935777611,30,1,78,3798.33062814649,-4807,84
1621935777621,1621935777661,40,1,61,2494.13996039864,-2464,103
1621935777711,1621935777780,69,10,412,17820.6554772512,-22039,2
1621935777790,1621935777810,20,0,55,2964.65191714958,-1,206
1621935777840,1621935777860,20,0,65,3101.41503993704,-1,229
1621935777900,1621935777910,10,-1,37,1128.67695718548,-1,-1
1621935778170,1621935778820,650,33,977,46789.6242947661,-86511,224
1621935778830,1621935778850,20,1,73,5329.63589484888,-1016,177
1621935778860,1621935778900,40,1,96,4677.48757291497,-1,4
1621935778910,1621935778970,60,2,178,16238.5083378204,-7720,28
1621935779030,1621935779060,30,1,76,2642.18416847703,-1,333
1621935779070,1621935779090,20,1,79,5646.86407972792,-701,78
1621935779409,1621935779419,10,-1,30,1136.88599162082,-1,-1
1621935779429,1621935779619,190,24,430,17162.1392239263,-14779,81
1621935779649,1621935779699,50,1,53,2583.92904578369,-1401,282
1621935779719,1621935779749,30,0,46,1353.99223202191,-881,282
1621935779769,1621935779819,50,1,35,665.908033673793,-459,286
1621935779859,1621935779889,30,4,221,14909.8499592785,-13854,103
1621935780619,1621935780679,60,2,54,1459.62313851216,-1145,91
1621935780749,1621935780769,20,0,39,1166.67223380271,-1,74
1621935780779,1621935780899,120,33,888,25504.0391752897,-38455,222
1621935780919,1621935781048,129,13,299,12687.7859947146,-11312,59
1621935781228,1621935781328,100,22,409,18052.1850297047,-11414,20
1621935781338,1621935781368,30,0,40,963.442016481127,-335,194
1621935781398,1621935781418,20,0,43,989.451087585264,-1,209
1621935781488,1621935781748,260,37,826,27368.3754286381,-38025,307
1621935781768,1621935781788,20,1,96,5292.46770053791,-1,316
1621935781798,1621935781898,100,11,225,8848.67378395513,-11039,150
1621935781938,1621935782038,100,3,90,3416.52059705931,-4051,106
1621935782078,1621935782088,10,-1,32,1241.25575311732,-1,-1
1621935782278,1621935782298,20,1,68,4723.76361564417,-1916,342
1621935782338,1621935782368,30,2,103,5943.52730261867,-275,323
1621935782378,1621935782767,389,28,892,60011.8328737929,-65873,141
1621935782787,1621935782797,10,-1,36,1312.48236258792,-1,-1
1621935782847,1621935782867,20,0,49,2190.97366691455,-1805,32
1621935782887,1621935782917,30,2,122,9104.96116477974,-3567,127
1621935782957,1621935783037,80,1,48,2465.81559034949,-779,352
1621935783047,1621935783087,40,2,103,6306.45448184032,-5936,17
1621935783137,1621935783147,10,-1,52,3848.76840267029,-1,-1
1621935783157,1621935783207,50,2,163,9820.88838244065,-13102,94
1621935783217,1621935783227,10,-1,31,1190.9180088436,-1,-1
1621935783257,1621935783267,10,-1,31,1927.04137574334,-1,-1
1621935783317,1621935783347,30,1,46,1721.17642012297,-1430,113
1621935783367,1621935783697,330,29,2679,234578.304307107,-234442,310
1621935783737,1621935783757,20,1,67,3977.3120026435,-1,52
1621935783767,1621935783867,100,7,113,4531.16613254099,-3580,169
1621935783877,1621935784007,130,6,91,3337.80826810174,-2527,179
1621935784047,1621935784117,70,2,51,1056.16536096218,-1921,156
1621935784147,1621935784187,40,1,38,1344.50380227326,-731,133
1621935784197,1621935784237,40,1,51,1050.00789751512,-1555,106
1621935784197,1621935784237,40,1,51,1050.00789751512,-1555,106
1621935784247,1621935784286,39,1,50,1705.50451712631,-1414,122
1621935784376,1621935784386,10,-1,39,1490.10798141433,-1,-1
1621935784436,1621935784486,50,2,76,2898.48352911095,-1968,80
1621935784616,1621935784686,70,2,54,1461.65237799203,-985,75
1621935784816,1621935784916,100,30,661,22476.2430708435,-29171,265
1621935784926,1621935784986,60,2,41,1687.35104576747,-1,87
1621935785006,1621935785016,10,-1,46,3564.20630301109,-1,-1
1621935785216,1621935785226,10,-1,41,2230.77349412976,-1,-1
1621935785266,1621935785356,90,32,727,24289.8560298219,-30322,86
1621935785366,1621935785386,20,0,70,5112.30020233414,-1,267
1621935785406,1621935785416,10,-1,33,2207.49679576652,-1,-1
1621935785426,1621935785476,50,4,128,4870.51504558214,-5484,261
1621935785486,1621935785526,40,0,65,1849.26321634251,-1,323
1621935785896,1621935785915,19,0,45,2192.54573247041,-1535,347
1621935786095,1621935786115,20,0,66,4321.60357576879,-1,218
1621935786235,1621935786275,40,0,152,12541.4469060096,-5917,258
1621935786615,1621935786635,20,0,37,1485.44973194518,-465,75
1621935787544,1621935787664,120,0,449,36391.2339309477,-22224,180
1621935787674,1621935787694,20,0,55,2218.92735651609,-1,52
1621935787874,1621935787914,40,5,231,11845.0050103799,-10628,30
1621935788014,1621935788034,20,0,52,3749.49387951389,-1337,243
1621935788044,1621935788254,210,33,620,31773.4004066166,-33301,165
1621935788384,1621935788604,220,10,463,23953.8616643706,-41938,346
1621935788614,1621935788624,10,-1,45,2499.57441530093,-1,-1
1621935788634,1621935788684,50,1,239,21441.0494029653,-15091,286
1621935788754,1621935789353,599,16,570,21629.3785481608,-23943,302
1621935789373,1621935789403,30,1,74,3755.40100150659,-3665,181
1621935789443,1621935789453,10,-1,39,1297.76938097238,-1,-1
1621935789513,1621935789523,10,-1,44,1500.64225050551,-1,-1
1621935789563,1621935789573,10,-1,37,1740.97619255616,-1,-1
1621935789623,1621935789653,30,0,50,2223.06815827483,-1244,98
1621935789693,1621935789713,20,0,41,1624.16362876373,-636,63
1621935789723,1621935789733,10,-1,34,869.52214036054,-1,-1
1621935790912,1621935790922,10,-1,48,2321.24226147116,-1,-1
1621935790942,1621935791012,70,4,88,4319.76197554074,-3143,242
1621935791032,1621935791132,100,4,68,3654.12817663399,-2483,250
1621935791182,1621935791192,10,-1,30,1029.82628103825,-1,-1
1621935791242,1621935791262,20,0,48,3084.90291628664,-1013,278
1621935791362,1621935791372,10,-1,30,445.120980312275,-1,-1
1621935791622,1621935791692,70,1,59,3650.73658080935,-2871,281
1621935791792,1621935791832,40,2,99,5095.8151999011,-4751,84
1621935791862,1621935791932,70,4,93,6409.03690461878,-2594,70
1621935791952,1621935791972,20,0,129,9287.88143592675,-1,149
1621935792112,1621935792312,200,34,1513,100255.560873627,-124619,307
1621935792322,1621935792362,40,4,199,11760.781581695,-12540,325
1621935792661,1621935792671,10,-1,33,1597.20924290732,-1,-1
1621935792691,1621935792941,250,5,382,30614.5652358218,-23149,326
1621935793251,1621935793261,10,-1,32,3036.28408152099,-1,-1
1621935793271,1621935793281,10,-1,67,6174.7493212548,-1,-1
1621935793391,1621935793561,170,2,345,24967.0067542279,-20365,196
1621935793591,1621935793671,80,0,406,30108.5387670855,-23697,8
1621935793731,1621935793751,20,0,40,982.578638359804,-1,54
1621935793761,1621935793851,90,7,198,10608.4238623569,-10747,167
1621935793971,1621935793991,20,0,59,2914.23550024388,-1,84
1621935794001,1621935794220,219,21,575,41493.1098743519,-30184,161
1621935794230,1621935794520,290,14,914,47720.3288844151,-49902,314
1621935794540,1621935794610,70,4,231,14311.6124546125,-15490,135
1621935794620,1621935794630,10,-1,49,3521.73519377868,-1,-1
1621935794710,1621935794720,10,-1,34,1041.89025266921,-1,-1
1621935794800,1621935794840,40,6,260,15411.5336497365,-9402,335
1621935795060,1621935795090,30,5,245,14398.3141117528,-11005,171
1621935795180,1621935795190,10,-1,35,1468.43756082424,-1,-1
1621935795380,1621935795400,20,0,37,1939.5686003016,-275,341
1621935795410,1621935795560,150,5,590,35941.2146768078,-42216,327
1621935795739,1621935795779,40,3,165,7950.10383340816,-6086,168
1621935795869,1621935795889,20,0,57,2912.50285404575,-1756,299
1621935795979,1621935796019,40,4,169,7841.05517787021,-7562,168
1621935796049,1621935796059,10,-1,37,1516.13073632195,-1,-1
1621935796119,1621935796229,110,10,169,4774.45336583521,-5680,356
1621935796249,1621935796259,10,-1,37,1439.47581136494,-1,-1
1621935796349,1621935796499,150,2,1829,129871.326564387,-162772,307
1621935796619,1621935796649,30,2,98,6141.89544481582,-4006,347
1621935796849,1621935796949,100,8,167,6790.59794556717,-10600,169
1621935796979,1621935796989,10,-1,31,2184.20246323914,-1,-1
1621935797169,1621935797319,150,4,238,13289.3729021132,-14114,341
1621935797328,1621935797438,109,0,350,37012.8672666276,-20844,71
1621935797728,1621935797778,50,2,78,5542.35703405102,-3533,168
1621935797828,1621935797838,10,-1,45,2743.88860427185,-1,-1
1621935797868,1621935797988,120,2,356,24961.3178393016,-13366,355
1621935797998,1621935798018,20,0,88,7608.57648712182,-5756,290
1621935798148,1621935798198,50,4,183,6564.76427069262,-1079,354
1621935798208,1621935798218,10,-1,34,2664.81746050254,-1,-1
1621935798428,1621935798488,60,7,265,19811.7520919338,-15687,174
1621935798658,1621935798778,120,2,582,25792.7081869248,-41247,25
1621935799067,1621935799077,10,-1,33,664.59287991564,-1,-1
1621935799097,1621935799127,30,3,152,9857.19340574852,-6220,150
1621935799137,1621935799147,10,-1,31,1188.23993275313,-1,-1
1621935799187,1621935799207,20,0,45,3155.73409401753,-1078,122
1621935799307,1621935799387,80,8,328,17938.9874216149,-26401,358
1621935799597,1621935799637,40,4,197,9230.64518102165,-7612,160
1621935799657,1621935799667,10,-1,31,1693.56456191538,-1,-1
1621935799807,1621935799967,160,3,422,19588.8737260728,-28699,294
1621935800117,1621935800207,90,4,79,4833.12162996589,-2596,359
1621935800367,1621935800427,60,8,285,14526.1996558422,-11199,158
1621935800487,1621935800507,20,0,32,754.612044180096,-5,300
1621935800646,1621935800656,10,-1,36,636.045821978997,-1,-1
1621935800766,1621935800816,50,5,219,11405.0068754935,-9250,346
1621935800846,1621935800856,10,-1,54,3276.79808111556,-1,-1
1621935800936,1621935801036,100,13,425,25716.7024237746,-14049,161
1621935801046,1621935801096,50,5,213,10368.8180499944,-17569,306
1621935801146,1621935801166,20,0,35,1671.10239803451,-14,265
1621935801226,1621935801236,10,-1,63,3436.96784128112,-1,-1
1621935801266,1621935801286,20,1,94,7141.52942740805,-700,184
1621935801536,1621935801616,80,10,322,17915.8032142233,-12974,3
1621935801666,1621935801676,10,-1,43,3041.01716399073,-1,-1
1621935801806,1621935801856,50,10,419,25261.4296952554,-19104,175
1621935801866,1621935801956,90,1,91,8413.48897918596,-3822,274
1621935802156,1621935802226,70,10,629,41842.3265458677,-51548,349
1621935802245,1621935802255,10,-1,60,3205.20124979319,-1,-1
1621935802315,1621935802325,10,-1,42,1393.61805664623,-1,-1
1621935802395,1621935802725,330,3,816,54205.6069172616,-45865,155
1621935802805,1621935802815,10,-1,419,38914.8997753989,-1,-1
1621935803205,1621935803405,200,13,823,21210.7471684009,-36180,101
1621935803415,1621935803425,10,-1,156,13334.5219826315,-1,-1
1621935803435,1621935803565,130,1,304,16717.8743278389,-16226,263
1621935803605,1621935803765,160,0,613,32194.5482847842,-42216,68
1621935803854,1621935803914,59,12,908,1545.46992577741,-41518,200
1621935803944,1621935804004,60,3,189,6871.17227612213,-8135,45
1621935804064,1621935804164,100,8,414,23660.7949836817,-16500,342
1621935804274,1621935804294,20,0,121,7625.1283728913,-1,51
1621935804304,1621935804314,10,-1,101,9407.47799560083,-1,-1
1621935804454,1621935804554,100,10,287,19277.0430788111,-11598,186
1621935804684,1621935804734,50,7,258,16518.1782398048,-14945,8
1621935804834,1621935804934,100,0,352,20825.8668176331,-26474,38
1621935804944,1621935804954,10,-1,45,2447.5846116854,-1,-1
1621935804964,1621935805024,60,10,293,14315.0024409496,-12708,191
1621935805374,1621935805424,50,8,302,13104.8934330363,-14476,7
1621935805434,1621935805454,20,0,36,1245.91446681375,-547,212
1621935805733,1621935805743,10,-1,46,1791.00859311106,-1,-1
1621935805753,1621935805793,40,4,155,7986.84458491515,-7850,75
1621935805933,1621935805953,20,0,40,-1.0,-217,95
1621935805963,1621935805983,20,0,48,3636.23540739187,-1369,243
1621935805993,1621935806003,10,-1,39,2027.57390191346,-1,-1
1621935806073,1621935806133,60,9,298,16354.239688827,-12593,215
1621935806393,1621935806443,50,7,270,13103.3818275704,-12163,9
1621935806723,1621935806743,20,2,142,12782.8987098119,-411,52
1621935806773,1621935806823,50,4,316,27213.3127971227,-8772,310
1621935807043,1621935807112,69,8,238,12587.4744317364,-9859,141
1621935807282,1621935807342,60,9,295,24280.9042234273,-21981,210
1621935807532,1621935807612,80,7,176,11177.0796030479,-7340,355
1621935807702,1621935807722,20,0,44,2022.43407914024,-1,139
1621935807742,1621935807752,10,-1,48,2316.01979314369,-1,-1
1621935807792,1621935807812,20,0,45,2264.33544616389,-1372,153
1621935808022,1621935808062,40,1,42,2214.74267333353,-528,48
1621935808132,1621935808142,10,-1,33,1263.84389980045,-1,-1
1621935808242,1621935808262,20,1,187,10812.873380348,-1,70
1621935808352,1621935808372,20,0,105,-1.0,-2573,233
1621935808402,1621935808502,100,6,110,4369.33814114526,-7348,36
1621935808532,1621935808562,30,6,311,22966.7851815095,-25746,223
1621935808642,1621935808662,20,0,88,5625.84682184673,-1,53
1621935808781,1621935809031,250,1,399,25136.5535041708,-24581,261
1621935809171,1621935809211,40,4,199,8601.19010573634,-6548,33
1621935809231,1621935809321,90,1,207,10980.6688892886,-9029,191
1621935809581,1621935809641,60,6,209,9936.55570913218,-9009,211
1621935809931,1621935809971,40,4,166,11000.9647041201,-8849,32
1621935810221,1621935810271,50,4,151,7847.33580474989,-6473,62
1621935810351,1621935810440,89,0,365,26438.7334258824,-19618,214
1621935810500,1621935810520,20,4,200,17844.160522933,-562,47
1621935810530,1621935810580,50,4,322,27921.2332782063,-16331,227
1621935810640,1621935810840,200,1,333,27531.0372658191,-26973,150
1621935811200,1621935811260,60,2,88,4871.28432990483,-4853,207
1621935811360,1621935811370,10,-1,38,2862.27680871072,-1,-1
1621935812129,1621935812139,10,-1,36,666.350941648877,-1,-1
1621935812619,1621935812649,30,1,58,2502.60620285571,-37,105
1621935812819,1621935813059,240,20,703,52275.7527263091,-7466,330
1621935813169,1621935813469,300,37,498,24000.8430892434,-26177,243
1621935813519,1621935813599,80,9,290,21327.0662340664,-20520,171
1621935813618,1621935813658,39,2,86,5016.10961932735,-4594,124
1621935813698,1621935813728,30,2,98,5800.72440799772,-2831,101
1621935813768,1621935813828,60,3,102,3453.98440261619,-3655,83
1621935813848,1621935813868,20,0,50,2466.81560311598,-1,36
1621935813898,1621935813918,20,0,36,1101.77348656305,-635,352
1621935813958,1621935813978,20,0,57,2495.17729412148,-1,323
1621935814028,1621935814098,70,3,103,3874.35137992955,-5696,333
1621935814118,1621935814158,40,16,1256,56612.4059949948,-1,129
1621935814248,1621935814448,200,4,364,11690.8998035758,-25721,286
1621935814458,1621935814468,10,-1,35,806.244218229565,-1,-1
1621935815297,1621935815317,20,0,50,2998.7225903764,-786,81
1621935815427,1621935815457,30,1,77,3818.6544797185,-3759,282
1621935815717,1621935815727,10,-1,35,2404.37568308923,-1,-1
1621935815837,1621935815957,120,39,1042,83529.0149471568,-80865,273
1621935816057,1621935816077,20,1,1551,-1.0,-148846,280
1621935816117,1621935816127,10,-1,46,1715.21907482711,-1,-1
1621935816157,1621935816557,400,33,646,27021.4145121166,-35798,97
1621935816567,1621935816587,20,0,46,1931.09566555589,-1,232
1621935816737,1621935816757,20,0,47,2645.0618895251,-1,120
1621935816946,1621935816956,10,-1,34,1206.97746514507,-1,-1
1621935817136,1621935817156,20,0,43,3267.68455227017,-1259,278
1621935818675,1621935818715,40,2,87,5241.1112551916,-5188,184
1621935818915,1621935819265,350,24,974,68381.3662408636,-45581,225
1621935819365,1621935819385,20,0,91,-1.0,-3757,18
1621935819395,1621935819435,40,1,56,1433.71266456049,-1840,321
1621935819445,1621935819465,20,0,56,2894.390108452,-1942,4
1621935819485,1621935819575,90,17,608,36925.7762999308,-29298,130
1621935819705,1621935819955,250,9,323,21452.5038150273,-24062,1
1621935819965,1621935820025,60,18,753,35238.2853685772,-5679,295
1621935820115,1621935820354,239,24,1661,74088.2834816153,-93649,274
1621935820364,1621935820414,50,3,478,33964.3440739648,-39523,100
1621935820424,1621935820464,40,1,36,962.685809098922,-1,88
1621935820484,1621935820504,20,0,60,5188.39744321373,-1,92
1621935820524,1621935820544,20,1,67,6016.16723927383,-2824,95
1621935820604,1621935820614,10,-1,60,5388.13676415399,-1,-1
1621935820744,1621935820754,10,-1,40,2647.84862979945,-1,-1
1621935820864,1621935820894,30,0,151,11217.1898985162,-5725,276
1621935820904,1621935820964,60,1,333,28166.6535897303,-27201,251
1621935821074,1621935821104,30,1,44,2522.92402269474,-582,214
1621935821124,1621935821134,10,-1,38,1777.10077333863,-1,-1
1621935821184,1621935821204,20,0,53,3645.42209914496,-262,305
1621935821224,1621935821284,60,1,50,2069.20427209317,-1740,275
1621935821314,1621935821354,40,0,52,2602.87521884305,-1486,340
1621935821394,1621935821404,10,-1,33,1509.24606872905,-1,-1
1621935821434,1621935821474,40,2,94,3767.15502973398,-2501,81
1621935821484,1621935821494,10,-1,32,297.005596083267,-1,-1
1621935821514,1621935821544,30,1,57,2569.29924239841,-2257,283
1621935821554,1621935821574,20,0,60,3737.7509207983,-1,118
1621935821704,1621935821724,20,0,63,3465.28418389064,-1,270
1621935821734,1621935821784,50,1,137,9521.05697839056,-4940,153
1621935821803,1621935821823,19,0,49,3037.64254615294,-1859,36
1621935821843,1621935821853,10,-1,39,1666.73785610229,-1,-1
1621935822033,1621935822043,10,-1,30,1813.46773549502,-1,-1
1621935822163,1621935822183,20,0,35,1516.74012762197,-500,341
1621935822423,1621935822513,90,37,1228,46775.6360535851,-10411,28
1621935822603,1621935822763,160,15,1734,118195.620299808,-151813,236
1621935822793,1621935822933,140,13,257,11996.5488345565,-9784,120
1621935822953,1621935823023,70,1,581,54475.7105173988,-15130,90
1621935823033,1621935823173,140,6,462,43087.4723506199,-15951,212
1621935823363,1621935823412,49,14,348,792.888868880601,-18071,256
1621935823472,1621935823522,50,1,92,3411.42943163498,-5243,16
1621935823622,1621935823652,30,1,77,4092.52026554523,-2299,16
1621935823672,1621935823752,80,14,583,31875.1600016872,-34485,87
1621935823892,1621935823902,10,-1,96,7296.61580065651,-1,-1
1621935823912,1621935823932,20,0,37,2010.95214115496,-1,90
1621935823942,1621935824042,100,27,543,14585.7120667014,-25204,211
1621935824052,1621935824152,100,5,147,10361.4817916491,-7576,30
1621935824172,1621935824202,30,0,38,2310.45527522634,-789,41
1621935824412,1621935824432,20,0,40,2034.51934359082,-351,291
1621935824462,1621935824592,130,3,121,3401.38352096863,-7670,334
1621935824602,1621935824652,50,1,53,2009.62822721939,-1000,352
1621935824742,1621935824782,40,1,53,1920.17655243573,-2345,138
1621935824792,1621935825041,249,20,626,25229.49906817,-24170,60
1621935825051,1621935825141,90,7,198,16665.3407084874,-11840,351
1621935825151,1621935825351,200,22,522,27739.5544406788,-19365,230
1621935825471,1621935825481,10,-1,31,-1.0,-1,-1
1621935825541,1621935825551,10,-1,36,1792.95969803985,-1,-1
1621935825591,1621935825601,10,-1,32,1085.92719745795,-1,-1
1621935825641,1621935825651,10,-1,53,3312.43986291474,-1,-1
1621935825661,1621935825691,30,0,42,1368.1646222691,-360,230
1621935825701,1621935825801,100,4,260,14618.065192131,-18482,22
1621935825901,1621935826021,120,20,343,17011.0163356804,-20719,85
1621935826031,1621935826071,40,2,114,9611.52185581538,-3211,221
1621935826081,1621935826091,10,-1,32,354.479026050565,-1,-1
1621935826121,1621935826131,10,-1,30,925.720447646728,-1,-1
1621935826141,1621935826181,40,0,43,802.726442098472,-1,175
1621935826241,1621935826251,10,-1,38,1468.35075045343,-1,-1
1621935826261,1621935826351,90,7,246,14799.3415045822,-13188,141
1621935826361,1621935826381,20,1,97,7196.42079240784,-2794,99
1621935826461,1621935826581,120,22,613,42611.6072011519,-46413,271
1621935826631,1621935826641,10,-1,33,988.137337665905,-1,-1
1621935826661,1621935826680,19,0,58,3763.93401289104,-2473,108
1621935826730,1621935826800,70,4,141,8449.8355511292,-973,55
1621935826860,1621935826880,20,0,37,2932.77191258194,-1,174
1621935827020,1621935827350,330,24,705,25837.8230546294,-46087,56
1621935827360,1621935827460,100,6,119,4640.07822795146,-6411,231
1621935827530,1621935827620,90,13,558,31558.5190206632,-25342,73
1621935827670,1621935827680,10,-1,31,1040.36627290359,-1,-1
1621935827730,1621935827750,20,1,116,8993.34256971007,-2708,258
1621935827790,1621935827800,10,-1,33,548.734073281002,-1,-1
1621935827810,1621935827830,20,0,48,3386.43923879913,-3,104
1621935827840,1621935827860,20,1,135,7770.26593460755,-1,239
1621935827870,1621935827940,70,2,124,11508.7593261219,-7963,214
1621935827950,1621935827990,40,2,118,10308.1186386159,-7460,47
1621935828020,1621935828100,80,9,169,6710.41851518807,-7720,233
1621935828140,1621935828429,289,13,590,18308.7638918211,-37496,270
1621935828469,1621935828889,420,14,957,43783.0863427912,-35518,103
1621935828959,1621935828979,20,1,94,7612.1134796805,-5141,281
1621935829259,1621935829309,50,2,78,3386.79760175174,-1799,152
1621935829529,1621935829569,40,7,280,14019.4662832669,-7213,66
1621935829579,1621935829609,30,0,45,711.740862577265,-1,262
1621935829679,1621935829689,10,-1,38,2383.35652255272,-1,-1
1621935829769,1621935829809,40,2,107,5550.21884914305,-4920,334
1621935829859,1621935829869,10,-1,36,2890.5149519651,-1,-1
1621935830378,1621935830448,70,24,720,31037.425182117,-44789,241
1621935830468,1621935830508,40,0,63,4167.27791424888,-3011,0
1621935830618,1621935831048,430,23,611,29826.4202237937,-23585,63
1621935831068,1621935831088,20,0,37,1392.85066248508,-1,246
1621935831198,1621935831218,20,0,92,-1.0,-4794,208
1621935831358,1621935831378,20,0,52,4050.06114832265,-1,71
1621935831408,1621935831508,100,3,48,2553.61997377177,-682,128
1621935831538,1621935831547,9,-1,33,2044.33897179171,-1,-1
1621935831787,1621935831857,70,21,572,37042.388193131,-24800,249
1621935831917,1621935831957,40,1,62,2795.53758934564,-1914,68
1621935832037,1621935832087,50,1,58,2656.3051104455,-1707,43
1621935832137,1621935832187,50,1,145,9080.61272804281,-7381,93
1621935832197,1621935832287,90,3,158,13092.8355258726,-10124,6
1621935832427,1621935832447,20,0,49,2229.28114154642,-1,107
1621935832587,1621935832667,80,4,463,18467.4315411581,-37383,279
1621935832677,1621935832687,10,-1,57,3022.55544161363,-1,-1
1621935832717,1621935832787,70,12,391,13253.006676624,-18985,253
1621935832867,1621935832877,10,-1,39,1273.45459660597,-1,-1
1621935832987,1621935833177,190,13,586,42885.7657677325,-37743,190
1621935833186,1621935833276,89,28,734,34023.9301112069,-37693,353
1621935833296,1621935833446,150,2,186,12962.9064838625,-12028,200
1621935833456,1621935833816,360,29,490,30067.509088677,-38155,91
1621935834136,1621935834246,110,23,575,25881.2417080302,-20926,227
1621935834326,1621935834356,30,1,60,3192.1996725512,-2611,43
1621935834386,1621935834666,280,10,1919,145416.062206171,-114875,222
1621935834686,1621935834835,149,5,647,41831.8933764331,-33505,14
1621935834845,1621935834865,20,0,48,3066.11715367318,-1647,127
1621935834905,1621935834925,20,1,83,5449.83354626061,-1,322
1621935835035,1621935835095,60,2,515,33715.3594432004,-17666,225
1621935835125,1621935835265,140,10,312,14265.7176664548,-12478,84
1621935835275,1621935835325,50,2,118,4439.94746286713,-1,300
1621935835355,1621935835375,20,1,74,6147.63131155471,-1,131
1621935835645,1621935835655,10,-1,40,1182.8617255589,-1,-1
1621935835665,1621935835675,10,-1,30,236.146175310537,-1,-1
1621935835685,1621935835735,50,2,65,1617.13274956197,-47,197
1621935835745,1621935835815,70,1,479,33461.4013873519,-6909,189
1621935835915,1621935836265,350,31,1280,97367.046860885,-44939,162
1621935836275,1621935836295,20,1,69,4192.59450969981,-3236,75
1621935836325,1621935836405,80,6,145,8985.60218303098,-4655,282
1621935836415,1621935836504,89,11,473,18867.7571432255,-27071,79
1621935836514,1621935836584,70,3,319,16044.010220006,-7933,310
1621935836594,1621935836624,30,1,96,6849.99025061531,-4664,302
1621935836644,1621935836694,50,1,47,1405.57345974047,-1255,40
1621935836834,1621935836984,150,26,409,19359.0756153978,-30157,268
1621935837034,1621935837054,20,0,35,747.204798768739,-222,54
1621935837074,1621935837084,10,-1,31,1470.55069880258,-1,-1
1621935837094,1621935837254,160,7,74,1971.8880172423,-4171,17
1621935837324,1621935837334,10,-1,36,1229.37775098709,-1,-1
1621935837424,1621935837524,100,25,627,21158.9869404902,-24617,106
1621935837544,1621935837584,40,2,64,4755.27908053548,-1,284
1621935837604,1621935837664,60,3,78,4874.80712670726,-2685,297
1621935837674,1621935837694,20,0,45,1018.46448047145,-1,333
1621935837734,1621935837744,10,-1,33,483.925746336084,-1,-1
1621935838024,1621935838034,10,-1,38,1224.14155545515,-1,-1
1621935838253,1621935838323,70,18,382,20821.6879110046,-10219,290
1621935838353,1621935838393,40,5,209,9342.9390301874,-10114,281
1621935838433,1621935838533,100,3,109,7911.33796930538,-6777,136
1621935838593,1621935838613,20,0,40,1527.03806626437,-1,102
1621935838633,1621935838673,40,1,92,4190.75470316417,-5564,122
1621935838723,1621935838743,20,0,42,1585.8807506212,-1,208
1621935838893,1621935838923,30,1,54,2389.9417626763,-974,103
1621935839073,1621935839163,90,30,1037,70579.6673689052,-59351,102
1621935839183,1621935839203,20,0,63,3700.61584501864,-1264,278
1621935839213,1621935839333,120,5,135,10148.0052552861,-5706,277
1621935839343,1621935839413,70,2,46,1183.43453093868,-1169,309
1621935839443,1621935839473,30,0,44,1237.09316284372,-1,286
1621935839503,1621935839513,10,-1,38,2290.32669608987,-1,-1
1621935839623,1621935839653,30,0,45,3091.68980247392,-1059,280
1621935839663,1621935839792,129,29,522,29585.5835726381,-25248,299
1621935839802,1621935839852,50,0,223,9001.76229166222,-3386,71
1621935839862,1621935840062,200,12,762,74272.5485950193,-69725,190
1621935840242,1621935840252,10,-1,31,1050.63589526587,-1,-1
1621935840292,1621935840302,10,-1,36,823.767000788876,-1,-1
1621935840312,1621935840332,20,0,35,1635.14250474589,-1,40
1621935840392,1621935840402,10,-1,42,1915.9128590859,-1,-1
1621935840422,1621935840552,130,21,509,26011.5126750918,-22021,140
1621935840582,1621935840622,40,3,119,4235.91552809034,-1,296
1621935840632,1621935840682,50,3,102,5320.84417671819,-2227,2
1621935840702,1621935840902,200,11,283,13203.7085113466,-10588,41
1621935840912,1621935840952,40,2,153,11840.7906864895,-7352,23
1621935840962,1621935840992,30,1,103,8676.95686099234,-4309,236
1621935841002,1621935841042,40,9,372,15417.4618455309,-15455,36
1621935841092,1621935841142,50,0,120,7126.98256519424,-4448,229
1621935841192,1621935841202,10,-1,35,709.961562052941,-1,-1
1621935841212,1621935841262,50,1,79,4061.80451967898,-3826,206
1621935841272,1621935841282,10,-1,32,1221.22174924022,-1,-1
1621935841331,1621935841371,39,1,45,802.225593074031,-9,108
1621935841381,1621935841421,40,1,88,4687.81868950405,-3136,91
1621935841451,1621935841471,20,0,51,1313.76472768804,-1,253
1621935841531,1621935841551,20,0,98,6297.66068456111,-1,96
1621935841561,1621935841581,20,1,91,6963.89636770172,-3970,250
1621935841721,1621935841931,210,23,562,18004.5731236087,-20665,272
1621935841941,1621935841951,10,-1,71,5180.72875568631,-1,-1
1621935841981,1621935842021,40,0,100,6818.73924346322,-1498,175
1621935842031,1621935842051,20,0,72,5214.09590928905,-4098,101
1621935842081,1621935842131,50,1,51,1856.53902212905,-706,124
1621935842141,1621935842151,10,-1,35,3124.65704664645,-1,-1
1621935842191,1621935842201,10,-1,30,1005.48024593405,-1,-1
1621935842371,1621935842391,20,0,50,3712.3297221901,-485,77
1621935842661,1621935842671,10,-1,32,353.172118161423,-1,-1
1621935842681,1621935842701,20,1,70,5157.88520508555,-1641,70
1621935842711,1621935842751,40,1,46,2417.28329959374,-1476,25
1621935842801,1621935842851,50,11,405,17917.4956780053,-21358,157
1621935842861,1621935842881,20,0,46,3364.4710667755,-1149,330
1621935842901,1621935843410,509,20,538,20667.2185332794,-18877,104
1621935843680,1621935843690,10,-1,67,-1.0,-1,-1
1621935843750,1621935843770,20,0,46,3045.61513081082,-1,144
1621935843790,1621935843840,50,10,414,14093.9987097655,-1,324
1621935843960,1621935844270,310,16,1837,160053.295419244,-149364,126
1621935844300,1621935844390,90,3,91,3287.05875231673,-2336,180
1621935844400,1621935844440,40,1,68,1459.89034217804,-31,81
1621935844450,1621935844470,20,0,85,6824.39284853835,-3144,241
1621935844599,1621935844629,29,1,63,4353.19422707613,-2682,113
1621935844839,1621935844909,70,0,131,9865.18730052375,-9405,82
1621935844959,1621935844979,20,1,159,10540.085640593,-1,212
1621935844989,1621935845009,20,0,138,12026.1783006869,-9300,19
1621935845079,1621935845089,10,-1,30,1672.60566173507,-1,-1
1621935845419,1621935845449,30,2,147,7356.07732649088,-1,93
1621935845459,1621935845479,20,0,41,2830.10711664028,-698,0
1621935845569,1621935845589,20,0,31,2696.13554119928,-1,295
1621935845629,1621935845659,30,2,131,8913.34606380801,-3263,45
1621935845699,1621935845759,60,0,229,19440.07225056,-9834,234
1621935845769,1621935845829,60,4,308,20063.6558274831,-16482,232
1621935846179,1621935846189,10,-1,34,1469.73042467469,-1,-1
1621935846378,1621935846388,10,-1,30,1497.47195423321,-1,-1
1621935846558,1621935846568,10,-1,35,1820.66515859096,-1,-1
1621935846578,1621935846588,10,-1,30,1594.80604198669,-1,-1
1621935846778,1621935846818,40,0,151,12703.2503417509,-3531,135
1621935846938,1621935846968,30,1,66,3550.99601924284,-3338,26
1621935846998,1621935847008,10,-1,54,3570.5157302291,-1,-1
1621935847018,1621935847028,10,-1,46,1727.42631239415,-1,-1
1621935847038,1621935847058,20,0,74,4893.34944851489,-3963,45
1621935847108,1621935847128,20,0,34,2238.29240528797,-1,74
1621935847148,1621935847178,30,2,132,6087.6617609435,-5383,251
1621935847678,1621935847688,10,-1,37,909.547891306492,-1,-1
1621935848067,1621935848257,190,6,268,11275.4904576469,-13628,19
1621935848267,1621935848297,30,4,234,21075.2023030061,-16428,199
1621935848317,1621935848337,20,0,56,3856.58877626105,-533,255
1621935848387,1621935848397,10,-1,37,1660.90723413909,-1,-1
1621935848407,1621935848467,60,2,81,5508.05869896285,-2794,106
1621935848517,1621935848527,10,-1,34,1194.19037075491,-1,-1
1621935848927,1621935848937,10,-1,30,247.876827316322,-1,-1
1621935849067,1621935849097,30,1,95,4861.35590047773,-5485,198
1621935849107,1621935849157,50,2,147,6667.37027113604,-10975,21
1621935849317,1621935849327,10,-1,36,1291.39399866797,-1,-1
1621935849347,1621935849357,10,-1,43,2287.49196765565,-1,-1
1621935849486,1621935849816,329,16,533,23737.0846393645,-23638,116
1621935849866,1621935849996,130,6,399,21616.3349830669,-12837,110
1621935850636,1621935850966,330,16,493,45416.8510234921,-27397,281
1621935851016,1621935851086,70,13,424,21282.9496243804,-20413,93
1621935851115,1621935851125,9,-1,31,927.797132879661,-1,-1
1621935851175,1621935851185,10,-1,32,1231.56082614873,-1,-1
1621935851195,1621935851205,10,-1,32,750.009540949287,-1,-1
1621935851255,1621935851275,20,0,44,3218.44293077286,-1,257
1621935851285,1621935851415,130,8,114,6110.74669325358,-2092,248
1621935851425,1621935851475,50,6,205,11037.4615914774,-8915,71
1621935851715,1621935851875,160,17,352,18100.4175651595,-20274,235
1621935851935,1621935852005,70,1,97,6274.54698328422,-1,52
1621935852025,1621935852055,30,0,45,1931.21560176987,-1480,56
1621935852075,1621935852125,50,2,86,3785.39793805687,-3383,52
1621935852215,1621935852225,10,-1,38,910.365270370299,-1,-1
1621935852285,1621935852495,210,29,707,38951.1849163141,-45588,342
1621935852535,1621935852555,20,1,70,4076.97750622337,-1,96
1621935852565,1621935852585,20,0,38,926.28602443024,-31,165
1621935852595,1621935852665,70,2,63,2938.76827068304,-2057,171
1621935852675,1621935852685,10,-1,36,1477.53280948876,-1,-1
1621935852754,1621935852784,29,1,73,2943.39137772942,-1,107
1621935853074,1621935853344,270,33,2235,86937.1512963181,-197268,217
1621935853354,1621935853424,70,6,161,11478.0339338065,-8682,5
1621935853444,1621935853544,100,3,91,3342.88474042065,-3460,24
1621935853594,1621935853634,40,0,78,3028.14282742854,-1,291
1621935853754,1621935853804,50,1,107,7604.44631174563,-7270,325
1621935853894,1621935853904,10,-1,38,1519.85228809328,-1,-1
1621935853954,1621935854074,120,28,511,27601.1057600442,-14075,139
1621935854084,1621935854264,180,16,169,4943.52442036416,-6367,330
1621935854304,1621935854393,89,2,400,13961.2638846629,-32538,230
1621935854593,1621935854793,200,5,533,31857.6967304835,-31823,6
1621935854833,1621935854853,20,0,39,1951.45961233244,-1,124
1621935854913,1621935855023,110,18,2144,110849.327031717,-210070,286
1621935855063,1621935855133,70,2,124,6078.64809618364,-6648,123
1621935855143,1621935855153,10,-1,37,2084.2853374621,-1,-1
1621935855173,1621935855203,30,1,44,3902.13639059732,-1020,87
1621935855283,1621935855303,20,0,57,3946.96669583353,-1,71
1621935855323,1621935855343,20,0,41,1440.74406445189,-278,101
1621935855363,1621935855373,10,-1,31,286.422769135437,-1,-1
1621935855423,1621935855433,10,-1,32,1739.91138750863,-1,-1
1621935855453,1621935856102,649,31,2751,157589.53945375,-116159,105
1621935856112,1621935856502,390,19,105,4013.99066729226,-3908,326
1621935856522,1621935856732,210,13,356,18673.4360819157,-10870,251
1621935856842,1621935856882,40,10,942,-1.0,-48571,92
1621935857691,1621935857801,110,35,1033,53608.4167502759,-44593,264
1621935857831,1621935857961,130,9,581,49333.7773482045,-31085,86
1621935858001,1621935858081,80,3,297,14439.0283960531,-20236,245
1621935858151,1621935858511,360,13,310,12394.5286254524,-14375,293
1621935858531,1621935858621,90,6,152,6301.45044343374,-5655,103
1621935858681,1621935858691,10,-1,33,1014.48794795607,-1,-1
1621935858991,1621935859011,20,0,42,2745.42004457576,-1,75
1621935859111,1621935859131,20,0,30,77.4023857250416,-1,51
1621935859241,1621935859260,19,0,56,3516.13755512362,-1464,278
1621935859440,1621935859540,100,1,63,2797.91179537221,-2121,134
1621935859760,1621935859780,20,1,88,6657.19965042175,-931,104
1621935859860,1621935859900,40,2,88,3471.93063479313,-1,93
1621935860110,1621935860130,20,0,38,1878.14476882612,-326,110
1621935860600,1621935860620,20,0,44,1546.69199808391,-1,90
1621935860650,1621935860690,40,1,53,2906.10389852427,-1395,111
1621935860740,1621935860770,30,0,39,1319.7730175051,-423,107
1621935860780,1621935860800,20,0,38,1026.32642429719,-2,84
1621935860850,1621935860870,20,0,43,1341.03845009306,-1,14
1621935860880,1621935860899,19,0,33,387.596489454884,-1,295
1621935860909,1621935860939,30,0,36,891.659368921073,-257,355
1621935860949,1621935860989,40,3,105,4547.96639523509,-4915,293
1621935861049,1621935861169,120,6,131,8027.02825629512,-6366,306
1621935861199,1621935861209,10,-1,44,1571.29859020784,-1,-1
1621935861259,1621935861279,20,0,37,1931.33856502042,-117,243
1621935861299,1621935861319,20,0,50,2985.63805708901,-1857,265
1621935861379,1621935861509,130,1,446,31551.7717056431,-24009,346
1621935861519,1621935861569,50,0,81,6853.78084312939,-4998,64
1621935861609,1621935861619,10,-1,37,954.991876630556,-1,-1
1621935861689,1621935861749,60,1,276,26599.0890551054,-11647,91
1621935861929,1621935861949,20,0,63,4362.23192552512,-1,209
1621935861969,1621935861999,30,0,43,1925.32493044867,-1288,61
1621935862019,1621935862059,40,1,66,2718.85703964753,-3091,82
1621935862079,1621935862109,30,1,64,2661.54397444935,-3049,80
1621935862199,1621935862249,50,6,196,13200.4066123828,-9657,52
1621935862259,1621935862269,10,-1,34,1197.46148027767,-1,-1
1621935862389,1621935862409,20,0,49,2182.42690334115,-1,355
1621935862419,1621935862439,20,0,73,3047.25213927596,-1,323
1621935862449,1621935862538,89,14,1041,73114.9785702376,-16007,202
1621935862678,1621935863088,410,26,620,29895.1264639963,-20519,14
1621935863098,1621935863188,90,11,366,11408.8337564408,-17366,332
1621935863338,1621935863388,50,10,413,24279.5426262476,-21749,143
1621935863428,1621935863448,20,0,34,1881.41200652657,-1,310
1621935863458,1621935863488,30,1,61,2605.13267812712,-2226,301
1621935863638,1621935863698,60,13,480,26216.196976903,-18021,313
1621935863708,1621935863718,10,-1,35,1881.51987801299,-1,-1
1621935863878,1621935863888,10,-1,31,773.956739921047,-1,-1
1621935864147,1621935864197,49,15,523,31386.7833651081,-24731,138
1621935864237,1621935864257,20,0,36,1145.85289914186,-1,336
1621935864297,1621935864307,10,-1,34,805.620950046783,-1,-1
1621935864737,1621935864767,30,1,55,2553.3689682926,-2108,153
1621935865067,1621935865097,30,2,137,7420.6625113799,-1311,323
1621935865107,1621935865117,10,-1,66,6137.26020034712,-1,-1
1621935865167,1621935865177,10,-1,41,2419.15749051805,-1,-1
1621935865337,1621935865397,60,13,298,17584.4117560635,-17259,267
1621935865477,1621935865487,10,-1,45,2430.0712592551,-1,-1
1621935865597,1621935865657,60,14,523,26890.3366824212,-26916,45
1621935865896,1621935865936,40,7,322,16931.3398463011,-17438,163
1621935866006,1621935866016,10,-1,34,615.012489141648,-1,-1
1621935866286,1621935866346,60,16,460,18752.2116769666,-18394,166
1621935866366,1621935866416,50,3,94,4237.90315339587,-2416,342
1621935866446,1621935866476,30,1,64,2765.48153993597,-917,327
1621935866496,1621935866526,30,1,52,2142.55150748547,-1347,357
1621935866596,1621935866666,70,28,628,20349.8564802031,-20388,349
1621935866706,1621935866856,150,10,314,16595.8195195909,-17017,167
1621935866906,1621935866966,60,15,551,21675.4765461413,-29929,158
1621935867016,1621935867036,20,0,31,1883.94984644228,-5,176
1621935867126,1621935867236,110,1,183,10125.9262974056,-4239,120
1621935867346,1621935867625,279,13,791,69503.0405952217,-47173,230
1621935867635,1621935867645,10,-1,79,5233.18278288533,-1,-1
1621935867655,1621935867705,50,2,129,10834.475963337,-7519,165
1621935867725,1621935868165,440,14,565,25680.3006020417,-28987,122
1621935868195,1621935868215,20,0,47,2158.64124063686,-432,30
1621935868245,1621935868255,10,-1,32,357.848752938985,-1,-1
1621935868275,1621935868365,90,11,397,21074.4372817427,-18999,165
1621935868405,1621935868425,20,0,34,633.931803351765,-1,12
1621935868535,1621935868565,30,3,139,6506.94113812491,-6468,149
1621935868615,1621935868635,20,0,31,122.905188629239,-1,45
1621935868675,1621935868695,20,0,34,1181.38450306561,-152,336
1621935868715,1621935868735,20,0,31,298.945563041133,-1,341
1621935868795,1621935868805,10,-1,30,345.884236279603,-1,-1
1621935868905,1621935868975,70,0,121,5259.52198483941,-18,45
1621935869035,1621935869154,119,35,632,31170.4984445427,-33000,289
1621935869164,1621935869254,90,3,79,2923.57666955768,-1840,138
1621935869264,1621935869414,150,8,107,3452.64272715426,-4810,116
1621935869594,1621935869604,10,-1,33,710.302231253394,-1,-1
1621935869664,1621935869684,20,0,32,1129.4723439896,-114,126
1621935869984,1621935870064,80,13,408,18997.5138299763,-16922,80
1621935870074,1621935870084,10,-1,35,2225.99354625089,-1,-1
1621935870124,1621935870144,20,0,42,1700.32537604506,-1,277
1621935870184,1621935870204,20,0,38,1958.99656501411,-664,254
1621935870214,1621935870294,80,11,288,12590.4564156872,-8768,248
1621935870394,1621935870424,30,0,40,1578.35381583597,-262,180
1621935870434,1621935870544,110,24,535,25753.9991050006,-22217,83
1621935870554,1621935870584,30,1,58,2735.36641183447,-1541,258
1621935870723,1621935870783,60,8,256,12328.3154479648,-10471,194
1621935870953,1621935871013,60,8,318,16696.0032236237,-17986,22
1621935871023,1621935871033,10,-1,41,1806.44265362333,-1,-1
1621935871313,1621935871363,50,8,293,16520.0741346483,-9966,340
1621935871403,1621935871443,40,3,173,9618.3529367225,-5214,132
1621935871483,1621935871513,30,1,79,4707.5615105473,-310,187
1621935871573,1621935871603,30,0,50,1849.72403801562,-1,188
1621935871613,1621935871633,20,2,120,9527.4492465965,-469,67
1621935871643,1621935871693,50,3,279,20820.2588844418,-8805,236
1621935871703,1621935871763,60,1,39,1820.18360417963,-604,358
1621935871863,1621935871873,10,-1,37,1699.42871700678,-1,-1
1621935872303,1621935872362,59,22,634,32253.9636562423,-19192,302
1621935872482,1621935872502,20,0,46,1983.20213260808,-963,131
1621935872532,1621935872542,10,-1,34,1118.16637164663,-1,-1
1621935872642,1621935872672,30,1,83,3615.46444457623,-2271,64
1621935872882,1621935872932,50,1,36,869.151610833033,-1,170
1621935873182,1621935873212,30,5,250,13233.9272983533,-12351,98
1621935873232,1621935873252,20,0,53,2055.37933457678,-1,96
1621935873422,1621935873472,50,2,98,4639.49419917501,-2354,139
1621935873622,1621935873652,30,5,266,13723.7854568693,-12242,7
1621935873672,1621935873692,20,0,37,2548.2858882468,-11,18
1621935874051,1621935874091,40,4,157,9463.77216417993,-8326,200
1621935874251,1621935874821,570,19,390,15822.2016224828,-17916,160
1621935874841,1621935874871,30,1,48,1639.64881646424,-417,337
1621935874891,1621935874921,30,1,67,2574.48814753056,-1489,317
1621935874961,1621935874981,20,0,30,328.211218800359,-1,327
1621935875121,1621935875171,50,9,361,16901.3436727409,-20957,349
1621935875191,1621935875301,110,5,76,2708.51656490841,-1288,177
1621935875311,1621935875361,50,1,45,1012.28075263142,-899,183
1621935875461,1621935875491,30,0,35,955.04163784186,-169,65
1621935875521,1621935875550,29,1,54,1483.22673387503,-900,13
1621935875800,1621935876050,250,17,568,32526.3413139543,-25528,300
1621935876060,1621935876100,40,2,91,5267.41327334443,-1102,237
1621935876110,1621935876120,10,-1,30,1194.76553299613,-1,-1
1621935876130,1621935876160,30,1,67,2518.1456537558,-3334,155
1621935876180,1621935876220,40,1,53,2652.49197807176,-1190,137
1621935876230,1621935876240,10,-1,31,598.471723217869,-1,-1
1621935876480,1621935876560,80,6,118,6474.00459768171,-4705,84
1621935876930,1621935876970,40,2,113,6141.66335749366,-4637,168
1621935877010,1621935877020,10,-1,32,532.765344632074,-1,-1
1621935877090,1621935877140,50,2,61,1936.66948566851,-2196,23
1621935877190,1621935877409,219,10,637,33343.5425113324,-10005,167
1621935877499,1621935877649,150,8,627,48195.2991389245,-29790,356
1621935877669,1621935877709,40,4,165,6576.5493146787,-7598,9
1621935877749,1621935877879,130,4,254,16907.7132890953,-10958,285
1621935878109,1621935878209,100,10,444,20890.9805432651,-21133,352
1621935878229,1621935878349,120,5,77,3204.48548367771,-2082,179
1621935878469,1621935878479,10,-1,33,1773.0177988882,-1,-1
1621935878529,1621935878539,10,-1,32,404.02174300189,-1,-1
1621935878719,1621935878978,259,20,740,48400.8996968119,-20191,305
1621935879068,1621935879148,80,3,67,2347.75103586973,-2069,157
1621935879178,1621935879198,20,0,33,778.164461479559,-294,135
1621935879218,1621935879238,20,0,50,1290.27522162986,-1,161
1621935879298,1621935879328,30,2,127,5344.92387765451,-5686,93
1621935879718,1621935879768,50,2,90,5284.56016000795,-4082,116
1621935880008,1621935880018,10,-1,30,1024.77415076126,-1,-1
1621935880148,1621935880178,30,1,80,4586.85209217174,-3720,26
1621935880497,1621935880507,10,-1,30,1568.65750478165,-1,-1
1621935880887,1621935881077,190,7,427,19017.2288542609,-5764,202
1621935881167,1621935881217,50,10,208,-1.0,-1189,127
1621935881227,1621935881647,420,34,349,17615.2731736547,-12553,318
1621935881667,1621935881757,90,3,45,961.220309842027,-924,25
1621935881897,1621935881987,90,11,372,16827.6490221428,-15452,119
1621935882057,1621935882076,19,0,39,3073.13804762166,-1,306
1621935882086,1621935882136,50,10,366,24133.111949627,-21005,176
1621935882156,1621935882176,20,0,39,1982.9001442942,-331,311
1621935882186,1621935882216,30,0,34,586.845561830012,-1,355
1621935882226,1621935882246,20,0,52,2094.89822323532,-1,311
1621935882306,1621935882396,90,11,313,17470.6801330861,-14742,4
1621935882446,1621935882456,10,-1,40,1108.01606809748,-1,-1
1621935882696,1621935882926,230,30,740,38068.9540156721,-27408,284
1621935882946,1621935882966,20,0,35,837.790683756302,-1,68
1621935882986,1621935883096,110,4,82,4514.29158307359,-4202,122
1621935883116,1621935883146,30,2,96,4271.29191314904,-6146,101
1621935883166,1621935883176,10,-1,42,1844.15802366412,-1,-1
1621935883296,1621935883396,100,8,172,12096.7517293981,-7974,178
1621935883556,1621935883586,30,3,600,59099.9823068596,-44792,291
1621935883666,1621935884185,519,18,594,42202.1213618573,-25241,55
1621935884205,1621935884295,90,4,70,1924.64817156349,-1953,167
1621935884465,1621935884475,10,-1,33,2050.37070628909,-1,-1
1621935884575,1621935884585,10,-1,34,554.620587510596,-1,-1
1621935884715,1621935884735,20,0,42,1040.22155919057,-1,69
1621935885085,1621935885115,30,1,64,2576.28604864144,-2057,290
1621935885794,1621935885804,10,-1,36,1528.47266687469,-1,-1
1621935885854,1621935885954,100,2,312,19808.9631734248,-17331,7
1621935885994,1621935886164,170,13,622,39706.9236721428,-20503,199
1621935886264,1621935886474,210,15,719,24708.9986239792,-44004,348
1621935886564,1621935886594,30,1,129,-1.0,-4572,318
1621935886624,1621935886664,40,1,121,5898.401733564,-1,352
1621935886674,1621935886754,80,9,294,19003.6955116201,-12432,256
1621935886914,1621935886954,40,2,68,3661.80869784428,-53,72
1621935887373,1621935887413,40,2,92,3947.44174468284,-3896,228
1621935888333,1621935888483,150,15,347,10290.1732233404,-23219,89
1621935888513,1621935888592,79,4,99,7541.62851743182,-6269,298
1621935888642,1621935888682,40,1,52,1068.3744351201,-1281,275
1621935888702,1621935888732,30,0,45,2260.87504519677,-1535,263
1621935888872,1621935888882,10,-1,32,560.984772574384,-1,-1
1621935888922,1621935888932,10,-1,42,1223.02797513209,-1,-1
1621935888952,1621935889202,250,23,795,40418.4771534699,-28221,328
1621935889212,1621935889312,100,6,98,5153.58139735876,-2273,173
1621935889362,1621935889452,90,3,47,1400.22931372761,-928,141
1621935889462,1621935889482,20,0,45,1942.79412059474,-403,146
1621935889512,1621935889532,20,0,33,1051.72688543327,-198,130
1621935889712,1621935889732,20,0,35,958.218161288296,-2,112
1621935890032,1621935890052,20,0,44,1473.78274921312,-1,63
1621935890092,1621935890122,30,0,35,613.60647684626,-4,75
1621935890781,1621935890811,30,2,131,9409.01088654639,-2259,100
1621935891161,1621935891201,40,3,127,7107.85519820125,-4696,294
1621935891731,1621935891771,40,5,195,12321.9077408004,-9812,101
1621935892030,1621935892080,50,4,144,7368.77876437192,-6490,283
1621935893709,1621935893759,50,8,273,13622.0514764417,-12601,118
1621935894029,1621935894079,50,7,321,19944.675372248,-17328,308
1621935894629,1621935894679,50,4,165,8443.83988393356,-6308,100
1621935894719,1621935894929,210,8,788,47265.3227646223,-31245,204
1621935895069,1621935895498,429,29,1271,113039.578131991,-69123,42
1621935895508,1621935895718,210,10,308,24537.3832100693,-11511,333
1621935895728,1621935895758,30,1,49,1299.85564148881,-965,299
1621935895818,1621935895828,10,-1,30,787.502167361376,-1,-1
1621935895848,1621935895858,10,-1,37,854.387624088575,-1,-1
1621935895948,1621935896008,60,6,231,10414.3297830827,-11547,271
1621935896158,1621935896168,10,-1,30,1299.72357745745,-1,-1
1621935896468,1621935896518,50,5,194,9642.0551588566,-7766,40
1621935896747,1621935896817,70,18,574,35563.3464900222,-24758,262
1621935896877,1621935896897,20,0,41,2060.91023412539,-1,90
1621935896997,1621935897017,20,0,43,1650.0234653101,-1,221
1621935897077,1621935897137,60,1,48,1056.94203817212,-257,86
1621935897147,1621935897327,180,23,702,33666.5180231371,-34441,308
1621935897347,1621935897517,170,32,850,30304.1775603783,-39863,118
1621935897537,1621935897577,40,1,66,4850.07463442383,-1879,307
1621935897587,1621935897647,60,5,171,8730.82351067316,-6557,283
1621935897657,1621935897667,10,-1,30,268.567023845878,-1,-1
1621935897847,1621935897937,90,7,227,11364.197918257,-18298,71
1621935897947,1621935897957,10,-1,45,3263.16526370021,-1,-1
1621935897967,1621935897987,20,0,57,3476.65904017407,-780,113
1621935897997,1621935898047,50,2,88,3479.70983512118,-3721,143
1621935898077,1621935898137,60,2,78,3100.58392340047,-1869,152
1621935898147,1621935898327,180,12,250,11165.0106615108,-9046,189
1621935898446,1621935898546,100,23,389,12987.609128991,-16356,321
1621935898786,1621935898816,30,2,120,6607.02472087697,-5563,64
1621935898946,1621935898966,20,0,44,2595.91902583978,-699,281
1621935899656,1621935899676,20,0,58,4147.15155950864,-1,110
1621935900145,1621935900165,20,0,37,920.337431148729,-394,125
1621935900175,1621935900195,20,0,32,345.792143372504,-154,141
1621935900215,1621935900235,20,0,33,444.549430814562,-1,164
1621935900325,1621935900375,50,2,77,2628.76019734302,-3185,102
1621935900435,1621935900495,60,0,204,9363.41240699083,-7484,101
1621935900715,1621935900785,70,6,179,6285.62974844026,-5636,251
1621935900865,1621935900885,20,0,30,1112.57719755438,-3,233
1621935900905,1621935900925,20,1,128,7900.06420821005,-1,82
1621935901025,1621935901095,70,7,251,7114.05785047695,-11709,261
1621935901115,1621935901135,20,0,59,2516.87896090727,-1,233
1621935901345,1621935901385,40,4,163,10890.1452013995,-7014,82
1621935901754,1621935901764,10,-1,45,2688.20665900142,-1,-1
1621935901974,1621935902004,30,8,701,-1.0,-38543,346
1621935902114,1621935902544,430,17,701,61581.9356516221,-46626,232
1621935902554,1621935902564,10,-1,51,3422.55113739932,-1,-1
1621935902574,1621935902584,10,-1,96,7152.58728234224,-1,-1
1621935902594,1621935902644,50,1,97,8670.69025156851,-4689,169
1621935902664,1621935902744,80,25,807,33804.4480005831,-37672,100
1621935902794,1621935902834,40,1,35,711.523290538921,-507,272
1621935902914,1621935902944,30,1,51,1665.89889463077,-2081,95
1621935902974,1621935902984,10,-1,36,2133.33734212358,-1,-1
1621935903273,1621935903283,10,-1,46,3020.51419778076,-1,-1
1621935903353,1621935903373,20,0,32,1048.35306582948,-71,284
1621935903403,1621935903413,10,-1,40,2170.26982932232,-1,-1
1621935903473,1621935903483,10,-1,49,2484.71184516333,-1,-1
1621935903543,1621935903573,30,2,129,9345.96530021562,-7511,184
1621935903923,1621935903953,30,1,58,2547.38203088787,-1409,77
1621935904113,1621935904133,20,0,55,2629.31266943849,-1,61
1621935904193,1621935904213,20,0,38,1580.79122338576,-533,69
1621935904443,1621935904453,10,-1,59,4133.73905518495,-1,-1
1621935904583,1621935904633,50,5,213,10435.7794475463,-9164,196
1621935904763,1621935904803,40,6,284,15773.9293409258,-11398,354
1621935904912,1621935904942,30,1,78,3880.79633096725,-2112,146
1621935904982,1621935905012,30,1,87,4186.79512978151,-3078,94
1621935905162,1621935905202,40,1,54,1812.04462264866,-755,279
1621935905212,1621935905232,20,0,66,2949.35905968808,-1,274
1621935905242,1621935905252,10,-1,116,8840.47057033804,-1,-1
1621935905262,1621935905332,70,3,120,8501.73085742093,-5851,171
1621935905342,1621935905352,10,-1,45,2513.47847256102,-1,-1
1621935905362,1621935905432,70,1,49,1362.60032855146,-1207,75
1621935905502,1621935905542,40,5,202,11274.2991520047,-10656,350
1621935905852,1621935905882,30,1,63,2848.23102136394,-2940,94
1621935906791,1621935906841,50,6,228,13127.2453809488,-9998,175
1621935907271,1621935907301,30,2,128,6543.24652170962,-4962,348
1621935907811,1621935907851,40,3,140,7669.89097192542,-7763,172
1621935908200,1621935908270,70,4,107,5066.10032607974,-4317,353
1621935908700,1621935908730,30,1,85,4272.91438467166,-4785,159
1621935909080,1621935909130,50,4,137,7617.18935948213,-6355,175
1621935909270,1621935909320,50,7,255,12550.263583764,-11767,354
1621935909590,1621935909620,30,1,72,4608.07644894269,-3379,155
1621935909819,1621935909929,110,4,174,12711.6694305455,-4198,58
1621935909939,1621935909989,50,2,55,1595.95824324347,-927,271
1621935910039,1621935910169,130,0,371,33635.9608182242,-13951,191
1621935910179,1621935910189,10,-1,71,5162.10029189451,-1,-1
1621935910239,1621935910289,50,2,74,4619.23831333058,-2568,165
1621935910839,1621935910879,40,1,116,5961.20149555826,-3697,141
1621935910889,1621935910969,80,2,444,16357.4230005204,-40072,63
1621935910979,1621935910989,10,-1,55,3749.05849370825,-1,-1
1621935910999,1621935911049,50,2,251,18962.6553727467,-8833,232
1621935911149,1621935911319,170,0,466,33667.2266961154,-26350,104
1621935911398,1621935911438,40,3,131,6151.24297744332,-6373,330
1621935911628,1621935911658,30,1,86,5477.87834859707,-1056,173
1621935911818,1621935911868,50,2,118,7739.75372249521,-6951,333
1621935912088,1621935912128,40,3,136,6619.98934473628,-6023,170
1621935912538,1621935912558,20,0,50,3089.74064117732,-425,102
1621935912598,1621935912618,20,0,59,2214.71488259755,-1,126
1621935912678,1621935912688,10,-1,35,1264.9432430411,-1,-1
1621935912878,1621935912958,80,3,257,20809.3674269447,-13055,16
1621935913387,1621935913437,50,7,242,10354.734940737,-11489,0
1621935913457,1621935913467,10,-1,30,1207.23826256835,-1,-1
1621935913637,1621935913737,100,17,629,23303.0362874772,-11518,174
1621935913927,1621935914387,460,4,725,7812.66753296125,-19936,63
1621935914407,1621935914447,40,1,94,4364.70491701458,-706,299
1621935914457,1621935914517,60,5,136,6027.87937719358,-4536,57
1621935914577,1621935914587,10,-1,30,1837.01743446203,-1,-1
1621935914616,1621935914626,9,-1,44,3532.42238776087,-1,-1
1621935914656,1621935914666,10,-1,33,1461.26265080982,-1,-1
1621935914836,1621935914906,70,12,330,10032.106152288,-11680,262
1621935915056,1621935915106,50,8,388,21114.3826143185,-15649,346
1621935915206,1621935915216,10,-1,31,308.817707918604,-1,-1
1621935915256,1621935915286,30,1,50,1546.24856782492,-714,158
1621935915296,1621935915326,30,3,184,8945.20957099192,-7895,58
1621935915346,1621935915356,10,-1,32,1559.73542013965,-1,-1
1621935915476,1621935915486,10,-1,36,1567.84758284361,-1,-1
1621935915526,1621935915566,40,1,52,1762.06720079507,-2004,135
1621935915586,1621935915636,50,6,239,12691.6413197038,-8626,250
1621935915956,1621935915986,30,1,51,2151.05203467846,-1251,90
1621935916405,1621935916505,100,7,259,13268.0036600022,-11479,190
1621935916535,1621935916545,10,-1,33,1922.45937183024,-1,-1
1621935916555,1621935917045,490,23,868,38695.8930199415,-64546,17
1621935917055,1621935917065,10,-1,34,1438.13148964894,-1,-1
1621935917225,1621935917265,40,2,90,4405.09758895138,-5464,119
1621935917505,1621935917515,10,-1,37,1600.30379366583,-1,-1
1621935917535,1621935917555,20,0,39,2360.30266161955,-1,291
1621935917875,1621935917904,29,1,71,4165.22719854663,-3299,85
1621935918204,1621935918224,20,0,48,3353.20230428375,-225,273
1621935918234,1621935918254,20,0,47,1774.82638688804,-1518,280
1621935918344,1621935918354,10,-1,32,870.156600079557,-1,-1
1621935918714,1621935918754,40,2,102,6311.67176792237,-4915,98
1621935919354,1621935919434,80,2,129,9183.36688303399,-9856,181
1621935919474,1621935919484,10,-1,39,1884.09546138872,-1,-1
1621935919563,1621935919583,20,0,43,1681.32337242834,-1147,278
1621935919603,1621935919633,30,1,90,4610.26110094522,-4108,266
1621935919983,1621935920063,80,0,267,15584.4009557147,-7649,15
1621935920363,1621935920403,40,2,83,5324.62394392008,-1828,269
1621935920413,1621935920433,20,0,36,2155.78648773337,-9,87
1621935920613,1621935920643,30,0,41,1192.33772017981,-520,96
1621935921252,1621935921362,110,0,294,10008.9297212154,-15348,51
1621935921372,1621935921392,20,0,124,11009.4200820679,-9000,249
1621935921422,1621935921442,20,0,101,6193.36185411776,-1,55
1621935921532,1621935921552,20,1,122,11748.111692331,-6599,251
1621935921562,1621935921582,20,1,140,8644.34242917325,-1,82
1621935921672,1621935921702,30,1,270,-1.0,-20268,217
1621935921812,1621935921822,10,-1,94,7711.76825244016,-1,-1
1621935921832,1621935921982,150,1,593,50295.1456509882,-21093,74
1621935921992,1621935922012,20,1,121,10762.0476920331,-3378,247
1621935922082,1621935922102,20,0,46,2665.68732159788,-1,53
1621935922322,1621935922422,100,0,405,34349.5036104869,-25442,180
1621935922652,1621935922662,10,-1,84,5895.67636530398,-1,-1
1621935922672,1621935922682,10,-1,97,8246.09332602409,-1,-1
1621935922861,1621935922911,50,2,317,14813.6670609559,-9668,68
1621935923061,1621935923111,50,1,267,19810.9619242632,-15358,237
1621935923121,1621935923141,20,0,81,6891.24189088467,-3923,61
1621935923151,1621935923191,40,1,328,26362.8452487654,-10392,73
1621935923261,1621935923341,80,0,201,19274.4153785983,-7781,45
1621935923451,1621935923481,30,4,232,13828.8994956132,-1,242
1621935923491,1621935923571,80,7,202,17165.6766799758,-5061,49
1621935923651,1621935923711,60,6,278,13882.4011218793,-21367,232
1621935924630,1621935924700,70,8,184,16064.6905678889,-14801,80
1621935924710,1621935924770,60,3,271,21987.9679924329,-7728,237
1621935924930,1621935924950,20,3,144,14143.8081095698,-1,58
1621935925000,1621935925060,60,1,224,19424.1866261595,-9551,225
1621935925120,1621935925140,20,0,102,6083.9122584175,-1,241
1621935925150,1621935925160,10,-1,156,13233.2885693428,-1,-1
1621935925170,1621935925180,10,-1,109,10669.7178866872,-1,-1
1621935925230,1621935925660,430,31,833,52012.5819591053,-78281,272
1621935925690,1621935925730,40,2,310,14775.8140715138,-1,70
1621935925820,1621935925920,100,4,320,9113.14707314424,-14503,110
1621935925930,1621935925950,20,0,51,2283.55925826197,0,3
1621935925970,1621935925980,10,-1,128,11809.8912960682,-1,-1
1621935925990,1621935926199,209,2,484,36335.6763680296,-24867,96
1621935926209,1621935926219,10,-1,229,21014.3492671278,-1,-1
1621935926229,1621935926259,30,1,134,7431.75827803827,-1,244
1621935926269,1621935926279,10,-1,141,12206.9781578142,-1,-1
1621935926289,1621935926339,50,1,182,16970.1641668184,-10696,282
1621935926359,1621935926439,80,0,259,17885.6207598932,-10279,8
1621935926459,1621935926569,110,5,279,15891.7203883944,-19178,261
1621935926679,1621935926749,70,5,107,5917.92040593109,-3964,94
1621935926799,1621935926849,50,10,405,27772.6235905893,-28991,278
1621935926869,1621935926929,60,8,287,14101.9938430752,-19614,106
1621935927039,1621935927049,10,-1,82,-1.0,-1,-1
1621935927089,1621935927119,30,1,87,4934.94641272585,-5131,48
1621935927159,1621935927239,80,0,223,20879.883344468,-8450,52
1621935927419,1621935927489,70,3,359,18048.490583607,-7598,229
1621935927519,1621935927549,30,1,78,3512.99269501786,-4587,60
1621935927569,1621935927599,30,1,84,4643.44822340666,-3811,55
1621935927738,1621935927828,90,6,240,22773.0548391107,-16614,267
1621935927998,1621935928028,30,2,138,9469.66381407595,-1327,57
1621935928078,1621935928228,150,2,225,20315.1946810229,-16116,128
1621935928678,1621935928738,60,0,182,10265.8502595353,-1,201
1621935928748,1621935928758,10,-1,104,10093.2120272593,-1,-1
1621935928798,1621935928848,50,1,110,7682.07289698811,-6220,64
1621935928858,1621935928868,10,-1,32,2515.55676349739,-1,-1
1621935928928,1621935928978,50,3,119,7788.62218266502,-5948,280
1621935929138,1621935929158,20,0,104,6404.91074384423,-1,64
1621935929168,1621935929178,10,-1,88,8147.23878024993,-1,-1
1621935929188,1621935929277,89,0,158,10327.1562269998,-11963,79
1621935929397,1621935929407,10,-1,33,2197.42763204729,-1,-1
1621935929427,1621935929467,40,3,309,27269.0990982748,-18155,250
1621935929657,1621935929677,20,11,944,-1.0,-36833,249
1621935929727,1621935929937,210,18,769,44490.3534987392,-44344,54
1621935929997,1621935930107,110,2,367,21560.5692281147,-22969,225
1621935930117,1621935930157,40,1,271,24181.4738740704,-20645,59
1621935930507,1621935930587,80,7,220,14557.6281928832,-15649,237
1621935930597,1621935930617,20,0,37,1520.09854844265,-692,258
1621935930847,1621935930887,40,2,90,4684.31245229778,-3831,350
1621935931166,1621935931206,40,4,163,8059.44233592195,-9078,116
1621935931276,1621935931306,30,0,413,37876.4311317663,-8542,56
1621935931316,1621935931326,10,-1,442,43723.834386112,-1,-1
1621935931336,1621935931396,60,0,281,27780.248965559,-16763,284
1621935931536,1621935931616,80,2,374,20437.8263383261,-28135,358
1621935931636,1621935931676,40,2,79,4355.63097906937,-2202,63
1621935931786,1621935932006,220,0,571,21991.7023389613,-41089,71
1621935932016,1621935932026,10,-1,46,3194.2467798069,-1,-1
1621935932116,1621935932256,140,9,1165,72416.2996570294,-91031,72
1621935932286,1621935932336,50,16,675,42485.0287053937,-42594,57
1621935932456,1621935932635,179,5,209,13668.2357362654,-9870,228
1621935932695,1621935932725,30,0,68,4464.04969129767,-2570,137
1621935933065,1621935933195,130,1,291,21161.5257546327,-21331,48
1621935933385,1621935933465,80,3,215,14193.6558546591,-14151,200
1621935933475,1621935933485,10,-1,117,10367.4689697938,-1,-1
1621935933495,1621935933505,10,-1,247,22121.9892478424,-1,-1
1621935933515,1621935933525,10,-1,270,26396.1795584015,-1,-1
1621935933535,1621935933595,60,0,246,23990.0280959661,-20389,68
1621935933625,1621935933655,30,1,73,4174.71987881892,-3472,56
1621935933665,1621935933735,70,7,240,18269.9061403158,-8375,290
1621935933885,1621935933905,20,1,85,7714.12293467874,-1,61
1621935933915,1621935933935,20,0,85,4898.98644339837,-1,229
1621935934144,1621935934164,19,0,54,3284.01192446849,-1,221
1621935934594,1621935934654,60,7,237,10131.9823899934,-14245,281
1621935934664,1621935934674,10,-1,72,5893.32459943266,-1,-1
1621935934894,1621935934944,50,9,284,12972.7623470324,-12551,91
1621935935004,1621935935034,30,0,96,6073.15876257764,-2848,42
1621935935054,1621935935074,20,0,80,3951.40423254582,-1,250
1621935935194,1621935935214,20,0,54,2821.26176938689,-1,245
1621935935254,1621935935344,90,3,321,14201.5608901395,-10110,77
1621935935364,1621935935414,50,0,257,20053.1895844487,-8470,246
1621935935614,1621935935684,70,1,134,8023.1004815947,-6798,246
1621935935694,1621935935704,10,-1,40,1469.16574344473,-1,-1
1621935935714,1621935935744,30,1,83,4715.09325651462,-4905,54
1621935935764,1621935935793,29,1,54,2243.49369801759,-1323,343
1621935935813,1621935935883,70,3,309,21089.8420188821,-10237,18
1621935936043,1621935936343,300,22,671,21921.4673864351,-35162,217
1621935936363,1621935936393,30,1,60,3119.82109417416,-3043,199
1621935936543,1621935936613,70,15,443,21104.744040115,-18011,58
1621935937033,1621935937103,70,3,104,6549.27816654181,-4978,214
1621935937273,1621935937303,30,2,108,6289.14275775459,-6939,244
1621935937313,1621935937393,80,1,160,9727.49542116459,-7600,42
1621935937403,1621935937452,49,4,152,8752.14850067317,-9077,39
1621935937702,1621935937712,10,-1,39,2196.07050449562,-1,-1
1621935937752,1621935937762,10,-1,48,2811.86861331839,-1,-1
1621935937862,1621935937872,10,-1,34,1041.08039439336,-1,-1
1621935937982,1621935938042,60,0,285,16531.5209972978,-7689,190
1621935938062,1621935938142,80,2,356,12892.8996021485,-21302,295
1621935939012,1621935939032,20,0,36,1284.99967183885,-10,54
1621935939651,1621935939691,40,2,108,4683.84054273944,-5405,221
1621935940191,1621935940271,80,1,247,19658.0878576769,-11172,354
1621935940551,1621935940571,20,0,33,461.345325597955,-10,67
1621935940740,1621935940850,110,1,187,6821.94358872145,-7844,153
1621935940860,1621935940910,50,3,127,5047.41196860772,-7653,327
1621935940980,1621935941000,20,2,144,10418.6635249442,-1,58
1621935941010,1621935941110,100,2,324,20288.3214549381,-17825,226
1621935941120,1621935941130,10,-1,32,3027.2918316636,-1,-1
1621935941220,1621935941250,30,2,121,9104.95691032143,-8721,248
1621935942489,1621935942529,40,3,103,5425.5117804683,-4688,91
1621935942559,1621935942589,30,4,220,13597.3039102912,-7107,246
1621935942629,1621935942649,20,1,81,5997.15970663776,-325,53
1621935942829,1621935942879,50,2,338,13967.1370642583,-10173,65
1621935942929,1621935942979,50,4,202,17438.6142922163,-7493,288
1621935943839,1621935943859,20,0,116,7313.20726152748,-1,63
1621935943958,1621935943988,30,3,174,246.311403855134,-10817,303
1621935943998,1621935944238,240,8,1135,109041.142690839,-80569,258
1621935944298,1621935944398,100,4,209,12296.912342283,-8233,127
1621935944528,1621935944668,140,1,279,21756.1126582749,-20268,249
1621935944708,1621935944868,160,8,242,16974.9623882924,-15219,145
1621935944918,1621935944948,30,2,117,9099.57063758378,-1346,333
1621935944958,1621935944968,10,-1,99,9964.3042229056,-1,-1
1621935945078,1621935945178,100,11,359,28581.8113684525,-16248,324
1621935946177,1621935946257,80,7,176,12388.9546835303,-7023,102
1621935946267,1621935946317,50,2,255,20339.1056149893,-7835,236
1621935946387,1621935946507,120,7,312,10958.5603817655,-24172,150
1621935946387,1621935946507,120,7,312,10958.5603817655,-24172,150
1621935946607,1621935946627,20,0,88,4940.9751740812,-1,51
1621935946697,1621935946787,90,4,102,4764.47928847703,-6281,19
1621935946837,1621935946897,60,4,256,16834.5236936681,-12081,258
1621935946917,1621935946937,20,1,83,6478.92897080068,-923,59
1621935946967,1621935947007,40,5,220,10245.9941439066,-9985,317
1621935947037,1621935947057,20,0,92,5989.14478359431,-1,68
1621935947067,1621935947087,20,0,101,9163.26979701892,-6199,237
1621935947107,1621935947117,10,-1,31,200.140185882344,-1,-1
1621935947156,1621935947166,9,-1,31,772.402429972559,-1,-1
1621935947186,1621935947206,20,0,109,6871.68111701488,-1,81
1621935947256,1621935947266,10,-1,108,9649.7660510007,-1,-1
1621935947366,1621935947676,310,37,701,47190.4614101246,-38490,275
1621935947706,1621935947716,10,-1,33,930.043742403294,-1,-1
1621935947766,1621935947796,30,0,37,541.882297068901,-1,240
1621935947806,1621935947826,20,0,59,3986.49549480226,-755,20
1621935947866,1621935947926,60,2,175,14754.6788925991,-6607,113
1621935948016,1621935948066,50,0,139,9274.28862013677,-3917,320
1621935948096,1621935948236,140,40,866,68601.9647209784,-49067,99
1621935948246,1621935948256,10,-1,168,15152.8977987819,-1,-1
1621935948276,1621935948316,40,1,48,1447.94638275933,-1,278
1621935948376,1621935948386,10,-1,36,1315.97275202039,-1,-1
1621935948416,1621935948456,40,2,155,7127.21533247025,-9447,10
1621935948466,1621935948526,60,3,306,26815.5668602564,-16627,56
1621935948546,1621935948566,20,0,68,3067.6770125812,-1,55
1621935948596,1621935948716,120,2,202,11274.7023679832,-11952,250
1621935948766,1621935948786,20,0,68,3628.59110974009,-1,63
1621935948805,1621935948965,160,2,1193,107446.027862705,-91338,214
1621935949265,1621935949275,10,-1,296,-1.0,-1,-1
1621935949345,1621935949405,60,1,182,17145.0893031556,-7151,201
1621935949515,1621935949535,20,1,69,6742.56439001,-271,243
1621935949585,1621935949635,50,2,328,13041.7067791738,-10120,57
1621935949695,1621935949785,90,0,255,20159.8461356844,-13301,277
1621935949795,1621935949805,10,-1,52,2273.85847507648,-1,-1
1621935949825,1621935949845,20,0,76,4162.91436407545,-1,239
1621935949875,1621935949885,10,-1,175,16233.0273205086,-1,-1
1621935949895,1621935949995,100,2,388,36147.4881889992,-23020,72
1621935950005,1621935950065,60,10,385,22471.7855701027,-34186,252
1621935950095,1621935950155,60,12,433,33393.19893759,-31718,65
1621935950245,1621935950275,30,5,257,17368.1653376182,-7847,238
1621935950315,1621935950335,20,1,71,4806.79213069883,-334,43
1621935950345,1621935950415,70,2,450,38224.7718599773,-27183,91
1621935950425,1621935950444,19,1,159,13824.6990747007,-309,69
1621935950454,1621935950464,10,-1,79,5924.28704160218,-1,-1
1621935950664,1621935950714,50,3,258,20332.2590526269,-8931,46
1621935950724,1621935950744,20,3,273,24754.1612001323,-13689,227
1621935950824,1621935950844,20,1,78,3932.33420107641,-1,239
1621935950854,1621935950914,60,3,209,10613.5058483892,-15106,53
1621935950924,1621935950934,10,-1,40,2822.8924842793,-1,-1
1621935950984,1621935951094,110,8,380,24437.5478493063,-27943,243
1621935951164,1621935951254,90,2,310,24484.6214688002,-24528,325
1621935951374,1621935951454,80,1,230,7282.39405595034,-5727,96
1621935951574,1621935951664,90,5,132,7184.91902556693,-4494,82
1621935951674,1621935951704,30,3,141,8608.21220190392,-8227,262
1621935951914,1621935951934,20,11,1602,105432.333941513,-1,256
1621935951944,1621935951964,20,21,2102,207269.285819586,-107500,77
1621935951974,1621935952014,40,19,1037,102981.892656326,-86340,257
1621935952024,1621935952063,39,11,1138,40157.8292278743,-1,77
1621935952073,1621935952093,19,13,707,78283.7742434703,-3680,256
1621935952153,1621935952203,50,12,313,16013.5675257215,-15412,73
1621935953073,1621935953093,20,0,49,2439.11012445997,-655,155
1621935953133,1621935953153,20,1,220,14374.1206683124,-1,243
1621935953163,1621935953173,10,-1,277,27511.3383650974,-1,-1
1621935953183,1621935953253,70,1,251,24105.7251279959,-21434,238
1621935953553,1621935953583,30,1,86,4331.3032679183,-3435,353
1621935954382,1621935954452,70,0,384,24026.1687730614,-21940,71
1621935954662,1621935954682,20,0,107,6484.83879305054,-1,60
1621935954692,1621935954722,30,1,115,11304.9131369619,-3981,215
1621935954842,1621935954862,20,1,184,-1.0,-12963,23
1621935954872,1621935954902,30,1,90,6914.5725597687,-3518,206
1621935954912,1621935954922,10,-1,87,6810.25436968971,-1,-1
1621935954932,1621935954952,20,1,130,12587.9813418562,-4120,96
1621935954992,1621935955022,30,1,125,10422.3005479658,-3607,165
1621935955052,1621935955092,40,2,114,6578.81190875972,-250,333
1621935955122,1621935955142,20,2,140,12419.0345985844,-1,58
1621935955152,1621935955202,50,3,255,20303.9326208156,-8595,217
1621935955501,1621935955541,40,5,224,11715.6404234786,-9555,317
1621935955901,1621935955991,90,1,347,31408.7841840223,-15243,225
1621935956351,1621935956381,30,1,90,4734.06230229103,-2532,3
1621935956771,1621935956831,60,3,293,25383.4287806637,-13355,85
1621935956851,1621935956920,69,3,201,10096.3716114095,-14640,228
1621935957460,1621935957540,80,8,288,20209.7848403996,-13103,276
1621935957690,1621935958000,310,25,479,27785.2867714338,-20668,274
1621935958040,1621935958130,90,1,200,15932.7169980223,-11917,344
1621935958140,1621935958180,40,3,155,9421.04313462349,-3506,316
1621935958190,1621935958360,170,3,1425,133754.08852899,-135551,230
1621935958370,1621935958450,80,29,1269,77546.6438944275,-43701,93
1621935958569,1621935958839,270,23,1380,72302.975418919,-131048,242
1621935958859,1621935959009,150,4,1611,158344.923755718,-123654,119
1621935959019,1621935959049,30,1,53,2677.66082144796,-1185,87
1621935959129,1621935959159,30,0,45,2052.70117716261,-1,276
1621935959179,1621935959219,40,3,110,4961.86121340522,-1,24
1621935959319,1621935959359,40,5,589,-1.0,-38618,18
1621935959439,1621935959449,10,-1,40,2864.1309498174,-1,-1
1621935959539,1621935959559,20,0,39,2905.11984345255,-561,190
1621935959649,1621935959729,80,12,335,10906.8560859112,-12574,82
1621935959869,1621935959919,50,2,181,10165.3096042649,-11513,64
1621935959929,1621935959959,30,1,68,3646.0997088262,-1994,260
1621935959979,1621935960109,130,4,194,7587.93717180207,-10948,245
1621935960129,1621935960188,59,3,188,13626.0943727958,-8477,169
1621935960198,1621935960228,30,3,162,13131.3625370182,-1977,320
1621935960548,1621935960588,40,0,113,8624.78467292317,-1220,12
1621935960618,1621935960628,10,-1,96,9129.37600504723,-1,-1
1621935960638,1621935960658,20,0,154,12455.4633615665,-8698,266
1621935960998,1621935961078,80,11,245,15534.7537809342,-7812,291
1621935961228,1621935961278,50,11,396,22722.6419225402,-20875,193
1621935961648,1621935961698,50,7,274,14480.4149103938,-11597,0
1621935962177,1621935962217,40,6,335,17794.2646362197,-13852,145
1621935962377,1621935962437,60,11,282,18420.758816645,-15259,63
1621935962587,1621935962637,50,1,115,7895.53007729098,-8375,333
1621935962647,1621935962817,170,25,2343,128535.110749351,-21753,293
1621935962907,1621935963087,180,12,1543,24646.5632544983,-75913,291
1621935963097,1621935963227,130,9,477,27925.6053228538,-35465,340
1621935963297,1621935963307,10,-1,45,1896.97232994343,-1,-1
1621935963357,1621935963636,279,16,1477,105387.587566945,-50448,184
1621935963646,1621935963736,90,7,218,11182.0523165032,-8997,336
1621935963866,1621935963886,20,0,37,2429.27208470475,-1,33
1621935963986,1621935964016,30,3,135,7699.87835114244,-4377,289
1621935964026,1621935964046,20,2,100,7847.9826228161,-436,129
1621935964056,1621935964146,90,0,79,3582.53205045175,-4453,306
1621935964166,1621935964276,110,21,520,44519.3441776179,-48970,9
1621935964286,1621935964386,100,4,489,29913.2946787468,-13791,160
1621935964396,1621935964416,20,0,34,741.062502234863,-1,350
1621935964436,1621935964456,20,1,96,6256.28611236296,-1,345
1621935964466,1621935964556,90,7,139,7994.30096278574,-7413,168
1621935964676,1621935964746,70,12,340,11842.1295187662,-17261,96
1621935964876,1621935964896,20,0,40,1865.84528275565,-815,251
1621935964906,1621935964956,50,4,156,7130.01715832776,-8805,241
1621935965075,1621935965115,40,0,112,9948.02517203364,-3795,153
1621935965155,1621935965195,40,1,74,2641.93471485674,-1,297
1621935965465,1621935965475,10,-1,30,783.899262363611,-1,-1
1621935965495,1621935965545,50,1,55,848.066050152094,-714,213
1621935965665,1621935965675,10,-1,32,481.187390300525,-1,-1
1621935965835,1621935965915,80,10,223,15490.0075491902,-9821,74
1621935965925,1621935965965,40,1,56,3572.33840345941,-1532,255
1621935965975,1621935966045,70,1,55,3076.61181545322,-2030,213
1621935966055,1621935966095,40,2,114,4396.04910841921,-2970,106
1621935966105,1621935966125,20,0,46,1591.46136584561,-1,113
1621935966145,1621935966165,20,0,71,3266.66652162988,-1,261
1621935966175,1621935966195,20,0,39,1730.44432034028,-4,115
1621935966205,1621935966225,20,0,38,1717.36694037809,-207,102
1621935966305,1621935966315,10,-1,33,528.596163466473,-1,-1
1621935966355,1621935966425,70,15,476,33184.2969914753,-25668,331
1621935966475,1621935966724,249,14,463,23680.7189171325,-22295,33
1621935966744,1621935966974,230,18,404,18520.6306568167,-12511,252
1621935967014,1621935967054,40,5,202,13842.2457381857,-13768,149
1621935967154,1621935967204,50,2,247,14929.2321120932,-3879,71
1621935967304,1621935967344,40,9,537,-1.0,-33937,130
1621935967354,1621935967444,90,4,66,1971.72251565883,-1407,270
1621935967464,1621935967484,20,6,469,25862.4142773014,-1,260
1621935967494,1621935967614,120,8,302,28134.0992385662,-18435,82
1621935967644,1621935967714,70,0,308,19147.3090241267,-19437,293
1621935968034,1621935968064,30,1,95,5598.71223215008,-5781,273
1621935968683,1621935968743,60,10,329,14788.6215239734,-12422,276
1621935969083,1621935969153,70,12,374,19433.6653769515,-13303,102
1621935969433,1621935969463,30,1,81,3832.79431833126,-2335,8
1621935970042,1621935970072,30,1,93,6503.21067840853,-4816,178
1621935970302,1621935970452,150,3,519,40437.5909993243,-30330,352
1621935970492,1621935970512,20,2,137,12289.8802740357,-1,56
1621935970522,1621935970632,110,3,260,20841.1978666008,-12462,240
1621935970642,1621935970652,10,-1,44,1549.31366582326,-1,-1
1621935970662,1621935970682,20,2,127,11364.2785627014,-1,60
1621935970762,1621935970812,50,2,290,22715.9974518639,-11861,232
1621935970842,1621935970852,10,-1,42,2667.29340552993,-1,-1
1621935971052,1621935971122,70,9,296,10526.8086566496,-14136,268
1621935971332,1621935971392,60,11,345,17132.941413723,-13270,91
1621935971452,1621935971561,109,2,469,20959.4165216437,-35347,65
1621935971941,1621935972001,60,1,224,17449.4747496961,-7280,281
1621935972011,1621935972131,120,3,411,27691.7485370562,-22731,140
1621935972331,1621935972361,30,2,94,4709.26250164001,-92,62
1621935972381,1621935972441,60,0,256,22226.1656920354,-18976,55
1621935972531,1621935972641,110,3,220,13380.466531836,-15797,335
1621935972661,1621935972691,30,6,294,25012.0494689622,-4142,228
1621935972751,1621935972771,20,1,215,14111.4511307415,-1,69
1621935972781,1621935972831,50,1,359,34010.8919482277,-14911,232
1621935973300,1621935973330,30,2,120,8202.91276104239,-7356,87
1621935973650,1621935973730,80,0,234,18129.7561872727,-19900,212
1621935974380,1621935974420,40,4,178,12318.5133500173,-8160,289
1621935974740,1621935974770,30,1,74,4146.29961044023,-3152,54
1621935974790,1621935974820,30,2,109,5836.74188150906,-1,245
1621935975189,1621935975219,30,2,98,4898.29839891038,-2689,140
1621935975629,1621935975649,20,0,54,4166.28533698785,-1,129
1621935975659,1621935975669,10,-1,30,747.143921366687,-1,-1
1621935975869,1621935975889,20,0,47,2952.046961412,-1149,22
1621935976419,1621935976468,49,5,203,10090.7504015057,-8577,279
1621935976778,1621935976798,20,0,62,2421.47373613635,-1,104
1621935976808,1621935976878,70,1,52,2201.82986943625,-517,277
1621935976938,1621935976968,30,3,146,8939.12335109157,-183,56
1621935976978,1621935976988,10,-1,52,2987.64945387648,-1,-1
1621935977028,1621935977078,50,3,271,18477.2028110465,-9862,233
1621935977718,1621935977748,30,1,67,3806.91158923853,-1885,141
1621935978037,1621935978057,19,0,63,4449.99887684431,-1357,288
1621935979397,1621935979507,110,3,267,20496.6516535424,-14208,33
1621935979696,1621935979786,89,3,323,16604.6830821863,-17780,236
1621935979796,1621935979826,30,1,58,2701.01531490443,-1354,228
1621935979846,1621935979886,40,1,69,2398.78038923139,-1741,243
1621935979916,1621935979936,20,0,47,2464.63759779952,-1,239
1621935979946,1621935979966,20,0,39,799.622808425615,-1,225
1621935980046,1621935980066,20,0,51,2730.03486168163,-904,247
1621935980476,1621935980506,30,1,52,2577.09918229073,-2111,112
1621935980766,1621935980776,10,-1,32,2165.43601661712,-1,-1
1621935980836,1621935980856,20,1,147,8555.15107757248,-1,67
1621935980956,1621935981146,190,4,150,9327.02272086819,-8742,250
1621935981166,1621935981226,60,2,108,6199.26933955487,-5050,37
1621935981465,1621935981645,180,2,774,51954.97495775,-37173,257
1621935981655,1621935981665,10,-1,104,9950.67716160104,-1,-1
1621935981675,1621935981685,10,-1,38,2052.17846896318,-1,-1
1621935981975,1621935982045,70,4,92,4425.41196005824,-4710,113
1621935982755,1621935982934,179,4,389,34428.5058765625,-12614,243
1621935983044,1621935983054,10,-1,67,3933.39355064713,-1,-1
1621935983154,1621935983174,20,0,99,-1.0,-5541,23
1621935983354,1621935983374,20,1,226,13310.9629567022,-1,96
1621935983474,1621935983484,10,-1,161,-1.0,-1,-1
1621935983494,1621935983544,50,2,114,8651.59547429805,-3954,265
1621935983554,1621935983604,50,1,141,7781.0025984674,-10637,259
1621935983694,1621935983714,20,1,59,5702.51872485815,-924,65
1621935983724,1621935983804,80,7,308,13269.277402836,-15883,266
1621935983824,1621935983854,30,3,258,13987.6773836983,-1,91
1621935983864,1621935983944,80,36,892,35220.3864036896,-36463,277
1621935983954,1621935984034,80,4,146,11168.34733855,-5391,105
1621935984054,1621935984124,70,5,94,3879.77668889535,-1980,109
1621935984144,1621935984184,40,2,72,2411.26010441445,-1720,97
1621935984194,1621935984224,30,2,106,4536.41249264394,-4397,276
1621935984514,1621935984653,139,35,2537,206067.073956025,-100300,99
1621935984683,1621935984813,130,4,1991,196033.019013391,-157781,279
1621935984833,1621935984853,20,1,53,2476.14998746448,-216,84
1621935985073,1621935985093,20,0,38,3074.66075451831,-139,147
1621935985113,1621935985133,20,2,127,6351.4386863162,-1,61
1621935985143,1621935985193,50,2,256,20672.6503782307,-7269,237
1621935985233,1621935985263,30,1,93,4681.80053526422,-1,244
1621935985273,1621935985303,30,0,74,4205.04317431675,-989,57
1621935985403,1621935985503,100,1,339,20094.4120337375,-19056,92
1621935985573,1621935985613,40,1,36,2811.02918243843,-11,93
1621935985623,1621935985633,10,-1,35,1371.42885983857,-1,-1
1621935985823,1621935985893,70,3,107,3506.28612789223,-3871,169
1621935986163,1621935986212,49,6,272,15483.6256654803,-15297,346
1621935986582,1621935986622,40,2,79,3393.51671820335,-2755,306
1621935986732,1621935986742,10,-1,55,2916.25149551166,-1,-1
1621935986782,1621935986882,100,8,425,41861.6360590374,-34666,107
1621935986892,1621935986942,50,2,63,1383.20335526051,-435,268
1621935986952,1621935986962,10,-1,96,7939.44842546928,-1,-1
1621935986972,1621935987002,30,2,149,12309.4344946742,-7527,265
1621935987012,1621935987162,150,0,348,28706.7701459524,-24026,99
1621935987362,1621935987382,20,0,37,2448.05248327823,-1,26
1621935987662,1621935987951,289,37,387,19261.0716282278,-24706,160
1621935988071,1621935988371,300,9,317,18430.8477788246,-19063,0
1621935988381,1621935988391,10,-1,30,456.33689960126,-1,-1
1621935988401,1621935988481,80,8,289,16371.4196006304,-17304,212
1621935988501,1621935988571,70,3,71,3484.79193856006,-1767,343
1621935988641,1621935988651,10,-1,33,670.978368648665,-1,-1
1621935988661,1621935988671,10,-1,34,1729.49980828314,-1,-1
1621935988681,1621935988841,160,23,281,17189.6508649404,-7881,160
1621935989141,1621935989580,439,11,1846,27037.5658729244,-76096,339
1621935989610,1621935989620,10,-1,45,1823.46746107508,-1,-1
1621935989670,1621935989690,20,0,43,1127.04756978473,-1,213
1621935989700,1621935989720,20,1,92,7019.33753623274,-3515,50
1621935989750,1621935989780,30,2,95,5479.72568559159,-4267,244
1621935990130,1621935990160,30,4,193,14044.5961790953,-3103,53
1621935990170,1621935990280,110,1,279,23395.4778708473,-10892,248
1621935990290,1621935990310,20,1,221,21263.5717818247,-14587,61
1621935990330,1621935990400,70,3,264,22461.5994147335,-10244,237
1621935990410,1621935990450,40,2,122,4893.88106986673,-6565,275
1621935990670,1621935990720,50,1,74,4373.94769711649,-2193,114
1621935990930,1621935990960,30,1,81,4671.96603485605,-1945,78
1621935991020,1621935991059,39,6,268,9856.41894551684,-1,254
1621935991069,1621935991109,40,1,69,4908.93086041223,-1737,56
1621935991129,1621935991149,20,0,62,2666.59261842757,-1,67
1621935991179,1621935991219,40,1,89,5497.51370800171,-641,50
1621935991269,1621935991279,10,-1,153,15142.647131868,-1,-1
1621935991289,1621935991299,10,-1,161,14945.5439695671,-1,-1
1621935991309,1621935991349,40,0,161,15482.9465758914,-11022,245
1621935991359,1621935991369,10,-1,35,2601.87075505088,-1,-1
1621935991419,1621935991439,20,0,75,3631.26465525671,-1,56
1621935991449,1621935991549,100,16,372,12999.2119921256,-13532,217
1621935991739,1621935991829,90,13,285,8877.62787021248,-14091,346
1621935991859,1621935991879,20,0,30,1953.75312360819,-2,66
1621935992019,1621935992069,50,8,237,11984.2278305969,-472,61
1621935992079,1621935992099,20,0,57,2777.47658162215,-1292,77
1621935992299,1621935992369,70,22,566,25121.1950918991,-17842,199
1621935992559,1621935992579,20,1,64,4469.81378886597,-1,0
1621935992718,1621935992798,80,25,681,24951.0396627136,-6139,288
1621935992968,1621935992988,20,1,161,7376.56895020923,-1,67
1621935993078,1621935993168,90,5,587,52308.3914419336,-52509,296
1621935993188,1621935993278,90,5,101,5070.60441940965,-5886,82
1621935993318,1621935993338,20,0,53,1982.03080121096,-1,36
1621935993358,1621935993378,20,0,38,1844.5688166713,-1,219
1621935993388,1621935993398,10,-1,31,278.066981655516,-1,-1
1621935993478,1621935993668,190,19,404,32863.68730465,-25944,108
1621935993678,1621935993688,10,-1,59,3119.4266267509,-1,-1
1621935993848,1621935993918,70,20,449,20396.9210967091,-23402,90
1621935993958,1621935993988,30,1,78,3962.27843831848,-117,273
1621935994078,1621935994118,40,2,211,10629.1890700576,-1159,262
1621935994477,1621935994517,40,5,198,10961.3124680136,-11291,99
1621935994907,1621935994927,20,0,40,2633.66333718623,-742,281
1621935994947,1621935994997,50,2,175,11087.0103812915,-13107,50
1621935995007,1621935995017,10,-1,32,2408.44070011295,-1,-1
1621935995057,1621935995107,50,3,258,20409.7306045533,-7648,232
1621935995177,1621935995307,130,2,445,25508.2609042218,-33161,54
1621935995327,1621935995347,20,0,59,3080.95307407224,-1,63
1621935995357,1621935995397,40,1,257,23254.7884633032,-8747,221
1621935995517,1621935995567,50,3,335,12800.6344326472,-10016,54
1621935995917,1621935995946,29,3,210,14381.7158309061,-1,242
1621935995956,1621935995976,20,1,153,13078.1991007059,-238,66
1621935995986,1621935996026,40,2,288,23987.9908163433,-12909,254
1621935996046,1621935996066,20,1,90,6534.90518243018,-2082,60
1621935996246,1621935996296,50,2,393,26126.1407665105,-13058,45
1621935996326,1621935996406,80,0,333,18079.2245124672,-27651,243
1621935996486,1621935996536,50,4,294,25803.0309239311,-17293,233
1621935996646,1621935996666,20,0,45,3127.73850830385,-1,285
1621935996966,1621935996976,10,-1,34,1240.34893346839,-1,-1
1621935997246,1621935997286,40,5,354,23446.1362505828,-1067,237
1621935997396,1621935997456,60,0,229,2157.82267373033,-15234,276
1621935997615,1621935997635,20,2,308,19684.9068152462,-1,67
1621935997755,1621935997805,50,1,270,2312.83706893696,-19915,266
1621935997885,1621935997975,90,1,168,13009.703497518,-10199,270
1621935998105,1621935998155,50,0,122,10947.6810618995,-6595,257
1621935998165,1621935998185,20,0,56,3981.57594076431,-193,11
1621935998205,1621935998225,20,2,161,13144.5088546733,-542,55
1621935998315,1621935998365,50,3,272,22276.9937869175,-8618,227
1621935998395,1621935998485,90,0,245,20384.5382332159,-9204,221
1621935998745,1621935998775,30,1,50,3104.06140158244,-1732,171
1621935999095,1621935999155,60,3,213,17459.9338636044,-8481,65
1621935999204,1621935999254,50,3,280,21455.9292764746,-15110,187
1621935999284,1621935999304,20,2,147,12684.2769706629,-711,58
1621935999484,1621935999614,130,15,472,33348.7109132772,-18138,198
1621935999724,1621935999794,70,7,287,9413.19811190967,-10454,195
1621935999804,1621935999834,30,1,189,14803.2683219134,-4061,143
1621935999844,1621935999994,150,23,977,91330.954352006,-60487,326
1621936000204,1621936000424,220,8,582,40247.1699743622,-45426,336
1621936000444,1621936000734,290,12,200,17554.0573558819,-7092,240
1621936000744,1621936000843,99,4,78,3185.56043883576,-1908,161
1621936000943,1621936000963,20,0,62,3027.5583336159,-1,132
1621936000973,1621936001003,30,0,39,3564.67455194418,-353,61
1621936001183,1621936001213,30,1,65,3093.2535203412,-1683,103
1621936001243,1621936001263,20,0,43,1861.7434778527,-1071,63
1621936001273,1621936001463,190,22,689,37961.1889921535,-20609,271
1621936001473,1621936001573,100,6,172,10626.5990179736,-11011,280
1621936001583,1621936001613,30,1,77,4709.77898581945,-1271,95
1621936001663,1621936001703,40,2,84,5310.98264169162,-3000,104
1621936001723,1621936001803,80,3,52,1698.83089744959,-1707,91
1621936001813,1621936001843,30,0,37,525.592878689439,-1,102
1621936001953,1621936001983,30,9,986,-1.0,-56456,111
1621936002003,1621936002033,30,4,200,10038.146485485,-4069,330
1621936002043,1621936002123,80,1,195,7769.23917827158,-8850,167
1621936002133,1621936002293,160,4,325,21791.782645082,-14267,287
1621936002472,1621936002712,240,41,814,36018.9345434326,-54195,249
1621936002752,1621936002862,110,6,233,11158.7133745469,-12122,84
1621936002912,1621936002962,50,5,275,17552.7360290867,-23334,310
1621936003032,1621936003052,20,0,53,2899.76459991513,-1581,31
1621936003172,1621936003192,20,1,110,8504.23578804241,-774,270
1621936003212,1621936003222,10,-1,33,1568.22385423742,-1,-1
1621936003432,1621936003472,40,0,66,5931.85151856441,-1615,215
1621936003482,1621936003492,10,-1,49,3719.88545953994,-1,-1
1621936003592,1621936003602,10,-1,32,-1.0,-1,-1
1621936003722,1621936003732,10,-1,32,1274.82537089487,-1,-1
1621936003742,1621936003752,10,-1,30,1270.74259253122,-1,-1
1621936003812,1621936003832,20,0,36,760.730228739358,-323,277
1621936003942,1621936004091,149,6,362,21836.5735123363,-26572,146
1621936004201,1621936004231,30,1,68,1537.97224536278,-1,151
1621936004461,1621936004511,50,10,411,19363.4233415121,-26716,61
1621936004521,1621936004591,70,2,218,18188.7271714199,-6572,217
1621936004601,1621936004611,10,-1,188,17099.7585055188,-1,-1
1621936004621,1621936004731,110,13,1269,68221.8034605395,-6253,60
1621936004861,1621936004931,70,6,692,12169.2003018324,-49730,216
1621936004941,1621936005071,130,8,119,3210.3789729234,-2973,244
1621936005081,1621936005111,30,6,317,17387.0921344007,-16885,79
1621936005351,1621936005371,20,0,56,3120.77270646161,-2197,155
1621936005431,1621936005461,30,2,107,6595.75468680983,-5439,64
1621936005491,1621936005521,30,3,138,6889.58228673526,-7805,51
1621936005551,1621936005591,40,5,372,35389.5934463732,-25672,229
1621936005720,1621936005760,40,2,82,2511.28482400948,-3965,318
1621936005830,1621936005860,30,3,152,12018.4368120517,-12157,58
1621936006080,1621936006300,220,34,723,53721.2645168198,-40506,268
1621936006310,1621936006530,220,27,537,36267.7723895611,-26882,168
1621936006540,1621936006730,190,15,542,33793.5732403477,-48719,0
1621936006740,1621936006760,20,0,78,5534.77701373579,-3768,349
1621936006800,1621936006810,10,-1,30,985.003888979078,-1,-1
1621936007060,1621936007090,30,1,54,3333.16038818553,-624,332
1621936007200,1621936007270,70,1,239,17271.8819704988,-1939,140
1621936007359,1621936007399,40,15,1203,11251.8942179417,-58032,83
1621936007409,1621936007569,160,9,317,29930.7594006756,-18329,251
1621936007629,1621936007759,130,2,468,31668.3653545919,-43658,77
1621936007789,1621936007809,20,0,82,4716.4136290688,-1,53
1621936007819,1621936007849,30,1,89,5688.79375122198,-4481,62
1621936007969,1621936007999,30,5,302,17017.5744215607,-1,254
1621936008009,1621936008089,80,0,230,20735.3946236486,-13660,41
1621936008239,1621936008259,20,0,50,4291.80267693793,-2057,90
1621936008319,1621936008349,30,1,86,4978.80598969926,-4726,214
1621936008659,1621936008699,40,0,265,17523.6750990095,-5421,254
1621936008829,1621936008909,80,5,350,776.63110914669,-15464,339
1621936008918,1621936008928,9,-1,37,1984.92514381065,-1,-1
1621936008938,1621936009018,80,1,175,13221.7455311226,-14378,223
1621936009068,1621936009178,110,3,403,26043.9765356097,-24889,54
1621936009338,1621936009438,100,39,809,57056.5798022584,-42507,271
1621936009448,1621936009478,30,1,69,6384.5851666195,-2361,98
1621936009638,1621936009748,110,37,1072,59892.1084446077,-58466,97
1621936009838,1621936009868,30,0,39,1960.57972204639,-611,291
1621936009898,1621936009938,40,3,129,8744.2550554098,-8620,108
1621936010298,1621936010308,10,-1,33,1966.05105805069,-1,-1
1621936010358,1621936010408,50,5,210,13023.3624592628,-9770,331
1621936010418,1621936010448,30,1,48,1218.44969058515,-1080,258
1621936010807,1621936010887,80,2,331,22500.4565981146,-13627,148
1621936010927,1621936010947,20,0,41,1201.39660294346,-1,249
1621936011447,1621936011477,30,1,70,2751.32144493609,-1442,188
1621936011737,1621936011857,120,5,250,17108.5406372312,-12510,58
1621936011877,1621936011977,100,4,265,18471.6856584884,-12485,254
1621936011997,1621936012007,10,-1,115,10034.3935360322,-1,-1
1621936012017,1621936012077,60,0,287,22168.6108422289,-17626,198
1621936012107,1621936012186,79,5,240,18164.206393704,-9239,164
1621936012196,1621936012206,10,-1,35,1893.67050524043,-1,-1
1621936012216,1621936012226,10,-1,31,1212.61594071048,-1,-1
1621936012256,1621936012376,120,7,429,21209.6119919403,-18069,182
1621936012486,1621936013076,590,15,635,37926.9399970344,-32893,333
1621936013176,1621936013236,60,7,230,10364.4081666472,-11632,11
1621936013256,1621936013716,460,26,651,22652.6522300681,-29234,342
1621936013845,1621936013995,150,12,1021,40901.8245179238,-51839,188
1621936014005,1621936014165,160,8,706,56772.1123776978,-39453,96
1621936014185,1621936014225,40,6,303,24423.5917260561,-12512,229
1621936014235,1621936014245,10,-1,60,3484.36572429234,-1,-1
1621936014315,1621936014435,120,7,428,36668.5363088895,-21930,72
1621936014445,1621936014455,10,-1,45,2486.31022029594,-1,-1
1621936014645,1621936014685,40,5,401,38191.7665120193,-24222,227
1621936014775,1621936014875,100,7,1383,111843.464737585,-106075,53
1621936014905,1621936014985,80,7,446,37498.1966473606,-30438,231
1621936015065,1621936015095,30,2,122,7945.97056726793,-3092,58
1621936015265,1621936015275,10,-1,36,2710.15651470354,-1,-1
1621936015295,1621936015415,120,20,429,31262.3002687436,-19990,198
1621936015574,1621936015634,60,10,145,477.209223115665,-1,351
1621936015644,1621936015794,150,22,266,16527.0402457534,-11684,317
1621936015834,1621936015864,30,6,304,18815.090083096,-21570,111
1621936015884,1621936015994,110,6,116,4150.76992650518,-2476,343
1621936016004,1621936016134,130,6,117,4647.25776915723,-4709,323
1621936016144,1621936016184,40,1,65,2988.3398920668,-2402,326
1621936017133,1621936017153,20,0,48,3013.20112581858,-1178,260
1621936017163,1621936017193,30,1,77,3213.66651218032,-1,277
1621936017403,1621936017413,10,-1,33,1804.97261503259,-1,-1
1621936017583,1621936017603,20,0,51,2521.93097015259,-1860,243
1621936017853,1621936017883,30,1,59,3268.54484806656,-538,46
1621936018133,1621936018383,250,48,572,40176.4013458426,-18534,12
1621936018473,1621936018862,389,37,589,24971.2840536983,-48793,177
1621936018902,1621936018912,10,-1,32,1096.41588165341,-1,-1
1621936019002,1621936019022,20,0,95,6036.58386276446,-1,248
1621936019032,1621936019042,10,-1,122,9487.47763313407,-1,-1
1621936019322,1621936019352,30,0,36,624.851327115552,-494,90
1621936019452,1621936019482,30,1,63,3401.96027840539,-3112,111
1621936019542,1621936019602,60,0,202,12366.8627794432,-7741,155
1621936019672,1621936019822,150,3,334,25873.0540599041,-16254,292
1621936019862,1621936019922,60,1,203,11107.0771464856,-7594,295
1621936019962,1621936019972,10,-1,36,2421.87566258121,-1,-1
1621936020092,1621936020132,40,1,33,2790.97115113512,-1,344
1621936020351,1621936020381,30,1,69,2408.76672283161,-2821,93
1621936020401,1621936020431,30,1,61,2745.07608586637,-1906,87
1621936020451,1621936020501,50,4,134,7940.66120914285,-5446,276
1621936020841,1621936020851,10,-1,43,1703.29019603472,-1,-1
1621936020861,1621936020871,10,-1,58,3378.78846999389,-1,-1
1621936020971,1621936021011,40,7,290,9383.11024772213,-14228,272
1621936021031,1621936021091,60,4,187,9397.15214459826,-10721,136
1621936021101,1621936021141,40,3,166,8045.50481859147,-6742,335
1621936021161,1621936021171,10,-1,288,27837.5093697301,-1,-1
1621936021181,1621936021251,70,1,228,19912.2620271125,-16734,240
1621936021261,1621936021271,10,-1,60,3312.73429760939,-1,-1
1621936021291,1621936021341,50,2,346,13817.3429095489,-10708,67
1621936021361,1621936021441,80,2,319,18932.5306853841,-7960,172
1621936021601,1621936021621,20,0,33,1825.80829823285,-6,102
1621936021671,1621936021721,50,3,234,10683.9289240171,-17321,47
1621936021741,1621936021821,80,5,310,20575.7942387915,-22737,237
1621936021831,1621936021841,10,-1,44,2529.96342627927,-1,-1
1621936021851,1621936021881,30,2,119,7055.23946180472,-98,51
1621936021891,1621936022100,209,4,614,48969.7623001159,-58376,77
1621936022160,1621936022210,50,3,297,29407.4429564697,-13392,232
1621936022260,1621936022280,20,0,71,4219.14172857635,-3194,69
1621936022340,1621936022360,20,0,71,4441.96258941048,-3177,237
1621936022600,1621936022610,10,-1,102,7353.60457430807,-1,-1
1621936022620,1621936022630,10,-1,98,8458.2046932378,-1,-1
1621936022650,1621936022700,50,3,71,3020.70888986379,-55,66
1621936022710,1621936022740,30,2,106,8711.37785972116,-7128,240
1621936022770,1621936022800,30,1,47,2414.50903019285,-1588,139
1621936022810,1621936022820,10,-1,70,5618.05618581042,-1,-1
1621936022840,1621936022870,30,1,87,3778.26394125736,-5402,249
1621936023030,1621936023050,20,0,118,8436.04627919991,-1,82
1621936023200,1621936023330,130,0,381,28274.6631479705,-23413,262
1621936023450,1621936023639,189,4,424,11358.1459983905,-39180,97
1621936023689,1621936023769,80,3,155,12535.773086484,-7641,15
1621936023809,1621936023859,50,3,284,23402.2740954644,-11198,248
1621936023899,1621936023979,80,2,314,15962.0359344274,-22783,56
1621936024069,1621936024129,60,1,248,20220.3006437967,-8311,236
1621936024229,1621936024249,20,1,227,-1.0,-14256,265
1621936024289,1621936024319,30,0,42,1803.81605317422,-237,266
1621936024329,1621936024359,30,1,91,5920.57696700487,-62,69
1621936024369,1621936024429,60,0,327,27704.5946245423,-15502,106
1621936024439,1621936024479,40,3,139,5617.57036645714,-10165,233
1621936024709,1621936024769,60,0,369,28919.2346297059,-4130,102
1621936024899,1621936024919,20,1,268,17918.578217664,-1,76
1621936025059,1621936025109,50,3,208,1787.59052271525,-17063,248
1621936025119,1621936025268,149,1,293,13834.6003044287,-20935,234
1621936025358,1621936025378,20,0,101,6738.46589759502,-1,52
1621936025388,1621936025448,60,2,119,9659.40967882869,-8089,181
1621936025518,1621936025528,10,-1,50,2665.5970490501,-1,-1
1621936025708,1621936025778,70,16,542,31071.4407226465,-25614,257
1621936025828,1621936025858,30,0,43,1139.50223774752,-855,72
1621936025878,1621936025968,90,24,462,16543.9897054365,-12983,276
1621936025978,1621936026048,70,4,125,6239.23739476958,-5065,81
1621936026068,1621936026098,30,1,50,3263.50570394271,-1798,90
1621936026108,1621936026128,20,0,39,3029.636119842,-1,82
1621936026168,1621936026298,130,36,873,32036.7537303367,-33828,82
1621936026328,1621936026338,10,-1,51,2654.97563046248,-1,-1
1621936026398,1621936026428,30,1,66,3158.73748192287,-2517,239
1621936026458,1621936026488,30,1,72,3755.22212983941,-1,257
1621936026538,1621936026548,10,-1,34,2608.76173693143,-1,-1
1621936026917,1621936027127,210,10,420,27068.0929672787,-20151,294
1621936027207,1621936027287,80,3,75,3704.83823075828,-4494,111
1621936027337,1621936027397,60,13,377,19795.456725471,-13862,115
1621936027427,1621936027437,10,-1,33,1075.61490541226,-1,-1
1621936027627,1621936027727,100,4,220,13604.01014165,-16387,135
1621936027757,1621936027787,30,3,142,9604.83725037087,-6171,328
1621936027967,1621936028017,50,6,265,5587.38976828331,-11587,272
1621936028327,1621936028347,20,2,141,11732.7581344578,-1244,59
1621936028327,1621936028347,20,2,141,11732.7581344578,-1244,59
1621936028436,1621936028466,30,3,195,12278.4213365408,-1,245
1621936028476,1621936028546,70,1,393,34421.0662245583,-14274,64
1621936028596,1621936028696,100,0,209,17600.72118541,-9471,216
1621936028716,1621936028746,30,1,60,2683.56610586113,-2195,83
1621936028806,1621936028856,50,3,97,4568.38038737037,-5345,52
1621936028866,1621936028876,10,-1,40,2740.19400477053,-1,-1
1621936029126,1621936029176,50,3,280,24749.6115430735,-10596,230
1621936029366,1621936029416,50,0,217,9935.88270966626,-14240,274
1621936029456,1621936029476,20,0,47,3497.56441519667,-1630,270
1621936030005,1621936030015,10,-1,33,2673.81054654133,-1,-1
1621936030245,1621936030295,50,11,719,49541.813461823,-11362,250
1621936030385,1621936030425,40,2,103,114.519649388679,-3866,286
1621936030555,1621936030565,10,-1,38,1406.08433239925,-1,-1
1621936030885,1621936030935,50,3,340,17409.1494257673,-28696,111
1621936031165,1621936031225,60,0,197,10221.5719655238,-11245,94
1621936031355,1621936031395,40,4,156,8508.59797843411,-8633,285
1621936031734,1621936031774,40,4,176,8236.58768507072,-4299,137
1621936032434,1621936032474,40,7,289,17389.2925777896,-16835,318
1621936032604,1621936032694,90,16,612,19154.057373625,-3326,167
1621936032794,1621936032884,90,6,354,22941.8961168476,-10016,176
1621936032974,1621936033094,120,10,432,15399.4809345208,-35498,344
1621936033114,1621936033184,70,12,830,38670.6924045799,-16255,354
1621936033274,1621936033433,159,11,578,15034.5630706855,-36720,156
1621936033443,1621936033453,10,-1,97,7146.33483423532,-1,-1
1621936033553,1621936033573,20,1,142,-1.0,-6692,180
1621936033583,1621936033603,20,0,64,3666.43719555844,-1193,246
1621936033933,1621936033953,20,0,43,2273.62471766844,-501,95
1621936033973,1621936034003,30,1,53,2257.35570425539,-1283,98
1621936034013,1621936034063,50,1,125,9139.95347680641,-6797,136
1621936034083,1621936034103,20,0,57,3275.05023283944,-2552,100
1621936034463,1621936034473,10,-1,31,1683.27468426404,-1,-1
1621936034513,1621936034543,30,1,80,4531.01791607895,-1827,16
1621936034623,1621936034683,60,0,255,15392.1849797013,-8272,131
1621936034703,1621936034713,10,-1,36,1259.77407543297,-1,-1
1621936034863,1621936034893,30,1,46,1898.82863222053,-1283,291
1621936035012,1621936035082,70,4,300,16789.6552762029,-24596,237
1621936035222,1621936035242,20,0,32,903.803771702122,-256,81
1621936035252,1621936035272,20,0,46,1143.34500898852,-1,78
1621936035482,1621936035522,40,0,87,7103.55629010239,-3908,270
1621936035542,1621936035562,20,0,53,2434.95742069475,-1,270
1621936035832,1621936035862,30,1,89,4633.92931486633,-1726,351
1621936036022,1621936036042,20,0,50,2761.05181538692,-647,85
1621936036811,1621936036821,10,-1,30,731.999528631117,-1,-1
1621936036911,1621936036921,10,-1,42,2059.53921486162,-1,-1
1621936037211,1621936037261,50,4,157,9128.87674452964,-5443,256
1621936037501,1621936037541,40,2,76,3489.66487086925,-4101,39
1621936038200,1621936038250,50,2,78,4313.12642638227,-1749,151
1621936038600,1621936038640,40,4,157,11375.8382938789,-11471,100
1621936038750,1621936038770,20,0,51,2171.00830491243,-1,252
1621936038880,1621936038920,40,6,237,12063.4703026802,-12523,299
1621936038930,1621936038940,10,-1,33,834.881964239593,-1,-1
1621936039430,1621936039460,30,2,141,6876.74235786061,-6550,62
1621936039700,1621936039720,20,0,104,5584.38021187043,-1,99
1621936039859,1621936040049,190,2,287,18544.136592819,-21940,338
1621936040059,1621936040079,20,1,134,10462.0169705164,-2151,178
1621936040089,1621936040129,40,1,214,19169.8522265987,-6730,341
1621936040139,1621936040169,30,4,244,21496.615151376,-16805,242
1621936040189,1621936040209,20,0,37,1000.65698320369,-409,264
1621936040409,1621936040429,20,0,62,2796.18857129839,-1,261
1621936040469,1621936040479,10,-1,33,2407.20150021765,-1,-1
1621936040699,1621936040709,10,-1,38,894.401835839955,-1,-1
1621936040839,1621936040849,10,-1,32,1435.21264933817,-1,-1
1621936041359,1621936041488,129,2,286,20551.8074449507,-10352,197
1621936041498,1621936041608,110,2,334,17901.5962221912,-20856,276
1621936041768,1621936041808,40,3,111,5929.91547986056,-6703,53
1621936041968,1621936042058,90,5,248,11127.2544857879,-12649,117
1621936042138,1621936042198,60,1,225,19045.1762168391,-10549,195
1621936042238,1621936042248,10,-1,50,2708.62679386243,-1,-1
1621936042258,1621936042268,10,-1,38,3542.2854010834,-1,-1
1621936042328,1621936042448,120,8,317,21180.0979340545,-19709,300
1621936042678,1621936042688,10,-1,32,828.741240756952,-1,-1
1621936042738,1621936042788,50,7,266,15070.170348422,-12848,160
1621936042948,1621936043027,79,3,217,8691.79667844693,-8032,55
1621936043037,1621936043087,50,2,255,21870.2795568166,-6741,251
1621936043107,1621936043217,110,7,105,6221.35115664168,-3400,331
1621936043227,1621936043237,10,-1,30,605.8142389888,-1,-1
1621936043587,1621936043627,40,5,222,11441.9883465553,-8544,153
1621936043707,1621936043717,10,-1,32,1946.5816705755,-1,-1
1621936043927,1621936043967,40,5,237,13029.4555533809,-8730,332
1621936044726,1621936044746,20,0,50,2576.81519408884,-695,239
1621936044956,1621936044986,30,0,45,2524.22280849127,-1482,80
1621936045376,1621936045386,10,-1,37,3055.48526771709,-1,-1
1621936045576,1621936045646,70,4,111,5505.64264008639,-2429,235
1621936045786,1621936045806,20,3,452,30263.0054901358,-1,76
1621936045896,1621936045966,70,4,278,15803.403296975,-14239,280
1621936045996,1621936046016,20,0,66,4035.60526243039,-2920,246
1621936046076,1621936046096,20,0,44,3204.50075008278,-984,265
1621936046116,1621936046136,20,0,40,2287.2511128779,-1,48
1621936046745,1621936046785,40,3,123,6449.88163129286,-5475,218
1621936046885,1621936047125,240,5,550,44574.0407006399,-24440,42
1621936047245,1621936047275,30,4,226,21739.761720285,-17109,235
1621936047675,1621936047715,40,3,327,24720.8784276314,-12682,69
1621936047815,1621936047864,49,2,245,19783.7406388362,-7267,244
1621936047884,1621936047904,20,0,32,1427.42504665453,-1,236
1621936048184,1621936048224,40,5,188,11218.8493871993,-9876,215
1621936048294,1621936048314,20,1,93,8842.67779208696,-1,69
1621936048344,1621936048434,90,1,422,29806.5904081905,-22375,249
1621936048534,1621936048564,30,3,188,10263.6267702466,-10042,41
1621936048894,1621936048964,70,5,268,3764.58717494905,-14625,289
1621936049134,1621936049204,70,0,331,19224.8387419948,-17235,90
1621936049753,1621936049793,40,4,175,9809.86714374311,-7828,205
1621936050263,1621936050293,30,2,108,5623.80348498071,-5793,10
1621936050493,1621936050533,40,5,214,12207.4819368706,-10512,17
1621936050733,1621936050783,50,5,197,9513.76615390828,-8757,175
1621936051132,1621936051172,39,2,88,4216.61490135418,-4697,146
1621936051212,1621936051232,20,1,88,3297.97748562893,-1,90
1621936051362,1621936051412,50,2,245,17723.1421693617,-7869,244
1621936051522,1621936051572,50,3,200,8621.32475387548,-11313,0
1621936051632,1621936051662,30,0,44,968.131930009527,-874,67
1621936051712,1621936051742,30,3,181,11654.1784793579,-1,69
1621936051752,1621936051792,40,0,235,21934.6505327306,-11753,233
1621936051802,1621936051812,10,-1,37,1106.62643944779,-1,-1
1621936051912,1621936051962,50,3,137,9396.70015933221,-3626,316
1621936052272,1621936052322,50,6,196,9345.63128848699,-8486,214
1621936052332,1621936052342,10,-1,47,2677.1805018616,-1,-1
1621936052502,1621936052522,20,2,320,21548.8338912894,-1,56
1621936052632,1621936052652,20,2,120,8650.29861473585,-1,221
1621936052722,1621936052751,29,1,84,5655.73462417136,-4186,56
1621936052781,1621936052801,20,0,114,7233.2373693093,-1,241
1621936052811,1621936052821,10,-1,143,14072.6506803273,-1,-1
1621936052831,1621936052851,20,2,160,12551.7074390384,-1,252
1621936052861,1621936052891,30,2,111,10245.7213097942,-103,80
1621936052901,1621936052921,20,1,119,11216.4037767298,-3825,252
1621936053051,1621936053111,60,0,107,6627.63282181679,-7270,143
1621936053211,1621936053241,30,2,136,8735.93277444511,-8146,174
1621936053571,1621936053611,40,3,119,7118.111510064,-7997,1
1621936053651,1621936053671,20,0,92,5895.60365859846,-1,59
1621936053681,1621936053701,20,0,105,9023.78149785394,-6985,245
1621936054221,1621936054261,40,1,42,2333.4227341452,-413,14
1621936054530,1621936054590,60,3,95,3077.74372229554,-4975,229
1621936054840,1621936054860,20,0,45,1615.23564424572,-1368,192
1621936055230,1621936055260,30,0,40,1699.89355081304,-10,73
1621936055520,1621936055590,70,4,81,4574.68715560002,-1234,89
1621936055600,1621936055630,30,4,218,10167.2377687749,-10217,286
1621936055650,1621936055750,100,0,189,13394.6588185218,-13341,303
1621936055830,1621936055890,60,0,352,24172.5458912898,-23429,200
1621936056349,1621936056399,50,4,196,13102.9573271958,-11524,354
1621936056609,1621936056679,70,4,109,9030.39623661937,-7062,187
1621936056859,1621936056909,50,4,104,5602.95170875728,-5911,351
1621936056929,1621936056949,20,0,46,1409.99442490183,-1,356
1621936056959,1621936056979,20,0,101,6441.38215014313,-1,70
1621936056989,1621936056999,10,-1,134,11881.7766261625,-1,-1
1621936057009,1621936057069,60,0,153,13559.746302079,-9921,239
1621936057189,1621936057229,40,3,163,8153.90668847144,-7494,167
1621936057698,1621936057878,180,5,156,7415.93798094103,-6332,28
1621936057888,1621936057928,40,2,116,6858.56005954676,-3595,220
1621936058108,1621936058138,30,2,128,9164.4384217213,-8764,160
1621936058568,1621936058618,50,1,50,1260.07302223863,-1058,4
1621936058998,1621936059028,30,3,149,8627.5212814571,-5753,167
1621936059397,1621936059477,80,2,275,17907.8092540878,-9628,337
1621936059757,1621936059797,40,0,31,1200.71457526188,-4,146
1621936060327,1621936060357,30,2,98,5615.52845689819,-4339,326
1621936060817,1621936060837,20,1,217,14745.0650546389,-1,62
1621936060926,1621936061006,80,1,172,4923.25684522106,-11427,234
1621936061016,1621936061036,20,0,58,2913.10893899028,-1,262
1621936061046,1621936061066,20,2,127,11552.9292546286,-274,62
1621936061166,1621936061206,40,2,365,16928.5493596409,-1,49
1621936061216,1621936061276,60,33,811,47103.1358668168,-11864,269
1621936061596,1621936061656,60,3,146,2114.47845756278,-4522,67
1621936061666,1621936061676,10,-1,42,1783.48119764454,-1,-1
1621936061746,1621936061786,40,1,95,5949.64113919244,-6269,260
1621936061876,1621936061926,50,18,585,15960.5040310446,-42530,91
1621936061936,1621936062046,110,6,406,20331.3134282862,-29315,255
1621936062056,1621936062076,20,0,93,8451.36682195522,-5751,308
1621936062126,1621936062146,20,1,84,7281.97721030997,-585,271
1621936062286,1621936062296,10,-1,32,625.738405280352,-1,-1
1621936062416,1621936062456,40,5,172,8942.8254735713,-8672,54
1621936062565,1621936062615,50,5,317,23236.1921562733,-14891,235
1621936062725,1621936062755,30,2,106,5322.49248114906,-4028,64
1621936062795,1621936062865,70,1,260,14846.9680774453,-1,234
1621936062875,1621936062895,20,1,175,15410.1763554773,-12734,244
1621936062905,1621936062945,40,5,221,11560.6361879486,-11210,11
1621936063345,1621936063395,50,5,203,11357.2893687124,-12650,156
1621936063505,1621936063525,20,0,86,5434.62684704129,-1,67
1621936063535,1621936063605,70,2,435,19658.4213193241,-31740,74
1621936063695,1621936063745,50,5,203,15987.24860984,-10151,327
1621936064055,1621936064134,79,4,244,16188.5894471811,-13,131
1621936064144,1621936064194,50,2,382,38060.1990069199,-15803,241
1621936064224,1621936064244,20,2,119,11397.2022186477,-1078,63
1621936064304,1621936064334,30,4,243,14351.0304599696,-1,246
1621936064344,1621936064384,40,0,142,11414.17406783,-10613,49
1621936064404,1621936064414,10,-1,514,49069.9239996695,-1,-1
1621936064524,1621936064554,30,4,215,1286.97383401227,-9196,260
1621936064574,1621936064694,120,9,322,15908.2404049543,-17808,267
1621936064714,1621936064824,110,4,277,17735.8833237345,-17822,116
1621936064954,1621936065104,150,9,1172,62088.1785276443,-84498,265
1621936065194,1621936065214,20,0,70,4267.82099064301,-3032,93
1621936065224,1621936065244,20,5,638,39575.8445373512,-1,79
1621936065484,1621936065534,50,4,306,17541.64301148,-1,274
1621936065624,1621936065674,50,5,358,-1.0,-12603,260
1621936065793,1621936065823,30,2,118,8237.63867031584,-6907,85
1621936065843,1621936065883,40,0,91,8679.33064323493,-4726,33
1621936066043,1621936066103,60,3,349,17194.5937884797,-10841,90
1621936066143,1621936066213,70,0,224,16163.2274333932,-8776,135
1621936066243,1621936066293,50,2,243,20177.0533714793,-6001,242
1621936066353,1621936066373,20,1,66,3899.07909938313,-1,270
1621936066783,1621936066813,30,2,116,6855.02431601785,-6677,150
1621936067043,1621936067073,30,2,127,7817.02490325377,-5933,346
1621936067402,1621936067572,170,11,601,26622.6130043808,-36112,279
1621936067812,1621936067882,70,10,354,13433.2204141433,-14344,171
1621936068062,1621936068162,100,14,407,17532.3485842167,-16040,52
1621936068762,1621936068852,90,35,950,26055.0088474135,-40713,280
1621936069201,1621936069261,60,1,1394,48631.7996693641,-1,150
1621936069271,1621936069291,20,1,107,7938.60311206885,-3845,344
1621936069321,1621936069381,60,2,42,1603.28701245659,-59,79
1621936069411,1621936069841,430,16,837,57497.7353053798,-50159,29
1621936069851,1621936069931,80,4,121,7221.49062885113,-6373,143
1621936069961,1621936070451,490,4,1278,65509.2808955139,-111873,187
1621936070461,1621936070501,40,11,522,42231.7913208131,-47347,324
1621936070511,1621936070660,149,10,1179,109015.463355699,-56936,94
1621936070670,1621936070790,120,1,586,27723.1805757044,-50995,332
1621936070820,1621936071060,240,0,724,53283.9607893177,-38503,351
1621936071070,1621936071330,260,43,806,46360.8393742703,-50399,130
1621936071340,1621936071520,180,9,303,15841.8730686152,-15333,316
1621936071660,1621936071700,40,4,499,34045.1512556946,-18705,358
1621936071800,1621936071900,100,1,441,14964.8205783377,-31717,318
1621936071920,1621936071970,50,6,297,17827.6777820682,-20292,135
1621936072040,1621936072060,20,0,45,2433.82262439548,-1,274
1621936072080,1621936072100,20,5,603,35389.2042555898,-1,99
1621936072190,1621936072229,39,3,139,3579.30011129849,-6133,280
1621936072239,1621936072249,10,-1,199,18988.9885765188,-1,-1
1621936072259,1621936072349,90,4,424,18438.9292438481,-26762,242
1621936072369,1621936072379,10,-1,32,1188.86794148091,-1,-1
1621936072389,1621936072459,70,1,124,4543.19845293102,-7455,228
1621936072469,1621936072489,20,0,116,6807.61004926896,-1,83
1621936072499,1621936072519,20,0,101,8647.94350947798,-6729,235
1621936072529,1621936072579,50,1,84,5236.04358935016,-4831,42
1621936072639,1621936072669,30,1,63,2398.8794846088,-1,210
1621936073019,1621936073059,40,3,157,8488.8338633832,-5327,38
1621936073289,1621936073309,20,0,64,3730.51902785482,-2617,68
1621936073329,1621936073459,130,11,677,24451.2589420989,-44691,87
1621936073509,1621936073619,110,16,272,12030.2628507672,-19796,258
1621936073629,1621936073639,10,-1,32,861.144884176905,-1,-1
1621936073918,1621936073968,50,4,157,6158.98743413119,-6725,144
1621936074228,1621936074298,70,7,201,9374.2062932787,-7929,320
1621936074448,1621936074458,10,-1,32,1509.29373352125,-1,-1
1621936074538,1621936074548,10,-1,32,1357.30764795852,-1,-1
1621936074718,1621936074738,20,1,64,4824.94798551775,-1779,73
1621936074758,1621936074788,30,2,102,5566.64713953121,-4994,158
1621936074828,1621936074888,60,1,405,22556.058413216,-24767,263
1621936075038,1621936075088,50,4,165,9828.03410252061,-7883,117
1621936075228,1621936075238,10,-1,31,1349.84316210068,-1,-1
1621936075438,1621936075458,20,0,100,6542.94226158532,-1,65
1621936075467,1621936075477,9,-1,87,8675.85773423988,-1,-1
1621936075507,1621936075577,70,5,241,8894.11335944479,-11909,345
1621936075617,1621936075637,20,0,34,850.812945631432,-1,231
1621936075697,1621936075767,70,6,138,8374.6248706086,-2804,151
1621936076017,1621936076047,30,4,213,11515.9955526762,-9238,344
1621936076287,1621936076327,40,4,156,8976.12756995512,-8450,156
1621936076977,1621936077027,50,4,127,8417.41760720212,-3996,346
1621936077216,1621936077306,90,8,264,13291.8586489469,-15680,115
1621936077626,1621936077706,80,9,423,18076.9708402854,-21112,95
1621936077726,1621936077826,100,4,309,10542.2103444909,-16764,240
1621936077846,1621936077866,20,1,137,10489.1690642131,-1,56
1621936077876,1621936077896,20,1,153,13784.0995307624,-10345,243
1621936078006,1621936078026,20,1,115,8725.4838923546,-1965,63
1621936078036,1621936078096,60,15,475,22875.0103151736,-41967,249
1621936078156,1621936078166,10,-1,175,15055.6332486508,-1,-1
1621936078306,1621936078386,80,7,417,30606.2251989596,-17649,61
1621936078396,1621936078466,70,4,353,32636.73957304,-25854,52
1621936078476,1621936078536,60,4,295,24146.5874445875,-11357,237
1621936078546,1621936078566,20,2,142,12921.1693103857,-1,57
1621936078586,1621936078656,70,24,496,33099.6186699692,-24755,280
1621936078815,1621936078885,70,19,552,27102.6228276808,-17613,108
1621936079045,1621936079125,80,9,294,15877.6953527556,-15800,121
1621936079195,1621936079225,30,3,145,6122.02615761761,-8050,310
1621936079275,1621936079285,10,-1,39,1005.2000499767,-1,-1
1621936079345,1621936079375,30,1,68,3226.7362032865,-1598,277
1621936079385,1621936079395,10,-1,66,4758.04860930388,-1,-1
1621936079405,1621936079415,10,-1,65,5337.07274779391,-1,-1
1621936079685,1621936079705,20,2,139,12235.6320392152,-1,56
1621936079735,1621936080035,300,32,719,50833.8652699025,-22565,276
1621936080045,1621936080075,30,1,50,2366.44060826239,-1414,138
1621936080115,1621936080145,30,1,51,1325.06042564803,-1,128
1621936080155,1621936080175,20,0,34,979.954790011399,-1,97
1621936080215,1621936080285,70,2,67,3138.45767627384,-2677,115
1621936080335,1621936080354,19,0,35,901.9163884148,-1,90
1621936080374,1621936080424,50,3,107,4968.85719293147,-5839,45
1621936080494,1621936080514,20,0,31,856.336494327158,0,99
1621936080554,1621936080584,30,0,41,1372.96449279612,-576,111
1621936080654,1621936080684,30,1,94,5785.53150972017,-1763,94
1621936080754,1621936080774,20,0,61,3670.95793440159,-1718,108
1621936080814,1621936080854,40,2,72,4069.53999878709,-1698,195
1621936080944,1621936080954,10,-1,30,945.6037944312,-1,-1
1621936081194,1621936081214,20,0,36,3138.66282235044,-486,94
1621936081254,1621936081284,30,2,128,6939.51597763764,-2724,17
1621936081574,1621936081604,30,1,83,4902.66673946619,-2025,195
1621936081834,1621936081864,30,7,360,20337.3083598173,-14054,91
1621936081874,1621936081894,20,1,98,8841.69422697566,-5365,275
1621936081953,1621936081973,20,1,70,5817.35078183001,-1851,87
1621936082023,1621936082043,20,2,140,13006.0201265019,-1,57
1621936082083,1621936082193,110,17,411,23129.5700453604,-18406,268
1621936082303,1621936082563,260,0,585,31197.5053119767,-35057,257
1621936082593,1621936082603,10,-1,38,2005.50758447774,-1,-1
1621936082693,1621936082733,40,2,99,5749.77281832516,-6019,151
1621936083063,1621936083093,30,3,162,8235.26699912343,-7711,10
1621936083343,1621936083383,40,4,186,10053.3327423047,-8426,179
1621936083862,1621936083882,20,0,42,2665.49217272729,-737,77
1621936084262,1621936084272,10,-1,54,2583.13606514276,-1,-1
1621936084302,1621936084472,170,8,492,23123.5689232133,-23176,35
1621936084482,1621936084502,20,5,339,33040.9370192341,-4796,236
1621936084522,1621936084542,20,0,39,957.988403261234,-1,225
1621936084802,1621936084922,120,8,269,13345.7375660767,-12869,95
1621936085132,1621936085172,40,4,135,6636.39834684379,-7168,50
1621936085201,1621936085271,70,2,423,30105.5240533787,-17369,132
1621936085361,1621936085491,130,14,397,17808.3751874281,-20910,263
1621936085501,1621936085511,10,-1,112,10148.8408556128,-1,-1
1621936085521,1621936085531,10,-1,65,4136.68526712534,-1,-1
1621936085961,1621936086301,340,0,479,19786.2698106079,-43155,298
1621936086671,1621936086681,10,-1,31,286.641259649235,-1,-1
1621936086691,1621936086761,70,18,507,26412.3515497955,-25818,94
1621936086781,1621936086810,29,2,90,5729.55995349453,-2685,271
1621936086990,1621936087030,40,1,105,8576.22992438519,-1413,321
1621936087090,1621936087220,130,0,198,12290.4231125205,-14897,206
1621936087280,1621936087370,90,7,319,20052.5572295362,-13000,246
1621936087470,1621936087630,160,13,213,5661.26525904529,-7369,270
1621936087740,1621936087910,170,21,363,22573.3898985765,-17880,84
1621936087970,1621936088080,110,1,323,14316.1290460767,-15887,274
1621936088110,1621936088140,30,0,35,1469.73863176219,-333,287
1621936088160,1621936088220,60,5,393,19937.8493194705,-9473,49
1621936088230,1621936088320,90,27,527,30941.8245770773,-20564,255
1621936088569,1621936088599,30,1,66,4424.40315942171,-2525,344
1621936088739,1621936088799,60,3,101,5539.33533616325,-6531,16
1621936089059,1621936089139,80,6,156,10039.7674772306,-6410,194
1621936089249,1621936089259,10,-1,30,1013.41983051505,-1,-1
1621936089339,1621936089359,20,0,40,1297.82955608841,-1,60
1621936089469,1621936089479,10,-1,31,817.273627624697,-1,-1
1621936090019,1621936090029,10,-1,41,1876.01780307337,-1,-1
1621936090248,1621936090398,150,1,517,25777.9213440231,-25549,236
1621936090428,1621936090438,10,-1,45,2939.22640043176,-1,-1
1621936090498,1621936090508,10,-1,34,2127.14739741612,-1,-1
1621936090828,1621936090838,10,-1,90,6297.39333065531,-1,-1
1621936090848,1621936090878,30,0,99,7665.22108416138,-6611,274
1621936090938,1621936090948,10,-1,36,1618.81204285196,-1,-1
1621936091138,1621936091198,60,2,83,6998.03033757351,-4627,128
1621936091208,1621936091218,10,-1,36,2760.33934295113,-1,-1
1621936091398,1621936091418,20,0,47,3401.52678354486,-1,85
1621936091438,1621936091478,40,1,69,4308.25799269672,-879,350
1621936092107,1621936092197,90,6,438,13770.8516808561,-316,91
1621936092207,1621936092277,70,6,194,9230.15468995185,-5361,286
1621936092517,1621936092567,50,4,186,9702.22415664309,-8042,140
1621936093416,1621936093426,10,-1,40,1237.80198841125,-1,-1
1621936093876,1621936093916,40,2,115,5971.27745373108,-4771,313
1621936094186,1621936094246,60,8,312,27028.2035546677,-3032,95
1621936094276,1621936094406,130,9,322,17830.0754805357,-17361,298
1621936094416,1621936094436,20,0,44,2334.6027435047,-1,209
1621936094935,1621936094945,10,-1,34,1008.53434691232,-1,-1
1621936094955,1621936094965,10,-1,31,557.963889803861,-1,-1
1621936095065,1621936095085,20,0,38,2925.09707999204,-1,274
1621936095105,1621936095145,40,1,38,2069.34207849548,-258,267
1621936095275,1621936095295,20,0,31,257.226590130155,-1,260
1621936095315,1621936095355,40,4,187,9935.31468881033,-7778,97
1621936095525,1621936095575,50,3,144,7085.12486374514,-5463,330
1621936096095,1621936096115,20,0,38,1786.53165741182,-803,90
1621936096125,1621936096145,20,0,38,2664.12923536738,-408,106
1621936096165,1621936096245,80,3,413,22989.1280842428,-26842,84
1621936096255,1621936096295,40,0,101,3971.20631321432,-7,263
1621936096335,1621936096345,10,-1,32,2280.29630789667,-1,-1
1621936096564,1621936096604,40,0,50,2804.83642335783,-116,38
1621936096644,1621936096684,40,1,57,3977.17858737174,-1164,231
1621936096714,1621936096724,10,-1,30,1193.43478744927,-1,-1
1621936096754,1621936096794,40,1,55,3761.78383235457,-1745,244
1621936096904,1621936096944,40,3,153,4785.97482605198,-7492,209
1621936096964,1621936096984,20,0,40,2719.06162560784,-1,214
1621936097114,1621936097154,40,4,153,9832.3535068505,-8105,47
1621936097994,1621936098034,40,2,82,3630.34504513308,-3683,80
1621936098323,1621936098463,140,7,400,18989.7578914679,-21975,241
1621936098493,1621936098503,10,-1,32,1286.76240839638,-1,-1
1621936098753,1621936098793,40,5,187,7990.05264644096,-8837,52
1621936098813,1621936098893,80,0,162,6718.36169805188,-8897,333
1621936098983,1621936099003,20,0,32,959.313510701871,-239,240
1621936099023,1621936099063,40,1,57,2985.21960435316,-1271,135
1621936099073,1621936099143,70,3,104,3238.17070554678,-3487,231
1621936099163,1621936099233,70,4,101,4986.51827102377,-2889,253
1621936099253,1621936099273,20,0,47,1978.20524987684,-440,204
1621936099283,1621936099343,60,2,54,1078.12309976648,-1513,251
1621936099433,1621936099453,20,0,64,3062.83804021664,-1,94
1621936099483,1621936099703,220,8,588,49039.0998860758,-19135,266
1621936099733,1621936099743,10,-1,30,1615.24575798124,-1,-1
1621936099782,1621936099812,30,1,68,3440.12797834585,-2626,70
1621936099872,1621936099882,10,-1,35,2177.67392174123,-1,-1
1621936099932,1621936100002,70,9,346,17338.3091328249,-13267,88
1621936100212,1621936100222,10,-1,48,2836.44744497704,-1,-1
1621936100232,1621936100242,10,-1,43,2194.13818434458,-1,-1
1621936100252,1621936100262,10,-1,30,545.851319804876,-1,-1
1621936100402,1621936100412,10,-1,39,1211.74754092155,-1,-1
1621936100452,1621936100502,50,1,58,3105.74990183055,-2104,252
1621936100572,1621936100602,30,1,51,2379.01616497474,-1826,249
1621936100642,1621936100652,10,-1,39,1601.62515767925,-1,-1
1621936100752,1621936100862,110,1,341,26780.3507540216,-25202,4
1621936100872,1621936100892,20,0,45,3375.32464037925,-2,111
1621936100932,1621936100952,20,0,43,3539.59681798357,-578,22
1621936101072,1621936101082,10,-1,35,1559.45409882389,-1,-1
1621936101162,1621936101292,130,5,220,9821.28675459012,-9417,245
1621936101302,1621936101382,80,4,92,2862.98513370908,-3651,84
1621936101421,1621936101431,10,-1,34,1388.31462403346,-1,-1
1621936101891,1621936101921,30,1,49,2290.37953516402,-1669,223
1621936102321,1621936102401,80,6,131,6748.0279223911,-3618,53
1621936102511,1621936102521,10,-1,30,1012.96764769397,-1,-1
1621936102531,1621936102621,90,6,179,7310.21641761876,-7825,79
1621936102691,1621936102711,20,1,60,2097.35206874038,-1,249
1621936102811,1621936102831,20,0,71,3714.75955451702,-1,109
1621936102841,1621936102851,10,-1,38,1914.01285685012,-1,-1
1621936102881,1621936103090,209,12,101,3273.48092781268,-2736,255
1621936103100,1621936103120,20,0,47,1945.65677737282,-16,228
1621936103220,1621936103400,180,8,328,16301.3431909474,-20864,270
1621936103520,1621936103570,50,4,156,4717.71665425249,-7589,213
1621936103650,1621936103690,40,1,52,1823.34740868169,-1669,75
1621936103760,1621936103870,110,13,378,17830.899889707,-20901,61
1621936103910,1621936103930,20,0,42,1209.26062264741,-1,19
1621936103950,1621936103960,10,-1,33,2137.7808640443,-1,-1
1621936104210,1621936104270,60,8,242,13409.102730263,-10096,246
1621936104350,1621936104550,200,2,287,14412.8401310521,-18317,348
1621936104669,1621936104689,20,0,69,5981.37815456587,-2291,273
1621936104709,1621936104729,20,0,46,3256.25472067241,-996,243
1621936104749,1621936104909,160,2,1013,63802.6377252061,-28983,316
1621936105249,1621936105439,190,12,471,40936.822910431,-29032,190
1621936105449,1621936105469,20,1,132,10923.0667797606,-6052,236
1621936105479,1621936105499,20,0,38,1056.29765716904,-1,129
1621936105519,1621936105529,10,-1,34,878.902287932351,-1,-1
1621936105549,1621936105559,10,-1,50,3332.25446831849,-1,-1
1621936105569,1621936105609,40,1,63,4061.50373178615,-19,59
1621936105639,1621936105829,190,10,115,3224.00976243602,-3762,249
1621936105899,1621936105919,20,1,82,7218.82278891637,-190,230
1621936105969,1621936105989,20,0,43,1710.50763793738,-892,236
1621936106159,1621936106169,10,-1,31,1147.33720280012,-1,-1
1621936106209,1621936106219,10,-1,34,549.829437687705,-1,-1
1621936106249,1621936106288,39,2,109,4318.29622093198,-2217,249
1621936106338,1621936106358,20,0,56,3396.79489291396,-902,238
1621936106448,1621936106508,60,1,45,1752.56762876907,-635,223
1621936106528,1621936106578,50,2,58,2689.53317116247,-900,271
1621936106608,1621936106618,10,-1,37,980.923809367777,-1,-1
1621936106708,1621936106748,40,1,47,1699.54647387883,-659,355
1621936106778,1621936106818,40,1,67,4232.12162554968,-1289,86
1621936106838,1621936107148,310,14,729,47257.4446625353,-43753,287
1621936107518,1621936107907,389,10,1884,51272.2970890382,-102954,188
1621936107937,1621936107957,20,0,86,4836.11156435776,-1,351
1621936107967,1621936108017,50,3,212,20014.9345573849,-13869,142
1621936108027,1621936108107,80,2,135,11997.1809003031,-7255,51
1621936108117,1621936108327,210,2,376,17003.5171482432,-17134,39
1621936108357,1621936108377,20,0,37,3012.99177404791,-613,99
1621936108437,1621936108457,20,0,43,2035.70124583984,-846,90
1621936108507,1621936108517,10,-1,33,967.622842059024,-1,-1
1621936108547,1621936108587,40,2,105,4570.20974320089,-3329,136
1621936108627,1621936108647,20,0,41,858.983778221808,-1,251
1621936108727,1621936108747,20,0,58,3198.10319120005,-1394,320
1621936108997,1621936109057,60,2,42,2237.33886032428,-5,68
1621936109077,1621936109097,20,0,32,888.876555263304,-2,57
1621936109197,1621936109247,50,5,167,8987.38353084674,-7135,301
1621936109636,1621936109656,20,0,54,3077.74910095322,-1,135
1621936109866,1621936109886,20,0,43,2475.91048566609,-1029,90
1621936110086,1621936110116,30,1,52,2931.10237648966,-1052,54
1621936110336,1621936110356,20,0,50,3561.63701226292,-1206,278
1621936110366,1621936110416,50,3,112,7144.8230944823,-3453,272
1621936110636,1621936110756,120,2,815,48498.5969521118,-43084,78
1621936110766,1621936110776,10,-1,62,5364.09216981248,-1,-1
1621936110786,1621936110846,60,1,161,12580.6586577057,-11936,53
1621936110856,1621936110876,20,1,90,7474.708279978,-4053,235
1621936111036,1621936111066,30,2,148,9754.32372248188,-6654,156
1621936111096,1621936111115,19,1,62,2753.82788809117,-1,80
1621936111285,1621936111325,40,4,174,9467.36512417418,-8433,302
1621936111535,1621936111585,50,0,143,8169.99291670085,-4089,60
1621936111985,1621936112185,200,2,1559,64594.8358518258,-109024,341
1621936112405,1621936112445,40,0,81,6227.91982690509,-3067,274
1621936112505,1621936112675,170,4,252,17394.158848383,-18805,267
1621936112754,1621936112784,30,1,96,3682.19365648462,-4163,254
1621936112794,1621936112814,20,0,38,1566.57678976249,-66,302
1621936112924,1621936112944,20,0,54,2562.65706539981,-1633,254
1621936112964,1621936112974,10,-1,31,1421.5309166016,-1,-1
1621936113114,1621936113154,40,1,38,755.039305412974,-534,100
1621936113194,1621936113474,280,2,826,46551.3333912999,-48424,330
1621936113604,1621936113614,10,-1,37,2028.4530110815,-1,-1
1621936113734,1621936113884,150,5,1473,89897.3293486977,-89123,132
1621936113894,1621936113954,60,2,122,6586.39258711734,-4080,283
1621936113964,1621936113984,20,1,64,3058.8902858811,-1,113
1621936114044,1621936114054,10,-1,41,2082.69741490861,-1,-1
1621936114144,1621936114204,60,9,336,22079.6922192318,-20817,116
1621936114543,1621936114583,40,4,219,12193.3510379538,-9171,327
1621936114733,1621936114753,20,0,49,2826.07668631304,-1882,108
1621936114853,1621936114903,50,2,122,5828.93559177976,-7056,203
1621936115003,1621936115023,20,0,38,1598.97087249235,-767,98
1621936115033,1621936115063,30,2,118,5914.54076800385,-4867,88
1621936115103,1621936115143,40,3,132,9118.51051114326,-9152,355
1621936115283,1621936115323,40,1,40,1056.99489099856,-561,146
1621936115713,1621936115723,10,-1,30,1774.56308333719,-1,-1
1621936116442,1621936116612,170,2,395,35656.5931378891,-25795,281
1621936116622,1621936116662,40,1,93,7706.67419361636,-3916,260
1621936116682,1621936116692,10,-1,40,1184.50756323052,-1,-1
1621936116742,1621936116772,30,1,72,3103.76312980896,-1693,265
1621936116832,1621936116842,10,-1,32,685.602830631171,-1,-1
1621936116882,1621936116892,10,-1,31,1252.13498896837,-1,-1
1621936116942,1621936117062,120,2,249,21070.3503239972,-16590,262
1621936117092,1621936117102,10,-1,32,962.925636277243,-1,-1
1621936117242,1621936117252,10,-1,36,1315.06321739651,-1,-1
1621936117312,1621936117342,30,2,108,5193.81580662977,-5375,158
1621936117621,1621936117671,50,2,98,3448.76972485434,-4032,32
1621936117921,1621936117931,10,-1,34,786.08605099367,-1,-1
1621936118211,1621936118311,100,4,317,13619.9480952246,-18204,64
1621936118331,1621936118361,30,4,244,16894.8170170962,-16623,280
1621936118641,1621936118681,40,3,133,7223.27885489504,-6878,186
1621936118851,1621936118861,10,-1,32,1649.30172870589,-1,-1
1621936119041,1621936119061,20,0,77,4253.70119204235,-1,17
1621936119420,1621936119430,10,-1,31,1460.44898466,-1,-1
1621936119690,1621936119720,30,2,120,6043.08035919681,-5608,296
1621936119900,1621936119970,70,14,506,24961.29053791,-20682,280
1621936120010,1621936120030,20,0,35,1539.7464666998,-273,97
1621936120040,1621936120070,30,0,39,654.833057195159,-382,104
1621936120090,1621936120300,210,7,56,1560.15116882559,-1428,103
1621936120090,1621936120300,210,7,56,1560.15116882559,-1428,103
1621936120330,1621936120350,20,0,39,1783.09064493605,-294,90
1621936120750,1621936120829,79,1,225,19489.7705020005,-9562,66
1621936121209,1621936121239,30,1,94,4657.69980703437,-2550,83
1621936121309,1621936121359,50,4,160,7728.84594064108,-8086,194
1621936121399,1621936121409,10,-1,36,1811.43347339996,-1,-1
1621936121419,1621936121429,10,-1,33,1328.15787813237,-1,-1
1621936121769,1621936121879,110,5,578,28257.6479897495,-42496,76
1621936121889,1621936121959,70,2,159,12350.4649107402,-4780,157
1621936122089,1621936122279,190,1,908,49092.0325771906,-49364,146
1621936122359,1621936122369,10,-1,36,730.778886863353,-1,-1
1621936122399,1621936122768,369,42,725,34312.6183042591,-62125,318
1621936122399,1621936122768,369,42,725,34312.6183042591,-62125,318
1621936122778,1621936122968,190,11,440,21755.1433273634,-17293,232
1621936122998,1621936123098,100,7,337,14537.8188012869,-27701,156
1621936123168,1621936123208,40,0,54,2563.50484016889,-1119,128
1621936123218,1621936123258,40,4,330,28420.8827832547,-13858,29
1621936123358,1621936123488,130,9,1703,30267.5172222411,-112762,164
1621936124038,1621936124207,169,15,1541,91955.6979130649,-134995,229
1621936124727,1621936125047,320,24,1791,134313.781231264,-120977,290
1621936125107,1621936125147,40,0,64,3117.84366736845,-1603,213
1621936125157,1621936125177,20,0,209,12905.9446524996,-1,122
1621936125187,1621936125347,160,5,593,57257.0717544127,-22284,136
1621936125437,1621936125447,10,-1,67,-1.0,-1,-1
1621936125457,1621936125607,150,17,1792,163755.220453732,-135697,54
1621936125617,1621936125647,30,9,427,20482.9545611533,-669,351
1621936125786,1621936125846,60,40,1780,108558.061170906,-53774,33
1621936126026,1621936126096,70,20,1101,66885.5765159774,-44497,266
1621936128745,1621936128795,50,9,221,277.408090636322,-1,355
1621936129344,1621936129564,220,12,442,13021.4299872165,-20753,237
1621936129714,1621936129724,10,-1,1530,151782.352578501,-1,-1
1621936129824,1621936129864,40,13,1567,111048.27956917,-150436,304
1621936129954,1621936129964,10,-1,84,-1.0,-1,-1
1621936129974,1621936130044,70,4,488,36934.2461479193,-22644,181
1621936130054,1621936130154,100,32,1423,76250.7003164133,-74118,74
1621936130304,1621936130404,100,6,516,16160.5432559943,-46569,187
1621936130494,1621936130783,289,17,2084,176671.385086533,-122828,273
1621936130873,1621936130913,40,1,49,2569.60067873875,-1,124
1621936131143,1621936131393,250,22,621,30097.5811967938,-51063,331
1621936131433,1621936131503,70,6,581,29432.2619216217,-6470,111
1621936131433,1621936131503,70,6,581,29432.2619216217,-6470,111
1621936131623,1621936131743,120,3,898,6881.74639906587,-77625,200
1621936131773,1621936132592,819,31,742,47115.5108748319,-40623,133
1621936132692,1621936132842,150,8,565,33309.9139334938,-26452,42
1621936132872,1621936132882,10,-1,33,469.1153312906,-1,-1
1621936132972,1621936133062,90,8,433,39162.7222691642,-28402,204
1621936133072,1621936133522,450,35,773,31163.7762619931,-50564,274
1621936133532,1621936133622,90,4,166,9386.87487670945,-6236,22
1621936133662,1621936133931,269,9,650,46058.9506125954,-51272,1
1621936133941,1621936134011,70,5,203,17830.8079763002,-17326,213
1621936134031,1621936134161,130,2,344,16416.1889493701,-23802,226
1621936134171,1621936134191,20,1,81,5599.7230627396,-4678,73
1621936134301,1621936134321,20,0,62,3281.10203816908,-2832,105
1621936134361,1621936134911,550,15,616,35018.1845728585,-47634,114
1621936134941,1621936134991,50,1,94,4884.32033267075,-3434,106
1621936135001,1621936135021,20,1,90,7771.43135725385,-3827,90
1621936135081,1621936135111,30,1,55,4027.98508566599,-1655,120
1621936135121,1621936135141,20,1,66,4627.11074854103,-1264,72
1621936135151,1621936135291,140,27,746,49415.2036286202,-31103,248
1621936135331,1621936135530,199,35,1405,102609.315485721,-56907,77
1621936135790,1621936135830,40,28,1445,130282.899222251,-128712,214
1621936135790,1621936135830,40,28,1445,130282.899222251,-128712,214
1621936138399,1621936138758,359,36,1519,92419.8616798499,-78498,109
1621936138768,1621936138868,100,11,1830,180508.024055631,-158519,316
1621936138908,1621936139138,230,6,328,18676.1551542764,-13854,8
1621936139168,1621936139178,10,-1,33,1059.44852953169,-1,-1
1621936139188,1621936139308,120,16,1346,113979.696959059,-51239,183
1621936139408,1621936139738,330,5,1560,82776.435646667,-128536,286
1621936139758,1621936139858,100,10,607,24386.4982159591,-1097,324
1621936140178,1621936140238,60,9,356,22172.0190023029,-4859,34
1621936140377,1621936140797,420,22,1409,62774.0436800042,-59772,215
1621936140807,1621936140817,10,-1,64,3957.13782408963,-1,-1
1621936140827,1621936140847,20,0,68,5021.01496235008,-1289,266
1621936140917,1621936141007,90,16,387,29917.7683738303,-24922,321
1621936141017,1621936141117,100,2,1782,176334.768754887,-160404,101
1621936141127,1621936141217,90,12,754,49369.5073447369,-38873,310
1621936141227,1621936141237,10,-1,52,4991.88895334178,-1,-1
1621936141247,1621936141537,290,14,2131,205571.483805235,-178801,110
1621936141637,1621936141737,100,5,546,8797.61345784098,-30051,226
1621936141747,1621936141817,70,3,276,8527.05976645522,-4486,76
1621936141906,1621936141966,60,1,251,9945.61076574364,-83,147
1621936141976,1621936142006,30,1,77,4191.51726325501,-4320,279
1621936142026,1621936142046,20,1,85,4792.47990032723,-1,140
1621936142056,1621936142086,30,1,50,3659.83914388603,-1761,293
1621936142196,1621936142286,90,3,340,27675.0335561343,-28949,0
1621936142326,1621936142366,40,0,66,4472.82006015663,-1608,54
1621936142596,1621936142776,180,33,905,43991.7827843359,-44167,284
1621936142816,1621936142976,160,25,1005,90658.5365339201,-84455,136
1621936142986,1621936143006,20,0,44,1015.39920172506,-1,175
1621936143016,1621936143186,170,4,953,45579.0380724362,-92389,28
1621936143196,1621936143236,40,1,145,11195.7059952991,-4183,288
1621936143246,1621936143336,90,6,208,12568.8382257374,-4206,82
1621936143356,1621936143575,219,15,1880,92657.4807089916,-134099,234
1621936143595,1621936143685,90,3,466,31923.102815978,-31377,271
1621936143695,1621936143865,170,9,415,34333.5304251428,-20091,4
1621936143885,1621936143905,20,1,160,9970.57731162502,-1,45
1621936143915,1621936143945,30,0,195,16774.1780270957,-14881,236
1621936143955,1621936144025,70,1,436,34717.3674271744,-35273,58
1621936144035,1621936144165,130,10,538,24621.0021206858,-33249,212
1621936144175,1621936144205,30,0,52,4440.91926199824,-1570,250
1621936144225,1621936144245,20,1,87,2982.59011470207,-1,48
1621936144335,1621936144375,40,25,809,-1.0,-6432,185
1621936144475,1621936144525,50,1,1419,31988.276579206,-106065,49
1621936144635,1621936144645,10,-1,72,-1.0,-1,-1
1621936144655,1621936144755,100,29,512,31114.520380555,-19773,234
1621936144765,1621936144805,40,7,798,49062.2447963622,-405,160
1621936144895,1621936145194,299,15,502,32530.763595742,-44501,274
1621936145214,1621936145344,130,6,234,6948.08688703115,-10993,123
1621936145354,1621936145404,50,7,249,14169.9610586149,-9909,41
1621936145524,1621936145534,10,-1,30,1861.98532000331,-1,-1
1621936145584,1621936145644,60,1,330,26873.7209128482,-22693,242
1621936145654,1621936145734,80,2,385,22866.5565478127,-28883,138
1621936145784,1621936145804,20,1,115,9452.6467327501,-2235,347
1621936145814,1621936145824,10,-1,39,1067.27443982066,-1,-1
1621936145834,1621936145964,130,2,163,12943.9584151038,-8421,89
1621936145984,1621936146084,100,3,500,27648.5404294216,-9291,149
1621936146174,1621936146324,150,19,1502,69915.0442834246,-80969,130
1621936146334,1621936146444,110,31,2211,214555.05396246,-215066,137
1621936146454,1621936146624,170,56,1598,71275.8176126095,-113619,306
1621936146634,1621936146763,129,2,642,41423.2253175893,-50200,221
1621936146953,1621936147183,230,36,1827,124811.521715234,-109505,79
1621936147283,1621936147453,170,7,1517,27913.8614856559,-144284,352
1621936147513,1621936147563,50,13,742,39335.1544769936,-1182,63
1621936147653,1621936147843,190,27,1080,73301.2886090215,-89864,248
1621936147953,1621936147963,10,-1,64,-1.0,-1,-1
1621936147973,1621936148163,190,11,315,22141.7442881626,-18612,121
1621936148213,1621936148512,299,5,304,22812.2485895277,-18476,332
1621936148522,1621936148532,10,-1,48,3861.90834145089,-1,-1
1621936148542,1621936148702,160,4,292,17446.8487816826,-19638,168
1621936148742,1621936148992,250,8,420,27388.5026165701,-24280,34
1621936149082,1621936149142,60,7,344,26561.1515678855,-21489,225
1621936149152,1621936149162,10,-1,80,6365.48188791926,-1,-1
1621936149172,1621936149292,120,11,472,32810.8232211075,-16796,215
1621936149302,1621936149562,260,28,1329,110807.139694788,-78334,31
1621936149692,1621936150071,379,5,613,29852.9840728889,-40989,225
1621936150101,1621936150131,30,0,45,1563.82517609909,-839,173
1621936150221,1621936150241,20,0,70,4397.40321392654,-1,3
1621936150251,1621936150461,210,9,644,32788.4276940592,-51569,161
1621936150471,1621936150491,20,4,371,34902.6601160644,-13864,246
1621936150501,1621936150531,30,1,86,6236.32940215567,-3515,87
1621936150611,1621936150661,50,10,467,27031.2503111286,-11571,83
1621936150671,1621936150901,230,11,737,36437.161921706,-49755,296
1621936150911,1621936150921,10,-1,114,9240.5030039258,-1,-1
1621936150991,1621936151011,20,1,264,18272.2799248485,-1,34
1621936151021,1621936151131,110,11,804,53738.2755187423,-29898,157
1621936151301,1621936151371,70,8,629,59172.249068782,-38299,284
1621936151491,1621936151541,50,2,96,5007.94017424787,-1701,102
1621936151551,1621936151600,49,1,134,11908.6008991452,-5241,96
1621936151660,1621936151710,50,0,74,3580.60009112292,-1,174
1621936151720,1621936151750,30,1,46,2896.32944775053,-1590,316
1621936151760,1621936151770,10,-1,30,1374.50828811434,-1,-1
1621936151780,1621936151830,50,2,258,18202.1125540705,-17315,252
1621936151840,1621936151850,10,-1,30,2055.03151036044,-1,-1
1621936151860,1621936151910,50,2,165,8129.05249391928,-1235,132
1621936151920,1621936152010,90,3,898,40781.3777184775,-84239,289
1621936152050,1621936152060,10,-1,31,880.274028635136,-1,-1
1621936152120,1621936152140,20,0,75,4696.51614949532,-1,170
1621936152150,1621936152180,30,0,61,3518.35841818092,-2371,97
1621936152260,1621936152410,150,3,468,18519.3987173244,-30182,324
1621936152450,1621936152520,70,3,1111,105177.324545458,-101560,84
1621936152530,1621936152720,190,3,382,27886.6244005185,-21451,40
1621936152730,1621936152780,50,3,192,12561.3875360623,-8955,233
1621936152790,1621936152860,70,0,133,9558.06538777254,-4177,324
1621936152880,1621936152910,30,1,51,1782.3645727141,-1,90
1621936152920,1621936152950,30,0,54,2931.50100880981,-744,222
1621936152960,1621936152970,10,-1,51,2504.93155968758,-1,-1
1621936152990,1621936153010,20,0,36,2636.21457347914,-244,142
1621936153020,1621936153130,110,4,632,40885.6554752224,-56766,44
1621936153160,1621936153269,109,4,244,20999.9166446688,-11331,60
1621936153279,1621936153449,170,6,1467,115757.016247326,-134283,238
1621936153469,1621936153479,10,-1,31,1153.80864318406,-1,-1
1621936153499,1621936153519,20,1,83,5637.47726278347,-2844,333
1621936153529,1621936153709,180,2,359,26654.6508669681,-32788,199
1621936153779,1621936153839,60,3,182,11416.3419088899,-10135,173
1621936153859,1621936153929,70,4,199,10808.0305721429,-14249,41
1621936153939,1621936153969,30,1,71,3437.1817191344,-3167,306
1621936154029,1621936154049,20,1,75,7021.56172998979,-1,45
1621936154069,1621936154129,60,1,101,6511.4736303051,-3207,177
1621936154179,1621936154369,190,6,316,17483.7657243438,-19812,244
1621936154379,1621936154399,20,0,46,2718.07207429662,-758,184
1621936154419,1621936154619,200,16,1154,62648.0440592787,-18735,42
1621936154818,1621936155108,289,9,368,12716.5760528394,-24142,249
1621936155118,1621936155158,40,3,115,7881.5850311804,-3503,289
1621936155178,1621936155198,20,0,45,1581.43634521258,-432,274
1621936155278,1621936155298,20,0,40,2520.2388597405,-1,270
1621936155538,1621936155548,10,-1,33,505.181218734698,-1,-1
1621936155578,1621936155598,20,0,33,1351.80601748998,-1,240
1621936156388,1621936156408,20,0,70,4180.15796597959,-1796,284
1621936156457,1621936156477,19,0,32,1362.85394657787,-166,99
1621936156527,1621936156557,30,1,50,2813.30800615366,-1121,107
1621936156657,1621936156667,10,-1,33,1621.77690308104,-1,-1
1621936156707,1621936156727,20,0,44,1901.06784846357,-794,285
1621936156747,1621936156857,110,7,135,3722.02707900915,-5687,281
1621936156967,1621936157007,40,2,110,5714.7020930941,-6671,126
1621936157027,1621936157337,310,26,1301,86831.1389848546,-109546,314
1621936157357,1621936157457,100,3,258,15265.8559279925,-10815,198
1621936157527,1621936157627,100,2,274,22476.3617521415,-14326,84
1621936157637,1621936157647,10,-1,71,4499.77185167681,-1,-1
1621936157657,1621936157777,120,5,120,4536.28512141346,-4298,285
1621936157797,1621936157837,40,1,100,5347.53019496231,-885,140
1621936157847,1621936157867,20,0,69,3548.72180827452,-1,45
1621936157877,1621936157987,110,1,118,9075.06339705084,-5512,264
1621936158007,1621936158027,20,0,37,1407.58087705053,-3,7
1621936158047,1621936158057,10,-1,56,3742.48489803108,-1,-1
1621936158067,1621936158087,20,1,168,10620.7977979542,-1,154
1621936158096,1621936158256,159,2,424,23313.5559720794,-37048,12
1621936158296,1621936158386,90,2,382,18436.3775480408,-22440,137
1621936158436,1621936158456,20,0,35,2310.32991193499,-9,341
1621936158486,1621936158516,30,2,106,7391.92358957423,-2835,6
1621936158716,1621936158726,10,-1,30,1047.01798288296,-1,-1
1621936158776,1621936158796,20,1,77,4058.25483365496,-1,169
1621936158806,1621936158826,20,0,47,3477.6369301715,-11,7
1621936158836,1621936158856,20,0,50,2161.31590223351,-1924,108
1621936158906,1621936158926,20,1,112,6526.83814139735,-1,272
1621936158936,1621936159046,110,2,175,13514.4949761753,-10778,142
1621936159056,1621936159066,10,-1,47,2080.51353570538,-1,-1
1621936159096,1621936159126,30,0,40,2592.92683703065,-1,53
1621936159136,1621936159166,30,0,36,1558.5540781886,-66,70
1621936159186,1621936159196,10,-1,31,803.391288278088,-1,-1
1621936159206,1621936159226,20,1,93,6771.36953120205,-3270,357
1621936159256,1621936159396,140,0,380,26344.6252407801,-21696,292
1621936159416,1621936159436,20,0,43,2387.55407246012,-1,3
1621936159526,1621936159656,130,3,263,15130.5686640327,-18878,219
1621936159666,1621936159855,189,2,229,8921.9559387582,-19759,59
1621936159895,1621936159985,90,1,355,33128.92612437,-23707,142
1621936160005,1621936160045,40,3,167,12466.0867663787,-9586,257
1621936160055,1621936160075,20,0,59,5008.72954265988,-1944,11
1621936160115,1621936160135,20,1,137,7106.42578582715,-1,75
1621936160145,1621936160175,30,2,340,27030.9089562221,-19542,267
1621936160285,1621936160375,90,32,1523,4953.26523237426,-71737,229
1621936160385,1621936160445,60,3,283,16882.5320312186,-16428,349
1621936160455,1621936160975,520,22,1549,105037.39134678,-126279,20
1621936160985,1621936161095,110,3,88,7222.22129547519,-3476,29
1621936161205,1621936161225,20,0,80,4908.81116270829,-1,188
1621936161344,1621936161434,90,6,136,8326.07731021965,-3376,330
1621936161494,1621936161574,80,7,205,19952.0477027832,-11749,131
1621936161644,1621936161664,20,1,219,14049.8878022315,-1,106
1621936161674,1621936161834,160,4,226,18340.8363417885,-11574,277
1621936161854,1621936161904,50,6,227,14496.8639490908,-7065,54
1621936161954,1621936161964,10,-1,39,1810.51068730708,-1,-1
1621936161994,1621936162074,80,3,160,7791.40196351814,-10349,226
1621936162094,1621936162104,10,-1,30,536.317295144671,-1,-1
1621936162114,1621936162134,20,0,51,3716.40556580924,-1516,355
1621936162154,1621936162174,20,0,37,2241.23910056024,-1,18
1621936162304,1621936162314,10,-1,36,2206.11196626911,-1,-1
1621936162394,1621936162414,20,0,37,1839.89993395237,-1,26
1621936162664,1621936162933,269,9,404,28418.1882821659,-25313,314
1621936162943,1621936162993,50,1,145,11493.6956980956,-4374,54
1621936163013,1621936163083,70,8,420,36110.3843562963,-24016,113
1621936163103,1621936163113,10,-1,69,4576.68530041985,-1,-1
1621936163123,1621936163193,70,4,473,30069.4397182106,-34358,280
1621936163213,1621936163363,150,3,386,32178.7842130726,-27695,89
1621936163373,1621936163393,20,0,47,2098.07235263522,-1,0
1621936163443,1621936163463,20,3,174,15867.9313448886,-1267,268
1621936163473,1621936163573,100,0,361,27392.4334310121,-17924,6
1621936163593,1621936163613,20,1,60,4300.34475441042,-1,315
1621936163753,1621936163763,10,-1,31,691.457340643325,-1,-1
1621936163823,1621936163853,30,0,49,2517.48886973367,-805,308
1621936163863,1621936163873,10,-1,33,740.673943358255,-1,-1
1621936163893,1621936163923,30,1,78,4184.78326771853,-4540,216
1621936163933,1621936163943,10,-1,30,1633.81859181707,-1,-1
1621936164073,1621936164173,100,4,215,15316.6986575626,-9484,182
1621936164183,1621936164213,30,1,108,9529.19632442019,-5476,354
1621936164343,1621936164363,20,2,802,66531.3124739002,-1,48
1621936164493,1621936164532,39,3,357,27467.7443581787,-22929,233
1621936164542,1621936164582,40,4,274,24972.9190648379,-10238,103
1621936164602,1621936164742,140,8,379,13337.797141744,-27321,338
1621936164762,1621936164872,110,5,410,22538.8967919171,-31386,119
1621936164892,1621936165022,130,3,439,22614.0958556647,-23472,242
1621936165042,1621936165062,20,0,39,1906.42385334629,-1,73
1621936165072,1621936165252,180,10,215,16526.9862081368,-8262,98
1621936165372,1621936165392,20,1,320,-1.0,-24750,264
1621936165412,1621936165492,80,3,95,3236.15757486401,-2438,25
1621936165502,1621936165692,190,0,431,23810.5760193294,-28336,180
1621936165732,1621936165772,40,3,153,10701.0344209717,-4243,150
1621936165812,1621936165822,10,-1,30,741.992384425877,-1,-1
1621936165852,1621936166281,429,2,632,37726.5410456933,-45569,271
1621936166351,1621936166371,20,0,38,1769.15007270757,-455,169
1621936166381,1621936166451,70,1,292,18460.7137606828,-16046,168
1621936166481,1621936166561,80,4,194,7655.38203606887,-13527,117
1621936166571,1621936166591,20,1,69,4003.01781621246,-536,340
1621936166831,1621936166851,20,0,47,4228.23031467043,-1053,227
1621936166861,1621936166881,20,0,49,3740.89387120771,-62,160
1621936166931,1621936166951,20,1,68,4760.702917147,-2206,324
1621936166991,1621936167061,70,1,282,19204.9343420552,-20438,123
1621936167071,1621936167081,10,-1,39,2517.30304940638,-1,-1
1621936167161,1621936167241,80,5,299,20930.6013399573,-23821,152
1621936167331,1621936167351,20,1,63,4623.0240378741,-1524,306
1621936167391,1621936167421,30,1,54,2247.54809878571,-2324,309
1621936167471,1621936167531,60,1,158,14937.1984703841,-4632,127
1621936167561,1621936167571,10,-1,63,3435.99061592859,-1,-1
1621936167581,1621936167591,10,-1,38,1850.57487541292,-1,-1
1621936167611,1621936167870,259,24,894,42673.8312462059,-61399,151
1621936167890,1621936167920,30,10,485,31691.5598972442,-33620,233
1621936167980,1621936168040,60,5,165,7420.25548102089,-7611,8
1621936168050,1621936168100,50,15,479,31123.3317518176,-21462,3
1621936168180,1621936168200,20,0,48,1257.49506058297,-1,276
1621936168300,1621936168320,20,0,41,2125.58390232125,-218,138
1621936168340,1621936168790,450,16,2411,151965.434025687,-164930,339
1621936168840,1621936168850,10,-1,35,921.902993038661,-1,-1
1621936168860,1621936168980,120,0,232,14325.2363069244,-15484,264
1621936169210,1621936169220,10,-1,60,4151.53107059408,-1,-1
1621936169230,1621936169300,70,2,100,6725.76973048722,-5605,27
1621936169350,1621936169360,10,-1,47,1842.78426994709,-1,-1
1621936169390,1621936169429,39,2,97,4566.65503171784,-3892,154
1621936169449,1621936169499,50,0,63,2685.57014091198,-2445,333
1621936169509,1621936169889,380,2,773,50166.1200155642,-59180,37
1621936169979,1621936169999,20,1,541,-1.0,-46429,290
1621936170029,1621936170109,80,8,881,62564.0957187598,-56886,347
1621936170119,1621936170439,320,4,404,28037.2855666306,-25471,123
1621936170449,1621936170469,20,1,99,7814.45524366995,-5157,182
1621936170489,1621936170699,210,1,531,32451.7869453147,-34413,22
1621936170709,1621936170879,170,2,419,29098.8724666327,-28058,264
1621936170889,1621936170939,50,3,197,9788.47039894259,-10023,114
1621936170949,1621936171068,119,6,652,56595.6508501757,-54073,303
1621936171088,1621936171138,50,7,1754,173552.558139463,-148832,128
1621936171238,1621936171328,90,6,222,14572.3729010458,-14976,302
1621936171418,1621936171528,110,1,210,15434.370904862,-6256,237
1621936171538,1621936171598,60,3,104,5402.77443750092,-1833,91
1621936171608,1621936171768,160,4,548,43292.7235802545,-22850,281
1621936171778,1621936171798,20,0,107,8134.56139668764,-6043,240
1621936171888,1621936171898,10,-1,39,1070.85220730575,-1,-1
1621936171918,1621936171938,20,0,54,4470.08055666136,-974,23
1621936171948,1621936172058,110,3,215,18345.4255469091,-7637,126
1621936172068,1621936172098,30,1,76,3261.22644152636,-2873,214
1621936172208,1621936172238,30,0,49,2877.55486032889,-276,130
1621936172308,1621936172328,20,1,76,6581.17978838278,-1332,345
1621936172388,1621936172418,30,1,118,5255.47871627115,-1,117
1621936172428,1621936172458,30,0,48,1962.6293267724,-1473,282
1621936172488,1621936172498,10,-1,36,2899.73116371959,-1,-1
1621936172508,1621936172667,159,4,1024,68918.7907267494,-66966,305
1621936172677,1621936172927,250,6,384,20977.6117680707,-28340,131
1621936172957,1621936173047,90,3,375,28610.1280239024,-19199,292
1621936173057,1621936173077,20,1,88,5415.62870769812,-1,82
1621936173087,1621936173237,150,2,381,30922.0059210696,-17737,282
1621936173247,1621936173267,20,0,37,1872.22812842702,-1,84
1621936173337,1621936173367,30,1,62,4256.45453286634,-2461,240
1621936173437,1621936173447,10,-1,101,8950.00293961507,-1,-1
1621936173457,1621936173487,30,1,117,10082.6775900602,-6079,352
1621936173497,1621936173507,10,-1,46,2154.80114773866,-1,-1
1621936173527,1621936173547,20,1,103,8421.30495738736,-1251,25
1621936173557,1621936173567,10,-1,30,502.114962799206,-1,-1
1621936173647,1621936173667,20,0,63,5513.20712082157,-2158,204
1621936173757,1621936173957,200,2,1803,113662.68139373,-119921,220
1621936173967,1621936174037,70,3,172,6709.29905366621,-7621,108
1621936174057,1621936174077,20,0,46,2864.88045093654,-852,168
1621936174087,1621936174306,219,9,374,24976.4043661139,-20940,318
1621936174346,1621936174456,110,6,273,18909.2240330733,-8904,137
1621936174506,1621936174596,90,8,397,24799.2978768162,-18902,289
1621936174606,1621936174676,70,3,93,3329.97692574195,-2775,81
1621936174696,1621936174776,80,9,1401,99544.5265640869,-6130,180
1621936174876,1621936174986,110,11,334,6159.38294302316,-12042,106
1621936174996,1621936175176,180,9,668,46515.8077774058,-25794,300
1621936175186,1621936175316,130,2,639,61547.5927778148,-34686,300
1621936175326,1621936175346,20,0,52,1195.43807231259,-1,234
1621936175396,1621936175566,170,1,548,29416.3383423046,-26990,172
1621936175576,1621936175586,10,-1,143,11969.6153450837,-1,-1
1621936175596,1621936175965,369,6,1741,132097.288434972,-148252,124
1621936176035,1621936176115,80,3,392,26894.1470608316,-305,329
1621936176125,1621936176145,20,2,288,27684.8564239884,-20851,334
1621936176205,1621936176235,30,4,231,22913.5120962809,-2716,135
1621936176245,1621936176285,40,4,257,17559.0801678238,-15816,317
1621936176355,1621936176435,80,2,438,32175.1290058751,-38818,309
1621936176475,1621936176675,200,5,480,21709.606788606,-33284,42
1621936176685,1621936176765,80,9,250,19466.9359334827,-17791,350
1621936176805,1621936176815,10,-1,54,2825.01699870151,-1,-1
1621936176835,1621936176885,50,7,251,15914.2439987646,-15514,186
1621936176925,1621936176985,60,1,59,1974.91184007631,-608,70
1621936177045,1621936177075,30,2,108,7443.29655365958,-2348,101
1621936177085,1621936177385,300,11,2105,125004.229594479,-108892,177
1621936177405,1621936177435,30,2,111,6610.61449675377,-5206,25
1621936177445,1621936177465,20,0,49,2092.95709081011,-1,166
1621936177484,1621936177664,180,27,1456,87451.6598094495,-68302,150
1621936177674,1621936177724,50,2,62,4515.74855863963,-2647,316
1621936177784,1621936177814,30,1,48,2101.43601746135,-1254,304
1621936177844,1621936177904,60,4,101,2637.21112477922,-4698,306
1621936177944,1621936177954,10,-1,37,2910.09107275115,-1,-1
1621936177964,1621936178054,90,26,627,34383.9183225573,-26184,84
1621936178064,1621936178134,70,4,146,7152.50014015923,-9226,292
1621936178214,1621936178734,520,39,983,54619.7048519556,-41206,291
1621936178744,1621936178754,10,-1,45,1757.15472826407,-1,-1
1621936178764,1621936178894,130,7,730,40056.9275848944,-65288,90
1621936178904,1621936178924,20,5,228,21010.7245358888,-198,275
1621936179044,1621936179074,30,4,228,20057.15089867,-17348,143
1621936179133,1621936179193,60,5,659,36539.6138227046,-60031,311
1621936179273,1621936179323,50,7,281,15513.6772633999,-13912,137
1621936179333,1621936179353,20,1,263,17747.6506697041,-1,29
1621936179363,1621936179423,60,6,397,27841.3262390337,-35887,308
1621936179443,1621936179453,10,-1,34,579.220899799337,-1,-1
1621936179513,1621936179633,120,3,297,11846.99602225,-25712,265
1621936179723,1621936179733,10,-1,38,1143.82752089836,-1,-1
1621936179743,1621936179773,30,0,63,2157.32529575013,-16,49
1621936179873,1621936179963,90,2,192,12542.6600481097,-10364,14
1621936179973,1621936179983,10,-1,44,2929.75088553618,-1,-1
1621936179993,1621936180133,140,2,532,44036.7994999519,-33160,209
1621936180173,1621936180323,150,1,504,30680.6491430715,-16688,144
1621936180363,1621936180413,50,5,208,18583.3075655093,-7836,104
1621936180423,1621936180433,10,-1,37,997.703785438863,-1,-1
1621936180453,1621936180513,60,3,192,10210.1318856288,-10502,198
1621936180523,1621936181092,569,5,584,41780.2716826595,-32161,297
1621936181102,1621936181192,90,1,389,25742.9050348279,-42,34
1621936181202,1621936181232,30,6,286,13206.6339256146,-9381,96
1621936181282,1621936181472,190,9,657,34503.9715046024,-27298,302
1621936181512,1621936181782,270,0,1219,54601.7042161944,-115868,341
1621936181812,1621936181862,50,3,113,5442.16338317316,-5318,339
1621936181872,1621936181892,20,0,37,3464.21024551378,-1,214
1621936181912,1621936182192,280,50,586,21401.878833833,-40270,138
1621936182202,1621936182391,189,13,228,18074.1454353435,-13162,329
1621936182401,1621936182441,40,0,165,14963.0070203247,-10301,24
1621936182531,1621936182601,70,8,271,11218.6993569282,-12995,131
1621936182921,1621936183141,220,40,896,53399.5022120691,-62898,315
1621936183151,1621936183461,310,7,480,35073.6719511011,-28109,170
1621936183491,1621936183511,20,1,55,3909.72824413703,-1,251
1621936183531,1621936183691,160,1,1640,48852.948643245,-157857,118
1621936183771,1621936183941,170,7,446,37636.3974610153,-39573,0
1621936183960,1621936184040,80,9,553,33935.5873814955,-39000,157
1621936184060,1621936184080,20,4,220,22006.4681600131,-221,286
1621936184110,1621936184200,90,2,444,24525.9107840475,-25086,148
1621936184260,1621936184320,60,2,144,7264.78295651086,-6783,346
1621936184340,1621936184400,60,2,227,8753.49186849872,-4497,277
1621936184530,1621936184540,10,-1,30,1115.10159256516,-1,-1
1621936184780,1621936184810,30,1,67,1959.16920864621,-54,318
1621936184820,1621936184840,20,1,127,7474.09917954516,-1,15
1621936184860,1621936184880,20,0,38,3109.06098723821,-391,333
1621936184910,1621936184960,50,1,148,9207.88538337817,-6632,284
1621936184990,1621936185040,50,3,388,32665.47338821,-17092,151
1621936185080,1621936185120,40,3,617,32493.5946163282,-42688,68
1621936185150,1621936185220,70,7,189,8944.55724576912,-5999,303
1621936185230,1621936185659,429,8,588,39430.6240399078,-25274,49
1621936185679,1621936185759,80,8,1912,156169.16229552,-140966,195
1621936185769,1621936185879,110,0,163,11047.4543721514,-6412,139
1621936185889,1621936185899,10,-1,34,2608.86607529696,-1,-1
1621936185909,1621936186109,200,10,541,20179.9014363754,-29316,2
1621936186119,1621936186159,40,4,143,10308.8425218756,-7073,160
1621936186169,1621936186199,30,2,117,8058.5515592758,-6505,143
1621936186219,1621936186249,30,1,107,5270.0486989347,-1,313
1621936186259,1621936186539,280,11,281,22659.4914084052,-16164,239
1621936186549,1621936186779,230,12,293,18759.5390990994,-20000,132
1621936186789,1621936186819,30,3,174,11546.9662769386,-7120,331
1621936186839,1621936187009,170,7,197,12030.9644654403,-8064,311
1621936187019,1621936187099,80,3,271,21794.5062550518,-10465,276
1621936187159,1621936187238,79,4,323,24491.1027558844,-15129,110
1621936187248,1621936187258,10,-1,34,2381.85942202312,-1,-1
1621936187278,1621936187318,40,1,48,1077.77192993041,-660,79
1621936187328,1621936187338,10,-1,32,922.196465985963,-1,-1
1621936187358,1621936187398,40,1,62,4736.68950785618,-1004,292
1621936187418,1621936187428,10,-1,32,1148.38943218342,-1,-1
1621936187488,1621936187568,80,2,120,7432.69105241306,-7299,203
1621936187578,1621936187598,20,0,85,7876.28177352478,-4733,147
1621936187648,1621936187688,40,5,230,15087.5142502134,-17659,34
1621936187698,1621936187728,30,1,55,2263.99869096943,-529,123
1621936187738,1621936187748,10,-1,50,2958.71985027243,-1,-1
1621936187758,1621936187798,40,0,53,3922.6019406646,-1984,149
1621936187808,1621936187938,130,4,375,29416.1314830978,-16892,351
1621936187968,1621936188028,60,3,132,8673.48012329855,-7596,270
1621936188038,1621936188058,20,0,57,4532.4792291336,-5,221
1621936188098,1621936188108,10,-1,35,2833.99890171723,-1,-1
1621936188118,1621936188518,400,5,1793,90367.933067228,-118945,189
1621936188528,1621936189057,529,4,1924,169036.533939711,-142266,70
1621936189077,1621936189117,40,1,41,2001.55001195499,-149,41
1621936189177,1621936189207,30,2,94,4184.05709794186,-5361,314
1621936189257,1621936189267,10,-1,45,2954.04555679736,-1,-1
1621936189277,1621936189347,70,2,227,14175.8280416898,-16130,110
1621936189357,1621936189377,20,0,43,2541.13474095174,-1,217
1621936189397,1621936189437,40,0,73,6150.27330792934,-2011,254
1621936189457,1621936189747,290,1,399,24083.860185995,-26142,72
1621936189757,1621936189787,30,1,61,3279.38472579287,-2719,30
1621936189817,1621936189857,40,3,122,8389.52714897948,-6157,198
1621936189877,1621936189957,80,6,376,34835.9761947242,-24449,342
1621936189987,1621936190017,30,4,194,8581.04294054352,-11156,325
1621936190027,1621936190097,70,13,657,50387.2307685183,-26081,146
1621936190137,1621936190147,10,-1,35,1953.03653318649,-1,-1
1621936190227,1621936190436,209,4,294,16408.7030863917,-15981,356
1621936190446,1621936190456,10,-1,30,1293.85635698272,-1,-1
1621936190486,1621936190676,190,5,1664,97947.0013058608,-116050,249
1621936190686,1621936191046,360,3,1165,37276.1249726964,-106890,91
1621936191056,1621936191066,10,-1,101,9415.84529297882,-1,-1
1621936191076,1621936191296,220,3,1345,72439.7992979286,-128897,323
1621936191346,1621936191576,230,1,555,30195.9353264013,-42626,145
1621936191586,1621936191646,60,12,430,32752.7826221406,-31421,136
1621936191656,1621936191706,50,10,401,27586.1312453631,-31285,308
1621936191716,1621936191896,180,0,897,70496.5535188861,-72346,14
1621936191926,1621936191936,10,-1,35,741.581374077248,-1,-1
1621936191946,1621936192095,149,1,443,10326.6257597425,-38146,16
1621936192105,1621936192305,200,2,288,20367.1806097305,-19892,117
1621936192315,1621936192445,130,2,643,49723.5760204579,-46821,300
1621936192505,1621936192535,30,2,243,21431.4581467835,-13751,32
1621936192565,1621936192755,190,3,933,89141.7794389373,-54026,190
1621936192765,1621936192975,210,4,1463,145189.873622466,-44647,24
1621936192985,1621936193185,200,4,625,48787.5176747352,-23534,220
1621936193195,1621936193215,20,0,33,750.997936603053,-1,220
1621936193265,1621936193375,110,1,817,65201.1510976607,-40496,71
1621936193385,1621936193395,10,-1,57,3448.92920864773,-1,-1
1621936193445,1621936193555,110,1,692,41979.8117401419,-18383,98
1621936193654,1621936193734,79,0,206,6808.49407739461,-15894,258
1621936193744,1621936193854,110,22,1652,72032.5526722638,-17605,97
1621936193954,1621936193984,30,4,185,1621.31994495152,-13982,155
1621936194004,1621936194044,40,1,163,8179.98669474003,-5609,355
1621936194134,1621936194234,100,6,734,36538.3279726547,-26023,186
1621936194274,1621936194294,20,5,265,23043.6719845647,-1,319
1621936194374,1621936194404,30,12,574,54890.8527043128,-53094,135
1621936194494,1621936194614,120,9,724,51138.7541216557,-44906,295
1621936194654,1621936194674,20,0,63,3826.32233484951,-793,37
1621936194744,1621936194864,120,2,443,19401.5756003902,-14194,187
1621936194874,1621936194934,60,2,279,27839.6864158065,-22999,333
1621936195004,1621936195014,10,-1,39,1845.07474962271,-1,-1
1621936195094,1621936195114,20,0,43,3324.94477376214,-454,198
1621936195124,1621936195214,90,11,608,22634.5431300504,-34796,87
1621936195224,1621936195363,139,16,671,45294.4616699333,-38549,272
1621936195383,1621936195443,60,2,41,3012.54697188784,-811,8
1621936195453,1621936195493,40,4,234,16416.2598042593,-10138,135
1621936195503,1621936195513,10,-1,44,3972.93432122552,-1,-1
1621936195523,1621936195693,170,1,261,18493.1453323038,-16084,283
1621936195703,1621936195893,190,3,367,29461.9760069176,-18444,310
1621936195903,1621936195963,60,4,146,6730.26507189056,-5346,37
1621936195973,1621936196143,170,1,178,6924.74992095958,-10304,206
1621936196153,1621936196203,50,0,158,6505.2502408814,-1,265
1621936196213,1621936196313,100,4,661,45093.1816779148,-40456,138
1621936196323,1621936196423,100,21,1240,77012.9555233324,-63037,90
1621936196453,1621936196623,170,13,1030,67622.9781658132,-59465,244
1621936196673,1621936196803,130,6,578,55118.2571884146,-37530,284
1621936196813,1621936196843,30,1,177,16561.0404103885,-10620,30
1621936196892,1621936196932,39,1,317,14722.5525643642,-1,292
1621936196942,1621936196992,50,1,284,24151.0941760822,-22658,350
1621936197002,1621936197032,30,3,179,15970.5834005817,-13128,216
1621936197042,1621936197132,90,4,344,20496.1075654052,-28054,12
1621936197142,1621936197182,40,1,83,5818.67401946854,-4203,196
1621936197192,1621936197332,140,1,271,17007.5835071399,-16464,48
1621936197382,1621936197462,80,2,176,7773.53170515917,-10593,148
1621936197562,1621936197662,100,0,548,32573.7668224399,-29970,142
1621936197692,1621936197722,30,3,201,15416.4620677298,-2988,2
1621936197732,1621936197802,70,4,306,27882.0630765493,-13915,5
1621936197812,1621936197832,20,1,58,3331.49799585257,-930,164
1621936197862,1621936198012,150,5,515,37092.8884337492,-27386,113
1621936198022,1621936198132,110,5,331,20781.2536873732,-23660,288
1621936198152,1621936198192,40,2,84,3807.63372028264,-1536,209
1621936198212,1621936198262,50,1,71,3436.39800410657,-1353,110
1621936198282,1621936198561,279,9,772,68586.7585446248,-42553,241
1621936198621,1621936198801,180,10,1330,61759.3185452301,-95032,74
1621936198811,1621936198861,50,1,658,60252.9101447368,-4123,152
1621936198871,1621936199161,290,4,1516,83336.3136368273,-107980,345
1621936199171,1621936199351,180,3,249,14235.5635459457,-15364,303
1621936199411,1621936199451,40,36,1664,126006.223882534,-1,120
1621936199561,1621936199591,30,1,1693,1199.24464544279,-162843,67
1621936199601,1621936199681,80,4,342,24043.2370479556,-19959,141
1621936199691,1621936200240,549,7,429,28575.0030989313,-28872,339
1621936200250,1621936200280,30,2,246,13756.3041247832,-2093,116
1621936200290,1621936200300,10,-1,110,8751.72743890398,-1,-1
1621936200600,1621936200610,10,-1,62,3710.65344127449,-1,-1
1621936200620,1621936200640,20,1,90,7451.01063752728,-1863,36
1621936200690,1621936200900,210,2,203,12221.2462116046,-10239,157
1621936200940,1621936200950,10,-1,36,1110.65421404093,-1,-1
1621936201040,1621936201050,10,-1,58,2816.41376862032,-1,-1
1621936201060,1621936201090,30,1,73,1657.2311737436,-1,213
1621936201160,1621936201170,10,-1,35,934.893742491944,-1,-1
1621936201180,1621936201190,10,-1,32,489.502908414719,-1,-1
1621936201200,1621936201260,60,1,224,18289.6373389705,-11701,144
1621936201290,1621936201340,50,1,166,13338.2408258925,-8789,282
1621936201450,1621936201550,100,5,106,3327.42770034848,-3673,276
1621936201570,1621936201670,100,3,100,7524.23813316732,-4875,118
1621936201769,1621936201779,9,-1,37,1457.00068559743,-1,-1
1621936201789,1621936201829,40,2,116,4704.62416416531,-1,267
1621936202039,1621936202069,30,16,808,-1.0,-6812,159
1621936202459,1621936202509,50,6,153,-1.0,-71,289
1621936204338,1621936204428,90,10,153,-1.0,-3926,229
1621936204838,1621936205027,189,39,940,32346.4990430062,-42505,310
1621936205037,1621936205047,10,-1,41,3582.74630907143,-1,-1
1621936205107,1621936205177,70,18,1440,112354.891981496,-133778,59
1621936205227,1621936205347,120,13,729,71221.8155412508,-32023,232
1621936205367,1621936205377,10,-1,45,2040.11751284805,-1,-1
1621936205427,1621936205457,30,11,1560,102516.402517984,-1,115
1621936205577,1621936205757,180,15,1415,54818.367840684,-96465,300
1621936205797,1621936205927,130,3,221,15590.7061398285,-15244,164
1621936205937,1621936205947,10,-1,340,32030.3093061378,-1,-1
1621936206057,1621936206127,70,4,80,2961.80798327642,-96,280
1621936206217,1621936206417,200,13,910,18899.3803267309,-37033,281
1621936206457,1621936206577,120,4,904,86190.0759523653,-86140,113
1621936206626,1621936206676,50,0,216,16579.4342401935,-16982,140
1621936206696,1621936206816,120,0,367,32594.1358859373,-23483,260
1621936206846,1621936206906,60,3,276,19741.1428301439,-14757,3
1621936206926,1621936206936,10,-1,36,2414.05078692958,-1,-1
1621936207036,1621936207246,210,6,627,55290.6523704979,-57133,283
1621936207276,1621936207306,30,30,1495,143678.821452448,-1,115
1621936207316,1621936207456,140,26,1490,139362.568213641,-138110,294
1621936207466,1621936207516,50,8,410,33860.616705009,-25022,38
1621936207556,1621936207576,20,0,38,2328.26275652377,-126,247
1621936207606,1621936207636,30,4,218,16806.7820679708,-4597,237
1621936207706,1621936207856,150,4,325,22210.1044378711,-18891,106
1621936207866,1621936207886,20,30,1537,149945.808681191,-1,121
1621936207896,1621936208036,140,26,670,31246.4323554021,-29623,302
1621936208136,1621936208245,109,7,380,8401.34330156906,-12853,318
1621936208345,1621936208435,90,2,428,31313.1741046426,-28457,77
1621936208445,1621936208455,10,-1,521,51271.5328914233,-1,-1
1621936208465,1621936208495,30,1,864,84156.2380725787,-77402,171
1621936208525,1621936208615,90,1,328,27740.0052979129,-16679,166
1621936208655,1621936208835,180,0,484,29652.4334587606,-44257,79
1621936208845,1621936208865,20,0,46,1996.02531867247,-65,349
1621936208955,1621936209545,590,4,573,43188.5893522201,-33045,336
1621936209565,1621936209805,240,1,324,26968.8558605067,-16361,146
1621936209815,1621936210144,329,1,415,25154.2069794772,-21814,306
1621936210194,1621936210244,50,2,74,2966.38491568846,-1666,33
1621936210254,1621936210424,170,2,1057,45339.8241817649,-68330,227
1621936210454,1621936210554,100,8,333,29651.7851648709,-24564,134
1621936210664,1621936210804,140,5,306,18956.0939300115,-19169,0
1621936210814,1621936210894,80,1,482,41562.4622663742,-33631,108
1621936210984,1621936211074,90,5,234,13300.8571535033,-18618,158
1621936211084,1621936211184,100,5,182,10831.5013948354,-7842,338
1621936211254,1621936211643,389,3,901,48198.4660025406,-78291,338
1621936211653,1621936211663,10,-1,35,2341.69737263733,-1,-1
1621936211683,1621936211723,40,3,169,9987.04167360144,-5111,247
1621936211733,1621936211743,10,-1,101,9423.7851476955,-1,-1
1621936211833,1621936211893,60,1,268,3619.7436373984,-14203,181
1621936211993,1621936212003,10,-1,70,-1.0,-1,-1
1621936212133,1621936212263,130,6,233,18101.1280131357,-11213,205
1621936212283,1621936212373,90,5,688,49715.6535376551,-44038,3
1621936212383,1621936212393,10,-1,42,2006.29819108188,-1,-1
1621936212403,1621936212443,40,3,117,4389.37914860127,-5250,217
1621936212473,1621936212543,70,2,78,3453.52664752255,-2922,181
1621936212563,1621936212723,160,6,407,22927.398778749,-26176,359
1621936212733,1621936212773,40,1,166,13928.5825106226,-8070,114
1621936212783,1621936212793,10,-1,55,5467.53856451933,-1,-1
1621936213003,1621936213053,50,2,80,4205.02099698143,-2809,138
1621936213063,1621936213102,39,1,51,3399.70772774693,-964,306
1621936213122,1621936213242,120,3,387,29683.5722448067,-10943,178
1621936213262,1621936213452,190,1,856,50765.1832171797,-72495,200
1621936213482,1621936213552,70,7,250,13617.4167354411,-9907,28
1621936213562,1621936213582,20,1,91,7407.94296513157,-5050,314
1621936213592,1621936213662,70,4,191,7774.86603575592,-12847,184
1621936213822,1621936213832,10,-1,47,2627.34267328216,-1,-1
1621936213842,1621936213862,20,1,65,4947.229521766,-2171,337
1621936213882,1621936213902,20,1,93,7024.45001134552,-3998,337
1621936213912,1621936214002,90,4,226,11835.5177150325,-14833,75
1621936214062,1621936214242,180,7,339,19442.500369553,-27561,211
1621936214402,1621936214442,40,3,144,6861.40747723294,-7956,330
1621936214452,1621936214462,10,-1,105,7561.88237362289,-1,-1
1621936214472,1621936214492,20,1,73,5804.34872109719,-3308,45
1621936214502,1621936214662,160,11,236,10191.4111200804,-13515,108
1621936214671,1621936214921,249,10,349,24742.5733107682,-25352,273
1621936214931,1621936215251,320,3,616,33169.5162939309,-30707,283
1621936215341,1621936215361,20,0,156,-1.0,-11744,282
1621936215381,1621936215391,10,-1,48,2666.30551821957,-1,-1
1621936215401,1621936215491,90,5,156,8277.86830427938,-11599,37
1621936215511,1621936215941,430,7,589,37783.3332973951,-20528,188
1621936216011,1621936216101,90,6,658,47238.7571025149,-33276,2
1621936216121,1621936216251,130,1,187,12362.2470921647,-15353,45
1621936216261,1621936216281,20,0,54,2432.17558984411,-934,123
1621936216301,1621936216380,79,1,159,6989.62576349319,-5606,73
1621936216390,1621936216510,120,1,381,17233.5633745819,-33410,272
1621936216520,1621936216550,30,4,387,21433.6918894274,-1,141
1621936216670,1621936216750,80,4,260,20593.5022855665,-12551,135
1621936216760,1621936216780,20,5,297,27077.0608657456,-5932,288
1621936216800,1621936216850,50,1,361,26776.1130405667,-19369,109
1621936216940,1621936217130,190,10,462,25545.2489099554,-27458,359
1621936217160,1621936217310,150,1,193,13623.5264894767,-12956,236
1621936217320,1621936217400,80,1,459,36646.5900654616,-37533,75
1621936217410,1621936217500,90,7,291,17423.2478317931,-12628,167
1621936217510,1621936217550,40,4,208,9406.11796799288,-10218,115
1621936217600,1621936217660,60,4,233,18798.6055198524,-15748,237
1621936217680,1621936217730,50,2,480,43450.4035242619,-23143,20
1621936217740,1621936217820,80,1,352,22624.0048263538,-23983,260
1621936217850,1621936218039,189,17,1118,75857.0507064892,-79502,151
1621936218049,1621936218119,70,8,273,14035.9497225654,-1,27
1621936218209,1621936218289,80,2,109,4685.72506346324,-5605,256
1621936218329,1621936218599,270,7,327,19456.698284753,-16248,171
1621936218609,1621936218649,40,2,124,10141.9757233471,-4455,247
1621936218659,1621936219099,440,3,448,26591.2796603672,-30086,25
1621936219139,1621936219209,70,6,337,22349.8717419965,-17522,350
1621936219239,1621936219489,250,2,720,20031.8211295175,-54259,150
1621936219539,1621936219588,49,0,712,74381.9764098693,-67333,228
1621936219698,1621936219718,20,0,50,-1.0,-1769,98
1621936219758,1621936219768,10,-1,64,4279.33452597133,-1,-1
1621936219848,1621936219898,50,1,113,8850.75268386345,-5742,334
1621936219908,1621936219928,20,1,71,3221.20612569887,-1,287
1621936219968,1621936220138,170,4,277,11824.4879470943,-19559,144
1621936220188,1621936220198,10,-1,36,840.337580889246,-1,-1
1621936220228,1621936220278,50,6,357,15375.8768979695,-7489,176
1621936220368,1621936220538,170,12,388,27134.6666069699,-22894,102
1621936220548,1621936220798,250,10,368,25300.4748048985,-21835,253
1621936220818,1621936221147,329,6,479,16326.2751750178,-41220,342
1621936221297,1621936221407,110,9,240,10104.6040547142,-9789,176
1621936221457,1621936221677,220,5,402,25577.0457549056,-24118,298
1621936221687,1621936221797,110,3,309,17287.7524561828,-23049,31
1621936221817,1621936221867,50,2,62,1665.94963476096,-1501,55
1621936221967,1621936222187,220,4,200,10952.7880503386,-9352,241
1621936222197,1621936222207,10,-1,59,5392.33999001668,-1,-1
1621936222227,1621936222746,519,1,521,35530.3616507197,-41890,186
1621936222756,1621936222796,39,0,143,10860.012531612,-5583,16
1621936222856,1621936222876,20,0,57,3024.95493172316,-1,4
1621936222956,1621936223096,140,7,233,13514.8639129021,-15583,282
1621936223116,1621936223226,110,8,447,22171.0508000101,-29799,83
1621936223246,1621936223496,250,1,262,15341.0176763677,-10764,243
1621936223506,1621936223536,30,1,85,3925.80743167994,-4067,211
1621936223556,1621936223706,150,6,376,14809.2926109483,-30809,21
1621936223716,1621936223736,20,1,105,8632.8640838958,-3306,177
1621936223746,1621936223786,40,5,413,39796.1975843715,-5324,172
1621936223796,1621936223836,40,4,129,9864.30821691803,-3481,311
1621936223856,1621936223906,50,3,103,7173.76345405359,-4050,52
1621936223916,1621936223956,40,2,92,3954.22410513483,-3350,112
1621936223986,1621936224086,100,1,290,22367.5764156707,-7163,247
1621936224096,1621936224186,90,1,287,16397.1134335235,-16478,315
1621936224196,1621936224296,100,3,164,10301.2905169622,-7706,300
1621936224316,1621936224336,20,0,52,3364.84579554345,-1,14
1621936224346,1621936224356,10,-1,32,346.81666725071,-1,-1
1621936224366,1621936224455,89,2,140,5390.27149785772,-5531,260
1621936224485,1621936224535,50,7,281,10994.581485528,-16785,93
1621936224545,1621936224835,290,38,705,32403.3917447641,-23647,147
1621936224845,1621936225035,190,10,151,7307.42294038763,-5404,307
1621936225095,1621936225145,50,2,67,2635.46805527183,-2144,58
1621936225155,1621936225285,130,5,262,12829.1707023201,-14695,329
1621936225295,1621936225335,40,2,223,19651.9978792992,-9061,357
1621936225425,1621936225485,60,7,258,11796.9301987825,-10689,176
1621936225955,1621936226005,50,2,79,5913.1207720865,-3365,90
1621936226144,1621936226184,40,4,174,9451.47894064974,-9306,264
1621936226244,1621936226254,10,-1,35,2314.93440885383,-1,-1
1621936226354,1621936226724,370,24,730,27425.2782124192,-47269,331
1621936226754,1621936226824,70,0,155,7455.31664677713,-2482,3
1621936226834,1621936226854,20,1,195,17118.1462793657,-10285,130
1621936226864,1621936226994,130,2,351,19403.0556571931,-19487,278
1621936227004,1621936227064,60,0,204,9947.67976426401,-10182,310
1621936227074,1621936227224,150,3,441,23679.333104559,-25867,289
1621936227484,1621936227494,10,-1,51,3377.7070819335,-1,-1
1621936227504,1621936227524,20,0,88,8503.48716637114,-4904,273
1621936227633,1621936227653,20,0,44,2151.18098672593,-1,307
1621936227743,1621936227773,30,1,93,7000.13469963902,-3595,121
1621936227863,1621936227953,90,2,208,15888.4518901175,-12374,144
1621936228013,1621936228103,90,1,1005,50959.4478321613,-46776,236
1621936228123,1621936228213,90,37,2242,215885.854702059,-180846,106
1621936228383,1621936228493,110,30,706,49429.1346684646,-31592,245
1621936231341,1621936231401,60,48,941,9624.237153946,-5440,5
1621936232590,1621936232610,20,5,556,-1.0,-25637,182
1621936232880,1621936233030,150,49,691,25555.6883295588,-45057,333
1621936233040,1621936233070,30,2,271,16885.9372329932,-1,339
1621936233190,1621936233200,10,-1,2270,-1.0,-1,-1
1621936233500,1621936233850,350,6,1760,73359.3526491853,-122729,69
1621936233860,1621936234099,239,14,1270,74914.2163355115,-30645,156
1621936234189,1621936234359,170,16,1071,38730.2188410875,-61210,242
1621936234409,1621936234429,20,3,165,15005.5515059585,-197,280
1621936234489,1621936234699,210,6,327,23489.0586137901,-24402,162
1621936234749,1621936235049,300,2,255,13341.8025169661,-16295,246
1621936235269,1621936235459,190,19,631,31604.2533481367,-44646,178
1621936235479,1621936235539,60,3,122,6720.34236521615,-3157,216
1621936235579,1621936235798,219,19,1964,126052.797967405,-153028,250
1621936235808,1621936236058,250,22,1729,150659.364123236,-103667,174
1621936236168,1621936236378,210,16,344,25679.5468808217,-23728,351
1621936236388,1621936236408,20,0,50,4221.55095949042,-1,112
1621936236418,1621936236428,10,-1,44,1508.690416229,-1,-1
1621936236438,1621936236458,20,0,33,1015.88632622735,-1,23
1621936236468,1621936236488,20,0,36,1856.51800630287,-1,85
1621936236508,1621936236538,30,2,129,9024.63682291244,-4290,70
1621936236548,1621936236558,10,-1,34,919.671747101543,-1,-1
1621936236568,1621936236588,20,0,50,2026.71563349516,-25,232
1621936236598,1621936236608,10,-1,51,4390.89314844999,-1,-1
1621936236618,1621936236748,130,3,980,89564.6670456794,-44487,0
1621936236758,1621936236768,10,-1,37,2250.96048982562,-1,-1
1621936236798,1621936236828,30,1,55,2401.6446687252,-1,86
1621936236918,1621936236988,70,7,139,5644.19402119535,-7435,81
1621936236998,1621936237038,40,7,391,19050.9148328143,-24400,255
1621936237048,1621936237058,10,-1,36,1217.67739194443,-1,-1
1621936237068,1621936237088,20,0,51,3812.02748724199,-1,358
1621936237198,1621936237288,90,8,180,12094.818612598,-5463,162
1621936237707,1621936237747,40,1,51,1992.01101835363,-1874,30
1621936238157,1621936238357,200,7,362,15911.8310106079,-12681,195
1621936238487,1621936238817,330,26,1488,107121.28157951,-118435,314
1621936238827,1621936238946,119,12,660,40391.6328032083,-54675,247
1621936238956,1621936238986,30,1,78,4356.32733782836,-3923,225
1621936239026,1621936239056,30,1,119,4039.20448132663,-1,237
1621936239066,1621936239086,20,0,147,12170.4480660852,-10079,315
1621936239106,1621936239226,120,18,395,31370.4831624876,-27044,74
1621936239246,1621936239306,60,2,68,1240.38881805805,-34,250
1621936239326,1621936239356,30,0,48,2220.63593883323,-1,247
1621936239366,1621936239436,70,15,621,45788.3971256687,-40610,153
1621936239526,1621936239556,30,2,123,7226.0683031135,-5452,277
1621936239606,1621936239776,170,27,877,23639.7302890094,-47896,347
1621936239786,1621936239796,10,-1,82,5734.03902539058,-1,-1
1621936239806,1621936239876,70,1,96,4216.24485073117,-1662,104
1621936239886,1621936239926,40,0,147,7849.83942356559,-2757,237
1621936239936,1621936239986,50,2,94,6828.17926029215,-3752,91
1621936239996,1621936240006,10,-1,37,972.166668584974,-1,-1
1621936240016,1621936240086,70,4,428,34019.518193329,-11500,355
1621936240106,1621936240126,20,0,56,4141.71347092004,-1,129
1621936240136,1621936240166,30,2,101,6123.26696800983,-5345,226
1621936240206,1621936240226,20,0,59,1823.19577982437,-1,65
1621936240256,1621936240306,50,2,113,6100.9318240018,-4323,90
1621936240316,1621936240366,50,3,87,4555.55303423584,-2596,74
1621936240476,1621936240556,80,4,116,5986.70564650941,-6072,286
1621936240575,1621936240905,330,22,1534,104348.600442278,-120068,195
1621936241005,1621936241025,20,0,46,2616.61479479042,-506,160
1621936241035,1621936241195,160,29,978,52540.9345428047,-55078,358
1621936241205,1621936241585,380,9,892,42854.0975138665,-73624,134
1621936241595,1621936241645,50,3,243,14473.273314932,-17276,318
1621936241655,1621936241705,50,5,1567,153361.470057942,-138198,177
1621936241715,1621936241815,100,14,591,45684.0799866491,-30583,184
1621936241825,1621936241845,20,0,50,2258.14793864855,-1482,221
1621936242214,1621936242514,300,19,1792,111457.211390635,-166427,327
1621936242694,1621936242774,80,8,1007,22.4029001326848,-52653,8
1621936242834,1621936242844,10,-1,54,2942.29989070865,-1,-1
1621936242854,1621936243284,430,18,519,31107.4792376626,-29373,150
1621936243294,1621936243304,10,-1,42,2030.63269224776,-1,-1
1621936243314,1621936243344,30,1,58,3434.94438684482,-749,343
1621936243354,1621936243394,40,1,94,3736.60665848769,-5474,291
1621936243404,1621936243724,320,7,854,64552.2018728171,-57195,25
1621936243764,1621936244033,269,9,1661,131436.997467053,-77218,318
1621936244043,1621936244073,30,1,77,5447.84964274532,-4177,299
1621936244083,1621936244273,190,15,482,34901.4114730987,-26970,182
1621936244303,1621936244313,10,-1,37,1673.40503774713,-1,-1
1621936244343,1621936244363,20,0,50,1715.54488606698,-1,150
1621936244373,1621936244393,20,0,119,7551.81316818214,-1,157
1621936244503,1621936244583,80,4,426,3966.75368231252,-27298,355
1621936244703,1621936244783,80,8,736,36496.7696552742,-66318,202
1621936244793,1621936244843,50,2,73,4061.23822556029,-3228,217
1621936245063,1621936245103,40,5,510,-1.0,-30557,74
1621936245193,1621936245412,219,6,177,11268.8405412018,-6816,337
1621936245432,1621936245562,130,4,371,24092.9712645591,-16456,90
