start,end,duration,amplitude,peak_velocity,peak_acceleration,peak_deceleration,direction
1621592510583,1621592510673,90,5,287,10964.5868815686,-17052,189
1621592510733,1621592510783,50,2,170,-1.0,-8113,219
1621592510793,1621592510823,30,1,294,22962.6973559006,-1,15
1621592510883,1621592510953,70,16,375,15350.0732316268,-21654,5
1621592511023,1621592511063,40,4,152,1664.94335564282,-8431,286
1621592511073,1621592511093,20,1,127,6057.42746867115,-1,160
1621592511163,1621592511173,10,-1,100,-1.0,-1,-1
1621592511303,1621592511522,219,37,683,25891.9314695387,-24509,206
1621592511602,1621592511622,20,0,97,-1.0,-5501,120
1621592511722,1621592511792,70,9,326,20028.1341270088,-14860,140
1621592511852,1621592511872,20,0,59,-1.0,-2111,221
1621592511882,1621592511892,10,-1,56,3599.74069777654,-1,-1
1621592511902,1621592511942,40,2,87,3445.05461833378,-24,261
1621592512012,1621592512062,50,3,144,5540.46710438411,-6356,264
1621592514621,1621592514641,20,2,185,9862.12216212258,-1,180
1621592514711,1621592514780,69,2,91,282.797691170643,-3371,42
1621592514850,1621592514880,30,1,158,7835.52715789593,-1,184
1621592515130,1621592515160,30,1,158,-1.0,-10933,297
1621592515170,1621592515190,20,2,112,8791.57835454758,-2088,168
1621592515200,1621592515250,50,4,113,6385.18655793585,-4976,352
1621592515300,1621592515420,120,0,197,16045.0050329378,-13352,350
1621592515560,1621592515570,10,-1,98,7265.8254717595,-1,-1
1621592516579,1621592516589,10,-1,39,-1.0,-1,-1
1621592516599,1621592516619,20,1,54,1639.16200667357,-1,12
1621592516769,1621592516779,10,-1,39,-1.0,-1,-1
1621592516899,1621592516909,10,-1,40,1550.09028422555,-1,-1
1621592516939,1621592516969,30,2,87,3755.43212985964,-113,274
1621592517069,1621592517079,10,-1,96,-1.0,-1,-1
1621592517089,1621592517149,60,15,422,23494.4377776593,-13770,69
1621592517159,1621592517289,130,7,133,4598.00838588004,-8505,222
1621592517349,1621592517359,10,-1,35,-1.0,-1,-1
1621592517379,1621592517419,40,5,202,10306.7099194557,-10862,287
1621592517529,1621592517549,20,0,68,3547.47361852949,-1,41
1621592517629,1621592517639,10,-1,60,-1.0,-1,-1
1621592517699,1621592517719,20,0,37,871.404949865422,-1,96
1621592517939,1621592517969,30,1,80,3319.34829780263,-66,323
1621592517979,1621592517989,10,-1,39,3042.76464018565,-1,-1
1621592518098,1621592518108,10,-1,44,2966.38920410996,-1,-1
1621592518118,1621592518148,30,2,155,5161.32678749657,-1,97
1621592518268,1621592518288,20,0,105,-1.0,-4610,135
1621592518368,1621592518378,10,-1,37,-1.0,-1,-1
1621592519358,1621592519388,30,0,98,6719.89455247918,-4975,296
1621592519757,1621592519777,20,0,43,2197.69321865035,-8,190
1621592520167,1621592520207,40,1,59,2294.04501732286,-1462,120
1621592520307,1621592520317,10,-1,35,755.329797635584,-1,-1
1621592520447,1621592520507,60,5,173,10355.1713637521,-12566,102
1621592520587,1621592520647,60,2,106,5345.9493066961,-6043,42
1621592520717,1621592520727,10,-1,40,3702.06729430534,-1,-1
1621592520997,1621592521037,40,2,126,1317.33401062846,-5417,5
1621592521057,1621592521077,20,0,61,3085.62247180249,-1,36
1621592521087,1621592521127,40,1,44,2082.5670253269,-1,184
1621592521147,1621592521207,60,3,96,2582.11874299226,-51,207
1621592521266,1621592521276,9,-1,34,-1.0,-1,-1
1621592521296,1621592521306,10,-1,31,1417.33570836532,-1,-1
1621592521316,1621592521356,40,3,311,22849.6680617722,-22890,71
1621592521416,1621592521436,20,0,54,-1.0,-2242,165
1621592521876,1621592521906,30,16,822,41234.8659444018,-1725,33
1621592522136,1621592522186,50,4,601,39291.4342861893,-9456,215
1621592522686,1621592522726,40,1,159,10514.1320797837,-1,353
1621592523195,1621592523225,30,2,109,3219.61610771567,-6572,13
1621592523335,1621592523375,40,2,107,3797.92921580596,-5194,44
1621592523485,1621592523555,70,3,404,35888.65504267,-27747,339
1621592523635,1621592523655,20,1,164,-1.0,-10558,55
1621592523665,1621592523685,20,1,197,13306.3243577178,-1,205
1621592523795,1621592523815,20,1,248,12050.947980694,-1,11
1621592523825,1621592523845,20,1,264,24837.2420002722,-18136,158
1621592523935,1621592523945,10,-1,360,-1.0,-1,-1
1621592524045,1621592524125,80,5,124,5.22575266628422,-2653,279
1621592524245,1621592524285,40,9,516,-1.0,-17310,280
1621592524375,1621592524425,50,6,243,13294.3916559546,-10321,51
1621592524485,1621592524495,10,-1,182,-1.0,-1,-1
1621592524934,1621592524974,40,5,156,9786.09927452523,-3135,10
1621592525034,1621592525154,120,7,154,6236.43978232727,-8664,94
1621592525224,1621592525274,50,1,385,28076.5012610361,-32905,41
1621592525354,1621592525424,70,18,438,10954.9260347508,-16380,175
1621592525474,1621592525504,30,5,290,16625.2419031963,-16398,48
1621592525544,1621592525574,30,2,112,5643.58341772122,-1,208
1621592525634,1621592525654,20,1,469,-1.0,-36552,235
1621592525704,1621592525724,20,2,283,19098.8469847062,-1,11
1621592525934,1621592525984,50,2,146,6000.27279800625,-10955,277
1621592526004,1621592526024,20,0,60,2155.70452318149,-1,60
1621592526134,1621592526154,20,0,138,9810.03297249196,-1,188
1621592526573,1621592526583,10,-1,151,14993.1371414351,-1,-1
1621592526663,1621592526683,20,0,101,-1.0,-6323,248
1621592526733,1621592526763,30,5,256,23934.2181089906,-10216,29
1621592526793,1621592526843,50,2,281,14712.4428324286,-8408,241
1621592527083,1621592527113,30,2,206,-1.0,-7462,358
1621592527253,1621592527273,20,0,37,-1.0,-199,135
1621592527803,1621592527812,9,-1,78,5018.89342351853,-1,-1
1621592528102,1621592528112,10,-1,40,-1.0,-1,-1
1621592528262,1621592528302,40,3,146,8783.35952961972,-3455,154
1621592528642,1621592528662,20,12,1224,61194.5731208944,-1,44
1621592528822,1621592528842,20,1,394,-1.0,-31915,218
1621592529751,1621592529761,10,-1,31,975.505030900236,-1,-1
1621592530161,1621592530171,10,-1,52,-1.0,-1,-1
1621592530321,1621592530361,40,2,104,5185.63221369774,-5439,149
1621592530501,1621592530521,20,2,246,11928.2626223143,-1,98
1621592530711,1621592530731,20,0,79,-1.0,-3929,356
1621592530781,1621592530801,20,0,279,23002.3042447331,-1,105
1621592530811,1621592530821,10,-1,205,17769.9376187655,-1,-1
1621592530831,1621592530871,40,4,150,8527.49871134644,-9018,120
1621592531280,1621592531310,30,1,91,-1.0,-10,318
1621592531580,1621592531660,80,4,443,11092.4148979178,-21156,238
1621592531760,1621592531800,40,1,150,7713.21225319994,-357,203
1621592531940,1621592531950,10,-1,43,2825.23374497508,-1,-1
1621592532030,1621592532050,20,2,191,-1.0,-8525,225
1621592532070,1621592532090,20,1,87,6637.66343070075,-3482,82
1621592532270,1621592532310,40,2,76,3471.49293341217,-2031,16
1621592532590,1621592532650,60,7,260,12264.640783275,-16024,295
1621592532849,1621592532899,50,7,232,13414.3968195267,-9914,164
1621592532919,1621592532959,40,0,38,1399.05431486958,-373,156
1621592533199,1621592533249,50,10,343,14671.7707228086,-17920,357
1621592533269,1621592533289,20,0,42,1216.17964147913,-1,17
1621592533559,1621592533599,40,0,179,3277.87350194818,-1737,19
1621592533919,1621592533939,20,1,142,66.2569394467141,-1,181
1621592534019,1621592534029,10,-1,38,-1.0,-1,-1
1621592534069,1621592534089,20,0,96,6077.0939417998,-1,123
1621592534299,1621592534329,30,2,108,4599.33283443047,-5046,24
1621592534578,1621592534618,40,2,111,3063.95254685354,-3386,118
1621592534748,1621592534838,90,22,625,30705.4453406839,-25019,8
1621592534858,1621592534908,50,3,415,36130.0211373674,-18494,89
1621592534998,1621592535028,30,2,138,3421.02845535202,-1,245
1621592535038,1621592535048,10,-1,34,1153.69058034282,-1,-1
1621592535058,1621592535138,80,7,290,16269.3646983425,-16400,64
1621592535298,1621592535318,20,0,34,2175.29059980831,-330,315
1621592535328,1621592535338,10,-1,69,5721.84427903333,-1,-1
1621592535518,1621592535568,50,8,238,788.50091594544,-12963,204
1621592535678,1621592535698,20,9,972,-1.0,-3026,20
1621592535818,1621592535868,50,6,239,-1.0,-7084,225
1621592536217,1621592536307,90,9,256,10773.252449615,-9491,176
1621592536517,1621592536587,70,4,289,19111.0190622532,-25911,146
1621592536797,1621592536847,50,9,395,-1.0,-10928,356
1621592537037,1621592537057,20,3,156,14236.3521311071,-336,287
1621592537077,1621592537097,20,0,39,2338.37117741063,-1,285
1621592537237,1621592537287,50,12,355,1743.72818511994,-12725,167
1621592537497,1621592537517,20,1,133,8471.06920237522,-1,81
1621592537656,1621592537706,50,4,329,7022.55591479325,-10970,341
1621592537766,1621592537796,30,0,256,-1.0,-21869,217
1621592537886,1621592537956,70,1,81,4850.52011500461,-1,350
1621592537976,1621592538026,50,3,100,4878.44780012711,-2545,142
1621592538056,1621592538136,80,21,352,12446.5105872479,-12877,1
1621592538206,1621592538236,30,3,112,6059.49910200443,-2402,173
1621592538276,1621592538286,10,-1,32,1166.90007380948,-1,-1
1621592538566,1621592538586,20,1,148,193.045640866725,-1,147
1621592538666,1621592538706,40,1,142,1084.80040260423,-9070,240
1621592538756,1621592538816,60,7,216,9222.79845591702,-8581,353
1621592539226,1621592539265,39,5,181,9156.57595215116,-9570,179
1621592539405,1621592539435,30,15,1351,68112.9968009015,-1,22
1621592539595,1621592539645,50,1,262,187.96018371228,-22304,210
1621592540275,1621592540305,30,0,39,1156.57517330963,-926,135
1621592540385,1621592540405,20,0,55,2151.74373982934,-1,142
1621592540745,1621592540755,10,-1,39,1144.48722223299,-1,-1
1621592541154,1621592541204,50,2,159,223.86970802903,-10474,307
1621592541294,1621592541304,10,-1,34,2373.35120933331,-1,-1
1621592541474,1621592541494,20,0,59,-1.0,-2403,352
1621592541664,1621592541694,30,2,128,1647.92684390843,-7111,331
1621592541704,1621592541714,10,-1,42,2004.31962951721,-1,-1
1621592541854,1621592541874,20,5,643,39332.2869832996,-1,140
1621592541944,1621592541954,10,-1,49,3508.38564743231,-1,-1
1621592541994,1621592542004,10,-1,37,2257.59472996309,-1,-1
1621592542094,1621592542134,40,4,181,12275.9022879794,-8734,142
1621592542244,1621592542264,20,0,33,2008.42673601883,-1,36
1621592542274,1621592542304,30,1,78,3953.31564387724,-51,182
1621592542384,1621592542404,20,0,64,-1.0,-3451,180
1621592542454,1621592542474,20,0,58,3509.58575709855,-2373,282
1621592542553,1621592542603,50,12,490,19743.0410215429,-5956,348
1621592542833,1621592542863,30,2,199,-1.0,-10777,326
1621592542873,1621592542903,30,2,79,3637.41470329598,-1,178
1621592542983,1621592543003,20,0,435,-1.0,-40243,148
1621592543013,1621592543053,40,7,332,9932.62017032919,-1,188
1621592543113,1621592543123,10,-1,69,-1.0,-1,-1
1621592543173,1621592543193,20,2,110,8540.74853442018,-3238,71
1621592543253,1621592543273,20,1,129,-1.0,-5224,212
1621592543293,1621592543303,10,-1,31,327.756143009864,-1,-1
1621592543353,1621592543393,40,12,1162,56623.2955445566,-11,20
1621592543533,1621592543553,20,6,631,-1.0,-31723,217
1621592543563,1621592543583,20,0,40,2072.13502608075,-595,26
1621592543673,1621592543713,40,7,274,13132.1117919773,-12515,174
1621592543963,1621592543983,20,0,40,625.37328890646,-1,90
1621592544402,1621592544432,30,1,212,4239.61419151219,-14339,24
1621592545162,1621592545182,20,0,58,3778.24528542083,-2687,45
1621592545202,1621592545252,50,0,75,4250.91916367818,-4250,0
1621592545262,1621592545272,10,-1,60,3816.71052143619,-1,-1
1621592545282,1621592545292,10,-1,37,940.374265344446,-1,-1
1621592545502,1621592545542,40,13,1464,39546.2408628619,-3358,212
1621592545662,1621592545682,20,0,43,43.5574125658206,-1,169
1621592545931,1621592545961,30,4,325,-1.0,-14210,106
1621592546351,1621592546371,20,0,68,-1.0,-3686,333
1621592546521,1621592546571,50,5,208,11772.7974883593,-8149,92
1621592546821,1621592546871,50,5,185,8404.48560027364,-7869,207
1621592546921,1621592546951,30,2,146,6847.84138785418,-1,77
1621592547091,1621592547151,60,4,461,24525.5347570698,-35994,9
1621592547331,1621592547341,10,-1,58,-1.0,-1,-1
1621592547630,1621592547680,50,8,197,3620.14351054075,-10727,189
1621592547860,1621592547960,100,13,371,15431.1378944598,-19262,157
1621592548090,1621592548100,10,-1,53,2445.54298731688,-1,-1
1621592548310,1621592548330,20,0,30,153.212606935792,-4,308
1621592548340,1621592548360,20,0,42,1008.52588858084,-1,309
1621592548390,1621592548410,20,0,71,3833.84412871527,-1,298
1621592548500,1621592548570,70,8,175,6480.60360001299,-6393,316
1621592548680,1621592548790,110,21,447,25239.0969507945,-16326,25
1621592548930,1621592548940,10,-1,30,-1.0,-1,-1
1621592548990,1621592549010,20,6,302,30275.211436353,-1590,212
1621592549099,1621592549119,20,1,136,-1.0,-4351,187
1621592549259,1621592549319,60,3,70,3252.45926796496,-1923,180
1621592549339,1621592549389,50,3,228,12606.7036740965,-1452,200
1621592549469,1621592549499,30,9,505,-1.0,-8141,199
1621592549559,1621592549639,80,1,258,14158.490596881,-15744,0
1621592549909,1621592549929,20,5,375,11019.8074917411,-1,323
1621592550029,1621592550069,40,5,252,21556.3729552895,-2308,331
1621592550079,1621592550099,20,2,330,21694.6395064355,-1,157
1621592550169,1621592550259,90,7,242,848.918767646965,-7040,54
1621592550329,1621592550349,20,0,125,-1.0,-7689,340
1621592550359,1621592550379,20,0,41,1129.26549414967,-1,302
1621592551628,1621592551708,80,9,555,28428.349271536,-37930,11
1621592551768,1621592551788,20,1,582,-1.0,-50658,285
1621592551798,1621592551838,40,2,124,5995.9695059982,-5704,101
1621592551908,1621592551918,10,-1,43,-1.0,-1,-1
1621592551958,1621592551968,10,-1,310,28349.5053323455,-1,-1
1621592552028,1621592552048,20,1,136,2866.82306557759,-1,54
1621592552427,1621592552457,30,1,50,161.016065848683,-923,92
1621592552467,1621592552487,20,2,151,12874.5838433771,-808,328
1621592552577,1621592552597,20,1,110,-1.0,-4912,264
1621592552647,1621592552737,90,2,127,8361.35926417639,-8520,129
1621592552767,1621592552797,30,3,144,8021.82693971332,-6579,156
1621592552867,1621592552917,50,0,115,11262.5568482159,-4561,6
1621592552977,1621592552987,10,-1,45,-1.0,-1,-1
1621592553057,1621592553077,20,0,108,6413.7047625279,-1,343
1621592553427,1621592553497,70,8,898,40409.241332045,-68926,114
1621592553597,1621592553657,60,8,508,40345.6887115483,-20521,61
1621592553597,1621592553657,60,8,508,40345.6887115483,-20521,61
1621592553667,1621592553747,80,6,302,11656.443968818,-7181,228
1621592553757,1621592553787,30,1,61,1958.01109606424,-1,212
1621592553797,1621592553807,10,-1,90,7142.03823721958,-1,-1
1621592553877,1621592553887,10,-1,72,-1.0,-1,-1
1621592554056,1621592554076,20,4,574,-1.0,-30025,275
1621592554176,1621592554236,60,2,58,1463.65264526135,-407,82
1621592554296,1621592554306,10,-1,452,-1.0,-1,-1
1621592554456,1621592554466,10,-1,37,-1.0,-1,-1
1621592554496,1621592554526,30,4,324,13742.4351168609,-1,170
1621592554586,1621592554606,20,1,152,-1.0,-7193,71
1621592554636,1621592554656,20,1,169,11442.4813816156,-1,94
1621592554746,1621592554806,60,49,1655,131211.245173712,-142939,191
1621592554866,1621592555036,170,21,1685,108252.352260093,-145749,357
1621592555186,1621592555206,20,2,298,14565.0981308945,-1,167
1621592555326,1621592555376,50,2,281,3127.68953831545,-14910,61
1621592555436,1621592555456,20,1,191,-1.0,-9958,242
1621592555466,1621592555476,10,-1,43,3803.53280337774,-1,-1
1621592555566,1621592555596,30,1,66,1487.65004062524,-1,267
1621592556175,1621592556235,60,6,300,15948.0898229138,-13291,341
1621592556295,1621592556345,50,10,253,595.391367682598,-10885,173
1621592556375,1621592556455,80,19,1115,97134.0470899675,-105721,68
1621592556585,1621592556605,20,1,157,-1.0,-6727,245
1621592556615,1621592556635,20,0,56,2975.23148342248,-1487,83
1621592556685,1621592556705,20,0,40,2492.47055067239,-25,270
1621592556715,1621592556725,10,-1,32,2167.00370041019,-1,-1
1621592556735,1621592556875,140,11,675,53202.4893567933,-27810,13
1621592556915,1621592556925,10,-1,39,3628.71706978007,-1,-1
1621592556985,1621592557035,50,12,410,17712.7191059463,-11838,141
1621592557265,1621592557304,39,2,101,5338.29108059458,-4330,228
1621592557424,1621592557444,20,1,111,10836.3624783814,-490,261
1621592557584,1621592557604,20,0,48,-1.0,-21,311
1621592557664,1621592557674,10,-1,34,-1.0,-1,-1
1621592558084,1621592558124,40,6,291,-1.0,-13159,0
1621592558624,1621592558634,10,-1,50,-1.0,-1,-1
1621592558644,1621592558664,20,0,80,3797.93067753818,-1,83
1621592558824,1621592558854,30,1,142,6061.45703454504,-2576,266
1621592559233,1621592559253,20,2,244,8548.60373426833,-1,116
1621592559513,1621592559523,10,-1,119,-1.0,-1,-1
1621592559583,1621592559603,20,0,32,15.2022612926856,-1,90
1621592559733,1621592559753,20,0,75,-1.0,-3862,4
1621592559953,1621592559963,10,-1,41,1971.05641505518,-1,-1
1621592560612,1621592560652,40,6,216,12245.5044610519,-4642,114
1621592560662,1621592560672,10,-1,49,4202.76630357597,-1,-1
1621592560722,1621592560742,20,2,230,11611.9172538297,-1,94
1621592560922,1621592560992,70,0,111,6875.76673799833,-1166,145
1621592561002,1621592561022,20,0,43,3138.30794351971,-1015,90
1621592561062,1621592561102,40,0,149,12797.014929694,-4437,265
1621592561182,1621592561192,10,-1,384,-1.0,-1,-1
1621592561222,1621592561362,140,9,399,13914.3534878247,-24339,287
1621592561582,1621592561612,30,1,100,-1.0,-4488,280
1621592562022,1621592562072,50,27,1059,40481.3019874838,-2690,117
1621592562261,1621592562281,20,0,39,2150.57635869786,-1,51
1621592562301,1621592562331,30,2,129,6979.94199553301,-6561,84
1621592562861,1621592562871,10,-1,94,-1.0,-1,-1
1621592562881,1621592562921,40,3,175,11990.102977414,-2776,339
1621592562981,1621592562991,10,-1,36,-1.0,-1,-1
1621592563001,1621592563031,30,2,114,6779.48406613549,-6999,207
1621592563441,1621592563471,30,1,65,2987.79227402572,-2358,229
1621592563611,1621592563631,20,1,205,13505.8530680392,-1,354
1621592564180,1621592564200,20,0,59,2933.08119752579,-1,106
1621592564260,1621592564280,20,0,53,-1.0,-671,228
1621592564290,1621592564340,50,5,308,13384.1478047481,-2732,81
1621592564450,1621592564620,170,8,407,12730.5379803298,-18945,265
1621592564680,1621592564730,50,3,318,12765.0353231976,-22108,220
1621592564760,1621592564840,80,4,298,10362.0657064424,-25253,303
1621592564870,1621592564880,10,-1,46,2342.06888288379,-1,-1
1621592564980,1621592565000,20,0,85,-1.0,-4550,66
1621592565010,1621592565070,60,1,111,8165.80510806689,-2907,60
1621592565280,1621592565300,20,0,43,-1.0,-920,233
1621592565549,1621592565559,10,-1,38,-1.0,-1,-1
1621592565619,1621592565699,80,10,1128,60069.8764867498,-14032,100
1621592565869,1621592565899,30,2,120,-1.0,-4069,273
1621592565979,1621592565989,10,-1,75,-1.0,-1,-1
1621592566009,1621592566029,20,0,42,3492.80601380913,-701,48
1621592566189,1621592566239,50,2,77,4094.76366035347,-1972,91
1621592566279,1621592566299,20,0,57,3277.94850209758,-1,255
1621592566419,1621592566439,20,0,38,2823.37904058845,-1,80
1621592566519,1621592566539,20,4,223,20883.6627361408,-1,77
1621592566559,1621592566579,20,4,200,18590.5936810119,-1,265
1621592566589,1621592566599,10,-1,30,669.97860684291,-1,-1
1621592566669,1621592566689,20,1,125,2839.51935456446,-1,84
1621592566699,1621592566709,10,-1,49,3674.29651595106,-1,-1
1621592566729,1621592566749,20,1,1461,138901.559843164,-1,51
1621592566869,1621592566889,20,4,383,32903.4550038573,-1,248
1621592566949,1621592566959,10,-1,190,-1.0,-1,-1
1621592567119,1621592567238,119,3,255,21838.8129996023,-14109,248
1621592567268,1621592567298,30,2,115,5126.43871356497,-8355,267
1621592567318,1621592567348,30,1,61,3308.57288561963,-3055,262
1621592567368,1621592567458,90,11,432,35968.4894849216,-29206,76
1621592567648,1621592567658,10,-1,60,4654.71054032336,-1,-1
1621592567668,1621592567678,10,-1,62,5108.90567217036,-1,-1
1621592567798,1621592567808,10,-1,80,6519.73159541462,-1,-1
1621592567818,1621592567848,30,3,214,14315.6683599944,-2,273
1621592567928,1621592567948,20,0,1177,-1.0,-112337,255
1621592568108,1621592568118,10,-1,116,8949.25104414049,-1,-1
1621592568198,1621592568218,20,4,435,-1.0,-18053,48
1621592568238,1621592568268,30,0,45,1204.17951692459,-1129,146
1621592568278,1621592568338,60,1,39,613.779757506771,-403,173
1621592568358,1621592568408,50,7,262,12993.0733906735,-7854,120
1621592568468,1621592568478,10,-1,106,-1.0,-1,-1
1621592568598,1621592568668,70,13,425,1335.61763235599,-14717,293
1621592568748,1621592568787,39,1,193,6213.92968624919,-14739,221
1621592568797,1621592568837,40,6,388,25325.8278568651,-25985,72
1621592568897,1621592568987,90,22,422,13986.7365434684,-17741,181
1621592569017,1621592569057,40,1,73,4166.71017816136,-3421,22
1621592569087,1621592569117,30,1,60,2825.32034780262,-1461,24
1621592569267,1621592569387,120,25,666,27289.2321448134,-23361,17
1621592569267,1621592569387,120,25,666,27289.2321448134,-23361,17
1621592569397,1621592569417,20,4,300,16155.0037025744,-1,236
1621592569497,1621592569517,20,0,60,-1.0,-2927,192
1621592569607,1621592569667,60,4,382,19658.5883988123,-33678,78
1621592569777,1621592569797,20,1,188,11318.7913404241,-1,6
1621592569807,1621592569827,20,1,171,15673.7587738548,-11500,192
1621592569837,1621592569867,30,2,125,6296.01646814527,-6327,7
1621592570057,1621592570087,30,9,466,819.223516532713,-1440,5
1621592570177,1621592570197,20,1,243,-1.0,-17599,210
1621592570217,1621592570257,40,2,155,9163.50621893816,-8750,345
1621592570317,1621592570327,10,-1,149,-1.0,-1,-1
1621592570347,1621592570576,229,9,363,29716.2930997363,-18768,189
1621592570856,1621592570886,30,3,164,5094.01532213324,-11098,5
1621592570906,1621592570986,80,4,143,11174.0897840863,-8779,303
1621592571176,1621592571186,10,-1,38,3558.77397560966,-1,-1
1621592571436,1621592571446,10,-1,174,-1.0,-1,-1
1621592571666,1621592571676,10,-1,378,-1.0,-1,-1
1621592571736,1621592571746,10,-1,75,-1.0,-1,-1
1621592571756,1621592571776,20,2,143,11738.5469954739,-3301,265
1621592571786,1621592571816,30,1,240,15812.9661095351,-1,84
1621592572145,1621592572155,10,-1,541,-1.0,-1,-1
1621592572165,1621592572185,20,2,342,22557.8739609824,-1,348
1621592572295,1621592572305,10,-1,112,-1.0,-1,-1
1621592572475,1621592572515,40,1,69,-1.0,-1501,179
1621592572675,1621592572685,10,-1,128,-1.0,-1,-1
1621592572845,1621592572865,20,0,230,-1.0,-17271,116
1621592573295,1621592573425,130,23,523,14116.9498170189,-37754,186
1621592573445,1621592573485,40,1,50,1527.09267239548,-1498,11
1621592573585,1621592573615,30,1,70,-1.0,-2433,4
1621592573635,1621592573655,20,0,52,1610.14421720566,-1,330
1621592573744,1621592573784,40,3,177,12167.87109573,-7882,275
1621592573994,1621592574044,50,8,344,15838.5204313419,-1,13
1621592574114,1621592574144,30,3,180,13026.7852588384,-7694,10
1621592574154,1621592574184,30,0,40,917.730529450936,-227,204
1621592574264,1621592574274,10,-1,33,-1.0,-1,-1
1621592574324,1621592574354,30,2,107,5029.09434347323,-5843,272
1621592574434,1621592574474,40,25,853,42404.9906003362,-16960,84
1621592574544,1621592574554,10,-1,445,-1.0,-1,-1
1621592574664,1621592574674,10,-1,195,-1.0,-1,-1
1621592574744,1621592574754,10,-1,35,2052.42672754413,-1,-1
1621592575064,1621592575134,70,4,249,18289.1084342268,-8638,192
1621592575194,1621592575204,10,-1,139,-1.0,-1,-1
1621592575224,1621592575274,50,1,111,6062.36705844881,-6125,85
1621592575333,1621592575373,40,1,153,4.24132037291685,-11467,155
1621592575403,1621592575423,20,1,211,13540.7353224798,-1,90
1621592575513,1621592575543,30,9,546,7544.75541952714,-1,342
1621592575613,1621592575633,20,1,259,15074.6172507436,-1,338
1621592575743,1621592575783,40,7,334,25867.6261862781,-24562,312
1621592575913,1621592575963,50,3,179,6419.0664147469,-14783,215
1621592576013,1621592576063,50,2,590,28710.4477150248,-8477,350
1621592576073,1621592576123,50,13,418,33161.9579061722,-11946,185
1621592576203,1621592576213,10,-1,128,-1.0,-1,-1
1621592576253,1621592576273,20,5,733,48446.486800182,-1,87
1621592576533,1621592576553,20,5,529,-1.0,-2197,316
1621592576613,1621592576623,10,-1,310,-1.0,-1,-1
1621592576643,1621592576723,80,2,202,17461.9363284772,-11197,256
1621592576743,1621592576793,50,3,120,7541.69218568018,-5663,272
1621592576903,1621592576933,30,1,60,2821.95702463394,-2963,212
1621592576952,1621592576962,9,-1,50,2356.47122402882,-1,-1
1621592577172,1621592577192,20,0,76,-1.0,-2495,203
1621592577202,1621592577212,10,-1,68,4793.71931256314,-1,-1
1621592577302,1621592577372,70,14,716,44653.7559185809,-53203,180
1621592577532,1621592577542,10,-1,39,2460.80801378163,-1,-1
1621592577602,1621592577642,40,14,595,-1.0,-24305,3
1621592577712,1621592577772,60,5,131,4085.07541151781,-2034,104
1621592577882,1621592577912,30,2,143,2461.23465985774,-1,115
1621592578002,1621592578022,20,0,71,-1.0,-3051,234
1621592578152,1621592578192,40,5,211,-1.0,-6860,197
1621592578382,1621592578392,10,-1,42,-1.0,-1,-1
1621592578591,1621592578631,40,8,542,-1.0,-21639,243
1621592578641,1621592578651,10,-1,60,4354.83852340637,-1,-1
1621592578751,1621592578761,10,-1,36,990.680367544059,-1,-1
1621592578951,1621592579011,60,1,222,7187.9868312892,-101,90
1621592579061,1621592579091,30,6,678,34700.6127401806,-1,28
1621592579151,1621592579181,30,2,124,-1.0,-3683,25
1621592579281,1621592579291,10,-1,40,-1.0,-1,-1
1621592579471,1621592579491,20,0,57,3616.49292922726,-1,126
1621592579711,1621592579781,70,3,246,2145.61362740228,-6835,204
1621592580031,1621592580061,30,0,182,981.695716752005,-14915,188
1621592580131,1621592580181,50,0,101,1428.68302954378,-5080,353
1621592580211,1621592580240,29,3,358,19402.1696372498,-1,170
1621592580300,1621592580310,10,-1,172,-1.0,-1,-1
1621592580330,1621592580350,20,0,49,2101.42246790477,-1282,333
1621592580370,1621592580410,40,3,274,14714.5269303247,-1,61
1621592580520,1621592580550,30,2,298,19001.5186250602,-1,312
1621592580610,1621592580620,10,-1,178,-1.0,-1,-1
1621592580700,1621592580730,30,5,336,-1.0,-23694,102
1621592580740,1621592580780,40,1,84,3812.99540721963,-3067,332
1621592580820,1621592580880,60,2,56,1733.61348441479,-895,4
1621592580960,1621592581030,70,4,202,11878.19184495,-5523,305
1621592581110,1621592581140,30,1,115,-1.0,-6261,40
1621592581160,1621592581240,80,4,504,45375.4738853887,-9847,37
1621592581300,1621592581330,30,4,324,-1.0,-11741,6
1621592581410,1621592581420,10,-1,35,-1.0,-1,-1
1621592581440,1621592581490,50,3,93,4844.74092510568,-3543,71
1621592581500,1621592581540,40,1,82,6789.2588890504,-2258,248
1621592581560,1621592581620,60,2,78,3563.73033148977,-3476,244
1621592581740,1621592581820,80,14,1393,35129.9165485627,-112731,145
1621592581830,1621592581859,29,4,217,17497.7863158992,-4159,246
1621592581919,1621592582029,110,3,233,18762.088734269,-2828,175
1621592582119,1621592582159,40,2,434,-1.0,-34168,213
1621592582169,1621592582179,10,-1,139,13380.3824485909,-1,-1
1621592582189,1621592582229,40,4,964,61253.339693849,-1,126
1621592582379,1621592582429,50,3,473,15524.2123092775,-17515,38
1621592582669,1621592582759,90,4,224,8822.72028795557,-11627,130
1621592583079,1621592583089,10,-1,115,-1.0,-1,-1
1621592583119,1621592583159,40,4,310,29998.574403156,-23453,253
1621592583169,1621592583179,10,-1,239,21397.973491335,-1,-1
1621592583299,1621592583309,10,-1,338,-1.0,-1,-1
1621592583369,1621592583389,20,0,101,-1.0,-6017,274
1621592583409,1621592583429,20,3,463,27625.3127166225,-1,50
1621592583648,1621592583718,70,2,309,18020.5443714838,-18194,40
1621592583778,1621592583818,40,7,409,-1.0,-16266,86
1621592583828,1621592583858,30,0,35,1614.88091719608,-229,287
1621592583928,1621592583938,10,-1,31,834.440521401324,-1,-1
1621592583948,1621592583958,10,-1,35,557.776773540597,-1,-1
1621592583968,1621592583988,20,0,33,698.762432064034,-1,327
1621592584218,1621592584228,10,-1,962,-1.0,-1,-1
1621592585118,1621592585167,49,3,167,1248.84575731578,-8525,49
1621592585227,1621592585247,20,3,155,-1.0,-3408,54
1621592585257,1621592585337,80,4,90,3873.85788072106,-3772,51
1621592585367,1621592585377,10,-1,43,1631.8892965686,-1,-1
1621592585387,1621592585437,50,1,60,2810.72156214873,-2265,56
1621592585497,1621592585527,30,0,92,-1.0,-4660,73
1621592585557,1621592585587,30,2,101,4113.94132980991,-1614,82
1621592585647,1621592585717,70,2,76,2413.30879548244,-2828,92
1621592585837,1621592585857,20,1,161,9782.45794062657,-1,54
1621592585977,1621592585987,10,-1,30,1757.61576018892,-1,-1
1621592586397,1621592586407,10,-1,148,13511.9882594863,-1,-1
1621592586467,1621592586497,30,1,62,-1.0,-2485,254
1621592586507,1621592586537,30,0,47,1285.88511070328,-1607,247
1621592586916,1621592586946,30,1,76,3371.33342962067,-1996,225
1621592587206,1621592587256,50,0,180,13670.6186356866,-11492,340
1621592587516,1621592587556,40,4,190,9528.78856589921,-837,260
1621592587616,1621592587636,20,0,88,-1.0,-4373,291
1621592588286,1621592588326,40,6,220,14023.8813957513,-4510,95
1621592588485,1621592588515,30,1,99,-1.0,-4463,254
1621592588655,1621592588705,50,2,82,4921.5274810067,-2200,56
1621592588795,1621592588815,20,0,50,2880.86469188317,-1856,325
1621592588845,1621592588855,10,-1,33,2257.26382963525,-1,-1
1621592589095,1621592589105,10,-1,30,438.865764061535,-1,-1
1621592589265,1621592589285,20,0,31,-1.0,-1,29
1621592589295,1621592589305,10,-1,40,1456.35060643684,-1,-1
1621592589315,1621592589335,20,1,55,4005.93674249247,-448,40
1621592589345,1621592589385,40,1,62,2592.80575068597,-1,92
1621592589405,1621592589425,20,0,49,2665.96662778276,0,77
1621592589445,1621592589635,190,13,177,6429.87897877098,-3250,103
1621592589695,1621592589725,30,2,230,5362.65410909383,-9672,68
1621592589765,1621592589775,10,-1,47,2275.49720214759,-1,-1
1621592589885,1621592589905,20,1,204,13863.7383160755,-1,116
1621592590124,1621592590174,50,2,634,24892.2558635728,-52938,275
1621592590234,1621592590374,140,6,111,4070.56397357171,-3678,184
1621592590394,1621592590454,60,3,109,4904.74630462059,-4544,184
1621592590514,1621592590524,10,-1,34,-1.0,-1,-1
1621592590624,1621592590644,20,1,159,8067.04897033138,-1,97
1621592590814,1621592590844,30,3,428,-1.0,-25984,78
1621592590884,1621592590934,50,0,106,4933.43785152215,-7473,257
1621592591344,1621592591374,30,4,693,-1.0,-49487,263
1621592591524,1621592591534,10,-1,30,1642.7921909739,-1,-1
1621592591594,1621592591604,10,-1,74,-1.0,-1,-1
1621592591823,1621592591953,130,13,1844,107594.678511729,-119551,137
1621592592033,1621592592043,10,-1,152,-1.0,-1,-1
1621592592073,1621592592093,20,7,1176,83729.1408182113,-1,138
1621592592213,1621592592273,60,12,885,1082.11476624505,-41523,312
1621592592453,1621592592513,60,15,523,23315.603206865,-23471,84
1621592592543,1621592592553,10,-1,76,5191.4931002529,-1,-1
1621592592643,1621592592663,20,0,55,3523.74958205106,-1,90
1621592592903,1621592592923,20,1,118,-1.0,-6099,258
1621592592933,1621592592953,20,1,175,10714.6988680301,-1,77
1621592593033,1621592593053,20,0,307,-1.0,-26617,80
1621592593123,1621592593163,40,1,54,2346.44362196661,-1852,55
1621592593173,1621592593233,60,3,108,5360.07979976069,-3259,72
1621592593243,1621592593253,10,-1,41,1329.57350171183,-1,-1
1621592593542,1621592593562,20,1,130,8635.09064424279,-1,102
1621592593762,1621592593792,30,7,1864,135049.658721666,-150836,103
1621592593802,1621592593852,50,2,167,14510.79532892,-8717,186
1621592593882,1621592593892,10,-1,37,1570.39757930508,-1,-1
1621592593902,1621592593932,30,2,112,6515.49794147268,-7255,122
1621592593952,1621592593972,20,0,53,3044.00628808264,-1,55
1621592594202,1621592594222,20,0,49,863.243105405241,-1,74
1621592594312,1621592594382,70,4,96,3080.19764685333,-3706,149
1621592594462,1621592594472,10,-1,45,-1.0,-1,-1
1621592594542,1621592594552,10,-1,91,6763.5997773448,-1,-1
1621592594612,1621592594642,30,1,60,-1.0,-2690,127
1621592594672,1621592594692,20,0,95,6195.49098395903,-1,315
1621592594752,1621592594762,10,-1,31,-1.0,-1,-1
1621592594832,1621592594842,10,-1,43,3564.57864959759,-1,-1
1621592595031,1621592595101,70,11,410,-1.0,-11376,274
1621592595181,1621592595231,50,11,368,16171.5029829444,-20498,89
1621592595571,1621592595621,50,7,195,6388.76791577173,-12291,266
1621592595701,1621592595731,30,4,340,-1.0,-17202,247
1621592595761,1621592595771,10,-1,36,1868.04131615036,-1,-1
1621592595881,1621592595901,20,0,62,3003.72710353436,-1,259
1621592596171,1621592596211,40,3,225,13514.5907715332,-15183,91
1621592596321,1621592596341,20,5,821,55481.0196474404,-1,60
1621592596471,1621592596491,20,2,269,533.263999190405,-1,85
1621592596551,1621592596561,10,-1,132,-1.0,-1,-1
1621592596571,1621592596610,39,0,112,8780.87068862675,-6202,180
1621592596730,1621592596750,20,0,76,-1.0,-2639,104
1621592596980,1621592596990,10,-1,241,-1.0,-1,-1
1621592597020,1621592597050,30,2,358,26031.6942329842,-1,267
1621592597110,1621592597130,20,1,74,3150.53952602219,-1,270
1621592597520,1621592597550,30,1,54,2652.11659942571,-2322,270
1621592597690,1621592597700,10,-1,31,1266.33285596252,-1,-1
1621592597830,1621592597850,20,1,152,-1.0,-24,84
1621592597910,1621592597950,40,2,75,3468.80948472612,-7,252
1621592597960,1621592597970,10,-1,55,3716.04187425663,-1,-1
1621592598070,1621592598180,110,6,124,4255.71484274753,-4862,265
1621592598190,1621592598200,10,-1,87,7076.25199072347,-1,-1
1621592598279,1621592598339,60,10,266,3161.60084065149,-16670,196
1621592598369,1621592598419,50,1,48,957.696898323508,-1148,24
1621592598439,1621592598459,20,1,95,4228.93999995099,-1,21
1621592598549,1621592598619,70,2,47,2178.65013134192,-494,52
1621592598709,1621592598719,10,-1,31,2410.07753600601,-1,-1
1621592598759,1621592598789,30,1,78,3194.39438441624,-2637,69
1621592598809,1621592598889,80,7,185,9537.09912810812,-7987,68
1621592598909,1621592598919,10,-1,33,2332.91109452222,-1,-1
1621592598979,1621592598999,20,0,36,205.130185912255,-1,104
1621592599049,1621592599109,60,11,549,26564.0673467863,-30123,7
1621592599449,1621592599459,10,-1,33,1030.37448760996,-1,-1
1621592599609,1621592599619,10,-1,32,1692.03070074176,-1,-1
1621592599679,1621592599709,30,1,78,489.225233785145,-3312,91
1621592599868,1621592599888,20,1,109,6537.5856888078,-1,254
1621592599968,1621592599978,10,-1,49,-1.0,-1,-1
1621592600028,1621592600038,10,-1,34,2560.95862877839,-1,-1
1621592600048,1621592600058,10,-1,38,3006.6149560956,-1,-1
1621592600148,1621592600168,20,0,53,3048.05899922694,-464,101
1621592600248,1621592600268,20,1,259,15859.5990316398,-1,83
1621592600388,1621592600398,10,-1,300,-1.0,-1,-1
1621592600408,1621592600458,50,4,389,36836.7633741065,-27552,271
1621592600518,1621592600528,10,-1,45,-1.0,-1,-1
1621592600868,1621592600898,30,2,130,109.383268199451,-7626,224
1621592601108,1621592601168,60,4,185,7910.56223896328,-9650,277
1621592601178,1621592601188,10,-1,44,1828.96579179519,-1,-1
1621592601268,1621592601288,20,0,71,-1.0,-2995,90
1621592601328,1621592601338,10,-1,67,4116.65277995195,-1,-1
1621592601348,1621592601408,60,1,89,4514.2854642165,-3260,76
1621592601468,1621592601478,10,-1,31,476.489798615927,-1,-1
1621592601488,1621592601507,19,0,86,3440.20244774196,-1,276
1621592601827,1621592601907,80,4,249,17224.1184125384,-17327,108
1621592602117,1621592602137,20,0,33,1722.59633763877,-376,230
1621592602547,1621592602577,30,1,59,2238.32902847269,-1,177
1621592602587,1621592602597,10,-1,42,1931.34882044198,-1,-1
1621592602897,1621592602907,10,-1,48,2691.21820901343,-1,-1
1621592603376,1621592603386,10,-1,43,-1.0,-1,-1
1621592603406,1621592603426,20,1,226,15652.2532892033,-1,60
1621592603576,1621592603676,100,11,821,61632.8615641934,-39820,253
1621592603716,1621592603736,20,0,116,8373.81468325175,-1,74
1621592604106,1621592604136,30,7,663,29892.1424396818,-1,255
1621592604196,1621592604216,20,1,104,4123.24879116581,-1,268
1621592604226,1621592604246,20,2,278,16006.8597818531,-1,71
1621592604366,1621592604406,40,9,435,-1.0,-10261,232
1621592604566,1621592604586,20,0,75,3723.56402810242,-1,333
1621592605145,1621592605165,20,5,723,-1.0,-26569,83
1621592605365,1621592605415,50,6,325,21331.2295739267,-15615,110
1621592605565,1621592605585,20,0,117,-1.0,-1824,108
1621592605645,1621592605695,50,5,347,19918.8408133709,-10582,89
1621592605845,1621592605865,20,1,147,-1.0,-3554,272
1621592605945,1621592605955,10,-1,37,-1.0,-1,-1
1621592606135,1621592606155,20,1,138,13240.2407202746,-1,254
1621592606385,1621592606464,79,4,109,3215.00455014622,-4452,260
1621592606664,1621592606744,80,10,221,4042.42893090931,-6003,276
1621592606914,1621592606944,30,3,232,-1.0,-9783,260
1621592607184,1621592607204,20,0,125,-1.0,-8282,231
1621592607244,1621592607294,50,5,173,12674.3612097888,-10875,87
1621592607494,1621592607514,20,0,129,-1.0,-8961,270
1621592607644,1621592607754,110,1,408,13196.0914301388,-26161,207
1621592607764,1621592607854,90,5,403,29442.5348185636,-21437,276
1621592607934,1621592607964,30,4,228,225.410403314376,-10603,281
1621592607974,1621592608053,79,5,334,24758.6230861932,-13671,91
1621592608283,1621592608373,90,1,282,15658.585281926,-19386,284
1621592608513,1621592608523,10,-1,46,-1.0,-1,-1
1621592608913,1621592608983,70,7,178,6984.37311460747,-7373,270
1621592609213,1621592609233,20,0,55,422.327327105855,-1,160
1621592609293,1621592609303,10,-1,55,3258.35020138216,-1,-1
1621592609363,1621592609373,10,-1,32,-1.0,-1,-1
1621592609513,1621592609533,20,1,224,11257.7427531113,-1,75
1621592609672,1621592609722,49,5,169,14368.7314592591,-8036,261
1621592609822,1621592609832,10,-1,51,4320.15388104982,-1,-1
1621592609992,1621592610002,10,-1,48,3419.09454252871,-1,-1
1621592610062,1621592610072,10,-1,30,-1.0,-1,-1
1621592610182,1621592610192,10,-1,393,-1.0,-1,-1
1621592610342,1621592610422,80,5,168,3037.37327033733,-9299,252
1621592610432,1621592610452,20,0,39,3113.53788949475,-14,49
1621592610462,1621592610472,10,-1,35,1220.25036633259,-1,-1
1621592610492,1621592610522,30,1,203,13564.1588238639,-5849,270
1621592610612,1621592610632,20,1,349,-1.0,-30742,90
1621592610652,1621592610672,20,0,88,5480.29084960689,-1,327
1621592610752,1621592610782,30,1,77,1504.15147793341,-2753,91
1621592610812,1621592610822,10,-1,72,5850.77290198168,-1,-1
1621592611052,1621592611102,50,4,518,19476.0125126071,-29602,266
1621592611162,1621592611182,20,1,657,-1.0,-60321,275
1621592611202,1621592611242,40,3,108,6720.45374429392,-4874,273
1621592611341,1621592611361,20,2,266,14935.9096788807,-1,37
1621592611621,1621592611651,30,4,545,-1.0,-32873,77
1621592611721,1621592611751,30,1,123,601.867141325349,-7682,101
1621592611791,1621592611801,10,-1,103,7394.98512926047,-1,-1
1621592611861,1621592611871,10,-1,31,-1.0,-1,-1
1621592612001,1621592612021,20,0,74,-1.0,-4230,131
1621592612031,1621592612041,10,-1,87,7421.07447030475,-1,-1
1621592612161,1621592612171,10,-1,45,3797.40175125311,-1,-1
1621592612251,1621592612291,40,2,63,5050.59004199247,-1021,99
1621592612501,1621592612571,70,3,147,11190.8090409206,-5003,275
1621592612581,1621592612591,10,-1,38,2281.74407899547,-1,-1
1621592612601,1621592612611,10,-1,44,3461.72009127683,-1,-1
1621592612721,1621592612751,30,1,76,4603.44346315574,-3993,137
1621592613140,1621592613200,60,4,164,11310.4600404227,-8135,312
1621592613420,1621592613440,20,0,90,-1.0,-5364,24
1621592613450,1621592613470,20,1,144,8703.22975076704,-1,258
1621592613530,1621592613590,60,6,236,13378.4053906419,-14863,279
1621592613620,1621592613630,10,-1,146,12935.8281734861,-1,-1
1621592613710,1621592613730,20,0,79,-1.0,-3613,109
1621592613750,1621592613770,20,1,263,17652.0502667359,-1,94
1621592613990,1621592614040,50,3,242,20345.1700146013,-7936,306
1621592614180,1621592614200,20,1,223,15185.9959794969,-1,270
1621592614280,1621592614330,50,2,288,13174.8416691906,-16287,271
1621592614480,1621592614550,70,2,140,10042.2401315657,-10077,270
1621592614560,1621592614570,10,-1,43,2420.43454997663,-1,-1
1621592614580,1621592614589,9,-1,77,5780.66331330273,-1,-1
1621592614749,1621592614759,10,-1,58,-1.0,-1,-1
1621592614769,1621592614839,70,4,404,16050.9569543643,-25297,266
1621592615289,1621592615309,20,1,151,7867.37054147979,-1,95
1621592615499,1621592615569,70,5,160,9233.46118782915,-6843,264
1621592616119,1621592616139,20,0,60,-1.0,-2110,78
1621592616149,1621592616169,20,0,55,1353.12772225231,-1,73
1621592616248,1621592616258,10,-1,35,-1.0,-1,-1
1621592616328,1621592616338,10,-1,80,5153.56350144332,-1,-1
1621592616418,1621592616438,20,0,51,19.6950430795276,-1,262
1621592616448,1621592616488,40,2,94,5472.77938016209,-4074,247
1621592616698,1621592616768,70,4,231,15013.8648417723,-10726,341
1621592616828,1621592616838,10,-1,179,-1.0,-1,-1
1621592616988,1621592617028,40,3,242,20069.0765157152,-14069,262
1621592617038,1621592617048,10,-1,38,2914.68862227155,-1,-1
1621592617128,1621592617138,10,-1,87,-1.0,-1,-1
1621592617198,1621592617208,10,-1,328,-1.0,-1,-1
1621592617268,1621592617358,90,1,452,12765.8739987679,-41540,242
1621592617418,1621592617428,10,-1,66,-1.0,-1,-1
1621592618017,1621592618047,30,5,295,19306.1018710651,-1,260
1621592618127,1621592618157,30,0,34,207.361683282093,-220,252
1621592618427,1621592618457,30,7,346,16467.5705167,-981,84
1621592618567,1621592618667,100,7,1411,9731.40700017033,-64144,141
1621592618727,1621592618757,30,8,1302,88334.7229057955,-1,294
1621592618967,1621592619007,40,1,608,5.78242763752286,-54882,257
1621592619117,1621592619137,20,1,78,5260.64356364349,-1565,102
1621592619147,1621592619157,10,-1,30,881.630666881105,-1,-1
1621592619227,1621592619307,80,4,373,21839.1639588485,-10944,96
1621592619457,1621592619616,159,14,357,20232.8304159986,-20356,282
1621592619786,1621592619876,90,9,343,21132.2766372482,-17158,270
1621592619786,1621592619876,90,9,343,21132.2766372482,-17158,270
1621592619966,1621592619996,30,3,235,-1.0,-10075,3
1621592620006,1621592620036,30,1,146,9025.74138598919,-1,149
1621592620096,1621592620106,10,-1,30,-1.0,-1,-1
1621592620116,1621592620126,10,-1,30,752.225627629091,-1,-1
1621592620146,1621592620156,10,-1,30,211.219230013752,-1,-1
1621592620176,1621592620256,80,9,222,8405.86176538778,-11876,221
1621592620266,1621592620276,10,-1,34,1965.4991969404,-1,-1
1621592620286,1621592620296,10,-1,40,2537.27762268231,-1,-1
1621592620436,1621592620586,150,9,654,6224.56008317389,-22010,225
1621592620646,1621592620786,140,3,262,15007.2355776312,-18458,107
1621592620796,1621592620886,90,6,155,7338.28985525651,-5943,5
1621592620946,1621592621026,80,3,366,31015.9818808244,-26110,253
1621592621116,1621592621145,29,1,181,14166.0012385792,-9441,342
1621592621155,1621592621175,20,0,46,3720.08915688698,-391,352
1621592621295,1621592621305,10,-1,152,12681.546523873,-1,-1
1621592621385,1621592621395,10,-1,33,-1.0,-1,-1
1621592621565,1621592621595,30,0,71,4117.65021751631,-1519,311
1621592621735,1621592621865,130,6,447,27283.0604208199,-20560,127
1621592621945,1621592622015,70,5,427,11346.6726770407,-33644,164
1621592622095,1621592622115,20,0,81,-1.0,-4775,344
1621592622145,1621592622235,90,1,114,6038.70799561786,-6348,159
1621592622245,1621592622305,60,3,187,13993.9639659125,-7005,224
1621592622515,1621592622565,50,2,71,3188.94609235117,-2093,167
1621592622675,1621592622685,10,-1,33,1703.00952995953,-1,-1
1621592622814,1621592622844,30,2,160,5590.96877572326,-1,200
1621592622954,1621592622964,10,-1,64,5449.42080932061,-1,-1
1621592623074,1621592623134,60,5,183,11789.5743906535,-5453,296
1621592623194,1621592623204,10,-1,33,-1.0,-1,-1
1621592623394,1621592623404,10,-1,41,1949.57738203649,-1,-1
1621592623414,1621592623434,20,0,57,5138.02383397069,-1515,37
1621592623464,1621592623514,50,1,60,3476.60576499545,-2486,304
1621592623614,1621592623634,20,0,46,-1.0,-445,250
1621592624034,1621592624074,40,1,59,592.668419137912,-1506,294
1621592624194,1621592624214,20,0,47,-1.0,-482,263
1621592624224,1621592624234,10,-1,44,3192.96891142413,-1,-1
1621592624254,1621592624274,20,1,376,28647.9629925334,-1,220
1621592624334,1621592624374,40,3,268,4870.52576004153,-14906,271
1621592624453,1621592624483,30,7,349,25433.5599888352,-16612,216
1621592624613,1621592624683,70,20,1044,43280.2022782609,-38493,190
1621592624743,1621592624803,60,10,246,10193.4189948749,-3644,335
1621592624863,1621592624973,110,9,124,4636.56497937362,-3854,1
1621592625033,1621592625113,80,3,61,2474.72969763457,-1839,53
1621592625193,1621592625233,40,1,126,2050.57263174534,-7503,120
1621592625293,1621592625313,20,0,69,4336.68187075253,-1,86
1621592625553,1621592625683,130,4,369,14885.2055965407,-11689,272
1621592625693,1621592625713,20,0,46,4424.63685304177,-246,86
1621592625893,1621592625963,70,0,882,71447.2750919471,-33564,26
1621592626312,1621592626372,60,4,157,6412.27186679502,-11154,265
1621592626452,1621592626482,30,2,144,8390.99121747424,-4888,254
1621592626562,1621592626602,40,3,352,32720.4253619854,-9831,71
1621592626772,1621592626792,20,0,449,41021.9131537919,-1,337
1621592626852,1621592626862,10,-1,60,-1.0,-1,-1
1621592626902,1621592626922,20,1,73,3431.56877026814,-1,212
1621592627162,1621592627202,40,3,151,7614.38394283227,-6467,31
1621592627372,1621592627482,110,8,233,11021.5060570163,-6796,244
1621592627562,1621592627592,30,1,196,-1.0,-14647,111
1621592627622,1621592627642,20,2,304,14568.9531460142,-1,115
1621592627751,1621592627771,20,1,274,19396.5144644456,-1,268
1621592627831,1621592627911,80,2,307,8540.3611938481,-24964,51
1621592628011,1621592628171,160,3,529,33478.9086837383,-49415,310
1621592628301,1621592628341,40,5,649,40002.6605553216,-49204,327
1621592628561,1621592628571,10,-1,54,-1.0,-1,-1
1621592628631,1621592628641,10,-1,46,-1.0,-1,-1
1621592628781,1621592628851,70,6,228,7291.42257041343,-13281,220
1621592628961,1621592629031,70,10,342,11355.7282323749,-13295,38
1621592629041,1621592629051,10,-1,127,9873.50285797548,-1,-1
1621592629111,1621592629121,10,-1,131,-1.0,-1,-1
1621592629261,1621592629330,69,8,275,740.534125223348,-15267,349
1621592629400,1621592629460,60,9,274,7012.44423027166,-11641,158
1621592629530,1621592629590,60,5,294,11692.590649982,-18959,180
1621592629680,1621592629750,70,1,98,4550.17145961072,-4770,171
1621592629810,1621592629870,60,2,77,2090.57653500881,-3435,180
1621592630040,1621592630090,50,1,56,1252.14668139761,-1,155
1621592630100,1621592630140,40,0,57,2380.16600445149,0,148
1621592630230,1621592630240,10,-1,33,833.048140440625,-1,-1
1621592630430,1621592630470,40,1,41,511.202390606524,-1,324
1621592630490,1621592630520,30,1,59,3044.34921852746,-4,334
1621592630620,1621592630640,20,0,54,2317.6685264687,-1,228
1621592630710,1621592630720,10,-1,30,790.414533141746,-1,-1
1621592630870,1621592630920,50,9,512,8111.72195782668,-21033,158
1621592630979,1621592631059,80,15,276,5027.33000167393,-7675,213
1621592631159,1621592631389,230,20,305,7876.45616414001,-11176,355
1621592631399,1621592631439,40,0,74,5188.10958013994,-2488,326
1621592631479,1621592631569,90,3,193,14437.8808967491,-7575,50
1621592631729,1621592631739,10,-1,63,-1.0,-1,-1
1621592631859,1621592631869,10,-1,57,-1.0,-1,-1
1621592631899,1621592631909,10,-1,40,1527.53749536311,-1,-1
1621592631919,1621592631939,20,1,102,7034.81517810643,-1,126
1621592631999,1621592632049,50,4,220,13686.628327891,-8600,225
1621592632149,1621592632179,30,1,107,5503.23997295103,-1,103
1621592632299,1621592632369,70,4,172,11508.8041891454,-8273,232
1621592632489,1621592632509,20,1,90,4971.22601918569,-1,215
1621592632569,1621592632579,10,-1,41,-1.0,-1,-1
1621592632608,1621592632638,30,3,217,11599.5645265736,-1,277
1621592632718,1621592632738,20,8,1166,73473.1209168768,-1,133
1621592632848,1621592632898,50,4,176,9145.68407583556,-7619,294
1621592633188,1621592633208,20,3,366,20368.5458992268,-1,166
1621592633268,1621592633278,10,-1,981,-1.0,-1,-1
1621592633398,1621592633438,40,2,113,6274.54723029139,-5336,17
1621592633448,1621592633488,40,2,91,6130.66519939812,-939,225
1621592633548,1621592633588,40,4,255,-1.0,-7704,272
1621592633668,1621592633688,20,2,306,18680.5050395943,-1,79
1621592633828,1621592633858,30,1,143,-1.0,-8599,288
1621592634028,1621592634058,30,3,261,14075.8104400989,-1,25
1621592634118,1621592634128,10,-1,32,-1.0,-1,-1
1621592634187,1621592634218,30,1,54,1687.63030960472,-1133,192
1621592634277,1621592634297,20,0,43,1000.03886060738,-1,172
1621592634377,1621592634437,60,4,150,8811.31451609183,-6233,279
1621592634507,1621592634537,30,1,107,5001.81273326689,-1,88
1621592634677,1621592634687,10,-1,59,-1.0,-1,-1
1621592635127,1621592635187,60,9,238,11237.1279070728,-7442,327
1621592635287,1621592635307,20,0,41,1357.99923726312,-11,313
1621592635397,1621592635467,70,13,441,23209.1748506805,-26012,114
1621592635677,1621592635697,20,1,185,9020.16494538846,-1,196
1621592635847,1621592635866,19,1,240,15447.7416594762,-1,336
1621592635986,1621592636016,30,3,174,2932.83309053516,-1,260
1621592636226,1621592636236,10,-1,62,-1.0,-1,-1
1621592636306,1621592636326,20,0,36,544.530390945773,-1,351
1621592636406,1621592636506,100,7,201,10858.9224357914,-14262,56
1621592636646,1621592636716,70,13,632,28556.6337220882,-33251,16
1621592636786,1621592636826,40,1,38,2452.0043211495,-406,214
1621592636926,1621592637006,80,7,760,13815.1464735968,-65145,217
1621592637066,1621592637096,30,2,176,-1.0,-8141,227
1621592637116,1621592637146,30,0,43,1255.41540579788,-1269,0
1621592637246,1621592637266,20,0,47,1808.82472902467,-1,49
1621592637406,1621592637436,30,7,541,26392.0814306958,-1,35
1621592637496,1621592637505,9,-1,68,-1.0,-1,-1
1621592637555,1621592637575,20,1,169,11096.6140892033,-1,87
1621592637665,1621592637715,50,4,126,4862.15022987532,-3106,260
1621592637775,1621592637785,10,-1,30,-1.0,-1,-1
1621592637795,1621592637875,80,2,415,37863.814497356,-1028,177
1621592638035,1621592638115,80,19,384,18118.2509873882,-18267,337
1621592638185,1621592638235,50,13,437,13510.1839076334,-7239,178
1621592638295,1621592638365,70,7,151,4321.1924330356,-5934,162
1621592638375,1621592638385,10,-1,53,4636.84084134363,-1,-1
1621592638465,1621592638555,90,4,115,639.746912136723,-4066,139
1621592638625,1621592638635,10,-1,33,802.513896470763,-1,-1
1621592638675,1621592638705,30,2,114,5166.72929555652,-1,130
1621592638765,1621592638775,10,-1,66,-1.0,-1,-1
1621592638905,1621592638915,10,-1,39,1741.96428275827,-1,-1
1621592639194,1621592639214,20,0,49,-1.0,-1554,90
1621592639334,1621592639384,50,3,329,6093.4639527888,-26880,270
1621592639674,1621592639684,10,-1,218,18941.3007649043,-1,-1
1621592639744,1621592639754,10,-1,49,-1.0,-1,-1
1621592639894,1621592639904,10,-1,33,-1.0,-1,-1
1621592639954,1621592639964,10,-1,43,3632.33502222258,-1,-1
1621592640164,1621592640184,20,0,188,-1.0,-14011,265
1621592640204,1621592640254,50,2,312,18804.0299494998,-13419,280
1621592640394,1621592640414,20,0,33,773.795491712601,-265,261
1621592640444,1621592640514,70,2,122,4179.92437469122,-1094,291
1621592640624,1621592640674,50,2,72,5105.93149847988,-3089,271
1621592640993,1621592641023,30,2,485,-1.0,-35707,270
1621592641213,1621592641223,10,-1,51,2258.31113253302,-1,-1
1621592641283,1621592641293,10,-1,42,-1.0,-1,-1
1621592641303,1621592641313,10,-1,31,473.263709237769,-1,-1
1621592641413,1621592641463,50,4,391,1097.83523353083,-20345,110
1621592641553,1621592641573,20,1,168,9625.26422394151,-1,82
1621592641723,1621592641753,30,28,1465,11336.4279977955,-1,79
1621592641763,1621592641803,40,3,118,6757.62949215941,-4438,261
1621592641863,1621592641903,40,13,697,21554.1080465445,-1,279
1621592641983,1621592642003,20,1,129,-1.0,-2356,263
1621592642043,1621592642053,10,-1,38,992.994394301673,-1,-1
1621592642113,1621592642123,10,-1,30,-1.0,-1,-1
1621592642173,1621592642183,10,-1,33,1756.03441451376,-1,-1
1621592642472,1621592642482,10,-1,32,-1.0,-1,-1
1621592642542,1621592642582,40,1,311,24389.2390541615,-28094,273
1621592642602,1621592642732,130,32,807,34589.8543274759,-25071,84
1621592642782,1621592642832,50,3,117,7764.80131223946,-5901,102
1621592642922,1621592642932,10,-1,49,4591.0075359119,-1,-1
1621592643062,1621592643082,20,0,55,2081.82141581869,-1,280
1621592643212,1621592643232,20,0,71,3361.535280814,-1,273
1621592643472,1621592643492,20,3,361,20825.01016661,-1,75
1621592643622,1621592643652,30,3,281,10143.0490978805,-1,303
1621592643712,1621592643742,30,1,59,1827.15472862719,-2704,258
1621592643882,1621592643942,60,6,226,12593.6484133751,-8149,271
1621592644002,1621592644041,39,1,72,271.873803298004,-2404,271
1621592644051,1621592644071,19,0,38,1726.48102859132,-1,66
1621592644181,1621592644251,70,9,253,18655.0007986151,-10174,265
1621592644281,1621592644291,10,-1,36,1444.59784481115,-1,-1
1621592644331,1621592644401,70,5,133,3861.34527128539,-153,34
1621592644581,1621592644651,70,8,876,17134.4488179296,-48307,217
1621592644711,1621592644821,110,7,159,2991.97500293696,-4744,12
1621592644851,1621592644891,40,1,62,3155.71651545355,-2275,27
1621592644911,1621592645001,90,17,571,33730.6608886379,-30908,70
1621592645011,1621592645031,20,0,81,2823.92341297763,-1,305
1621592645111,1621592645121,10,-1,46,-1.0,-1,-1
1621592645221,1621592645251,30,1,50,1639.86412723743,-1,227
1621592645291,1621592645331,40,5,235,13551.9939630569,-10959,17
1621592645411,1621592645551,140,4,182,9802.5956275953,-3694,168
1621592645650,1621592645870,219,19,354,25543.9358380756,-21026,269
1621592645880,1621592645920,40,4,262,12029.9889077719,-1248,204
1621592645980,1621592646010,30,0,2183,-1.0,-213749,115
1621592646020,1621592646070,50,2,128,8981.5673130655,-6584,346
1621592646180,1621592646270,90,1,646,48812.6671691604,-28214,170
1621592646320,1621592646370,50,2,75,3017.62909903885,-3444,176
1621592646450,1621592646500,50,2,153,8499.11400935834,-11134,113
1621592646570,1621592646630,60,2,85,6022.43001866012,-3801,251
1621592646750,1621592646770,20,1,102,-1.0,-3049,197
1621592646880,1621592646900,20,0,59,2547.80630187059,-1,116
1621592646960,1621592646990,30,0,34,303.908026863033,-252,102
1621592647010,1621592647060,50,4,186,8663.08258641393,-7278,352
1621592647110,1621592647120,10,-1,31,211.802089035949,-1,-1
1621592647160,1621592647170,10,-1,52,2427.86658065497,-1,-1
1621592647250,1621592647270,20,1,113,-1.0,-4154,242
1621592647379,1621592647449,70,5,232,9152.5085450332,-16636,122
1621592647569,1621592647579,10,-1,31,1324.70474733741,-1,-1
1621592647719,1621592647749,30,2,188,7325.03238747355,-1,266
1621592647999,1621592648009,10,-1,39,-1.0,-1,-1
1621592648149,1621592648169,20,2,238,-1.0,-10805,353
1621592648649,1621592648719,70,6,128,6188.4042010267,-5348,157
1621592648988,1621592649028,40,3,134,8618.7918995722,-7061,333
1621592649358,1621592649438,80,4,197,7990.68500360135,-8379,151
1621592649698,1621592649768,70,2,230,1424.1704925221,-17373,208
1621592649848,1621592649878,30,7,573,-1.0,-30736,165
1621592649978,1621592650008,30,0,61,3778.40954406061,-2960,331
1621592650068,1621592650088,20,0,40,1855.86571678972,-1,189
1621592650148,1621592650158,10,-1,33,-1.0,-1,-1
1621592650168,1621592650228,60,13,460,20850.1899514987,-15751,329
1621592650268,1621592650288,20,1,185,12070.2362541249,-1,90
1621592650368,1621592650388,20,3,304,441.188463858464,-1,261
1621592650468,1621592650478,10,-1,73,-1.0,-1,-1
1621592650538,1621592650588,50,7,222,11867.0358726628,-982,88
1621592650897,1621592650967,70,9,1301,40931.7388920846,-88642,304
1621592651047,1621592651067,20,0,75,-1.0,-3686,299
1621592651217,1621592651227,10,-1,47,-1.0,-1,-1
1621592651407,1621592651437,30,1,78,4130.57833632221,-3,82
1621592651517,1621592651527,10,-1,72,-1.0,-1,-1
1621592651647,1621592651707,60,3,156,2747.73316591018,-6088,273
1621592651807,1621592651817,10,-1,32,1392.29205067362,-1,-1
1621592652097,1621592652137,40,1,226,10346.5645362655,-10451,250
1621592652197,1621592652206,9,-1,32,-1.0,-1,-1
1621592652366,1621592652386,20,1,163,7571.94872486996,-1,79
1621592652476,1621592652566,90,10,367,15450.7318485193,-5743,22
1621592652746,1621592652956,210,12,582,20358.1429337921,-29183,313
1621592653016,1621592653086,70,3,170,7198.18473628404,-954,27
1621592653176,1621592653236,60,7,190,8151.91483017082,-9067,288
1621592653566,1621592653656,90,13,643,34161.9099399615,-37176,346
1621592653716,1621592653726,10,-1,61,-1.0,-1,-1
1621592653736,1621592653776,40,1,71,3879.04157285578,-715,94
1621592653786,1621592653885,99,16,391,11899.7547436929,-15733,170
1621592653895,1621592653935,40,2,98,3273.94970106703,-1,17
1621592653995,1621592654045,50,4,235,3705.39444415442,-13595,92
1621592654075,1621592654085,10,-1,57,3063.43029165551,-1,-1
1621592654395,1621592654535,140,6,1487,131140.889993683,-113596,233
1621592654545,1621592654615,70,11,305,13930.2857721173,-5088,317
1621592654675,1621592654765,90,6,261,8422.58028543921,-12790,175
1621592654825,1621592654915,90,9,230,10672.4885509949,-8924,147
1621592654955,1621592654985,30,0,35,796.241169848703,-362,126
1621592655015,1621592655035,20,0,57,1787.25258389842,-1,138
1621592655185,1621592655195,10,-1,30,496.715386935655,-1,-1
1621592655385,1621592655405,20,0,95,-1.0,-3832,28
1621592655524,1621592655554,30,0,42,2250.0046552278,-949,86
1621592655564,1621592655584,20,0,54,1947.77171081248,-1,150
1621592655724,1621592655734,10,-1,523,-1.0,-1,-1
1621592655794,1621592655804,10,-1,286,-1.0,-1,-1
1621592655814,1621592655874,60,3,557,39808.1428180856,-16204,179
1621592655934,1621592655944,10,-1,30,-1.0,-1,-1
1621592655964,1621592656004,40,6,377,28662.2521473483,-14690,246
1621592656094,1621592656104,10,-1,31,502.755557172638,-1,-1
1621592656114,1621592656134,20,0,76,3118.08711007791,-1,165
1621592656194,1621592656214,20,0,53,-1.0,-1761,146
1621592656284,1621592656304,20,0,42,938.231666034273,-1,135
1621592656394,1621592656404,10,-1,37,1973.00077620261,-1,-1
1621592656434,1621592656474,40,1,36,1157.37161660038,-403,113
1621592656534,1621592656544,10,-1,39,1063.94913782907,-1,-1
1621592656614,1621592656654,40,1,42,1217.89575788661,-1,135
1621592656694,1621592656704,10,-1,40,1293.22262256277,-1,-1
1621592656844,1621592656864,20,0,128,7657.11083979269,-1,101
1621592656964,1621592656984,20,0,131,-1.0,-5237,26
1621592657044,1621592657054,10,-1,67,-1.0,-1,-1
1621592657863,1621592657893,30,4,211,17972.4705853254,-15231,281
1621592658043,1621592658073,30,1,317,484.442531015712,-23903,105
1621592658363,1621592658373,10,-1,31,1192.18512648306,-1,-1
1621592658393,1621592658403,10,-1,31,773.682093497564,-1,-1
1621592658553,1621592658563,10,-1,42,2573.59493781199,-1,-1
1621592658832,1621592658852,20,1,104,6016.16871869255,-1,41
1621592658942,1621592658982,40,8,340,17033.7056726999,-7957,90
1621592659062,1621592659132,70,4,236,2263.89871657074,-14107,263
1621592659342,1621592659362,20,0,114,-1.0,-6207,259
1621592659492,1621592659502,10,-1,57,3362.60356707319,-1,-1
1621592659632,1621592659682,50,2,77,3831.3899136971,-3795,267
1621592659712,1621592659722,10,-1,39,2541.59045134161,-1,-1
1621592660082,1621592660102,20,0,45,2081.72719839996,-1,135
1621592660202,1621592660242,40,4,201,7455.72442343174,-1,83
1621592660312,1621592660411,99,27,940,10171.1766952136,-39332,205
1621592660681,1621592660701,20,0,45,2617.16982610726,-1,330
1621592660981,1621592660991,10,-1,35,2543.01791033449,-1,-1
1621592661051,1621592661071,20,0,49,-1.0,-1609,66
1621592661231,1621592661241,10,-1,258,-1.0,-1,-1
1621592661251,1621592661341,90,1,377,20242.8439908874,-16218,303
1621592661431,1621592661551,120,6,546,30263.295864261,-33920,264
1621592661611,1621592661641,30,1,92,42.5692321525403,-1434,216
1621592661651,1621592661661,10,-1,35,1702.18467467142,-1,-1
1621592661671,1621592661701,30,0,37,860.366637571862,-508,312
1621592661751,1621592661831,80,6,237,11065.9899278802,-11766,185
1621592662020,1621592662240,219,8,916,80140.3367264832,-70252,50
1621592662250,1621592662270,20,0,146,10279.8759185083,-1,315
1621592662350,1621592662440,90,26,1968,114804.43193608,-21263,144
1621592662510,1621592662590,80,19,1454,19336.9669268556,-71978,218
1621592662650,1621592662860,210,13,146,3197.14048684941,-4049,15
1621592662960,1621592663020,60,24,628,7590.04450541291,-23578,46
1621592663080,1621592663200,120,5,229,11983.0260278441,-10642,348
1621592663260,1621592663320,60,3,85,3508.27303362825,-2877,237
1621592663420,1621592663430,10,-1,34,1333.97810990115,-1,-1
1621592663440,1621592663460,20,6,547,31668.0230549771,-1,172
1621592663649,1621592663729,79,6,190,5727.72311706539,-12231,339
1621592663809,1621592663869,60,4,151,1557.74387469289,-5550,30
1621592663939,1621592663949,10,-1,37,1018.4389894369,-1,-1
1621592663959,1621592663999,40,1,63,2438.47839263519,-45,46
1621592664059,1621592664079,20,0,54,-1.0,-1087,51
1621592664109,1621592664129,20,0,40,1402.9043156735,-1,50
1621592664209,1621592664229,20,0,68,-1.0,-2724,68
1621592664359,1621592664399,40,5,218,-1.0,-12652,303
1621592664449,1621592664469,20,0,131,9124.21677868021,-1,86
1621592664579,1621592664589,10,-1,1425,-1.0,-1,-1
1621592664649,1621592664679,30,1,402,-1.0,-30749,150
1621592664729,1621592664739,10,-1,37,2638.72011296375,-1,-1
1621592664799,1621592664829,30,0,82,-1.0,-3792,79
1621592664839,1621592664849,10,-1,68,5726.52238319504,-1,-1
1621592664909,1621592664949,40,8,490,-1.0,-17901,303
1621592664999,1621592665009,10,-1,32,1376.69250361172,-1,-1
1621592665069,1621592665179,110,27,639,22701.2671138268,-50788,145
1621592665219,1621592665269,50,1,126,7434.4244911119,-26,5
1621592665418,1621592665498,80,4,256,995.584600790549,-17630,323
1621592665598,1621592665628,30,5,315,-1.0,-19257,160
1621592665648,1621592665668,20,0,66,3173.12603267546,-1,355
1621592665938,1621592666008,70,9,343,18417.2792066277,-14466,319
1621592666178,1621592666188,10,-1,31,-1.0,-1,-1
1621592666298,1621592666348,50,2,133,6956.56717770875,-7212,102
1621592666428,1621592666438,10,-1,526,-1.0,-1,-1
1621592666528,1621592666598,70,9,784,13460.7267293637,-43844,250
1621592666658,1621592666668,10,-1,30,1045.22565866619,-1,-1
1621592666818,1621592666888,70,6,206,13197.0445172496,-7754,350
1621592666908,1621592666957,49,4,144,4560.70163799495,-88,80
1621592667017,1621592667107,90,8,313,17800.4615361725,-21418,105
1621592667167,1621592667177,10,-1,75,-1.0,-1,-1
1621592667327,1621592667467,140,5,231,15777.4359607348,-17177,265
1621592667477,1621592667497,20,0,45,1744.24660149444,-1274,336
1621592667507,1621592667527,20,0,65,6003.62772893298,-2740,253
1621592667647,1621592667657,10,-1,52,2672.01480865989,-1,-1
1621592667787,1621592667807,20,1,204,15029.8806039997,-1,257
1621592667867,1621592667897,30,4,327,10738.3877958745,-1,73
1621592667907,1621592667917,10,-1,111,8313.28196294887,-1,-1
1621592667997,1621592668037,40,7,243,133.626632741968,-12097,263
1621592668057,1621592668077,20,0,67,4111.86937500825,-1,270
1621592668117,1621592668127,10,-1,31,774.879117400914,-1,-1
1621592668337,1621592668357,20,0,65,3310.23199436979,-1,98
1621592668417,1621592668517,100,7,204,8367.45698493296,-7603,115
1621592668547,1621592668616,69,3,95,3542.25428835631,-2224,132
1621592668676,1621592668706,30,1,142,-1.0,-5247,86
1621592668726,1621592668756,30,0,57,4477.2210455005,-1698,327
1621592668816,1621592668836,20,1,143,-1.0,-4226,259
1621592668846,1621592668906,60,5,361,17591.8528913787,-24760,58
1621592668966,1621592668986,20,2,227,-1.0,-10801,117
1621592668996,1621592669016,20,0,84,3816.2606484811,-1,308
1621592669076,1621592669106,30,1,51,1974.8653083943,-1,296
1621592669146,1621592669166,20,0,42,1610.34174258546,-1,308
1621592669286,1621592669386,100,16,368,22893.1908559409,-14173,301
1621592669406,1621592669416,10,-1,65,5142.71258888292,-1,-1
1621592669506,1621592669556,50,1,49,1491.05857523928,-1338,135
1621592669566,1621592669666,100,3,61,2195.21623652831,-1538,113
1621592669676,1621592669716,40,1,75,7006.4588885219,-1703,259
1621592669786,1621592669836,50,7,531,37908.7595504633,-44853,106
1621592669896,1621592669926,30,2,252,-1.0,-12571,261
1621592669956,1621592669986,30,1,52,1559.22935479547,-1,78
1621592670146,1621592670155,9,-1,46,1788.18317531699,-1,-1
1621592670215,1621592670265,50,12,537,22401.7630652094,-16805,87
1621592670275,1621592670305,30,2,174,16498.0260471291,-4769,243
1621592670365,1621592670385,20,1,392,-1.0,-31370,55
1621592670435,1621592670475,40,1,37,709.20194946944,-1,304
1621592670505,1621592670555,50,5,210,9962.96331881002,-11218,95
1621592670565,1621592670595,30,3,213,11164.7796158304,-1,251
1621592670695,1621592670715,20,0,250,-1.0,-21648,302
1621592670755,1621592670815,60,2,70,2020.19208706508,-2252,267
1621592670825,1621592670855,30,0,35,502.078375661358,-469,274
1621592670995,1621592671025,30,2,118,-1.0,-5024,265
1621592671275,1621592671305,30,3,170,12014.4401690621,-13599,262
1621592671365,1621592671375,10,-1,440,-1.0,-1,-1
1621592671395,1621592671435,40,3,292,15085.3809232943,-1,258
1621592671585,1621592671605,20,10,1351,-1.0,-29380,285
1621592671665,1621592671685,20,1,387,-1.0,-31391,254
1621592671974,1621592672014,40,4,158,5404.42468404514,-6518,30
1621592672054,1621592672084,30,18,916,45332.6020496848,-4098,79
1621592672164,1621592672204,40,16,839,44186.3216497397,-5153,85
1621592672214,1621592672264,50,17,900,81784.9611284915,-53434,263
1621592672304,1621592672354,50,9,341,21459.2767885341,-18949,197
1621592672704,1621592672734,30,2,127,5829.99556575166,-18,53
1621592673004,1621592673094,90,8,285,21107.742305231,-9569,262
1621592673144,1621592673154,10,-1,30,1494.32723763414,-1,-1
1621592673184,1621592673254,70,13,361,17691.1735914264,-13867,205
1621592673274,1621592673284,10,-1,31,1263.71960229109,-1,-1
1621592673414,1621592673493,79,17,504,26111.3058909903,-17355,1
1621592673573,1621592673583,10,-1,42,1419.84209808134,-1,-1
1621592673643,1621592673693,50,7,270,12980.4383881595,-10868,195
1621592673913,1621592673923,10,-1,415,-1.0,-1,-1
1621592673983,1621592674003,20,4,435,1706.19716570823,-1,263
1621592674063,1621592674113,50,4,393,5657.72495044287,-26969,117
1621592674153,1621592674203,50,3,241,12370.1096092033,-19783,288
1621592674243,1621592674273,30,3,196,11048.7696351503,-1,105
1621592674333,1621592674343,10,-1,43,-1.0,-1,-1
1621592674463,1621592674533,70,7,279,10125.6122323235,-19157,272
1621592674663,1621592674713,50,8,285,3823.99255445347,-10030,267
1621592674743,1621592674753,10,-1,32,547.53595206829,-1,-1
1621592674803,1621592674823,20,0,79,4012.37912795595,-1,351
1621592674883,1621592674893,10,-1,32,-1.0,-1,-1
1621592674983,1621592674993,10,-1,40,1477.76451115871,-1,-1
1621592675442,1621592675522,80,3,415,11837.9463638677,-32748,248
1621592675622,1621592675632,10,-1,44,3265.90730547354,-1,-1
1621592675652,1621592675672,20,1,98,4556.08855516228,-1,94
1621592675732,1621592675742,10,-1,40,-1.0,-1,-1
1621592675752,1621592675772,20,0,46,1254.75381112478,-1,333
1621592675892,1621592675972,80,1,631,8911.81953386484,-56384,259
1621592676102,1621592676122,20,0,67,4724.19733906534,-748,283
1621592676212,1621592676232,20,2,215,10015.5108101974,-1,216
1621592676292,1621592676312,20,1,147,-1.0,-3954,181
1621592676382,1621592676402,20,1,238,18038.3734904852,-1,78
1621592676562,1621592676652,90,3,306,5742.55713201355,-24344,286
1621592676841,1621592676861,20,0,54,-1.0,-2294,352
1621592676871,1621592676891,20,0,32,801.611990241919,-1,344
1621592676921,1621592676951,30,0,105,5925.92358252453,-1,353
1621592677141,1621592677181,40,12,370,2729.57716413118,-19291,204
1621592677191,1621592677221,30,3,163,9076.72354772035,-1,12
1621592677291,1621592677501,210,14,246,19002.7873151766,-3345,37
1621592677771,1621592677791,20,1,102,5992.67753404148,-1,78
1621592677851,1621592677941,90,8,246,15270.789193201,-14281,78
1621592678001,1621592678071,70,2,257,21778.9213485619,-17540,325
1621592678151,1621592678231,80,3,191,17319.4158321409,-6317,307
1621592678450,1621592678470,20,0,64,2488.95514413083,-1,142
1621592678530,1621592678550,20,0,58,-1.0,-665,153
1621592678560,1621592678620,60,1,304,17810.2387308004,-22693,324
1621592678700,1621592678740,40,3,531,-1.0,-40789,249
1621592678880,1621592678890,10,-1,34,1081.26350013193,-1,-1
1621592678970,1621592679010,40,3,129,6276.51466599384,-6777,62
1621592679090,1621592679120,30,1,79,4936.272154943,-2326,64
1621592679140,1621592679150,10,-1,45,3129.47616731167,-1,-1
1621592679230,1621592679240,10,-1,79,-1.0,-1,-1
1621592679330,1621592679360,30,1,62,3182.43636779302,-2174,329
1621592679540,1621592679590,50,8,321,14518.696910388,-10656,230
1621592679760,1621592679800,40,3,310,75.3272287755564,-17856,60
1621592679810,1621592679870,60,3,146,11230.7213358378,-6568,245
1621592679950,1621592679970,20,0,167,-1.0,-13430,74
1621592680259,1621592680319,60,6,262,19309.3467814893,-11256,193
1621592680329,1621592680389,60,5,203,8357.65917876957,-10112,188
1621592680479,1621592680509,30,1,128,-1.0,-4693,43
1621592680529,1621592680539,10,-1,44,1565.29665340675,-1,-1
1621592680599,1621592680689,90,17,763,24012.0570984559,-5199,52
1621592680749,1621592680839,90,17,1005,35266.1660314144,-78421,214
1621592680899,1621592680909,10,-1,41,-1.0,-1,-1
1621592680949,1621592681019,70,2,38,496.094412460647,-44,164
1621592681209,1621592681229,20,0,36,290.107085598437,-1,119
1621592681339,1621592681359,20,0,157,9526.9916948117,-1,86
1621592681469,1621592681499,30,1,66,2134.08177731611,-792,263
1621592681529,1621592681549,20,1,167,8857.8947483232,-1,103
1621592681758,1621592681788,30,0,90,3784.17148648451,-5164,11
1621592681828,1621592681868,40,3,316,13812.5346677736,-1,251
1621592681928,1621592681938,10,-1,280,-1.0,-1,-1
1621592682398,1621592682418,20,0,73,3529.24658559763,-1,270
1621592682508,1621592682528,20,5,740,47282.0515746586,-1,99
1621592682628,1621592682678,50,4,231,834.333082874282,-10403,273
1621592682768,1621592682778,10,-1,34,545.403382703733,-1,-1
1621592682918,1621592682968,50,4,115,6098.45487660265,-748,295
1621592683028,1621592683038,10,-1,58,-1.0,-1,-1
1621592683417,1621592683477,60,5,186,8749.34273314904,-7845,112
1621592683517,1621592683537,20,0,147,11715.7926909118,-1,74
1621592683617,1621592683637,20,0,118,-1.0,-7120,263
1621592683807,1621592683847,40,3,168,7337.03822176854,-8271,261
1621592683867,1621592683927,60,2,72,4578.09916382676,-3335,259
1621592683957,1621592683967,10,-1,91,7083.44627021678,-1,-1
1621592684247,1621592684267,20,0,71,4274.55126964052,-1,123
1621592684417,1621592684437,20,0,170,12387.5407947679,-1,90
1621592684547,1621592684617,70,15,395,15776.7609412596,-12175,243
1621592684817,1621592684847,30,1,57,2565.12966890532,-1074,125
1621592685326,1621592685346,20,0,60,-1.0,-2164,300
1621592685736,1621592685776,40,1,61,4387.5802292105,-1237,270
1621592685876,1621592685906,30,1,97,6.15861237632629,-3152,106
1621592686186,1621592686236,50,3,89,5760.44106884679,-2889,293
1621592686336,1621592686356,20,5,983,69160.9129173138,-1,61
1621592686446,1621592686516,70,7,157,2912.06118440146,-1165,253
1621592686575,1621592686585,10,-1,89,-1.0,-1,-1
1621592687165,1621592687195,30,1,71,3437.01975676836,-2965,75
1621592687615,1621592687635,20,0,202,15321.2380878656,-1,80
1621592687745,1621592687785,40,5,235,3370.37657026513,-10382,242
1621592687865,1621592687885,20,0,38,2012.34923439092,-1,270
1621592688454,1621592688474,20,0,109,5733.19004999144,-1,83
1621592688554,1621592688634,80,26,851,51308.9152990013,-34224,321
1621592688744,1621592688774,30,0,59,3.57552711372691,-2426,11
1621592688914,1621592688954,40,1,37,1860.53832212068,-698,112
1621592689254,1621592689264,10,-1,34,925.418401123323,-1,-1
1621592689444,1621592689534,90,16,1816,23812.8912158716,-83156,222
1621592689704,1621592689734,30,3,315,14297.6021908473,-1,312
1621592689794,1621592689803,9,-1,68,-1.0,-1,-1
1621592690093,1621592690253,160,9,1390,80469.2126232484,-77923,116
1621592690283,1621592690303,20,5,537,27585.889576852,-1,79
1621592690393,1621592690503,110,8,180,3790.35046167852,-8076,275
1621592690543,1621592690553,10,-1,36,1281.52754341345,-1,-1
1621592690583,1621592690603,20,0,96,5905.33676806058,-1,5
1621592690693,1621592690773,80,9,302,14019.6257932345,-11404,102
1621592690883,1621592691033,150,2,330,19010.8203698347,-16419,325
1621592691093,1621592691123,30,2,338,21676.3877265469,-1,70
1621592691203,1621592691303,100,8,419,8088.35854718502,-22927,227
1621592691383,1621592691462,79,14,558,34135.2239062977,-31045,114
1621592691492,1621592691582,90,4,88,3367.51073869319,-1351,344
1621592691652,1621592691662,10,-1,54,3146.19015813679,-1,-1
1621592691672,1621592691702,30,6,519,22517.0746033021,-1,130
1621592691762,1621592691832,70,3,81,2804.73195568767,-944,335
1621592691892,1621592691942,50,1,52,435.747187710825,-1399,337
1621592691952,1621592691962,10,-1,30,471.923263974045,-1,-1
1621592691972,1621592691992,20,0,42,1270.7646255976,-1,0
1621592692052,1621592692072,20,1,77,5201.51257770147,-1541,54
1621592692092,1621592692102,10,-1,46,3332.33962154688,-1,-1
1621592692262,1621592692302,40,5,237,13195.5665351995,-11438,320
1621592692342,1621592692382,40,0,134,9196.92166327889,-1040,127
1621592692472,1621592692532,60,8,274,17065.2636530704,-10549,267
1621592692592,1621592692622,30,3,194,13753.5664424065,-1014,280
1621592692652,1621592692742,90,9,388,20869.5807488246,-19613,108
1621592692862,1621592692912,50,9,583,-1.0,-30274,349
1621592692922,1621592692952,30,14,1294,66671.9313382044,-1,168
1621592693012,1621592693081,69,2,112,3746.56519765413,-4446,248
1621592693181,1621592693231,50,3,218,6269.5422615545,-15974,198
1621592693281,1621592693321,40,1,66,3127.26210052315,-2622,227
1621592693371,1621592693381,10,-1,52,3588.71375869929,-1,-1
1621592693471,1621592693511,40,4,344,8462.05727296349,-21419,263
1621592693651,1621592693721,70,5,144,4683.32083445078,-4944,260
1621592693741,1621592693751,10,-1,30,1533.06767036879,-1,-1
1621592693801,1621592693851,50,1,45,2589.64617903572,-807,266
1621592693891,1621592693911,20,0,35,2526.28486357518,-202,311
1621592693941,1621592693951,10,-1,36,1328.53942433752,-1,-1
1621592694011,1621592694021,10,-1,30,-1.0,-1,-1
1621592694291,1621592694311,20,6,1235,90472.7131265585,-1,62
1621592694411,1621592694481,70,5,579,4121.3412224036,-50151,263
1621592694681,1621592694740,59,4,169,3982.699447076,-5258,257
1621592694990,1621592695060,70,4,440,23149.0214712948,-27454,80
1621592695170,1621592695180,10,-1,38,1965.68009551854,-1,-1
1621592695200,1621592695210,10,-1,87,5801.22798893087,-1,-1
1621592695220,1621592695240,20,1,111,10391.8331688141,-398,347
1621592695360,1621592695410,50,7,335,29604.0112914299,-29920,275
1621592695420,1621592695460,40,1,51,2304.02875902047,-1008,133
1621592695480,1621592695500,20,0,54,2424.83683552162,-1,141
1621592695560,1621592695570,10,-1,33,-1.0,-1,-1
1621592695680,1621592695690,10,-1,40,-1.0,-1,-1
1621592695810,1621592695900,90,21,458,16735.6585842859,-11822,89
1621592695960,1621592695970,10,-1,53,-1.0,-1,-1
1621592696010,1621592696100,90,4,561,36944.209257898,-35763,77
1621592698498,1621592698598,100,8,264,22058.0914169287,-13216,98
1621592698618,1621592698668,50,6,369,17535.2088368001,-4350,85
1621592698778,1621592698828,50,4,134,5819.83314181026,-4684,266
1621592699078,1621592699098,20,0,63,3521.69763553035,-1,32
1621592699278,1621592699288,10,-1,57,3038.82561026684,-1,-1
1621592699348,1621592699368,20,0,42,-1.0,-1139,78
1621592699498,1621592699518,20,0,43,2658.68899024524,-1188,150
1621592699677,1621592699707,30,1,205,12137.1275490137,-1,91
1621592699827,1621592699837,10,-1,745,-1.0,-1,-1
1621592699897,1621592699947,50,0,59,2239.02397920763,-2239,285
1621592700077,1621592700097,20,0,64,4382.96198282762,-1533,266
1621592700347,1621592700357,10,-1,39,-1.0,-1,-1
1621592700417,1621592700447,30,1,68,3073.24096653119,-3411,79
1621592700667,1621592700677,10,-1,34,-1.0,-1,-1
1621592700697,1621592700717,20,4,453,23458.4670276441,-1,86
1621592700807,1621592700837,30,2,364,22900.7050137942,-9841,253
1621592700917,1621592700927,10,-1,79,-1.0,-1,-1
1621592700937,1621592700947,10,-1,46,2904.63443577641,-1,-1
1621592701416,1621592701436,20,0,35,1630.50506419439,-35,164
1621592701536,1621592701556,20,1,147,7952.45753811359,-1,70
1621592701666,1621592701716,50,1,173,6697.41448612792,-4813,180
1621592702236,1621592702266,30,1,84,4857.85319563512,-3455,257
1621592702326,1621592702346,20,2,375,23747.9274198782,-1,84
1621592702436,1621592702556,120,9,228,9433.50285996198,-9322,270
1621592703245,1621592703295,50,9,1568,128075.849575937,-116,81
1621592703375,1621592703445,70,4,713,6.45421712613938,-63394,241
1621592703585,1621592703595,10,-1,33,1021.95652914007,-1,-1
1621592703605,1621592703655,50,3,93,3834.22653066795,-2230,86
1621592703715,1621592703795,80,3,71,3000.51673129989,-3209,82
1621592703815,1621592703835,20,1,106,4765.59571050645,-1,95
1621592703915,1621592703935,20,0,57,2554.40795841313,-1,85
1621592704165,1621592704185,20,0,59,-1.0,-2472,264
1621592704195,1621592704345,150,7,122,5311.94731118535,-2751,273
1621592704355,1621592704385,30,1,88,3089.43384083761,-1812,69
1621592704514,1621592704524,10,-1,85,5634.38528666702,-1,-1
1621592704644,1621592704664,20,0,121,1810.19998146668,-1,231
1621592704724,1621592704744,20,0,112,-1.0,-7764,245
1621592704764,1621592704794,30,0,46,1551.12245289339,-668,45
1621592704934,1621592704954,20,1,101,5009.2793588809,-1,150
1621592705164,1621592705184,20,0,36,-1.0,-607,105
1621592705324,1621592705354,30,1,98,9261.23371589328,-5074,78
1621592705574,1621592705604,30,1,77,-1.0,-3498,278
1621592705814,1621592705914,100,7,140,4366.77064496393,-3682,286
1621592706054,1621592706074,20,3,416,-1.0,-19492,282
1621592706153,1621592706173,20,0,36,1136.80263306832,-475,83
1621592706183,1621592706203,20,1,244,14769.7307736403,-1,249
1621592706563,1621592706573,10,-1,34,-1.0,-1,-1
1621592706583,1621592706633,50,7,793,73042.6201057088,-29895,100
1621592706693,1621592706713,20,1,88,2144.44754577045,-1,171
1621592706763,1621592706773,10,-1,50,3877.19753768187,-1,-1
1621592706903,1621592706913,10,-1,40,-1.0,-1,-1
1621592707133,1621592707173,40,10,321,20628.9802336306,-9691,45
1621592707203,1621592707233,30,2,196,10044.8686398629,-1,197
1621592707293,1621592707373,80,5,319,12970.9262993227,-3015,191
1621592707433,1621592707483,50,2,188,1081.79623344805,-11820,225
1621592707493,1621592707503,10,-1,180,16999.4443658435,-1,-1
1621592707563,1621592707603,40,1,197,-1.0,-13020,237
1621592707802,1621592707882,80,5,109,3374.64275681028,-2590,259
1621592708262,1621592708282,20,0,82,-1.0,-4310,279
1621592708462,1621592708472,10,-1,131,-1.0,-1,-1
1621592708482,1621592708572,90,6,148,13010.9046035509,-6095,262
1621592708612,1621592708632,20,0,49,1980.76375732091,-6,69
1621592708782,1621592708792,10,-1,59,3523.85612966103,-1,-1
1621592708992,1621592709012,20,0,123,-1.0,-7958,265
1621592709142,1621592709172,30,0,39,956.736359919747,-1,260
1621592709342,1621592709352,10,-1,31,495.238734341328,-1,-1
1621592709372,1621592709392,20,1,77,4353.919610752,-1,84
1621592709431,1621592709451,20,0,37,1868.93537463244,-4,84
1621592709461,1621592709471,10,-1,49,3273.66714274553,-1,-1
1621592709691,1621592709711,20,4,437,20984.8158302811,-1,95
1621592709861,1621592709901,40,3,226,-1.0,-7575,266
1621592709921,1621592709931,10,-1,86,7460.05413953629,-1,-1
1621592709991,1621592710011,20,6,713,29971.2770207881,-1,80
1621592710141,1621592710171,30,1,197,-1.0,-11502,270
1621592710211,1621592710221,10,-1,33,2033.00816078535,-1,-1
1621592710291,1621592710311,20,6,611,30407.4591998944,-1,91
1621592710381,1621592710481,100,12,251,6148.32216647176,-6969,277
1621592710641,1621592710681,40,1,37,1129.87986541892,-163,0
1621592710691,1621592710731,40,8,431,16070.4650334779,-1,72
1621592710811,1621592710901,90,10,321,5715.53278936363,-15988,281
1621592710961,1621592711031,70,4,187,8377.47041617092,-3665,203
1621592711110,1621592711130,20,0,134,-1.0,-8581,205
1621592711280,1621592711350,70,8,898,413.877575761285,-25389,278
1621592711370,1621592711420,50,2,67,4088.46283703195,-3018,291
1621592711430,1621592711450,20,9,1035,58459.4996357151,-1,50
1621592711590,1621592711770,180,21,541,12325.0255830289,-20856,181
1621592711830,1621592711900,70,6,128,3890.10523058731,-2984,359
1621592711960,1621592711980,20,0,68,-1.0,-3584,309
1621592712040,1621592712050,10,-1,34,1005.24719152596,-1,-1
1621592712150,1621592712170,20,2,211,10839.5556109118,-1,340
1621592712320,1621592712370,50,1,45,2289.50541398492,-374,219
1621592712410,1621592712420,10,-1,35,1136.66841762071,-1,-1
1621592712460,1621592712470,10,-1,34,797.129248779725,-1,-1
1621592712530,1621592712540,10,-1,39,1427.53038236649,-1,-1
1621592712550,1621592712560,10,-1,35,689.753085501168,-1,-1
1621592712789,1621592712819,30,2,102,7136.22936490414,-5675,230
1621592712829,1621592712839,10,-1,38,1561.98753068364,-1,-1
1621592712989,1621592712999,10,-1,41,2932.8219573914,-1,-1
1621592713079,1621592713109,30,11,1370,79352.5262734561,-1,55
1621592713259,1621592713269,10,-1,1075,-1.0,-1,-1
1621592713329,1621592713419,90,7,190,15563.1597123038,-10124,202
1621592713599,1621592713769,170,12,1597,51209.4822710362,-29140,228
1621592713779,1621592713849,70,3,118,4993.08657243013,-6397,324
1621592713929,1621592714049,120,5,221,12507.0386816302,-10961,125
1621592714229,1621592714239,10,-1,30,-1.0,-1,-1
1621592714278,1621592714358,79,3,591,47645.4393530694,-20651,15
1621592714378,1621592714438,60,6,303,16201.4911106547,-7444,184
1621592714498,1621592714528,30,1,169,9992.16284182889,-1,99
1621592714618,1621592714648,30,5,1139,87331.0190949356,-1,34
1621592714858,1621592715048,190,11,254,5500.53551335405,-18667,210
1621592715128,1621592715148,20,6,536,29927.8297546232,-1,84
1621592715238,1621592715308,70,7,473,4545.45906639998,-23874,243
1621592715318,1621592715358,40,1,72,2508.87485539911,-2830,323
1621592715368,1621592715378,10,-1,37,1577.2436665897,-1,-1
1621592715388,1621592715698,310,14,756,38254.7930942663,-23312,114
1621592715778,1621592715788,10,-1,47,-1.0,-1,-1
1621592715798,1621592715868,70,3,51,4152.30382357255,-2003,335
1621592716067,1621592716117,50,14,364,761.138784905018,-825,305
1621592716177,1621592716227,50,3,107,2765.59091790276,-2544,183
1621592716307,1621592716337,30,1,79,-1.0,-3755,161
1621592716347,1621592716397,50,2,70,2025.82204956585,-599,146
1621592716457,1621592716467,10,-1,34,-1.0,-1,-1
1621592716667,1621592716687,20,0,78,4850.43670054686,-1,221
1621592716807,1621592716817,10,-1,50,2131.83611731073,-1,-1
1621592716877,1621592717057,180,14,407,23940.1085772648,-18427,121
1621592717077,1621592717087,10,-1,59,3080.04124098749,-1,-1
1621592717177,1621592717187,10,-1,31,807.256193568791,-1,-1
1621592717227,1621592717237,10,-1,41,2664.25554233312,-1,-1
1621592717297,1621592717307,10,-1,72,-1.0,-1,-1
1621592717347,1621592717367,20,1,328,23000.6854310594,-1,344
1621592717427,1621592717477,50,5,227,11224.0649811723,-17394,285
1621592717487,1621592717507,20,9,1175,66873.1821648747,-1,112
1621592717596,1621592717746,150,13,316,1621.22907885039,-9534,259
1621592717846,1621592717876,30,1,80,-1.0,-2343,97
1621592717996,1621592718006,10,-1,34,-1.0,-1,-1
1621592718076,1621592718096,20,0,36,1059.13667021232,-511,98
1621592718176,1621592718196,20,0,47,1817.65165018234,-1622,99
1621592718206,1621592718246,40,2,86,4309.95395450856,-3903,267
1621592718266,1621592718326,60,2,145,6483.21124170638,-518,92
1621592718416,1621592718486,70,10,341,10313.0773804121,-17967,254
1621592718556,1621592718576,20,3,463,29335.8984543205,-1,81
1621592718726,1621592718746,20,0,96,-1.0,-4902,263
1621592718776,1621592718786,10,-1,44,2574.43042857569,-1,-1
1621592718906,1621592718916,10,-1,58,4805.20320327114,-1,-1
1621592719565,1621592719595,30,1,53,2054.89490332347,-1432,278
1621592719605,1621592719625,20,1,863,79199.6527796934,-1,82
1621592719765,1621592719785,20,1,153,9910.50914540543,-1,275
1621592719845,1621592719875,30,1,60,2303.71069650984,-455,270
1621592719895,1621592719935,40,1,59,1253.41569801573,-1971,268
1621592719965,1621592719975,10,-1,30,501.313121527653,-1,-1
1621592719985,1621592720005,20,0,32,507.369756871072,-233,270
1621592720025,1621592720035,10,-1,31,687.235088940068,-1,-1
1621592720115,1621592720315,200,8,307,18671.3244227458,-13949,147
1621592720395,1621592720425,30,1,150,-1.0,-8372,353
1621592720435,1621592720455,20,2,393,27517.1829802741,-1,158
1621592720515,1621592720605,90,5,381,10061.8339400435,-22112,320
1621592720795,1621592720884,89,6,227,13239.5970766365,-11405,292
1621592721034,1621592721054,20,0,42,1934.18722473401,-1,143
1621592721214,1621592721224,10,-1,35,-1.0,-1,-1
1621592721424,1621592721434,10,-1,59,5081.68924792257,-1,-1
1621592721494,1621592721504,10,-1,42,-1.0,-1,-1
1621592721524,1621592721544,20,7,985,59024.0195378591,-1,50
1621592721664,1621592721694,30,2,1543,-1.0,-141912,231
1621592721704,1621592721734,30,0,41,1931.32441170055,-1037,266
1621592721924,1621592721934,10,-1,70,-1.0,-1,-1
1621592722493,1621592722513,20,7,1119,73736.4021251729,-1,45
1621592722613,1621592722683,70,5,566,2039.97955318169,-36836,240
1621592722743,1621592722833,90,10,342,7141.99276961101,-19489,95
1621592722893,1621592722923,30,0,71,-1.0,-2900,73
1621592722943,1621592722973,30,1,57,1945.28378275411,-1,57
1621592723053,1621592723133,80,6,151,4445.61346247887,-6374,262
1621592723213,1621592723233,20,0,69,-1.0,-2252,279
1621592723243,1621592723253,10,-1,33,697.984025473689,-1,-1
1621592723263,1621592723273,10,-1,33,1160.79920583898,-1,-1
1621592723373,1621592723433,60,5,219,9346.2752383833,-8431,87
1621592723513,1621592723583,70,3,215,13923.5242299487,-15599,107
1621592723623,1621592723703,80,1,345,30097.7541591929,-29925,255
1621592723963,1621592724252,289,32,1050,28983.7507874567,-93655,265
1621592724282,1621592724302,20,0,85,4548.61267366596,-1,111
1621592724362,1621592724382,20,0,49,-1.0,-1692,90
1621592724412,1621592724422,10,-1,31,915.186396140473,-1,-1
1621592724492,1621592724552,60,2,155,11774.9737933081,-4204,101
1621592724562,1621592724582,20,0,96,6797.29838031363,-5799,104
1621592724662,1621592724722,60,26,601,3855.86138220646,-28225,231
1621592724732,1621592724762,30,1,82,3878.69786564992,-3891,264
1621592724782,1621592724822,40,2,80,4685.0588979774,-3942,261
1621592724832,1621592724852,20,0,56,2888.51099907054,-1,263
1621592724942,1621592724952,10,-1,107,-1.0,-1,-1
1621592725012,1621592725022,10,-1,81,7273.20933364136,-1,-1
1621592725082,1621592725142,60,2,63,1499.31368461772,-1944,265
1621592725212,1621592725222,10,-1,38,1559.858576971,-1,-1
1621592725302,1621592725332,30,34,1654,84919.7910917603,-23360,140
1621592725492,1621592725512,20,1,105,3817.33934489728,-1,238
1621592725582,1621592725602,20,0,55,1402.0950264284,-1,74
1621592725632,1621592725662,30,1,66,3931.46500551313,-3078,83
1621592725722,1621592725731,9,-1,60,3653.13032815281,-1,-1
1621592725791,1621592725811,20,0,39,-1.0,-439,113
1621592725961,1621592725971,10,-1,36,1517.20008618488,-1,-1
1621592726401,1621592726431,30,0,920,-1.0,-88895,273
1621592726831,1621592726871,40,4,458,16029.0555363278,-23551,233
1621592726931,1621592726961,30,1,142,-1.0,-4791,229
1621592727131,1621592727151,20,0,48,3188.43617890933,-1,261
1621592727181,1621592727241,60,0,211,16065.2203668762,-1475,221
1621592727311,1621592727351,40,0,747,-1.0,-68190,57
1621592727450,1621592727530,80,4,260,20659.2000438734,-19083,74
1621592727590,1621592727600,10,-1,30,-1.0,-1,-1
1621592727650,1621592727670,20,1,163,9586.13183622068,-1,210
1621592727780,1621592727800,20,4,531,30134.0178816632,-1,237
1621592728030,1621592728100,70,5,199,13698.1511713916,-12486,293
1621592728160,1621592728250,90,2,393,22181.0740731392,-33411,149
1621592728330,1621592728390,60,3,125,1131.40999538792,-7235,116
1621592728460,1621592728480,20,5,608,36858.3974051849,-1,91
1621592728570,1621592728680,110,25,419,6985.40978187685,-11684,241
1621592728760,1621592728770,10,-1,42,-1.0,-1,-1
1621592728780,1621592728840,60,4,163,8573.80135151934,-7267,101
1621592728900,1621592728980,80,7,119,1844.17397795706,-1304,35
1621592729209,1621592729359,150,4,274,19672.2637281181,-15760,138
1621592729379,1621592729399,20,1,144,6901.98863007538,-1,326
1621592729479,1621592729499,20,0,69,-1.0,-3875,5
1621592729519,1621592729549,30,0,48,1505.775855482,-539,120
1621592729609,1621592729619,10,-1,46,-1.0,-1,-1
1621592729749,1621592729779,30,0,35,453.083853728464,-317,94
1621592729799,1621592729809,10,-1,49,1977.33277669865,-1,-1
1621592729819,1621592729829,10,-1,35,1805.81052835184,-1,-1
1621592729839,1621592729849,10,-1,31,1014.58055774551,-1,-1
1621592729909,1621592729969,60,7,459,26303.485606232,-37333,243
1621592729979,1621592729999,20,0,44,1416.24223243217,-20,67
1621592730179,1621592730219,40,1,211,6707.74932815611,-6644,241
1621592730309,1621592730319,10,-1,51,-1.0,-1,-1
1621592730449,1621592730529,80,34,1202,80812.2832216251,-61745,318
1621592730609,1621592730629,20,0,64,-1.0,-2794,265
1621592730658,1621592730668,10,-1,35,1589.7927093689,-1,-1
1621592730748,1621592730758,10,-1,139,-1.0,-1,-1
1621592730778,1621592730808,30,2,111,5855.33242248571,-4587,91
1621592731108,1621592731118,10,-1,48,2742.78406460209,-1,-1
1621592731318,1621592731338,20,1,92,8594.84457932636,-104,260
1621592731348,1621592731368,20,0,44,3367.40838908516,-1,258
1621592731498,1621592731538,40,10,423,22617.1564145977,-17021,239
1621592731608,1621592731678,70,0,320,19649.4484643321,-22879,289
1621592731838,1621592731908,70,6,129,6450.77594635786,-3908,273
1621592731938,1621592731958,20,0,58,3406.1966677143,-1910,254
1621592732028,1621592732048,20,0,51,-1.0,-1115,108
1621592732327,1621592732347,20,0,46,-1.0,-1676,102
1621592732387,1621592732417,30,1,119,6297.15507038068,-1,69
1621592732647,1621592732657,10,-1,195,-1.0,-1,-1
1621592732667,1621592732677,10,-1,106,8237.3702167128,-1,-1
1621592735026,1621592735086,60,4,265,10219.312122029,-8442,262
1621592735176,1621592735196,20,0,56,-1.0,-2239,309
1621592735406,1621592735436,30,1,79,4184.1140876462,-2651,90
1621592735935,1621592735945,10,-1,59,-1.0,-1,-1
1621592736065,1621592736105,40,1,173,949.851202975401,-12005,278
1621592736145,1621592736165,20,0,36,2714.0652066296,-8,294
1621592736185,1621592736205,20,1,78,5737.91388634699,-1,257
1621592736355,1621592736385,30,1,82,4575.52168649127,-4502,250
1621592736645,1621592736665,20,0,33,-1.0,-2,255
1621592736745,1621592736755,10,-1,68,-1.0,-1,-1
1621592736885,1621592736895,10,-1,30,1536.82079997932,-1,-1
1621592736915,1621592736945,30,2,113,4927.74448069509,-1,268
1621592737025,1621592737055,30,3,245,10363.3080358996,-1,98
1621592737214,1621592737224,10,-1,50,3545.15646162785,-1,-1
1621592737374,1621592737384,10,-1,294,-1.0,-1,-1
1621592737454,1621592737504,50,2,134,155.456201450747,-5371,152
1621592737614,1621592737644,30,1,86,5307.13862849314,-3293,90
1621592737664,1621592737674,10,-1,30,2497.64327272563,-1,-1
1621592737774,1621592737804,30,0,44,-1.0,-805,98
1621592737854,1621592737914,60,11,876,55234.8191439032,-534,151
1621592738064,1621592738164,100,2,174,14374.8431877052,-11587,74
1621592738224,1621592738284,60,3,132,11313.0371231631,-8821,254
1621592738304,1621592738314,10,-1,58,5538.79326628812,-1,-1
1621592738384,1621592738404,20,0,50,2732.14678565808,-491,93
1621592738524,1621592738584,60,3,92,3156.37171007352,-4677,74
1621592738724,1621592738833,109,10,150,3910.50903561425,-4930,258
1621592738973,1621592739153,180,10,211,10364.8141999163,-8375,244
1621592739213,1621592739223,10,-1,33,-1.0,-1,-1
1621592739243,1621592739263,20,0,33,2274.47568691568,-1,320
1621592739333,1621592739373,40,4,168,6430.15190960337,-7817,274
1621592739383,1621592739413,30,1,78,5184.87752001047,-4370,228
1621592739473,1621592739513,40,3,107,5444.8458793324,-4,74
1621592739633,1621592739673,40,7,302,-1.0,-9579,266
1621592740253,1621592740273,20,1,180,-1.0,-2248,262
1621592740423,1621592740522,99,7,192,14817.9384577069,-10339,148
1621592740752,1621592740812,60,7,210,9244.16906170731,-13352,5
1621592740972,1621592740982,10,-1,113,8695.98240074581,-1,-1
1621592741042,1621592741052,10,-1,41,-1.0,-1,-1
1621592741302,1621592741312,10,-1,46,2422.27823333745,-1,-1
1621592741422,1621592741462,40,4,141,1784.10794932573,-7503,267
1621592741472,1621592741492,20,0,54,2491.29997241244,-1806,262
1621592741502,1621592741512,10,-1,94,6989.10775106056,-1,-1
1621592741632,1621592741702,70,4,167,-1.0,-6314,259
1621592741842,1621592741852,10,-1,55,4262.60597875534,-1,-1
1621592742091,1621592742111,20,0,71,4032.80058744072,-1,132
1621592742201,1621592742221,20,2,294,19820.407388931,-1,87
1621592742321,1621592742401,80,8,207,2031.13159562874,-5765,262
1621592742791,1621592742811,20,0,68,4515.34040995173,-452,103
1621592742841,1621592742901,60,21,946,45925.8851545014,-8605,125
1621592743011,1621592743051,40,6,275,2330.13783737241,-11456,277
1621592743191,1621592743251,60,6,141,3132.12887588762,-5850,265
1621592743341,1621592743351,10,-1,32,1910.16184146263,-1,-1
1621592743441,1621592743461,20,0,57,4670.17308560696,-325,69
1621592743531,1621592743571,40,1,100,5128.20495911032,-3345,13
1621592743850,1621592743880,30,0,170,12166.0470097966,-28,90
1621592744010,1621592744090,80,6,147,5630.18158171263,-4572,264
1621592744270,1621592744290,20,0,123,5881.3645419241,-1,81
1621592744360,1621592744470,110,23,1503,28504.2152360231,-104913,211
1621592744600,1621592744760,160,1,870,35995.9996965616,-58092,131
1621592744780,1621592744870,90,19,437,17410.4897608589,-6297,276
1621592745529,1621592745599,70,4,103,-1.0,-1505,262
1621592745819,1621592745849,30,1,86,5425.67183027886,-4835,158
1621592745899,1621592745909,10,-1,305,30164.2290631324,-1,-1
1621592746079,1621592746089,10,-1,335,-1.0,-1,-1
1621592746159,1621592746169,10,-1,264,-1.0,-1,-1
1621592746359,1621592746459,100,27,677,32508.716479004,-52355,95
1621592746469,1621592746529,60,4,443,33146.3963078781,-17619,76
1621592746779,1621592746849,70,23,1631,1719.5990570427,-79887,158
1621592746929,1621592747048,119,5,74,1461.56743890841,-2495,286
1621592747058,1621592747098,40,5,229,11461.6225851414,-11871,135
1621592747268,1621592747288,20,0,41,1428.96114736122,-3,19
1621592747448,1621592747458,10,-1,33,661.030535545152,-1,-1
1621592747508,1621592747518,10,-1,113,8931.98263080822,-1,-1
1621592747698,1621592747738,40,1,44,1198.13823948408,-1137,239
1621592747778,1621592747798,20,0,55,1687.65329673352,-1,216
1621592747858,1621592747868,10,-1,68,-1.0,-1,-1
1621592748258,1621592748268,10,-1,47,-1.0,-1,-1
1621592748478,1621592748488,10,-1,46,1878.83392875639,-1,-1
1621592748548,1621592748578,30,1,54,1218.37965072313,-1507,238
1621592748727,1621592748757,30,1,68,3703.70879833985,-2111,70
1621592748977,1621592749027,50,3,91,5305.92881550594,-4227,262
1621592749057,1621592749067,10,-1,35,921.792535996458,-1,-1
1621592750007,1621592750037,30,1,97,6782.45473071897,-5041,76
1621592750097,1621592750117,20,0,53,3149.95929020219,-1,254
1621592750266,1621592750336,70,8,233,17554.6234693783,-10534,277
1621592750346,1621592750356,10,-1,112,9838.64212351101,-1,-1
1621592750456,1621592750466,10,-1,1011,-1.0,-1,-1
1621592750526,1621592750546,20,0,106,-1.0,-4837,257
1621592750556,1621592750566,10,-1,32,2880.9664692333,-1,-1
1621592750576,1621592750586,10,-1,31,2053.04055999786,-1,-1
1621592750706,1621592750716,10,-1,76,4905.813114603,-1,-1
1621592750836,1621592750906,70,1,176,14398.2101763268,-14453,222
1621592751036,1621592751106,70,7,333,96.0472191634835,-17414,229
1621592751246,1621592751276,30,2,229,-1.0,-9798,195
1621592751426,1621592751446,20,0,104,6301.7291572135,-1,23
1621592751526,1621592751546,20,1,121,-1.0,-4404,25
1621592751855,1621592751885,30,2,139,6927.39826841009,-4240,258
1621592751935,1621592751985,50,2,149,6505.38123458008,-352,92
1621592752275,1621592752375,100,4,477,26173.4041593874,-39617,163
1621592752515,1621592752525,10,-1,561,-1.0,-1,-1
1621592752565,1621592752635,70,0,177,12151.4546523639,-13330,225
1621592752715,1621592752755,40,4,303,29887.7955034433,-13047,243
1621592753105,1621592753175,70,18,1159,-1.0,-45089,31
1621592753325,1621592753335,10,-1,199,-1.0,-1,-1
1621592753355,1621592753385,30,2,143,9879.76975919439,-3273,212
1621592753504,1621592753574,70,7,302,3992.16620564625,-19071,264
1621592753644,1621592753714,70,2,61,2658.57389488438,-1933,246
1621592753854,1621592753904,50,2,67,3471.01888832188,-1684,164
1621592754074,1621592754144,70,13,398,19521.3305055171,-14218,355
1621592754234,1621592754264,30,0,40,1040.08611686343,-1,155
1621592754274,1621592754304,30,3,193,11836.105783331,-1,27
1621592754394,1621592754414,20,0,33,1772.12781343812,-333,188
1621592754514,1621592754534,20,1,197,13070.7942199849,-1,165
1621592754664,1621592754674,10,-1,55,-1.0,-1,-1
1621592754694,1621592754714,20,0,68,2547.6578225449,-1,0
1621592754984,1621592755024,40,4,221,7628.85527508792,-1,83
1621592755493,1621592755553,60,2,209,2705.81392491662,-15906,274
1621592755713,1621592755733,20,0,39,68.5488460916133,-1,263
1621592755743,1621592755763,20,1,128,6688.2655417764,-1,290
1621592755883,1621592755933,50,11,1304,5334.37944825046,-76621,338
1621592755993,1621592756043,50,1,192,10127.1001736769,-11195,97
1621592756223,1621592756253,30,0,105,5.02211062161919,-6994,144
1621592756263,1621592756273,10,-1,48,2035.23083094733,-1,-1
1621592756423,1621592756453,30,2,104,6970.3442395214,-3819,265
1621592756573,1621592756603,30,4,337,18302.6332971257,-1,96
1621592756743,1621592756802,59,5,194,10374.7233579245,-8980,222
1621592756912,1621592756932,20,2,251,-1.0,-208,29
1621592756992,1621592757032,40,2,229,-1.0,-12726,220
1621592757472,1621592757492,20,1,205,15060.0326260869,-1,92
1621592757592,1621592757622,30,2,210,9109.05987602305,-7972,243
1621592757882,1621592757892,10,-1,38,-1.0,-1,-1
1621592758092,1621592758132,40,1,44,3111.70320082286,-932,351
1621592758222,1621592758232,10,-1,128,9865.30757435423,-1,-1
1621592758312,1621592758332,20,2,235,-1.0,-11225,279
1621592758362,1621592758382,20,1,74,5117.93063691217,-1093,247
1621592758531,1621592758551,20,6,510,26972.676378556,-1,102
1621592758611,1621592758631,20,2,213,-1.0,-9586,97
1621592758801,1621592758831,30,1,67,4336.49913201498,-2575,105
1621592758891,1621592758921,30,1,76,-1.0,-96,92
1621592759001,1621592759031,30,5,289,471.949302812021,-14913,278
1621592759041,1621592759091,50,2,74,4628.96607530099,-1626,270
1621592759501,1621592759511,10,-1,52,2934.39321292923,-1,-1
1621592759591,1621592759601,10,-1,33,-1.0,-1,-1
1621592759821,1621592759851,30,1,53,1723.33709817063,-2088,205
1621592759911,1621592759931,20,7,1000,61725.6091274896,-1,142
1621592760060,1621592760120,60,5,237,-1.0,-6908,265
1621592760130,1621592760140,10,-1,31,862.40864722633,-1,-1
1621592760400,1621592760420,20,0,79,3931.66851731287,-1,59
1621592760670,1621592760680,10,-1,355,-1.0,-1,-1
1621592760740,1621592760750,10,-1,35,-1.0,-1,-1
1621592760780,1621592760800,20,3,262,17242.5502651582,-1,298
1621592760860,1621592760880,20,0,87,-1.0,-5307,119
1621592761080,1621592761100,20,0,38,1052.3564484481,-780,255
1621592761130,1621592761140,10,-1,33,738.653540117438,-1,-1
1621592761290,1621592761320,30,9,1110,63951.2997877197,-1,67
1621592761430,1621592761450,20,1,162,-1.0,-7740,254
1621592761480,1621592761500,20,4,685,43902.92499652,-1,128
1621592761689,1621592761719,30,1,200,-1.0,-11553,271
1621592761759,1621592761799,40,2,84,4234.8483347026,-2964,261
1621592761859,1621592761879,20,3,1028,76599.6554208267,-1,65
1621592761979,1621592762029,50,11,370,10691.6316368934,-9975,93
1621592762079,1621592762099,20,0,36,1436.21964128348,-1,68
1621592762119,1621592762179,60,3,75,1732.83545193338,-3248,90
1621592762279,1621592762319,40,6,252,13200.4683640158,-13100,81
1621592762479,1621592762489,10,-1,230,-1.0,-1,-1
1621592762549,1621592762559,10,-1,42,-1.0,-1,-1
1621592762599,1621592762619,20,0,142,10833.0591937174,-1,3
1621592762679,1621592762699,20,1,153,-1.0,-10156,306
1621592762709,1621592762779,70,3,74,3150.32930255883,-2488,206
1621592762839,1621592762889,50,8,362,15970.0898438787,-1,164
1621592762999,1621592763009,10,-1,182,-1.0,-1,-1
1621592763099,1621592763119,20,2,352,21829.9691915752,-1,76
1621592763259,1621592763338,79,3,128,2612.32447923721,-7888,284
1621592763548,1621592763558,10,-1,34,1478.43491536728,-1,-1
1621592763708,1621592763718,10,-1,109,-1.0,-1,-1
1621592763728,1621592763738,10,-1,121,9735.10879228971,-1,-1
1621592763868,1621592763918,50,7,354,8713.00220238211,-15191,269
1621592764178,1621592764188,10,-1,39,1357.79613014493,-1,-1
1621592764248,1621592764268,20,0,35,510.381895255829,-1,90
1621592764388,1621592764398,10,-1,48,2080.196049024,-1,-1
1621592764408,1621592764448,40,1,66,3104.6946267416,-344,158
1621592764508,1621592764518,10,-1,37,-1.0,-1,-1
1621592764838,1621592764878,40,2,112,5641.36335872683,-4876,9
1621592765097,1621592765137,40,4,583,-1.0,-39154,229
1621592765307,1621592765357,50,6,1081,88201.913128885,-1,86
1621592765527,1621592765547,20,1,203,-1.0,-10650,261
1621592765717,1621592765757,40,2,94,4155.37912146781,-1777,278
1621592765877,1621592765887,10,-1,49,3120.35171517726,-1,-1
1621592765997,1621592766017,20,0,91,5312.74613681717,-1,111
1621592766137,1621592766157,20,1,278,-1.0,-17627,258
1621592766247,1621592766267,20,0,32,-1.0,-208,71
1621592766297,1621592766317,20,1,135,9535.01527545334,-1,204
1621592766377,1621592766407,30,0,41,388.928289118667,-1,93
1621592766467,1621592766487,20,0,34,2343.02553417978,-1,69
1621592766517,1621592766576,59,7,235,13053.8716802667,-10014,150
1621592766836,1621592766846,10,-1,35,2466.76520563696,-1,-1
1621592766906,1621592766916,10,-1,37,967.10805082853,-1,-1
1621592766926,1621592766936,10,-1,34,621.134561996368,-1,-1
1621592767076,1621592767126,50,1,378,32266.6142358496,-1,69
1621592767236,1621592767286,50,6,347,-1.0,-11271,257
1621592767296,1621592767316,20,0,40,3470.29825169222,-747,66
1621592767366,1621592767416,50,9,303,14406.2714973175,-305,99
1621592767476,1621592767526,50,6,384,21902.4942732974,-30680,280
1621592767806,1621592767826,20,1,72,5375.41183416127,-1,270
1621592767836,1621592767866,30,1,78,4738.35616226358,-722,260
1621592767956,1621592767986,30,2,131,6172.88425182981,-6989,257
1621592768096,1621592768106,10,-1,34,-1.0,-1,-1
1621592768156,1621592768295,139,17,400,26302.258346566,-30916,51
1621592768415,1621592768435,20,0,94,5712.68648598874,-1,225
1621592768495,1621592768555,60,5,276,512.110009920047,-13242,237
1621592768565,1621592768595,30,0,89,7377.51753529003,-4123,74
1621592768675,1621592768735,60,21,1154,-1.0,-44623,309
1621592769015,1621592769115,100,15,306,14782.3790245099,-9527,50
1621592769185,1621592769215,30,1,53,1949.69119055396,-1911,165
1621592769245,1621592769285,40,1,61,1397.09634589982,-7,125
1621592769365,1621592769375,10,-1,49,-1.0,-1,-1
1621592769625,1621592769665,40,1,279,7.61705327673283,-22729,260
1621592769675,1621592769705,30,9,499,24580.3926824257,-634,255
1621592769824,1621592769854,30,3,198,5617.25320006602,-3185,278
1621592769864,1621592769884,20,0,52,3508.54594005051,-2200,90
1621592769964,1621592769974,10,-1,63,4383.3281261207,-1,-1
1621592770074,1621592770084,10,-1,91,-1.0,-1,-1
1621592770264,1621592770284,20,0,49,2704.1471655895,-6,344
1621592770364,1621592770394,30,3,853,-1.0,-69351,176
1621592770454,1621592770464,10,-1,43,3330.88443360088,-1,-1
1621592770494,1621592770524,30,1,42,1190.50733617412,-369,21
1621592770554,1621592770564,10,-1,75,6014.65969958,-1,-1
1621592770624,1621592770654,30,1,59,-1.0,-1404,293
1621592770714,1621592770724,10,-1,31,824.440222324543,-1,-1
1621592770734,1621592770774,40,1,55,2363.59665441281,-1364,322
1621592770784,1621592770794,10,-1,32,846.522410859153,-1,-1
1621592770824,1621592770834,10,-1,130,10070.1232650121,-1,-1
1621592770964,1621592771044,80,5,96,-1.0,-1633,58
1621592771074,1621592771144,70,8,367,17536.5354941088,-25596,160
1621592771224,1621592771274,50,3,636,17637.967197867,-29917,215
1621592771463,1621592771503,40,11,553,-1.0,-25574,58
1621592771513,1621592771543,30,0,50,4048.35848913347,-772,236
1621592771583,1621592771603,20,0,39,1209.74764380842,-1,240
1621592771713,1621592771723,10,-1,36,988.023844292981,-1,-1
1621592771943,1621592771963,20,1,245,15442.9900345066,-1,88
1621592772083,1621592772123,40,8,484,16706.9830516586,-23157,266
1621592772263,1621592772283,20,1,137,188.220242766241,-1,243
1621592772343,1621592772363,20,0,66,-1.0,-3151,257
1621592772403,1621592772533,130,1,293,20867.3722290492,-17517,239
1621592772743,1621592772813,70,2,351,26983.6469334131,-25706,119
1621592772943,1621592772963,20,1,200,15028.2919461006,-1,90
1621592773063,1621592773222,159,32,1036,24871.1123623123,-45816,292
1621592773372,1621592773442,70,14,375,17104.8609076339,-12831,95
1621592773452,1621592773462,10,-1,31,973.58885561297,-1,-1
1621592773692,1621592773712,20,0,72,4671.4490052295,-1300,90
1621592773942,1621592774032,90,6,177,7653.77272437696,-7002,269
1621592774182,1621592774202,20,0,69,-1.0,-1987,254
1621592774212,1621592774222,10,-1,31,257.933190427723,-1,-1
1621592774462,1621592774502,40,2,82,4562.21892452748,-25,200
1621592774751,1621592774801,50,9,293,14278.7494351426,-1,283
1621592774921,1621592775051,130,20,485,29994.3431423464,-28684,189
1621592775141,1621592775181,40,1,107,5869.35683753329,-2456,350
1621592775251,1621592775271,20,4,408,20813.257966073,-1,78
1621592775361,1621592775371,10,-1,340,-1.0,-1,-1
1621592775431,1621592775501,70,4,365,27655.3051712365,-27090,274
1621592775561,1621592775611,50,5,223,10195.233771132,-13475,116
1621592775631,1621592775661,30,1,87,4321.36595414454,-569,81
1621592775761,1621592775771,10,-1,52,-1.0,-1,-1
1621592775901,1621592775951,50,4,139,3152.45153881233,-3113,253
1621592776081,1621592776101,20,2,239,-1.0,-985,256
1621592776161,1621592776181,20,0,71,-1.0,-2245,277
1621592776360,1621592776400,40,1,69,4514.6313617498,-1817,201
1621592776740,1621592776780,40,3,124,6242.01147801082,-6736,184
1621592777010,1621592777080,70,5,111,1532.57623645298,-4393,281
1621592777180,1621592777200,20,0,51,2486.46702781125,-1,45
1621592777470,1621592777480,10,-1,38,1906.69153359142,-1,-1
1621592777540,1621592777550,10,-1,69,-1.0,-1,-1
1621592777610,1621592777620,10,-1,51,2260.9389682193,-1,-1
1621592777730,1621592777790,60,8,201,11386.0353940201,-5996,56
1621592777860,1621592777900,40,1,278,14544.4381424903,-718,252
1621592777959,1621592777979,19,0,38,-1.0,-789,253
1621592778289,1621592778319,30,2,125,5602.90493440987,-5339,182
1621592778529,1621592778559,30,2,101,5004.74822827438,-5154,336
1621592778829,1621592778849,20,0,149,-1.0,-6687,266
1621592778859,1621592778869,10,-1,57,3994.76314408743,-1,-1
1621592779469,1621592779529,60,16,696,9498.00022558549,-53902,68
1621592779589,1621592779608,19,8,1198,79785.7124813345,-1,40
1621592779698,1621592779768,70,12,533,30898.0484864554,-32462,38
1621592779898,1621592779918,20,2,224,-1.0,-1730,248
1621592779978,1621592779998,20,0,84,-1.0,-3505,246
1621592780008,1621592780018,10,-1,34,885.806773523739,-1,-1
1621592780058,1621592780068,10,-1,32,955.086442494737,-1,-1
1621592780108,1621592780128,20,0,41,1543.84941496841,-1120,249
1621592780148,1621592780158,10,-1,230,21325.4507771629,-1,-1
1621592780308,1621592780338,30,1,110,-1.0,-6017,248
1621592780408,1621592780428,20,2,319,16119.0064873521,-1,99
1621592780548,1621592780618,70,4,130,2665.03940083889,-5921,270
1621592780728,1621592780748,20,1,209,15543.1160208461,-1,258
1621592780828,1621592780908,80,2,216,14132.4572218503,-9542,281
1621592780998,1621592781038,40,6,234,11883.925501691,-2520,209
1621592781168,1621592781178,10,-1,111,9226.94984438881,-1,-1
1621592781307,1621592781337,30,3,260,-1.0,-10413,304
1621592781527,1621592781617,90,7,240,13173.9005036676,-11749,261
1621592781697,1621592781787,90,15,484,16388.724351466,-25629,279
1621592781997,1621592782007,10,-1,420,-1.0,-1,-1
1621592782157,1621592782247,90,18,436,3065.63447340933,-17357,91
1621592782457,1621592782467,10,-1,146,-1.0,-1,-1
1621592782477,1621592782487,10,-1,136,12805.9323893118,-1,-1
1621592782547,1621592782567,20,0,49,-1.0,-284,270
1621592782577,1621592782597,20,1,1029,97315.016041745,-1,78
1621592782687,1621592782747,60,11,627,24336.0902663886,-46270,292
1621592782896,1621592782916,20,0,30,772.251192379776,-2,90
1621592782996,1621592783036,40,4,187,-1.0,-7886,358
1621592783256,1621592783286,30,2,197,-1.0,-8381,127
1621592783506,1621592783516,10,-1,33,973.880232865567,-1,-1
1621592783556,1621592783566,10,-1,32,961.65791542439,-1,-1
1621592783606,1621592783616,10,-1,32,939.26735514139,-1,-1
1621592783636,1621592783646,10,-1,50,2269.26043545891,-1,-1
1621592783726,1621592783746,20,0,115,-1.0,-7064,47
1621592783906,1621592783916,10,-1,43,2060.34792478368,-1,-1
1621592784016,1621592784046,30,0,32,481.189709642188,-1,251
1621592784206,1621592784236,30,1,89,5848.53034824424,-1832,46
1621592784396,1621592784406,10,-1,43,-1.0,-1,-1
1621592784475,1621592784785,310,12,1402,115399.533024632,-71861,292
1621592785215,1621592785235,20,0,37,2478.81153887703,-173,287
1621592785315,1621592785325,10,-1,52,3635.30779850571,-1,-1
1621592785335,1621592785355,20,1,111,8087.49216252397,-1,94
1621592785475,1621592785505,30,3,160,2050.95991290532,-9358,310
1621592785675,1621592785695,20,0,70,3777.97534583727,-1,246
1621592785775,1621592785785,10,-1,37,-1.0,-1,-1
1621592785945,1621592785985,40,1,73,-1.0,-2266,327
1621592786244,1621592786254,10,-1,40,-1.0,-1,-1
1621592786264,1621592786294,30,1,65,5853.49422933463,-1247,276
1621592786624,1621592786634,10,-1,41,-1.0,-1,-1
1621592786794,1621592786814,20,2,254,15957.7475594474,-1,144
1621592786914,1621592786934,20,1,165,-1.0,-311,315
1621592786944,1621592786954,10,-1,48,2300.60124429443,-1,-1
1621592787114,1621592787154,40,3,136,7156.50166561046,-4431,114
1621592787374,1621592787404,30,1,56,4193.46105644719,-2646,78
1621592787454,1621592787474,20,0,48,1977.51043710634,-1484,217
1621592787813,1621592787833,20,0,43,2253.61287486324,-1,209
1621592788133,1621592788153,20,1,149,10743.9810060639,-1,106
1621592788253,1621592788283,30,0,62,1462.01997822324,-3140,22
1621592788423,1621592788443,20,0,38,2172.93946090141,-712,71
1621592788453,1621592788463,10,-1,30,710.23262152553,-1,-1
1621592788573,1621592788583,10,-1,34,1255.99044277367,-1,-1
1621592788603,1621592788613,10,-1,42,1288.27464579936,-1,-1
1621592788673,1621592788683,10,-1,47,-1.0,-1,-1
1621592788873,1621592788903,30,1,89,3961.22542653998,-1,57
1621592789043,1621592789063,20,0,37,1273.12019490387,-1,82
1621592789253,1621592789263,10,-1,38,2778.91540133711,-1,-1
1621592789972,1621592790032,60,7,381,19386.9627678067,-7460,271
1621592790232,1621592790262,30,3,158,7586.21429688425,-6673,295
1621592790302,1621592790322,20,0,38,1922.82496604429,-1,116
1621592790382,1621592790392,10,-1,170,-1.0,-1,-1
1621592790492,1621592790502,10,-1,59,-1.0,-1,-1
1621592790512,1621592790632,120,5,127,8612.63636510759,-3099,271
1621592790712,1621592790722,10,-1,33,2195.83685351839,-1,-1
1621592791101,1621592791131,30,1,87,5650.21436267722,-3099,283
1621592791201,1621592791241,40,10,924,48707.4372042999,-1,47
1621592791341,1621592791391,50,8,651,7662.68173681148,-48237,258
1621592792071,1621592792091,20,2,397,24551.5947324198,-1,82
1621592792191,1621592792251,60,4,339,2019.9442653655,-28222,255
1621592792311,1621592792331,20,0,38,-1.0,-513,270
1621592792611,1621592792631,20,0,51,-1.0,-2068,270
1621592793090,1621592793100,10,-1,33,2152.12411340958,-1,-1
1621592793210,1621592793220,10,-1,52,3390.72096709298,-1,-1
1621592793340,1621592793360,20,4,429,20906.6988136387,-1,100
1621592793450,1621592793510,60,5,160,5649.62934879588,-5182,270
1621592793520,1621592793530,10,-1,33,1480.27347272556,-1,-1
1621592793670,1621592793680,10,-1,31,2780.17808671442,-1,-1
1621592793740,1621592793800,60,4,367,19657.7238820928,-531,80
1621592793910,1621592793970,60,3,121,2050.33858717697,-3935,286
1621592794040,1621592794050,10,-1,33,-1.0,-1,-1
1621592794060,1621592794110,50,14,546,26310.8149688833,-12097,262
1621592794829,1621592794869,40,4,328,11716.5278631899,-22802,249
1621592794879,1621592794919,40,1,237,22778.746165712,-18120,84
1621592794979,1621592794989,10,-1,528,51109.0370114471,-1,-1
1621592795089,1621592795119,30,3,218,9188.6183230444,-1,254
1621592795179,1621592795229,50,1,38,281.431648214157,-362,266
1621592795239,1621592795249,10,-1,31,248.372856969681,-1,-1
1621592795279,1621592795289,10,-1,31,2612.57977537921,-1,-1
1621592795389,1621592795459,70,7,219,8517.86074768269,-11628,261
1621592795559,1621592795569,10,-1,1015,-1.0,-1,-1
1621592795689,1621592795759,70,8,493,17949.5717746154,-36933,31
1621592795779,1621592795789,10,-1,43,1364.00078871111,-1,-1
1621592795988,1621592796028,40,5,213,12316.1625586382,-12453,142
1621592796318,1621592796378,60,3,83,2384.97134971607,-3658,263
1621592796398,1621592796468,70,2,60,1815.05629476194,-1632,258
1621592796708,1621592796718,10,-1,48,-1.0,-1,-1
1621592796908,1621592796918,10,-1,35,1647.52628585879,-1,-1
1621592797158,1621592797178,20,4,382,30356.0351518786,-1,72
1621592797358,1621592797398,40,6,667,2224.20453865521,-32552,90
1621592797458,1621592797498,40,1,37,1532.23599827683,-521,311
1621592797537,1621592797577,40,7,301,16069.3282552671,-14910,153
1621592797627,1621592797637,10,-1,41,1938.15464128106,-1,-1
1621592797757,1621592797767,10,-1,81,5582.11824334822,-1,-1
1621592797907,1621592797917,10,-1,34,1857.77453713519,-1,-1
1621592797997,1621592798047,50,10,394,19159.7360595604,-7726,354
1621592798257,1621592798267,10,-1,37,-1.0,-1,-1
1621592798347,1621592798357,10,-1,34,2551.87836461289,-1,-1
1621592798407,1621592798457,50,4,296,19853.5813706323,-16393,67
1621592798677,1621592798727,50,1,235,22620.0280269644,-16995,226
1621592798827,1621592798837,10,-1,58,3692.78268504699,-1,-1
1621592799186,1621592799236,50,13,493,10476.9361149759,-28105,224
1621592799376,1621592799396,20,7,1057,-1.0,-48272,193
1621592799456,1621592799476,20,0,210,-1.0,-16520,263
1621592799486,1621592799516,30,3,181,14209.4716362328,-11337,222
1621592799666,1621592799696,30,2,150,7571.27583234428,-1,294
1621592799946,1621592799976,30,2,122,7821.22557406749,-4004,95
1621592800056,1621592800076,20,0,84,2054.06495995727,-1,85
1621592800166,1621592800276,110,1,191,8700.42941659175,-2915,164
1621592800366,1621592800416,50,20,1781,-1.0,-86466,208
1621592800476,1621592800526,50,3,148,-1.0,-5672,279
1621592800556,1621592800576,20,0,44,2268.03499549566,-951,286
1621592800606,1621592800616,10,-1,33,367.559621335153,-1,-1
1621592800626,1621592800636,10,-1,36,2744.82358439308,-1,-1
1621592800955,1621592801025,70,2,172,8402.57578919161,-12848,310
1621592801205,1621592801215,10,-1,34,3094.32460529379,-1,-1
1621592801275,1621592801295,20,0,60,-1.0,-1033,298
1621592801315,1621592801335,20,0,46,3355.28689043059,-706,65
1621592801485,1621592801495,10,-1,51,2792.60619594926,-1,-1
1621592801505,1621592801525,20,0,34,1277.25145829883,-222,203
1621592801535,1621592801585,50,1,59,1690.2642956755,-1356,204
1621592801635,1621592801645,10,-1,90,7009.79675192611,-1,-1
1621592803064,1621592803164,100,10,2372,44134.4921197148,-176908,135
1621592803174,1621592803204,30,2,130,6719.53991204995,-1277,82
1621592803324,1621592803384,60,2,80,5355.92457007505,-3448,268
1621592803394,1621592803414,20,0,52,4720.23415730248,-1477,131
1621592803444,1621592803454,10,-1,34,913.730337190501,-1,-1
1621592803474,1621592803484,10,-1,31,1037.76456305808,-1,-1
1621592803644,1621592803654,10,-1,35,929.373289468707,-1,-1
1621592803744,1621592803764,20,0,114,-1.0,-6381,86
1621592803824,1621592803834,10,-1,34,1069.25431868501,-1,-1
1621592803874,1621592803884,10,-1,32,1023.92511345741,-1,-1
1621592804024,1621592804034,10,-1,43,-1.0,-1,-1
1621592804073,1621592804083,9,-1,30,656.294697977409,-1,-1
1621592804093,1621592804113,20,0,60,2880.1077564911,-1,291
1621592804333,1621592804383,50,2,220,9050.67009804597,-1,9
1621592804443,1621592804533,90,7,199,1091.35536085823,-4866,230
1621592804593,1621592804653,60,2,61,719.949670092196,-1856,256
1621592804963,1621592805053,90,48,1654,78171.1063470201,-61796,42
1621592805123,1621592805203,80,3,190,13650.857849426,-13823,266
1621592805213,1621592805233,20,6,640,32315.4738149495,-1,79
1621592805353,1621592805453,100,1,245,2188.66746226105,-20407,264
1621592805523,1621592805533,10,-1,38,-1.0,-1,-1
1621592805613,1621592805633,20,0,77,4566.36281311817,-1,170
1621592805912,1621592805942,30,1,61,-1.0,-2842,277
1621592806192,1621592806222,30,1,62,-1.0,-1697,293
1621592806282,1621592806292,10,-1,37,1858.36019879095,-1,-1
1621592806312,1621592806322,10,-1,39,1296.25200126591,-1,-1
1621592806392,1621592806412,20,0,45,1734.86709967842,-1317,286
1621592806492,1621592806502,10,-1,45,-1.0,-1,-1
1621592806762,1621592806782,20,0,39,985.092646879707,-1,135
1621592807152,1621592807162,10,-1,210,-1.0,-1,-1
1621592807242,1621592807262,20,1,71,4349.8353357922,-146,85
1621592807641,1621592807661,20,0,59,-1.0,-1391,94
1621592807701,1621592807721,20,0,88,5407.84004119165,-1,77
1621592807821,1621592807861,40,26,1023,2830.48727857208,-39625,220
1621592807961,1621592807991,30,3,666,-1.0,-48691,236
1621592808011,1621592808021,10,-1,42,1690.22223333493,-1,-1
1621592808051,1621592808081,30,1,51,2843.19857925627,-1888,138
1621592808111,1621592808131,20,0,36,2401.62410927,-210,111
1621592808141,1621592808151,10,-1,40,1534.85997202243,-1,-1
1621592808341,1621592808371,30,0,33,94.2072103296127,-44,67
1621592808421,1621592808431,10,-1,38,2276.58322481302,-1,-1
1621592808541,1621592808571,30,0,39,1088.19747556294,-1,90
1621592808631,1621592808671,40,6,390,-1.0,-18462,49
1621592809040,1621592809100,60,0,255,9271.78725547903,-4757,236
1621592809220,1621592809250,30,6,263,7507.90187752444,-1406,241
1621592809610,1621592809650,40,1,321,4385.8405586986,-5151,249
1621592809670,1621592809700,30,3,179,15375.5743399717,-12694,62
1621592809940,1621592809970,30,0,266,22548.6267707538,-1,71
1621592810040,1621592810050,10,-1,260,-1.0,-1,-1
1621592810210,1621592810250,40,1,90,-1.0,-4378,164
1621592810470,1621592810510,40,7,521,-1.0,-21486,70
1621592810669,1621592810699,30,0,741,-1.0,-70022,94
1621592810709,1621592810739,30,1,92,6667.47968362982,-6166,277
1621592810779,1621592810919,140,11,483,23991.8166251668,-32549,79
1621592810979,1621592810989,10,-1,72,-1.0,-1,-1
1621592811019,1621592811099,80,3,52,2460.51744271287,-1449,240
1621592811119,1621592811159,40,1,43,1805.69979473486,-854,221
1621592811169,1621592811179,10,-1,31,251.574016273368,-1,-1
1621592811189,1621592811199,10,-1,100,7924.86208231716,-1,-1
1621592811259,1621592811279,20,0,109,-1.0,-7835,275
1621592811309,1621592811329,20,0,69,3600.43590791304,-1,80
1621592811409,1621592811449,40,2,131,3502.32590941928,-7447,242
1621592811559,1621592811569,10,-1,32,-1.0,-1,-1
1621592811829,1621592811869,40,7,354,-1.0,-13544,12
1621592811939,1621592811969,30,1,79,2656.87363147682,-1,120
1621592812099,1621592812129,30,2,110,8477.11696029666,-3887,245
1621592812238,1621592812248,10,-1,46,-1.0,-1,-1
1621592812278,1621592812308,30,6,379,20440.546993881,-1,34
1621592812398,1621592812418,20,0,66,3868.06425940945,-1580,183
1621592812428,1621592812468,40,1,56,1915.96660517882,-1,235
1621592812528,1621592812548,20,1,218,-1.0,-12780,3
1621592812568,1621592812798,230,10,358,18734.9896424401,-9875,31
1621592812818,1621592812858,40,1,52,1430.03529218836,-1256,214
1621592812958,1621592812998,40,1,236,16988.8508414595,-983,49
1621592813058,1621592813118,60,2,162,1359.04393090212,-9544,284
1621592813248,1621592813258,10,-1,51,-1.0,-1,-1
1621592813268,1621592813288,20,13,1246,63406.7272931909,-1,151
1621592813378,1621592813428,50,6,360,-1.0,-17076,239
1621592813438,1621592813468,30,1,52,1807.62643434386,-1,358
1621592813658,1621592813688,30,1,78,736.985078254328,-3855,227
1621592813738,1621592813748,10,-1,30,2003.74456496435,-1,-1
1621592813857,1621592813887,29,15,873,11773.1400442492,-1,211
1621592814097,1621592814137,40,5,224,12074.5119264452,-12254,224
1621592814387,1621592814417,30,2,235,9691.45086370287,-1,168
1621592814527,1621592814547,20,3,288,15746.4023929594,-1,68
1621592814617,1621592814727,110,13,874,494.114514003729,-63927,193
1621592814807,1621592814867,60,10,439,36435.0105633031,-27252,149
1621592815417,1621592815447,30,5,381,18985.117217626,-1,335
1621592815686,1621592815836,150,13,1165,54867.5518285505,-60398,315
1621592816756,1621592816846,90,7,252,11506.1046253352,-12003,103
1621592816976,1621592816986,10,-1,31,1952.81775109158,-1,-1
1621592817185,1621592817225,40,1,69,3053.67236764151,-2078,266
1621592817635,1621592817645,10,-1,240,-1.0,-1,-1
1621592817915,1621592817975,60,5,175,5674.51237926527,-9784,197
1621592817995,1621592818055,60,0,49,2461.29976936078,-1489,246
1621592818115,1621592818135,20,0,111,8074.34720909885,-1,61
1621592818205,1621592818265,60,3,635,36871.3391161858,-620,286
1621592818325,1621592818375,50,2,353,14609.5030887649,-30550,290
1621592818525,1621592818535,10,-1,74,6387.86923861785,-1,-1
1621592818615,1621592818635,20,4,251,680.140002052002,-1,291
1621592818695,1621592818715,20,1,88,-1.0,-3109,103
1621592818744,1621592818764,20,0,94,5852.48360474968,-1,105
1621592818944,1621592818954,10,-1,87,-1.0,-1,-1
1621592819094,1621592819104,10,-1,43,2094.845204643,-1,-1
1621592819214,1621592819234,20,1,243,-1.0,-7677,40
1621592819374,1621592819384,10,-1,96,6981.13183012655,-1,-1
1621592819994,1621592820074,80,12,926,11108.0806010257,-70203,198
1621592820144,1621592820194,50,4,597,56457.0098329645,-38100,278
1621592820284,1621592820314,30,1,1019,-1.0,-96185,329
1621592820324,1621592820334,10,-1,43,1618.23121599123,-1,-1
1621592820393,1621592820403,10,-1,54,-1.0,-1,-1
1621592820593,1621592820613,20,0,98,4908.30331338177,-1,163
1621592820713,1621592820723,10,-1,36,1450.23527731021,-1,-1
1621592820843,1621592820873,30,2,113,5351.10003270415,-1,267
1621592821033,1621592821053,20,1,137,8036.6303828565,-1,180
1621592821463,1621592821513,50,12,390,17709.9265957277,-1,276
1621592821573,1621592821583,10,-1,60,-1.0,-1,-1
1621592821743,1621592821763,20,0,65,3584.2952776545,-37,311
1621592821843,1621592821853,10,-1,166,-1.0,-1,-1
1621592821863,1621592821883,20,1,107,8322.5631834919,-1,90
1621592822142,1621592822162,20,0,35,1224.55272108987,-1,92
1621592822172,1621592822182,10,-1,42,3307.4014169003,-1,-1
1621592822282,1621592822292,10,-1,31,579.538909777863,-1,-1
1621592822522,1621592822552,30,3,140,6907.81407930845,-1,86
1621592822712,1621592822722,10,-1,59,-1.0,-1,-1
1621592822822,1621592822872,50,8,316,19675.9634447514,-19912,20
1621592823022,1621592823052,30,6,320,15842.1607606699,-1,94
1621592823112,1621592823132,20,1,352,-1.0,-27434,99
1621592823272,1621592823312,40,4,162,8843.64239600151,-8299,135
1621592823432,1621592823442,10,-1,48,2291.64560536893,-1,-1
1621592823552,1621592823592,40,4,208,8876.30641237802,-14304,255
1621592823602,1621592823631,29,0,43,2112.89388056544,-958,310
1621592823811,1621592823881,70,2,69,2822.2252562626,-1981,244
1621592823891,1621592823901,10,-1,32,505.158838416009,-1,-1
1621592824011,1621592824021,10,-1,34,2652.52213039265,-1,-1
1621592824031,1621592824041,10,-1,32,1914.16748468271,-1,-1
1621592824191,1621592824221,30,3,165,7171.03301387535,-170,72
1621592824391,1621592824421,30,1,278,18392.2013251506,-2748,74
1621592824531,1621592824621,90,11,282,2924.0044795798,-10901,271
1621592824731,1621592824751,20,0,72,2837.84802617888,-1,278
1621592824811,1621592824821,10,-1,33,-1.0,-1,-1
1621592824841,1621592824871,30,0,43,1511.45577874756,-469,263
1621592824881,1621592824901,20,2,224,10747.6026931132,-1,355
1621592824961,1621592825001,40,0,60,2886.67391429264,-1211,315
1621592825091,1621592825101,10,-1,32,-1.0,-1,-1
1621592825161,1621592825171,10,-1,32,2173.36705984581,-1,-1
1621592825250,1621592825261,10,-1,309,-1.0,-1,-1
1621592825380,1621592825400,20,0,61,-1.0,-3037,265
1621592825650,1621592825680,30,0,39,1261.77794351239,-9,253
1621592825720,1621592825730,10,-1,43,2342.84500901518,-1,-1
1621592825790,1621592825860,70,1,73,1744.51799444196,-3112,91
1621592826120,1621592826140,20,0,151,-1.0,-11317,255
1621592826180,1621592826190,10,-1,30,845.88130503433,-1,-1
1621592826220,1621592826280,60,4,94,5011.22922580547,-2820,284
1621592826700,1621592826740,40,1,67,3321.25602890961,-728,93
1621592826750,1621592826770,20,0,30,216.834106054069,-1,191
1621592826820,1621592826840,20,0,57,3280.60226716002,-1,86
1621592826850,1621592826860,10,-1,67,4115.84462451057,-1,-1
1621592826939,1621592826959,20,1,191,-1.0,-11081,88
1621592826999,1621592827019,20,0,40,1042.02482135068,-1,110
1621592827099,1621592827139,40,3,143,5881.77767927977,-6394,190
1621592827159,1621592827169,10,-1,41,1858.7439071089,-1,-1
1621592827259,1621592827269,10,-1,46,2063.23422551736,-1,-1
1621592827369,1621592827409,40,4,191,13559.0785396946,-13208,31
1621592827689,1621592827709,20,0,32,1708.86628476246,-177,229
1621592827719,1621592827769,50,2,76,3684.54866510536,-1306,303
1621592828059,1621592828109,50,4,298,5162.96318519269,-20875,245
1621592828269,1621592828279,10,-1,30,702.009839608643,-1,-1
1621592828339,1621592828349,10,-1,55,-1.0,-1,-1
1621592829218,1621592829238,20,12,1226,-1.0,-58907,202
1621592829248,1621592829318,70,10,319,12409.4491029046,-22823,276
1621592830048,1621592830068,20,0,79,4825.58190734625,-1,111
1621592830217,1621592830237,20,0,68,-1.0,-574,315
1621592830327,1621592830337,10,-1,34,2448.74746788726,-1,-1
1621592830507,1621592830547,40,2,87,2909.883450966,-23,190
1621592830637,1621592830647,10,-1,36,1230.89562104661,-1,-1
1621592830727,1621592830747,20,0,56,23.7883383704897,-1,93
1621592830757,1621592830767,10,-1,43,2106.01274414026,-1,-1
1621592830867,1621592830907,40,3,129,5314.98106122558,-5799,34
1621592830977,1621592830997,20,4,499,21930.0423168485,-1,75
1621592831117,1621592831177,60,5,124,354.349248821909,-6653,252
1621592831477,1621592831507,30,1,74,4473.91294704332,-3551,261
1621592831707,1621592831747,40,3,164,7020.98360643911,-7072,119
1621592831896,1621592831936,40,7,235,13794.8640876048,-1,114
1621592832096,1621592832116,20,1,127,-1.0,-3462,85
1621592832136,1621592832156,20,1,115,7126.39842280502,-1,263
1621592832706,1621592832716,10,-1,31,-1.0,-1,-1
1621592832826,1621592832856,30,0,33,1250.29613820495,-1,87
1621592832946,1621592832966,20,0,31,-1.0,-1,202
1621592833106,1621592833136,30,0,49,-1.0,-1408,329
1621592833296,1621592833336,40,2,91,6628.04236454848,-2292,355
1621592833395,1621592833406,10,-1,33,-1.0,-1,-1
1621592833425,1621592833435,10,-1,53,3249.09365083165,-1,-1
1621592833695,1621592833725,30,1,62,3113.71018791803,-903,131
1621592833805,1621592833845,40,1,543,49872.2395416257,-1,74
1621592833955,1621592834035,80,3,265,1320.57409065576,-15051,259
1621592834135,1621592834145,10,-1,31,2002.97160538117,-1,-1
1621592834305,1621592834385,80,2,69,2052.49185899555,-2415,42
1621592834395,1621592834405,10,-1,41,2542.92694865416,-1,-1
1621592834625,1621592834665,40,3,325,17326.3767695469,-1,81
1621592834725,1621592834845,120,9,159,6924.74152024135,-5206,266
1621592835024,1621592835034,10,-1,68,-1.0,-1,-1
1621592835174,1621592835194,20,0,56,-1.0,-1,211
1621592835594,1621592835634,40,2,75,2954.92383962434,-4272,131
1621592835714,1621592835734,20,8,994,56908.8625575627,-1,117
1621592835864,1621592835894,30,1,106,-1.0,-5637,311
1621592836144,1621592836164,20,1,131,-1.0,-7085,291
1621592836544,1621592836554,10,-1,42,-1.0,-1,-1
1621592836564,1621592836574,10,-1,36,1313.45798533056,-1,-1
1621592836604,1621592836663,59,2,86,4521.29130417219,-1637,46
1621592836823,1621592836833,10,-1,31,-1.0,-1,-1
1621592836993,1621592837053,60,6,219,834.516354298853,-5640,265
1621592837113,1621592837123,10,-1,31,-1.0,-1,-1
1621592837143,1621592837163,20,0,42,2646.45324395703,-1,170
1621592837293,1621592837303,10,-1,86,-1.0,-1,-1
1621592837443,1621592837453,10,-1,61,5332.8871132325,-1,-1
1621592837723,1621592837743,20,0,78,3724.90628875787,-1,282
1621592837813,1621592837873,60,4,144,2974.02269809945,-6710,243
1621592837963,1621592837973,10,-1,51,-1.0,-1,-1
1621592838103,1621592838133,30,0,36,2193.64209734047,-74,254
1621592838312,1621592838332,20,0,45,3745.46633898304,-849,126
1621592838552,1621592838562,10,-1,34,2559.23299935169,-1,-1
1621592838642,1621592838652,10,-1,68,-1.0,-1,-1
1621592838782,1621592838812,30,9,637,36733.5387049443,-1,76
1621592838992,1621592839042,50,6,356,15065.6756309446,-31208,198
1621592839142,1621592839182,40,1,49,3041.50035230975,-1446,122
1621592839452,1621592839482,30,0,57,3891.189765448,-2339,10
1621592839572,1621592839592,20,0,373,33668.4233308291,-1,102
1621592839722,1621592839732,10,-1,30,-1.0,-1,-1
1621592839782,1621592839812,30,2,148,10766.466443261,-10809,221
1621592839832,1621592839852,20,0,49,2379.9402995877,-1,282
1621592839922,1621592839931,9,-1,47,3470.73116575748,-1,-1
1621592840481,1621592840501,20,1,191,12313.0233529047,-1,10
1621592840641,1621592840651,10,-1,34,1641.06674058876,-1,-1
1621592840741,1621592840781,40,3,118,7611.08684151914,-4971,153
1621592840901,1621592840911,10,-1,31,1480.65997832339,-1,-1
1621592840991,1621592841021,30,1,53,1349.96062950535,-736,163
1621592841291,1621592841331,40,3,124,7876.34021241977,-6795,263
1621592841411,1621592841431,20,3,379,19627.5927840929,-1,92
1621592841511,1621592841580,69,5,131,92.9334268986427,-3291,275
1621592841590,1621592841600,10,-1,37,2204.15988525972,-1,-1
1621592841750,1621592841780,30,1,53,1645.80599666752,-6,119
1621592842140,1621592842150,10,-1,57,4790.95190824944,-1,-1
1621592842160,1621592842170,10,-1,54,3117.47991204304,-1,-1
1621592842360,1621592842410,50,1,64,1184.02300845323,-3260,275
1621592842560,1621592842570,10,-1,32,1136.20829245159,-1,-1
1621592842680,1621592842690,10,-1,33,-1.0,-1,-1
1621592842790,1621592842850,60,5,131,4976.29553086982,-6834,18
1621592843030,1621592843040,10,-1,44,2372.35030239594,-1,-1
1621592843100,1621592843120,20,1,222,13663.3944421607,-1,82
1621592843289,1621592843319,30,0,86,1732.5769204089,-4316,237
1621592843489,1621592843499,10,-1,33,2301.55399898563,-1,-1
1621592843579,1621592843589,10,-1,46,-1.0,-1,-1
1621592843629,1621592843649,20,0,72,3011.35331063669,-1,75
1621592843759,1621592843779,20,0,111,-1.0,-4304,0
1621592843859,1621592843869,10,-1,51,-1.0,-1,-1
1621592844189,1621592844219,30,1,49,2854.12649887096,-1819,21
1621592844469,1621592844489,20,1,92,7426.87846122142,-1,229
1621592844559,1621592844569,10,-1,51,-1.0,-1,-1
1621592844759,1621592844769,10,-1,53,2808.11266801172,-1,-1
1621592845118,1621592845128,10,-1,41,2300.9415540962,-1,-1
1621592845208,1621592845228,20,0,53,2.14826493302951,-1,352
1621592845248,1621592845318,70,5,124,4803.9305078533,-4414,265
1621592845438,1621592845508,70,6,150,6703.96829777718,-3938,262
1621592845538,1621592845548,10,-1,40,1068.58343411222,-1,-1
1621592845898,1621592845918,20,1,196,13216.6938179548,-1,333
1621592846268,1621592846298,30,3,183,9843.68267246392,-8546,208
1621592846408,1621592846438,30,0,45,1196.04092888884,-151,6
1621592846557,1621592846567,10,-1,1174,-1.0,-1,-1
1621592846677,1621592846737,60,4,233,526.175272341644,-11822,262
1621592846977,1621592846987,10,-1,44,-1.0,-1,-1
1621592847017,1621592847027,10,-1,38,2532.132418245,-1,-1
1621592847037,1621592847047,10,-1,31,1825.0089897231,-1,-1
1621592847167,1621592847177,10,-1,31,1423.5248413726,-1,-1
1621592847197,1621592847207,10,-1,41,1963.68292692445,-1,-1
1621592847297,1621592847317,20,1,121,6137.25121754008,-1,150
1621592847397,1621592847407,10,-1,59,-1.0,-1,-1
1621592847447,1621592847467,20,2,353,22415.4305613571,-1,78
1621592847567,1621592847597,30,2,155,5723.36994806409,-1766,253
1621592847697,1621592847737,40,2,118,-1.0,-2318,270
1621592847877,1621592847897,20,0,70,3670.180522602,-1,75
1621592848126,1621592848146,20,9,816,44958.5841128478,-1,91
1621592848236,1621592848276,40,5,273,8475.41088016017,-7194,288
1621592848356,1621592848406,50,3,242,1877.76638214587,-13098,268
1621592848416,1621592848426,10,-1,30,219.289300004535,-1,-1
1621592848686,1621592848696,10,-1,91,7302.15387514119,-1,-1
1621592848836,1621592848846,10,-1,44,2071.9632728469,-1,-1
1621592848906,1621592848926,20,0,39,-1.0,-335,345
1621592848946,1621592848956,10,-1,36,1105.77803881567,-1,-1
1621592849256,1621592849266,10,-1,35,1782.69259814797,-1,-1
1621592849326,1621592849406,80,3,359,19328.1607834135,-30215,55
1621592849496,1621592849546,50,11,535,365.657896433885,-22839,266
1621592849646,1621592849666,20,0,65,-1.0,-2434,225
1621592849915,1621592849935,20,0,32,931.652961598667,-4,261
1621592850115,1621592850135,20,5,562,-1.0,-21651,175
1621592850205,1621592850235,30,2,102,4250.53181521781,-1278,243
1621592850365,1621592850415,50,3,189,7829.00584316064,-10211,296
1621592850475,1621592850495,20,1,192,-1.0,-13365,236
1621592850525,1621592850545,20,0,33,1419.5451406071,-3,297
1621592850755,1621592850785,30,2,178,-1.0,-7579,270
1621592850795,1621592850805,10,-1,34,1230.02778478752,-1,-1
1621592850815,1621592850835,20,1,321,23683.3691369589,-1,83
1621592851045,1621592851085,40,3,380,-1.0,-22890,239
1621592851195,1621592851255,60,4,103,5730.26249364733,-3645,112
1621592851334,1621592851344,10,-1,33,2197.75283156237,-1,-1
1621592851354,1621592851404,50,9,890,48854.2253862562,-1765,53
1621592851474,1621592851534,60,22,1428,1639.28457094766,-65847,299
1621592851604,1621592851654,50,1,259,-1.0,-21841,282
1621592851784,1621592851814,30,1,63,2966.36697437274,-15,241
1621592851894,1621592851904,10,-1,68,-1.0,-1,-1
1621592852344,1621592852374,30,1,93,5428.97062211048,-5071,256
1621592852454,1621592852464,10,-1,136,13454.8622423998,-1,-1
1621592852624,1621592852674,50,0,74,2328.57073546413,-2982,10
1621592853013,1621592853053,40,5,207,11304.8596507701,-12532,126
1621592853173,1621592853193,20,0,49,1151.67287662364,-1,66
1621592853273,1621592853313,40,4,212,-1.0,-7876,283
1621592853443,1621592853453,10,-1,33,521.098342088606,-1,-1
1621592853813,1621592853853,40,1,153,5704.10189139978,-1,254
1621592853863,1621592853883,20,0,40,2355.62560293524,-1,247
1621592854113,1621592854143,30,1,104,4891.09793707997,-1,88
1621592854233,1621592854323,90,11,193,4557.82674369725,-6679,267
1621592854513,1621592854523,10,-1,356,-1.0,-1,-1
1621592854533,1621592854602,69,7,220,20737.8522348314,-5350,263
1621592854612,1621592854622,10,-1,33,787.931360681706,-1,-1
1621592854712,1621592854762,50,4,156,9392.53655546834,-9363,70
1621592854972,1621592855002,30,3,295,-1.0,-13863,266
1621592855102,1621592855122,20,3,315,17832.9265079979,-1,81
1621592855262,1621592855302,40,4,372,-1.0,-17573,240
1621592855522,1621592855552,30,1,88,5434.35483927473,-4882,316
1621592855852,1621592855872,20,0,61,4589.97878346198,-250,176
1621592855962,1621592855982,20,5,550,26889.8631883191,-1,86
1621592856082,1621592856152,70,7,181,10092.4961912973,-5470,269
1621592856241,1621592856281,40,7,315,19525.7832255948,-17501,82
1621592856401,1621592856431,30,1,68,3772.85626239899,-1,227
1621592856581,1621592856601,20,3,348,19246.427583926,-1,289
1621592856681,1621592856721,40,0,69,2947.11897397532,-1399,308
1621592856831,1621592856911,80,15,549,7781.2741312883,-23497,299
1621592856971,1621592857001,30,1,51,816.531049732713,-11,287
1621592857121,1621592857151,30,3,352,-1.0,-17581,88
1621592857271,1621592857481,210,11,384,18754.8450982703,-24331,264
1621592857791,1621592857811,20,0,92,-1.0,-4982,243
1621592857940,1621592857950,10,-1,499,-1.0,-1,-1
1621592858100,1621592858180,80,0,117,7599.86865941894,-5120,18
1621592858240,1621592858250,10,-1,34,-1.0,-1,-1
1621592858550,1621592858600,50,11,394,17469.1176342217,-17699,78
1621592858710,1621592858730,20,1,218,13081.7215264731,-1,86
1621592858830,1621592858860,30,5,261,11454.3393857023,-12042,275
1621592858880,1621592858900,20,1,158,8383.65106706995,-1,266
1621592858980,1621592859000,20,3,298,15930.1972519512,-1,85
1621592859100,1621592859180,80,9,220,10761.2402130734,-6836,263
1621592859290,1621592859350,60,7,262,11762.0831429994,-10538,248
1621592859440,1621592859450,10,-1,32,2242.01591078583,-1,-1
1621592859879,1621592859919,40,1,82,5488.79425348282,-3149,333
1621592860229,1621592860279,50,18,1561,78048.2312612539,-1,38
1621592860339,1621592860479,140,13,274,10468.5514352514,-20453,279
1621592860829,1621592860849,20,1,293,20523.4692757928,-1,25
1621592860979,1621592861009,30,3,177,-1.0,-9937,258
1621592861029,1621592861049,20,0,51,2436.89029357688,-1,48
1621592861228,1621592861248,20,1,66,4162.4708737836,-1,255
1621592861328,1621592861348,20,1,65,3901.64942510312,-784,58
1621592861478,1621592861488,10,-1,149,-1.0,-1,-1
1621592861588,1621592861668,80,6,422,9593.29443825984,-34461,85
1621592861748,1621592861778,30,8,660,36059.8461760713,-1,89
1621592861878,1621592861938,60,8,447,12676.9891441886,-32265,211
1621592862178,1621592862188,10,-1,34,-1.0,-1,-1
1621592862198,1621592862218,20,0,62,3889.35530772788,-2080,292
1621592862268,1621592862288,20,0,40,2235.85754329786,-1,48
1621592862528,1621592862548,20,0,39,2901.9683281162,-958,251
1621592862568,1621592862628,60,12,455,24798.4572234204,-18895,73
1621592862777,1621592862837,60,6,164,1354.35126742124,-3675,114
1621592862917,1621592862957,40,5,534,-1.0,-28742,217
1621592863157,1621592863177,20,9,989,20832.8273950675,-1,94
1621592863337,1621592863367,30,17,870,65552.5077228893,-1,191
1621592863427,1621592863447,20,0,881,-1.0,-82894,296
1621592863507,1621592863537,30,1,72,4018.91682907398,-2186,77
1621592863647,1621592863677,30,1,88,4526.98672555527,-3849,119
1621592863697,1621592863737,40,3,211,8089.53187259481,-1,98
1621592863807,1621592863837,30,1,71,3754.75516322387,-21,102
1621592863847,1621592863907,60,5,129,9369.70762335835,-3126,274
1621592864366,1621592864416,49,3,127,3580.91725944644,-24,70
1621592864546,1621592864566,20,5,292,27806.9145985098,-1,269
1621592864586,1621592864616,30,2,127,6197.61191053964,-8489,257
1621592864766,1621592864776,10,-1,34,2882.47928618865,-1,-1
1621592864886,1621592864916,30,1,80,2719.88222554914,-3898,95
1621592865136,1621592865176,40,2,113,3915.5466965069,-387,163
1621592865286,1621592865296,10,-1,38,2060.21251885878,-1,-1
1621592865306,1621592865346,40,1,99,4485.7426515089,-175,86
1621592865446,1621592865456,10,-1,57,-1.0,-1,-1
1621592865466,1621592865556,90,6,125,6693.65377539259,-4289,252
1621592865566,1621592865576,10,-1,31,1021.70257097299,-1,-1
1621592865806,1621592865826,20,0,67,4256.64900859852,-1,162
1621592865975,1621592865996,21,1,157,6738.48449924448,-1,85
1621592866085,1621592866165,80,11,345,11451.1835279678,-14661,267
1621592866185,1621592866195,10,-1,32,1378.12510582271,-1,-1
1621592866445,1621592866475,30,1,50,3626.7757139365,-1976,130
1621592866885,1621592866905,20,2,212,11906.1929475349,-1,91
1621592866995,1621592867095,100,26,800,29893.9753226392,-39438,322
1621592867155,1621592867165,10,-1,856,-1.0,-1,-1
1621592867195,1621592867215,20,0,42,3132.88094090094,-1,230
1621592867305,1621592867345,40,3,136,5973.40974391714,-5095,231
1621592867854,1621592867864,10,-1,447,-1.0,-1,-1
1621592867924,1621592867944,20,0,88,3462.26083342431,-1,270
1621592868044,1621592868134,90,26,1826,90305.6641866198,-17224,36
1621592868274,1621592868324,50,3,191,5976.75303698053,-14487,222
1621592868414,1621592868454,40,8,442,18846.8930745328,-1,58
1621592868554,1621592868564,10,-1,59,-1.0,-1,-1
1621592868804,1621592868814,10,-1,53,-1.0,-1,-1
1621592868874,1621592868894,20,0,52,3183.94725661987,-1,109
1621592869154,1621592869194,40,1,352,3.14948656387486,-26184,323
1621592869214,1621592869234,20,0,59,4384.2813133998,-1,76
1621592869343,1621592869353,10,-1,36,795.373451427191,-1,-1
1621592869693,1621592869753,60,4,146,7095.75702450387,-7177,99
1621592869813,1621592869833,20,2,374,15671.3933262323,-1,82
1621592869943,1621592870013,70,6,155,3041.53916249006,-3708,261
1621592870023,1621592870033,10,-1,102,9711.46912062266,-1,-1
1621592870233,1621592870263,30,0,64,3530.35398591152,-2310,262
1621592870383,1621592870423,40,2,86,3590.32346210893,-2959,296
1621592870513,1621592870523,10,-1,40,-1.0,-1,-1
1621592871002,1621592871012,10,-1,50,4861.14473357657,-1,-1
1621592871182,1621592871282,100,18,619,48468.9119895575,-23194,305
1621592871482,1621592871512,30,2,135,7365.85217405885,-3016,106
1621592871772,1621592871822,50,6,380,-1.0,-15581,11
1621592872062,1621592872102,40,3,143,-1.0,-5186,252
1621592872122,1621592872132,10,-1,54,2646.52204650728,-1,-1
1621592872232,1621592872262,30,3,152,7971.31133871378,-4496,257
1621592872272,1621592872282,10,-1,65,5293.44251863365,-1,-1
1621592872342,1621592872352,10,-1,38,-1.0,-1,-1
1621592872821,1621592872841,20,1,182,12379.6550443574,-1,94
1621592872921,1621592872981,60,21,785,8074.2272930967,-34899,220
1621592873041,1621592873051,10,-1,222,-1.0,-1,-1
1621592873131,1621592873211,80,10,227,4389.6358781632,-7566,294
1621592873221,1621592873251,30,4,237,19948.8621205101,-12180,214
1621592873471,1621592873491,20,1,93,4955.83256211973,-1,168
1621592873701,1621592873731,30,10,913,43729.3909996691,-1,111
1621592873811,1621592873911,100,10,304,19065.5834593504,-9637,288
1621592874110,1621592874150,39,2,98,4627.81278566801,-4030,231
1621592874440,1621592874480,40,3,123,6012.14956797078,-6471,46
1621592874570,1621592874590,20,2,203,10545.8274220149,-1,94
1621592874700,1621592874710,10,-1,54,3814.8516034696,-1,-1
1621592874790,1621592874810,20,0,72,-1.0,-2745,261
1621592874820,1621592874840,20,0,36,2570.27629079567,-509,57
1621592874930,1621592875040,110,13,305,1291.00472168909,-7824,306
1621592875120,1621592875130,10,-1,46,2213.75547154891,-1,-1
1621592875190,1621592875220,30,3,189,3603.92230726753,-8679,119
1621592875490,1621592875510,20,3,363,17065.2980303248,-1,90
1621592875600,1621592875680,80,7,243,11701.3458339169,-16042,270
1621592875839,1621592875909,70,9,217,9030.11074596443,-5228,92
1621592875959,1621592875979,20,0,57,2351.94345201208,-1,288
1621592876059,1621592876119,60,1,446,20867.5040352817,-20637,48
1621592876259,1621592876339,80,13,671,441.6333516625,-31421,270
1621592876559,1621592876569,10,-1,31,1303.17166579137,-1,-1
1621592876609,1621592876619,10,-1,35,1077.88037020124,-1,-1
1621592876659,1621592876669,10,-1,43,1745.68173145655,-1,-1
1621592876749,1621592876769,20,0,77,-1.0,-3,96
1621592876779,1621592876839,60,5,1051,70210.5625582363,-1,356
1621592876929,1621592876949,20,2,208,-1.0,-214,351
1621592877009,1621592877059,50,4,330,-1.0,-20291,225
1621592877089,1621592877099,10,-1,32,355.601603261886,-1,-1
1621592877219,1621592877229,10,-1,31,1820.51209819727,-1,-1
1621592877448,1621592877498,50,4,143,7868.20665594329,-5145,202
1621592877578,1621592877598,20,7,1151,75765.1534856601,-1,55
1621592877728,1621592877748,20,3,365,346.796808771762,-1,44
1621592877758,1621592877778,20,1,238,20961.6929946194,-3168,258
1621592877838,1621592877858,20,0,76,-1.0,-3353,257
1621592877868,1621592877908,40,2,93,2908.5152922332,-44,281
1621592878068,1621592878098,30,1,85,4376.70574557848,-1,120
1621592878108,1621592878138,30,1,47,2808.88662649682,-1336,305
1621592878178,1621592878228,50,3,118,7770.66558977089,-5506,78
1621592878378,1621592878428,50,11,417,22069.3922211983,-19785,77
1621592878658,1621592878678,20,2,330,20672.2671176199,-1,72
1621592878778,1621592878898,120,30,1075,50539.0429545028,-50399,231
1621592878908,1621592878928,20,0,131,11335.9434583584,-9959,243
1621592878997,1621592879017,20,0,129,8399.91168084641,-1,263
1621592879077,1621592879167,90,1,341,29438.6572809846,-29964,291
1621592879227,1621592879277,50,0,359,3295.69049660663,-25559,14
1621592879557,1621592879577,20,1,318,21997.0288134675,-1,79
1621592879717,1621592879747,30,3,385,-1.0,-20068,236
1621592880247,1621592880267,20,0,103,7303.48791744561,-1,301
1621592880327,1621592880337,10,-1,32,-1.0,-1,-1
1621592880457,1621592880467,10,-1,33,1269.62645421199,-1,-1
1621592880477,1621592880487,10,-1,112,9294.75162027786,-1,-1
1621592880626,1621592880636,9,-1,115,-1.0,-1,-1
1621592880906,1621592880936,30,2,182,9402.79907421461,-1,58
1621592880996,1621592881006,10,-1,30,-1.0,-1,-1
1621592881156,1621592881166,10,-1,54,2881.78118423297,-1,-1
1621592881346,1621592881386,40,5,262,15743.3780224556,-13124,147
1621592881776,1621592881846,70,5,432,3888.74539361972,-22698,254
1621592881896,1621592881916,20,0,95,6290.48398486357,-1,287
1621592882315,1621592882355,40,6,295,16310.5436564791,-13284,94
1621592882415,1621592882475,60,13,1266,61455.9588097829,-5100,56
1621592882605,1621592882635,30,5,407,-1.0,-20059,254
1621592882665,1621592882685,20,0,43,2429.63413816844,-1,37
1621592882865,1621592882905,40,3,109,4321.49203764858,-6566,212
1621592882995,1621592883005,10,-1,39,-1.0,-1,-1
1621592883035,1621592883045,10,-1,61,4824.88329330453,-1,-1
1621592883385,1621592883435,50,8,289,14378.6885661725,-12651,111
1621592883635,1621592883685,50,7,297,17425.2177546872,-13833,310
1621592883875,1621592883894,19,1,204,-1.0,-5115,118
1621592883904,1621592883934,30,3,185,12765.1951585916,-1,284
1621592884004,1621592884014,10,-1,61,-1.0,-1,-1
1621592884154,1621592884184,30,5,601,31905.8367151307,-1,91
1621592884254,1621592884264,10,-1,304,-1.0,-1,-1
1621592884294,1621592884334,40,5,251,14169.0437829862,-14142,252
1621592884504,1621592884594,90,7,197,10111.8770425971,-13829,265
1621592884884,1621592884944,60,3,89,2515.65106638041,-2746,315
1621592885154,1621592885164,10,-1,849,-1.0,-1,-1
1621592885244,1621592885294,50,7,303,3718.39790731402,-19472,243
1621592885304,1621592885314,10,-1,30,1040.37156934657,-1,-1
1621592885524,1621592885534,10,-1,33,-1.0,-1,-1
1621592885673,1621592885693,20,14,1401,-1.0,-6766,141
1621592885853,1621592885863,10,-1,84,-1.0,-1,-1
1621592886063,1621592886093,30,1,299,-1.0,-21076,251
1621592886463,1621592886473,10,-1,156,-1.0,-1,-1
1621592886643,1621592886653,10,-1,93,8400.40971873672,-1,-1
1621592886713,1621592886783,70,6,340,28507.9943628836,-1,217
1621592887033,1621592887083,50,4,143,8196.45354974092,-758,7
1621592887093,1621592887103,10,-1,100,7377.25511663218,-1,-1
1621592887172,1621592887182,9,-1,33,3400.8387607709,-1,-1
1621592887382,1621592887402,20,1,313,-1.0,-21220,33
1621592887462,1621592887472,10,-1,37,-1.0,-1,-1
1621592887622,1621592887632,10,-1,35,1035.09743427188,-1,-1
1621592887742,1621592887772,30,1,64,2587.2485534044,-2006,223
1621592887792,1621592887832,40,1,52,4428.75888982371,-2096,87
1621592887872,1621592887892,20,0,35,789.459187452441,-1,108
1621592887912,1621592887952,40,1,74,1949.38141441432,-1,114
1621592888012,1621592888022,10,-1,69,-1.0,-1,-1
1621592888112,1621592888132,20,0,41,1368.31350131869,0,9
1621592888182,1621592888202,20,0,40,2108.33067830477,-1,71
1621592888352,1621592888362,10,-1,31,2084.88294755534,-1,-1
1621592888372,1621592888382,10,-1,31,1588.85055403508,-1,-1
1621592888432,1621592888462,30,1,49,1430.66780711953,-1539,258
1621592888901,1621592888911,10,-1,32,923.091929907511,-1,-1
1621592889041,1621592889071,30,4,542,31142.1885236311,-1,79
1621592889161,1621592889231,70,8,178,642.549005652873,-6140,263
1621592889321,1621592889341,20,0,34,361.036672747146,-1,260
1621592889461,1621592889481,20,0,41,2636.52014906837,-1,146
1621592889771,1621592889921,150,20,1109,13946.8483453868,-36844,217
1621592890021,1621592890101,80,9,233,7386.08762901628,-8842,217
1621592890151,1621592890171,20,2,309,20851.5799404161,-1,112
1621592890291,1621592890381,90,8,226,7263.36404103317,-6996,255
1621592890391,1621592890420,29,0,67,3013.03770562394,-1,90
1621592890540,1621592890630,90,11,454,20658.3716338254,-21042,255
1621592890690,1621592890700,10,-1,89,-1.0,-1,-1
1621592890720,1621592890750,30,11,591,28967.1371410822,-1,62
1621592890970,1621592890980,10,-1,52,-1.0,-1,-1
1621592891060,1621592891110,50,6,1683,152218.836530857,-1,75
1621592891270,1621592891330,60,9,968,52089.067085888,-11546,54
1621592891430,1621592891470,40,3,131,2840.38591008632,0,315
1621592891570,1621592891590,20,0,65,-1.0,-2756,247
1621592891720,1621592891740,20,1,144,-1.0,-8090,332
1621592891830,1621592891900,70,48,1640,75588.5724768333,-15559,35
1621592892040,1621592892119,79,14,733,38536.1541499106,-15426,123
1621592892229,1621592892269,40,13,662,6849.35453381545,-17891,326
1621592892329,1621592892359,30,0,117,2568.78669787348,-8510,315
1621592892509,1621592892549,40,35,1130,15701.0293291583,-58670,188
1621592892629,1621592892669,40,3,157,8383.52763113142,-8426,234
1621592892699,1621592892709,10,-1,30,1150.65436192693,-1,-1
1621592892809,1621592892819,10,-1,54,-1.0,-1,-1
1621592892959,1621592892969,10,-1,40,-1.0,-1,-1
1621592893099,1621592893139,40,3,129,7091.86298489568,-6670,237
1621592893629,1621592893649,20,0,83,-1.0,-3134,118
1621592893948,1621592893978,30,1,86,4421.35560415708,-3792,78
1621592894058,1621592894078,20,4,632,32741.9765196788,-1,93
1621592894208,1621592894228,20,1,199,-1.0,-11800,265
1621592894278,1621592894288,10,-1,31,1086.2365161254,-1,-1
1621592894298,1621592894318,20,0,42,1299.32155479659,-1,291
1621592894348,1621592894358,10,-1,31,361.087454939162,-1,-1
1621592894408,1621592894428,20,0,67,2846.20834028529,-1,344
1621592894548,1621592894568,20,2,368,22702.7223276226,-1,72
1621592894628,1621592894648,20,1,74,3784.21813985051,-1,68
1621592894938,1621592894958,20,6,532,29890.4510807132,-1,106
1621592895068,1621592895118,50,11,326,8141.92389734062,-5534,269
1621592895178,1621592895198,20,1,288,-1.0,-18186,79
1621592895297,1621592895347,50,15,442,20899.1601791625,-20110,82
1621592895877,1621592895887,10,-1,391,37926.3045103352,-1,-1
1621592896017,1621592896067,50,10,410,-1.0,-14194,265
1621592896187,1621592896197,10,-1,32,1072.76919214689,-1,-1
1621592896257,1621592896267,10,-1,35,1001.55619036294,-1,-1
1621592896307,1621592896347,40,2,84,4283.04328896366,-4022,121
1621592896407,1621592896437,30,4,334,12889.3078192124,-1,100
1621592896557,1621592896627,70,5,186,4230.65453251682,-7465,272
1621592896737,1621592896777,40,3,149,7096.459166637,-4114,267
1621592896837,1621592896847,10,-1,60,-1.0,-1,-1
1621592897006,1621592897016,10,-1,30,334.742804506523,-1,-1
1621592897086,1621592897146,60,3,86,2050.75126022232,-4510,93
1621592897306,1621592897316,10,-1,32,-1.0,-1,-1
1621592897346,1621592897376,30,6,337,22401.4284016895,-1,108
1621592897486,1621592897536,50,0,185,13194.3152382346,-1,11
1621592897596,1621592897616,20,0,62,-1.0,-17,7
1621592897756,1621592897796,40,7,351,11499.0146546677,-20986,266
1621592899025,1621592899165,140,22,1049,30454.365692307,-61636,267
1621592899175,1621592899185,10,-1,57,3757.9098309725,-1,-1
1621592899475,1621592899495,20,2,197,11223.3940552841,-1,73
1621592899575,1621592899615,40,4,188,8245.97374523523,-9833,246
1621592899625,1621592899655,30,1,60,1838.99714280708,-1,354
1621592899665,1621592899695,30,4,214,10523.1775791224,-1,90
1621592899875,1621592899885,10,-1,32,-1.0,-1,-1
1621592900154,1621592900164,10,-1,46,-1.0,-1,-1
1621592900214,1621592900234,20,2,246,13510.8346666813,-1,52
1621592900474,1621592900494,20,5,483,25486.9582109207,-1,88
1621592900604,1621592900654,50,3,172,3971.96714849301,-11390,250
1621592900664,1621592900684,20,2,277,16888.0676026466,-1,87
1621592900784,1621592900844,60,6,170,5141.502896745,-5967,261
1621592900914,1621592900924,10,-1,40,2655.09252332229,-1,-1
1621592901354,1621592901374,20,4,430,20795.3258655854,-1,81
1621592901484,1621592901564,80,7,199,11872.2871279991,-9901,260
1621592901594,1621592901614,20,1,117,4997.51731907741,-1,106
1621592901793,1621592901813,19,0,152,-1.0,-8800,227
1621592901883,1621592901913,30,2,148,7599.86634591333,-1,92
1621592902043,1621592902103,60,4,201,756.066345010287,-9886,256
1621592902233,1621592902263,30,7,798,-1.0,-44561,323
1621592902343,1621592902383,40,1,65,344.117095390475,-630,294
1621592902403,1621592902413,10,-1,30,1911.49392832772,-1,-1
1621592902553,1621592902593,40,1,46,2344.47206795723,-54,301
1621592902793,1621592902953,160,23,582,23047.348434341,-19104,236
1621592903043,1621592903083,40,3,258,12089.1786402832,-5458,256
1621592903143,1621592903163,20,0,33,-1.0,-92,264
1621592903213,1621592903233,20,0,154,11276.1646295323,-1,90
1621592903313,1621592903353,40,16,915,75556.3311696202,-1234,150
1621592903452,1621592903522,70,9,679,2869.80286146499,-51591,273
1621592903642,1621592903662,20,2,229,11747.0136445243,-1,93
1621592903722,1621592903742,20,1,250,-1.0,-16781,221
1621592903882,1621592903902,20,0,38,2020.39310376501,-804,275
1621592903942,1621592903952,10,-1,44,2815.27266764602,-1,-1
1621592904032,1621592904042,10,-1,46,3593.5898190721,-1,-1
1621592904052,1621592904092,40,5,467,23528.2361513954,-1,84
1621592904182,1621592904202,20,5,867,30694.1994113415,-1,315
1621592904292,1621592904332,40,2,139,-1.0,-3921,272
1621592904342,1621592904362,20,5,260,23332.4263045632,-1,167
1621592904482,1621592904572,90,3,338,17562.8550530175,-22583,225
1621592904752,1621592904762,10,-1,398,-1.0,-1,-1
1621592904862,1621592904872,10,-1,161,-1.0,-1,-1
1621592904882,1621592904932,50,6,218,11263.9063496091,-2079,268
1621592905022,1621592905032,10,-1,72,4340.53725874893,-1,-1
1621592905131,1621592905141,10,-1,31,-1.0,-1,-1
1621592905151,1621592905211,60,6,174,7770.20362505312,-5899,267
1621592905221,1621592905251,30,3,173,8888.71652356926,-98,60
1621592905381,1621592905481,100,7,319,24708.8125208402,-8757,276
1621592905631,1621592905701,70,3,323,13995.7010952091,-25445,257
1621592905731,1621592905751,20,0,70,3994.10752829306,-1,299
1621592906021,1621592906031,10,-1,30,2159.39094874857,-1,-1
1621592906311,1621592906331,20,2,372,17660.4184534978,-1,85
1621592906441,1621592906491,50,4,155,3246.18325096731,-1,277
1621592906660,1621592906710,49,2,75,3162.50714040835,-1810,262
1621592906720,1621592906730,10,-1,41,1579.40754961069,-1,-1
1621592906740,1621592906760,20,0,39,1641.55331241054,-147,341
1621592907580,1621592907600,20,0,62,4660.57152184887,-1,312
1621592907690,1621592907710,20,1,134,6395.6614948753,-1,80
1621592907800,1621592907900,100,21,542,24047.2866209379,-20253,243
1621592908030,1621592908170,140,17,1454,9818.29464733174,-79769,291
1621592908200,1621592908210,10,-1,42,2889.1640725424,-1,-1
1621592908270,1621592908280,10,-1,43,-1.0,-1,-1
1621592908290,1621592908329,39,4,184,14131.4568527852,-12282,66
1621592908469,1621592908479,10,-1,30,1624.98161157056,-1,-1
1621592908589,1621592908619,30,2,132,7697.01528758222,-6229,254
1621592908679,1621592908729,50,14,422,26337.7575430031,-9662,92
1621592909009,1621592909029,20,1,137,-1.0,-5471,268
1621592909109,1621592909119,10,-1,116,-1.0,-1,-1
1621592910778,1621592910788,10,-1,74,-1.0,-1,-1
1621592910988,1621592911028,40,5,177,15364.4956187024,-6710,230
1621592911048,1621592911068,20,4,561,34069.0450545607,-1,79
1621592911188,1621592911258,70,4,195,-1.0,-6861,259
1621592911338,1621592911348,10,-1,45,-1.0,-1,-1
1621592911388,1621592911418,30,4,278,16396.1949065676,-1,88
1621592911478,1621592911498,20,0,130,-1.0,-8889,65
1621592911557,1621592911577,20,0,54,3416.62770983189,-2072,86
1621592911607,1621592911617,10,-1,45,1847.72451123859,-1,-1
1621592911777,1621592911827,50,6,212,8298.90404856006,-8848,239
1621592911897,1621592911997,100,4,674,30118.7376210017,-16086,56
1621592912407,1621592912437,30,0,41,-1.0,-1,275
1621592913027,1621592913047,20,0,138,-1.0,-9819,278
1621592913077,1621592913097,20,1,114,6389.29826296704,-1,88
1621592914006,1621592914046,40,5,380,-1.0,-17618,306
1621592914056,1621592914066,10,-1,60,4519.69150548839,-1,-1
1621592914166,1621592914176,10,-1,30,1060.17457632922,-1,-1
1621592914336,1621592914356,20,1,100,5833.29642464905,-1,64
1621592914566,1621592914576,10,-1,115,-1.0,-1,-1
1621592914636,1621592914666,30,2,107,6240.65248395132,-4812,271
1621592914885,1621592914895,10,-1,56,4639.58643452787,-1,-1
1621592914955,1621592914995,40,1,72,3209.15781415885,-4106,244
1621592915025,1621592915035,10,-1,61,3228.47934528595,-1,-1
1621592915715,1621592915725,10,-1,43,2085.53717178772,-1,-1
1621592915735,1621592915755,20,1,64,3236.24978340208,-1,120
1621592915775,1621592915835,60,3,73,3016.47554923068,-1,86
1621592918893,1621592918943,50,13,1047,-1.0,-50766,269
1621592919643,1621592919682,39,3,192,-1.0,-6028,230
1621592919782,1621592919802,20,1,171,-1.0,-10493,331
1621592919812,1621592919852,40,2,168,7367.83857782563,-1,201
1621592920242,1621592920302,60,11,430,20262.7916800243,-16960,74
1621592920362,1621592920432,70,1,100,2863.77861340154,-5766,74
1621592920672,1621592920702,30,6,460,-1.0,-18048,178
1621592920792,1621592920862,70,9,280,7919.65975671618,-15154,44
1621592920952,1621592921002,50,5,306,21252.456436442,-20380,161
1621592921062,1621592921112,50,2,166,218.981421357755,-10703,69
1621592923040,1621592923070,30,2,118,-1.0,-15,57
1621592923310,1621592923370,60,2,234,5987.81135399161,-14130,256
1621592923440,1621592923450,10,-1,426,-1.0,-1,-1
1621592924110,1621592924260,150,6,980,58030.4898260006,-88656,122
1621592924340,1621592924410,70,7,753,68896.2346290381,-9398,53
1621592924340,1621592924410,70,7,753,68896.2346290381,-9398,53
1621592924589,1621592924639,50,4,242,17318.2376190534,-10543,48
1621592924659,1621592924719,60,4,294,16670.3318098581,-343,252
1621592924909,1621592924959,50,7,248,2329.91185419539,-12157,265
1621592925029,1621592925039,10,-1,62,4977.6922938406,-1,-1
1621592925049,1621592925059,10,-1,96,7177.53715503658,-1,-1
1621592925069,1621592925079,10,-1,121,10708.2662762593,-1,-1
1621592925139,1621592925159,20,0,64,2648.0037515913,-1,58
1621592925169,1621592925179,10,-1,33,1351.41428416965,-1,-1
1621592925279,1621592925349,70,5,270,12423.6424076056,-17206,79
1621592925439,1621592925459,20,0,153,2285.5633291221,-1,38
1621592925709,1621592925739,30,1,331,-1.0,-25025,258
1621592925749,1621592925759,10,-1,34,1369.89404929862,-1,-1
1621592925919,1621592925929,10,-1,32,1864.64894586716,-1,-1
1621592926009,1621592926019,10,-1,152,-1.0,-1,-1
1621592926189,1621592926248,59,2,122,6821.85967937699,-7311,135
1621592926308,1621592926348,40,1,46,1659.10167154674,-1307,109
1621592926428,1621592926468,40,2,97,-1.0,-4090,174
1621592926478,1621592926498,20,0,93,5382.00406781025,-1,17
1621592926558,1621592926668,110,4,76,2723.57669752543,-2723,28
1621592926918,1621592926928,10,-1,225,-1.0,-1,-1
1621592926998,1621592927078,80,1,214,15046.018863977,-6015,151
1621592927138,1621592927208,70,3,251,18743.7095917202,-16866,156
1621592927288,1621592927348,60,2,101,1621.34235684629,-6955,284
1621592927408,1621592927478,70,3,58,1163.98967751316,-1234,170
1621592927488,1621592927528,40,5,213,8956.29653672631,-612,288
1621592927688,1621592927738,50,1,37,512.906972618062,-719,143
1621592927748,1621592927778,30,1,70,3226.01194534316,-53,235
1621592927788,1621592927808,20,0,111,5445.67080616595,-1,96
1621592928007,1621592928037,30,0,104,9350.48519597445,-7378,209
1621592928107,1621592928137,30,1,165,8562.93309898265,-1,138
1621592928247,1621592928257,10,-1,35,799.528769780185,-1,-1
1621592928567,1621592928577,10,-1,32,1227.67528392333,-1,-1
1621592928677,1621592928727,50,13,523,27450.2114911112,-22851,122
1621592928977,1621592928997,20,0,52,2010.69884384904,-1,90
1621592929057,1621592929077,20,2,230,10177.3371875209,-1,72
1621592929227,1621592929277,50,8,209,-1.0,-8893,316
1621592929287,1621592929297,10,-1,41,1726.89675994874,-1,-1
1621592929656,1621592929676,20,3,523,-1.0,-34794,138
1621592929726,1621592929746,20,1,103,4710.11796822001,-1,62
1621592929806,1621592929836,30,3,175,6288.4873527612,-9051,153
1621592929956,1621592930056,100,11,554,26681.2291240509,-12487,36
1621592930386,1621592930406,20,9,1098,-1.0,-50703,314
1621592930486,1621592930496,10,-1,58,-1.0,-1,-1
1621592930506,1621592930566,60,7,765,63228.277139691,-44764,237
1621592930626,1621592930696,70,4,166,9305.20017390417,-1062,251
1621592931335,1621592931505,170,18,506,23700.9261036294,-19419,109
1621592931525,1621592931535,10,-1,58,4041.58960148104,-1,-1
1621592931785,1621592931845,60,5,126,2394.6224494837,-5505,271
1621592931905,1621592931915,10,-1,62,-1.0,-1,-1
1621592931925,1621592931935,10,-1,69,4619.9961065274,-1,-1
1621592931945,1621592931955,10,-1,78,6033.35157974506,-1,-1
1621592932385,1621592932395,10,-1,355,-1.0,-1,-1
1621592933374,1621592933384,10,-1,327,-1.0,-1,-1
1621592933454,1621592933484,30,3,276,-1.0,-12954,265
1621592933584,1621592933644,60,2,272,23032.5860378947,-15043,210
1621592933724,1621592933754,30,3,142,10990.750053397,-11179,146
1621592934034,1621592934064,30,1,221,-1.0,-15393,254
1621592934154,1621592934184,30,6,326,21064.575605649,-17899,119
1621592934194,1621592934234,40,6,271,15015.9578257645,-12814,311
1621592934264,1621592934284,20,2,142,10915.7578501351,-1,85
1621592934313,1621592934343,30,0,46,1428.26439566755,-8,250
1621592934423,1621592934433,10,-1,37,-1.0,-1,-1
1621592934483,1621592934563,80,6,297,13623.236668592,-21825,252
1621592934613,1621592934623,10,-1,43,2022.43316266098,-1,-1
1621592934853,1621592934943,90,9,1337,123655.926959192,-59480,56
1621592935003,1621592935043,40,4,139,59.2587835390674,-2300,190
1621592935103,1621592935123,20,0,172,-1.0,-13455,257
1621592935443,1621592935573,130,0,391,19426.792784686,-28622,180
1621592935583,1621592935593,10,-1,56,3940.67171361924,-1,-1
1621592935653,1621592935663,10,-1,56,-1.0,-1,-1
1621592935793,1621592935863,70,17,674,25850.7850058736,-37043,122
1621592935883,1621592935893,10,-1,32,1406.88344244649,-1,-1
1621592935972,1621592935982,10,-1,269,-1.0,-1,-1
1621592936092,1621592936102,10,-1,380,-1.0,-1,-1
1621592936382,1621592936392,10,-1,142,-1.0,-1,-1
1621592936472,1621592936492,20,0,122,-1.0,-6325,230
1621592936542,1621592936612,70,2,77,1980.06945056846,-1,318
1621592936662,1621592936692,30,1,60,2459.69381588925,-2787,236
1621592936772,1621592936792,20,0,42,123.622011928946,-1,225
1621592936802,1621592936842,40,4,159,6421.90943865092,-8354,96
1621592936882,1621592936962,80,5,202,9949.69866667867,-4746,344
1621592937022,1621592937032,10,-1,64,-1.0,-1,-1
1621592937112,1621592937122,10,-1,30,1836.81778446195,-1,-1
1621592937202,1621592937252,50,0,106,4543.64056038499,-2213,354
1621592937312,1621592937352,40,2,151,7955.22757658823,-2822,176
1621592937362,1621592937392,30,2,138,8827.74062678345,-6222,180
1621592937422,1621592937432,10,-1,46,2062.71606756494,-1,-1
1621592937502,1621592937512,10,-1,36,1479.68633616802,-1,-1
1621592937572,1621592937601,29,1,63,3604.65154187447,-2540,64
1621592937631,1621592937641,10,-1,31,1067.54692237903,-1,-1
1621592937651,1621592937661,10,-1,185,17178.1731558824,-1,-1
1621592937921,1621592937931,10,-1,37,1346.62625009794,-1,-1
1621592938041,1621592938051,10,-1,45,3713.37326387947,-1,-1
1621592938191,1621592938201,10,-1,72,5987.45344423265,-1,-1
1621592938341,1621592938351,10,-1,49,3862.15029008634,-1,-1
1621592938371,1621592938411,40,2,88,6198.16262063947,-1934,273
1621592938481,1621592938511,30,9,513,3467.73613481247,-1,122
1621592938571,1621592938581,10,-1,82,-1.0,-1,-1
1621592938591,1621592938611,20,0,35,1376.24954121256,-347,315
1621592938631,1621592938661,30,0,59,1450.00570616154,-1,319
1621592938721,1621592938791,70,1,339,22317.1371301802,-28662,281
1621592938871,1621592938921,50,1,132,6560.98824410967,-9455,2
1621592938931,1621592938951,20,2,203,9557.38362033845,-1,231
1621592939011,1621592939031,20,0,147,5577.94534870531,-1,49
1621592939151,1621592939201,50,4,225,21155.0630902055,-9632,270
1621592939380,1621592939450,70,11,664,8788.84291533568,-56445,304
1621592939570,1621592939580,10,-1,30,-1.0,-1,-1
1621592939590,1621592939610,20,0,43,2517.4640522122,-1086,292
1621592939640,1621592939650,10,-1,55,2849.957103901,-1,-1
1621592939740,1621592939860,120,6,104,3471.91061255643,-6234,126
1621592939920,1621592939930,10,-1,96,-1.0,-1,-1
1621592940010,1621592940060,50,0,68,2723.84083559515,-2997,101
1621592940140,1621592940210,70,4,344,7900.07876831775,-11443,114
1621592940220,1621592940230,10,-1,48,2351.01378102053,-1,-1
1621592940260,1621592940280,20,1,61,4567.36777484337,-1,63
1621592940340,1621592940360,20,0,47,2526.83032879383,-1566,124
1621592940380,1621592940410,30,2,115,5361.26205592885,-1,95
1621592940899,1621592940909,10,-1,49,-1.0,-1,-1
1621592940929,1621592941009,80,5,727,42672.2758224401,-2156,140
1621592941089,1621592941159,70,0,109,6975.10938811046,-1693,18
1621592941219,1621592941239,20,0,120,-1.0,-6767,325
1621592941249,1621592941319,70,3,305,25970.0934748016,-25077,77
1621592941349,1621592941429,80,4,164,7269.47136542093,-2936,49
1621592941509,1621592941529,20,0,54,-1.0,-1922,333
1621592941549,1621592941559,10,-1,51,3404.20404645608,-1,-1
1621592941619,1621592941629,10,-1,43,-1.0,-1,-1
1621592942099,1621592942249,150,28,1303,63592.2566498013,-67638,29
1621592942309,1621592942409,100,4,620,5222.39242956152,-58331,162
1621592942468,1621592942498,30,3,164,11101.1375266761,-5428,251
1621592942528,1621592942538,10,-1,73,6710.94540471399,-1,-1
1621592942618,1621592942628,10,-1,46,-1.0,-1,-1
1621592942888,1621592942938,50,0,133,5528.49647995267,-3003,161
1621592943048,1621592943078,30,0,45,2299.20659089895,-1314,299
1621592943138,1621592943148,10,-1,34,-1.0,-1,-1
1621592943518,1621592943528,10,-1,30,206.993627897089,-1,-1
1621592943868,1621592943898,30,2,133,9634.78133092301,-8547,92
1621592944008,1621592944018,10,-1,111,-1.0,-1,-1
1621592944058,1621592944117,59,0,56,2907.87816989115,-351,38
1621592944177,1621592944197,20,3,140,12202.7767189496,-1,313
1621592944207,1621592944217,10,-1,62,3976.05061715323,-1,-1
1621592944277,1621592944287,10,-1,40,-1.0,-1,-1
1621592944657,1621592944677,20,1,107,5471.84454064156,-1,207
1621592944737,1621592944807,70,3,101,1284.4557742025,-4712,174
1621592945047,1621592945177,130,17,848,63450.5464497263,-36652,10
1621592945287,1621592945307,20,0,1877,-1.0,-184276,243
1621592945617,1621592945627,10,-1,50,2718.17929609285,-1,-1
1621592945746,1621592945776,30,1,77,4509.45189256764,-4067,309
1621592945986,1621592945996,10,-1,356,-1.0,-1,-1
1621592946316,1621592946386,70,12,1775,105704.038077866,-111165,193
1621592946596,1621592946616,20,27,1379,36286.4552026536,-1,209
1621592946726,1621592946736,10,-1,31,-1.0,-1,-1
1621592946746,1621592946776,30,1,44,1841.2037206891,-596,122
1621592946836,1621592946846,10,-1,269,-1.0,-1,-1
1621592946936,1621592946946,10,-1,47,-1.0,-1,-1
1621592948125,1621592948155,30,1,89,-1.0,-3685,48
1621592948195,1621592948205,10,-1,31,1022.31462599847,-1,-1
1621592948285,1621592948295,10,-1,30,-1.0,-1,-1
1621592948325,1621592948345,20,0,81,3275.93450635233,-1,93
1621592948405,1621592948415,10,-1,33,-1.0,-1,-1
1621592948435,1621592948485,50,18,987,41730.4598999696,-1,354
1621592948545,1621592948555,10,-1,86,-1.0,-1,-1
1621592948575,1621592948635,60,5,329,18939.5675491828,-1149,200
1621592948705,1621592948855,150,24,320,13675.3904384648,-14206,118
1621592948895,1621592948915,20,2,534,41084.7192348271,-1,300
1621592948994,1621592949024,30,1,226,-1.0,-16154,154
1621592949034,1621592949044,10,-1,36,1694.63674290881,-1,-1
1621592949184,1621592949194,10,-1,49,2251.08137979047,-1,-1
1621592949254,1621592949274,20,0,39,348.788705739512,-1,236
1621592949454,1621592949564,110,4,210,12677.791245507,-17432,332
1621592949584,1621592949594,10,-1,34,742.568974840307,-1,-1
1621592949604,1621592949624,20,4,323,19605.4578980942,-1,240
1621592949724,1621592949744,20,0,77,-1.0,-3755,157
1621592949764,1621592949864,100,5,81,2430.98240050882,-1214,327
1621592949874,1621592949914,40,1,91,4550.90214172593,-1018,9
1621592949984,1621592950004,20,0,49,1182.0137009352,-1,63
1621592950014,1621592950044,30,11,1064,51899.6242841798,-1,218
1621592950054,1621592950064,10,-1,82,6365.37827354204,-1,-1
1621592950304,1621592950344,40,3,199,8116.43056992782,-12130,326
1621592950424,1621592950434,10,-1,32,-1.0,-1,-1
1621592950454,1621592950484,30,4,262,24085.2617805928,-11275,76
1621592950544,1621592950603,59,3,147,3333.46267403129,-7163,109
1621592950733,1621592950763,30,2,96,4218.82225319737,-128,276
1621592950823,1621592950833,10,-1,182,-1.0,-1,-1
1621592950853,1621592950863,10,-1,31,1403.51963094557,-1,-1
1621592951103,1621592951143,40,2,335,19700.2468200242,-24651,321
1621592951183,1621592951193,10,-1,38,1841.14288509977,-1,-1
1621592951253,1621592951323,70,4,188,8229.30865352546,-5399,137
1621592951443,1621592951463,20,0,72,1340.48041477891,-1,291
1621592951523,1621592951533,10,-1,55,-1.0,-1,-1
1621592951543,1621592951553,10,-1,32,1282.09707483279,-1,-1
1621592951743,1621592951783,40,3,105,6238.51531089401,-3175,84
1621592951853,1621592951863,10,-1,42,2171.8824619423,-1,-1
1621592951873,1621592951883,10,-1,42,2305.36270834064,-1,-1
1621592952103,1621592952123,20,0,46,2544.32270854558,-583,202
1621592952212,1621592952232,20,0,86,4061.50042546453,-1,195
1621592952242,1621592952262,20,0,64,3381.95545826736,-1,55
1621592952322,1621592952462,140,6,106,1888.47834638185,-4546,351
1621592952472,1621592952542,70,5,164,7211.59707669529,-2435,182
1621592952602,1621592952632,30,1,91,4880.36304357246,-1,145
1621592952642,1621592952652,10,-1,51,4492.81523295658,-1,-1
1621592952662,1621592952672,10,-1,56,2732.07869117218,-1,-1
1621592952752,1621592952812,60,9,2408,207401.666192071,-4732,45
1621592952902,1621592952962,60,9,633,24157.9937928675,-37526,231
1621592953282,1621592953292,10,-1,74,6185.3834817607,-1,-1
1621592953352,1621592953362,10,-1,59,-1.0,-1,-1
1621592953462,1621592953522,60,2,55,1474.55231042838,-2124,61
1621592953602,1621592953612,10,-1,33,748.870286412089,-1,-1
1621592953732,1621592953812,80,4,98,4974.07862648609,-3170,130
1621592953911,1621592953931,20,0,45,3013.71963977285,-1213,22
1621592953941,1621592953981,40,2,126,10266.6416680762,-7507,44
1621592954071,1621592954111,40,8,504,-1.0,-19532,152
1621592954171,1621592954211,40,2,100,29.3686778800307,-2899,330
1621592954231,1621592954251,20,0,38,2087.17265717143,-1,337
1621592954321,1621592954381,60,0,281,13004.3517264986,-16591,47
1621592954531,1621592954551,20,9,912,45631.4080911422,-1,320
1621592954611,1621592954631,20,3,876,-1.0,-67550,299
1621592954641,1621592954731,90,6,86,4337.83363774905,-2155,158
1621592954741,1621592954761,20,0,42,1572.47209177406,-1,122
1621592954901,1621592954951,50,1,150,4763.86781042037,-635,175
1621592955031,1621592955101,70,13,639,12010.3357174104,-51964,213
1621592955161,1621592955191,30,3,160,128.634357498265,-11522,213
1621592955211,1621592955301,90,3,201,8302.29635184514,-15032,264
1621592955441,1621592955451,10,-1,34,1659.99013681765,-1,-1
1621592955461,1621592955470,9,-1,42,2021.66402925492,-1,-1
1621592955850,1621592955880,30,4,261,14198.9033034889,-1,84
1621592956040,1621592956060,20,1,103,5.6694571549869,-1,192
1621592956120,1621592956170,50,3,698,59826.4750361234,-60535,294
1621592956430,1621592956440,10,-1,30,1430.97449823891,-1,-1
1621592956570,1621592956730,160,6,177,8469.79716020024,-11845,149
1621592956960,1621592956990,30,1,158,-1.0,-6727,292
1621592957000,1621592957010,10,-1,83,5640.36200612894,-1,-1
1621592957070,1621592957080,10,-1,54,-1.0,-1,-1
1621592957239,1621592957279,40,1,72,-1.0,-2844,280
1621592957319,1621592957349,30,2,110,5484.39769852566,-1,90
1621592957419,1621592957429,10,-1,34,1103.40374482522,-1,-1
1621592957509,1621592957529,20,0,40,2539.69098890965,-186,259
1621592957539,1621592957549,10,-1,38,1069.16496594552,-1,-1
1621592957559,1621592957619,60,15,1304,63957.3300234309,-813,118
1621592958209,1621592958279,70,18,555,12091.5788336282,-24630,86
1621592958339,1621592958379,40,2,114,5285.18388195621,-3324,230
1621592958419,1621592958429,10,-1,170,15401.8021212648,-1,-1
1621592958509,1621592958519,10,-1,52,-1.0,-1,-1
1621592958529,1621592958559,30,2,147,6066.94358139778,-1,101
1621592958669,1621592958728,59,6,268,4127.7427244666,-20220,263
1621592958858,1621592958888,30,0,61,-1.0,-1811,261
1621592958908,1621592958968,60,3,480,36232.1578858894,-1,349
1621592959118,1621592959158,40,7,448,29770.7861904947,-15187,336
1621592959168,1621592959198,30,1,341,31515.552425491,-29388,234
1621592959308,1621592959328,20,1,165,11356.380223048,-1,141
1621592959408,1621592959468,60,14,1319,3272.81638447976,-99959,221
1621592959578,1621592959588,10,-1,51,3657.06420595244,-1,-1
1621592959598,1621592959608,10,-1,171,15212.0743167468,-1,-1
1621592959718,1621592959778,60,8,288,12759.5325605851,-19433,288
1621592959988,1621592959998,10,-1,58,-1.0,-1,-1
1621592960018,1621592960098,80,7,275,10837.6268672475,-8597,257
1621592960437,1621592960457,20,5,432,-1.0,-3152,336
1621592961847,1621592961927,80,5,302,18215.0204654846,-18134,154
1621592962026,1621592962076,50,9,486,15487.6457628498,-32222,181
1621592962156,1621592962166,10,-1,30,1401.97390067747,-1,-1
1621592962176,1621592962186,10,-1,41,2005.71064098291,-1,-1
1621592962206,1621592962216,10,-1,42,2253.47521903368,-1,-1
1621592962296,1621592962326,30,2,88,3996.48300123565,-5437,71
1621592962766,1621592962776,10,-1,40,1143.15808620958,-1,-1
1621592962876,1621592962906,30,1,82,-1.0,-4692,310
1621592963286,1621592963296,10,-1,40,-1.0,-1,-1
1621592963346,1621592963376,30,1,79,4986.91074064293,-2810,77
1621592963466,1621592963476,10,-1,56,5488.64298825709,-1,-1
1621592963635,1621592963665,30,3,159,15.2892248411092,-9,236
1621592963735,1621592963745,10,-1,100,-1.0,-1,-1
1621592963895,1621592963925,30,1,57,1769.66328199422,-2489,321
1621592964245,1621592964275,30,22,1421,86514.8001924546,-1,70
1621592964395,1621592964445,50,2,121,3502.23427182779,-7364,336
1621592964505,1621592964555,50,1,71,162.177237280642,-3394,330
1621592964575,1621592964595,20,0,47,1600.16015465811,-1,333
1621592964695,1621592964725,30,1,79,3771.66384407377,-5,261
1621592964805,1621592964815,10,-1,49,-1.0,-1,-1
1621592965105,1621592965125,20,3,245,-1.0,-8631,100
1621592965324,1621592965374,50,6,165,5483.17294855059,-8399,276
1621592965384,1621592965394,10,-1,33,561.415619971792,-1,-1
1621592965464,1621592965474,10,-1,42,2835.50908730567,-1,-1
1621592965894,1621592965974,80,6,213,14487.146959775,-9457,273
1621592966034,1621592966064,30,0,44,1339.38104268066,-10,245
1621592966194,1621592966234,40,6,279,15995.4045566655,-13476,117
1621592966264,1621592966284,20,3,159,14531.985413509,-121,114
1621592966424,1621592966574,150,43,815,44009.0939937423,-50596,329
1621592966724,1621592966744,20,0,55,2878.9788167587,-1393,312
1621592967033,1621592967093,60,9,437,15232.5609304061,-30079,180
1621592967253,1621592967293,40,5,208,11676.9932636778,-11559,119
1621592967523,1621592967543,20,1,274,19558.703084991,-1,289
1621592967603,1621592967613,10,-1,39,-1.0,-1,-1
1621592968123,1621592968163,40,4,1324,-1.0,-117088,314
1621592968303,1621592968313,10,-1,58,4537.44514176737,-1,-1
1621592969222,1621592969262,40,2,117,8205.23762534589,-4111,83
1621592970111,1621592970181,70,6,187,4990.2400875702,-10546,104
1621592970741,1621592970791,50,5,389,1727.7814744405,-17851,100
1621592970931,1621592970951,20,2,305,17128.0796240547,-1,292
1621592971011,1621592971041,30,2,178,-1.0,-7543,297
1621592971191,1621592971201,10,-1,72,5106.28699338404,-1,-1
1621592971261,1621592971271,10,-1,68,-1.0,-1,-1
1621592971561,1621592971651,90,5,99,2877.0851631845,-3862,108
1621592971730,1621592971770,39,1,56,3529.13444563118,-1126,266
1621592971910,1621592971930,20,4,551,36333.7476201171,-1,55
1621592972140,1621592972210,70,6,554,18875.1655343793,-38401,199
1621592972380,1621592972400,20,0,32,989.48237582019,-1,270
1621592972740,1621592972770,30,1,75,4172.03909560673,-3810,338
1621592973110,1621592973190,80,0,176,9998.12764764621,-9166,126
1621592973220,1621592973230,10,-1,69,4429.46409147863,-1,-1
1621592973300,1621592973320,20,0,52,4427.44141905934,-334,26
1621592973729,1621592973759,30,0,125,8469.35182636689,-1,242
1621592973889,1621592973929,40,0,101,7018.41763100609,-2854,257
1621592973939,1621592973949,10,-1,37,2160.32269025905,-1,-1
1621592973979,1621592974029,50,1,44,1147.39453205568,-1295,212
1621592974039,1621592974059,20,0,69,5911.86152509302,-3252,23
1621592974159,1621592974169,10,-1,61,-1.0,-1,-1
1621592974369,1621592974379,10,-1,35,1955.6912774295,-1,-1
1621592974439,1621592974489,50,0,89,3503.65216260069,-1729,210
1621592974589,1621592974649,60,3,98,4916.53599268061,-2796,105
1621592974899,1621592974909,10,-1,30,2142.00466949953,-1,-1
1621592974988,1621592975068,80,0,97,6648.82130994207,-2095,119
1621592975098,1621592975138,40,2,1181,110324.696190071,-22,85
1621592975318,1621592975338,20,0,167,-1.0,-12287,251
1621592975358,1621592975378,20,0,44,2943.84810648613,-2,112
1621592975478,1621592975498,20,0,145,10163.7312329213,-1,74
1621592975608,1621592975658,50,3,192,12246.9060202153,-2872,251
1621592975778,1621592975798,20,0,53,3975.62155164991,-1178,11
1621592975868,1621592975878,10,-1,45,-1.0,-1,-1
1621592975938,1621592975958,20,0,63,2.91510198899161,-1,273
1621592976018,1621592976048,30,0,159,11227.4123145525,-1,257
1621592976058,1621592976098,40,6,227,11324.0955606379,-9624,112
1621592976358,1621592976368,10,-1,35,2017.08567231553,-1,-1
1621592976468,1621592976548,80,9,315,16531.0816314134,-24226,314
1621592976627,1621592976657,30,2,430,-1.0,-33396,342
1621592976667,1621592976787,120,22,443,31661.7099715441,-12989,164
1621592976807,1621592976827,20,0,34,2179.20280840289,-4,272
1621592976957,1621592976977,20,1,368,30845.61696889,-1,128
1621592977037,1621592977047,10,-1,90,-1.0,-1,-1
1621592977387,1621592977407,20,0,65,4390.62285997469,-1,249
1621592977527,1621592977547,20,0,155,11727.9328361184,-1,113
1621592977607,1621592977627,20,0,130,-1.0,-10037,109
1621592977897,1621592977927,30,2,139,6544.26204318925,-3801,344
1621592978326,1621592978356,30,1,95,-1.0,-4773,259
1621592978536,1621592978546,10,-1,82,6197.54771418189,-1,-1
1621592978626,1621592978636,10,-1,31,-1.0,-1,-1
1621592978936,1621592978966,30,8,519,27388.8928219937,-1,24
1621592979106,1621592979116,10,-1,397,-1.0,-1,-1
1621592979176,1621592979266,90,5,335,23565.9976649101,-22580,221
1621592979326,1621592979336,10,-1,134,-1.0,-1,-1
1621592979386,1621592979396,10,-1,38,3290.36513951274,-1,-1
1621592980525,1621592980545,20,0,47,2968.30847668242,-738,9
1621592981005,1621592981065,60,5,545,26394.1425039255,-36542,76
1621592981125,1621592981195,70,4,205,15961.2592249635,-5704,216
1621592981255,1621592981265,10,-1,61,-1.0,-1,-1
1621592981295,1621592981305,10,-1,30,329.716182138908,-1,-1
1621592981415,1621592981465,50,9,362,19.1344423401077,-11720,235
1621592981524,1621592981554,30,1,103,-1.0,-5116,267
1621592981704,1621592981734,30,1,86,4919.12124153253,-3539,171
1621592981924,1621592982144,220,15,437,33452.5849491518,-28959,86
1621592982204,1621592982214,10,-1,42,-1.0,-1,-1
1621592982254,1621592982264,10,-1,37,1759.42150401766,-1,-1
1621592982394,1621592982414,20,0,213,-1.0,-15779,266
1621592982534,1621592982594,60,2,58,2683.98311279765,-1313,212
1621592982654,1621592982684,30,2,121,6828.97780486972,-6812,194
1621592982824,1621592982874,50,3,237,18763.98863146,-10592,311
1621592982954,1621592983024,70,3,83,2216.94755817552,-1330,82
1621592983673,1621592983843,170,9,349,30104.9272536684,-24142,250
1621592983943,1621592983953,10,-1,73,-1.0,-1,-1
1621592983963,1621592984013,50,3,238,18047.9945722229,-8451,56
1621592984083,1621592984113,30,1,129,6687.13062113723,-1,96
1621592984383,1621592984553,170,3,117,8505.89439626454,-6161,249
1621592984573,1621592984593,20,0,40,1465.27125084887,-1,173
1621592984653,1621592984712,59,4,202,9100.36496645527,-11444,77
1621592985942,1621592985982,40,0,261,8400.8196019076,-19835,118
1621592986252,1621592986262,10,-1,80,-1.0,-1,-1
1621592986272,1621592986361,89,2,550,29694.0874716035,-20012,44
1621592986371,1621592986401,30,1,172,14949.2391448738,-11508,117
1621592986471,1621592986501,30,0,118,8127.94393735569,-1287,206
1621592986511,1621592986521,10,-1,193,16791.320111436,-1,-1
1621592987101,1621592987141,40,2,149,4528.58071430667,-7596,41
1621592987151,1621592987161,10,-1,100,7459.59823293446,-1,-1
1621592987171,1621592987191,20,2,194,10989.9542267058,-1,143
1621592987451,1621592987481,30,0,78,-1.0,-4781,244
1621592987651,1621592987661,10,-1,68,-1.0,-1,-1
1621592987671,1621592987681,10,-1,58,5625.71750600147,-1,-1
1621592987691,1621592987711,20,0,50,2704.54552659526,-1,321
1621592987791,1621592987801,10,-1,50,2583.85338072598,-1,-1
1621592987951,1621592987980,29,4,262,-1.0,-10681,336
1621592988250,1621592988280,30,5,2463,245044.375090975,-223109,65
1621592988550,1621592988600,50,0,89,5730.27968026196,-5901,7
1621592988900,1621592988910,10,-1,155,-1.0,-1,-1
1621592989240,1621592989260,20,2,167,-1.0,-6293,102
1621592989340,1621592989410,70,3,158,9912.67615017393,-7123,75
1621592989470,1621592989540,70,8,1023,65431.595589599,-9762,109
1621592989629,1621592989649,20,3,305,31.8087031186678,-1,236
1621592989829,1621592989899,70,5,469,31428.5225168541,-37503,242
1621592989939,1621592989949,10,-1,89,7387.10839512153,-1,-1
1621592990019,1621592990099,80,4,1437,135546.036985463,-136500,263
1621592990209,1621592990229,20,0,34,1218.88636279102,-1,92
1621592990289,1621592990299,10,-1,31,-1.0,-1,-1
1621592990529,1621592990559,30,1,60,2165.78091816941,-1,108
1621592990649,1621592990679,30,7,355,-1.0,-664,271
1621592990749,1621592990759,10,-1,98,8421.48245494371,-1,-1
1621592990769,1621592990789,20,1,138,11068.8718644865,-3849,286
1621592991838,1621592991878,40,26,1652,836.259167479196,-111070,38
1621592992168,1621592992198,30,3,281,-1.0,-9958,101
1621592992308,1621592992338,30,5,580,659.030916062218,-32774,236
1621592992418,1621592992508,90,9,322,15594.993120367,-2233,97
1621592992688,1621592992748,60,4,775,361.491169848478,-62833,262
1621592992768,1621592992778,10,-1,52,3157.38866535504,-1,-1
1621592992987,1621592993057,70,5,717,49654.9611476249,-52766,288
1621592993197,1621592993207,10,-1,256,-1.0,-1,-1
1621592993267,1621592993287,20,0,97,-1.0,-5176,230
1621592993367,1621592993377,10,-1,30,825.258018197627,-1,-1
1621592993407,1621592993437,30,2,94,5481.45859987358,-2520,184
1621592993737,1621592993747,10,-1,52,3819.28234403201,-1,-1
1621592993807,1621592993837,30,0,58,1707.47399548036,-2635,257
1621592993847,1621592993877,30,1,66,2804.36290211874,-58,253
1621592993937,1621592993947,10,-1,109,-1.0,-1,-1
1621592994097,1621592994117,20,1,59,1393.74664803583,-1,253
1621592994227,1621592994277,50,0,290,24384.2429987762,-25887,12
1621592994526,1621592994546,20,1,71,3873.72828694395,-1,284
1621592994556,1621592994566,10,-1,53,3218.69023421951,-1,-1
1621592994716,1621592994746,30,1,43,-1.0,-31,275
1621592994806,1621592994826,20,1,100,-1.0,-144,259
1621592994836,1621592994846,10,-1,36,3282.18195194295,-1,-1
1621592994986,1621592995016,30,7,356,17602.0374782195,-1,63
1621592995246,1621592995276,30,3,169,10211.0005897874,-1112,59
1621592995796,1621592995826,30,1,203,13592.7585872067,-30,164
1621592995936,1621592995976,40,2,183,14636.3746606104,-11419,40
1621592996225,1621592996245,20,0,64,3970.48977969567,-1,257
1621592996325,1621592996375,50,0,207,14135.4973447464,-11075,206
1621592996505,1621592996515,10,-1,57,-1.0,-1,-1
1621592996535,1621592996545,10,-1,59,3920.09736169693,-1,-1
1621592996555,1621592996565,10,-1,127,12479.7362379466,-1,-1
1621592996785,1621592996795,10,-1,191,-1.0,-1,-1
1621592996815,1621592996825,10,-1,38,1524.26714628524,-1,-1
1621592997085,1621592997095,10,-1,39,-1.0,-1,-1
1621592997125,1621592997135,10,-1,30,1400.61610903423,-1,-1
1621592997175,1621592997215,40,0,89,3150.65663930625,-1,267
1621592997255,1621592997265,10,-1,58,3246.3297626788,-1,-1
1621592997575,1621592997595,20,0,144,8383.90819871352,-1,63
1621592997984,1621592997994,10,-1,84,-1.0,-1,-1
1621592998584,1621592998594,10,-1,310,-1.0,-1,-1
1621592998604,1621592998624,20,0,37,2771.8099477666,-490,69
1621592998864,1621592998874,10,-1,32,457.07095775153,-1,-1
1621592999224,1621592999254,30,6,323,-1.0,-12728,127
1621592999483,1621592999503,20,0,220,-1.0,-18046,53
1621592999513,1621592999563,50,6,188,11214.7400667821,-6408,273
1621592999623,1621592999673,50,5,179,98.4917516861145,-8498,283
1621592999683,1621592999713,30,1,116,4082.62289180304,-1,281
1621592999773,1621592999783,10,-1,31,-1.0,-1,-1
1621592999793,1621592999843,50,3,164,5807.43150143206,-1,91
1621592999903,1621592999973,70,12,419,19062.1707971254,-17419,321
1621593000053,1621593000063,10,-1,250,-1.0,-1,-1
1621593000083,1621593000113,30,1,61,2790.11373580455,-2549,265
1621593000193,1621593000263,70,4,304,16710.0852915889,-242,49
1621593000323,1621593000333,10,-1,51,-1.0,-1,-1
1621593000343,1621593000353,10,-1,46,3536.41243019031,-1,-1
1621593000363,1621593000453,90,20,1628,101898.357352087,-49809,145
1621593000523,1621593000593,70,12,899,69.6291949264435,-51372,275
1621593000663,1621593000683,20,0,32,842.826146742568,-1,326
1621593000703,1621593000723,20,0,38,1404.16409803369,-245,319
1621593000743,1621593000813,70,5,249,10071.0052363983,-15300,112
1621593000873,1621593000962,89,8,1471,107097.157503351,-3246,26
1621593001552,1621593001582,30,14,1232,55956.5830949899,-1,26
1621593001892,1621593002172,280,8,356,26661.6237283496,-17682,245
1621593002392,1621593002472,80,5,74,2637.83543522917,-1365,147
1621593002552,1621593002562,10,-1,41,-1.0,-1,-1
1621593002582,1621593002681,99,11,216,17320.5285464285,-7463,143
1621593002701,1621593002711,10,-1,52,3533.30805070752,-1,-1
1621593002721,1621593002731,10,-1,32,658.886583044838,-1,-1
1621593002871,1621593002891,20,0,358,-1.0,-29879,260
1621593002981,1621593002991,10,-1,240,23038.9492211057,-1,-1
1621593003151,1621593003171,20,0,60,-1.0,-2058,248
1621593003241,1621593003281,40,1,38,1381.13805550309,-31,201
1621593003331,1621593003361,30,4,218,10157.3894010958,-12863,22
1621593003381,1621593003411,30,1,78,2451.66676850506,-1,195
1621593003561,1621593003651,90,5,554,28906.2947426335,-17470,332
1621593003841,1621593003921,80,4,284,15443.2755673215,-22557,209
1621593004031,1621593004111,80,7,468,5290.40852182722,-38181,246
1621593004131,1621593004141,10,-1,38,1918.76898366761,-1,-1
1621593004200,1621593004210,9,-1,41,-1.0,-1,-1
1621593004280,1621593004410,130,22,1324,128320.079919833,-30282,292
1621593004550,1621593004610,60,6,178,2574.00313213523,-6464,254
1621593004620,1621593004630,10,-1,139,12134.4628596758,-1,-1
1621593004790,1621593004810,20,0,143,-1.0,-10949,264
1621593006089,1621593006099,10,-1,150,-1.0,-1,-1
1621593006469,1621593006519,50,4,115,-1.0,-4246,217
1621593006529,1621593006549,20,7,598,35425.0445270951,-1,81
