start,end,duration,amplitude,peak_velocity,peak_acceleration,peak_deceleration,direction
1621851074782,1621851075042,260,12,1524,133379.942490805,-105937,171
1621851075052,1621851075122,70,5,150,6930.54715386526,-6226,187
1621851075132,1621851075182,50,6,547,22829.6262987994,-13870,269
1621851075192,1621851075222,30,1,144,12399.977376973,-7851,4
1621851075242,1621851075312,70,2,139,10709.3846297686,-9040,199
1621851075352,1621851075382,30,1,91,6580.10013920458,-3547,4
1621851075392,1621851075412,20,1,73,7038.92352143131,-1877,185
1621851075462,1621851075502,40,1,97,6542.70639344278,-6163,350
1621851075512,1621851075542,30,0,106,9207.18369331282,-6853,348
1621851075602,1621851075662,60,5,197,15111.0689805594,-10385,32
1621851075672,1621851075682,10,-1,31,189.544175730033,-1,-1
1621851075702,1621851075732,30,5,255,14756.4639382173,-12299,198
1621851075742,1621851075782,40,3,379,28181.2216806906,-27912,331
1621851075792,1621851075822,30,17,1584,77280.7844898073,-1,39
1621851076841,1621851076991,150,5,696,1344.94628732228,-47982,314
1621851077011,1621851077031,20,0,47,1864.4062005386,-1595,63
1621851077041,1621851077121,80,15,348,15186.8234031689,-15432,232
1621851077131,1621851077151,20,1,66,3147.63309780463,-1,5
1621851077181,1621851077261,80,3,46,1230.38175942388,-635,47
1621851077271,1621851077311,40,7,283,12416.7379075694,-10833,261
1621851077321,1621851077341,20,0,108,7328.08330201366,-1,296
1621851077351,1621851077371,20,0,149,12245.7724686811,-10757,39
1621851077401,1621851077421,20,1,89,7911.68953032759,-1015,55
1621851077431,1621851077441,10,-1,37,1112.76108380118,-1,-1
1621851077461,1621851077491,30,1,81,4331.03809242048,-3591,71
1621851077541,1621851077581,40,1,65,1999.40369830941,-2620,68
1621851077591,1621851077601,10,-1,30,368.491233231132,-1,-1
1621851077611,1621851077631,20,0,34,945.236753915838,-375,69
1621851077761,1621851077801,40,5,183,7465.62259419661,-5598,212
1621851078070,1621851078190,120,21,1664,145124.838667961,-156759,13
1621851078200,1621851078230,30,2,132,6757.65184601487,-6475,40
1621851078240,1621851078280,40,2,124,6646.98557799956,-4332,212
1621851078290,1621851078310,20,0,86,6114.14481872212,-4852,45
1621851078370,1621851078460,90,2,265,17964.5223243095,-19747,190
1621851078480,1621851078500,20,1,77,4986.28009247262,-1335,223
1621851078510,1621851078550,40,2,125,8494.95087067969,-4987,184
1621851078570,1621851078590,20,1,123,10220.7860933158,-2971,37
1621851078790,1621851078800,10,-1,33,450.606136779771,-1,-1
1621851078840,1621851078850,10,-1,33,921.662666607343,-1,-1
1621851078870,1621851078880,10,-1,33,2549.19765844902,-1,-1
1621851078890,1621851078910,20,2,173,14553.7678171768,-6385,231
1621851078920,1621851078980,60,38,1496,102235.374764193,-49373,150
1621851079070,1621851079300,230,36,1749,112796.828209687,-128034,199
1621851079310,1621851079330,20,1,78,5655.62728126975,-2583,154
1621851079590,1621851079649,59,0,388,29785.6081982793,-35856,243
1621851079689,1621851079749,60,13,401,19863.4257469674,-12396,96
1621851079989,1621851080089,100,16,464,19290.2814344612,-19649,274
1621851080519,1621851080539,20,11,501,49470.688032895,-332,347
1621851080559,1621851080579,20,13,596,59424.7081456822,-441,76
1621851080889,1621851080949,60,2,55,1732.69539389154,-1623,185
1621851080979,1621851081019,40,3,145,6401.85662205842,-3927,164
1621851081278,1621851081518,239,29,1895,91047.2895986498,-133985,231
1621851081558,1621851081588,30,2,130,7363.30281901389,-5617,210
1621851081598,1621851081728,130,4,446,27504.3039271033,-19822,6
1621851081788,1621851081798,10,-1,43,2606.14679111555,-1,-1
1621851081938,1621851081998,60,9,322,16209.0299365414,-20076,122
1621851082008,1621851082118,110,6,515,48609.2705588577,-32379,339
1621851082168,1621851082278,110,6,467,42341.7238631724,-22437,211
1621851082358,1621851082408,50,4,178,9707.51086640977,-7142,324
1621851082428,1621851082518,90,1,99,4896.49297617883,-4541,71
1621851082538,1621851082558,20,0,41,1138.21946230418,-1,246
1621851082568,1621851082588,20,11,1020,52567.6287335172,-1,37
1621851082878,1621851082957,79,8,298,10660.1609146444,-23783,287
1621851083207,1621851083237,30,2,274,-1.0,-15833,256
1621851083277,1621851083527,250,12,399,25141.5377718223,-18212,358
1621851083627,1621851083697,70,7,645,36800.5328671738,-37529,185
1621851084157,1621851084397,240,19,728,21069.5222041887,-30534,191
1621851084417,1621851084586,169,33,572,34905.7414801695,-22413,168
1621851084596,1621851084846,250,24,194,10960.2266361021,-12065,350
1621851085626,1621851085636,10,-1,46,2876.7747043216,-1,-1
1621851085646,1621851085656,10,-1,38,1331.95744045606,-1,-1
1621851085686,1621851085706,20,0,33,1063.8133965998,-301,39
1621851085726,1621851085746,20,1,78,6595.97216387538,-3402,230
1621851085806,1621851085816,10,-1,37,3404.60303858252,-1,-1
1621851085826,1621851085926,100,1,76,5418.25534985117,-2854,226
1621851086046,1621851086076,30,1,58,2922.41365401475,-9,300
1621851086086,1621851086106,20,1,91,6664.86442147151,-2432,239
1621851086116,1621851086146,30,1,53,1925.6426664438,-59,259
1621851086246,1621851086265,19,0,35,2374.68028925799,-242,45
1621851086285,1621851086305,20,0,44,3185.4984103926,-843,217
1621851086425,1621851086435,10,-1,55,3164.44326862657,-1,-1
1621851086445,1621851086465,20,0,46,2606.70430194806,-1057,206
1621851086535,1621851086555,20,0,45,3279.64354402333,-812,228
1621851086585,1621851086605,20,0,60,2984.44402162959,-1,51
1621851086785,1621851086895,110,35,922,47662.8420921232,-9673,18
1621851087035,1621851087085,50,11,581,-1.0,-21575,210
1621851087105,1621851087115,10,-1,34,1728.62647048267,-1,-1
1621851087165,1621851087315,150,26,2161,154439.992341047,-129919,4
1621851087335,1621851087505,170,11,586,35211.3153798221,-37311,319
1621851087525,1621851087795,270,19,290,20376.9933338633,-17644,176
1621851087805,1621851087835,30,1,239,21605.7890481003,-18137,187
1621851087845,1621851087894,49,1,213,19643.228724003,-16385,75
1621851087904,1621851087984,80,3,279,20735.9070472131,-20609,196
1621851088004,1621851088014,10,-1,56,3937.35759436093,-1,-1
1621851088084,1621851088104,20,0,83,5565.72432983736,-3200,183
1621851088264,1621851088284,20,0,59,5032.29565861966,-2000,42
1621851088334,1621851088374,40,1,54,1502.28417598544,-1475,80
1621851088394,1621851088414,20,1,114,7130.61339182759,-1,213
1621851088424,1621851088434,10,-1,200,18043.9423707917,-1,-1
1621851088444,1621851088494,50,1,214,20324.4068121331,-17091,105
1621851088504,1621851088544,40,1,169,15136.6392907611,-8830,137
1621851088604,1621851088644,40,1,58,1911.59739844396,-2135,135
1621851088664,1621851088714,50,2,80,3706.13546802625,-4187,122
1621851088754,1621851088794,40,2,698,68753.0309478029,-63075,259
1621851088804,1621851088814,10,-1,41,2096.24830700122,-1,-1
1621851088824,1621851088834,10,-1,80,6459.53365919978,-1,-1
1621851088844,1621851088864,20,0,81,7045.51860962832,-4219,192
1621851088934,1621851088974,40,0,426,32051.0762303898,-10841,120
1621851089224,1621851089234,10,-1,43,3820.2352650823,-1,-1
1621851089244,1621851089254,10,-1,33,2054.77695427016,-1,-1
1621851089264,1621851089304,40,1,387,22449.063143577,-25261,90
1621851089314,1621851089354,40,2,155,10104.2407035903,-8272,273
1621851089374,1621851089394,20,0,32,631.26016731648,-245,243
1621851089484,1621851089504,20,1,55,4252.9973044064,-1,32
1621851089733,1621851089793,60,2,67,2011.69044034725,-1866,311
1621851089903,1621851089943,40,1,174,13195.5606399178,-14366,59
1621851089963,1621851089973,10,-1,62,3864.14858505592,-1,-1
1621851089983,1621851090003,20,0,34,1006.50163874513,-345,296
1621851090013,1621851090043,30,5,297,15747.1552529429,-15353,149
1621851090143,1621851090173,30,0,167,14458.9705844857,-12577,259
1621851090183,1621851090223,40,19,842,57355.4578215335,-13952,38
1621851090333,1621851090383,50,4,1118,25053.9171587326,-94989,222
1621851090393,1621851090463,70,3,93,6141.44267713287,-3841,335
1621851090623,1621851090833,210,17,422,25292.3712085858,-24157,36
1621851090853,1621851091013,160,10,600,44617.7144861294,-24367,257
1621851091073,1621851091163,90,29,470,17953.2043188954,-8825,235
1621851091332,1621851091362,30,0,201,963.28713232518,-16949,283
1621851091372,1621851091552,180,16,324,21072.9503177523,-22743,33
1621851091582,1621851091612,30,4,210,16129.6959976469,-5422,228
1621851091622,1621851091672,50,1,58,3414.21535953289,-2234,115
1621851091692,1621851091782,90,14,738,34099.8902857537,-65526,106
1621851091882,1621851091942,60,12,431,22132.2598180869,-16184,148
1621851092022,1621851092032,10,-1,40,1235.76040640603,-1,-1
1621851092062,1621851092072,10,-1,33,2306.43144733036,-1,-1
1621851092082,1621851092112,30,7,1182,80629.2845159235,-1,31
1621851092412,1621851092422,10,-1,1663,-1.0,-1,-1
1621851093121,1621851093311,190,34,1875,147139.37847773,-135420,218
1621851093321,1621851093351,30,2,130,10979.9458338656,-7767,286
1621851093361,1621851093401,40,1,52,2102.35272499691,-1933,310
1621851093411,1621851093721,310,13,177,11548.3780807529,-9217,57
1621851093731,1621851093801,70,16,402,18790.9558879635,-21713,200
1621851093821,1621851093921,100,5,71,2871.06742786145,-2036,16
1621851093931,1621851093941,10,-1,32,286.043241682452,-1,-1
1621851093951,1621851093971,20,0,54,1489.54633615052,-1,0
1621851093991,1621851094011,20,0,57,3216.57009190649,-2736,286
1621851094231,1621851094261,30,0,49,2146.9124951182,-1173,93
1621851094530,1621851094570,40,1,67,2935.72754206132,-4071,298
1621851096619,1621851096669,50,2,176,10482.6768097867,-14145,285
1621851096679,1621851096709,30,8,754,34379.2519732657,-1,45
1621851096829,1621851096889,60,17,450,2341.7242929908,-7238,149
1621851098038,1621851098188,150,17,627,14756.2943619004,-21029,317
1621851098198,1621851098208,10,-1,42,3426.86539113934,-1,-1
1621851098218,1621851098258,40,3,144,7377.71000234733,-9563,222
1621851098448,1621851098458,10,-1,35,1255.72947736361,-1,-1
1621851098488,1621851098588,100,22,568,39085.2400573173,-50950,10
1621851098648,1621851098678,30,1,48,2334.11337359727,-1365,185
1621851098788,1621851098868,80,20,838,39479.4121545102,-75991,191
1621851098918,1621851098948,30,1,103,7750.29504258054,-5184,339
1621851098978,1621851098998,20,0,31,2212.70196084505,-41,23
1621851099008,1621851099048,40,0,95,5516.23456596282,-4299,328
1621851099058,1621851099068,10,-1,31,2181.96357865256,-1,-1
1621851099078,1621851099088,10,-1,52,3540.53659038881,-1,-1
1621851099118,1621851099128,10,-1,126,10243.7473578965,-1,-1
1621851099138,1621851099148,10,-1,120,11216.5406886124,-1,-1
1621851099268,1621851099278,10,-1,32,642.397407259626,-1,-1
1621851099298,1621851099308,10,-1,112,9599.48297354367,-1,-1
1621851099318,1621851099328,10,-1,98,8412.51497405362,-1,-1
1621851099348,1621851099358,10,-1,37,2449.30962753548,-1,-1
1621851099368,1621851099408,40,3,134,7787.43075791322,-8957,263
1621851099627,1621851099637,10,-1,33,3077.95386850238,-1,-1
1621851099977,1621851099987,10,-1,108,8099.75719185099,-1,-1
1621851099997,1621851100067,70,2,582,48739.8787916053,-43675,276
1621851100107,1621851100227,120,1,188,12900.0366952528,-12571,91
1621851100247,1621851100287,40,3,147,8229.38485192122,-5808,112
1621851100367,1621851100417,50,3,766,42413.6082834687,-27530,130
1621851100497,1621851100687,190,4,660,40510.7215462178,-62438,59
1621851100707,1621851100737,30,12,1149,57038.0738686929,-1,26
1621851101027,1621851101097,70,14,448,511.346568750105,-19613,250
1621851101146,1621851101166,20,0,39,1328.71866289197,-895,285
1621851101216,1621851101306,90,2,292,18923.7814934728,-25151,294
1621851101756,1621851101766,10,-1,43,2162.76469568859,-1,-1
1621851101806,1621851101866,60,2,51,2010.17518697543,-840,309
1621851101976,1621851102016,40,1,44,1489.00328835185,-463,72
1621851102026,1621851102046,20,0,40,2283.73147903379,-709,131
1621851102895,1621851102905,10,-1,33,2531.2460155243,-1,-1
1621851102985,1621851102995,10,-1,33,2172.03866658929,-1,-1
1621851103485,1621851103495,10,-1,39,2419.99721963493,-1,-1
1621851103505,1621851103535,30,5,475,19821.683271598,-1,89
1621851104005,1621851104075,70,0,681,8791.92698660248,-46836,168
1621851104085,1621851104105,20,2,239,11142.7840021907,-1,85
1621851104255,1621851104335,80,0,267,11844.0529174185,-14070,280
1621851104355,1621851104504,149,21,564,29317.3830872194,-17862,52
1621851104544,1621851104554,10,-1,31,1755.57341200326,-1,-1
1621851104614,1621851104674,60,6,178,8880.81633947982,-3744,176
1621851104804,1621851104814,10,-1,39,1133.38863421343,-1,-1
1621851104854,1621851105034,180,15,632,35862.4400757998,-30707,243
1621851105374,1621851105414,40,15,1096,64433.0746897094,-1,61
1621851105514,1621851105854,340,25,926,69983.6930626274,-74266,251
1621851105864,1621851105874,10,-1,55,5302.31865955805,-1,-1
1621851105884,1621851105904,20,1,68,4805.59631208751,-17,92
1621851105914,1621851105934,20,0,36,1156.65430002516,-62,101
1621851106213,1621851106223,10,-1,44,1826.17500228627,-1,-1
1621851106503,1621851106533,30,2,128,6048.03485748598,-5975,114
1621851106593,1621851106643,50,3,328,12809.9256969909,-23708,318
1621851106673,1621851106693,20,0,37,906.760562491699,-480,29
1621851106773,1621851106833,60,3,83,3253.54506918509,-3800,87
1621851107023,1621851107083,60,3,347,22344.2230317235,-27751,267
1621851107093,1621851107103,10,-1,96,7833.97776748823,-1,-1
1621851107113,1621851107143,30,0,123,9128.79246686181,-5511,225
1621851107233,1621851107293,60,0,267,22805.6934508074,-14025,149
1621851107423,1621851107473,50,3,341,20697.590340719,-12400,80
1621851107483,1621851107503,20,1,84,3911.44191612538,-1,92
1621851107543,1621851108002,459,3,1617,123844.173374027,-134377,265
1621851108012,1621851108172,160,20,850,74293.4607126024,-75922,115
1621851108182,1621851108502,320,19,793,60375.5931335739,-52597,296
1621851108702,1621851108762,60,6,123,148.704507937411,-1,91
1621851110631,1621851110691,60,8,753,-1.0,-47563,135
1621851110701,1621851110811,110,6,316,16304.6338725726,-19025,35
1621851110871,1621851110991,120,7,432,26974.2136451018,-29381,99
1621851111340,1621851111400,60,6,309,12634.7012668615,-10841,171
1621851111410,1621851111440,30,2,264,24536.7434209531,-16296,76
1621851111450,1621851111550,100,10,419,25407.0220569421,-27865,147
1621851111640,1621851111710,70,5,386,17691.5073383564,-34788,319
1621851111720,1621851111800,80,5,230,12234.1637417372,-5099,336
1621851112190,1621851112270,80,19,327,17252.8284146597,-17440,244
1621851112500,1621851112640,140,12,931,43081.3569961969,-81941,216
1621851112650,1621851112759,109,13,545,44402.2721340373,-23282,12
1621851112770,1621851112829,59,2,164,13941.8320842977,-14836,237
1621851112839,1621851112879,40,3,117,4461.16197009966,-158,227
1621851112889,1621851112919,30,7,1252,89221.9236130655,-1,49
1621851113109,1621851113529,420,11,485,39766.5107978481,-34206,300
1621851113619,1621851113659,40,0,285,2183.98619576797,-24354,206
1621851113669,1621851113719,50,1,74,3184.05324293423,-4120,308
1621851113729,1621851113779,50,3,105,8788.97662208103,-3795,293
1621851113789,1621851113799,10,-1,61,3562.07551209999,-1,-1
1621851113809,1621851114019,210,6,300,15528.1610875646,-17283,157
1621851114029,1621851114059,30,2,101,6576.25014895304,-2329,329
1621851114079,1621851114119,40,4,149,8209.88427982905,-5205,93
1621851114129,1621851114169,40,5,201,13329.013885697,-14513,280
1621851114189,1621851114458,269,22,1582,73924.8058435404,-97088,273
1621851114538,1621851114558,20,0,34,1349.04567917547,-448,90
1621851114628,1621851114708,80,0,2107,198744.906755368,-204540,312
1621851114938,1621851114978,40,1,116,5782.88118826225,-4564,122
1621851115038,1621851115048,10,-1,44,3431.07146385342,-1,-1
1621851115058,1621851115078,20,0,50,2525.02795556804,-1789,239
1621851116247,1621851116257,10,-1,32,404.826592152803,-1,-1
1621851116477,1621851116527,50,0,377,21292.5544050053,-3663,113
1621851116637,1621851116747,110,7,323,16578.0942887251,-27595,120
1621851116837,1621851116857,20,1,174,11975.6518908884,-1,29
1621851116867,1621851116957,90,21,1219,116034.722104748,-24796,138
1621851117137,1621851117457,320,15,2405,154895.410969276,-130225,89
1621851118246,1621851118646,400,11,2012,117135.054471123,-145896,223
1621851118746,1621851118766,20,11,1114,-1.0,-53471,99
1621851118776,1621851118816,40,1,1083,105845.055980962,-103916,178
1621851118836,1621851118896,60,5,555,41448.5559675293,-23905,106
1621851118906,1621851118956,50,34,1518,145839.374898909,-4690,281
1621851119046,1621851119246,200,10,736,27791.9349355653,-67204,109
1621851119336,1621851119485,149,41,1278,94978.9917653234,-96257,7
1621851119495,1621851119615,120,28,1476,113027.526231422,-44759,202
1621851119705,1621851119955,250,15,2888,35505.6630644947,-151480,325
1621851119965,1621851120005,40,5,255,15695.5408513771,-18016,217
1621851120025,1621851120135,110,4,112,6314.04456157482,-4334,177
1621851120145,1621851120155,10,-1,45,2446.67514133853,-1,-1
1621851120165,1621851120175,10,-1,43,1745.2623367554,-1,-1
1621851120195,1621851120545,350,16,1191,73917.4036657142,-38737,342
1621851120555,1621851120805,250,11,926,55271.9015546798,-60961,137
1621851120815,1621851120855,40,2,85,4148.13798868701,-3548,119
1621851120865,1621851120885,20,0,42,1286.09930657095,-23,130
1621851120895,1621851121104,209,14,538,37083.9342768112,-21359,338
1621851121114,1621851121154,40,2,76,5425.56700515113,-2740,201
1621851121234,1621851121334,100,20,1050,101148.034632216,-39236,173
1621851121344,1621851121354,10,-1,49,2947.29932526796,-1,-1
1621851121364,1621851121434,70,2,140,13274.2342551468,-8777,358
1621851121444,1621851121484,40,1,62,3086.48741448995,-1551,300
1621851121504,1621851121744,240,22,1431,95766.3445561212,-82709,27
1621851121504,1621851121744,240,22,1431,95766.3445561212,-82709,27
1621851121864,1621851121894,30,4,288,-1.0,-10268,241
1621851121964,1621851122014,50,11,1103,63129.7521665048,-1,28
1621851122134,1621851122594,460,20,1735,114339.926091462,-147702,293
1621851122624,1621851122654,30,3,1124,95461.8156828877,-1,92
1621851123083,1621851123353,270,15,1528,18570.6506965458,-116156,267
1621851123383,1621851123393,10,-1,30,441.196818324768,-1,-1
1621851123403,1621851123443,40,3,140,7463.01318492555,-6212,308
1621851124263,1621851124313,50,6,304,21828.8458268729,-23010,174
1621851124482,1621851124492,10,-1,31,581.058775031339,-1,-1
1621851124502,1621851124542,40,6,261,16808.0694116893,-14495,356
1621851124702,1621851124742,40,6,271,17265.7867544594,-16772,180
1621851124902,1621851124922,20,1,53,4660.20224761064,-433,290
1621851124962,1621851125012,50,7,255,13728.3728934833,-8591,16
1621851125112,1621851125132,20,0,46,3628.56358274114,-1,270
1621851125552,1621851125622,70,31,1348,58498.4135838614,-20459,135
1621851125932,1621851126131,199,18,330,11064.7267737255,-17759,278
1621851126181,1621851126231,50,3,174,11762.227466368,-9305,195
1621851126271,1621851126291,20,0,53,3791.13834288492,-478,135
1621851126651,1621851126671,20,0,31,2116.95688953077,-91,119
1621851127241,1621851127271,30,0,41,1542.58961536687,-1053,196
1621851127401,1621851127441,40,4,180,9804.54730716943,-7866,19
1621851127810,1621851127840,30,6,284,17684.6782384182,-15930,179
1621851127970,1621851127980,10,-1,37,1383.00844174225,-1,-1
1621851128040,1621851128090,50,6,217,11256.2111213217,-8510,3
1621851128300,1621851128320,20,0,46,2237.14318920988,-1,75
1621851128540,1621851128580,40,6,256,13584.2548704638,-14685,182
1621851128840,1621851128880,40,4,175,11934.1244302051,-10355,7
1621851129080,1621851129100,20,0,38,3621.8562960369,-782,108
1621851129200,1621851129230,30,1,65,3369.52709170054,-2289,49
1621851129240,1621851129300,60,2,74,2154.62954178047,-3613,171
1621851129310,1621851129329,19,0,40,1050.86934094842,-1,147
1621851129349,1621851129369,20,0,41,2015.42126179485,-843,101
1621851129529,1621851129599,70,47,1902,114552.897243829,-85589,35
1621851129789,1621851129949,160,36,3281,231183.459415065,-195970,192
1621851129959,1621851130199,240,16,1833,172715.07025275,-174325,120
1621851130209,1621851130279,70,4,288,16689.2810419571,-10151,252
1621851130289,1621851130299,10,-1,113,8777.49784905222,-1,-1
1621851130859,1621851131008,149,24,1767,118879.411125321,-148228,275
1621851131018,1621851131028,10,-1,80,7545.93141440099,-1,-1
1621851131038,1621851131048,10,-1,70,5404.67233498488,-1,-1
1621851131058,1621851131068,10,-1,36,1167.97898345686,-1,-1
1621851131078,1621851131108,30,1,158,8995.86847097601,-640,192
1621851131118,1621851131138,20,1,107,8637.95433426239,-5652,21
1621851131188,1621851131298,110,4,934,40031.3183883936,-38979,316
1621851131308,1621851131418,110,3,186,9478.85961270765,-10302,143
1621851131458,1621851131468,10,-1,41,2609.07315787661,-1,-1
1621851131498,1621851131508,10,-1,33,3124.31974936075,-1,-1
1621851131578,1621851131598,20,0,67,4506.46191173623,-1,195
1621851131608,1621851131658,50,24,2011,124342.04558609,-8771,165
1621851131858,1621851132058,200,20,821,32250.4844876311,-54271,267
1621851132078,1621851132118,40,1,72,4583.72733856118,-1966,317
1621851132138,1621851132158,20,0,43,1748.41537538668,-870,329
1621851132188,1621851132198,10,-1,34,530.609503028096,-1,-1
1621851132218,1621851132238,20,0,40,3614.32885372171,-1,218
1621851132338,1621851132348,10,-1,32,1072.55358398362,-1,-1
1621851132358,1621851132378,20,0,41,1931.41771541735,-963,33
1621851132498,1621851132558,60,3,98,5251.73397316469,-4846,356
1621851132847,1621851132857,10,-1,57,3478.39109989753,-1,-1
1621851133037,1621851133077,40,2,95,5856.21124199374,-5703,180
1621851133207,1621851133347,140,0,344,26935.3149475857,-23330,354
1621851133387,1621851133557,170,39,570,42792.1010084884,-30310,73
1621851134816,1621851135026,210,15,660,15628.7308574104,-49501,232
1621851135036,1621851135056,20,0,68,5201.20934308562,-1501,204
1621851135076,1621851135086,10,-1,32,1271.98142039503,-1,-1
1621851135156,1621851135166,10,-1,38,2813.29507065512,-1,-1
1621851135176,1621851135266,90,21,609,27435.5586403875,-46389,106
1621851136315,1621851136325,10,-1,345,-1.0,-1,-1
1621851136435,1621851136485,50,4,382,-1.0,-18914,239
1621851136515,1621851136525,10,-1,37,1532.78123189346,-1,-1
1621851136645,1621851136705,60,4,113,5376.52029641964,-5180,29
1621851136715,1621851136725,10,-1,44,2072.88319114873,-1,-1
1621851136735,1621851136805,70,4,140,6623.89531732411,-5021,74
1621851136815,1621851136955,140,2,326,24226.8976714595,-21287,295
1621851136815,1621851136955,140,2,326,24226.8976714595,-21287,295
1621851137105,1621851137225,120,10,504,22367.3371512718,-46266,10
1621851137235,1621851137495,260,38,1595,156635.08306943,-123518,337
1621851137505,1621851137814,309,29,304,15531.2709906537,-18562,184
1621851137834,1621851137854,20,0,33,1931.88206508627,-1,225
1621851137874,1621851137924,50,1,46,2509.18995363085,-935,218
1621851137974,1621851137984,10,-1,44,2865.94613402845,-1,-1
1621851138034,1621851138054,20,0,50,2186.02703567436,-1131,199
1621851138114,1621851138134,20,0,52,4692.42860316705,-1979,217
1621851138234,1621851138264,30,1,76,6584.72940913942,-2581,225
1621851138274,1621851138284,10,-1,88,7050.44697006789,-1,-1
1621851138334,1621851138354,20,0,130,10480.5172774122,-7653,214
1621851138374,1621851138394,20,1,79,7168.2346293018,-1823,30
1621851138424,1621851138464,40,1,75,4055.08414048973,-2091,215
1621851138574,1621851138614,40,0,86,6289.888495302,-5215,135
1621851138644,1621851138674,30,2,123,9263.50588772109,-3124,38
1621851138734,1621851138764,30,1,134,12831.6437438066,-8070,16
1621851138774,1621851138814,40,1,48,2533.02444486016,-797,4
1621851138854,1621851138904,50,1,68,2100.82353677576,-107,30
1621851138914,1621851138924,10,-1,48,2543.26701581295,-1,-1
1621851138934,1621851138944,10,-1,35,2061.80606535442,-1,-1
1621851139014,1621851139034,20,0,58,3294.00963618101,-2398,45
1621851139054,1621851139154,100,39,1973,92872.3714995661,-110303,146
1621851139263,1621851139323,60,32,888,71751.0957988323,-45698,344
1621851139333,1621851139343,10,-1,36,1531.64735957886,-1,-1
1621851139353,1621851139493,140,11,760,40166.6613910117,-39694,234
1621851139503,1621851139513,10,-1,31,209.716030007665,-1,-1
1621851139523,1621851139553,30,1,52,1253.29660064834,-1335,341
1621851139573,1621851139613,40,1,51,1689.91272070468,-1180,0
1621851139623,1621851139833,210,9,70,2577.03449135176,-1541,359
1621851139843,1621851139863,20,1,75,3249.23076366682,-1,228
1621851139883,1621851139943,60,2,89,3437.99827158846,-3143,12
1621851140013,1621851140023,10,-1,54,3054.52104185585,-1,-1
1621851140033,1621851140053,20,1,76,6475.93913252891,-2658,246
1621851140083,1621851140123,40,1,57,1626.08293111141,-570,219
1621851140133,1621851140343,210,18,379,20591.9132314943,-18121,87
1621851140363,1621851140393,30,4,333,14642.0285432958,-1,282
1621851140932,1621851141002,70,17,904,-1.0,-37437,300
1621851141102,1621851141122,20,1,93,6859.74856146815,-1,160
1621851141302,1621851141332,30,2,112,5796.00361525218,-6283,159
1621851141422,1621851141432,10,-1,37,2066.83350651137,-1,-1
1621851141462,1621851141582,120,21,539,23925.9597174282,-6075,90
1621851142811,1621851143061,250,22,687,36527.9859508219,-61086,230
1621851143261,1621851143301,40,4,173,9315.39356323128,-6686,32
1621851143361,1621851143591,230,12,781,57708.5232608269,-27671,66
1621851144210,1621851144230,20,1,165,-1.0,-9692,275
1621851144270,1621851144320,50,5,308,20571.4073158695,-7199,50
1621851144330,1621851144510,180,19,1468,133247.079123074,-65047,232
1621851144660,1621851144730,70,4,167,6581.75035274226,-5618,283
1621851144750,1621851144780,30,1,64,2564.71087418038,-2680,28
1621851144810,1621851144830,20,0,37,1255.17398197816,-1,29
1621851145070,1621851145220,150,26,451,29637.5655582926,-18216,107
1621851145280,1621851145300,20,4,1063,86668.449898752,-1,346
1621851145600,1621851145610,10,-1,41,1950.32486276533,-1,-1
1621851145620,1621851145640,20,1,84,5634.03900139104,-1,235
1621851145800,1621851145899,99,12,880,5892.73174648214,-67591,210
1621851145909,1621851145959,50,9,368,13599.8258931113,-18701,192
1621851145969,1621851145979,10,-1,30,1715.4900977479,-1,-1
1621851146109,1621851146119,10,-1,34,483.599552287711,-1,-1
1621851146329,1621851146419,90,19,457,16940.9509435357,-12872,45
1621851146429,1621851146459,30,1,86,7195.52442260524,-2653,207
1621851146489,1621851146529,40,11,691,21744.4221579747,-1,114
1621851146849,1621851146889,40,2,255,368.569946441991,-16412,257
1621851146939,1621851146949,10,-1,35,2280.80346661857,-1,-1
1621851147389,1621851147459,70,3,66,2041.43049931921,-2276,15
1621851147469,1621851147479,10,-1,41,1184.50470176693,-1,-1
1621851147598,1621851147788,190,14,566,45644.0578225522,-41474,238
1621851147798,1621851147908,110,4,107,5445.14664778561,-4261,190
1621851147928,1621851147978,50,6,245,12964.846906702,-8268,231
1621851148048,1621851148138,90,3,57,1688.63134163946,-1464,26
1621851148148,1621851148168,20,0,48,2603.59934833958,-1,187
1621851148178,1621851148208,30,7,674,31981.0380360734,-1,26
1621851148448,1621851148498,50,12,934,20544.7472902311,-67754,336
1621851148528,1621851148658,130,3,404,25704.6296263082,-15130,200
1621851148678,1621851148738,60,2,100,6602.00458373311,-4651,191
1621851148748,1621851148878,130,30,720,30132.3918983244,-24104,348
1621851148888,1621851148918,30,2,115,5772.50262124814,-821,197
1621851148938,1621851149217,279,16,171,8618.95133553719,-9380,207
1621851149237,1621851149307,70,3,110,8005.93608759376,-6330,74
1621851149347,1621851149357,10,-1,35,904.502038199188,-1,-1
1621851149377,1621851149427,50,2,69,3236.46748683636,-2193,356
1621851149517,1621851149557,40,1,57,2393.97459820228,-2736,180
1621851149567,1621851149577,10,-1,79,7211.40012582863,-1,-1
1621851149587,1621851149647,60,4,179,9977.5040879734,-7391,181
1621851149887,1621851149917,30,2,104,4899.31578343003,-3361,21
1621851149927,1621851149937,10,-1,43,3185.47536885501,-1,-1
1621851150087,1621851150107,20,0,34,1578.45686624027,-1,243
1621851150117,1621851150217,100,6,192,14594.2545063158,-9378,242
1621851150287,1621851150367,80,5,104,3769.2524507918,-4300,104
1621851150467,1621851150637,170,20,3010,189723.298512682,-171860,172
1621851150677,1621851150757,80,16,607,31918.4049042599,-30476,147
1621851150777,1621851150816,39,1,35,688.425203885581,-472,5
1621851150836,1621851150866,30,0,43,1601.22031846757,-865,350
1621851150906,1621851150956,50,1,50,1083.74673964459,-744,321
1621851150966,1621851150986,20,0,37,731.42900965415,-535,319
1621851150996,1621851151016,20,0,78,4899.46841912219,-3636,196
1621851151066,1621851151246,180,8,57,1309.3232072705,-1871,54
1621851151276,1621851151316,40,4,145,6838.72105028804,-6944,16
1621851151396,1621851151426,30,0,38,673.134112164338,-442,250
1621851151436,1621851151466,30,0,39,817.979871851731,-60,246
1621851151476,1621851151536,60,18,503,33248.1676428071,-12915,70
1621851152525,1621851152735,210,24,243,12300.9922558485,-13984,351
1621851152755,1621851152765,10,-1,36,1691.84716894073,-1,-1
1621851152825,1621851152905,80,7,173,10022.7674264362,-5625,162
1621851154614,1621851154674,60,12,541,-1.0,-19131,266
1621851154824,1621851154854,30,1,74,3996.30087502248,-2089,254
1621851155114,1621851155164,50,1,37,1990.82661445707,-313,282
1621851155294,1621851155344,50,6,245,15218.2176710167,-13408,120
1621851155544,1621851155584,40,10,2141,164995.946252909,-184365,63
1621851156233,1621851156303,70,13,470,21922.5370220395,-20444,272
1621851156313,1621851156333,20,0,43,1271.43444679246,-1,246
1621851156383,1621851156743,360,18,776,34178.5976037533,-40116,332
1621851156763,1621851156773,10,-1,79,5973.69799420974,-1,-1
1621851156783,1621851156803,20,1,115,10809.454278914,-5633,223
1621851156833,1621851156913,80,2,219,15447.8878619717,-9366,354
1621851156993,1621851157023,30,1,80,4776.20963589925,-3961,233
1621851157113,1621851157223,110,2,652,40247.6778998989,-27064,201
1621851157353,1621851157373,20,1,338,25207.2755113962,-1,35
1621851157383,1621851157403,20,1,331,30908.391595123,-26314,211
1621851157433,1621851157512,79,4,402,34290.3611900424,-39473,29
1621851157532,1621851157622,90,1,320,27497.911717298,-28227,266
1621851157782,1621851157822,40,24,1154,97462.9802462417,-91431,105
1621851157832,1621851157932,100,3,1006,77645.3734291653,-71536,256
1621851157942,1621851158062,120,19,1532,127593.640098842,-102416,292
1621851158092,1621851158202,110,2,680,33656.9145399368,-27942,156
1621851158242,1621851158252,10,-1,55,3014.93398364182,-1,-1
1621851158262,1621851158272,10,-1,80,5092.39694131188,-1,-1
1621851158322,1621851158332,10,-1,113,9543.6292374586,-1,-1
1621851158342,1621851158662,320,6,1408,99987.3730931379,-84953,289
1621851158672,1621851158722,50,2,85,3691.76557074342,-2946,50
1621851158762,1621851158812,50,10,1486,97969.2894466164,-2130,134
1621851158912,1621851158992,80,5,431,8229.64508778343,-18703,219
1621851159002,1621851159032,30,1,47,1817.05430786316,-654,348
1621851159141,1621851159161,20,0,35,539.712441347361,-148,320
1621851159181,1621851159321,140,15,334,20916.9153233814,-8995,122
1621851159331,1621851159381,50,1,381,21826.4299757293,-2589,331
1621851159391,1621851159591,200,11,774,50208.6021891154,-60390,114
1621851159601,1621851159761,160,20,498,28196.5135737071,-19393,7
1621851159771,1621851159831,60,2,648,46890.3051148616,-51558,232
1621851161620,1621851162040,420,29,484,28896.3016078993,-25686,320
1621851162060,1621851162070,10,-1,42,2563.41031071466,-1,-1
1621851162080,1621851162120,40,1,67,2418.86870240822,-2864,274
1621851162200,1621851162230,30,1,81,4597.05371041343,-10,90
1621851162240,1621851162260,20,1,103,9552.59197171971,-5215,223
1621851162340,1621851162360,20,0,57,5018.60573605592,-1001,34
1621851162410,1621851162439,29,1,99,5292.90567447377,-5219,225
1621851162449,1621851162499,50,21,1577,90005.9671462276,-2769,142
1621851162769,1621851162829,60,14,412,1724.534230301,-17442,265
1621851162919,1621851163029,110,3,361,32871.9917937012,-13631,124
1621851163039,1621851163089,50,1,96,5702.16478937167,-5051,124
1621851163129,1621851163239,110,16,694,36008.0429807831,-31966,40
1621851163649,1621851163699,50,1,108,1319.09621875102,-6097,19
1621851163709,1621851163969,260,14,523,42880.7454869133,-35725,215
1621851164009,1621851164078,69,3,57,2021.52671298915,-1716,48
1621851164089,1621851164208,119,7,172,12170.0420528806,-5330,43
1621851164608,1621851164768,160,2,544,35824.2641705913,-29575,96
1621851164778,1621851164858,80,6,222,10194.2801700375,-12955,324
1621851164878,1621851164998,120,2,313,21122.6700675323,-12498,242
1621851165038,1621851165098,60,4,134,6916.32919991391,-6398,235
1621851165118,1621851165138,20,0,62,3998.81427875041,-2137,198
1621851165158,1621851165198,40,1,48,1790.01316502546,-1234,83
1621851165278,1621851165418,140,7,89,1828.6816237739,-577,155
1621851165568,1621851165588,20,6,496,-1.0,-3709,24
1621851166467,1621851166637,170,5,586,4515.46822132172,-29487,258
1621851166657,1621851166667,10,-1,30,1067.79209674768,-1,-1
1621851166737,1621851166747,10,-1,32,1119.7889094982,-1,-1
1621851166757,1621851166817,60,3,145,6924.55510467242,-5555,306
1621851166847,1621851166887,40,1,48,1460.85287046787,-1348,260
1621851166967,1621851166997,30,1,79,3265.76278928243,-3794,280
1621851167007,1621851167027,20,0,44,2160.82128881169,-1,259
1621851167157,1621851167207,50,5,264,22809.459874683,-15413,78
1621851167237,1621851167247,10,-1,110,8886.00264233485,-1,-1
1621851167257,1621851167267,10,-1,94,6449.78406769347,-1,-1
1621851167317,1621851167327,10,-1,76,5660.51652563096,-1,-1
1621851167646,1621851167766,120,4,49,685.585736097136,-1067,156
1621851167786,1621851167796,10,-1,30,130.083033805947,-1,-1
1621851167816,1621851167836,20,0,38,1156.75258898692,-227,90
1621851167896,1621851167906,10,-1,31,510.05285198124,-1,-1
1621851167916,1621851167956,40,1,36,522.139021133897,-494,60
1621851168026,1621851168096,70,2,61,1831.7150208669,-1508,68
1621851168026,1621851168096,70,2,61,1831.7150208669,-1508,68
1621851168106,1621851168196,90,6,308,19771.2269911035,-5904,17
1621851168536,1621851168546,10,-1,109,-1.0,-1,-1
1621851168556,1621851168606,50,2,59,1572.75781329584,-1694,214
1621851169325,1621851169465,140,11,627,50369.9775941831,-31848,337
1621851169475,1621851169485,10,-1,39,1798.26508980853,-1,-1
1621851169495,1621851169525,30,1,60,2443.03516251153,-1288,328
1621851169615,1621851169695,80,5,346,24847.6825807119,-15360,33
1621851169705,1621851169745,40,6,278,19650.3066149771,-17153,229
1621851169775,1621851169795,20,1,315,26010.8571939531,-1,169
1621851169805,1621851169895,90,1,497,43588.3562047239,-30092,323
1621851169905,1621851169955,50,1,243,22377.2672281526,-13589,325
1621851170135,1621851170155,20,0,66,4262.99617774234,-718,227
1621851170195,1621851170235,40,0,108,8935.44192432401,-6572,108
1621851170595,1621851170605,10,-1,83,6492.51853806322,-1,-1
1621851170615,1621851170635,20,0,83,6817.50721748809,-4819,225
1621851170655,1621851170684,29,0,74,6104.15427900424,-3868,53
1621851170734,1621851170794,60,4,134,5533.74252146841,-3624,132
1621851170864,1621851170914,50,0,90,7802.97884095571,-5456,104
1621851170964,1621851170994,30,1,79,5690.0809973313,-3120,350
1621851171044,1621851171134,90,4,85,5098.13932318199,-839,103
1621851171154,1621851171194,40,2,71,3045.89979214612,-1517,116
1621851171204,1621851171264,60,2,44,1404.01408775097,-8,175
1621851171794,1621851171804,10,-1,49,-1.0,-1,-1
1621851171924,1621851172024,100,10,156,8147.8843895458,-3172,323
1621851172483,1621851172813,330,16,525,35119.6860883832,-43983,231
1621851172913,1621851173143,230,15,1476,121839.835971012,-134356,326
1621851173153,1621851173163,10,-1,78,5276.40910441022,-1,-1
1621851173173,1621851173203,30,0,88,6474.1926522414,-4457,180
1621851173213,1621851173223,10,-1,69,5819.50226247531,-1,-1
1621851173233,1621851173263,30,1,104,9476.32085639693,-3922,206
1621851173493,1621851173523,30,0,55,3642.09672052755,-2023,48
1621851173533,1621851173543,10,-1,64,4348.9008290915,-1,-1
1621851173553,1621851173573,20,1,106,9652.05235283221,-5708,230
1621851173593,1621851173883,290,21,416,15504.1677295506,-29923,80
1621851173933,1621851173992,59,2,189,9300.27506653371,-6092,107
1621851174202,1621851174422,220,14,535,36566.9402406538,-33756,354
1621851175452,1621851175552,100,26,631,18736.7683717872,-25099,230
1621851175562,1621851175751,189,16,248,11851.2243694485,-10015,202
1621851175811,1621851175821,10,-1,79,6522.85846438359,-1,-1
1621851175831,1621851175851,20,0,107,9524.97478407638,-6767,210
1621851175971,1621851176011,40,1,823,78306.3919606831,-78802,45
1621851176071,1621851176111,40,2,108,6307.85755732937,-1483,23
1621851176131,1621851176361,230,14,659,50235.2423105792,-39309,2
1621851176371,1621851176391,20,0,52,4910.95441272807,-1741,195
1621851176421,1621851176641,220,47,2342,129004.699101301,-71793,164
1621851176771,1621851177131,360,23,740,36334.3347271399,-64215,335
1621851177171,1621851177181,10,-1,37,2852.3661458488,-1,-1
1621851177191,1621851177201,10,-1,51,4125.77253838064,-1,-1
1621851177211,1621851177221,10,-1,88,8054.63748022024,-1,-1
1621851177231,1621851177300,69,1,117,7200.29730687262,-5613,223
1621851177310,1621851177400,90,2,165,14101.6098855456,-10421,270
1621851177410,1621851177420,10,-1,95,9001.28688812762,-1,-1
1621851177430,1621851177440,10,-1,52,3225.61584948821,-1,-1
1621851177460,1621851177500,40,1,62,3587.09003523841,-2357,242
1621851177730,1621851177780,50,4,189,9019.41776424395,-12059,94
1621851177970,1621851177980,10,-1,54,3849.03634801996,-1,-1
1621851177990,1621851178020,30,1,70,2835.47380717315,-3461,52
1621851178050,1621851178070,20,0,47,1857.54295400248,-1,45
1621851178150,1621851178200,50,7,319,16137.06113861,-17753,217
1621851178420,1621851178460,40,3,138,8635.3623455903,-7780,170
1621851178660,1621851178710,50,7,231,15410.9222303336,-10938,341
1621851178730,1621851178850,120,11,163,8920.12429698636,-6566,165
1621851179199,1621851179359,160,6,466,28163.6068413266,-36099,224
1621851179409,1621851179429,20,0,30,762.620311782474,-33,350
1621851179479,1621851179489,10,-1,30,84.2972128779667,-1,-1
1621851179509,1621851179519,10,-1,34,857.368858703477,-1,-1
1621851179529,1621851179569,40,1,60,2048.65680506947,-2633,190
1621851179609,1621851179749,140,5,54,1061.20684156075,-974,348
1621851179779,1621851179859,80,4,127,5144.74130837478,-1690,19
1621851179869,1621851179879,10,-1,120,10202.9494332483,-1,-1
1621851179889,1621851179939,50,3,164,13857.6984926454,-6115,26
1621851179949,1621851180039,90,4,1070,76015.9034599642,-4030,110
1621851180129,1621851180339,210,11,1357,30155.3698258977,-86131,337
1621851180349,1621851180409,60,1,371,19382.005420979,-23254,40
1621851180419,1621851180519,100,3,52,1230.71015103726,-1175,359
1621851180569,1621851180599,30,5,266,19846.4537157202,-20361,63
1621851180678,1621851180758,80,4,102,3543.68235443469,-770,140
1621851180768,1621851180878,110,9,385,27330.0658302901,-23126,162
1621851180888,1621851180908,20,3,287,17780.6854641729,-1,336
1621851181038,1621851181198,160,21,604,1846.87255858453,-16666,262
1621851181208,1621851181218,10,-1,39,1046.87277891725,-1,-1
1621851181268,1621851181308,40,2,119,7319.58047747991,-6646,204
1621851181488,1621851181528,40,1,72,1266.28925609128,-1,16
1621851181538,1621851181588,50,12,589,44885.0566877662,-6868,133
1621851181688,1621851181808,120,25,689,33194.5187779493,-58421,19
1621851181818,1621851182088,270,15,386,23465.9537451811,-10527,2
1621851182238,1621851182697,459,23,689,54531.7195046946,-36242,346
1621851182757,1621851182777,20,0,46,1659.66084982066,-84,298
1621851182847,1621851182927,80,13,399,19418.467096385,-15887,332
1621851182987,1621851182997,10,-1,42,2311.70691985506,-1,-1
1621851183127,1621851183147,20,1,153,10179.9191429335,-1,223
1621851183157,1621851183257,100,2,251,22271.7196203723,-9310,114
1621851183287,1621851183337,50,2,61,1789.79245933021,-1799,82
1621851183347,1621851183357,10,-1,58,4343.80607500677,-1,-1
1621851183397,1621851183437,40,6,1509,120004.475132053,-1,58
1621851183537,1621851183577,40,6,737,2157.30713137872,-51623,221
1621851183677,1621851183697,20,0,41,1046.27489837108,-1,344
1621851183717,1621851183857,140,13,609,20487.5883983604,-20769,331
1621851183877,1621851183936,59,3,108,5404.05773338474,-4459,245
1621851183986,1621851184196,210,7,77,4429.8219188776,-2834,130
1621851184206,1621851184216,10,-1,68,5600.00753276217,-1,-1
1621851184266,1621851184276,10,-1,56,3354.42446163539,-1,-1
1621851184286,1621851184296,10,-1,38,941.841742223878,-1,-1
1621851184306,1621851184336,30,1,75,4180.17605992472,-509,74
1621851184346,1621851184366,20,0,57,3391.81613974567,-1884,208
1621851184376,1621851184426,50,1,50,1702.69370376257,-856,112
1621851184436,1621851184456,20,1,89,7016.87123799272,-1,211
1621851184496,1621851184656,160,11,190,10274.5247560471,-5124,105
1621851184736,1621851184846,110,3,252,20927.1552498898,-3847,40
1621851185246,1621851185266,20,0,247,-1.0,-19247,243
1621851185486,1621851185536,50,3,98,5795.37801852492,-3060,198
1621851185575,1621851185595,19,0,41,2825.75843398727,-261,189
1621851186355,1621851186375,20,0,738,-1.0,-68640,239
1621851186525,1621851186605,80,12,275,10122.1369283129,-21496,67
1621851189693,1621851189863,170,20,741,7208.5799788334,-18259,229
1621851189893,1621851189963,70,6,214,13490.711024445,-8041,272
1621851190103,1621851190303,200,10,76,3041.3136033255,-1964,96
1621851190942,1621851190982,40,15,1350,62217.6344653077,-1,33
1621851191222,1621851191232,10,-1,89,-1.0,-1,-1
1621851191382,1621851191402,20,0,49,1400.86678131033,-1,335
1621851192501,1621851192531,30,2,263,-1.0,-16184,251
1621851192761,1621851192781,20,0,60,3767.04597654821,-1041,230
1621851192821,1621851192831,10,-1,36,1218.10207233107,-1,-1
1621851192881,1621851192901,20,4,412,20796.7501334153,-1,69
1621851193011,1621851193151,140,30,1485,23620.9315299062,-70047,353
1621851193161,1621851193171,10,-1,43,2536.85822614138,-1,-1
1621851193181,1621851193421,240,10,393,26959.8347342819,-20049,26
1621851193491,1621851193591,100,4,76,2944.0612856283,-1223,136
1621851193601,1621851193651,50,2,271,16470.1294072957,-22007,167
1621851193661,1621851193681,20,0,33,2167.50013367954,-81,174
1621851193691,1621851193870,179,11,780,58452.0429128782,-71142,140
1621851193880,1621851193960,80,1,211,18221.2257890908,-13711,157
1621851193970,1621851194030,60,4,145,12188.0429698033,-7144,302
1621851194040,1621851194250,210,12,1125,77417.7845328569,-13012,326
1621851194900,1621851195000,100,23,883,7900.53044422964,-34622,310
1621851195030,1621851195050,20,0,42,2217.80136069261,-208,318
1621851195070,1621851195200,130,9,93,3585.61561648174,-4003,274
1621851195210,1621851195400,190,37,753,16957.1313342068,-32588,80
1621851197618,1621851197708,90,9,776,71526.7482089648,-56296,268
1621851197798,1621851197818,20,0,38,2559.84969791776,-1,225
1621851197838,1621851197858,20,0,41,1013.19489923026,-1,262
1621851197888,1621851197898,10,-1,43,1477.67685157257,-1,-1
1621851198068,1621851198078,10,-1,39,2290.80111708106,-1,-1
1621851198088,1621851198188,100,38,591,22395.3323220675,-13363,77
1621851198728,1621851198937,209,9,695,57823.4985422278,-25284,280
1621851198997,1621851199017,20,0,31,561.925265689879,-1,188
1621851199027,1621851199067,40,3,150,7693.51469744969,-8175,210
1621851199077,1621851199147,70,7,217,11080.3964146839,-10187,171
1621851199297,1621851199327,30,1,236,14242.1789241315,-1325,220
1621851199347,1621851199357,10,-1,31,513.247419408314,-1,-1
1621851199367,1621851199407,40,4,225,13120.179771488,-12989,44
1621851199417,1621851199427,10,-1,46,3400.40928804663,-1,-1
1621851199477,1621851199487,10,-1,34,2915.93538465989,-1,-1
1621851199567,1621851199657,90,4,82,4481.17935394777,-2985,209
1621851199697,1621851199757,60,6,225,10188.4715522625,-14271,186
1621851199927,1621851199957,30,3,235,11292.8758687274,-1,86
1621851200187,1621851200247,60,3,374,25320.8543357395,-22946,24
1621851200327,1621851200436,109,4,342,27859.8949403808,-15298,308
1621851200446,1621851200466,19,0,49,1369.49680868411,-1,69
1621851200496,1621851200526,30,0,47,2420.35958946948,-1052,317
1621851200566,1621851200606,40,2,109,6297.7702803182,-6414,284
1621851200636,1621851200646,10,-1,33,899.154850712543,-1,-1
1621851200796,1621851200826,30,0,46,2081.85688113245,-1039,60
1621851200876,1621851200886,10,-1,59,3686.50339207179,-1,-1
1621851200896,1621851200906,10,-1,46,2436.58485546033,-1,-1
1621851200996,1621851201066,70,8,281,12252.9319946595,-11621,82
1621851201076,1621851201086,10,-1,30,354.995959744352,-1,-1
1621851201136,1621851201206,70,3,60,1785.66153827121,-515,100
1621851201936,1621851202056,120,8,773,29763.6271752976,-47967,188
1621851203395,1621851203525,130,26,1670,27633.2857549241,-113075,289
1621851203585,1621851203635,50,4,199,8621.88665229099,-10863,337
1621851203774,1621851203784,10,-1,35,1819.13101595581,-1,-1
1621851203794,1621851203804,10,-1,81,5577.3878586357,-1,-1
1621851203814,1621851203834,20,1,79,4987.3935716987,-2402,54
1621851203864,1621851203924,60,12,302,18670.6394291563,-9522,287
1621851203954,1621851203984,30,1,273,18822.7774284928,-1,79
1621851203994,1621851204024,30,1,291,26929.700008991,-20483,183
1621851204084,1621851204234,150,15,440,25158.1377097098,-26606,110
1621851204334,1621851204364,30,0,36,2379.26626319088,-386,51
1621851204384,1621851204404,20,0,41,2015.22302942318,-6,90
1621851204434,1621851204464,30,1,1260,120039.069729114,-1,80
1621851204564,1621851204754,190,13,711,34140.9492637916,-51470,298
1621851204774,1621851204844,70,3,57,2002.6369884711,-2563,292
1621851204854,1621851205084,230,4,1991,176492.561697888,-172334,98
1621851205174,1621851205493,319,15,767,19211.5154057098,-32228,18
1621851205503,1621851205553,50,2,214,9807.08801002598,-14284,4
1621851205563,1621851205613,50,1,181,9127.18182395727,-13484,13
1621851205663,1621851205723,60,8,224,17086.9600236194,-11590,69
1621851205733,1621851205793,60,1,112,8624.04066355285,-5215,144
1621851205823,1621851205853,30,1,84,4323.62322050294,-3989,1
1621851205863,1621851205873,10,-1,48,2009.69553966325,-1,-1
1621851206233,1621851206673,440,28,736,36542.7937389126,-67536,194
1621851206683,1621851206753,70,1,134,5823.77653146733,-8028,272
1621851206813,1621851206933,120,2,268,21540.4191722237,-19029,227
1621851207033,1621851207072,39,0,245,22621.0894492779,-12948,129
1621851207112,1621851207122,10,-1,30,2480.909552708,-1,-1
1621851207132,1621851207172,40,4,169,14378.9493026805,-11383,107
1621851207282,1621851207312,30,4,358,16652.8593816815,-1,65
1621851207442,1621851207482,40,3,132,3517.69790204867,-5944,237
1621851207442,1621851207482,40,3,132,3517.69790204867,-5944,237
1621851207492,1621851207502,10,-1,65,4136.31741840637,-1,-1
1621851207532,1621851207612,80,2,140,9839.20383751485,-9047,52
1621851207762,1621851207822,60,13,683,15075.2340154929,-35376,341
1621851207842,1621851207882,40,2,113,6623.45849572757,-5052,322
1621851207892,1621851207902,10,-1,55,4323.23109142315,-1,-1
1621851207912,1621851208062,150,2,498,38357.2882015394,-33394,353
1621851208082,1621851208292,210,21,1705,125671.796626004,-28129,195
1621851208442,1621851208682,240,36,310,15152.0325236867,-11180,0
1621851208712,1621851208721,9,-1,34,850.193648064942,-1,-1
1621851208791,1621851208841,50,1,38,846.667522917662,-573,78
1621851209231,1621851209551,320,23,1486,124421.544423051,-120553,186
1621851209561,1621851209671,110,17,629,43193.5769441333,-53708,174
1621851209711,1621851209761,50,0,144,11875.4079905019,-10369,135
1621851209941,1621851209951,10,-1,30,886.586164028122,-1,-1
1621851210001,1621851210031,30,1,59,2776.49752785704,-455,63
1621851210071,1621851210091,20,0,39,2023.56890656438,-452,71
1621851210101,1621851210141,40,1,70,2378.0268510097,-1,70
1621851210151,1621851210271,120,6,263,23246.7081399366,-17001,83
1621851210281,1621851210301,20,0,37,906.6832455808,-1,90
1621851210930,1621851211050,120,37,1076,17397.9118797166,-24990,307
1621851211090,1621851211110,20,4,449,21717.179193254,-1,144
1621851213369,1621851213399,30,4,223,343.258141098289,-3930,61
1621851213409,1621851213419,10,-1,34,1824.20934139965,-1,-1
1621851213748,1621851213798,50,21,971,-1.0,-29092,238
1621851213808,1621851213828,20,0,36,2180.39197905233,-1,77
1621851213868,1621851213878,10,-1,32,392.432457024008,-1,-1
1621851213968,1621851214028,60,9,269,15206.7149155926,-6710,220
1621851214208,1621851214258,50,7,203,11139.4274797765,-10024,223
1621851214368,1621851214378,10,-1,34,2166.32831637116,-1,-1
1621851214498,1621851214538,40,5,192,10192.3374091664,-11202,170
1621851214808,1621851214838,30,2,141,7464.05790462996,-8888,139
1621851214998,1621851215068,70,17,341,17346.6307761909,-14852,109
1621851215547,1621851215597,50,17,582,39166.1483062547,-14963,61
1621851219565,1621851219595,30,1,88,-1.0,-4385,88
1621851219645,1621851219655,10,-1,37,1670.14468546495,-1,-1
1621851219715,1621851219745,30,2,126,11892.0166469733,-8295,312
1621851220055,1621851220135,80,12,445,9873.58213412293,-28963,270
1621851220235,1621851220294,59,14,385,18471.8217120104,-20823,333
1621851220324,1621851220354,30,0,48,2285.31640678203,-457,214
1621851220364,1621851220394,30,1,107,4915.88298336565,-1,0
1621851220404,1621851220434,30,1,116,9707.25025711515,-6535,177
1621851220464,1621851220474,10,-1,31,2306.63496438502,-1,-1
1621851220484,1621851220534,50,5,215,15221.7432582446,-12336,234
1621851220554,1621851220564,10,-1,31,479.162841266279,-1,-1
1621851220574,1621851220614,40,1,99,5760.98227544096,-4812,299
1621851220784,1621851220804,20,1,80,7790.82700833006,-3284,19
1621851220824,1621851220884,60,10,532,25952.4666756517,-30714,342
1621851221194,1621851221244,50,27,1497,-1.0,-53126,92
1621851221414,1621851221504,90,8,407,29853.73712213,-29218,259
1621851221884,1621851221923,39,17,916,70628.3844329978,-56371,80
1621851222303,1621851222353,50,2,192,554.206290054117,-11564,244
1621851222463,1621851222483,20,5,510,24804.202263243,-1,79
1621851223093,1621851223133,40,6,468,-1.0,-18555,211
1621851223183,1621851223203,20,0,34,2053.25084744572,-114,144
1621851223283,1621851223333,50,20,607,30819.4365997295,-16591,96
1621851223582,1621851223632,50,3,279,5967.0193899714,-16265,248
1621851223642,1621851223752,110,1,562,29314.9176880377,-26000,349
1621851224202,1621851224222,20,1,279,-1.0,-17846,254
1621851224492,1621851224502,10,-1,37,2136.32298929519,-1,-1
1621851224582,1621851224622,40,5,512,24985.0675351693,-77,85
1621851225012,1621851225072,60,5,448,11746.5944536079,-29037,292
1621851225092,1621851225112,20,0,34,810.781864764994,-1,33
1621851225182,1621851225201,19,0,35,1889.66773742713,-1,319
1621851225331,1621851225471,140,25,651,41166.605427027,-26879,65
1621851225941,1621851225971,30,2,283,-1.0,-16542,251
1621851226171,1621851226221,50,1,119,7721.62162503356,-4500,19
1621851226241,1621851226281,40,11,514,24626.8195497967,-24600,77
1621851226481,1621851226551,70,7,912,5235.38763957549,-64244,264
1621851226571,1621851226591,20,0,36,687.309158003191,-458,45
1621851226601,1621851226611,10,-1,33,811.788413365149,-1,-1
1621851226741,1621851226781,40,7,271,12168.5542882469,-13084,359
1621851226910,1621851226930,20,0,36,2049.43744420044,-541,212
1621851227050,1621851227100,50,15,598,30155.5848709211,-1,67
1621851227240,1621851227300,60,3,263,716.220559603294,-14853,231
1621851228759,1621851229089,330,15,976,18114.7914855778,-56069,287
1621851229099,1621851229119,20,0,51,2296.82397274915,-946,53
1621851229269,1621851229289,20,0,51,2627.69472719491,-1,225
1621851229309,1621851229329,20,0,38,1204.29378531826,-171,225
1621851229339,1621851229359,20,0,36,626.898359422158,-1,225
1621851229389,1621851229409,20,0,37,1071.97829933139,-12,196
1621851229429,1621851229449,20,0,36,1389.03014541819,-1,123
1621851229469,1621851229569,100,24,1347,66450.5165808493,-1668,38
1621851229659,1621851229879,220,13,2509,47881.0640872617,-134654,52
1621851229889,1621851229929,40,3,129,6130.06035070799,-5372,214
1621851229939,1621851229989,50,10,357,17796.7465040364,-16125,268
1621851230019,1621851230029,10,-1,30,1811.04130993458,-1,-1
1621851230079,1621851230139,60,13,698,39285.2237768897,-7099,95
1621851231857,1621851232057,200,14,376,1959.75841765308,-13436,300
1621851232067,1621851232117,50,4,376,29612.5298821282,-14916,196
1621851232387,1621851232407,20,0,59,3534.27960863729,-1,151
1621851232417,1621851232667,250,14,1857,99215.1523671995,-128760,13
1621851232677,1621851232687,10,-1,32,788.365979926034,-1,-1
1621851232757,1621851232817,60,4,139,6067.6420742048,-5203,204
1621851232907,1621851232947,40,1,48,1350.68305446192,-764,146
1621851232997,1621851233017,20,1,192,8872.60514770659,-1,91
1621851233407,1621851233506,99,14,453,16278.3667171139,-35166,354
1621851233516,1621851233566,50,2,170,14680.5266682252,-9753,221
1621851233576,1621851233586,10,-1,61,5230.83184288644,-1,-1
1621851233776,1621851233786,10,-1,38,1842.82127888245,-1,-1
1621851233806,1621851233846,40,1,262,19240.1989651046,-7783,167
1621851233856,1621851233876,20,7,667,37310.4966352049,-1,278
1621851234096,1621851234156,60,23,1090,31281.1623956009,-80159,96
1621851234316,1621851234346,30,2,313,-1.0,-19122,256
1621851234376,1621851234396,20,0,43,3928.47278063997,-434,160
1621851234406,1621851234496,90,0,1415,121838.977610527,-114180,171
1621851234566,1621851234616,50,0,136,10055.6214701724,-7162,188
1621851235955,1621851235985,30,2,281,-1.0,-17047,250
1621851236055,1621851236065,10,-1,538,53468.0379757109,-1,-1
1621851237744,1621851237764,20,3,415,32846.3363570664,-1,85
1621851237774,1621851237824,50,5,529,50909.3629852049,-31881,110
1621851237834,1621851237904,70,0,421,37996.9050995053,-31878,33
1621851237914,1621851237924,10,-1,301,28795.6474441484,-1,-1
1621851238054,1621851238174,120,45,2052,155852.981780683,-137110,300
1621851238184,1621851238234,50,1,296,17596.7676949529,-21305,81
1621851238354,1621851238433,79,33,787,38808.8071972871,-30521,81
1621851241022,1621851241052,30,2,322,-1.0,-19409,286
1621851241851,1621851241901,50,11,900,2765.98274191163,-45836,268
1621851242051,1621851242081,30,1,81,2849.03107907039,-4062,283
1621851242141,1621851242251,110,9,312,18451.7325363424,-20798,261
1621851242391,1621851242471,80,8,135,3308.83744662886,-3399,71
1621851242561,1621851242681,120,10,148,4346.16140641887,-8917,243
1621851242761,1621851242831,70,4,78,3609.97826145843,-1820,78
1621851242861,1621851242891,30,0,40,1341.02969301624,-432,86
1621851242901,1621851242951,50,10,1119,57996.3290093243,-3915,42
1621851243131,1621851243271,140,8,496,5140.88678478092,-15971,117
1621851243291,1621851243381,90,5,103,4394.70944958011,-4802,198
1621851243410,1621851243430,20,0,42,928.136557540525,-1,186
1621851243450,1621851243490,40,4,165,11335.6417914761,-10549,4
1621851243510,1621851243520,10,-1,78,4994.46920994935,-1,-1
1621851243530,1621851243540,10,-1,42,1903.17505271215,-1,-1
1621851243550,1621851243560,10,-1,35,2310.66040206317,-1,-1
1621851243610,1621851243660,50,2,130,5680.93361794202,-7190,135
1621851243680,1621851243700,20,0,50,1937.66805721483,-1,253
1621851243780,1621851243800,20,0,64,2895.71042463664,-1,21
1621851243810,1621851243820,10,-1,34,895.367320113228,-1,-1
1621851243830,1621851243910,80,2,297,23916.3419944932,-15435,256
1621851243830,1621851243910,80,2,297,23916.3419944932,-15435,256
1621851243930,1621851244080,150,14,244,11706.3277984418,-8157,356
1621851244330,1621851244520,190,2,446,17114.1183752748,-31577,275
1621851244560,1621851244610,50,3,135,7951.70738203785,-6619,291
1621851244720,1621851244730,10,-1,53,3848.47925027688,-1,-1
1621851244740,1621851244750,10,-1,52,4034.66972262726,-1,-1
1621851245010,1621851245039,29,1,92,5077.73411830906,-2696,25
1621851245279,1621851245339,60,2,43,1255.23142349043,-1250,232
1621851245389,1621851245419,30,0,39,590.928702415992,-1,234
1621851245429,1621851245599,170,28,1478,85250.8892163243,-95885,85
1621851245889,1621851245919,30,2,137,7209.96931586862,-5432,266
1621851246159,1621851246269,110,22,626,30129.1898273393,-24437,82
1621851246319,1621851246379,60,4,390,17026.1488475326,-2953,99
1621851246878,1621851246898,20,1,264,-1.0,-19455,244
1621851247358,1621851247388,30,1,246,-1.0,-15467,240
1621851247438,1621851247478,40,20,926,77264.5799014462,-73220,335
1621851248088,1621851248327,239,30,1716,150310.393039094,-114245,167
1621851248647,1621851248667,20,17,1393,-1.0,-66483,66
1621851249197,1621851249317,120,12,405,21627.8001956751,-28295,274
1621851249327,1621851249337,10,-1,138,11597.2291986831,-1,-1
1621851249347,1621851249427,80,11,390,19772.403268644,-20067,293
1621851249557,1621851249697,140,26,484,17719.4010647234,-19229,179
1621851249707,1621851249757,50,2,76,5976.04812077485,-2232,37
1621851249767,1621851249797,30,1,51,2305.96416383213,-1691,18
1621851249867,1621851249927,60,11,462,22502.4484475327,-30635,349
1621851250026,1621851250036,10,-1,31,1042.04166117605,-1,-1
1621851250046,1621851250116,70,17,422,18849.6222139693,-26633,2
1621851250196,1621851250226,30,1,87,3383.48574649501,-3802,211
1621851250246,1621851250256,10,-1,31,1620.50493817106,-1,-1
1621851250266,1621851250316,50,14,1355,64844.9668848971,-3156,101
1621851250456,1621851250506,50,7,351,-1.0,-11749,21
1621851250666,1621851250696,30,2,299,-1.0,-16319,257
1621851250776,1621851250806,30,35,2048,188489.109290927,-14236,278
1621851251146,1621851251296,150,8,442,22918.9347138398,-32081,275
1621851251306,1621851251346,40,5,399,37917.9014181359,-17710,76
1621851251426,1621851251446,20,0,55,5024.95962061698,-454,263
1621851251496,1621851251556,60,13,480,24363.3101535561,-16063,256
1621851251566,1621851251616,50,2,52,3526.79397041105,-1,48
1621851252075,1621851252085,10,-1,426,-1.0,-1,-1
1621851252355,1621851252395,40,6,473,-1.0,-19905,266
1621851252415,1621851252555,140,7,552,26523.0028235683,-34638,130
1621851252565,1621851252605,40,1,76,5246.50659951986,-3137,57
1621851252645,1621851252675,30,0,40,1206.98798528378,-369,36
1621851252705,1621851252725,20,0,46,3014.99187527691,-1538,37
1621851253215,1621851253664,449,9,422,33964.7095019795,-24408,351
1621851253674,1621851253924,250,16,418,28489.0006295696,-17235,315
1621851253944,1621851253974,30,0,54,2125.45359303522,-1,312
1621851253984,1621851254014,30,0,57,2227.33400623919,-176,233
1621851254104,1621851254174,70,9,274,14310.5781004438,-16564,359
1621851254184,1621851254444,260,13,391,30971.7285580029,-18407,150
1621851254484,1621851254494,10,-1,39,1146.48177710922,-1,-1
1621851254524,1621851254534,10,-1,32,467.503933899151,-1,-1
1621851254544,1621851254584,40,3,132,8671.8697110775,-6569,126
1621851254594,1621851254704,110,9,264,12130.1250615423,-14098,61
1621851254734,1621851254744,10,-1,56,3821.39051724464,-1,-1
1621851256243,1621851256273,30,6,353,-1.0,-19703,239
1621851259281,1621851259301,20,1,74,1202.86465718886,-1,122
1621851259401,1621851259411,10,-1,33,1553.84707927919,-1,-1
1621851260980,1621851261090,110,2,1083,64650.1571137482,-62935,260
1621851261100,1621851261120,20,10,546,52449.7652637011,-49854,254
1621851262009,1621851262019,10,-1,228,-1.0,-1,-1
1621851262219,1621851262249,30,3,226,6083.66291714489,-987,235
1621851262259,1621851262279,20,1,84,6567.5795843704,-3182,252
1621851262339,1621851262349,10,-1,51,4769.23057575527,-1,-1
1621851262369,1621851262439,70,18,545,42103.5549978137,-26418,245
1621851262839,1621851262849,10,-1,34,-1.0,-1,-1
1621851262879,1621851262899,20,0,50,3173.86809945969,-1360,63
1621851262999,1621851263039,40,3,123,7736.24209840025,-5783,300
1621851263049,1621851263069,20,1,76,6011.23863601152,-657,108
1621851263119,1621851263129,10,-1,53,3535.82328636352,-1,-1
1621851263139,1621851263178,39,1,52,2619.36793671749,-1212,2
1621851263189,1621851263258,69,7,273,13829.5075715835,-13036,239
1621851263268,1621851263298,30,1,105,8878.06670364577,-5142,126
1621851263338,1621851263398,60,1,141,10345.9263328639,-9596,341
1621851263988,1621851263998,10,-1,34,-1.0,-1,-1
1621851264897,1621851264987,90,9,600,48720.3728675931,-21951,14
1621851264997,1621851265027,30,6,441,42257.4056306227,-13547,268
1621851266496,1621851266516,20,1,266,-1.0,-16470,248
1621851266646,1621851266676,30,3,176,9624.83420238476,-9321,356
1621851267236,1621851267256,20,2,323,-1.0,-8733,336
1621851267406,1621851267486,80,27,390,1464.13419896587,-13618,191
1621851267596,1621851267616,20,1,168,-1.0,-9426,234
1621851267626,1621851267696,70,3,281,11566.9374121875,-9988,224
1621851268375,1621851268555,180,6,177,9519.35518079296,-7292,298
1621851268565,1621851268585,20,0,54,2759.80389227491,-1868,349
1621851268725,1621851268825,100,18,1714,96983.1063451833,-56663,240
1621851268965,1621851268995,30,6,385,-1.0,-21752,210
1621851269015,1621851269125,110,8,143,5127.51466091637,-4176,50
1621851269145,1621851269225,80,3,67,2105.58523529218,-1649,54
1621851270134,1621851270194,60,16,352,3290.58642175901,-17777,258
1621851272413,1621851272433,20,2,336,-1.0,-25235,229
1621851272693,1621851272713,20,1,243,-1.0,-16599,263
1621851272733,1621851272763,30,1,88,6616.99542459653,-4376,329
1621851272773,1621851272803,30,0,1026,99648.0877648929,-1809,327
1621851273622,1621851273642,20,15,436,-1.0,-15873,254
1621851273912,1621851273942,30,2,286,-1.0,-17942,256
1621851274722,1621851274801,79,7,352,10576.6648912856,-22442,150
1621851275161,1621851275191,30,2,391,-1.0,-28214,244
1621851275201,1621851275341,140,10,233,12534.1490822599,-17139,132
1621851276410,1621851276430,19,1,296,-1.0,-19838,243
1621851276450,1621851276560,110,11,1642,113162.848583189,-86559,129
1621851276870,1621851276980,110,6,1279,80104.5808218754,-49464,262
1621851278139,1621851278149,10,-1,1537,-1.0,-1,-1
1621851278259,1621851278339,80,6,1052,24593.9863546201,-76184,224
1621851278349,1621851278449,100,2,227,12811.686434067,-11180,316
1621851278469,1621851278529,60,2,59,2152.36738196246,-2522,38
1621851279469,1621851279489,20,2,323,-1.0,-20020,251
1621851280598,1621851280758,160,10,504,31132.150714106,-23310,310
1621851280808,1621851280818,10,-1,51,3413.69760044696,-1,-1
1621851280828,1621851280848,20,0,60,3330.57374966197,-783,30
1621851280898,1621851280928,30,2,110,7032.92727038469,-4752,234
1621851280948,1621851281038,90,6,204,14299.988835943,-15941,204
1621851281068,1621851281138,70,5,529,43491.9468969927,-46379,56
1621851281148,1621851281158,10,-1,31,2592.39207127231,-1,-1
1621851281168,1621851281218,50,6,256,13616.0099260389,-16013,53
1621851281228,1621851281377,149,4,342,24423.2852462758,-19005,56
1621851281407,1621851281427,20,2,123,10074.1756471412,-2221,108
1621851281527,1621851281537,10,-1,35,2586.58558339215,-1,-1
1621851281567,1621851281587,20,0,48,1802.75664328456,-1,85
1621851281917,1621851281937,20,1,294,-1.0,-21085,251
1621851281997,1621851282027,30,0,43,778.10230865049,-1,70
1621851282807,1621851282877,70,30,1790,93001.6287924086,-69366,262
1621851283286,1621851283386,100,8,193,2411.51629285906,-7163,345
1621851284695,1621851284765,70,8,677,27506.6713048308,-34512,278
1621851284785,1621851284915,130,5,402,33937.9412916493,-14227,199
1621851284925,1621851284935,10,-1,55,4078.81476757768,-1,-1
1621851284945,1621851284955,10,-1,43,1769.46373374202,-1,-1
1621851285035,1621851285085,50,7,502,31066.9345964172,-8385,50
1621851285365,1621851285375,10,-1,44,2737.45445110603,-1,-1
1621851285485,1621851285525,40,3,229,1635.42746459594,-13374,311
1621851286055,1621851286294,239,8,413,28130.2881008745,-25698,239
1621851286304,1621851286394,90,3,217,12532.6318834507,-14422,242
1621851286434,1621851286454,20,0,39,1203.503656118,-518,234
1621851286504,1621851286514,10,-1,31,2116.94717823749,-1,-1
1621851286564,1621851286654,90,3,180,11192.3018091099,-13429,239
1621851286664,1621851286684,20,1,105,9402.91988344762,-2346,49
1621851286804,1621851286824,20,1,99,7458.22150104345,-4261,225
1621851286864,1621851286884,20,1,78,5744.7664616299,-1491,54
1621851287004,1621851287014,10,-1,54,3130.37388271463,-1,-1
1621851287024,1621851287394,370,17,759,34895.9368908948,-27322,161
1621851287424,1621851287454,30,3,481,30855.5625651848,-1,37
1621851287924,1621851287943,19,1,241,-1.0,-18411,263
1621851288013,1621851288033,20,0,63,3160.99469454965,-1,270
1621851288043,1621851288053,10,-1,40,1180.8726420008,-1,-1
1621851288083,1621851288153,70,5,625,51300.4871091469,-47156,211
1621851288183,1621851288263,80,2,290,17674.708900761,-16515,312
1621851288503,1621851288573,70,19,642,28925.4527669405,-25964,48
1621851288603,1621851288613,10,-1,54,3336.93345084896,-1,-1
1621851288733,1621851288763,30,4,220,15480.2169857203,-1,173
1621851289403,1621851289453,50,7,169,11542.3362997697,-4343,145
1621851289563,1621851289762,199,11,732,36425.1763422497,-42999,204
1621851289812,1621851289912,100,1,310,28658.1112063455,-22149,202
1621851289942,1621851289952,10,-1,33,541.812000211353,-1,-1
1621851289962,1621851290002,40,6,232,17344.5786270789,-17510,139
1621851290022,1621851290062,40,4,194,14971.711010758,-12572,318
1621851290082,1621851290152,70,1,226,19156.2463779783,-13611,202
1621851290162,1621851290172,10,-1,36,1960.95001350062,-1,-1
1621851290352,1621851290362,10,-1,156,14989.0280964089,-1,-1
1621851290482,1621851290532,50,8,671,47415.1246642773,-61968,20
1621851290542,1621851290552,10,-1,33,865.554787056448,-1,-1
1621851290562,1621851290662,100,8,228,16471.187449873,-10408,345
1621851290942,1621851291232,290,12,2027,25246.4988818747,-133600,85
1621851291241,1621851291261,19,0,107,8866.12496856363,-6760,108
1621851291481,1621851291561,80,6,186,11783.0807007634,-8931,137
1621851291661,1621851291721,60,7,265,285.559132664839,-13020,342
1621851292371,1621851292601,230,7,1290,23626.6574775024,-93505,209
1621851292611,1621851292621,10,-1,31,276.793515217135,-1,-1
1621851292631,1621851292910,279,18,521,39909.6259218767,-23006,153
1621851292920,1621851292930,10,-1,38,1704.08616624376,-1,-1
1621851292940,1621851292950,10,-1,30,762.522117092835,-1,-1
1621851292980,1621851292990,10,-1,33,2078.53409697927,-1,-1
1621851293000,1621851293060,60,1,235,19773.1396690125,-5232,167
1621851294340,1621851294360,20,0,86,4969.004005171,-1,311
1621851294490,1621851294519,29,0,37,-1.0,-688,81
1621851295579,1621851295609,30,12,1370,78447.6737251848,-19931,221
1621851296139,1621851296149,10,-1,64,-1.0,-1,-1
1621851296179,1621851296198,19,0,87,5289.44541706818,-1,98
1621851297088,1621851297108,20,1,252,-1.0,-18554,267
1621851299137,1621851299157,20,2,312,-1.0,-20962,228
1621851299437,1621851299447,10,-1,1260,-1.0,-1,-1
1621851300056,1621851300076,20,1,241,-1.0,-16873,255
1621851300116,1621851300186,70,2,79,6865.42580855952,-4007,232
1621851300246,1621851300266,20,0,471,43347.1793905961,-1,14
1621851301395,1621851301725,330,22,1903,152781.694106079,-147829,9
1621851301735,1621851301745,10,-1,36,1016.66335652889,-1,-1
1621851301755,1621851301775,20,1,79,4347.37614791596,-1,137
1621851301835,1621851301875,40,1,33,881.112717656635,-11,140
1621851301885,1621851301895,10,-1,40,2580.59947829425,-1,-1
1621851303094,1621851303164,70,1,104,6076.88377907248,-6679,68
1621851306762,1621851306772,10,-1,86,-1.0,-1,-1
1621851306792,1621851306822,30,2,133,6448.74862754409,-5918,351
1621851306842,1621851306862,20,0,41,2514.8034256744,-1,45
1621851306882,1621851306902,20,1,68,4718.11802328739,-991,46
1621851306912,1621851306962,50,1,45,1487.0587673263,-905,90
1621851306972,1621851307002,30,4,179,7935.54398605982,-8356,178
1621851307132,1621851307142,10,-1,166,-1.0,-1,-1
1621851307342,1621851307432,90,11,580,28460.6596232407,-34629,189
1621851307642,1621851307662,20,1,422,-1.0,-25770,243
1621851308101,1621851308111,10,-1,130,-1.0,-1,-1
1621851308121,1621851308281,160,15,568,33771.610873972,-25683,163
1621851308291,1621851308361,70,4,118,6554.26677084923,-6955,164
1621851308451,1621851308471,20,0,51,1557.81585201605,-1,147
1621851310330,1621851310360,30,2,939,83645.9744169751,-15502,254
1621851313128,1621851313148,20,2,368,-1.0,-25778,236
1621851314098,1621851314108,10,-1,492,-1.0,-1,-1
1621851314307,1621851314327,20,2,351,-1.0,-23060,252
1621851315407,1621851315427,20,2,280,-1.0,-18313,250
1621851315867,1621851315887,20,1,246,-1.0,-15288,252
1621851317356,1621851317396,40,2,125,5797.55219547106,-6327,136
1621851317406,1621851317426,20,1,228,12178.0744648597,-1,187
1621851317556,1621851317576,20,0,99,-1.0,-6888,264
1621851317695,1621851317735,40,4,189,10448.7916009803,-10582,12
1621851317895,1621851317905,10,-1,35,890.515951640627,-1,-1
1621851318605,1621851318625,20,1,204,-1.0,-13767,262
1621851318645,1621851318695,50,1,50,1048.74368997461,-508,55
1621851318745,1621851318765,20,1,203,13776.7042806031,-1,201
1621851319095,1621851319135,40,19,1652,23703.6867263356,-85549,231
1621851319145,1621851319155,10,-1,152,14767.7399035365,-1,-1
1621851319165,1621851319175,10,-1,198,17306.3316367694,-1,-1
1621851319185,1621851319245,60,2,186,14937.1608511515,-11733,287
1621851319294,1621851319354,59,2,84,4179.38370814594,-4529,52
1621851319364,1621851319404,40,1,130,9033.33430945197,-6986,191
1621851319424,1621851319464,40,2,84,4582.480703701,-2355,69
1621851319524,1621851319544,20,0,50,2274.5939508319,-1140,90
1621851319614,1621851319634,20,0,37,817.722685162005,-166,83
1621851319754,1621851319954,200,8,123,7448.14170520338,-7044,119
1621851320044,1621851320164,120,4,74,1975.85765198614,-2827,282
1621851320174,1621851320264,90,21,2110,102977.000835388,-72866,40
1621851320434,1621851320474,40,1,95,3263.30002696392,-4325,118
1621851320484,1621851320524,40,2,77,5098.54508886397,-1620,62
1621851320534,1621851320774,240,9,328,27087.289858303,-25082,98
1621851320794,1621851321003,209,6,1622,123509.636605187,-116664,260
1621851321183,1621851321193,10,-1,48,3724.31534582027,-1,-1
1621851321223,1621851321263,40,2,120,5766.91838428193,-3388,58
1621851321293,1621851321373,80,3,119,8072.27991320116,-5463,77
1621851321393,1621851321433,40,1,61,2815.32989129011,-1751,90
1621851321463,1621851321503,40,2,114,7718.2345543279,-8359,142
1621851321533,1621851321553,20,1,78,6541.2660101978,-830,315
1621851321583,1621851321653,70,1,219,17293.2724165412,-10111,121
1621851321663,1621851321773,110,7,243,11290.3300294331,-13279,84
1621851324281,1621851324361,80,37,1955,13122.4053182796,-74396,53
1621851324441,1621851324521,80,5,327,15223.6999294581,-24412,215
1621851324721,1621851324751,30,7,1229,85412.2687158341,-1,45
1621851324921,1621851324971,50,18,1422,86883.8290815905,-20735,6
1621851324991,1621851325191,200,24,378,24441.570582222,-21816,161
1621851325201,1621851325231,30,1,61,2671.95438531843,-615,52
1621851325241,1621851325261,20,0,48,3591.34850474659,-1148,251
1621851325291,1621851325331,40,1,36,590.023480987501,-232,175
1621851325721,1621851325731,10,-1,31,1791.86155928867,-1,-1
1621851325741,1621851325751,10,-1,30,654.746734512253,-1,-1
1621851325761,1621851325781,20,0,995,95795.7936786988,-1,213
1621851325990,1621851326070,80,10,1650,22071.1652813959,-118523,194
1621851326180,1621851326210,30,2,274,-1.0,-16853,251
1621851326590,1621851326610,20,0,43,2804.3161005785,-1,55
1621851327340,1621851327370,30,5,1141,65693.7361721953,-85114,226
1621851327380,1621851327390,10,-1,50,3795.42639427494,-1,-1
1621851327460,1621851327470,10,-1,31,2786.65388388668,-1,-1
1621851327509,1621851327529,19,0,45,2497.60754752113,-1,248
1621851327569,1621851327619,50,5,243,13485.5691457088,-10480,263
1621851327809,1621851327869,60,18,728,41697.3281080313,-40098,86
1621851328009,1621851328029,20,2,291,-1.0,-17335,241
1621851329308,1621851329378,70,20,642,25934.8564490029,-26073,282
1621851329388,1621851329398,10,-1,32,1568.29364665311,-1,-1
1621851329488,1621851329528,40,5,189,9961.26827879927,-9346,275
1621851329958,1621851329988,30,3,227,9230.47838060498,-1,100
1621851330378,1621851330408,30,9,540,-1.0,-27720,289
1621851330558,1621851330608,50,3,250,149.565476410859,-13700,244
1621851330618,1621851330688,70,0,265,18413.1012203887,-16210,85
1621851330718,1621851330758,40,6,319,17893.237387997,-1772,345
1621851330768,1621851330927,159,51,1980,127578.445367979,-67372,328
1621851330937,1621851331037,100,13,330,21512.5645051029,-11021,135
1621851331067,1621851331107,40,7,266,13661.4544154916,-12871,192
1621851331377,1621851331387,10,-1,30,2568.16327991974,-1,-1
1621851331697,1621851331807,110,46,576,20146.6283719689,-7304,131
1621851332247,1621851332337,90,11,947,54078.9872467164,-49763,117
1621851333726,1621851333746,20,0,78,-1.0,-2166,236
1621851333756,1621851333826,70,5,516,22434.4414001874,-43851,293
1621851333856,1621851333866,10,-1,59,4600.70169949674,-1,-1
1621851333876,1621851333906,30,2,1011,88881.778127458,-1,200
1621851336424,1621851336484,60,10,521,7515.63333263978,-15321,327
1621851336494,1621851336534,40,3,155,12605.945892018,-7402,60
1621851336574,1621851336644,70,1,171,12539.1067791375,-10897,130
1621851336674,1621851336704,30,0,78,6109.28404179425,-3408,67
1621851336714,1621851336744,30,0,85,4035.26421808628,-1,74
1621851336874,1621851336964,90,22,1985,2478.33260179449,-132342,238
1621851337064,1621851337104,40,4,187,11023.685283184,-10919,278
1621851337114,1621851337124,10,-1,35,3561.30708331467,-1,-1
1621851337134,1621851337144,10,-1,35,746.009015870633,-1,-1
1621851337413,1621851337423,10,-1,34,511.827359245593,-1,-1
1621851337433,1621851337623,190,8,1392,61551.3541932048,-87886,266
1621851337643,1621851337703,60,10,625,42068.6835404016,-42164,228
1621851337763,1621851337773,10,-1,59,3724.90350239486,-1,-1
1621851337783,1621851337793,10,-1,38,2030.25471996934,-1,-1
1621851337913,1621851337933,20,0,47,2355.6471078793,-1213,75
1621851338053,1621851338113,60,25,2386,142900.217678204,-2943,40
1621851338253,1621851338393,140,15,1464,24348.1027948828,-63375,241
1621851338413,1621851338473,60,3,190,9131.55436986647,-7587,64
1621851338533,1621851338543,10,-1,30,1603.08015004459,-1,-1
1621851338733,1621851338743,10,-1,31,920.05996874249,-1,-1
1621851338853,1621851338863,10,-1,37,1874.93083137673,-1,-1
1621851338873,1621851338883,10,-1,50,2908.66671616819,-1,-1
1621851338973,1621851338983,10,-1,53,4006.18925230689,-1,-1
1621851338993,1621851339052,59,11,1214,70714.7278690074,-1,166
1621851339222,1621851339242,20,4,510,-1.0,-30397,140
1621851339262,1621851339352,90,12,429,32497.5983179643,-16496,330
1621851340222,1621851340362,140,19,415,12577.1136101672,-18185,286
1621851340372,1621851340392,20,0,41,1625.08106556545,-651,208
1621851340492,1621851340542,50,4,149,8373.65668622259,-5823,247
1621851340552,1621851340562,10,-1,33,1352.54153580252,-1,-1
1621851341341,1621851341401,60,19,543,20423.2483758613,-5568,91
1621851342061,1621851342241,180,12,1626,126703.785064846,-104587,244
1621851342251,1621851342311,60,4,167,10862.5077544435,-11029,75
1621851342331,1621851342350,19,2,213,11200.4057902412,-1,241
1621851342360,1621851342470,110,3,320,19769.0778656374,-27263,346
1621851342760,1621851342790,30,20,1262,86850.7509641054,-1,25
1621851343510,1621851343550,40,2,353,-1.0,-24542,245
1621851343590,1621851343600,10,-1,33,2528.72525417604,-1,-1
1621851343630,1621851343720,90,1,226,15615.0882917271,-13516,170
1621851343970,1621851343989,19,1,262,-1.0,-18440,248
1621851344019,1621851344089,70,0,1567,155923.379013414,-89109,124
1621851344119,1621851344189,70,14,471,24698.3692127144,-14908,254
1621851344259,1621851344289,30,14,676,37248.5749206899,-31708,75
1621851344569,1621851344599,30,2,383,-1.0,-27515,252
1621851345249,1621851345269,20,2,301,-1.0,-18616,255
1621851346008,1621851346038,30,2,243,-1.0,-14269,251
1621851348996,1621851349106,110,6,349,26040.6277419763,-16761,260
1621851349126,1621851349186,60,6,371,12678.1730194406,-13653,196
1621851349436,1621851349526,90,11,293,17179.1221000146,-10629,227
1621851349676,1621851349726,50,7,251,12220.018977034,-9173,239
1621851349866,1621851349896,30,6,264,13150.3955721928,-12069,183
1621851349936,1621851349956,20,0,53,3903.37226321732,-740,10
1621851349966,1621851350006,40,2,121,6732.73304856808,-4627,100
1621851350016,1621851350116,100,2,400,20187.7870352767,-13018,266
1621851350136,1621851350186,50,12,630,28665.5585935313,-1,43
1621851351155,1621851351215,60,1,228,292.394041902043,-14654,260
1621851351225,1621851351295,70,4,268,9953.5962947098,-17343,284
1621851351585,1621851351685,100,6,245,15275.0250189932,-9096,323
1621851351695,1621851351755,60,2,191,15444.7592967192,-13753,273
1621851351785,1621851351845,60,6,270,19188.5489951938,-17912,219
1621851351855,1621851351995,140,7,269,18175.3486746157,-7570,77
1621851352005,1621851352165,160,38,863,48558.3105180442,-34637,257
1621851352185,1621851352195,10,-1,38,975.60108068699,-1,-1
1621851352274,1621851352294,20,0,38,2171.9485145624,-522,120
1621851352304,1621851352334,30,2,127,6589.10372718102,-6568,136
1621851352474,1621851352494,20,0,36,2464.19691703849,-281,319
1621851352534,1621851352574,40,1,55,1253.40563069048,-2193,290
1621851352594,1621851352774,180,12,95,3444.21766862888,-3759,267
1621851352874,1621851352964,90,43,716,33917.5939678725,-21066,72
1621851353734,1621851353764,30,6,309,5694.4091740039,-12566,246
1621851356782,1621851357022,240,6,409,34801.7343260198,-24823,309
1621851357142,1621851357151,9,-1,31,2057.05532316581,-1,-1
1621851357191,1621851357231,40,8,382,21510.6789811732,-22618,261
1621851357421,1621851357431,10,-1,32,2203.10431891579,-1,-1
1621851357441,1621851357451,10,-1,41,2779.59426678083,-1,-1
1621851357481,1621851357491,10,-1,35,1514.95021659855,-1,-1
1621851357551,1621851357571,20,0,44,1227.62577124604,-1,81
1621851357601,1621851357661,60,12,535,30489.6839569035,-27546,95
1621851357671,1621851357681,10,-1,30,386.706826026467,-1,-1
1621851357791,1621851357841,50,0,97,8550.71155872707,-5705,138
1621851357851,1621851357891,40,0,127,11299.6378031643,-3818,270
1621851357971,1621851357991,20,1,63,5088.41423614325,-378,320
1621851358011,1621851358051,40,0,96,9143.87070735019,-2782,120
1621851358081,1621851358101,20,1,214,15784.4417313011,-1,348
1621851358111,1621851358201,90,5,261,25388.8757892562,-7676,127
1621851359030,1621851359060,30,2,302,-1.0,-17237,284
1621851359230,1621851359320,90,1,339,17820.6832533552,-20587,196
1621851359400,1621851359500,100,9,347,10853.9628184297,-8251,101
1621851360430,1621851360509,79,7,323,26861.0367959432,-17220,19
1621851361209,1621851361229,20,2,300,-1.0,-15445,277
1621851362708,1621851362738,30,9,631,15364.8139757064,-1,277
1621851362748,1621851362788,40,5,524,50860.5503274828,-25886,95
1621851366056,1621851366226,170,52,2726,153705.860645657,-172313,328
1621851366296,1621851366316,20,0,40,1682.45178334949,-403,215
1621851366326,1621851366406,80,18,533,24502.2622208034,-27045,156
1621851366426,1621851366536,110,4,218,15478.6400879262,-2156,32
1621851366696,1621851366756,60,4,1080,3072.06637825523,-92273,56
1621851369744,1621851369764,20,0,321,6478.31263550193,-1,90
1621851370244,1621851370274,30,2,259,-1.0,-16116,262
1621851371363,1621851371433,70,26,2214,38082.1433616626,-105299,226
1621851371443,1621851371493,50,3,126,6922.9861352344,-5111,245
1621851371513,1621851371573,60,1,76,3934.41300100003,-3369,167
1621851371603,1621851371633,30,2,123,8434.73490639349,-1625,280
1621851371663,1621851371793,130,4,93,4554.40303697485,-3741,136
1621851371823,1621851371843,20,0,40,628.213980895223,-1,159
1621851372182,1621851372202,20,0,58,2365.43446065106,-1,255
1621851372212,1621851372232,20,16,1041,78860.2240138779,-1,34
1621851372512,1621851372562,50,26,1356,75021.7428356885,-111380,68
1621851372572,1621851372602,30,1,98,7998.37851769368,-5200,208
1621851372662,1621851372692,30,1,67,2778.1143407332,-2146,10
1621851372832,1621851372872,40,1,45,1519.60322383404,-973,209
1621851372932,1621851373002,70,0,229,15354.4041757323,-13778,354
1621851373012,1621851373032,20,1,83,5920.10214121214,-1,112
1621851373332,1621851373352,20,0,54,4199.10313027532,-1398,194
1621851374341,1621851374361,20,1,285,-1.0,-18069,247
1621851374401,1621851374451,50,2,144,8603.87991504681,-7974,74
1621851374551,1621851374571,20,3,174,13946.9089469336,-1,267
1621851379728,1621851379798,70,11,439,23815.1752506555,-16334,258
1621851379948,1621851379958,10,-1,47,-1.0,-1,-1
1621851380068,1621851380098,30,1,300,-1.0,-21085,265
1621851380407,1621851380487,80,7,318,12751.3473191678,-27423,249
1621851380987,1621851381027,40,3,313,-1.0,-15515,266
1621851381047,1621851381077,30,13,657,32310.6747662355,-4090,68
1621851382316,1621851382356,40,3,545,50.6877615206619,-41699,20
1621851382616,1621851382766,150,8,297,13051.0675202802,-9943,251
1621851382776,1621851382826,50,1,104,6020.44935309215,-4677,291
1621851382836,1621851382886,50,5,192,12312.1936607848,-9733,238
1621851382896,1621851382946,50,1,109,5522.37194077137,-5593,292
1621851382986,1621851383036,50,1,95,5973.39925196402,-4202,329
1621851383216,1621851383326,110,0,155,11706.2061561401,-8602,94
1621851383346,1621851383386,40,0,65,3873.76140807047,-2976,164
1621851383396,1621851383446,50,23,1131,105844.287731897,-891,41
1621851383565,1621851383635,70,10,479,14862.8163291479,-20534,355
1621851383645,1621851383655,10,-1,45,2260.53359017222,-1,-1
1621851383665,1621851383915,250,14,306,20283.7276077727,-16163,83
1621851385974,1621851386004,30,2,257,-1.0,-16651,259
1621851386014,1621851386064,50,2,132,9330.53675495326,-7040,22
1621851386494,1621851386534,40,9,438,23350.0874723494,-21718,216
1621851386624,1621851386644,20,8,379,34514.6162326637,-1,64
1621851386744,1621851386764,20,4,209,18749.6125260427,-1,238
1621851386803,1621851386823,20,4,226,21207.9387632048,-137,60
1621851386923,1621851386933,10,-1,71,6943.41720565493,-1,-1
1621851387593,1621851387623,30,3,382,-1.0,-22070,286
1621851388323,1621851388353,30,2,297,-1.0,-18392,250
1621851388502,1621851388552,50,4,250,18374.3142820217,-4778,67
1621851388582,1621851388602,20,0,53,3319.70802970687,-1885,202
1621851388612,1621851388632,20,4,210,19207.1449212737,-1178,248
1621851388642,1621851388652,10,-1,31,2157.52824609116,-1,-1
1621851389072,1621851389102,30,2,279,-1.0,-17657,241
1621851389202,1621851389212,10,-1,31,1808.31436665951,-1,-1
1621851389302,1621851389312,10,-1,31,1203.63281736398,-1,-1
1621851389802,1621851389832,30,1,252,-1.0,-17439,222
1621851390881,1621851391041,160,15,1547,140882.705930369,-51828,282
1621851391051,1621851391071,20,0,51,3042.26217181837,-491,295
1621851391101,1621851391231,130,5,965,88632.4645413856,-16144,76
1621851391770,1621851391850,80,11,393,15302.0889446359,-29485,208
1621851391900,1621851391920,20,1,75,6653.62190345966,-1,92
1621851391940,1621851392000,60,14,648,63560.5139484044,-29857,92
1621851392010,1621851392040,30,7,356,29917.6088102582,-28268,247
1621851392180,1621851392220,40,2,294,0.68154044736346,-18227,247
1621851392500,1621851392520,20,1,105,9340.93804124336,-3449,72
1621851392640,1621851392720,80,12,618,44763.1765524097,-77,255
1621851392940,1621851392960,20,2,347,-1.0,-22457,274
1621851393000,1621851393040,40,13,438,21880.2538007003,-2461,174
1621851393669,1621851393689,20,1,246,-1.0,-15392,247
1621851393779,1621851393799,20,4,204,19901.3118950891,-12,69
1621851393839,1621851393849,10,-1,100,9805.61540754041,-1,-1
1621851397937,1621851397957,20,1,297,-1.0,-20903,252
1621851397977,1621851398067,90,7,227,11272.9929631002,-13478,36
1621851398077,1621851398087,10,-1,36,2307.54393120195,-1,-1
1621851398097,1621851398217,120,13,505,20514.5220473517,-19188,245
1621851398376,1621851398426,50,5,471,-1.0,-25292,80
1621851398436,1621851398466,30,1,63,3693.12886013627,-2492,36
1621851398476,1621851398496,20,0,32,520.695231077804,-164,50
1621851398806,1621851398876,70,12,605,-1.0,-24737,263
1621851398886,1621851398916,30,1,86,4748.26083619991,-2846,141
1621851399116,1621851399136,20,7,684,34465.4687807871,-1,66
1621851399796,1621851399856,60,24,1284,48953.4971590538,-101434,76
1621851400035,1621851400075,40,2,149,7628.05882896124,-9717,162
1621851400085,1621851400115,30,0,34,1783.05704264593,0,212
1621851400135,1621851400155,20,0,41,2048.00830450194,-409,237
1621851400235,1621851400245,10,-1,35,2864.93793582126,-1,-1
1621851400575,1621851400595,20,1,250,-1.0,-14640,250
1621851400695,1621851400715,20,1,316,-1.0,-20427,251
1621851401295,1621851401325,30,2,309,-1.0,-19105,250
1621851403453,1621851403563,110,28,651,8608.77320263108,-16955,291
1621851403653,1621851403663,10,-1,61,4005.00896021532,-1,-1
1621851403673,1621851403703,30,1,90,7735.76387989147,-3912,216
1621851403733,1621851403793,60,22,714,36227.8715763926,-19951,116
1621851403963,1621851403983,20,1,814,-1.0,-74472,255
1621851404823,1621851404843,20,0,240,-1.0,-19733,265
1621851404893,1621851404962,69,6,283,14914.431469483,-21628,15
1621851405902,1621851406012,110,25,851,39485.0564631055,-39289,290
1621851406022,1621851406082,60,3,300,24917.6792597943,-19238,74
1621851406132,1621851406172,40,2,88,3913.94535936601,-3193,102
1621851406282,1621851406332,50,2,69,2229.45663666086,-1868,165
1621851406462,1621851406482,20,3,184,16018.3225094841,-1320,75
1621851406542,1621851406552,10,-1,338,32289.2691569323,-1,-1
1621851406562,1621851406571,9,-1,327,30862.3694568231,-1,-1
1621851406581,1621851406601,20,0,56,2756.34559383813,-2527,168
1621851406701,1621851406711,10,-1,32,1566.52026331169,-1,-1
1621851406761,1621851406781,20,5,242,21998.4441918128,-1,257
1621851406821,1621851406831,10,-1,345,33883.0346493912,-1,-1
1621851406841,1621851406851,10,-1,336,32576.302655793,-1,-1
1621851407261,1621851407311,50,0,182,16856.6462720639,-12116,77
1621851407461,1621851407501,40,0,275,27369.7257520626,-8769,309
1621851407641,1621851407671,30,4,216,20826.6672399747,-18541,79
1621851407761,1621851407901,140,3,296,27491.428049705,-17991,306
1621851408041,1621851408071,30,3,165,10651.4335320799,-11083,51
1621851408111,1621851408181,70,2,321,22872.6647912246,-21001,211
1621851408300,1621851408320,20,1,98,8308.81792294075,-660,228
1621851408440,1621851408510,70,25,1308,57503.4594167898,-22422,47
1621851409040,1621851409060,20,0,119,-1.0,-6726,278
1621851409170,1621851409210,40,2,95,3766.16769267249,-3862,216
1621851409230,1621851409270,40,0,86,6065.31886663755,-3907,251
1621851409330,1621851409350,20,1,77,5426.7323228708,-1623,195
1621851409450,1621851409470,20,0,49,3700.07437864873,-902,340
1621851409690,1621851409720,30,2,246,-1.0,-13847,255
1621851409840,1621851409869,29,10,501,48003.45347619,-45851,322
1621851409889,1621851409899,10,-1,31,2385.27309025274,-1,-1
1621851410809,1621851410839,30,2,276,-1.0,-15828,255
1621851410909,1621851410929,20,1,69,4930.53820103157,-564,182
1621851411129,1621851411149,20,1,65,5397.5819755268,-1,339
1621851411229,1621851411239,10,-1,35,2558.76172892923,-1,-1
1621851411249,1621851411429,180,1,601,29068.5056125015,-48042,306
1621851411508,1621851411518,10,-1,488,48307.6196161171,-1,-1
1621851411938,1621851412018,80,19,844,7715.5146002767,-32224,269
1621851412028,1621851412048,20,1,72,5972.04799218697,-2322,22
1621851412138,1621851412178,40,1,70,3316.79569366283,-3355,218
1621851412188,1621851412198,10,-1,33,2546.95125888614,-1,-1
1621851412208,1621851412268,60,28,813,30003.0973848803,-22925,102
1621851413937,1621851413957,20,1,302,-1.0,-24068,242
1621851414077,1621851414107,30,3,253,133.706964265704,-8760,244
1621851417565,1621851417605,40,2,290,-1.0,-20735,257
1621851417625,1621851417705,80,0,873,64091.31956653,-55697,323
1621851417725,1621851417735,10,-1,56,3868.85346481949,-1,-1
1621851419604,1621851419624,20,1,266,-1.0,-17831,252
1621851422222,1621851422242,20,1,280,-1.0,-18776,246
1621851422322,1621851422392,70,17,277,13617.123956183,-732,69
1621851423801,1621851423831,30,1,318,-1.0,-24783,255
1621851426230,1621851426240,10,-1,589,-1.0,-1,-1
1621851426289,1621851426329,39,9,321,15068.243256194,-17564,73
1621851427069,1621851427129,60,9,589,18228.6143090234,-19926,264
1621851427409,1621851427439,30,10,531,16320.9541312147,-31946,280
1621851427589,1621851427699,110,15,437,24021.0379549602,-17797,214
1621851429468,1621851429488,20,2,377,-1.0,-23427,300
1621851429498,1621851429508,10,-1,43,2901.35924161734,-1,-1
1621851431476,1621851431506,30,1,152,-1.0,-8655,259
1621851431516,1621851431576,60,2,340,28749.8033856252,-24082,294
1621851431636,1621851431646,10,-1,41,1468.51950388846,-1,-1
1621851431676,1621851431686,10,-1,30,1466.28670260922,-1,-1
1621851431716,1621851431726,10,-1,39,1907.49167329889,-1,-1
1621851438652,1621851438672,20,2,390,-1.0,-27762,250
1621851439601,1621851439651,50,16,584,46072.0928886702,-19904,115
1621851439671,1621851439701,30,1,45,2117.09892390662,-2,156
1621851439821,1621851439881,60,3,746,38874.532760225,-60631,340
1621851439891,1621851440041,150,1,632,53633.1741362746,-44356,287
1621851440091,1621851440101,10,-1,34,1843.30836099435,-1,-1
1621851441750,1621851441800,50,1,149,417.943351222571,-10512,257
1621851441850,1621851441860,10,-1,38,1580.60946383775,-1,-1
1621851441930,1621851441940,10,-1,48,1851.01550095668,-1,-1
1621851442030,1621851442040,10,-1,35,2199.29001162061,-1,-1
1621851443359,1621851443379,20,0,102,-1.0,-6079,280
1621851443409,1621851443419,10,-1,31,1157.80220605554,-1,-1
1621851443439,1621851443469,30,0,34,287.843374677351,-269,309
1621851443479,1621851443499,20,0,34,453.061356485534,-1,278
1621851443549,1621851443609,60,3,176,10636.5656463966,-6734,42
1621851443639,1621851443669,30,2,140,9679.31321928759,-5143,163
1621851444608,1621851444628,20,1,259,-1.0,-16038,266
1621851444698,1621851444758,60,1,137,7959.92458467209,-6577,11
1621851444868,1621851444878,10,-1,32,1182.93458359008,-1,-1
1621851444968,1621851444978,10,-1,33,2813.63333598344,-1,-1
1621851453643,1621851453693,50,3,251,-1.0,-13627,242
1621851453703,1621851453723,20,0,42,2660.61367473748,-559,28
1621851454982,1621851455012,30,2,262,-1.0,-14534,264
1621851455222,1621851455252,30,1,80,5915.60659546411,-3663,219
1621851455262,1621851455282,20,1,88,8597.83910697026,-3924,68
1621851455622,1621851455662,40,2,289,-1.0,-19362,221
1621851455712,1621851455722,10,-1,125,11212.5240929952,-1,-1
1621851456061,1621851456081,20,2,304,-1.0,-18552,247
1621851456261,1621851456291,30,2,388,-1.0,-26761,254
1621851456851,1621851456931,80,19,1393,51464.7421106897,-106094,292
1621851456961,1621851456971,10,-1,46,2154.57539983592,-1,-1
1621851456981,1621851456991,10,-1,53,4519.18315201506,-1,-1
1621851457001,1621851457021,20,0,46,2208.07032716178,-72,9
1621851457031,1621851457151,120,30,844,61396.5412746969,-36502,327
1621851457161,1621851457241,80,7,359,18498.438510574,-17460,192
1621851457251,1621851457331,80,7,1103,61999.2284094255,-4547,58
1621851458580,1621851458600,20,1,252,13128.5902058398,-1,214
1621851460099,1621851460539,440,30,1625,156376.856369224,-95447,191
1621851460589,1621851460609,20,1,127,6916.21171525008,-1,30
1621851460619,1621851460639,20,1,122,11223.4819119523,-6095,219
1621851460659,1621851460699,40,4,196,8332.51237313709,-9251,348
1621851460709,1621851460769,60,18,728,71249.1755206336,-64123,100
1621851460779,1621851460799,20,1,116,9358.40790485584,-4472,259
1621851460809,1621851460848,39,3,342,25571.0757253062,-3987,292
1621851460858,1621851460988,130,9,341,30776.7567144671,-15300,117
1621851461018,1621851461068,50,7,232,17032.8962077516,-13968,255
1621851461088,1621851461118,30,1,61,2725.11610522999,-2368,257
1621851461178,1621851461278,100,4,752,56443.2655996683,-46200,86
1621851461288,1621851461308,20,3,143,12341.5254560996,-543,70
1621851461318,1621851461528,210,44,1549,121626.59957805,-136615,309
1621851461638,1621851461758,120,18,534,16944.3395873056,-41910,283
1621851463697,1621851463707,10,-1,400,-1.0,-1,-1
1621851464436,1621851464506,70,15,2032,113031.334068431,-12361,133
1621851464606,1621851464776,170,6,1162,57900.6005671855,-111351,334
1621851464876,1621851465096,220,16,1483,117932.392384106,-116641,343
1621851465106,1621851465236,130,10,285,19349.9557924273,-16237,315
1621851465246,1621851465256,10,-1,78,6622.21956950587,-1,-1
1621851465266,1621851465306,40,1,59,1561.99378865225,-2166,139
1621851465346,1621851465476,130,5,446,37481.1410663003,-21932,135
1621851465486,1621851465536,50,1,163,11858.3561100031,-3965,219
1621851465586,1621851465616,30,3,155,7849.91702707638,-6313,115
1621851465656,1621851465706,50,3,452,18709.3757903919,-19361,306
1621851465825,1621851465935,110,4,745,39368.6246887361,-35124,13
1621851465945,1621851465955,10,-1,63,3522.18390301512,-1,-1
1621851465965,1621851466025,60,5,358,27041.1876380134,-18711,138
1621851466035,1621851466185,150,2,448,43515.2711904727,-18499,144
1621851466275,1621851466295,20,3,163,14740.1580701077,-1,295
1621851466465,1621851466495,30,1,60,4325.02328614628,-2955,48
1621851466665,1621851466685,20,1,69,5118.63114276952,-62,78
1621851466715,1621851466815,100,6,527,36378.5607239531,-16876,146
1621851466925,1621851466945,20,1,106,8799.11226397966,-982,327
1621851466995,1621851467195,200,13,1060,44360.3978871022,-18019,103
1621851467305,1621851467724,419,24,1283,60012.3908366403,-77532,171
1621851468224,1621851468264,40,9,731,-1.0,-28836,252
1621851468274,1621851468294,20,0,35,2027.85790844427,-227,66
1621851468334,1621851468404,70,5,300,22693.6532455599,-12437,58
1621851468414,1621851468434,20,1,187,15793.1076696088,-1,229
1621851468444,1621851468454,10,-1,111,9136.91531284342,-1,-1
1621851468474,1621851468494,20,1,91,7040.26163498616,-4655,81
1621851468524,1621851468554,30,3,178,9263.8600762689,-12186,85
1621851468564,1621851468574,10,-1,31,1669.39271610411,-1,-1
1621851468584,1621851468604,20,1,76,5245.9224003723,-395,274
1621851468644,1621851468684,40,1,515,46480.2808645295,-33569,319
1621851468694,1621851468704,10,-1,38,2141.78680572562,-1,-1
1621851468714,1621851468734,20,1,55,2968.80980795991,-133,200
1621851468754,1621851468774,20,1,97,6831.45278739038,-1992,18
1621851468874,1621851469164,290,21,508,25956.5756593761,-26379,72
1621851469213,1621851469273,60,3,109,6646.63037223866,-2331,96
1621851469453,1621851469803,350,24,1097,82329.3498675334,-80571,296
1621851469953,1621851469973,20,1,111,8775.53834065033,-366,208
1621851470173,1621851470203,30,3,168,9775.5051534255,-8207,15
1621851470263,1621851470273,10,-1,31,1102.29061907957,-1,-1
1621851470463,1621851470483,20,1,97,7058.36229011265,-1109,201
1621851470493,1621851470583,90,1,407,30707.4818320872,-7917,352
1621851470683,1621851470713,30,2,115,7234.57870761942,-4606,23
1621851470812,1621851470822,10,-1,31,1312.61883764127,-1,-1
1621851471012,1621851471042,30,3,186,12065.1041360262,-12288,189
1621851471252,1621851471262,10,-1,35,563.977662491285,-1,-1
1621851471382,1621851471432,50,1,43,1798.01586510901,-689,21
1621851471482,1621851471512,30,1,63,2970.19339602847,-874,333
1621851471552,1621851471562,10,-1,36,2103.28287149508,-1,-1
1621851471572,1621851471602,30,0,102,8451.89106998246,-6413,0
1621851471632,1621851471642,10,-1,38,1281.98504668218,-1,-1
1621851471662,1621851471712,50,2,91,2379.08507342466,-1,76
1621851471842,1621851472032,190,9,448,18465.0757649004,-31577,85
1621851472072,1621851472122,50,3,413,23508.8951338452,-4359,94
1621851472411,1621851472481,70,2,504,37361.9673802343,-30679,243
1621851472511,1621851472561,50,0,222,21406.629036758,-16379,333
1621851472591,1621851472641,50,0,372,35475.1049119277,-23631,240
1621851472711,1621851473001,290,34,1817,130696.949835599,-77309,324
1621851473011,1621851473061,50,1,87,8030.65041461719,-4244,187
1621851473071,1621851473111,40,1,81,6320.57363644475,-4063,213
1621851473131,1621851473141,10,-1,47,3284.09718978988,-1,-1
1621851473191,1621851473221,30,0,55,2765.89400776123,-1548,222
1621851473371,1621851473411,40,2,133,9674.23059174181,-2831,184
1621851473611,1621851473621,10,-1,48,3376.69384421761,-1,-1
1621851474060,1621851474090,30,3,157,10050.6468324197,-9168,13
1621851474150,1621851474160,10,-1,32,2882.81572770311,-1,-1
1621851474210,1621851474260,50,17,1841,104689.585942559,-1,121
1621851475240,1621851475440,200,17,756,27094.7752517905,-56732,239
1621851475450,1621851475460,10,-1,36,2376.150006676,-1,-1
1621851475470,1621851475560,90,3,393,31204.6419597528,-14986,314
1621851475570,1621851475799,229,5,505,14428.5021134765,-28142,15
1621851475809,1621851475979,170,7,421,34001.81797242,-23003,84
1621851475989,1621851476159,170,10,487,36138.9614389768,-23552,264
1621851476169,1621851476189,20,1,87,7047.78392958944,-3158,45
1621851476209,1621851476229,20,0,83,6581.64707178509,-5074,222
1621851476239,1621851476319,80,6,255,15206.8056635928,-3813,2
1621851476399,1621851476419,20,0,35,1845.70400367251,-1,209
1621851476459,1621851476569,110,34,736,41019.9806054357,-24781,165
1621851476579,1621851476599,20,0,36,590.223280555192,-1,32
1621851476689,1621851476699,10,-1,31,1200.10525127646,-1,-1
1621851476709,1621851476749,40,7,335,21398.1448055755,-18761,155
1621851476869,1621851476949,80,5,272,2485.40728874055,-11964,342
1621851477109,1621851477119,10,-1,351,32323.980869498,-1,-1
1621851477219,1621851477508,289,36,1751,74925.3449694029,-82925,320
1621851477548,1621851477658,110,4,1455,144265.065946534,-106463,189
1621851477868,1621851477878,10,-1,44,3640.91862601714,-1,-1
1621851477948,1621851477978,30,2,119,8037.0572524259,-7704,0
1621851478088,1621851478098,10,-1,50,3681.93545909743,-1,-1
1621851478108,1621851478248,140,9,205,8224.374432543,-8299,126
1621851478348,1621851478428,80,4,129,7015.03175563127,-6835,276
1621851478558,1621851478578,20,0,38,1202.76963957642,-1,6
1621851478658,1621851478718,60,1,70,3169.23979903024,-2937,353
1621851478738,1621851478758,20,0,47,1526.09070988517,-1,23
1621851478768,1621851478798,30,1,131,11220.7206080185,-4902,190
1621851478808,1621851478818,10,-1,58,3368.04479196261,-1,-1
1621851478828,1621851478848,20,0,80,6986.87790220902,-3292,55
1621851478918,1621851478938,20,0,41,2738.04084316835,-1,241
1621851478997,1621851479077,80,1,512,40668.2970414519,-22115,222
1621851479087,1621851479127,40,1,92,6177.59261166434,-2054,241
1621851479147,1621851479297,150,40,1511,120143.463549826,-72605,146
1621851479307,1621851479427,120,4,461,30854.0595283601,-36034,330
1621851479597,1621851479637,40,5,241,14418.6974048932,-10114,238
1621851479837,1621851479847,10,-1,39,1757.67937803255,-1,-1
1621851480027,1621851480477,450,21,485,40174.4581918006,-30132,74
1621851480716,1621851480816,100,30,1612,153739.186496023,-41949,310
1621851480836,1621851480906,70,8,346,26705.9612097399,-29296,109
1621851480926,1621851480946,20,0,51,3192.39755145721,-1940,171
1621851480966,1621851481036,70,9,397,16096.0176535346,-27138,192
1621851481186,1621851481196,10,-1,32,1381.02888569715,-1,-1
1621851481236,1621851481366,130,48,1693,105539.748750944,-96250,144
1621851481486,1621851481556,70,7,1218,222.27376511787,-91121,266
1621851481566,1621851481626,60,36,1390,116961.860838288,-109588,65
1621851483095,1621851483135,40,16,1305,113013.13188393,-97400,243
1621851483735,1621851483755,20,1,265,-1.0,-16342,234
1621851483924,1621851484004,80,18,1219,2540.89765828251,-84262,58
1621851484014,1621851484064,50,4,145,9145.54779505299,-7348,185
1621851485563,1621851485643,80,30,1084,56385.106494719,-47707,268
1621851485673,1621851485733,60,30,1369,118797.36561279,-113146,94
1621851486243,1621851486493,250,18,434,30917.9463156048,-21691,304
1621851486523,1621851486563,40,1,42,696.558245175837,-203,321
1621851486583,1621851486593,10,-1,45,1754.24098677655,-1,-1
1621851486603,1621851486633,30,1,75,5246.46407687022,-2969,122
1621851486823,1621851486853,30,2,112,8894.26547768544,-8196,13
1621851487053,1621851487322,269,25,2118,137114.269257002,-84123,317
1621851487342,1621851487362,20,0,40,785.048899352044,-1,116
1621851487472,1621851487502,30,2,125,5897.75079592338,-6125,175
1621851487552,1621851487572,20,0,69,2248.85623834895,-1,63
1621851487602,1621851487632,30,0,48,2152.97301402636,-1352,21
1621851487902,1621851487922,20,0,46,1506.79589441047,-1,203
1621851488172,1621851488202,30,0,42,692.889608045876,-1,78
1621851488212,1621851488242,30,1,77,4227.93292288323,-3348,76
1621851488302,1621851488372,70,5,150,7888.21865859015,-8117,326
1621851488452,1621851488472,20,0,106,7076.28096806364,-1,59
1621851488482,1621851488502,20,0,111,10363.8315552392,-7175,217
1621851488532,1621851488552,20,0,41,2627.12890880723,-1,85
1621851488612,1621851488632,20,0,86,4706.67425671494,-1,94
1621851488642,1621851488652,10,-1,64,3508.60522226257,-1,-1
1621851488662,1621851488702,40,1,111,9203.64351135245,-8071,187
1621851488752,1621851488871,119,5,133,10328.1015988139,-4989,233
1621851488901,1621851488921,20,0,35,1379.77003457488,-1,219
1621851489031,1621851489061,30,1,93,4126.68531279804,-4182,356
1621851489081,1621851489101,20,0,37,1959.96245745693,-492,18
1621851489151,1621851489311,160,4,151,9721.0901048202,-11501,24
1621851489421,1621851489451,30,0,76,3462.79136301815,-1,246
1621851489461,1621851489471,10,-1,75,5647.02969550578,-1,-1
1621851489481,1621851489641,160,7,82,3082.78504898615,-4017,162
1621851489731,1621851489771,40,3,122,6427.87521727007,-6139,276
1621851489841,1621851489881,40,2,90,3204.3264951743,-4504,103
1621851489891,1621851489951,60,2,75,4404.83569852531,-3539,85
1621851490041,1621851490091,50,2,77,3371.01449230578,-2497,267
1621851490101,1621851490281,180,3,824,31737.0646943742,-75084,55
1621851490291,1621851490311,20,0,34,422.746476125425,-133,255
1621851490351,1621851490361,10,-1,42,1487.87851327578,-1,-1
1621851490391,1621851490401,10,-1,30,1595.71063143023,-1,-1
1621851490660,1621851490670,10,-1,30,2002.79061836773,-1,-1
1621851490700,1621851490750,50,1,46,1475.77674826019,-465,263
1621851490760,1621851490770,10,-1,33,410.195980042518,-1,-1
1621851490880,1621851490910,30,1,49,2889.91663876191,-1614,125
1621851491030,1621851491110,80,4,101,2882.71917960096,-4494,240
1621851491180,1621851491290,110,6,117,5340.31668975675,-5357,88
1621851491320,1621851491350,30,23,2151,111335.081145879,-1,157
1621851491810,1621851491860,50,6,522,12739.1297359535,-29274,84
1621851491870,1621851491880,10,-1,36,1291.09039316144,-1,-1
1621851491920,1621851491960,40,2,96,6022.881183591,-4972,339
1621851491970,1621851491980,10,-1,35,1068.29068912522,-1,-1
1621851492000,1621851492050,50,14,567,36266.1055964879,-27834,139
1621851492129,1621851492149,20,3,164,15205.6589350506,-10557,216
1621851492329,1621851492429,100,8,394,32367.3875117021,-29810,1
1621851492499,1621851492549,50,5,132,6709.31661290827,-109,178
1621851492919,1621851492969,50,4,336,456.990920458618,-19181,283
1621851492979,1621851493019,40,0,81,5127.3200401273,-4069,254
1621851493209,1621851493259,50,6,214,12803.8157660255,-11419,271
1621851493319,1621851493379,60,2,59,2583.45100952734,-1269,288
1621851493389,1621851493399,10,-1,30,521.0692953917,-1,-1
1621851493429,1621851493439,10,-1,34,1806.48467379742,-1,-1
1621851493748,1621851493778,30,2,115,7748.81380376002,-7458,100
1621851493938,1621851494108,170,11,146,7872.65109955302,-7129,117
1621851494168,1621851494288,120,4,45,1085.47735750707,-665,235
1621851494388,1621851494608,220,45,2517,138132.130982004,-119672,340
1621851494618,1621851494658,40,3,234,17616.1866213645,-13241,230
1621851494678,1621851494768,90,5,113,6621.57240788143,-7264,168
1621851494798,1621851494838,40,1,75,3944.61179258772,-1619,131
1621851494858,1621851494868,10,-1,32,806.035446899724,-1,-1
1621851494898,1621851494908,10,-1,39,1145.50927559031,-1,-1
1621851494938,1621851494958,20,0,42,2623.53338471636,-1038,221
1621851494968,1621851495008,40,1,53,1709.97077894406,-1947,228
1621851495018,1621851495038,20,33,1445,137686.977247331,-1,19
1621851495338,1621851495487,149,12,358,18878.3621275584,-21994,212
1621851495497,1621851495587,90,10,421,29726.1600900617,-5108,27
1621851495747,1621851495867,120,9,300,16791.7504434,-19546,275
1621851495887,1621851496017,130,3,196,10716.6467169482,-12110,117
1621851496117,1621851496267,150,14,330,24014.2897578083,-17670,269
1621851496357,1621851496397,40,9,1101,-1.0,-79845,312
1621851496437,1621851496457,20,0,40,1352.1006752198,-766,90
1621851496467,1621851496517,50,0,330,24639.8129984972,-16752,210
1621851496547,1621851496567,20,0,32,1342.59295278149,-232,243
1621851496587,1621851496597,10,-1,31,1902.30630436748,-1,-1
1621851496817,1621851496827,10,-1,489,-1.0,-1,-1
1621851496837,1621851496957,120,7,198,18262.7528200569,-12995,251
1621851497007,1621851497076,69,4,127,7050.58396846166,-3221,118
1621851497086,1621851497106,20,0,79,3226.97406171879,-1,82
1621851497116,1621851497126,10,-1,44,2720.21361286731,-1,-1
1621851497176,1621851497236,60,4,153,8732.92810836598,-8774,208
1621851497296,1621851497336,40,1,62,2292.89797193444,-2762,100
1621851497696,1621851497716,20,0,38,2947.38244882213,-416,26
1621851498136,1621851498166,30,2,109,7022.22162372213,-7263,356
1621851498276,1621851498376,100,35,696,29288.6564356026,-28810,169
1621851498386,1621851498496,110,3,191,12508.9828942169,-12472,11
1621851498556,1621851498685,129,13,380,27162.4143699076,-18138,94
1621851498815,1621851498845,30,1,78,5449.8668239307,-4601,152
1621851499285,1621851499725,440,39,1004,58849.95532905,-56212,336
1621851499745,1621851500055,310,22,1890,161630.013951351,-156578,86
1621851500095,1621851500115,20,1,254,18383.8825493711,-1,148
1621851500125,1621851500344,219,6,468,27312.50289286,-41050,288
1621851500374,1621851500684,310,9,867,61688.9978703812,-27216,286
1621851500904,1621851500954,50,3,777,34397.246078584,-49151,196
1621851500964,1621851501074,110,5,71,2348.0921637363,-2314,304
1621851501104,1621851501164,60,10,571,50363.0132793401,-40744,107
1621851501174,1621851501204,30,1,47,1306.62425597977,-1,60
1621851501334,1621851501444,110,5,329,24735.6952781521,-22803,304
1621851501504,1621851501554,50,2,273,24648.6229787761,-7354,49
1621851501564,1621851501654,90,2,160,13210.2182250866,-8625,102
1621851501664,1621851501704,40,1,323,31364.1394610578,-11626,338
1621851501714,1621851501724,10,-1,33,1170.85790183554,-1,-1
1621851501734,1621851501764,30,1,46,972.620712203764,-1,300
1621851501774,1621851501914,140,7,444,36003.0285242194,-17559,293
1621851502043,1621851502073,30,4,210,10689.8098158062,-4380,268
1621851502083,1621851502103,20,1,146,12296.4557115676,-4522,139
1621851502113,1621851502183,70,4,767,72214.70882816,-39993,284
1621851502453,1621851502483,30,1,91,5831.01774640511,-4515,348
1621851502673,1621851502713,40,4,158,8360.02484028441,-6387,223
1621851502893,1621851503243,350,32,770,43375.824372238,-41596,342
1621851503263,1621851503283,20,0,49,2672.14069587114,-1780,172
1621851503313,1621851503323,10,-1,30,68.9837885530793,-1,-1
1621851503333,1621851503373,40,3,132,6098.32495412624,-7718,202
1621851503393,1621851503403,10,-1,69,5479.10571522365,-1,-1
1621851503413,1621851503423,10,-1,73,6677.80112464722,-1,-1
1621851503962,1621851504032,70,20,635,45192.4590483119,-40002,166
1621851504292,1621851504372,80,21,436,14617.7567532299,-15964,349
1621851504382,1621851504402,20,0,60,2552.5545794407,-1,57
1621851504532,1621851504552,20,0,43,2433.82040157189,-1236,279
1621851504672,1621851504682,10,-1,33,2061.91171416727,-1,-1
1621851504692,1621851504732,40,2,86,3809.15454419162,-2925,337
1621851504892,1621851504922,30,3,147,6988.59270254536,-6130,185
1621851504972,1621851504982,10,-1,34,2119.63690810033,-1,-1
1621851505052,1621851505062,10,-1,31,1368.07115385917,-1,-1
1621851505072,1621851505112,40,22,1546,94014.879019312,-1,58
1621851505232,1621851505411,179,7,457,40625.8348016525,-16986,270
1621851505441,1621851505531,90,8,342,20999.2328769201,-19427,101
1621851505541,1621851505561,20,1,150,12589.5357249885,-8219,239
1621851505591,1621851505631,40,3,232,8692.24355427746,-20101,57
1621851505781,1621851505811,30,1,85,6961.538417772,-2158,70
1621851505941,1621851505951,10,-1,43,3404.15463855409,-1,-1
1621851505961,1621851505971,10,-1,58,5200.3504206984,-1,-1
1621851505991,1621851506051,60,0,396,33253.9035240548,-21404,343
1621851506061,1621851506081,20,0,68,4975.44485560135,-3285,132
1621851506101,1621851506271,170,7,571,48695.5632044793,-24403,59
1621851506281,1621851506411,130,1,305,20938.3271846429,-12083,57
1621851506421,1621851506461,40,1,74,2761.37294161067,-1,339
1621851506621,1621851506641,20,1,50,5068.21867342197,-225,164
1621851506661,1621851506761,100,21,1457,121533.854057839,-25197,322
1621851506851,1621851506920,69,3,272,15087.0984145057,-14269,114
1621851506930,1621851507020,90,4,145,11547.2165968167,-6037,127
1621851507080,1621851507110,30,4,179,12142.2891194105,-3368,208
1621851507130,1621851507150,20,0,36,1871.07472476534,-54,192
1621851507210,1621851507220,10,-1,34,1345.4084230845,-1,-1
1621851507330,1621851507340,10,-1,56,4182.70763960349,-1,-1
1621851507350,1621851507360,10,-1,52,3973.82343651648,-1,-1
1621851507390,1621851507400,10,-1,51,3419.82757376568,-1,-1
1621851507410,1621851507420,10,-1,49,4448.12463149832,-1,-1
1621851507530,1621851507550,20,0,63,4262.8467012335,-2161,107
1621851507590,1621851507600,10,-1,48,2421.44881689593,-1,-1
1621851507610,1621851507620,10,-1,33,1369.55916527441,-1,-1
1621851508120,1621851508130,10,-1,35,3031.21220445146,-1,-1
1621851508140,1621851508260,120,36,1678,97021.003966452,-142222,151
1621851508270,1621851508370,100,2,327,26254.6968964241,-17601,329
1621851508849,1621851508879,30,1,65,3989.16753989067,-2783,29
1621851509179,1621851509209,30,4,225,12819.9092651755,-12725,225
1621851509439,1621851509619,180,44,591,23737.5407785381,-30440,349
1621851509629,1621851509729,100,3,399,28185.3227111152,-28184,183
1621851509769,1621851509779,10,-1,39,2596.17391571507,-1,-1
1621851509799,1621851509849,50,6,213,11426.9934541535,-8694,225
1621851509919,1621851509929,10,-1,30,1161.71079512672,-1,-1
1621851510139,1621851510149,10,-1,33,1541.81598521518,-1,-1
1621851510348,1621851510368,20,0,39,2788.57302678975,-280,74
1621851510388,1621851510408,20,0,67,4594.40303142778,-2138,214
1621851510428,1621851510438,10,-1,49,3907.43041677557,-1,-1
1621851510448,1621851510458,10,-1,50,3570.23943923438,-1,-1
1621851510568,1621851510578,10,-1,43,2781.40063961928,-1,-1
1621851510748,1621851510758,10,-1,56,4815.06620819409,-1,-1
1621851510768,1621851510778,10,-1,38,2340.63494940448,-1,-1
1621851511348,1621851511358,10,-1,37,1902.45279318654,-1,-1
1621851511388,1621851511398,10,-1,47,4071.21489041807,-1,-1
1621851511408,1621851511448,40,3,132,6836.14100965911,-4648,186
1621851512227,1621851512277,50,3,123,7870.62100405468,-2778,7
1621851512497,1621851512507,10,-1,39,3373.78073253291,-1,-1
1621851512607,1621851512767,160,49,1416,98972.5711372027,-106179,167
1621851513566,1621851513666,100,40,2441,148017.905267775,-132881,328
1621851513796,1621851513846,50,1,329,24462.1955809532,-15828,212
1621851513856,1621851513896,40,5,261,20588.9076667139,-11703,193
1621851513916,1621851513986,70,4,332,23069.2871177199,-20255,13
1621851514036,1621851514056,20,0,71,4054.58532311187,-1,56
1621851514066,1621851514076,10,-1,60,5362.77001681017,-1,-1
1621851514196,1621851514206,10,-1,36,2210.58770555092,-1,-1
1621851514316,1621851514346,30,2,102,4059.13034480905,-6145,193
1621851514446,1621851514456,10,-1,51,2925.7393569405,-1,-1
1621851514466,1621851514476,10,-1,35,1518.29176033491,-1,-1
1621851515185,1621851515205,20,0,42,2798.3308860768,-1003,100
1621851515245,1621851515295,50,3,123,5830.19587926462,-6432,14
1621851515325,1621851515335,10,-1,39,2967.43437190566,-1,-1
1621851515415,1621851515475,60,3,789,61065.1349912141,-31525,132
1621851515955,1621851516105,150,24,1004,22459.2775912679,-92880,42
1621851516115,1621851516135,20,0,53,3389.01415223452,-1,219
1621851516255,1621851516335,80,15,461,18365.2584239123,-20655,278
1621851516355,1621851516375,20,0,34,718.325543762772,-391,236
1621851516425,1621851516465,40,1,42,1821.38321541095,-980,155
1621851516475,1621851516754,279,29,1049,54544.6303554182,-61333,325
1621851516764,1621851516784,20,0,45,2636.99831926356,-1226,216
1621851516804,1621851516814,10,-1,32,1180.14985706376,-1,-1
1621851516914,1621851517034,120,29,1563,110979.627028457,-42393,125
1621851517194,1621851517314,120,32,1107,104449.227451013,-86223,3
1621851517404,1621851517474,70,9,376,15181.0174234531,-16857,93
1621851517664,1621851517694,30,0,34,-1.0,-18,126
1621851517964,1621851518004,40,7,472,-1.0,-20331,278
1621851518014,1621851518114,100,7,223,17416.7723054374,-6945,97
1621851518124,1621851518134,10,-1,111,8595.63258358995,-1,-1
1621851518254,1621851518613,359,17,629,41151.060663026,-37404,207
1621851518683,1621851518693,10,-1,40,2398.11499706907,-1,-1
1621851518703,1621851518733,30,1,78,4344.40924056955,-2134,162
1621851518743,1621851518883,140,7,143,5174.64648157164,-9856,304
1621851519373,1621851519403,30,2,113,6869.30689522495,-5785,9
1621851519493,1621851519563,70,2,39,668.142339030009,-793,16
1621851519593,1621851519683,90,4,113,5929.71493385072,-2806,11
1621851519793,1621851519823,30,7,341,23546.9663860014,-1,137
1621851519933,1621851519943,10,-1,75,-1.0,-1,-1
1621851519953,1621851519973,20,0,51,4304.9360378315,-1605,311
1621851520082,1621851520092,10,-1,206,18140.0864141684,-1,-1
1621851520562,1621851520722,160,11,691,34687.7190274614,-42178,335
1621851520762,1621851520852,90,2,565,40527.4607832793,-44946,271
1621851520942,1621851520952,10,-1,34,1293.45318046477,-1,-1
1621851521002,1621851521012,10,-1,36,1860.21352390339,-1,-1
1621851521052,1621851521102,50,4,172,12689.220484201,-9605,260
1621851521142,1621851521162,20,0,51,2422.88752383618,-636,288
1621851521452,1621851521492,40,1,36,1928.36131700276,-340,311
1621851521522,1621851521572,50,1,52,1454.2131539664,-1,300
1621851521582,1621851521642,60,13,479,20093.8180422343,-22928,87
1621851521662,1621851521761,99,1,286,17960.990461685,-15165,259
1621851521771,1621851521991,220,13,413,33159.5504427724,-28355,324
1621851522121,1621851522131,10,-1,30,2305.53026961592,-1,-1
1621851522141,1621851522151,10,-1,86,5820.24847469897,-1,-1
1621851522251,1621851522511,260,1,1376,90967.6021277613,-80661,126
1621851522681,1621851522771,90,0,215,18396.5440872275,-18217,30
1621851523101,1621851523121,20,0,54,2680.60801402294,-1599,225
1621851523181,1621851523191,10,-1,54,3538.53504197786,-1,-1
1621851523201,1621851523211,10,-1,33,801.309995785264,-1,-1
1621851523221,1621851523281,60,1,111,4927.60075683491,-7524,191
1621851523370,1621851523410,40,3,175,9755.4950038112,-6692,225
1621851523460,1621851523480,20,0,47,3723.82473766641,-1131,53
1621851523560,1621851523580,20,0,84,5754.01024538708,-4373,220
1621851523610,1621851523670,60,4,137,6231.10885055611,-5749,63
1621851523680,1621851523710,30,0,129,9629.15689364815,-6558,212
1621851523720,1621851523780,60,0,152,14004.8034200276,-11955,211
1621851523840,1621851523860,20,0,46,3635.55902669674,-539,45
1621851523920,1621851523950,30,0,63,4251.33538222281,-2621,236
1621851524040,1621851524060,20,0,77,5792.12799012154,-3018,225
1621851524080,1621851524090,10,-1,38,3257.13568276588,-1,-1
1621851524100,1621851524360,260,6,871,73370.5850941499,-75264,46
1621851524370,1621851524380,10,-1,135,12055.9462545173,-1,-1
1621851524390,1621851524480,90,1,1598,128994.339490774,-112777,40
1621851525139,1621851525209,70,1,203,16905.3064244384,-14838,234
1621851525589,1621851525599,10,-1,268,25935.4866518153,-1,-1
1621851525729,1621851525769,40,14,671,18334.9187862188,-34947,311
1621851525779,1621851525789,10,-1,32,1472.16793958382,-1,-1
1621851525859,1621851525879,20,1,140,6020.01460867189,-1,94
1621851525979,1621851526099,120,30,1028,31663.3626338261,-50441,341
1621851526219,1621851526239,20,1,154,10443.1899697199,-1,203
1621851526249,1621851526269,20,0,103,8706.08871849006,-7140,26
1621851526279,1621851526349,70,1,168,14860.6521070058,-5969,111
1621851526429,1621851526489,60,0,634,50102.849624888,-48671,39
1621851526618,1621851526638,20,0,53,4129.33059690593,-1359,237
1621851526758,1621851526828,70,10,333,16908.5405498447,-11953,185
1621851526928,1621851526948,20,0,62,2398.37061072527,-1,56
1621851526978,1621851526988,10,-1,46,2778.74408222008,-1,-1
1621851526998,1621851527018,20,0,89,7082.09303634154,-5247,26
1621851527168,1621851527228,60,12,349,21162.6040580833,-12445,18
1621851527288,1621851527318,30,1,48,1158.18451656494,-622,223
1621851527328,1621851527348,20,0,34,483.607630496272,-1,234
1621851527418,1621851527428,10,-1,41,1384.5975685019,-1,-1
1621851527468,1621851527518,50,1,107,4251.81578157771,-4336,178
1621851527538,1621851527548,10,-1,31,495.642304761143,-1,-1
1621851527978,1621851528128,150,0,263,23235.1449807078,-13476,284
1621851528218,1621851528267,49,5,1178,91185.4713810299,-3068,174
1621851528377,1621851528427,50,2,819,10338.9975685488,-70262,286
1621851528637,1621851528657,20,2,331,20210.8561893464,-1,121
1621851528847,1621851528917,70,8,582,27351.1094337807,-38917,273
1621851528927,1621851528957,30,3,144,11792.2589516767,-1118,118
1621851528967,1621851529037,70,3,375,33361.5833171778,-19523,307
1621851529057,1621851529067,10,-1,96,8004.00466303694,-1,-1
1621851529077,1621851529107,30,0,111,10846.113961791,-6557,273
1621851529117,1621851529137,20,0,57,4440.72983296183,-2388,78
1621851529187,1621851529207,20,0,39,2062.2702359914,-1,36
1621851529257,1621851529267,10,-1,55,3817.31198785687,-1,-1
1621851529297,1621851529317,20,0,50,3602.02405248078,-1616,219
1621851529337,1621851529367,30,1,86,5314.77640308402,-4504,123
1621851529557,1621851529747,190,16,350,24162.7717776177,-14387,106
1621851529557,1621851529747,190,16,350,24162.7717776177,-14387,106
1621851529817,1621851529837,20,1,63,4125.56159314588,-1,306
1621851530136,1621851530376,240,35,1735,83511.032126274,-140052,51
1621851531316,1621851531376,60,6,438,26704.6352231338,-27741,12
1621851531575,1621851532025,450,27,786,41198.6190844927,-45148,208
1621851532175,1621851532225,50,4,313,12348.5048591552,-25370,129
1621851532245,1621851532335,90,1,523,22536.6290539925,-32004,173
1621851532365,1621851532375,10,-1,30,307.196593993997,-1,-1
1621851532385,1621851532425,40,5,232,10375.2123720526,-17954,303
1621851532555,1621851532585,30,6,320,26878.032846271,-21351,117
1621851532595,1621851532615,20,3,204,18621.6517689582,-3728,300
1621851532635,1621851532675,40,0,266,24211.7073514851,-8332,338
1621851532805,1621851532855,50,3,154,9736.64593874996,-8880,302
1621851532865,1621851532875,10,-1,33,941.21276449896,-1,-1
1621851532925,1621851532945,20,1,160,11207.6121449494,-1,110
1621851532955,1621851532995,40,2,190,15473.437113049,-15926,135
1621851533005,1621851533055,50,2,303,13755.1603982551,-14046,291
1621851533184,1621851533264,79,4,347,21172.4560581169,-30073,305
1621851533274,1621851533314,40,2,153,10372.4600986692,-4873,132
1621851533334,1621851533374,40,1,318,14383.8893102795,-1831,338
1621851533444,1621851533484,40,5,210,10759.1502445895,-12188,121
1621851533524,1621851533794,270,1,1734,104710.088720552,-103982,293
1621851533804,1621851533944,140,2,1394,100879.661867968,-70060,212
1621851533984,1621851534064,80,5,240,15779.2825521141,-14869,114
1621851534074,1621851534114,40,2,350,33455.2117007722,-27561,262
1621851534144,1621851534344,200,3,523,37984.5869221791,-37981,47
1621851534354,1621851534484,130,34,629,28014.0357670447,-30687,141
1621851534554,1621851534574,20,0,45,1594.31047365485,-945,330
1621851534584,1621851534614,30,1,68,2810.73839295872,-2419,40
1621851534624,1621851534664,40,1,34,696.789825711728,-380,334
1621851534684,1621851534694,10,-1,38,1613.04831751037,-1,-1
1621851534704,1621851534774,70,12,317,18316.0375715942,-9812,52
1621851535463,1621851535483,20,1,260,-1.0,-17712,247
1621851535513,1621851535673,160,4,1361,108014.231544974,-115404,326
1621851535683,1621851535693,10,-1,400,38898.5939924672,-1,-1
1621851535853,1621851535873,20,1,235,-1.0,-15250,250
1621851535903,1621851536003,100,19,534,25750.5785785965,-28898,24
1621851536013,1621851536033,20,0,62,3939.13773743866,-2657,329
1621851536053,1621851536093,40,0,65,5775.99534423337,-2687,270
1621851536123,1621851536283,160,4,709,44658.7825953191,-63068,268
1621851536293,1621851536333,40,0,127,10861.5141262954,-6963,63
1621851536353,1621851536363,10,-1,41,1343.57711506088,-1,-1
1621851536393,1621851536462,69,4,282,17113.5315408809,-14583,279
1621851536592,1621851536632,40,0,74,5403.92292306825,-3542,285
1621851536652,1621851536712,60,13,466,20298.4918063252,-20269,156
1621851536812,1621851536822,10,-1,35,1739.02201854029,-1,-1
1621851536852,1621851536862,10,-1,44,3453.16647545203,-1,-1
1621851537152,1621851537192,40,3,156,7638.83657738436,-8296,217
1621851537422,1621851537542,120,1,369,23880.1590242841,-20016,124
1621851537602,1621851537662,60,1,359,26690.7200032677,-16883,59
1621851537702,1621851537752,50,6,223,11016.5130037168,-8428,83
1621851537772,1621851537782,10,-1,30,305.999101301254,-1,-1
1621851538032,1621851538121,89,13,369,18338.4416179655,-10531,338
1621851538131,1621851538141,10,-1,136,10798.1615603174,-1,-1
1621851538151,1621851538161,10,-1,140,11688.0077308673,-1,-1
1621851538171,1621851538211,40,0,100,7502.72834959226,-5027,11
1621851538231,1621851538251,20,0,45,2745.86651530289,-673,28
1621851538321,1621851538351,30,2,134,6471.54239206515,-10042,231
1621851538371,1621851538391,20,0,51,4096.94749498285,-438,30
1621851538401,1621851538411,10,-1,30,986.904552977691,-1,-1
1621851538471,1621851538491,20,0,41,1616.48929574445,-909,52
1621851538591,1621851538641,50,0,100,7762.73525105242,-6661,94
1621851538651,1621851538681,30,0,96,7601.38219174409,-4943,216
1621851538691,1621851538721,30,1,112,9963.16759644005,-4101,45
1621851538731,1621851538781,50,6,190,11351.0669934456,-6102,251
1621851538811,1621851538821,10,-1,67,6362.98593923544,-1,-1
1621851538831,1621851538901,70,1,91,6787.8129224328,-5084,210
1621851538931,1621851538951,20,0,33,724.874219920759,-215,203
1621851539031,1621851539081,50,22,1881,88635.9125951129,-1,14
1621851539191,1621851539411,220,10,319,10152.6280838405,-16403,204
1621851539421,1621851539511,90,2,177,13608.7603908041,-9419,19
1621851539521,1621851539551,30,1,51,1737.17855136478,-1,139
1621851539581,1621851539671,90,0,1608,134874.744720275,-123799,171
1621851539721,1621851539820,99,18,1563,80313.6202402011,-26506,44
1621851539940,1621851539990,50,6,394,10662.4310662433,-13762,178
1621851540040,1621851540090,50,1,83,4530.32707796466,-3764,335
1621851540100,1621851540140,40,2,110,7391.54797879602,-4821,13
1621851540150,1621851540160,10,-1,81,6742.75766272834,-1,-1
1621851540170,1621851540190,20,0,54,3512.53193221954,-1299,327
1621851540210,1621851540220,10,-1,43,2543.84307090588,-1,-1
1621851540260,1621851540280,20,0,90,5463.94044705825,-1,352
1621851540290,1621851540330,40,6,274,15734.6694868262,-12535,257
1621851540350,1621851540360,10,-1,78,5822.90295020364,-1,-1
1621851540370,1621851540400,30,0,89,8428.88777652071,-3982,278
1621851540490,1621851540500,10,-1,67,5174.07946713869,-1,-1
1621851540510,1621851540530,20,0,67,4328.36392759466,-3193,206
1621851540540,1621851540610,70,5,261,10709.3038761789,-20279,120
1621851540650,1621851540670,20,0,66,4582.53004630559,-2979,25
1621851540750,1621851540760,10,-1,56,5310.07404271316,-1,-1
1621851540770,1621851540810,40,0,63,3350.63427662662,-2176,98
1621851540830,1621851540840,10,-1,30,1206.93466976438,-1,-1
1621851540870,1621851540880,10,-1,34,1301.53734089913,-1,-1
1621851540910,1621851540930,20,0,56,3120.21690373725,-2239,38
1621851541130,1621851541140,10,-1,41,3149.88697618613,-1,-1
1621851541330,1621851541350,20,0,54,5150.93684217533,-1808,48
1621851541369,1621851541399,29,4,203,12601.9112366668,-4820,30
1621851541449,1621851541529,80,0,666,36182.6351010949,-52722,52
1621851541539,1621851541549,10,-1,115,8709.88214748827,-1,-1
1621851541559,1621851541579,20,1,130,11386.2134897074,-3727,55
1621851541599,1621851541699,100,4,200,11174.9304201673,-10790,154
1621851541959,1621851542069,110,6,184,4534.04032071593,-8978,127
1621851542269,1621851542449,180,5,525,18566.3072754769,-35742,240
1621851542479,1621851542799,320,4,1328,100833.969200781,-54795,254
1621851543038,1621851543058,20,0,70,1538.10784926074,-1,86
1621851543088,1621851543118,30,1,59,2030.51141860679,-2487,300
1621851543138,1621851543308,170,10,90,2389.41657796661,-3199,258
1621851543318,1621851543488,170,8,199,10813.6577268029,-10877,276
1621851543688,1621851543718,30,1,56,2761.01620475411,-1838,337
1621851543728,1621851543758,30,2,148,11432.20192589,-5234,22
1621851543788,1621851543818,30,1,66,4150.26014434638,-1689,218
1621851543838,1621851544108,270,21,186,6111.20240412942,-9348,91
1621851544318,1621851544528,210,8,214,10600.5111081761,-13744,216
1621851544548,1621851544677,129,4,271,14972.4642349541,-10708,6
1621851544687,1621851545087,400,9,629,28023.5696187401,-53016,247
1621851545107,1621851545127,20,0,65,3825.31872179901,-2788,233
1621851545137,1621851545167,30,1,58,2044.11582536432,-2545,265
1621851545197,1621851545487,290,24,1565,116122.541115417,-70553,300
1621851545507,1621851545517,10,-1,30,59.170575720373,-1,-1
1621851545547,1621851545587,40,2,85,5302.31737611945,-3297,182
1621851545597,1621851545667,70,5,168,8249.96127017273,-10611,199
1621851545687,1621851545697,10,-1,31,1649.61576034926,-1,-1
1621851545747,1621851545857,110,7,159,11346.2371094345,-7510,13
1621851545917,1621851546037,120,7,107,2889.05140257399,-3620,188
1621851546067,1621851546077,10,-1,66,5251.98842147734,-1,-1
1621851546087,1621851546197,110,3,93,7743.18994232156,-6117,350
1621851546366,1621851546376,10,-1,38,2531.28425955172,-1,-1
1621851546526,1621851546556,30,2,108,6272.18834452967,-5861,164
1621851546846,1621851546856,10,-1,34,2215.27608984776,-1,-1
1621851547146,1621851547176,30,4,195,12046.5845529502,-9288,354
1621851547336,1621851547366,30,3,145,9618.75156497112,-7845,172
1621851547446,1621851547466,20,0,48,2824.64532514793,-1009,190
1621851547666,1621851547676,10,-1,34,2570.78868869119,-1,-1
1621851548005,1621851548015,10,-1,31,815.972786963041,-1,-1
1621851548105,1621851548155,50,0,106,9017.35546271821,-7436,108
1621851548165,1621851548185,20,0,69,4602.8968575003,-2699,225
1621851548205,1621851548495,290,7,697,48251.3443133555,-30776,22
1621851548525,1621851548575,50,1,46,898.643774650946,-11,4
1621851548585,1621851548755,170,33,2254,205012.795743583,-158737,129
1621851548775,1621851548935,160,3,602,52093.7928539201,-24003,338
1621851548945,1621851548985,40,5,206,15065.021719044,-14225,199
1621851549005,1621851549015,10,-1,35,2799.68982698069,-1,-1
1621851549025,1621851549035,10,-1,71,6423.96176853773,-1,-1
1621851549045,1621851549075,30,0,55,2772.93314200642,-1157,356
1621851549085,1621851549285,200,8,313,20792.855695215,-8228,356
1621851549405,1621851549694,289,34,892,25560.3818507068,-34821,323
1621851549824,1621851549864,40,2,141,10374.7461166111,-5090,123
1621851549914,1621851550434,520,29,719,38603.3524950961,-40767,110
1621851550594,1621851550624,30,3,215,-1.0,-13750,53
1621851550654,1621851550664,10,-1,35,921.931073229404,-1,-1
1621851550694,1621851550744,50,2,67,1930.81903957079,-2423,333
1621851550764,1621851550784,20,0,43,1462.68307837109,-822,68
1621851550804,1621851550884,80,3,62,2157.82358629499,-1644,6
1621851550904,1621851550944,40,2,77,3059.20275979963,-458,30
1621851551733,1621851551993,260,17,893,41664.296900274,-27723,303
1621851552003,1621851552163,160,7,364,20684.9453858297,-23107,255
1621851552173,1621851552223,50,2,56,1336.89456100751,-1821,54
1621851552263,1621851552293,30,1,152,13978.2076469119,-9368,70
1621851552423,1621851552433,10,-1,45,2283.6739578511,-1,-1
1621851552443,1621851552513,70,2,677,39791.7517614519,-48651,27
1621851552563,1621851552593,30,0,83,6229.37827737448,-4233,47
1621851552613,1621851552683,70,2,57,1642.55835204944,-2635,52
1621851552703,1621851552922,219,8,1626,115980.967427506,-136064,104
1621851552932,1621851552982,50,2,255,20942.0924086279,-5640,290
1621851553112,1621851553232,120,7,337,11999.8740953598,-25109,205
1621851553242,1621851553262,20,0,124,10122.8137646125,-6216,186
1621851553272,1621851553292,20,0,62,2761.56046972194,-1,104
1621851553362,1621851553392,30,0,67,4863.09249748737,-2642,198
1621851553422,1621851553432,10,-1,33,2537.12466829553,-1,-1
1621851553452,1621851553542,90,1,282,21346.8834017413,-12245,53
1621851553562,1621851553672,110,1,995,86644.2457328136,-56403,93
1621851553752,1621851553812,60,2,65,2743.99261671046,-2666,41
1621851553822,1621851554002,180,12,500,42861.0771101756,-38142,87
1621851554012,1621851554032,20,3,225,15032.9997376896,-1,147
1621851554991,1621851555271,280,21,996,62728.1478007118,-38072,318
1621851555281,1621851555291,10,-1,85,7349.74033975514,-1,-1
1621851555351,1621851555431,80,4,257,16741.0285270612,-18762,307
1621851555441,1621851555471,30,0,1623,158089.663996767,-154085,286
1621851555571,1621851555641,70,4,489,40344.7257583584,-39510,278
1621851555671,1621851555791,120,9,1203,75471.9815511712,-19162,66
1621851555951,1621851555961,10,-1,658,-1.0,-1,-1
1621851556280,1621851556330,50,31,1309,72965.8027344299,-72331,245
1621851556370,1621851556500,130,28,1263,105156.555329249,-103099,65
1621851556560,1621851556590,30,2,109,9126.30853308533,-5538,228
1621851556600,1621851556620,20,1,83,8084.30215640681,-1672,54
1621851556680,1621851556730,50,4,174,12484.7178371538,-8936,177
1621851558349,1621851558409,60,19,783,51524.9527274582,-59190,277
1621851558419,1621851558439,20,0,40,2389.27533779335,-749,40
1621851558519,1621851558539,20,0,58,3201.50165663976,-1467,29
1621851558569,1621851558769,200,4,1601,121831.019013205,-128579,159
1621851558779,1621851558789,10,-1,36,3110.3781233616,-1,-1
1621851558799,1621851558919,120,1,304,22138.4356939204,-16298,185
1621851558939,1621851559049,110,1,437,25101.908562359,-32467,63
