start,end,duration,amplitude,peak_velocity,peak_acceleration,peak_deceleration,direction
1622113724000,1622113724260,260,17,448,31559.3032628738,-19897,324
1622113724270,1622113724320,50,3,115,10214.016785382,-5025,47
1622113724390,1622113724400,10,-1,59,3001.35928614466,-1,-1
1622113724560,1622113724660,100,9,205,13320.7484503594,-7685,96
1622113724670,1622113724710,40,1,90,4314.64922709322,-5670,231
1622113724730,1622113724830,100,11,307,15294.7294543805,-11639,357
1622113724870,1622113724880,10,-1,43,2808.51953435567,-1,-1
1622113724970,1622113725000,30,1,50,2013.99241086845,-1534,275
1622113725010,1622113725170,160,1,445,23595.9827302058,-32970,28
1622113725180,1622113725200,20,0,67,3676.37731053245,-1,59
1622113725210,1622113725230,20,2,153,14187.5214631229,-3759,262
1622113725240,1622113725250,10,-1,35,1528.22184934154,-1,-1
1622113725310,1622113725330,20,0,49,1397.02191084964,-1,280
1622113725350,1622113725459,109,9,351,17331.9613694452,-17069,108
1622113725609,1622113725639,30,1,78,3694.73286623557,-3413,60
1622113725669,1622113725789,120,6,98,4926.49865730714,-6631,58
1622113725799,1622113725929,130,22,589,28297.6259176673,-27984,231
1622113725949,1622113726029,80,2,90,4894.38673777488,-4020,0
1622113726049,1622113726089,40,3,136,5761.98563510914,-4356,344
1622113726129,1622113726579,450,12,617,38886.4885789526,-20474,161
1622113726589,1622113726689,100,0,86,4294.3025019563,-3078,290
1622113726729,1622113726749,20,0,43,2740.08617367592,-1,48
1622113726769,1622113726799,30,2,112,5060.01977686346,-5639,30
1622113726809,1622113726819,10,-1,33,1337.53037430226,-1,-1
1622113726829,1622113726919,90,9,400,18775.5822754607,-14161,12
1622113727039,1622113727049,10,-1,43,1468.18048357492,-1,-1
1622113727058,1622113727168,109,15,370,21842.9119210196,-19304,340
1622113727178,1622113727248,70,4,127,5144.05766315731,-8943,183
1622113727258,1622113727328,70,3,135,8765.5753235752,-4734,174
1622113727338,1622113727498,160,0,407,23312.0796166321,-6167,273
1622113727638,1622113728028,390,27,1282,113353.102764398,-108377,148
1622113728078,1622113728108,30,1,56,2193.06459976111,-2421,210
1622113728518,1622113728528,10,-1,30,1037.06034286198,-1,-1
1622113728578,1622113728618,40,1,55,2633.68445529638,-1654,280
1622113728717,1622113728737,20,3,290,18229.2044716229,-1,82
1622113729007,1622113729127,120,17,609,47741.6245391208,-25479,260
1622113729137,1622113729147,10,-1,209,20462.3831015037,-1,-1
1622113729217,1622113729317,100,3,663,36945.3279114842,-1039,74
1622113729507,1622113729677,170,14,265,13382.2152038157,-18948,268
1622113729697,1622113729727,30,1,51,3014.70510189867,-1437,87
1622113729787,1622113729847,60,3,137,8159.98235286071,-67,269
1622113729857,1622113729877,20,0,33,1798.46798905587,-1,90
1622113729917,1622113729927,10,-1,63,4568.36135093343,-1,-1
1622113729937,1622113730087,150,36,2151,168541.618368454,-166648,140
1622113730137,1622113730237,100,1,2178,196638.030456493,-187692,55
1622113730277,1622113730466,189,46,2122,179123.61415685,-174585,315
1622113730726,1622113730806,80,4,201,12871.8837085011,-13333,312
1622113730856,1622113730866,10,-1,45,1669.2822353061,-1,-1
1622113730886,1622113730926,40,0,60,3112.41641584383,-1453,82
1622113731026,1622113731066,40,2,108,5431.77779353297,-4577,329
1622113731216,1622113731276,60,2,52,2921.37529364901,-14,256
1622113731336,1622113731356,20,0,58,2489.92604993117,-1,73
1622113731366,1622113731386,20,0,71,4676.07157402896,-1320,192
1622113731396,1622113731446,50,0,73,3979.52966382921,-3039,315
1622113731516,1622113731526,10,-1,95,6928.34639799358,-1,-1
1622113731616,1622113731666,50,10,585,-1.0,-20809,241
1622113731676,1622113731706,30,3,156,7195.56332889335,-10752,100
1622113731726,1622113731766,40,2,96,3422.24443701123,-5574,305
1622113731776,1622113731866,90,9,291,20626.8593529371,-12572,41
1622113731896,1622113731906,10,-1,45,2296.57920445514,-1,-1
1622113732005,1622113732035,30,1,89,4459.36974062995,-5606,88
1622113732185,1622113732235,50,1,196,13608.7592604243,-15617,94
1622113732345,1622113732375,30,2,235,11413.9815950944,-1,247
1622113732475,1622113732715,240,13,921,36598.2738284039,-38463,336
1622113732725,1622113732745,20,0,43,1822.76424407201,-280,17
1622113732765,1622113732895,130,5,368,21841.5676241439,-30524,76
1622113733045,1622113733065,20,0,40,2301.54175191621,-1,59
1622113733125,1622113733185,60,0,55,2666.03595338527,-1,21
1622113733445,1622113733495,50,1,101,4378.2450833548,-2408,280
1622113733505,1622113733525,20,5,248,21832.0146932923,-1380,208
1622113733894,1622113733944,50,1,107,7523.65604000216,-4965,15
1622113734064,1622113734074,10,-1,47,2203.74733829024,-1,-1
1622113734604,1622113734744,140,12,448,36449.6080065788,-19764,48
1622113734804,1622113734874,70,1,218,15933.2837956558,-12169,235
1622113734944,1622113734954,10,-1,77,7398.56833723629,-1,-1
1622113734964,1622113734974,10,-1,216,20817.7653248262,-1,-1
1622113734984,1622113735174,190,11,379,26984.090435454,-18191,187
1622113735194,1622113735303,109,3,342,25926.5922568051,-19825,19
1622113735383,1622113735443,60,1,305,21827.0566365325,-16238,317
1622113735453,1622113735553,100,7,182,7577.10314566177,-9265,230
1622113735583,1622113735613,30,5,238,11912.5961989633,-1,67
1622113735623,1622113735733,110,11,205,18533.7865870155,-12621,250
1622113735743,1622113735753,10,-1,53,4002.03383613726,-1,-1
1622113735983,1622113736043,60,2,170,15956.4642927908,-5569,97
1622113736083,1622113736103,20,1,62,5924.36460498725,-1360,307
1622113736123,1622113736133,10,-1,169,14335.3587339864,-1,-1
1622113736143,1622113736153,10,-1,229,20459.1297488081,-1,-1
1622113736163,1622113736253,90,1,174,16224.0950147567,-11951,241
1622113736493,1622113736563,70,16,324,10439.840341437,-8418,46
1622113736573,1622113736603,30,3,159,14851.1319503566,-8885,229
1622113736663,1622113736743,80,1,283,23574.9876882545,-23444,17
1622113736753,1622113736793,40,2,171,10760.6097696879,-13058,176
1622113736803,1622113736813,10,-1,147,12655.0665385512,-1,-1
1622113736823,1622113736842,19,0,104,8978.28908660693,-7168,302
1622113736942,1622113737002,60,4,273,21209.679131946,-19265,175
1622113737042,1622113737132,90,0,328,26572.705167464,-25757,186
1622113737142,1622113737232,90,0,229,11527.5579435911,-12527,135
1622113737252,1622113737272,20,1,157,10807.71906852,-1,74
1622113737282,1622113737292,10,-1,218,20751.5705562008,-1,-1
1622113737302,1622113737422,120,12,364,19133.4496999253,-21527,247
1622113737822,1622113737962,140,10,578,26346.5335038646,-31865,26
1622113737972,1622113737982,10,-1,61,3262.92951079415,-1,-1
1622113737992,1622113738012,20,0,60,3566.95116853893,-1469,111
1622113738082,1622113738152,70,1,119,4361.56672127877,-8767,263
1622113738382,1622113738402,20,0,79,4731.31808274437,-1,216
1622113738412,1622113738481,69,0,600,33558.4999226398,-53124,45
1622113738541,1622113738871,330,28,484,20831.8295492548,-22385,344
1622113738931,1622113739111,180,7,150,6678.39333308475,-7179,200
1622113739141,1622113739291,150,5,2134,182069.81903577,-112159,191
1622113739331,1622113739351,20,0,52,2217.16590971181,-1,283
1622113739431,1622113739461,30,1,57,2300.8186532,-606,292
1622113739761,1622113739861,100,1,1928,154618.88067879,-169267,84
1622113739881,1622113740031,150,3,2585,168305.543912871,-143193,11
1622113740041,1622113740130,89,1,192,15045.0743232935,-15010,216
1622113740140,1622113740160,20,1,106,9576.05156695998,-1,65
1622113740170,1622113740180,10,-1,79,5080.96981988608,-1,-1
1622113740260,1622113740350,90,2,1244,98522.2300716487,-93236,120
1622113740360,1622113740470,110,0,2024,137687.179177296,-93013,67
1622113740560,1622113740620,60,30,1195,64534.5234868061,-56964,110
1622113740630,1622113740650,20,0,783,74286.7863280139,-1,230
1622113740740,1622113740830,90,6,1567,66819.4717870089,-81853,166
1622113740910,1622113740950,40,35,2163,132432.993271628,-90657,333
1622113741040,1622113741110,70,1,1806,152523.964916525,-155765,321
1622113741190,1622113741739,549,20,1855,184049.588886773,-174608,137
1622113741779,1622113741899,120,3,428,18410.9754751747,-9699,33
1622113741989,1622113742099,110,10,598,16716.1577465298,-29247,271
1622113742109,1622113742139,30,1,74,4212.3307392654,-1377,358
1622113742209,1622113742349,140,16,336,15333.1109192423,-9558,169
1622113742369,1622113742379,10,-1,33,691.033956582711,-1,-1
1622113742429,1622113742639,210,14,545,51514.4118430887,-43092,295
1622113742819,1622113743079,260,51,1705,159723.794663402,-113581,142
1622113743119,1622113743139,20,13,1820,114680.025038904,-1,276
1622113743438,1622113743638,200,26,2416,217950.466697479,-149724,336
1622113743728,1622113743768,40,1,48,2281.73708549084,-1199,194
1622113743808,1622113743818,10,-1,44,1613.22319545795,-1,-1
1622113743858,1622113743888,30,1,74,2933.64721502462,-2473,142
1622113743928,1622113743958,30,1,71,2814.20945990535,-2530,116
1622113743968,1622113744038,70,3,2303,224598.99304256,-154546,160
1622113744098,1622113744238,140,4,307,17544.3538013275,-16138,272
1622113744248,1622113744368,120,2,161,10872.0994289153,-5436,94
1622113744398,1622113744468,70,1,143,7952.30052185367,-2918,223
1622113744578,1622113744598,20,1,90,5772.43416542352,-1,296
1622113744608,1622113744628,20,0,82,7129.0658224322,-1,108
1622113744638,1622113744648,10,-1,64,5170.65034336714,-1,-1
1622113744668,1622113744708,40,2,128,8354.92266709587,-4763,82
1622113744718,1622113744848,130,0,295,14385.2351410494,-17342,16
1622113745067,1622113745077,10,-1,81,5189.45339619942,-1,-1
1622113745087,1622113745097,10,-1,111,8335.83175566098,-1,-1
1622113745107,1622113745127,20,1,132,12073.7105934758,-7532,345
1622113745167,1622113745217,50,0,51,1467.55855772603,-745,333
1622113745227,1622113745247,20,0,70,6169.50935373231,-2655,132
1622113745287,1622113745307,20,0,44,2087.54948248715,-1301,16
1622113745347,1622113745367,20,1,64,1926.15005570523,-1,306
1622113745387,1622113745417,30,0,90,7016.51195426414,-5637,114
1622113745477,1622113745517,40,1,57,2200.97868722164,-1549,270
1622113745547,1622113745587,40,6,237,15387.636706368,-6555,185
1622113745677,1622113745767,90,2,433,8.63606270848294,-29124,246
1622113745967,1622113746147,180,15,488,28717.2204411251,-42346,49
1622113746157,1622113746167,10,-1,39,2269.65525648965,-1,-1
1622113746217,1622113746277,60,18,434,19782.0515562367,-16352,43
1622113746297,1622113746327,30,3,199,13681.7535539378,-15313,225
1622113746407,1622113746417,10,-1,31,1247.63175151696,-1,-1
1622113746666,1622113746686,20,0,41,3093.73777418202,-1,184
1622113746746,1622113746756,10,-1,41,3301.74074378216,-1,-1
1622113746886,1622113746956,70,0,313,20003.1581845249,-18700,221
1622113747026,1622113747046,20,0,44,1947.83499659493,-1237,230
1622113747306,1622113747316,10,-1,38,1248.35283537581,-1,-1
1622113747516,1622113747636,120,13,1830,109589.355047594,-175898,2
1622113747906,1622113748275,369,10,2416,129164.573172538,-144587,288
1622113748375,1622113748445,70,19,488,17949.227442638,-16395,133
1622113748455,1622113748465,10,-1,37,2070.85332186918,-1,-1
1622113748495,1622113748595,100,5,126,6271.83362656775,-5115,78
1622113748895,1622113748975,80,27,972,17312.1483788839,-41222,241
1622113749025,1622113749075,50,1,59,3306.78552384833,-2884,208
1622113749155,1622113749195,40,1,62,1516.10639641123,-3024,266
1622113749205,1622113749225,20,0,42,2015.1934119282,-1042,264
1622113749255,1622113749335,80,17,317,15713.5054723738,-11473,110
1622113749355,1622113749365,10,-1,34,809.348718436941,-1,-1
1622113749595,1622113749695,100,13,338,14231.0827164644,-14564,278
1622113749705,1622113749715,10,-1,44,3723.15433175647,-1,-1
1622113749735,1622113749874,139,5,211,10546.8820111005,-14657,210
1622113749944,1622113750024,80,7,265,16108.9745964952,-16721,4
1622113750034,1622113750044,10,-1,30,1689.00190966485,-1,-1
1622113750144,1622113750164,20,0,53,1290.02664322634,-1,278
1622113750174,1622113750204,30,1,58,2077.07037229281,-2613,19
1622113750384,1622113750414,30,1,65,2263.31225683684,-1,119
1622113750664,1622113750724,60,5,221,12061.5977695784,-5745,174
1622113750814,1622113750984,170,2,668,38824.0160003258,-63199,142
1622113750994,1622113751154,160,18,488,18778.7415873211,-21931,359
1622113751404,1622113751464,60,12,491,20699.2829291035,-13313,159
1622113751703,1622113751853,150,9,624,18131.8362464758,-28854,266
1622113751943,1622113751953,10,-1,34,1119.96369214691,-1,-1
1622113751963,1622113752283,320,31,674,36604.3873577119,-30096,130
1622113752523,1622113752543,20,0,33,4.08641112236694,-1,270
1622113752553,1622113752673,120,32,580,30882.4802957438,-18139,237
1622113752753,1622113752783,30,3,155,9099.72012534541,-6920,40
1622113752803,1622113753192,389,31,2075,178822.962923672,-127924,337
1622113753202,1622113753662,460,13,2266,178353.144248514,-182838,160
1622113753672,1622113753682,10,-1,33,1473.96413843263,-1,-1
1622113753762,1622113753852,90,3,123,4231.14656005072,-8052,214
1622113754022,1622113754032,10,-1,38,1113.38043272842,-1,-1
1622113754072,1622113754112,40,3,131,6888.07331273312,-6657,134
1622113754172,1622113754242,70,12,378,22625.0003065966,-1,340
1622113754362,1622113754462,100,5,524,20238.7540856781,-24302,104
1622113754472,1622113754552,80,9,149,5885.08728802532,-7315,154
1622113754592,1622113754652,60,7,227,11361.8319896389,-11504,157
1622113754692,1622113754791,99,31,640,27474.2732837763,-24047,155
1622113755561,1622113755941,380,29,411,27251.5741853386,-22169,285
1622113756041,1622113756091,50,1,66,2102.41963655758,-3049,342
1622113756131,1622113756211,80,12,317,10342.6964722184,-14957,122
1622113756221,1622113756261,40,5,244,10164.2860710984,-261,328
1622113756271,1622113756380,109,1,659,37837.2546571025,-62894,47
1622113756400,1622113756430,30,0,39,1178.69169915178,-1,273
1622113756550,1622113756760,210,17,433,27901.3748941233,-18541,197
1622113756810,1622113756830,20,0,35,484.859814482928,-1,309
1622113756930,1622113757010,80,17,907,47532.8606182629,-59269,34
1622113757140,1622113757180,40,3,136,7036.04742409443,-7056,342
1622113757200,1622113757240,40,1,211,18322.92672237,-12206,276
1622113757250,1622113757280,30,0,40,1347.52066291778,-521,239
1622113757310,1622113757360,50,1,305,26469.2009458054,-21928,228
1622113757370,1622113757420,50,4,234,13969.502328698,-11507,341
1622113757460,1622113757810,350,23,407,23570.5623404356,-27523,15
1622113757820,1622113757970,150,41,1014,34859.1374309907,-61606,189
1622113757990,1622113758209,219,14,217,8692.02731218532,-7291,242
1622113758219,1622113758239,20,1,53,2460.16868573027,-1,285
1622113758259,1622113758309,50,1,50,1185.70174107976,-1195,26
1622113758679,1622113758729,50,0,75,837.36228020808,-1448,150
1622113758739,1622113758759,20,0,44,2684.58224193535,-13,225
1622113758769,1622113758779,10,-1,44,2532.81263882208,-1,-1
1622113759029,1622113759179,150,12,339,16875.9532815559,-7706,263
1622113759189,1622113759209,20,0,50,3076.53230031775,-1,35
1622113759219,1622113759239,20,0,57,4587.95757283415,-1674,255
1622113759269,1622113759309,40,1,57,3970.84199092019,-1729,96
1622113759339,1622113759349,10,-1,39,1873.60641452875,-1,-1
1622113759369,1622113759409,40,1,74,2775.79803509053,-34,325
1622113759459,1622113759499,40,3,100,5502.55874370172,-4539,307
1622113759688,1622113759698,10,-1,59,3906.50388621228,-1,-1
1622113759708,1622113759848,140,21,675,35382.8130147984,-45846,79
1622113759898,1622113759918,20,0,36,1234.45757692559,-365,236
1622113759948,1622113759988,40,1,71,1934.15049490133,-2411,239
1622113760028,1622113760138,110,4,465,21871.7707631497,-41928,146
1622113760168,1622113760198,30,1,83,5483.13047700543,-4978,100
1622113760238,1622113760428,190,20,662,25673.9165933157,-43421,304
1622113760438,1622113760458,20,1,144,11914.5442715295,-5008,242
1622113760478,1622113760488,10,-1,37,2464.29967398715,-1,-1
1622113760508,1622113760628,120,13,200,14223.0808412244,-7976,341
1622113760828,1622113760848,20,0,40,3504.86309122955,-1,145
1622113760948,1622113760998,50,3,95,5995.62345075214,-3015,98
1622113761158,1622113761168,10,-1,38,2027.31801234319,-1,-1
1622113761188,1622113761577,389,22,640,27587.3359890538,-36471,25
1622113761597,1622113761727,130,13,351,19598.0345527475,-25972,180
1622113761767,1622113762087,320,30,1386,71651.5977213806,-109679,184
1622113762177,1622113762187,10,-1,31,1040.31704616933,-1,-1
1622113762197,1622113762267,70,6,251,12992.2994802827,-12103,98
1622113762277,1622113762327,50,2,60,2534.38089555974,-1139,61
1622113762357,1622113762377,20,0,54,3191.06587096353,-1299,4
1622113762437,1622113762647,210,14,507,29188.7018300191,-28014,349
1622113762847,1622113762926,79,10,393,18365.6909358946,-13804,328
1622113762976,1622113763046,70,2,517,28824.9044952385,-247,11
1622113763056,1622113763066,10,-1,413,40776.9335793176,-1,-1
1622113763076,1622113763186,110,1,302,26850.69804531,-22671,66
1622113763196,1622113763216,20,0,65,3678.93453013492,-2835,307
1622113763296,1622113763396,100,5,60,3061.12386874137,-1774,289
1622113763426,1622113763556,130,11,675,41231.7744259856,-19576,171
1622113763826,1622113764106,280,10,504,28341.4626402595,-20107,87
1622113764116,1622113764276,160,9,102,5758.48346209854,-3179,19
1622113764316,1622113764386,70,17,438,17149.2664522079,-15407,354
1622113764525,1622113764605,80,22,415,18329.2943910259,-13234,187
1622113764615,1622113764705,90,6,110,9573.33767319127,-3254,346
1622113764715,1622113764765,50,3,82,2764.46026439403,-1,344
1622113764775,1622113764825,50,2,170,14077.5717955748,-7241,343
1622113764855,1622113764865,10,-1,30,373.926357097472,-1,-1
1622113764885,1622113765095,210,26,834,66154.5679981997,-45592,348
1622113765105,1622113765165,60,0,123,4164.25146709244,-44,229
1622113765185,1622113765255,70,3,121,4819.75748195922,-4187,164
1622113765295,1622113765325,30,2,128,7632.81702404717,-3371,19
1622113765335,1622113765455,120,5,66,1871.43354672461,-2454,141
1622113765485,1622113765565,80,6,171,7032.67451238705,-6828,251
1622113765625,1622113765655,30,2,119,5241.74339254193,-6178,206
1622113765695,1622113765715,20,0,49,4121.96757615108,-1,77
1622113765725,1622113765755,30,1,74,3704.43608380217,-4163,223
1622113765825,1622113765925,100,4,708,59577.7724107379,-53036,59
1622113766005,1622113766025,20,4,231,20500.9798560934,-1,229
1622113766204,1622113766274,70,2,231,19096.7944028364,-13667,62
1622113766284,1622113766294,10,-1,126,11316.5659125451,-1,-1
1622113766304,1622113766404,100,0,242,15218.3976164961,-7794,38
1622113766534,1622113766614,80,5,568,47211.8235403268,-52398,277
1622113766644,1622113766724,80,2,305,20043.4921403723,-19609,311
1622113766794,1622113766824,30,1,73,3561.72213978883,-3365,221
1622113766864,1622113766874,10,-1,30,214.120511051911,-1,-1
1622113766884,1622113766994,110,9,551,32287.4608930416,-22274,338
1622113767044,1622113767084,40,0,88,7089.94572483479,-2326,214
1622113767094,1622113767104,10,-1,63,3671.88050713957,-1,-1
1622113767154,1622113767164,10,-1,38,2112.36974638921,-1,-1
1622113767194,1622113767204,10,-1,38,2678.50135444936,-1,-1
1622113767264,1622113767294,30,2,96,6082.35130305127,-6357,28
1622113767524,1622113767564,40,2,90,6376.57409820937,-2023,69
1622113767574,1622113767594,20,0,68,6003.13128374178,-1,245
1622113767604,1622113767774,170,31,2617,212482.031152002,-175241,134
1622113767793,1622113767803,9,-1,34,2311.42349045276,-1,-1
1622113767843,1622113767863,20,0,46,2420.66359393635,-1,352
1622113767873,1622113767903,30,2,205,9658.16347147022,-1,221
1622113768003,1622113768273,270,24,539,25640.763671373,-28941,16
1622113768363,1622113768393,30,0,60,2011.76654762191,-1,326
1622113768463,1622113768523,60,0,173,15318.2288190215,-5789,261
1622113768543,1622113768553,10,-1,33,2861.67882332319,-1,-1
1622113768793,1622113768893,100,11,255,16829.5221943765,-11790,59
1622113768933,1622113768953,20,0,32,1238.37461508863,-1,219
1622113769003,1622113769013,10,-1,36,1814.18364691762,-1,-1
1622113769023,1622113769203,180,16,356,16009.4270019016,-21623,218
1622113769213,1622113769233,20,1,123,11450.2649608172,-5241,304
1622113769253,1622113769283,30,1,64,2766.95850773278,-1,99
1622113769293,1622113769303,10,-1,53,4674.95019195051,-1,-1
1622113769313,1622113769323,10,-1,66,4431.03566968454,-1,-1
1622113769333,1622113769363,30,2,205,18211.1113613628,-8540,43
1622113769373,1622113769432,59,2,79,3077.36827587047,-1,50
1622113769442,1622113769492,50,25,1542,64587.7742713149,-1,34
1622113769622,1622113769902,280,19,519,23536.4530986692,-27649,219
1622113769942,1622113769972,30,2,132,6227.08861001042,-7259,138
1622113770012,1622113770032,20,0,34,2055.49751285603,-133,296
1622113770062,1622113770112,50,10,345,17494.9037951131,-10202,341
1622113770122,1622113770242,120,11,190,6352.40766847502,-2237,130
1622113770332,1622113770652,320,22,477,23350.1458307504,-41450,240
1622113770662,1622113770722,60,1,163,6539.39709397953,-9933,40
1622113770732,1622113770742,10,-1,150,14263.7724995134,-1,-1
1622113771341,1622113771751,410,28,754,40025.5888800146,-59890,330
1622113771761,1622113771781,20,3,419,28222.2476009543,-1,320
1622113772051,1622113772291,240,9,485,23876.4139238755,-20761,71
1622113772301,1622113772341,40,5,216,9386.74603885615,-10056,93
1622113772361,1622113772391,30,1,68,3606.15231739618,-3253,100
1622113772431,1622113772531,100,5,200,13963.5293129494,-9457,105
1622113772541,1622113772561,20,0,76,5201.18759973608,-3677,239
1622113772581,1622113772621,40,1,60,2784.67213850152,-478,160
1622113772680,1622113772690,10,-1,63,4857.89756060166,-1,-1
1622113772700,1622113772730,30,7,647,30247.3808835362,-1,94
1622113772920,1622113773000,80,11,396,26679.8218580796,-25882,255
1622113773020,1622113773210,190,9,228,17918.2583629412,-7917,41
1622113773350,1622113773540,190,17,294,14930.3184850899,-18567,328
1622113773550,1622113773560,10,-1,33,536.221255878984,-1,-1
1622113773610,1622113773770,160,7,182,8685.64051548719,-12295,318
1622113773780,1622113774070,290,6,560,37020.3199818446,-27362,11
1622113774120,1622113774130,10,-1,35,1739.72487065256,-1,-1
1622113774170,1622113774200,30,5,489,23555.701039046,-1,13
1622113774319,1622113774709,390,23,379,15928.9317429883,-29485,194
1622113774739,1622113774749,10,-1,30,580.164926694174,-1,-1
1622113774759,1622113774789,30,1,69,3659.90440417669,-2080,156
1622113774799,1622113774919,120,16,486,15701.8355385437,-28407,337
1622113774949,1622113774989,40,3,113,7740.24857973643,-5724,115
1622113774999,1622113775009,10,-1,55,4071.69333286928,-1,-1
1622113775019,1622113775069,50,2,57,3172.31753015674,-2046,94
1622113775079,1622113775239,160,6,450,23051.1905714552,-21511,15
1622113775469,1622113775489,20,0,55,3429.22095752611,-1839,74
1622113775609,1622113775629,20,0,91,-1.0,-4882,140
1622113775809,1622113775829,20,0,52,2876.32881818648,-1089,160
1622113775859,1622113775879,20,0,37,490.051792549206,-1,140
1622113775918,1622113775968,50,5,198,11335.1952325133,-7083,47
1622113776038,1622113776058,20,0,40,1307.6328650726,-576,79
1622113776158,1622113776178,20,1,74,4675.29909954739,-1,252
1622113776338,1622113776438,100,5,134,5519.13840990496,-5458,71
1622113776448,1622113776718,270,22,445,28097.1164719557,-24316,257
1622113776918,1622113776998,80,1,85,2271.69294182681,-28,301
1622113777038,1622113777108,70,4,71,2494.0619125314,-2188,84
1622113777158,1622113777178,20,0,65,4123.99274959773,-2121,317
1622113777198,1622113777228,30,0,50,1762.0078622218,-1,74
1622113777258,1622113777557,299,0,1988,178841.866049033,-136998,339
1622113777787,1622113777957,170,18,532,24116.7242793232,-30819,207
1622113778077,1622113778187,110,15,259,22010.0462333274,-1916,27
1622113778217,1622113778257,40,2,182,17924.9425640618,-8934,62
1622113778387,1622113778397,10,-1,42,1254.96986809248,-1,-1
1622113778417,1622113778647,230,43,736,36462.1947822974,-29870,12
1622113778757,1622113778867,110,5,80,2417.829943452,-2491,170
1622113778877,1622113778917,40,3,150,9816.95378795763,-7789,37
1622113779017,1622113779027,10,-1,32,754.764691838254,-1,-1
1622113779037,1622113779077,40,3,150,10242.0057378917,-9715,43
1622113779286,1622113779296,10,-1,52,-1.0,-1,-1
1622113779336,1622113779396,60,2,79,4293.08960284903,-4263,43
1622113779406,1622113779656,250,8,122,3499.22673965576,-3969,235
1622113779706,1622113779816,110,4,90,2506.91269068768,-3110,111
1622113780116,1622113780136,20,0,51,2298.99452547057,-1,190
1622113780326,1622113780366,40,4,182,8708.3649159088,-8384,332
1622113780446,1622113780476,30,1,96,5981.81474139695,-2169,85
1622113780526,1622113780616,90,4,77,2665.85476435838,-1052,86
1622113780626,1622113780666,40,4,171,8718.8357793351,-8808,347
1622113780676,1622113780726,50,2,81,3783.27247790767,-2550,226
1622113780736,1622113780796,60,22,488,20981.8205950177,-2854,35
1622113780885,1622113781145,260,14,493,16848.0194578614,-25468,201
1622113781155,1622113781225,70,5,110,3865.06350648907,-6354,108
1622113781355,1622113781375,20,0,51,3705.5981701676,-1,4
1622113781505,1622113781555,50,2,66,3023.14518634941,-662,27
1622113781645,1622113781685,40,1,58,2066.17729995978,-2076,259
1622113781695,1622113781735,40,1,377,25682.0192364029,-429,38
1622113781895,1622113782035,140,8,379,22227.9370282028,-25888,227
1622113782045,1622113782055,10,-1,78,4890.02249666903,-1,-1
1622113782065,1622113782085,20,0,82,7690.46488925823,-4855,201
1622113782125,1622113782185,60,4,218,9894.9204486032,-8572,35
1622113782315,1622113782375,60,11,425,22904.2688452478,-13586,180
1622113782454,1622113782494,40,1,61,3814.87139143898,-1700,275
1622113782584,1622113782604,20,1,115,5260.61706743139,-1,52
1622113782704,1622113782914,210,14,224,12193.5448966333,-12707,273
1622113783044,1622113783164,120,10,142,6663.15723219828,-5055,342
1622113783294,1622113783494,200,11,811,58331.221046196,-42000,143
1622113783504,1622113783514,10,-1,31,489.886220303781,-1,-1
1622113783594,1622113783634,40,5,221,9995.13473987014,-10061,309
1622113783734,1622113783784,50,10,427,21340.5750464288,-19713,235
1622113783794,1622113783814,20,0,40,2606.64879101528,-1,22
1622113783924,1622113783954,30,3,266,25102.0950884907,-8334,170
1622113783964,1622113783984,20,0,92,6744.91718277339,-5361,206
1622113784093,1622113784163,70,11,265,17016.767285422,-9303,335
1622113784173,1622113784203,30,2,101,7077.25498899024,-6835,348
1622113784363,1622113784463,100,13,463,25709.187392262,-3590,134
1622113784533,1622113784543,10,-1,38,2320.5233059216,-1,-1
1622113784553,1622113784593,40,3,149,6641.06811105378,-6589,1
1622113784663,1622113784703,40,3,197,9157.19942199251,-12304,228
1622113784753,1622113784823,70,3,228,16719.6809828501,-12491,351
1622113785053,1622113785283,230,5,641,39873.5196992664,-49377,266
1622113785293,1622113785363,70,5,156,10106.9629189156,-4192,194
1622113785413,1622113785433,20,0,50,1942.3863027471,-1,171
1622113785533,1622113785583,50,6,183,12271.6165134502,-6369,337
1622113785742,1622113785762,20,1,98,7689.37811566456,-4177,187
1622113785872,1622113785912,40,6,407,16189.1979796174,-1,86
1622113785942,1622113785962,20,0,35,2297.01459856826,-10,288
1622113786002,1622113786192,190,10,521,32142.6936818768,-25099,46
1622113786202,1622113786312,110,1,174,9862.70312695007,-10069,288
1622113786392,1622113786402,10,-1,32,426.52309805411,-1,-1
1622113786442,1622113786472,30,1,80,4671.50419871697,-2675,193
1622113786522,1622113786752,230,38,764,30381.190031343,-46085,180
1622113786762,1622113786812,50,1,42,2154.21298258883,-323,26
1622113786942,1622113786982,40,16,1010,42698.2072186151,-1,22
1622113787102,1622113787242,140,5,683,23416.4152199048,-34183,299
1622113787252,1622113787272,20,0,57,2831.42801252088,-296,130
1622113787281,1622113787451,169,3,225,14570.742666741,-15137,178
1622113787461,1622113787601,140,6,98,4335.66948325867,-3361,172
1622113787641,1622113787771,130,22,445,19997.3690973313,-15425,209
1622113787831,1622113787851,20,0,33,1910.59964745246,-87,54
1622113787861,1622113787971,110,5,72,2880.97071839293,-1710,49
1622113788101,1622113788141,40,3,269,14924.8560739496,-17037,221
1622113788281,1622113788291,10,-1,33,1264.89968287257,-1,-1
1622113788371,1622113788431,60,3,135,8098.72768455745,-4619,167
1622113788491,1622113788521,30,3,158,8427.18377767212,-8120,54
1622113788581,1622113788601,20,0,113,5751.50576321557,-1,29
1622113788611,1622113788671,60,1,145,6407.25967164801,-3011,84
1622113788841,1622113788861,20,0,33,948.986499098798,-296,270
1622113788970,1622113788980,10,-1,31,1957.11892705653,-1,-1
1622113788990,1622113789070,80,0,284,19343.3254466916,-2150,349
1622113789080,1622113789150,70,5,355,32968.4586789272,-19626,241
1622113789240,1622113789280,40,1,53,3144.42289375858,-1142,221
1622113789290,1622113789390,100,2,124,7551.36193569311,-9114,101
1622113789460,1622113789670,210,13,625,29688.105820323,-25631,30
1622113789690,1622113789710,20,0,35,1408.71624547929,-1,136
1622113789720,1622113789730,10,-1,38,2229.13859932519,-1,-1
1622113789760,1622113789830,70,15,499,24779.6954777344,-21867,183
1622113789960,1622113790300,340,28,603,18017.1938933765,-20777,351
1622113790310,1622113790330,20,0,61,4698.66916088494,-1871,111
1622113790430,1622113790789,359,6,808,35881.2368947657,-39485,121
1622113790889,1622113791009,120,3,569,18311.6815187738,-27727,326
1622113791019,1622113791259,240,34,1218,46190.8455706433,-57241,151
1622113791279,1622113791459,180,29,444,19317.1257696005,-15871,75
1622113791469,1622113791509,40,2,114,6431.75044600816,-2281,239
1622113791559,1622113791579,20,0,35,2660.04248082801,-1,282
1622113791589,1622113791619,30,2,99,4859.85698642844,-5163,271
1622113791629,1622113791659,30,2,103,4018.64563124847,-3476,278
1622113791679,1622113791749,70,18,597,29034.1922351861,-22536,232
1622113791779,1622113791809,30,1,55,2546.35397837633,-1581,68
1622113791849,1622113791869,20,0,67,3560.6266949793,-1,75
1622113791879,1622113791929,50,8,343,19202.8290865707,-18402,291
1622113791969,1622113792059,90,11,780,49700.0475941819,-12926,0
1622113792149,1622113792248,99,21,264,12807.6736548659,-8690,150
1622113792258,1622113792378,120,9,199,9879.00875855182,-8704,156
1622113792408,1622113792428,20,0,36,1624.32177943491,-442,250
1622113792458,1622113792468,10,-1,78,7088.71609255918,-1,-1
1622113792588,1622113792598,10,-1,494,-1.0,-1,-1
1622113792608,1622113792728,120,7,275,20445.3533853533,-14017,343
1622113792768,1622113792898,130,30,504,27358.3245146228,-19959,273
1622113792908,1622113793048,140,0,260,13042.9584168544,-17109,59
1622113793058,1622113793088,30,5,252,14257.883170062,-14870,269
1622113793278,1622113793368,90,3,117,4027.81892927798,-3322,83
1622113793408,1622113793428,20,1,58,1941.57592732477,-1,272
1622113793478,1622113793498,20,0,56,1976.08003704402,-1,270
1622113793758,1622113793857,99,17,279,14983.7842736776,-15045,23
1622113793967,1622113793977,10,-1,36,1574.76019114139,-1,-1
1622113794127,1622113794187,60,3,154,6968.09584645252,-4374,182
1622113794347,1622113794527,180,29,1155,46597.8963617982,-108439,196
1622113794597,1622113794607,10,-1,419,39256.1768184932,-1,-1
1622113794707,1622113794787,80,10,1588,3240.06602133668,-130880,291
1622113794827,1622113794887,60,5,208,15373.1092486765,-15907,258
1622113794907,1622113794917,10,-1,37,796.724073264992,-1,-1
1622113794977,1622113795017,40,11,552,25147.5501015726,-1,80
1622113795257,1622113795277,20,1,119,-1.0,-1895,65
1622113795287,1622113795347,60,23,687,34204.0444411288,-28107,270
1622113795367,1622113795387,20,0,51,1553.21460852804,-1,276
1622113795456,1622113795526,70,6,202,12893.0874303014,-9581,296
1622113795546,1622113795576,30,3,154,7679.62704420885,-11244,84
1622113795606,1622113795626,20,0,52,4059.38834951593,-896,253
1622113795666,1622113795686,20,0,46,2992.49321337053,-1,90
1622113795766,1622113795796,30,8,842,43888.1787379486,-1,95
1622113795886,1622113795936,50,5,325,13903.3267415685,-19971,168
1622113795996,1622113796226,230,5,314,16604.3790835983,-16596,276
1622113796236,1622113796256,20,0,45,1605.29611189242,-167,283
1622113796266,1622113796306,40,13,438,24059.8318045657,-23255,248
1622113796346,1622113796366,20,1,78,6080.20217300142,-1,260
1622113796436,1622113796456,20,0,44,2458.98583491171,-899,293
1622113796556,1622113796606,50,10,314,13802.2874571366,-15854,190
1622113796646,1622113796666,20,2,125,8485.62624620649,-1,178
1622113796686,1622113796736,50,2,80,5609.40214523684,-3814,315
1622113796786,1622113796806,20,0,45,1830.32743634354,-1,41
1622113796826,1622113796876,50,4,361,16737.0293148812,-150,84
1622113796976,1622113797315,339,15,687,27226.1056239191,-33976,226
1622113797385,1622113797425,40,3,68,4152.31887321954,-1518,172
1622113797525,1622113797665,140,49,578,35525.3002785541,-13864,330
1622113797675,1622113798115,440,32,654,37226.2637415153,-21627,127
1622113798195,1622113798215,20,0,30,1653.49231155261,-1,279
1622113798225,1622113798395,170,3,318,18399.0234365615,-15419,158
1622113798505,1622113798964,459,26,1130,27862.2468734572,-73005,222
1622113798994,1622113799164,170,12,400,17059.6568077802,-13855,78
1622113799224,1622113799254,30,4,214,15080.463502757,-14144,127
1622113799264,1622113799564,300,26,619,28691.2288188957,-32701,300
1622113799634,1622113799644,10,-1,40,1480.12462675273,-1,-1
1622113799804,1622113799874,70,15,561,19607.7532862619,-35074,250
1622113799894,1622113799924,30,1,52,1352.75006102983,-1,16
1622113799934,1622113800054,120,11,222,8353.61000195935,-14118,254
1622113800064,1622113800124,60,2,118,7967.41254773874,-6938,11
1622113800164,1622113800184,20,0,53,2446.97781898514,-1,77
1622113800204,1622113800244,40,0,56,2831.49216856293,-1131,352
1622113800254,1622113800264,10,-1,41,1443.3457943326,-1,-1
1622113800353,1622113800493,140,17,1002,76143.8224567425,-58670,16
1622113800653,1622113800673,20,0,57,3095.90602785268,-2549,212
1622113800733,1622113800753,20,0,43,3036.68702989917,-1,38
1622113800993,1622113801003,10,-1,48,2651.69932605704,-1,-1
1622113801043,1622113801063,20,0,54,2551.50218153184,-1,234
1622113801143,1622113801303,160,29,555,30306.4836568109,-52039,193
1622113801313,1622113801323,10,-1,411,40322.5571632366,-1,-1
1622113801423,1622113801453,30,3,141,6819.92613767255,-9030,212
1622113801463,1622113801603,140,8,142,9024.38032658685,-6903,10
1622113801653,1622113801693,40,1,50,2632.90240712607,-631,22
1622113801713,1622113801733,20,0,35,789.50087151858,-514,18
1622113801773,1622113801783,10,-1,30,331.31772433213,-1,-1
1622113801793,1622113801942,149,8,760,66254.9344777103,-21426,152
1622113802072,1622113802222,150,7,345,9270.657333135,-15578,266
1622113802232,1622113802372,140,9,126,5166.90684019833,-4700,15
1622113802382,1622113802462,80,8,186,8138.12397041153,-9018,19
1622113802482,1622113802502,20,0,62,2923.83425031841,-1,52
1622113802552,1622113802562,10,-1,31,367.283306699388,-1,-1
1622113802662,1622113802722,60,10,351,17207.4679241439,-11277,299
1622113802772,1622113802792,20,0,35,1741.31585460388,-1,111
1622113802802,1622113802982,180,16,238,11605.1957902992,-12547,140
1622113803112,1622113803192,80,14,660,36143.950184276,-1252,7
1622113803342,1622113803522,180,19,649,50127.4542966239,-41700,303
1622113803531,1622113803591,59,1,163,15299.5235229956,-8359,289
1622113803611,1622113803631,20,0,37,2519.04910924012,-761,186
1622113803641,1622113803671,30,1,120,5528.42500845636,-1,110
1622113803681,1622113803701,20,1,187,16266.0716850939,-8508,229
1622113803711,1622113803731,20,0,44,1587.90140853663,-25,304
1622113803741,1622113803751,10,-1,34,1812.23609379581,-1,-1
1622113803781,1622113803801,20,0,33,650.700548452808,-1,172
1622113803891,1622113803911,20,0,43,2098.04479311501,-1068,335
1622113803921,1622113803951,30,1,79,3943.39462701132,-3589,202
1622113804041,1622113804051,10,-1,30,1774.97475493714,-1,-1
1622113804081,1622113804091,10,-1,32,1756.40136369095,-1,-1
1622113804101,1622113804111,10,-1,99,7885.32570279869,-1,-1
1622113804321,1622113804461,140,15,367,21523.0003027836,-18985,349
1622113804471,1622113804691,220,4,367,17492.8448579147,-21280,187
1622113804711,1622113804791,80,3,92,3741.62891056442,-2912,321
1622113804801,1622113804931,130,9,191,8617.87027448081,-7731,341
1622113804941,1622113804971,30,1,79,3341.612990497,-2578,5
1622113804991,1622113805081,90,3,64,2550.5103805527,-2097,351
1622113805101,1622113805111,10,-1,33,359.069390691612,-1,-1
1622113805350,1622113805370,20,0,56,3195.90329144003,-1699,138
1622113805430,1622113805450,20,0,47,2271.75452351612,-1,85
1622113805490,1622113805580,90,4,69,2167.78845818818,-1113,157
1622113805600,1622113805660,60,2,53,2734.75642550507,-650,120
1622113805730,1622113805800,70,3,63,2682.17085814439,-2112,171
1622113805960,1622113805970,10,-1,35,1081.36961512269,-1,-1
1622113806340,1622113806400,60,2,45,2247.53460098576,-973,112
1622113806470,1622113806530,60,13,453,22399.2552068083,-24863,255
1622113806540,1622113806560,20,0,65,4048.27481741321,-1,275
1622113806570,1622113806580,10,-1,60,4310.81258810292,-1,-1
1622113806600,1622113806630,30,0,43,928.172198335407,-1,93
1622113806690,1622113806700,10,-1,31,1026.87608615013,-1,-1
1622113806740,1622113806790,50,1,215,12416.2561940641,-15533,234
1622113806800,1622113806819,19,0,30,158.958281519027,-1,289
1622113806829,1622113806849,20,0,46,1717.89607228318,-1381,270
1622113806879,1622113806909,30,1,65,3532.63154020642,-2591,72
1622113806949,1622113806999,50,1,50,3013.91615499655,-1312,56
1622113807019,1622113807039,20,0,32,1051.82577235721,-191,45
1622113807049,1622113807119,70,5,518,36524.5004084234,-1,14
1622113807229,1622113807459,230,11,1574,73071.6253973275,-140355,211
1622113807469,1622113807489,20,0,51,3034.27495429094,-1158,291
1622113807539,1622113807579,40,1,59,1319.32865346619,-1552,339
1622113807599,1622113807659,60,11,514,22958.0355448841,-1,89
1622113807809,1622113807909,100,10,302,8112.49924866094,-17294,299
1622113807949,1622113807989,40,5,205,14711.1408179883,-15870,145
1622113808059,1622113808069,10,-1,44,2321.74785895421,-1,-1
1622113808448,1622113808498,49,5,166,10532.5767724906,-4045,334
1622113808508,1622113808518,10,-1,54,4800.43313951222,-1,-1
1622113808728,1622113808798,70,2,64,2573.51683234221,-1587,103
1622113808848,1622113808888,40,4,186,10030.961226533,-8039,20
1622113808968,1622113809268,300,5,525,33158.7606172339,-13552,66
1622113809368,1622113809688,320,13,733,20140.9667869936,-34870,224
1622113809708,1622113809798,90,3,72,3572.44123981936,-3042,169
1622113809818,1622113809858,40,1,60,2643.64688159108,-1817,124
1622113809868,1622113809898,30,1,59,3675.63246682172,-1357,326
1622113809998,1622113810038,40,2,142,8251.62347943938,-7961,337
1622113810117,1622113810177,60,3,172,10982.9166710778,-13555,234
1622113810187,1622113810207,20,1,115,10347.2432292849,-6370,163
1622113810227,1622113810277,50,0,54,4154.30517730587,-1158,138
1622113810287,1622113810317,30,4,211,9927.10082126334,-11583,238
1622113810367,1622113810387,20,0,46,2277.21851128787,-1205,98
1622113810427,1622113810507,80,3,207,9633.22060056909,-13793,32
1622113810517,1622113810787,270,33,620,22348.9146738379,-18504,126
1622113810807,1622113810817,10,-1,31,1444.8775702639,-1,-1
1622113810827,1622113811027,200,9,100,3629.33448831805,-3321,307
1622113811187,1622113811207,20,0,40,1850.97293465534,-246,264
1622113811327,1622113811337,10,-1,33,562.249662300954,-1,-1
1622113811377,1622113811417,40,1,51,1095.57856122687,-218,311
1622113811457,1622113811467,10,-1,31,836.121805027954,-1,-1
1622113811507,1622113811517,10,-1,34,1583.44901920964,-1,-1
1622113811657,1622113811667,10,-1,39,-1.0,-1,-1
1622113811786,1622113811846,60,5,251,16410.2893997873,-13840,349
1622113811916,1622113812006,90,8,267,16692.780204437,-11964,156
1622113812156,1622113812166,10,-1,118,8964.432684533,-1,-1
1622113812386,1622113812426,40,5,213,11189.7467831428,-8515,274
1622113812506,1622113812556,50,1,116,5368.97184975108,-6413,229
1622113812636,1622113812656,20,0,47,3250.19151956804,-1212,50
1622113812686,1622113812696,10,-1,33,930.556468986176,-1,-1
1622113812776,1622113812796,20,0,140,7252.29930783116,-1,53
1622113812806,1622113812866,60,5,179,12768.5219858961,-9382,203
1622113812996,1622113813026,30,3,152,9209.86259237145,-5531,95
1622113813066,1622113813156,90,18,498,17394.5823395864,-24417,277
1622113813216,1622113813306,90,3,124,11815.0261414693,-6729,64
1622113813316,1622113813335,19,0,43,1753.95483071434,-520,95
1622113813455,1622113813545,90,3,73,2784.34416346326,-3046,285
1622113813615,1622113813685,70,4,90,4906.10363725698,-2843,277
1622113813695,1622113813905,210,25,776,23509.2788602338,-46606,97
1622113813935,1622113813945,10,-1,43,1654.59700787939,-1,-1
1622113813965,1622113813995,30,2,93,4410.7484174778,-4668,264
1622113814015,1622113814125,110,4,170,8900.75673094439,-7710,351
1622113814295,1622113814325,30,1,73,4170.04643486257,-2602,180
1622113814425,1622113814555,130,33,745,55544.6350493854,-55077,272
1622113814565,1622113814625,60,5,110,6890.25448188603,-5624,95
1622113814665,1622113814755,90,2,173,11351.8646696148,-13027,117
1622113814805,1622113814815,10,-1,52,2905.71956829305,-1,-1
1622113814835,1622113814885,50,1,38,1525.25931491948,-357,87
1622113815094,1622113815154,60,10,297,10510.0816711157,-18799,7
1622113815234,1622113815254,20,0,32,526.718143665112,-95,225
1622113815264,1622113815314,50,1,76,2513.45705433978,-724,218
1622113815324,1622113815384,60,1,110,8715.61526930443,-7330,238
1622113815404,1622113815574,170,17,366,15052.7547518505,-15140,332
1622113815584,1622113815774,190,2,121,4658.14658768806,-6389,166
1622113815784,1622113815824,40,1,64,3191.829474398,-2890,215
1622113815844,1622113816074,230,30,558,36487.431945503,-21795,139
1622113816104,1622113816274,170,9,142,7094.57503202896,-7796,271
1622113816294,1622113816374,80,24,437,25551.3781992199,-8284,83
1622113816633,1622113816663,30,0,37,1092.58431860559,-147,249
1622113816703,1622113816713,10,-1,38,920.157000277122,-1,-1
1622113816763,1622113816883,120,30,629,20215.6175605827,-36092,267
1622113816903,1622113816913,10,-1,56,3602.17944761116,-1,-1
1622113816923,1622113816963,40,1,37,1119.5508653659,-1,72
1622113817003,1622113817053,50,1,118,9865.51579876328,-8478,99
1622113817123,1622113817133,10,-1,49,3931.6491542057,-1,-1
1622113817223,1622113817383,160,10,789,43602.054368304,-38584,3
1622113817543,1622113817693,150,9,520,41820.4648309047,-20729,166
1622113817703,1622113817713,10,-1,133,11788.8997436821,-1,-1
1622113817763,1622113817773,10,-1,38,2190.90962713758,-1,-1
1622113817843,1622113817973,130,27,317,15382.5514688056,-17818,85
1622113818113,1622113818163,50,7,515,31326.2595207065,-15722,306
1622113818282,1622113818312,30,6,341,-1.0,-15805,257
1622113818332,1622113818362,30,1,77,3672.51352019442,-4222,270
1622113818372,1622113818392,20,0,46,2186.40811430574,-1,90
1622113818412,1622113818442,30,1,85,5151.59799108829,-2294,283
1622113818462,1622113818482,20,0,34,705.774639082965,-384,302
1622113818492,1622113818552,60,10,386,19120.3957734726,-17169,110
1622113818562,1622113818632,70,4,145,10585.8260411351,-6243,290
1622113818652,1622113818672,20,0,38,2581.233542087,-1,270
1622113818702,1622113818752,50,10,321,16963.808664308,-17824,351
1622113818772,1622113818792,20,0,60,2189.53138998915,-1,255
1622113818912,1622113818962,50,11,420,21781.6998864899,-17845,167
1622113819062,1622113819072,10,-1,37,1215.71819145825,-1,-1
1622113819192,1622113819222,30,1,50,2999.02270183784,-2016,302
1622113819332,1622113819352,20,0,30,757.52499515979,-1,270
1622113819652,1622113819692,40,1,45,2293.18243827848,-535,87
1622113819712,1622113819742,30,1,56,2010.93255156443,-24,90
1622113819752,1622113819762,10,-1,32,2964.02744238149,-1,-1
1622113819772,1622113819971,199,16,458,23080.128586931,-24229,280
1622113820011,1622113820031,20,3,192,14160.4692729578,-1,263
1622113820041,1622113820271,230,21,871,29939.0009779538,-59306,2
1622113820311,1622113820351,40,5,240,17226.046909149,-17212,203
1622113820361,1622113820371,10,-1,46,2286.56071968214,-1,-1
1622113820391,1622113820411,20,1,64,3222.72292040863,-1,300
1622113820471,1622113820491,20,0,40,2296.7671255151,-1,214
1622113820501,1622113820561,60,1,84,7736.94365875978,-3984,200
1622113820621,1622113820631,10,-1,35,1259.62377353014,-1,-1
1622113820811,1622113820891,80,0,184,7810.47764803312,-14039,355
1622113821011,1622113821051,40,5,1069,79379.9253089519,-1,137
1622113821241,1622113821500,259,14,301,13682.5819734151,-25966,300
1622113821620,1622113821710,90,26,522,19794.4816560857,-16734,162
1622113821720,1622113821730,10,-1,63,4158.92604978679,-1,-1
1622113821740,1622113821800,60,5,173,12907.495354556,-8960,350
1622113821840,1622113821990,150,22,543,23746.8397008885,-22858,357
1622113822040,1622113822160,120,13,261,17863.6265232702,-11633,307
1622113822220,1622113822280,60,12,411,20158.1625491894,-17546,255
1622113822290,1622113822340,50,2,123,4772.68676164304,-3221,130
1622113822350,1622113822480,130,16,372,15604.7855042187,-18284,287
1622113822530,1622113822550,20,5,418,24800.042056999,-1,226
1622113822710,1622113822840,130,21,541,9612.6586640659,-21340,87
1622113822850,1622113822890,40,3,127,7321.41808591059,-5008,269
1622113822900,1622113822960,60,5,121,6834.37216230462,-897,209
1622113822970,1622113822990,20,0,52,2370.01660047968,-1748,220
1622113823010,1622113823020,10,-1,31,257.230455411028,-1,-1
1622113823119,1622113823249,130,30,563,20050.6974412412,-21909,81
1622113823259,1622113823269,10,-1,44,2372.96768731228,-1,-1
1622113823309,1622113823339,30,8,394,22329.7609423516,-17513,281
1622113823399,1622113823419,20,3,223,16977.7198286873,-1,104
1622113823429,1622113823449,20,1,70,4248.72662289006,-1330,272
1622113823459,1622113823479,20,0,36,932.967253865055,-216,270
1622113823509,1622113823529,20,1,63,4106.05535374189,-701,264
1622113823599,1622113823619,20,0,66,3647.28550579594,-2555,280
1622113823719,1622113823869,150,37,820,41010.4787636468,-39845,273
1622113823969,1622113824019,50,1,103,2929.83788956269,-3274,86
1622113824029,1622113824099,70,3,101,4054.457119756,-4459,243
1622113824169,1622113824269,100,7,385,32398.6488968118,-19987,215
1622113824279,1622113824299,20,0,36,1867.01144751949,-459,109
1622113824309,1622113824429,120,23,598,27264.17544305,-14467,32
1622113824439,1622113824509,70,3,66,2887.38612905522,-1516,127
1622113824539,1622113824589,50,1,80,3907.23865625846,-2806,191
1622113824609,1622113824718,109,7,241,9645.11820498935,-20875,214
1622113824768,1622113824788,20,0,44,2493.51398872505,-1168,48
1622113824808,1622113824838,30,1,89,2567.47333498955,-1,33
1622113824848,1622113824908,60,13,496,22646.2371087626,-33946,193
1622113824948,1622113824968,20,1,80,5149.81752483988,-1,71
1622113825008,1622113825138,130,28,985,57709.0829383795,-66161,181
1622113825228,1622113825398,170,12,196,9327.12763012863,-9798,48
1622113825408,1622113825518,110,4,168,10344.4185647662,-317,40
1622113825408,1622113825518,110,4,168,10344.4185647662,-317,40
1622113825528,1622113825558,30,0,155,13335.8405759041,-11194,300
1622113825588,1622113825608,20,0,44,1727.81297156036,-1334,5
1622113825678,1622113826028,350,20,570,31482.6325135749,-30046,336
1622113826198,1622113826278,80,2,175,4274.25836632292,-8595,270
1622113826347,1622113826427,80,5,224,16494.618053646,-14604,277
1622113826437,1622113826457,20,0,85,6812.32288471955,-4203,150
1622113826497,1622113826517,20,0,53,3042.21039548249,-1,296
1622113826657,1622113826677,20,0,75,4255.93873809846,-1,257
1622113826687,1622113826887,200,12,473,21528.3403650471,-13843,236
1622113826967,1622113827027,60,1,40,975.53857048911,-1027,90
1622113827047,1622113827127,80,14,485,24899.7319171427,-20041,51
1622113827197,1622113827227,30,2,136,7610.87689534044,-1,71
1622113827237,1622113827417,180,21,694,39782.4330373452,-32181,211
1622113827457,1622113827557,100,4,55,1968.6320846154,-1233,14
1622113827567,1622113827627,60,2,67,2149.60159289592,-2795,248
1622113827677,1622113827707,30,1,60,2608.83137495964,-1945,14
1622113827807,1622113828026,219,18,300,24746.7938349448,-16865,2
1622113828076,1622113828086,10,-1,42,1467.48586777156,-1,-1
1622113828196,1622113828336,140,5,61,1662.92274713968,-2635,184
1622113828456,1622113828496,40,1,88,4719.81275054453,-402,309
1622113828636,1622113828706,70,16,505,19987.0407439288,-30351,55
1622113828716,1622113828726,10,-1,59,4130.08482229793,-1,-1
1622113828736,1622113828756,20,0,47,2325.3052822553,-978,218
1622113828776,1622113828806,30,0,49,1928.65479453845,-1363,212
1622113828816,1622113828946,130,15,285,6851.46339120407,-15010,215
1622113829036,1622113829046,10,-1,32,1282.54764863676,-1,-1
1622113829096,1622113829206,110,19,457,23694.9162887808,-16885,39
1622113829216,1622113829296,80,2,69,3895.27087963915,-3022,201
1622113829336,1622113829346,10,-1,36,886.299541150248,-1,-1
1622113829356,1622113829366,10,-1,39,1164.7805475354,-1,-1
1622113829476,1622113829615,139,40,550,20664.6370744185,-10987,233
1622113829705,1622113830145,440,24,1311,118552.7962293,-98034,56
1622113830165,1622113830175,10,-1,37,1688.30402355726,-1,-1
1622113830245,1622113830345,100,19,413,20383.9864832852,-14779,263
1622113830245,1622113830345,100,19,413,20383.9864832852,-14779,263
1622113830435,1622113830505,70,24,840,42798.6123948782,-49779,82
1622113830515,1622113830535,20,1,85,4876.84260760791,-1,247
1622113830675,1622113830685,10,-1,34,1041.81469238165,-1,-1
1622113830755,1622113830775,20,2,318,18726.5470469576,-1,20
1622113830885,1622113830905,20,8,771,-1.0,-41001,257
1622113830915,1622113830985,70,4,356,30870.8560031179,-21295,73
1622113830995,1622113831005,10,-1,409,37921.3437318461,-1,-1
1622113831125,1622113831274,149,28,1886,24626.0365153888,-158084,314
1622113831684,1622113831834,150,17,353,637.659091243638,-18161,102
1622113831844,1622113831874,30,2,104,6231.38865042545,-4211,217
1622113832024,1622113832064,40,0,168,11589.8845641282,-1,108
1622113832264,1622113832284,20,0,49,-1.0,-1831,270
1622113832374,1622113832494,120,6,83,4380.66420535905,-1578,255
1622113832534,1622113832544,10,-1,38,1459.54742993237,-1,-1
1622113832584,1622113832764,180,16,494,28939.9732854214,-17955,277
1622113832774,1622113833133,359,15,317,22844.8282333003,-20960,269
1622113833173,1622113833243,70,10,385,33722.2795888692,-31143,83
1622113833263,1622113833353,90,20,489,28306.5079867717,-20545,99
1622113833473,1622113833483,10,-1,104,-1.0,-1,-1
1622113833503,1622113833523,20,0,58,2264.27610235247,-1,341
1622113833623,1622113833673,50,2,154,9139.80019860076,-9143,85
1622113833743,1622113833753,10,-1,32,1051.83881874533,-1,-1
1622113833783,1622113833813,30,1,67,2956.8995359628,-2917,270
1622113833863,1622113834013,150,45,966,56423.6681534017,-55883,276
1622113834023,1622113834133,110,3,151,10431.3744835818,-6502,125
1622113834193,1622113834223,30,4,261,23214.4572799275,-18650,19
1622113834233,1622113834363,130,5,192,12626.5884983762,-10142,91
1622113834373,1622113834422,49,3,101,5859.83399518535,-2467,66
1622113834462,1622113834562,100,8,381,30576.3282726875,-26848,130
1622113835012,1622113835062,50,6,296,15473.5933127227,-10098,22
1622113835292,1622113835542,250,5,1226,115646.258263522,-111722,190
1622113835642,1622113835692,50,15,678,6116.08006236847,-29057,93
1622113835702,1622113835722,20,0,79,5501.34029420689,-4487,259
1622113835952,1622113835992,40,2,131,-1.0,-4647,259
1622113836032,1622113836141,109,8,104,5645.96891212712,-3694,266
1622113836281,1622113836301,20,0,33,1055.39285098134,-158,236
1622113836691,1622113836711,20,1,207,10866.3202817151,-1,319
1622113836811,1622113837091,280,11,1342,103042.150541746,-70958,15
1622113837111,1622113837121,10,-1,47,2882.51291097367,-1,-1
1622113837131,1622113837211,80,4,63,3809.71318369744,-669,275
1622113837241,1622113837261,20,0,66,4107.52254087625,-2409,79
1622113837281,1622113837301,20,0,63,3551.70407062805,-1,97
1622113837351,1622113837561,210,25,582,24867.019477712,-18674,163
1622113837571,1622113837581,10,-1,61,3868.23652241869,-1,-1
1622113837591,1622113837611,20,0,37,1210.92950711134,-1,59
1622113837651,1622113837780,129,11,396,19306.2341655454,-17826,58
1622113837800,1622113837840,40,1,91,6053.8135773201,-3853,307
1622113837940,1622113837950,10,-1,61,-1.0,-1,-1
1622113837970,1622113837980,10,-1,49,2784.70305488224,-1,-1
1622113838120,1622113838180,60,9,206,8260.23328275951,-203,125
1622113838200,1622113838210,10,-1,108,8704.77799281897,-1,-1
1622113838240,1622113838270,30,1,81,4580.74437778417,-2712,303
1622113838350,1622113838410,60,10,325,15706.0571995294,-14570,198
1622113838420,1622113838450,30,0,35,449.568952591636,-1,331
1622113838610,1622113838630,20,1,75,3927.71377657585,-1,237
1622113838730,1622113839090,360,24,932,70527.5646095353,-44714,229
1622113839110,1622113839130,20,0,56,3834.1127735043,-2465,242
1622113839150,1622113839180,30,0,32,1796.44400762338,-1,40
1622113839220,1622113839289,69,5,137,4534.36671597667,-8908,15
1622113839339,1622113839479,140,29,515,22067.1489972905,-25877,5
1622113839489,1622113839619,130,13,349,18539.4999039549,-19368,99
1622113839629,1622113839669,40,1,47,1399.77399796125,-376,218
1622113839689,1622113839729,40,1,64,2062.71182638113,-2769,202
1622113839789,1622113839839,50,8,337,16732.6837810608,-21544,108
1622113839879,1622113840059,180,8,197,7660.84893434788,-11593,25
1622113840099,1622113840109,10,-1,33,1559.04663404197,-1,-1
1622113840119,1622113840199,80,13,282,13642.5468203691,-3604,88
1622113840339,1622113840359,20,0,43,2462.0669796999,-1,259
1622113840379,1622113840399,20,0,39,2626.71450081011,-1,48
1622113840429,1622113840529,100,4,58,2536.0811826925,-1053,263
1622113840549,1622113840569,20,0,45,1609.66212125427,-938,243
1622113840769,1622113840879,110,5,73,3731.56965021987,-2138,287
1622113841328,1622113841338,10,-1,35,2649.28592337628,-1,-1
1622113841348,1622113841368,20,1,131,5852.12857098797,-1,289
1622113841558,1622113841718,160,11,1102,32361.3667387701,-21593,66
1622113841728,1622113841748,20,1,85,6768.68612185353,-584,111
1622113841768,1622113841848,80,8,332,14508.6116652351,-16312,33
1622113841898,1622113841918,20,0,51,2347.16542530305,-1773,195
1622113841958,1622113841978,20,0,46,3470.43907245558,-1,187
1622113842028,1622113842148,120,4,504,29841.7014041589,-4015,140
1622113842258,1622113842338,80,8,312,10760.5623505779,-21567,162
1622113842378,1622113842418,40,1,157,9222.96893811493,-3342,261
1622113842428,1622113842448,20,1,89,4515.29858988388,-1,115
1622113842508,1622113842548,40,1,36,910.369952802796,-1,265
1622113842567,1622113842607,40,1,73,4539.34708014636,-1527,273
1622113842707,1622113842717,10,-1,37,1306.66395549063,-1,-1
1622113842757,1622113842807,50,6,175,9500.00372815837,-3090,261
1622113842917,1622113842977,60,8,184,6306.39904296468,-5173,262
1622113842987,1622113843027,40,4,123,6947.2081798409,-1102,73
1622113843037,1622113843157,120,3,139,10393.5925744445,-9487,213
1622113843167,1622113843187,20,0,68,4643.60031246841,-1660,115
1622113843197,1622113843247,50,2,141,11099.5671172074,-5474,124
1622113843257,1622113843537,280,19,353,14409.9127993451,-14001,104
1622113843547,1622113843557,10,-1,238,22034.8649133503,-1,-1
1622113843577,1622113843677,100,2,339,14314.1682430076,-28656,26
1622113843717,1622113843727,10,-1,1301,127795.4707541,-1,-1
1622113843817,1622113844087,270,15,953,8744.34786616247,-52733,167
1622113844097,1622113844117,20,1,70,4115.7746537887,-396,216
1622113844326,1622113844356,30,3,148,9340.9851800679,-7747,355
1622113844566,1622113844576,10,-1,32,2819.76349417349,-1,-1
1622113844586,1622113844646,60,3,93,6759.52103320827,-3358,154
1622113844656,1622113844676,20,1,110,9089.28280975209,-1353,55
1622113844806,1622113844836,30,1,309,23717.6803243673,-311,231
1622113844936,1622113845106,170,14,660,10570.8660748011,-16517,240
1622113845116,1622113845156,40,2,86,3231.33360735263,-4044,332
1622113845196,1622113845666,470,16,2598,218024.662964405,-103101,284
1622113845676,1622113845766,90,3,71,4617.41178807499,-4046,50
1622113845776,1622113845786,10,-1,64,3455.58710277573,-1,-1
1622113845795,1622113845935,139,27,782,81990.7422652746,-59798,22
1622113845955,1622113846055,100,2,73,3374.97060098443,-2682,181
1622113846065,1622113846085,20,0,35,536.257516936404,-166,185
1622113846095,1622113846105,10,-1,43,1650.85145209004,-1,-1
1622113846125,1622113846355,230,24,618,19612.5105321765,-23546,202
1622113846485,1622113846595,110,0,351,19316.2877029884,-25839,231
1622113846635,1622113846805,170,24,582,25634.7930007017,-22375,92
1622113846855,1622113846875,20,0,32,1155.73765919366,-1,297
1622113846885,1622113846905,20,1,78,5010.57040493211,-3992,30
1622113846915,1622113846975,60,3,194,12690.5649231389,-5820,320
1622113847065,1622113847155,90,11,356,15608.3977709198,-16115,99
1622113847245,1622113847335,90,31,460,17781.1178256646,-19973,271
1622113847734,1622113847914,180,20,637,11528.6342672961,-29559,85
1622113847924,1622113848044,120,14,491,17470.5991536193,-25024,76
1622113848084,1622113848104,20,0,44,1847.83832907312,-1455,122
1622113848134,1622113848214,80,11,357,17536.8106751699,-18533,356
1622113848224,1622113848234,10,-1,53,3651.33507856952,-1,-1
1622113848244,1622113848264,20,0,55,2530.69086608808,-1,251
1622113848284,1622113848534,250,12,476,20481.4714606683,-38640,88
1622113848734,1622113848814,80,9,237,14377.0448132926,-11849,259
1622113848824,1622113848844,20,0,48,2342.20247713629,-1481,246
1622113848854,1622113849034,180,33,1358,98878.0823095211,-90794,251
1622113849133,1622113849343,210,3,842,65471.8928426268,-68389,92
1622113849403,1622113849413,10,-1,47,2573.71751104111,-1,-1
1622113849573,1622113849603,30,1,57,2473.07853955474,-2254,109
1622113849633,1622113849663,30,0,41,1280.45835686554,-143,139
1622113849673,1622113849693,20,0,44,1865.21815212168,-1,90
1622113849703,1622113849803,100,17,507,14026.6224515382,-23049,24
1622113849813,1622113849833,20,0,77,4245.2751457921,-1,90
1622113849843,1622113849853,10,-1,85,6334.10616684624,-1,-1
1622113849863,1622113849873,10,-1,84,7236.27340515637,-1,-1
1622113849883,1622113849923,40,1,75,4894.16427478992,-3213,191
1622113849983,1622113850073,90,3,110,9238.32180792784,-7072,161
1622113850273,1622113850403,130,14,515,25552.3726778924,-26443,193
1622113850493,1622113850513,20,1,84,3734.71820741829,-1,324
1622113850523,1622113850533,10,-1,40,2922.55899155316,-1,-1
1622113850543,1622113850563,20,0,77,6427.62046920058,-3054,259
1622113851042,1622113851082,40,7,677,33741.7250656984,-2986,67
1622113851392,1622113851482,90,11,370,15697.5535281354,-19433,263
1622113851492,1622113851512,20,0,52,3447.53037864125,-1411,81
1622113851522,1622113851542,20,1,77,5546.43616654492,-257,101
1622113851582,1622113851612,30,3,166,7973.66545850279,-8927,252
1622113851622,1622113851742,120,16,377,17199.9633221157,-7516,82
1622113851842,1622113851952,110,4,241,16156.6304758966,-4288,43
1622113851962,1622113851972,10,-1,30,1395.89447900405,-1,-1
1622113851992,1622113852212,220,10,134,6408.26292426603,-4881,241
1622113852341,1622113852401,60,10,308,13395.899090583,-9585,317
1622113852491,1622113852801,310,25,711,35333.4189573776,-26600,179
1622113852841,1622113852871,30,2,96,5116.19956028129,-4715,329
1622113852881,1622113852901,20,0,64,2436.14420061313,-1,343
1622113852911,1622113853291,380,23,630,26292.4622896819,-28144,21
1622113853301,1622113853321,20,1,65,5541.83745052185,-6,63
1622113853331,1622113853601,270,27,675,28869.6304780652,-34759,224
1622113853691,1622113853811,120,5,197,13733.0806442705,-8635,117
1622113853821,1622113854190,369,19,622,31871.2840880436,-21293,24
1622113854250,1622113854600,350,23,1114,57389.8205035416,-61222,302
1622113854620,1622113854730,110,6,474,23021.1992063654,-23587,55
1622113855030,1622113855260,230,16,364,16373.911889223,-15395,290
1622113855270,1622113855320,50,14,650,36677.3128369902,-15804,80
1622113855579,1622113855609,30,1,58,2675.7252639525,-1782,294
1622113855619,1622113855679,60,3,67,2362.47102321093,-7,259
1622113855689,1622113855759,70,4,138,8741.12559268933,-4468,276
1622113855779,1622113855869,90,1,235,10514.5869713168,-17351,274
1622113855879,1622113855889,10,-1,33,1533.25972422308,-1,-1
1622113855919,1622113855929,10,-1,46,2404.2236750089,-1,-1
1622113856139,1622113856209,70,18,570,26808.3397805203,-26253,222
1622113856239,1622113856259,20,0,46,1299.31109891525,-1,98
1622113856329,1622113856429,100,14,239,13738.5314494781,-15748,305
1622113856469,1622113856609,140,23,767,37454.5705562724,-33536,116
1622113856979,1622113856989,10,-1,30,1910.62301841163,-1,-1
1622113857049,1622113857069,20,0,32,1184.04488645045,-73,98
1622113857159,1622113857208,49,15,447,22202.0321561438,-20514,14
1622113857248,1622113857268,20,1,76,2757.89462155071,-1,304
1622113857298,1622113857308,10,-1,69,4273.86899310539,-1,-1
1622113857318,1622113857328,10,-1,40,2641.75199920008,-1,-1
1622113857428,1622113857448,20,3,269,14031.1542474655,-1,272
1622113857538,1622113857618,80,9,929,-1.0,-64429,241
1622113857628,1622113857718,90,3,430,24120.9377881458,-17131,90
1622113857728,1622113857758,30,2,97,5879.02607803897,-2920,117
1622113857798,1622113857828,30,0,44,1815.26002328167,-352,130
1622113857838,1622113857888,50,3,104,4891.25539583718,-2306,127
1622113857948,1622113857988,40,1,54,1324.48551995885,-1197,182
1622113858028,1622113858108,80,15,331,13231.1301704622,-19370,20
1622113858148,1622113858248,100,2,115,6459.5921907044,-8431,290
1622113858268,1622113858368,100,7,261,22320.170805395,-13766,173
1622113858488,1622113858508,20,4,195,13728.901627169,-1,102
1622113858518,1622113858648,130,1,311,22140.0283486247,-25357,102
1622113858658,1622113858668,10,-1,36,1878.41534543784,-1,-1
1622113858708,1622113858758,50,2,89,4814.07896637495,-3227,272
1622113858808,1622113858837,29,0,48,1148.63069950248,-1,289
1622113859137,1622113859557,420,36,754,39988.681185357,-36626,270
1622113859567,1622113859707,140,5,249,20416.1147300877,-16204,81
1622113859727,1622113859737,10,-1,37,2452.81809550545,-1,-1
1622113859757,1622113859897,140,16,436,34145.1228632916,-15120,27
1622113859917,1622113859927,10,-1,36,765.440150720327,-1,-1
1622113860007,1622113860017,10,-1,68,4105.78199672374,-1,-1
1622113860057,1622113860107,50,1,60,2182.19539843027,-2037,254
1622113860147,1622113860167,20,1,133,6752.20217340663,-1,78
1622113860177,1622113860277,100,4,203,7708.7031205893,-10761,244
1622113860287,1622113860307,20,1,71,4301.50310311979,-859,48
1622113860327,1622113860337,10,-1,51,3185.80821314641,-1,-1
1622113860347,1622113860367,20,1,208,16210.8813656931,-1,177
1622113860466,1622113860526,60,16,580,27669.1601226944,-30747,237
1622113860536,1622113860546,10,-1,57,3208.25264773399,-1,-1
1622113860556,1622113860596,40,1,62,2275.96052474872,0,295
1622113860636,1622113860666,30,1,68,1862.31360446191,-1,82
1622113860686,1622113860716,30,1,67,2724.10686905955,-2129,85
1622113860746,1622113860786,40,2,115,5634.12168526014,-6359,72
1622113860806,1622113860826,20,0,42,970.254993497467,-1,97
1622113860836,1622113860876,40,0,63,3459.4198566061,-2400,127
1622113860906,1622113860946,40,1,39,1000.97191837257,-264,241
1622113860966,1622113861006,40,2,75,6290.50582079204,-51,259
1622113861016,1622113861066,50,3,252,13563.7131385644,-15640,17
1622113861176,1622113861186,10,-1,32,2046.46579589676,-1,-1
1622113861226,1622113861326,100,3,266,12930.9602079734,-20771,69
1622113861366,1622113861386,20,1,234,15830.6388739403,-1,172
1622113861766,1622113861826,60,3,66,-1.0,-49,58
1622113861836,1622113861896,60,1,66,4572.18139234877,-2863,281
1622113861936,1622113861946,10,-1,44,3276.82588647611,-1,-1
1622113862185,1622113862205,20,0,46,2198.36782843653,-1,254
1622113862365,1622113862375,10,-1,32,1180.33841879418,-1,-1
1622113862575,1622113862585,10,-1,37,1636.67471435622,-1,-1
1622113862665,1622113862695,30,5,233,10602.7512788265,-717,73
1622113862915,1622113862925,10,-1,31,652.368208557219,-1,-1
1622113862995,1622113863025,30,1,49,1944.61666788705,-1004,315
1622113863045,1622113863065,20,0,35,1324.89378976717,-12,240
1622113863115,1622113863135,20,2,307,19627.0522810069,-1,68
1622113863145,1622113863165,20,2,334,30593.2241087851,-22514,235
1622113863205,1622113863225,20,0,30,1504.79969115373,-1,291
1622113863235,1622113863315,80,0,134,7203.0257539854,-11,291
1622113863495,1622113863505,10,-1,33,1882.90408274626,-1,-1
1622113863994,1622113864014,20,0,30,733.478902334046,-1,350
1622113864054,1622113864074,20,0,119,5875.26566508661,-1,36
1622113864084,1622113864104,20,1,136,12675.1742996204,-8003,234
1622113864214,1622113864244,30,2,109,5774.88937940771,-6385,3
1622113864274,1622113864284,10,-1,30,21.9152898581402,-1,-1
1622113864294,1622113864324,30,1,69,2090.13594846654,-2409,20
1622113864394,1622113864814,420,35,709,24237.0768598888,-26882,241
1622113864824,1622113865024,200,9,1759,130425.836424303,-78443,34
1622113865034,1622113865044,10,-1,66,4680.12362162803,-1,-1
1622113865054,1622113865144,90,20,445,13735.0683558005,-12860,8
1622113865154,1622113865274,120,8,117,5673.03315394464,-7015,163
1622113865284,1622113865313,29,1,86,4591.5468217709,-2366,227
1622113865403,1622113865543,140,5,585,15185.6570915478,-31873,120
1622113865563,1622113865583,20,0,39,770.888739199588,-1,90
1622113865603,1622113865873,270,28,831,21986.5646480725,-17228,347
1622113865983,1622113866083,100,5,441,11792.6848441084,-21560,263
1622113866093,1622113866763,670,37,1439,90513.6354057432,-100530,193
1622113866823,1622113866863,40,0,103,5551.48198660239,-2801,214
1622113866893,1622113866952,59,1,170,12750.6264720621,-9050,331
1622113866962,1622113866992,30,1,52,3103.75521314284,-1903,219
1622113867152,1622113867162,10,-1,31,196.321891093103,-1,-1
1622113867292,1622113867312,20,0,59,385.700391543927,-1,243
1622113867322,1622113867382,60,0,84,2993.95437967518,-7,120
1622113867422,1622113867452,30,1,63,2718.94728545834,-3133,346
1622113867562,1622113867742,180,15,408,24230.4257351954,-15481,262
1622113868032,1622113868132,100,17,458,763.704073178957,-11401,99
1622113868152,1622113868192,40,4,214,9356.18527585383,-8832,53
1622113868232,1622113868252,20,0,62,2283.34353941464,-1,86
1622113868272,1622113868362,90,9,227,10453.5196316669,-9020,238
1622113868372,1622113868412,40,3,135,6840.89885441487,-3666,243
1622113868422,1622113868502,80,6,175,9508.85781521721,-5409,68
1622113868512,1622113868571,59,4,108,4610.1263799337,-4354,81
1622113868671,1622113868691,20,1,164,-1.0,-6800,58
1622113868731,1622113868881,150,14,457,24144.5127749572,-23074,257
1622113868891,1622113868951,60,1,34,1531.05991775791,-213,283
1622113868971,1622113869011,40,9,319,16323.6192399845,-16215,89
1622113869121,1622113869581,460,13,822,20787.8908015146,-25957,34
1622113869611,1622113869641,30,2,106,5182.69239741976,-6055,255
1622113869671,1622113869681,10,-1,30,553.593026761609,-1,-1
1622113869711,1622113869741,30,1,76,4185.54158831991,-1991,7
1622113869801,1622113869831,30,6,574,23761.935099769,-1,142
1622113869921,1622113869991,70,19,482,2302.05855671448,-16022,223
1622113870001,1622113870680,679,47,309,25349.1399713418,-12784,350
1622113870720,1622113870760,40,1,56,3641.9588441903,-2156,87
1622113870790,1622113870840,50,0,86,3283.18783647333,-752,138
1622113870870,1622113870890,20,0,31,509.223416318873,-1,137
1622113870980,1622113871030,50,3,119,3564.28065613312,-14,121
1622113871040,1622113871240,200,19,488,27912.3989741906,-15875,187
1622113871250,1622113871260,10,-1,31,1076.20982938125,-1,-1
1622113871290,1622113871330,40,1,96,7806.79427382657,-4913,283
1622113871350,1622113871889,539,34,1626,92138.2826944835,-129234,14
1622113871929,1622113872079,150,12,390,34244.2173874477,-24858,225
1622113872089,1622113872179,90,4,75,5836.26113835998,-2908,202
1622113872199,1622113872239,40,1,38,2371.75599205138,-599,228
1622113872269,1622113872379,110,4,71,2889.09841975226,-3563,227
1622113872439,1622113872449,10,-1,34,1188.57174537059,-1,-1
1622113872569,1622113872579,10,-1,39,2133.8486942392,-1,-1
1622113872629,1622113872659,30,0,99,5510.64996717752,-1,321
1622113872689,1622113872709,20,0,43,2624.64959893999,-1,24
1622113872749,1622113872759,10,-1,41,2398.11106140025,-1,-1
1622113872769,1622113872849,80,14,1023,40519.0820667735,-2511,129
1622113872959,1622113873189,230,7,699,43623.0938160633,-36380,246
1622113873199,1622113873239,40,1,33,1941.31201605763,-2,247
1622113873249,1622113873259,10,-1,35,667.692495567159,-1,-1
1622113873319,1622113873379,60,3,154,7543.21061399902,-2268,172
1622113873389,1622113873448,59,15,945,41251.159141419,-3770,21
1622113873578,1622113874058,480,38,2281,204505.954800952,-222174,223
1622113874078,1622113874098,20,1,86,3690.68991887746,-1,250
1622113874128,1622113874138,10,-1,90,7155.81970859835,-1,-1
1622113874148,1622113874168,20,0,115,9132.29636733523,-8488,264
1622113874328,1622113874338,10,-1,67,3882.69321124611,-1,-1
1622113874378,1622113874448,70,3,374,15603.5904375007,-8341,86
1622113874568,1622113874818,250,18,464,14352.5633605428,-24431,282
1622113874828,1622113874878,50,2,87,6449.27732207554,-2362,1
1622113874888,1622113874908,20,1,123,9691.7448971198,-1,132
1622113874918,1622113874928,10,-1,52,4946.78476407066,-1,-1
1622113874938,1622113875047,109,4,71,1827.95724142216,-2665,53
1622113875097,1622113875107,10,-1,32,1610.02296130025,-1,-1
1622113875227,1622113875247,20,0,43,2055.92419201557,-1289,276
1622113875257,1622113875297,40,4,173,9811.64216446914,-10733,84
1622113875317,1622113875367,50,2,78,4280.44997722032,-2094,281
1622113875377,1622113875437,60,2,44,928.379804261431,-783,297
1622113875447,1622113875507,60,10,340,20786.3158691222,-13922,314
1622113875757,1622113875827,70,10,282,12266.9999285308,-13895,129
1622113875837,1622113875867,30,1,74,2832.15207413523,-2847,88
1622113875887,1622113875957,70,2,54,1764.82192285443,-748,87
1622113875967,1622113875997,30,1,95,5704.97035923829,-2783,82
1622113876007,1622113876017,10,-1,30,212.625126639493,-1,-1
1622113876037,1622113876047,10,-1,33,1236.95659491595,-1,-1
1622113876087,1622113876107,20,0,37,1233.06266667598,-749,97
1622113876147,1622113876197,50,2,71,2711.36790310405,-1972,84
1622113876217,1622113876267,50,5,237,12407.3540979075,-16621,228
1622113876357,1622113876397,40,1,51,1221.04394815363,-1191,90
1622113876527,1622113876547,20,1,205,13429.1828867204,-1,75
1622113876657,1622113876946,289,24,197,7523.01005325864,-5791,280
1622113876956,1622113876976,20,1,105,7955.34206422426,-4310,240
1622113877006,1622113877026,20,0,51,2281.70130683368,-1,178
1622113877036,1622113877076,40,1,111,3841.19853733819,-1,174
1622113877086,1622113877186,100,24,564,25684.9969169525,-20638,50
1622113877196,1622113877256,60,17,434,31977.9583912606,-19340,242
1622113877486,1622113877956,470,36,184,8141.90570731465,-8738,168
1622113878006,1622113878026,20,0,40,1359.42152349903,-848,156
1622113878046,1622113878106,60,4,84,3474.43773442692,-3307,134
1622113878146,1622113878166,20,1,81,5459.15214589835,-1,135
1622113878335,1622113878365,30,1,66,3426.52176499945,-3034,302
1622113878435,1622113878445,10,-1,35,841.170250089317,-1,-1
1622113878465,1622113878585,120,4,95,5051.65186111547,-4038,345
1622113878595,1622113878655,60,1,120,8785.77841408095,-8575,354
1622113878715,1622113878725,10,-1,31,2193.45835873595,-1,-1
1622113878945,1622113878965,20,0,37,1787.30156370723,-728,315
1622113879085,1622113879115,30,1,77,4135.49294108277,-2526,315
1622113879385,1622113879405,20,0,50,2208.30044379156,-1478,304
1622113879455,1622113879465,10,-1,47,1801.72234607532,-1,-1
1622113879485,1622113879495,10,-1,32,1653.2246147755,-1,-1
1622113879505,1622113879545,40,1,124,5423.76008571508,-4617,298
1622113879685,1622113880064,379,11,1233,62875.5022633965,-58796,177
1622113880234,1622113880274,40,1,44,1339.60415280917,-1,232
1622113880294,1622113880314,20,0,37,2538.47142486745,-397,282
1622113880324,1622113880364,40,6,201,11869.1471921664,-10057,20
1622113880404,1622113880464,60,2,55,1430.72264635638,-1403,182
1622113880484,1622113880544,60,2,57,1502.62854330946,-2095,191
1622113880564,1622113880654,90,4,82,2915.9741202549,-2940,299
1622113880564,1622113880654,90,4,82,2915.9741202549,-2940,299
1622113880664,1622113880934,270,17,558,32909.7003492447,-34104,9
1622113881374,1622113881444,70,16,537,7262.3537061027,-23128,228
1622113881464,1622113881553,89,7,238,10710.7410742723,-10330,139
1622113881593,1622113881613,20,1,74,3789.68021834261,-1,120
1622113881633,1622113881993,360,22,167,10509.2445804762,-8684,40
1622113882003,1622113882553,550,26,236,17166.9403182706,-10422,287
1622113882583,1622113882643,60,3,89,2612.53807440535,-3689,310
1622113882663,1622113882983,320,30,555,20432.4854452375,-29895,151
1622113883033,1622113883073,40,1,56,2101.82429195374,-1718,302
1622113883123,1622113883202,79,6,125,7274.16750065836,-4598,240
1622113883282,1622113883312,30,3,167,8437.84272877845,-9170,316
1622113883332,1622113883432,100,3,69,2306.80789766247,-2374,162
1622113883442,1622113883492,50,2,59,1692.7189260004,-354,116
1622113883522,1622113883602,80,7,218,9618.88271083055,-10499,66
1622113883672,1622113883702,30,0,42,1222.9601256136,-553,61
1622113883862,1622113884002,140,4,68,3359.5184716455,-3093,228
1622113884012,1622113884102,90,5,73,4336.57723661341,-4134,123
1622113884112,1622113884192,80,3,62,1461.93975500888,-1347,356
1622113884272,1622113884292,20,0,57,2696.87898599902,-1,311
1622113884382,1622113884442,60,8,312,13653.4898280184,-12654,167
1622113884502,1622113884512,10,-1,30,467.129012302923,-1,-1
1622113884522,1622113884552,30,1,52,1245.33538376231,-1514,10
1622113884562,1622113884682,120,33,662,21821.1227391854,-27501,326
1622113884692,1622113884722,30,2,132,7979.30259114398,-4943,147
1622113884741,1622113884841,99,4,83,6463.75940282086,-4547,148
1622113884961,1622113885011,50,14,476,27376.0551792464,-18297,124
1622113885041,1622113885051,10,-1,39,1668.31188822038,-1,-1
1622113885201,1622113885221,20,1,155,-1.0,-8330,295
1622113885261,1622113885311,50,2,93,1960.50189535631,-21,136
1622113885331,1622113885401,70,2,55,3822.95849063976,-1278,135
1622113885461,1622113885481,20,0,39,1188.02525616654,-1,153
1622113885771,1622113885801,30,1,60,2933.67897901598,-709,130
1622113886371,1622113886630,259,35,664,23188.5059758449,-40318,333
1622113886690,1622113886710,20,1,85,4374.64834690538,-1,159
1622113886740,1622113886960,220,7,329,11554.9574634366,-26044,193
1622113887000,1622113887010,10,-1,37,889.516729081603,-1,-1
1622113887020,1622113887130,110,3,215,10564.9346587972,-10464,169
1622113887180,1622113887190,10,-1,45,2134.08525355128,-1,-1
1622113887240,1622113887270,30,1,65,4546.31819044744,-2838,141
1622113887290,1622113887340,50,1,50,1367.36227094382,-1703,109
1622113887360,1622113887380,20,0,47,2594.00693593604,-1,120
1622113887410,1622113887460,50,1,56,2122.0672031689,-956,249
1622113887500,1622113887520,20,0,32,1408.31259558447,-1,225
1622113887670,1622113887720,50,3,111,3905.70882527242,-4095,83
1622113887760,1622113887780,20,0,59,2464.66935188912,-1,71
1622113887830,1622113887930,100,8,127,5375.80221102715,-3844,285
1622113887940,1622113887960,20,0,78,6954.40355136278,-1,106
1622113887970,1622113888000,30,0,43,2829.02483187691,-1,140
1622113888029,1622113888139,110,10,175,7733.09415286757,-6203,99
1622113888249,1622113888269,20,0,62,3471.03871668552,-2739,113
1622113888279,1622113888289,10,-1,32,696.264264482017,-1,-1
1622113888349,1622113888359,10,-1,37,1868.82055403612,-1,-1
1622113888409,1622113888429,20,0,32,892.086096305244,-1,225
1622113888449,1622113888519,70,4,137,6102.61023264974,-4552,243
1622113888539,1622113888819,280,12,334,29811.1156848197,-13316,277
1622113888849,1622113888869,20,0,48,1555.27148781786,-1,282
1622113888919,1622113888939,20,0,31,1542.44576000308,-42,60
1622113888989,1622113889069,80,2,550,49635.9760216291,-23678,77
1622113889079,1622113889089,10,-1,52,3305.46180407885,-1,-1
1622113889139,1622113889229,90,4,163,10018.6160010249,-9083,138
1622113889279,1622113889299,20,0,66,3833.74020331816,-2569,90
1622113889349,1622113889359,10,-1,38,1044.39263077307,-1,-1
1622113889509,1622113889529,20,0,32,714.719173795332,-4,117
1622113889549,1622113889639,90,5,152,9236.85253697436,-5875,10
1622113889808,1622113889848,40,1,66,2866.38005822295,-483,267
1622113889948,1622113890018,70,2,174,1460.9350327682,-11379,263
1622113890048,1622113890078,30,0,46,1296.15586216573,-1589,321
1622113890098,1622113890208,110,2,131,7521.73290377688,-8164,83
1622113890218,1622113890298,80,1,624,35455.1730583252,-7788,72
1622113890388,1622113890518,130,8,213,11903.9010059523,-13928,333
1622113890528,1622113890558,30,1,181,16524.0270587069,-12921,320
1622113890568,1622113890728,160,8,239,13786.1153082944,-12590,314
1622113890738,1622113890748,10,-1,30,1132.35017657849,-1,-1
1622113890758,1622113890778,20,0,39,1043.45774731238,-720,63
1622113890788,1622113890818,30,3,161,9108.38687724727,-4501,164
1622113890848,1622113890878,30,1,55,2274.55592242599,-1991,82
1622113890948,1622113890968,20,0,39,2875.90774747116,-1,59
1622113891128,1622113891138,10,-1,39,2103.54900283122,-1,-1
1622113891218,1622113891228,10,-1,33,932.165086246246,-1,-1
1622113891557,1622113892227,670,22,833,24083.3144491273,-40118,313
1622113892237,1622113892247,10,-1,33,352.751570895045,-1,-1
1622113892257,1622113892297,40,5,180,8173.76362961082,-9419,77
1622113892317,1622113892327,10,-1,35,1019.50715063547,-1,-1
1622113892547,1622113892587,40,4,167,9853.09704227642,-9451,184
1622113892617,1622113892637,20,1,89,6080.34705851267,-4312,325
1622113892697,1622113892737,40,0,39,3290.03737266363,-423,225
1622113892757,1622113892767,10,-1,48,2085.99415202404,-1,-1
1622113892777,1622113892827,50,2,69,2704.57822764889,-3,350
1622113892857,1622113892877,20,0,45,1554.1554292091,-1,344
1622113892906,1622113892936,30,1,78,4344.81571135899,-3115,321
1622113892956,1622113893016,60,0,287,13889.2151268115,-3798,116
1622113893146,1622113893176,30,3,212,-1.0,-5966,182
1622113893266,1622113893286,20,1,103,-1.0,-6185,8
1622113893296,1622113893456,160,12,489,23624.4623803241,-31608,346
1622113893466,1622113893526,60,1,54,2788.84802380737,-2044,315
1622113893556,1622113893596,40,6,219,11767.9150439317,-12578,347
1622113893806,1622113893836,30,1,70,3860.19432030417,-2805,76
1622113893876,1622113893886,10,-1,31,523.088655575139,-1,-1
1622113894006,1622113894336,330,9,245,14528.0783200754,-10537,215
1622113894446,1622113894885,439,31,1049,20760.6901016381,-77491,216
1622113894895,1622113895035,140,6,969,49685.4343234806,-92015,137
1622113895045,1622113895105,60,3,63,1962.52492903231,-18,96
1622113895155,1622113895175,20,0,33,518.503891325226,-1,188
1622113895585,1622113895645,60,2,56,3344.55836870683,-1405,115
1622113895695,1622113895715,20,0,35,1439.37688083978,-302,240
1622113895725,1622113895735,10,-1,31,219.319692947303,-1,-1
1622113895775,1622113895805,30,3,163,11459.8574844242,-10926,339
1622113896065,1622113896154,89,3,416,29288.880668606,-33409,198
1622113896194,1622113896274,80,1,120,6417.76992239141,-8147,53
1622113896284,1622113896384,100,6,174,5472.9464552984,-10915,332
1622113896504,1622113896544,40,7,343,-1.0,-14026,182
1622113896554,1622113896704,150,16,170,12995.7636229593,-8673,352
1622113896724,1622113896744,20,1,70,5811.23574119973,-763,351
1622113896774,1622113896784,10,-1,45,2247.09106819373,-1,-1
1622113896944,1622113897014,70,9,229,12629.5956446259,-7850,319
1622113897024,1622113897034,10,-1,61,3410.1285813505,-1,-1
1622113897094,1622113897124,30,0,51,2162.79965327145,-1,270
1622113897444,1622113897464,20,0,37,2138.82385185752,-372,163
1622113897674,1622113897694,20,0,45,1667.61039606084,-1105,180
1622113897734,1622113898143,409,29,848,70048.1476503522,-47373,332
1622113898153,1622113898163,10,-1,53,2836.58877985133,-1,-1
1622113898403,1622113898453,50,9,520,530.866748099271,-28940,7
1622113898473,1622113898693,220,11,220,14792.5975598601,-7964,253
1622113898723,1622113898733,10,-1,32,1610.36909983169,-1,-1
1622113898753,1622113898783,30,1,60,2524.05787936437,-1595,348
1622113898873,1622113898943,70,5,130,8743.36561722972,-4972,354
1622113899003,1622113899033,30,1,60,2767.93629964863,-1683,187
1622113899103,1622113899123,20,0,48,2701.38293051625,-586,218
1622113899133,1622113899173,40,1,75,3198.95176395485,-2509,169
1622113899382,1622113899582,200,8,1144,58713.3946848116,-87170,247
1622113899592,1622113899632,40,1,46,1330.31428742521,-1269,128
1622113899682,1622113899822,140,5,252,20701.2265850325,-14798,147
1622113899872,1622113900242,370,16,165,8638.88584633429,-10642,188
1622113900252,1622113900272,20,0,36,956.561841885138,-1,225
1622113900632,1622113900682,50,1,44,1213.3658434941,-623,278
1622113900972,1622113900992,20,0,37,2092.64597620919,-493,106
1622113901081,1622113901101,20,0,37,1198.19242811603,-318,99
1622113901111,1622113901131,20,0,38,2201.9571370268,-753,236
1622113901161,1622113901171,10,-1,34,1271.88525611742,-1,-1
1622113901421,1622113901461,40,1,85,3466.00031524613,-4694,43
1622113901601,1622113901631,30,1,62,2562.90931175283,-1704,296
1622113901671,1622113901691,20,0,45,1639.32955688403,-1,264
1622113901791,1622113901811,20,0,51,4623.65053594176,-279,317
1622113901831,1622113901861,30,1,85,3686.77935756229,-1,334
1622113901871,1622113901911,40,4,174,15578.4213340177,-4773,165
1622113902021,1622113902311,290,7,149,6347.9038626423,-7034,62
1622113902361,1622113902710,349,0,324,22866.4052700865,-22559,191
1622113902730,1622113902790,60,3,82,2298.16155412847,-236,18
1622113903210,1622113903270,60,11,416,26080.6052859211,-12506,304
1622113903490,1622113903640,150,10,669,11763.40589584,-28608,268
1622113903670,1622113903730,60,6,194,11411.606134273,-11395,205
1622113903740,1622113903840,100,4,80,5381.33894457672,-1878,206
1622113903850,1622113903940,90,8,610,31871.1847075786,-44269,229
1622113903950,1622113903960,10,-1,49,2176.89544427586,-1,-1
1622113903970,1622113904180,210,9,116,8148.61938465199,-5011,158
1622113904249,1622113904259,10,-1,30,1391.49814865323,-1,-1
1622113904539,1622113904569,30,2,118,5947.11401444577,-6211,334
1622113904629,1622113904649,20,1,71,4955.83267630002,-1,295
1622113904789,1622113904809,20,1,89,6090.09624851721,-1742,126
1622113905119,1622113905139,20,0,78,4592.20867142676,-1,12
1622113905149,1622113905189,40,5,200,14079.2273546283,-173,147
1622113905289,1622113905389,100,17,877,43796.3321036755,-45641,256
1622113905399,1622113905649,250,29,914,67018.7931548403,-69813,23
1622113905699,1622113905759,60,2,49,1927.13427003992,-184,299
1622113905799,1622113905869,70,3,100,3495.16719305703,-3627,232
1622113905888,1622113905968,80,4,77,3574.94737324324,-1656,227
1622113905988,1622113905998,10,-1,58,3775.34797911353,-1,-1
1622113906008,1622113906528,520,28,519,22554.682553087,-24378,181
1622113906568,1622113906598,30,2,108,5605.80257669275,-2462,68
1622113906608,1622113906908,300,20,159,5660.09086396916,-4098,62
1622113906928,1622113907088,160,8,656,16702.4396689412,-5530,9
1622113907198,1622113907268,70,23,656,5412.77126830665,-25308,347
1622113907298,1622113907677,379,33,386,17117.2893073277,-21113,176
1622113907687,1622113907767,80,2,196,7453.9994401657,-13002,199
1622113907787,1622113907827,40,1,53,1348.408097476,-2036,201
1622113907857,1622113907867,10,-1,37,1245.22992323122,-1,-1
1622113907997,1622113908017,20,0,31,269.185594857482,-52,170
1622113908067,1622113908147,80,2,55,2233.47233992796,-823,208
1622113909007,1622113909057,50,1,50,1146.34125258069,-1,325
1622113909156,1622113909206,50,4,861,43.099602564412,-75884,184
1622113909356,1622113909676,320,1,304,22638.1788094585,-19267,162
1622113909686,1622113909746,60,2,120,11043.5775868595,-5264,327
1622113909806,1622113909846,40,8,463,23256.3812644591,-1,357
1622113910036,1622113910086,50,7,165,11728.0867887318,-8426,216
1622113910106,1622113910236,130,16,158,7560.15345320388,-6739,211
1622113910256,1622113910286,30,9,398,27109.2700431451,-14155,29
1622113910326,1622113910376,50,12,455,38964.4632915931,-37136,222
1622113910456,1622113910476,20,1,74,2984.01224088326,-1,258
1622113910546,1622113910576,30,1,52,2195.57580393017,-1423,261
1622113910636,1622113910656,20,0,52,2583.65230819357,-1210,277
1622113910736,1622113910745,9,-1,30,1594.80404966025,-1,-1
1622113910765,1622113910775,10,-1,40,1418.41704478172,-1,-1
1622113910845,1622113910875,30,1,55,2339.15197365882,-34,9
1622113910885,1622113910945,60,2,103,3188.02453853011,-1762,48
1622113910955,1622113910995,40,1,43,2756.91675610284,-1,216
1622113911005,1622113911045,40,1,52,2469.85429754425,-2213,63
1622113911055,1622113911125,70,4,171,8321.82133698712,-2426,47
1622113911255,1622113911555,300,8,912,80351.2567824961,-77754,274
1622113911575,1622113911845,270,10,178,9894.28195930923,-4278,337
1622113911865,1622113911955,90,3,85,2355.89944840908,-4733,102
1622113911975,1622113912005,30,2,107,4986.29816682174,-5589,91
1622113912015,1622113912125,110,5,75,2161.65092506305,-2205,75
1622113912195,1622113912205,10,-1,38,1657.38855543198,-1,-1
1622113912255,1622113912315,60,4,153,7207.24809895925,-6201,358
1622113912335,1622113912354,19,0,41,2543.00172424313,-1269,275
1622113912414,1622113912434,20,0,59,2518.80604995062,-1,123
1622113912444,1622113912484,40,1,125,11769.1002284299,-6486,255
1622113912494,1622113912524,30,0,37,701.990533150557,-1,200
1622113912714,1622113912744,30,2,112,5157.87641854181,-4874,109
1622113912814,1622113912844,30,0,42,767.492268498613,-1,254
1622113912974,1622113912994,20,1,74,3560.61255963656,-1,281
1622113913304,1622113913344,40,2,72,3147.34384424671,-430,75
1622113913394,1622113913414,20,0,45,2116.3567790258,-1,74
1622113913424,1622113913524,100,5,75,4316.8910706482,-2611,59
1622113913564,1622113913754,190,8,233,21637.5652813512,-12192,272
1622113913774,1622113913794,20,0,30,7.09847684935632,-1,260
1622113913814,1622113913824,10,-1,35,3014.07256867235,-1,-1
1622113913874,1622113913884,10,-1,30,489.286309045148,-1,-1
1622113914093,1622113914123,30,3,179,9164.5092575703,-6269,194
1622113914133,1622113914213,80,2,54,3596.78108770236,-1165,22
1622113914263,1622113914283,20,0,37,1150.50985602675,-641,14
1622113914303,1622113914333,30,0,41,1091.71999469493,-709,7
1622113914353,1622113914393,40,1,57,2051.94759998912,-1244,300
1622113914403,1622113914423,20,6,639,31571.0689580904,-1,80
1622113914623,1622113914643,20,1,93,1396.94212870883,-1,57
1622113914653,1622113914773,120,14,468,26813.7125724938,-21439,226
1622113914843,1622113914863,20,0,35,1391.0956181884,-1,333
1622113914953,1622113914983,30,1,51,1984.96504489279,-1747,334
1622113915033,1622113915053,20,0,38,1029.67456740975,-633,299
1622113915083,1622113915103,20,0,41,2058.48098433726,-1028,225
1622113915233,1622113915293,60,5,504,13775.6803500478,-45484,351
1622113915393,1622113915493,100,7,227,16139.6238965779,-11764,101
1622113915533,1622113915553,20,0,51,1551.17622657529,-1,253
1622113915632,1622113915642,10,-1,32,671.681358775878,-1,-1
1622113915742,1622113915792,50,5,199,10499.6682234629,-8539,195
1622113915912,1622113915962,50,9,359,17259.6110034705,-17249,218
1622113916112,1622113916192,80,3,53,2450.56702753261,-1,301
1622113916262,1622113916312,50,18,527,26557.4933029381,-22661,50
1622113916362,1622113916402,40,1,92,3786.20894145039,-13,169
1622113916582,1622113916682,100,13,375,24189.161894282,-18081,330
1622113916692,1622113917062,370,30,191,8942.83983350934,-10959,174
1622113917072,1622113917172,100,8,135,9034.40062800702,-3383,105
1622113917182,1622113917192,10,-1,40,2329.86090495782,-1,-1
1622113917202,1622113917291,89,4,68,2365.49931578334,-2161,117
1622113917301,1622113917321,20,0,35,708.984478301195,-1,159
1622113917491,1622113917521,30,1,49,2605.03071017199,-1400,261
1622113917641,1622113917671,30,1,56,2787.50824004152,-1400,265
1622113917711,1622113917721,10,-1,37,832.52421728873,-1,-1
1622113917781,1622113917811,30,0,38,671.084573893962,-25,251
1622113918131,1622113918141,10,-1,30,1146.20029057071,-1,-1
1622113918191,1622113918221,30,1,66,3596.30275609456,-1943,60
1622113918281,1622113918311,30,2,106,6344.9825571848,-2980,240
1622113918351,1622113918371,20,0,38,1010.34901945266,-413,69
1622113918471,1622113918491,20,2,374,25573.3122226632,-1,95
1622113918641,1622113918860,219,7,204,11556.7526703311,-13750,299
1622113918870,1622113918920,50,3,122,3592.18975409368,-5696,260
1622113918950,1622113918980,30,2,119,5329.56891813605,-5376,111
1622113919070,1622113919130,60,2,48,1699.82483450306,-1049,278
1622113919300,1622113919310,10,-1,42,1820.56283295706,-1,-1
1622113919370,1622113919380,10,-1,39,1146.18049327181,-1,-1
1622113919540,1622113919660,120,6,312,10483.8444604401,-13917,283
1622113920000,1622113920010,10,-1,33,1036.65808804642,-1,-1
1622113920020,1622113920050,30,1,58,2719.39437787945,-494,129
1622113920060,1622113920230,170,7,557,28132.2249478825,-29465,245
1622113920240,1622113920320,80,4,103,8155.92473329782,-3423,104
1622113920360,1622113920390,30,3,154,7887.53826008012,-4879,289
1622113920410,1622113920450,40,0,43,1404.93945480002,-167,128
1622113920479,1622113920569,90,16,432,11053.8493949897,-22188,81
1622113920949,1622113920979,30,7,459,26625.4432545544,-1,275
1622113921219,1622113921359,140,42,1576,148864.620557182,-144971,137
1622113921379,1622113921389,10,-1,43,2276.11427222685,-1,-1
1622113921759,1622113921909,150,21,1465,114225.48378273,-112300,168
1622113921919,1622113921939,20,0,47,1126.17600295593,-1,336
1622113921989,1622113922089,100,3,60,2454.50623189185,-2367,303
1622113922098,1622113922108,9,-1,98,9621.27466686103,-1,-1
1622113922118,1622113922158,40,1,112,9583.60009824755,-6778,294
1622113922168,1622113922238,70,3,85,3686.83809925363,-3112,288
1622113922258,1622113922278,20,0,32,1155.34260390561,-1,285
1622113922338,1622113922378,40,11,462,20463.5021755207,-3370,241
1622113922808,1622113922828,20,0,56,-1.0,-1404,341
1622113923038,1622113923228,190,0,403,15188.3768530929,-21520,18
1622113923248,1622113923288,40,1,67,3353.089146341,-46,44
1622113923298,1622113923318,20,4,624,44907.4851326794,-1,87
1622113923608,1622113923797,189,15,227,8058.91570027909,-10146,329
1622113923847,1622113923867,20,0,41,2480.78803157586,-58,306
1622113923877,1622113923927,50,13,1071,63851.2506396638,-13648,336
1622113924017,1622113924207,190,19,648,39544.3786998068,-41490,349
1622113924217,1622113924707,490,27,598,39973.4544932391,-46366,126
1622113924727,1622113924807,80,5,111,3869.99114572859,-4852,189
1622113924827,1622113924847,20,0,53,1970.64749044015,-1,137
1622113924857,1622113924867,10,-1,32,528.913113715399,-1,-1
1622113924887,1622113924907,20,0,30,883.432341498373,-1,206
1622113924977,1622113924987,10,-1,44,1789.21367340865,-1,-1
1622113925067,1622113925077,10,-1,31,756.763363773701,-1,-1
1622113925107,1622113925137,30,1,46,1531.90301390977,-1430,255
1622113925396,1622113925446,50,8,257,11310.0817025918,-13268,75
1622113925546,1622113925566,20,0,50,2346.54482879315,-1826,265
1622113925686,1622113925706,20,0,77,-1.0,-3544,275
1622113925716,1622113925726,10,-1,60,5496.64418733184,-1,-1
1622113925876,1622113925906,30,3,287,-1.0,-14480,297
1622113925926,1622113925946,20,0,52,2442.81500961296,-1,258
1622113925976,1622113926006,30,2,99,5006.80290584039,-3632,95
1622113926056,1622113926086,30,1,68,4347.78658769835,-3135,234
1622113926136,1622113926146,10,-1,40,3141.8253419274,-1,-1
1622113926176,1622113926656,480,38,486,32420.6197290861,-25862,183
1622113926666,1622113926726,60,3,82,2370.38324269136,-4089,307
1622113926746,1622113926776,30,0,44,1726.4624401447,-1280,321
1622113926786,1622113926896,110,6,247,16452.2830866026,-8925,229
1622113926906,1622113927065,159,51,1382,66666.4490147743,-78277,326
1622113927105,1622113927765,660,51,981,61630.7637679223,-81308,153
1622113927785,1622113927805,20,0,38,931.633104089235,-1,270
1622113927925,1622113927985,60,11,366,27996.9143139221,-22864,74
1622113928035,1622113928055,20,0,36,2282.40753484608,-207,296
1622113928065,1622113928075,10,-1,34,1715.98574976595,-1,-1
1622113928215,1622113928325,110,17,496,20941.1127316856,-14230,260
1622113928335,1622113928365,30,12,946,41711.4613808464,-1,61
1622113928465,1622113928774,309,11,833,32738.9749049912,-43256,230
1622113928864,1622113929124,260,30,526,24176.1197076334,-29061,77
1622113929134,1622113929144,10,-1,39,1421.95897511804,-1,-1
1622113929164,1622113929214,50,6,273,16551.2129339779,-11877,236
1622113929234,1622113929254,20,0,38,2610.99557530152,-2,102
1622113929454,1622113929484,30,1,94,5108.66056330419,-4257,260
1622113929554,1622113929734,180,12,338,17673.4227661435,-11361,81
1622113929744,1622113929834,90,9,184,11399.6210253252,-13097,51
1622113929944,1622113929974,30,3,171,8165.32527941552,-9077,259
1622113930124,1622113930134,10,-1,34,1656.4565238779,-1,-1
1622113930403,1622113930523,120,15,268,10234.6062619912,-10240,237
1622113930653,1622113930683,30,1,70,4325.57032205846,-2603,270
1622113930813,1622113930843,30,2,109,5885.81335120269,-4925,140
1622113931203,1622113931213,10,-1,46,2608.71596850999,-1,-1
1622113931313,1622113931343,30,1,96,5451.8132080413,-4273,55
1622113931593,1622113931603,10,-1,34,2205.02918959772,-1,-1
1622113931723,1622113931822,99,19,387,18467.2310917746,-18294,266
1622113932032,1622113932122,90,10,171,8468.31485682958,-5991,150
1622113932132,1622113932142,10,-1,47,4131.62372947624,-1,-1
1622113932182,1622113932192,10,-1,31,1155.66200557272,-1,-1
1622113932272,1622113932292,20,1,254,16765.0781348272,-1,290
1622113932412,1622113932472,60,6,396,45.5768725930994,-20068,261
1622113932492,1622113932532,40,0,42,1223.71564623421,-186,247
1622113932542,1622113932552,10,-1,35,725.372899346523,-1,-1
1622113932562,1622113932572,10,-1,47,3193.63621818469,-1,-1
1622113932682,1622113932722,40,4,167,8328.67949371787,-7368,287
1622113933202,1622113933222,20,0,91,-1.0,-5663,77
1622113933402,1622113933441,39,1,52,2834.21457782462,-433,138
1622113933591,1622113933611,20,0,39,2077.26623350824,-1,289
1622113933811,1622113933821,10,-1,31,1087.2789911419,-1,-1
1622113933961,1622113934041,80,4,61,3023.81672949317,-157,162
1622113934061,1622113934071,10,-1,33,2073.54234032617,-1,-1
1622113934301,1622113934361,60,2,49,2885.77800104368,-1175,359
1622113934511,1622113934551,40,3,174,9625.97591180401,-8597,135
1622113934831,1622113934841,10,-1,37,1462.49914500347,-1,-1
1622113935180,1622113935200,20,0,42,1885.46235102595,-512,276
1622113935410,1622113935430,20,2,434,30921.3698271036,-1,84
1622113935520,1622113935630,110,18,445,24604.1446751695,-15554,267
1622113936010,1622113936040,30,0,46,1298.79996708163,-1426,319
1622113936380,1622113936410,30,2,119,7096.24284721865,-3934,162
1622113936719,1622113936799,80,17,345,15122.0855008318,-8700,264
1622113937059,1622113937099,40,2,98,6037.87020482973,-5688,76
1622113937359,1622113937419,60,1,38,1291.07150014413,-503,3
1622113937429,1622113937459,30,2,130,9522.15743979631,-7666,138
1622113937469,1622113937579,110,5,89,3335.23541600368,-3550,355
1622113937639,1622113937729,90,14,450,18392.7811034665,-10997,123
1622113938049,1622113938189,140,13,230,14675.0312420967,-15064,320
1622113938199,1622113938269,70,5,345,19562.8886341006,-24912,331
1622113938308,1622113938338,30,2,95,5120.5321674704,-118,120
1622113938348,1622113938358,10,-1,38,1824.89466515413,-1,-1
1622113938378,1622113938408,30,3,161,11274.1138659882,-4094,301
1622113938418,1622113938428,10,-1,36,783.308703215227,-1,-1
1622113938588,1622113938678,90,4,144,5185.4665616067,-7084,109
1622113938688,1622113938748,60,10,377,28166.8587366401,-7887,356
1622113938908,1622113938928,20,2,377,-1.0,-17531,336
1622113939868,1622113939878,10,-1,58,-1.0,-1,-1
1622113939888,1622113939917,29,3,153,7761.20120927235,-9674,221
1622113939937,1622113940027,90,2,182,10483.4079071594,-11225,248
1622113940057,1622113940157,100,6,169,9185.6668881112,-8774,261
1622113940177,1622113940207,30,1,73,3350.62462295039,-1238,157
1622113940607,1622113940777,170,8,257,10960.5126882139,-13702,261
1622113940787,1622113940837,50,2,63,4233.42474909029,-1683,94
1622113940937,1622113940977,40,1,70,1662.43300158639,-29,112
1622113940987,1622113941157,170,28,472,18367.048665413,-19701,266
1622113941187,1622113941197,10,-1,45,2115.89152979496,-1,-1
1622113941217,1622113941357,140,4,1470,54959.4147547396,-141307,119
1622113941487,1622113941497,10,-1,37,1041.33088392675,-1,-1
1622113941546,1622113941666,120,38,415,20338.2605742166,-26489,75
1622113941676,1622113941706,30,8,384,28702.7998739052,-18025,265
1622113941746,1622113941786,40,6,293,14419.1323604704,-15287,262
1622113941876,1622113941916,40,9,356,23383.0247191286,-23753,99
1622113942066,1622113942086,20,0,88,4510.38927250125,-1,119
1622113942276,1622113942356,80,19,474,19440.0963075581,-11116,279
1622113942366,1622113942466,100,1,301,28754.5454364333,-14619,220
1622113942636,1622113942726,90,9,400,20026.822275604,-21626,160
1622113942736,1622113942746,10,-1,52,2844.80725973226,-1,-1
1622113942886,1622113942906,20,0,106,7405.84617482632,-1,77
1622113943036,1622113943106,70,11,296,12531.3268697959,-18993,268
1622113943155,1622113943165,10,-1,33,596.561074945024,-1,-1
1622113943435,1622113943475,40,6,264,12506.665394084,-11180,342
1622113943725,1622113943775,50,16,801,39860.3979783255,-48075,261
1622113943785,1622113943825,40,2,105,8496.79942602512,-3753,94
1622113943835,1622113943885,50,2,77,2875.88914305483,-2953,96
1622113943895,1622113943925,30,3,168,7741.22981742577,-1,191
1622113943935,1622113943975,40,1,42,2430.59328513191,-1,51
1622113944025,1622113944085,60,2,57,1930.25554045011,-1788,67
1622113944125,1622113944145,20,0,47,3093.44821799077,-1,94
1622113944165,1622113944175,10,-1,30,2128.61746943924,-1,-1
1622113944185,1622113944215,30,1,166,11259.8081618375,-4496,291
1622113944225,1622113944245,20,0,36,1652.30432125275,-250,264
1622113944255,1622113944295,40,1,36,1104.28678967773,-12,254
1622113944305,1622113944315,10,-1,412,40703.3999040145,-1,-1
1622113944325,1622113944535,210,16,518,35534.141810951,-31356,50
1622113944605,1622113944615,10,-1,30,973.814208284361,-1,-1
1622113944625,1622113944725,100,28,504,38387.7407499263,-30861,98
1622113944735,1622113944794,59,3,91,2995.34213649597,-3361,254
1622113944834,1622113944874,40,1,54,2123.99648002003,-1723,175
1622113944894,1622113944914,20,0,45,2494.49172988965,-1,286
1622113945174,1622113945194,20,0,55,2552.5573943856,-32,70
1622113945204,1622113945244,40,1,31,1629.98905525729,-1,271
1622113945254,1622113945274,20,0,40,1758.80577350246,-943,351
1622113945314,1622113945344,30,0,38,1188.58679508743,-656,315
1622113945464,1622113945484,20,0,61,5406.40653748754,-2385,108
1622113945624,1622113945644,20,0,39,2755.73236970002,-1,296
1622113945914,1622113945954,40,1,53,2419.28888356204,-24,88
1622113946703,1622113946773,70,3,56,1933.86464619245,-1921,288
1622113947253,1622113947283,30,2,105,7088.69588914918,-2785,244
1622113947523,1622113947553,30,1,89,4889.89034631476,-4045,126
1622113947703,1622113947883,180,5,626,37119.7200181343,-36288,44
1622113947943,1622113947963,20,0,59,3781.33055432915,-1,317
1622113948032,1622113948052,20,0,44,2079.02119082157,-977,264
1622113948492,1622113948532,40,4,189,10554.1325614249,-10123,265
1622113948702,1622113948712,10,-1,31,738.251170620332,-1,-1
1622113948742,1622113948782,40,2,80,2805.87994014231,-3445,46
1622113948982,1622113948992,10,-1,37,1562.69470335181,-1,-1
1622113949582,1622113949612,30,1,68,2539.86810372852,-3528,267
1622113949941,1622113949951,10,-1,30,1061.38542277638,-1,-1
1622113950221,1622113950261,40,2,87,4499.70553234936,-4184,243
1622113950381,1622113950401,20,1,95,6865.89219250899,-2430,83
1622113950461,1622113950641,180,11,142,3086.07989837774,-6382,92
1622113950661,1622113950681,20,0,73,5231.98569096427,-2022,240
1622113950731,1622113950751,20,0,40,1044.42609131232,-980,278
1622113950811,1622113950871,60,1,38,1356.99299221728,-326,165
1622113951161,1622113951201,40,1,45,2382.45250460738,-1326,53
1622113951211,1622113951310,99,38,1056,68335.9689518543,-27840,243
1622113951470,1622113951550,80,15,400,2030.35864981057,-16969,5
1622113951560,1622113951620,60,2,48,2320.13365591498,-1510,72
1622113951630,1622113951710,80,3,75,5204.9549443579,-2155,229
1622113951760,1622113951860,100,2,129,3785.46055054418,-9083,114
1622113952030,1622113952050,20,9,1044,-1.0,-65954,44
1622113952060,1622113952410,350,41,786,40062.8355347135,-35783,242
1622113952420,1622113952470,50,1,59,4552.33326568954,-1793,190
1622113952530,1622113952540,10,-1,36,959.950104683513,-1,-1
1622113952550,1622113952620,70,11,589,38906.7702671838,-21004,152
1622113952770,1622113952989,219,25,866,37279.9969851736,-48253,31
1622113952999,1622113953129,130,22,677,28429.9343532,-28959,66
1622113953139,1622113953199,60,3,105,3210.86549160258,-4197,232
1622113953239,1622113953259,20,1,89,7422.31533346843,-856,226
1622113953279,1622113953309,30,1,55,2110.78181788939,-2549,243
1622113953339,1622113953389,50,17,446,24529.6225521677,-5977,8
1622113953399,1622113953419,20,1,195,17788.3793790953,-14490,284
1622113953429,1622113953469,40,1,65,3404.86880958792,-3079,213
1622113953499,1622113953519,20,0,48,2703.97162531369,-1587,218
1622113953549,1622113953569,20,0,42,1605.47418062005,-1140,200
1622113953729,1622113953909,180,15,707,33656.1830631873,-29495,178
1622113954189,1622113954259,70,11,359,16803.5445298603,-18327,277
1622113954489,1622113954588,99,17,344,31191.5102510261,-17157,25
1622113954618,1622113954678,60,0,76,5737.98191259843,-2610,177
1622113954778,1622113954918,140,19,390,14187.4262906743,-13654,141
1622113954958,1622113954978,20,0,37,1378.00447569361,-1,266
1622113955018,1622113955128,110,1,170,8936.02397773868,-13761,292
1622113955318,1622113955338,20,0,45,2476.67940067979,-983,275
1622113955548,1622113955578,30,2,125,7192.17073429135,-7555,160
1622113956407,1622113956547,140,9,256,13985.0458034106,-20392,274
1622113956627,1622113956647,20,0,38,1222.99227381008,-658,281
1622113956667,1622113956677,10,-1,31,1107.35032571529,-1,-1
1622113956877,1622113956897,20,0,56,3854.47391591132,-790,338
1622113957207,1622113957237,30,6,300,14347.2456627276,-17715,286
1622113957746,1622113957756,10,-1,33,592.375553063799,-1,-1
1622113957776,1622113957786,10,-1,42,2762.1205843983,-1,-1
1622113957796,1622113958126,330,8,1049,54910.5712035654,-48916,120
1622113958156,1622113958426,270,25,527,38324.0747450126,-27547,290
1622113958456,1622113958496,40,2,76,4290.33003520598,-1369,112
1622113958536,1622113958556,20,0,32,938.239231887155,-1,123
1622113958586,1622113958786,200,20,1109,59493.4764570484,-57377,118
1622113958816,1622113958826,10,-1,50,2527.31227604664,-1,-1
1622113958996,1622113959056,60,10,343,13590.3080423216,-19979,259
1622113959076,1622113959096,20,0,50,1491.87428474856,-1,247
1622113959136,1622113959146,10,-1,30,2036.55182525605,-1,-1
1622113959176,1622113959226,50,1,68,4527.65254382549,-3106,43
1622113959256,1622113959286,30,1,103,8529.81100189103,-2699,212
1622113959296,1622113959326,30,0,52,4839.08788233023,-1289,66
1622113959356,1622113959366,10,-1,34,1194.53116498631,-1,-1
1622113959375,1622113959405,29,0,75,4008.31337454544,-1024,59
1622113959415,1622113959455,40,1,89,8370.58391106393,-4864,27
1622113959525,1622113959545,20,1,87,4186.81120427585,-1,226
1622113959555,1622113959615,60,6,169,6865.29638677591,-4456,81
1622113959655,1622113959675,20,0,42,1777.07017128307,-1,70
1622113959855,1622113959945,90,8,221,11952.0546986945,-5653,75
1622113960345,1622113960525,180,10,175,2542.60998132686,-4263,306
1622113960545,1622113960565,20,0,53,3365.82470934269,-1231,299
1622113960745,1622113960755,10,-1,34,723.438035742241,-1,-1
1622113961404,1622113961444,40,5,191,12369.0032545412,-11365,302
1622113961834,1622113962044,210,3,560,20924.5327522337,-50349,105
1622113962054,1622113962064,10,-1,50,3034.26496932682,-1,-1
1622113962164,1622113962174,10,-1,31,805.913349344125,-1,-1
1622113962234,1622113962274,40,3,116,6282.79180723193,-5941,107
1622113962384,1622113962444,60,1,43,1327.4797347956,-1010,299
1622113962454,1622113962484,30,0,41,1046.56046754874,-1137,295
1622113962494,1622113962504,10,-1,30,260.561101183097,-1,-1
1622113962514,1622113962524,10,-1,31,655.980487065858,-1,-1
1622113962564,1622113962623,59,1,40,546.654976269692,-384,306
1622113963523,1622113963553,30,5,261,16811.4849808058,-10346,286
1622113963573,1622113963593,20,0,54,4558.77680694857,-1,273
1622113963843,1622113963883,40,2,77,3710.46881237065,-1658,157
1622113964003,1622113964023,20,0,35,1838.16678249223,-1,92
1622113964033,1622113964073,40,2,130,5473.17114306273,-5482,331
1622113964163,1622113964183,20,0,34,1087.61105811864,-279,129
1622113964222,1622113964482,260,2,567,28578.0490553505,-24940,182
1622113964612,1622113964632,20,1,111,8290.24691844708,-4049,327
1622113964792,1622113965032,240,28,634,25630.7009258249,-27995,241
1622113965052,1622113965112,60,3,328,22612.5604765966,-18818,193
1622113965162,1622113965362,200,46,661,33453.4843505732,-22842,73
1622113965372,1622113965402,30,2,90,4095.53453150193,-5475,292
1622113965512,1622113965722,210,39,717,50518.7650037297,-40836,227
1622113965802,1622113965812,10,-1,37,2115.4430439375,-1,-1
1622113965861,1622113965971,110,26,1063,88971.4495789825,-101901,189
1622113966011,1622113966091,80,38,1039,56818.073975435,-97845,357
1622113966101,1622113966141,40,0,30,173.32759938554,-1,112
1622113966151,1622113966161,10,-1,32,1753.87157863197,-1,-1
1622113966171,1622113966211,40,1,92,5957.04984444193,-5331,180
1622113966271,1622113966541,270,31,1236,85644.6331612446,-68142,164
1622113966561,1622113966861,300,12,308,25223.8533709899,-21823,34
1622113966911,1622113966921,10,-1,46,2637.44236144026,-1,-1
1622113966991,1622113967011,20,0,38,3191.56921658417,-1,298
1622113967031,1622113967181,150,9,660,40287.2163837438,-42512,214
1622113967201,1622113967221,20,1,75,5378.80687299352,-663,270
1622113967261,1622113967291,30,2,95,4422.70620463324,-4821,319
1622113967311,1622113967321,10,-1,42,3368.62342027277,-1,-1
1622113967381,1622113967421,40,8,354,24661.9523636307,-1,177
1622113967440,1622113967530,89,2,149,9528.1405735643,-6377,74
1622113967540,1622113967560,20,1,50,2206.07773284702,-1324,201
1622113967570,1622113967590,20,0,39,1846.96328279148,-637,45
1622113967720,1622113967820,100,7,152,7490.17039707627,-7349,51
1622113967830,1622113967840,10,-1,47,3680.10468540332,-1,-1
1622113967850,1622113967940,90,3,94,5784.4255631605,-3688,63
1622113968070,1622113968200,130,4,801,11497.7682496684,-47570,271
1622113968220,1622113968480,260,17,136,4945.51944814614,-7967,255
1622113968540,1622113968650,110,5,65,2052.79129553073,-2511,120
1622113968840,1622113968930,90,29,548,34469.9484221203,-38278,283
1622113969000,1622113969079,79,0,114,7377.27973497082,-18,149
1622113969089,1622113969139,50,2,68,4350.17703947917,-2707,97
1622113969149,1622113969169,20,0,38,1494.2148027306,-780,0
1622113969479,1622113969539,60,5,934,37200.2237788577,-64804,106
1622113969549,1622113969579,30,4,213,11721.0894281473,-1,238
1622113969589,1622113969639,50,1,149,13335.5053187359,-9791,29
1622113969659,1622113969689,30,2,97,5371.77957872249,-3159,264
1622113969759,1622113969809,50,2,67,3235.99529751854,-1612,99
1622113969879,1622113969909,30,0,41,1816.29164881359,-1,255
1622113970159,1622113970169,10,-1,32,1772.35354134995,-1,-1
1622113970219,1622113970229,10,-1,32,2268.19967015081,-1,-1
1622113970239,1622113970259,20,1,107,7739.0671352539,-2966,321
1622113970669,1622113970678,9,-1,37,1022.92171075939,-1,-1
1622113970718,1622113970728,10,-1,37,879.358842790917,-1,-1
1622113970878,1622113970918,40,3,135,9628.49714790861,-8466,161
1622113971078,1622113971148,70,6,109,4443.56788536292,-6304,281
1622113971348,1622113971368,20,1,165,8808.94906509653,-1,84
1622113971458,1622113971538,80,12,260,15236.6814483356,-6361,267
1622113972098,1622113972158,60,2,65,4309.9601028567,-2061,182
1622113972168,1622113972188,20,0,53,4888.71737119283,-10,7
1622113972198,1622113972208,10,-1,46,2611.06636542999,-1,-1
1622113972268,1622113972427,159,21,899,43384.4836547737,-50330,262
1622113972457,1622113972477,20,0,45,1063.17174917918,-1,104
1622113972487,1622113972507,20,1,216,14222.6408132389,-1,243
1622113972637,1622113972717,80,3,1968,132387.925803187,-124517,122
1622113972827,1622113972837,10,-1,51,-1.0,-1,-1
1622113972877,1622113972897,20,1,59,2678.45708938884,-1,270
1622113973037,1622113973057,20,2,133,-1.0,-1119,259
1622113973067,1622113973137,70,5,626,49845.6635993311,-7026,138
1622113973237,1622113973327,90,6,433,10440.1458811203,-17975,71
1622113973337,1622113973357,20,2,153,8208.91177096278,-1,60
1622113973367,1622113973397,30,2,116,10054.9997036235,-8435,246
1622113973427,1622113973447,20,0,30,105.779396402691,-1,243
1622113973487,1622113973497,10,-1,40,1485.14095595394,-1,-1
1622113973557,1622113973587,30,2,136,9987.15290894046,-1,259
1622113973717,1622113973727,10,-1,52,3059.8401758877,-1,-1
1622113974506,1622113974556,50,5,157,8115.0311899687,-707,259
1622113974566,1622113974586,20,1,135,12724.1878402773,-8235,82
1622113974886,1622113974906,20,3,167,16539.0167282436,-247,123
1622113974926,1622113974956,30,2,136,8235.89978108081,-10028,129
1622113975326,1622113975366,40,5,240,12369.0704368417,-10875,305
1622113975835,1622113975875,40,4,167,7874.70244843478,-8376,254
1622113976045,1622113976215,170,12,925,41052.5609563119,-48498,187
1622113976235,1622113976245,10,-1,42,2603.10456546245,-1,-1
1622113976365,1622113976405,40,5,192,8886.35100603469,-9312,61
1622113976525,1622113976575,50,5,176,8735.5476348473,-7054,18
1622113976675,1622113976685,10,-1,39,1400.51349485232,-1,-1
1622113976785,1622113976855,70,10,907,7317.31949957425,-50663,245
1622113976895,1622113976975,80,4,398,28049.0270703989,-21144,122
1622113976985,1622113977095,110,3,248,21961.4765715471,-9757,68
1622113977175,1622113977234,59,19,640,27577.4995972793,-32954,32
1622113977244,1622113977274,30,0,54,2040.94898329397,-476,158
1622113977344,1622113977444,100,8,1529,142277.057242762,-147677,121
1622113977454,1622113977464,10,-1,54,3052.55781050166,-1,-1
1622113977604,1622113977664,60,18,542,29579.6043888803,-24894,112
1622113977814,1622113977824,10,-1,45,2957.82215478346,-1,-1
1622113977834,1622113977854,20,0,78,6629.04741825525,-3484,263
1622113978004,1622113978024,20,0,31,1941.7802966062,-1,131
1622113978104,1622113978244,140,39,1240,72113.3634144934,-44170,278
1622113978254,1622113978524,270,12,1171,53831.2889916179,-99139,149
1622113978534,1622113978544,10,-1,30,613.09164360798,-1,-1
1622113978554,1622113978594,40,1,31,364.75016659606,-1,97
1622113978863,1622113978933,70,21,546,27505.9699462835,-23586,59
1622113979193,1622113979273,80,19,566,39206.6378046867,-34905,52
1622113979343,1622113979353,10,-1,30,1226.14496172475,-1,-1
1622113979423,1622113979443,20,0,43,2793.35333988324,-1,225
1622113979473,1622113979503,30,1,108,5722.55490290499,-1,214
1622113979593,1622113979713,120,10,231,13924.0862880181,-10844,260
1622113979803,1622113979813,10,-1,32,836.009328665912,-1,-1
1622113979893,1622113979983,90,3,48,2548.96728661988,-1805,342
1622113980103,1622113980163,60,13,405,19458.5249346309,-16465,154
1622113980562,1622113980652,90,25,604,20330.6662672051,-24473,266
1622113980662,1622113980682,20,1,88,6046.79631338787,-3156,50
1622113981152,1622113981182,30,2,106,5413.9413301885,-4053,30
1622113981372,1622113981472,100,26,1007,79458.9973740217,-65921,85
1622113981482,1622113981522,40,1,106,7967.12320423427,-4939,85
1622113981542,1622113981582,40,4,166,9172.53590293424,-10057,266
1622113981652,1622113981692,40,2,76,4462.15508051892,-3452,271
1622113981732,1622113981792,60,2,43,1224.29710667576,-930,270
1622113981842,1622113981852,10,-1,35,1112.09446304459,-1,-1
1622113981862,1622113981882,20,0,60,4506.67794868123,-1836,41
1622113982151,1622113982191,40,2,74,4917.7505749968,-987,181
1622113982431,1622113982501,70,6,155,5672.39919468169,-8072,264
1622113982741,1622113982771,30,1,70,4719.95787332249,-4010,331
1622113982921,1622113982931,10,-1,30,2914.40414811376,-1,-1
1622113983031,1622113983071,40,3,138,2525.87180023207,-6574,268
1622113983231,1622113983251,20,0,146,9235.29245787946,-1,93
1622113983341,1622113983381,40,10,579,-1.0,-21883,265
1622113983451,1622113983461,10,-1,49,2640.95517559571,-1,-1
1622113983501,1622113983511,10,-1,42,2658.3023125987,-1,-1
1622113983521,1622113983541,20,1,115,5208.08647308031,-1,245
1622113983700,1622113983890,190,10,291,4202.88038595775,-22642,92
1622113983920,1622113984020,100,5,240,18463.3296676192,-9376,130
1622113984120,1622113984620,500,9,539,32779.8404592686,-20831,118
1622113984650,1622113984900,250,11,545,23961.9601404802,-29430,147
1622113984910,1622113985070,160,27,428,19725.6192552177,-28034,327
1622113985080,1622113985100,20,1,157,13673.6822199375,-9905,212
1622113985160,1622113985220,60,10,281,13764.5626448402,-10920,259
1622113985230,1622113985240,10,-1,40,1848.26198036256,-1,-1
1622113985449,1622113985669,220,8,627,35972.1835156912,-44535,158
1622113985739,1622113985909,170,8,674,25990.8811632229,-35872,163
1622113985959,1622113986079,120,14,164,12890.3477270052,-3613,250
1622113986209,1622113986239,30,6,322,14560.2780172516,-1,293
1622113986339,1622113986439,100,15,491,23909.4485246763,-34512,233
1622113986469,1622113986629,160,15,632,62596.5464577932,-23234,344
1622113986659,1622113986699,40,3,106,5471.87373332159,-5968,263
1622113986998,1622113987188,190,8,553,29407.3142276814,-39794,27
1622113987198,1622113987208,10,-1,30,1681.19897530853,-1,-1
1622113987228,1622113987308,80,4,86,2770.90693301034,-349,345
1622113987318,1622113987428,110,3,43,1063.16310657972,-484,103
1622113987438,1622113987498,60,4,205,9684.60476957314,-9601,355
1622113987588,1622113987598,10,-1,31,1189.47706313296,-1,-1
1622113987618,1622113987728,110,22,504,18994.3150395769,-23860,66
1622113987748,1622113987778,30,0,35,580.129975651586,-526,199
1622113988078,1622113988198,120,23,639,30260.2878193861,-27611,244
1622113988238,1622113988248,10,-1,74,4530.26103433772,-1,-1
1622113988258,1622113988567,309,21,1179,101594.552901552,-67227,208
1622113988577,1622113988587,10,-1,33,746.896983725906,-1,-1
1622113988617,1622113988627,10,-1,32,848.421036453706,-1,-1
1622113988637,1622113988877,240,7,296,26156.3815015757,-16233,156
1622113988887,1622113988997,110,2,387,22634.7323523125,-7645,19
1622113989237,1622113989417,180,16,502,16810.4911867957,-25803,318
1622113989447,1622113989487,40,1,46,1266.57946401945,-1014,146
1622113989517,1622113989547,30,1,95,6575.17224859138,-2764,5
1622113989717,1622113989727,10,-1,31,1605.92232666011,-1,-1
1622113989787,1622113990057,270,38,2195,175178.118881122,-205535,86
1622113990077,1622113990107,30,1,53,1248.87836585324,-2363,218
1622113990156,1622113990296,140,5,285,17752.2368137684,-12863,326
1622113990456,1622113990536,80,8,311,16961.558059872,-17000,148
1622113990606,1622113990636,30,1,75,4143.37736026092,-2873,0
1622113990676,1622113990716,40,1,47,2507.64021781866,-867,254
1622113990736,1622113990766,30,0,40,1277.91255644301,-888,249
1622113990876,1622113990996,120,1,116,6084.24367298484,-7963,299
1622113991376,1622113991396,20,2,200,9890.28877748959,-1,177
1622113991486,1622113991596,110,12,419,10485.9803205368,-22376,217
1622113991686,1622113991815,129,17,398,36049.8739951411,-11603,29
1622113991935,1622113991955,20,1,88,7136.59959945373,-1,105
1622113991975,1622113992005,30,2,118,6715.95321474552,-7406,99
1622113992135,1622113992225,90,6,138,8548.60497558154,-4902,169
1622113992235,1622113992275,40,0,77,2812.4618534699,-1,184
1622113992535,1622113992555,20,2,230,11848.979625663,-1,12
1622113992645,1622113992735,90,19,493,7.32855835395441,-11507,285
1622113993055,1622113993085,30,1,77,4434.01649441825,-4287,281
1622113993255,1622113993285,30,3,257,9588.58705489578,-1,270
1622113993394,1622113993544,150,3,1674,138841.347118856,-91445,176
1622113993604,1622113993774,170,12,430,26095.0406652396,-24022,105
1622113993894,1622113993914,20,1,55,3575.50247126487,-1,49
1622113993944,1622113993974,30,6,957,65958.9649454661,-1,145
1622113994074,1622113994224,150,12,778,39379.8283744706,-73857,302
1622113994234,1622113994324,90,5,237,10846.5976369452,-11487,168
1622113994334,1622113994464,130,5,188,16622.5065392118,-10836,19
1622113994474,1622113994524,50,6,259,21272.2714003501,-20992,36
1622113994634,1622113994674,40,1,274,14611.7487714644,-742,267
1622113995003,1622113995083,79,5,1083,3811.10719376892,-96363,312
1622113995103,1622113995163,60,2,56,1887.6455541368,-1337,188
1622113995173,1622113995273,100,7,277,10789.7507323788,-19382,347
1622113995283,1622113995293,10,-1,68,4546.43910069686,-1,-1
1622113995343,1622113995433,90,6,102,7566.27992215921,-5522,26
1622113995453,1622113995463,10,-1,33,919.202987123545,-1,-1
1622113995493,1622113995523,30,1,59,1776.04634853242,-2291,285
1622113995543,1622113995603,60,18,443,23043.8072910638,-14603,168
1622113995623,1622113995673,50,2,84,3209.85438096253,-1893,297
1622113995683,1622113995913,230,12,122,4723.22801710559,-5077,294
1622113995953,1622113995983,30,1,72,4530.88073149412,-3737,294
1622113996193,1622113996213,20,0,74,4856.47212945726,-2473,143
1622113996842,1622113997312,470,20,2279,188713.387848948,-124074,293
1622113997322,1622113997402,80,6,140,5815.03200729092,-3922,105
1622113997442,1622113997492,50,2,290,25357.6674926145,-16138,233
1622113997502,1622113997522,20,0,55,3333.1543382985,-1977,216
1622113997582,1622113997592,10,-1,34,1074.52421363275,-1,-1
1622113997622,1622113997642,20,0,46,2754.54814210471,-1,82
1622113997742,1622113997822,80,29,626,20722.8469278369,-27721,120
1622113997942,1622113998082,140,4,250,12745.6847734189,-15499,75
1622113998092,1622113998341,249,8,133,4513.82910297381,-7715,314
1622113998381,1622113998431,50,2,89,3755.8453459789,-3142,299
1622113998481,1622113998591,110,5,84,2854.38401766745,-3737,299
1622113998611,1622113998641,30,1,57,3488.01857625916,-2736,287
1622113998771,1622113998831,60,7,281,15755.8300030402,-11987,323
1622113998901,1622113998981,80,1,133,8739.42484103993,-7133,239
1622113999071,1622113999131,60,13,515,34755.0174745545,-26350,256
1622113999171,1622113999211,40,0,75,5352.37998282065,-1637,228
1622113999221,1622113999231,10,-1,45,2198.89779102774,-1,-1
1622113999241,1622113999271,30,1,80,4467.996193894,-3518,90
1622113999411,1622113999461,50,10,478,26678.0845329181,-24714,118
1622113999701,1622113999721,20,0,33,1503.34823874093,-9,43
1622114000010,1622114000040,30,1,90,4804.59705223353,-3711,301
1622114000150,1622114000590,440,2,870,48313.7578447735,-56398,175
1622114000600,1622114000670,70,2,113,8008.83177862263,-3284,69
1622114000750,1622114000820,70,2,60,1242.93060914922,-1217,130
1622114000860,1622114000900,40,12,1074,64091.7963464915,-2099,319
1622114001030,1622114001270,240,64,2085,105472.480112045,-113606,148
1622114001290,1622114001509,219,3,2401,216310.175916865,-208918,266
1622114001519,1622114001569,50,0,145,8988.30592342449,-8988,0
1622114001589,1622114001609,20,0,33,1972.19931889276,-1,243
1622114001639,1622114001889,250,13,2027,90688.5753459717,-183872,338
1622114001959,1622114001989,30,0,38,1376.99373319944,-806,289
1622114002159,1622114002169,10,-1,33,874.674507054596,-1,-1
1622114002179,1622114002249,70,2,62,2222.32193417489,-4,46
1622114002399,1622114002539,140,6,167,7293.16807317112,-11413,63
1622114002559,1622114002609,50,1,80,4781.16761652674,-4538,315
1622114002799,1622114002829,30,2,188,7871.19736077953,-1,333
1622114002929,1622114002939,10,-1,82,-1.0,-1,-1
1622114002959,1622114003039,80,4,85,5940.20347851612,-1757,308
1622114003059,1622114003069,10,-1,36,1118.64720804062,-1,-1
1622114003148,1622114003238,90,2,132,10974.735966922,-5268,257
1622114003248,1622114003268,20,1,75,5506.09445554743,-2284,26
1622114003308,1622114003358,50,1,40,750.896914680224,-1,233
1622114003428,1622114003448,20,0,57,4303.30922113847,-2335,26
1622114003488,1622114003538,50,3,96,4132.13315157591,-3226,299
1622114003568,1622114003588,20,0,34,1995.60719559674,-372,49
1622114003598,1622114003678,80,1,41,2446.26863373779,-1025,85
1622114003828,1622114003838,10,-1,32,1723.43786325993,-1,-1
1622114003908,1622114003928,20,0,41,2833.73893314304,-1,260
1622114003978,1622114004038,60,1,30,93.5070071059307,-1,246
1622114004138,1622114004158,20,0,42,2106.55859489207,-1211,209
1622114004947,1622114004957,10,-1,30,1347.29756679727,-1,-1
1622114005127,1622114005217,90,4,109,6910.64024479777,-7344,312
1622114005267,1622114005337,70,2,162,10898.6806500997,-1108,152
1622114005347,1622114005517,170,4,312,21843.3361372385,-19506,144
1622114005527,1622114005647,120,2,287,26513.1611977493,-23742,195
1622114005707,1622114005737,30,1,83,3837.83219346417,-2655,183
1622114005827,1622114005847,20,1,81,5977.81918415115,-2951,34
1622114005887,1622114005977,90,19,664,43722.4961133014,-31046,261
1622114005987,1622114006386,399,39,488,21993.9712823698,-42412,111
1622114006396,1622114006406,10,-1,71,4904.52021716859,-1,-1
1622114006416,1622114006546,130,10,307,18101.3705159852,-14651,33
1622114006586,1622114006626,40,1,35,1161.63703077778,-24,230
1622114006646,1622114006736,90,24,795,68603.0419580028,-65950,352
1622114006746,1622114006756,10,-1,50,4150.0169554018,-1,-1
1622114006766,1622114006776,10,-1,55,2650.08718510344,-1,-1
1622114006786,1622114006826,40,1,51,1951.95488484984,-1720,193
1622114006836,1622114006866,30,2,114,6126.07979384768,-3849,185
1622114006926,1622114006956,30,1,77,2575.50033652878,-1,255
1622114006966,1622114006976,10,-1,34,1824.93074784012,-1,-1
1622114007046,1622114007056,10,-1,45,1626.63037292137,-1,-1
1622114007126,1622114007176,50,20,692,35167.0184266742,-39537,25
1622114007186,1622114007476,290,48,1083,92040.2418234507,-102473,216
1622114007586,1622114007676,90,8,225,8393.74982463918,-8999,292
1622114007686,1622114007696,10,-1,61,3943.67632378629,-1,-1
1622114007776,1622114007796,20,0,44,970.955270239828,-1,83
1622114007896,1622114007965,69,13,458,20982.6540678405,-13797,189
1622114008095,1622114008195,100,15,953,48632.044299447,-2,45
1622114008295,1622114008315,20,9,1183,-1.0,-66184,43
1622114008435,1622114008495,60,5,160,1253.68699191645,-7168,196
1622114008665,1622114008695,30,1,69,87.4661502712371,-2850,251
1622114008705,1622114008765,60,4,130,5375.78303043004,-4086,243
1622114008895,1622114008905,10,-1,32,291.205132192716,-1,-1
1622114009045,1622114009055,10,-1,33,2135.98594378734,-1,-1
1622114009085,1622114009105,20,1,83,5414.83883728518,-3100,267
1622114009325,1622114009475,150,27,748,34398.0732120457,-48323,259
1622114009485,1622114009495,10,-1,36,2018.29661020735,-1,-1
1622114009584,1622114009594,10,-1,42,2192.88842108443,-1,-1
1622114009604,1622114009824,220,12,985,35717.3585788753,-93484,246
1622114009854,1622114009894,40,3,168,11122.8621460244,-7843,337
1622114009954,1622114010044,90,2,301,17134.776566881,-20528,136
1622114010104,1622114010134,30,2,102,6371.53464863282,-6531,192
1622114010164,1622114010174,10,-1,30,769.090589348312,-1,-1
1622114010254,1622114010334,80,22,574,22374.3328087606,-23440,13
1622114010354,1622114010364,10,-1,52,2922.73587735656,-1,-1
1622114010534,1622114010564,30,0,67,2458.99732552037,-1,70
1622114010574,1622114010594,20,2,148,12582.5982891938,-1707,178
1622114010604,1622114010624,20,1,85,5679.36369497785,-2928,85
1622114010644,1622114010674,30,2,101,6043.40737237024,-3602,55
1622114010684,1622114010734,50,1,99,5094.08757782244,-3335,75
1622114010794,1622114010824,30,1,87,3549.57282212679,-3444,85
1622114010844,1622114010864,20,3,184,16003.0447627283,-2069,184
1622114010914,1622114010924,10,-1,43,1896.84965763677,-1,-1
1622114010944,1622114010974,30,1,56,2591.88128200091,-2546,95
1622114011953,1622114012163,210,20,1186,86585.2076363687,-72015,185
1622114012263,1622114012403,140,31,596,29032.9776057418,-26276,68
1622114012433,1622114012453,20,0,54,2836.34952199877,-1,280
1622114012513,1622114012753,240,34,615,29453.765501747,-32210,254
1622114012972,1622114013002,30,5,282,15563.2560723561,-13339,88
1622114013042,1622114013082,40,6,294,18892.8277351803,-17638,271
1622114013272,1622114013322,50,1,96,6415.16836662689,-5167,255
1622114013552,1622114013582,30,1,79,3802.13578058724,-2319,285
1622114013602,1622114013622,20,1,111,6483.37260776468,-1,334
1622114013632,1622114013772,140,8,302,15171.1902215514,-20920,336
1622114013802,1622114013872,70,4,81,3796.10861174695,-1264,217
1622114013882,1622114013942,60,3,129,5899.1424390005,-7417,271
1622114014042,1622114014062,20,0,34,1956.98749700373,-1,262
1622114014192,1622114014242,50,3,127,6419.58406789607,-4775,31
1622114014342,1622114014362,20,3,299,15590.0264906489,-1,70
1622114014491,1622114014571,80,9,248,18.5289348682417,-6368,298
1622114014591,1622114014691,100,5,137,6363.84253585271,-6309,313
1622114014711,1622114014721,10,-1,33,2284.39458942795,-1,-1
1622114014751,1622114014771,20,0,48,1069.58984525825,-1,324
1622114014851,1622114014891,40,1,51,2520.7733761187,-1292,254
1622114015151,1622114015161,10,-1,44,1694.77072006595,-1,-1
1622114015301,1622114015341,40,5,216,13543.524993116,-14244,254
1622114015521,1622114015561,40,0,32,1499.34300709949,-206,271
1622114015621,1622114015631,10,-1,33,1327.84208044942,-1,-1
1622114015641,1622114015671,30,4,235,12913.2180339457,-10983,86
1622114015751,1622114015781,30,1,77,3778.48293028965,-3431,296
1622114015851,1622114015871,20,0,37,1631.05772832713,0,302
1622114015891,1622114015941,50,2,67,2900.12209350153,-2940,272
1622114016001,1622114016160,159,8,194,6438.72702380847,-12493,290
1622114016220,1622114016290,70,2,120,6384.49557837885,-8721,103
1622114016300,1622114016660,360,15,786,47856.5137718695,-60810,129
1622114016670,1622114016720,50,2,104,4992.46740940239,-3901,98
1622114016840,1622114016890,50,5,189,10690.8430497855,-9331,40
1622114016910,1622114016930,20,0,37,1864.69922841989,-1,258
1622114016970,1622114017000,30,1,84,4856.73196652117,-4623,255
1622114017010,1622114017020,10,-1,31,980.359242087524,-1,-1
1622114017080,1622114017090,10,-1,43,2310.57587105323,-1,-1
1622114017100,1622114017140,40,5,217,7782.84171386809,-602,63
1622114017250,1622114017330,80,13,295,8971.76319087368,-10907,252
1622114017340,1622114017360,20,1,166,15429.5081898788,-7312,342
1622114017370,1622114017470,100,6,92,3788.31598822471,-2970,39
1622114017510,1622114017560,50,4,206,9633.92051186251,-7422,210
1622114017570,1622114017620,50,2,73,4290.15238271272,-1197,300
1622114017640,1622114017719,79,12,319,9258.06971226899,-18394,278
1622114017739,1622114017769,30,2,125,5340.18921159065,-42,283
1622114017809,1622114017859,50,8,270,19425.5656570769,-13508,31
1622114017919,1622114017939,20,0,57,3165.30751798135,-1052,123
1622114017959,1622114017969,10,-1,30,820.006554995727,-1,-1
1622114017979,1622114018099,120,5,339,23884.3837801658,-15006,112
1622114018119,1622114018159,40,1,40,736.748603154554,-235,87
1622114018179,1622114018199,20,2,231,12396.3434813788,-1,84
1622114018299,1622114018379,80,8,181,2968.66776108804,-8278,250
1622114018399,1622114018409,10,-1,44,2504.91406716368,-1,-1
1622114018419,1622114018449,30,3,176,8757.79227764858,-8236,289
1622114018469,1622114018639,170,7,267,16961.4859983101,-8827,20
1622114018659,1622114018699,40,1,73,1691.69734722979,-1,308
1622114018799,1622114018859,60,5,170,3798.01950300458,-6210,330
1622114018869,1622114018899,30,1,79,4039.62917387846,-3192,234
1622114018919,1622114018939,20,1,59,3071.85591797189,-355,237
1622114018959,1622114018969,10,-1,35,1661.13828517095,-1,-1
1622114018979,1622114018989,10,-1,35,1442.71873143483,-1,-1
1622114019019,1622114019039,20,0,43,1659.34579973862,-1,245
1622114019049,1622114019059,10,-1,31,152.924372633792,-1,-1
1622114019179,1622114019268,89,24,550,20063.2298883472,-29843,245
1622114019598,1622114019838,240,33,772,37707.4350856201,-58636,286
1622114019848,1622114020438,590,27,761,45344.8567125447,-52527,11
1622114020498,1622114020518,20,0,42,2602.08878070447,-1,90
1622114020638,1622114020648,10,-1,30,1967.20958549656,-1,-1
1622114020658,1622114020678,20,1,79,7124.38777628768,-724,254
1622114020708,1622114020858,150,32,555,22315.7645307131,-22065,98
1622114020868,1622114020957,89,7,116,3073.67419016505,-4015,274
1622114021327,1622114021377,50,9,329,17871.7290168587,-13610,292
1622114021457,1622114021597,140,22,794,33411.7504983738,-46952,261
1622114021637,1622114021677,40,1,53,3753.0817512317,-1163,88
1622114021787,1622114021797,10,-1,83,-1.0,-1,-1
1622114021967,1622114021987,20,0,42,1264.50254386332,-1,83
1622114022047,1622114022057,10,-1,34,1435.07582638966,-1,-1
1622114022117,1622114022137,20,0,64,3825.25609054346,-1842,97
1622114022157,1622114022187,30,1,85,4485.42647485848,-3743,78
1622114022477,1622114022566,89,22,597,41825.0023661617,-27558,96
1622114022696,1622114022716,20,0,52,3693.01824397652,-1827,302
1622114022766,1622114022776,10,-1,33,1501.79519722915,-1,-1
1622114022816,1622114022856,40,6,248,13945.4802446017,-12013,91
1622114023046,1622114023056,10,-1,35,1735.20787379531,-1,-1
1622114023116,1622114023136,20,0,34,2263.30106511058,-137,37
1622114023236,1622114023246,10,-1,41,1459.77646382496,-1,-1
1622114023256,1622114023286,30,1,57,2742.78664861107,-2101,276
1622114023326,1622114023356,30,1,55,2102.43302252064,-2053,267
1622114023476,1622114023486,10,-1,384,36838.0937599207,-1,-1
1622114023616,1622114023726,110,11,303,15.6845219730648,-10054,266
1622114024016,1622114024275,259,3,483,30263.4095409771,-31655,284
1622114024335,1622114024345,10,-1,38,1120.31670046668,-1,-1
1622114024365,1622114024385,20,0,40,1243.36895599889,-2,289
1622114024405,1622114024425,20,0,45,2458.72744684989,-1,293
1622114024495,1622114024525,30,1,67,3118.6015716814,-1,168
1622114024795,1622114024805,10,-1,46,2067.26922979439,-1,-1
1622114025015,1622114025025,10,-1,48,3329.1436482717,-1,-1
1622114025055,1622114025075,20,0,48,1690.91990085091,-1,90
1622114025095,1622114025105,10,-1,30,510.984032005142,-1,-1
1622114025225,1622114025245,20,0,40,1937.79602171291,-1,90
1622114025255,1622114025265,10,-1,40,1239.27811856232,-1,-1
1622114025275,1622114025475,200,3,304,8582.45930528806,-17493,94
1622114025575,1622114025585,10,-1,37,1505.49913996422,-1,-1
1622114025635,1622114025645,10,-1,35,2052.31235333811,-1,-1
1622114025685,1622114025715,30,1,82,5171.34943436086,-2608,130
1622114025754,1622114025794,40,3,347,19596.9835387384,-1,83
1622114025884,1622114025944,60,18,529,7669.48296042218,-25153,259
1622114025954,1622114026044,90,3,62,4438.91758688146,-1613,125
1622114026064,1622114026114,50,3,118,3470.15713322238,-1,109
1622114026214,1622114026284,70,18,962,2945.04569230626,-37729,257
1622114026324,1622114026394,70,3,70,3872.47908080731,-1543,108
1622114026524,1622114026624,100,23,593,46293.9337793289,-44086,99
1622114026654,1622114026764,110,4,100,6342.35690136273,-4257,288
1622114026774,1622114026944,170,34,1021,55097.9083354215,-37160,278
1622114027014,1622114027044,30,0,39,1985.46579924574,-891,86
1622114027054,1622114027084,30,3,158,11129.1150049568,-10607,231
1622114027094,1622114027114,20,1,60,4734.15961796853,-1417,230
1622114027214,1622114027224,10,-1,50,3130.06136234767,-1,-1
1622114027443,1622114027503,60,16,391,21829.0155379039,-20873,2
1622114027563,1622114027583,20,0,36,2479.93155071822,-1,71
1622114027593,1622114027633,40,1,57,1429.90326088122,-1,292
1622114028143,1622114028173,30,2,228,24.4184874583269,-13731,340
1622114028263,1622114028373,110,16,454,22036.3121920129,-16404,262
1622114028593,1622114028603,10,-1,78,5774.13424553975,-1,-1
1622114028723,1622114028783,60,20,636,8651.14990314707,-18668,249
1622114028803,1622114028833,30,6,289,24457.0186537175,-2797,322
1622114028843,1622114028863,20,0,903,85764.7427479663,-1,99
1622114029022,1622114029102,80,2,137,3210.76597997338,-5078,162
1622114029252,1622114029282,30,1,1888,5309.34272018509,-182248,351
1622114029462,1622114029532,70,23,1112,88612.1240412646,-90873,58
1622114029542,1622114029602,60,6,365,29047.6581853994,-15438,230
1622114029622,1622114029662,40,2,78,4647.92590721529,-1069,271
1622114029702,1622114029802,100,14,247,17241.134393842,-8871,303
1622114030072,1622114030112,40,23,962,62138.9423538837,-15899,107
1622114031061,1622114031131,70,17,424,6469.19396784633,-19988,267
1622114031141,1622114031171,30,1,56,1791.33150647855,-1366,239
1622114031241,1622114031321,80,15,336,21757.9744487896,-13861,46
1622114031721,1622114031771,50,11,349,19603.4353443887,-14872,37
1622114031941,1622114031971,30,5,248,16826.9484835927,-6886,9
1622114032011,1622114032041,30,3,141,11728.5304923132,-10971,45
1622114032220,1622114032340,119,14,203,12371.8266489885,-11612,193
1622114032600,1622114032790,190,22,435,20858.2207688126,-17184,177
1622114032800,1622114032970,170,21,292,14566.1317456103,-12367,4
1622114033040,1622114033100,60,3,94,5332.77624498303,-3099,290
1622114033170,1622114033180,10,-1,34,1504.43558194271,-1,-1
1622114033270,1622114033280,10,-1,30,1341.23834206248,-1,-1
1622114033300,1622114033310,10,-1,32,698.829969066264,-1,-1
1622114033320,1622114033330,10,-1,36,952.392237341251,-1,-1
1622114033360,1622114033390,30,1,84,3901.45859306955,-2653,278
1622114033410,1622114033420,10,-1,30,457.786285746952,-1,-1
1622114033440,1622114033570,130,5,117,4576.24116418536,-5218,286
1622114033690,1622114033730,40,2,76,4382.23027949501,-3543,352
1622114033879,1622114033899,20,0,58,3359.45809037388,-1913,201
1622114033939,1622114034099,160,0,802,38152.4513085977,-40468,146
1622114034109,1622114034129,20,0,51,4059.65475197626,-1452,150
1622114034289,1622114034309,20,0,43,1816.40602018845,-1281,79
1622114034329,1622114034359,30,2,124,6090.96771333794,-1,127
1622114034369,1622114034409,40,0,90,5017.99578715692,-3331,81
1622114034669,1622114034699,30,0,40,1757.96316468776,-1015,75
1622114034729,1622114034749,20,0,75,5505.60607778397,-4243,64
1622114034829,1622114034869,40,1,48,1768.77142491388,-1229,243
1622114034969,1622114034979,10,-1,44,1977.73362391182,-1,-1
1622114035109,1622114035129,20,0,50,1437.32342518448,-1,29
1622114035149,1622114035159,10,-1,43,1621.83777799791,-1,-1
1622114035169,1622114035239,70,2,35,1751.86374835435,-213,251
1622114035259,1622114035299,40,2,69,5120.21563784972,-2162,242
1622114035339,1622114035379,40,2,443,31945.5885424959,-4,107
1622114035468,1622114035558,90,12,225,483.425277374693,-8234,316
1622114035568,1622114035588,20,0,64,3559.84981606002,-2777,304
1622114035608,1622114035668,60,4,101,2837.22359087389,-6495,138
1622114035688,1622114035718,30,2,121,6338.10259375229,-5723,150
1622114035848,1622114035938,90,9,358,231.790668553487,-17174,250
1622114035948,1622114035958,10,-1,37,1913.56012256327,-1,-1
1622114035968,1622114035978,10,-1,30,776.860636098663,-1,-1
1622114036118,1622114036158,40,2,110,6082.83902050664,-6428,86
1622114036318,1622114036398,80,7,270,12424.0040916921,-12720,183
1622114036518,1622114036588,70,8,260,13957.5934528749,-10212,348
1622114036698,1622114036708,10,-1,33,1910.40062642681,-1,-1
1622114036928,1622114036948,20,0,55,2820.64793841757,-2322,90
1622114037127,1622114037147,20,1,73,5555.78698371298,-2997,74
1622114037417,1622114037427,10,-1,33,1335.90870971074,-1,-1
1622114037497,1622114037517,20,0,36,1909.55759536755,-1,259
1622114037527,1622114037537,10,-1,35,1157.89012061568,-1,-1
1622114037597,1622114037607,10,-1,32,1260.14880808249,-1,-1
1622114037817,1622114037887,70,3,75,2625.87688657886,-1926,36
1622114037897,1622114038057,160,34,2085,149013.457373059,-102374,317
1622114038147,1622114038407,260,23,1784,116769.828122536,-158058,80
1622114038427,1622114038467,40,1,361,18651.8462579641,-1,143
1622114038617,1622114038776,159,12,824,26232.4080426433,-46963,339
1622114038786,1622114039006,220,9,393,22845.2325489701,-28215,317
1622114039196,1622114039206,10,-1,30,1849.8849459834,-1,-1
1622114039226,1622114039256,30,2,125,5831.88707701952,-4886,315
1622114039306,1622114039316,10,-1,33,2350.96738974454,-1,-1
1622114039366,1622114039386,20,0,42,1699.63998619914,-461,201
1622114039416,1622114039506,90,4,365,25135.9580040004,-2663,336
1622114039736,1622114040006,270,37,1031,29390.7056523555,-63486,215
1622114040026,1622114040196,170,5,867,45387.6442300894,-43860,346
1622114040206,1622114040485,279,4,537,26062.832583843,-15353,255
1622114040535,1622114040575,40,1,56,1934.47463217843,-1049,239
1622114040585,1622114040605,20,2,154,13307.0866292723,-1748,34
1622114040615,1622114040645,30,2,99,6248.815237203,-3450,114
1622114040685,1622114040835,150,7,69,4531.78040596922,-2283,129
1622114040855,1622114040885,30,0,54,2867.58408282783,-1135,130
1622114040895,1622114040975,80,5,125,2745.63258389263,-1422,110
1622114040985,1622114041105,120,8,243,10800.9167549305,-11976,85
1622114041125,1622114041145,20,0,55,3080.09608889513,-1,57
1622114041265,1622114041275,10,-1,31,862.896392287042,-1,-1
1622114041405,1622114041425,20,2,209,9517.77289475903,-1,87
1622114041545,1622114041595,50,4,329,-1.0,-17288,257
1622114041635,1622114041655,20,0,38,1025.98416692061,-211,82
1622114041665,1622114041675,10,-1,33,431.518413256283,-1,-1
1622114041685,1622114041705,20,0,46,2257.16299971886,-1570,315
1622114041725,1622114041745,20,0,56,2952.34415391081,-1921,45
1622114041785,1622114041805,20,3,150,14560.1177944667,-714,70
1622114041825,1622114041855,30,6,282,16665.563061809,-17778,86
1622114041924,1622114041944,19,0,40,2245.98287622651,-1,68
1622114042044,1622114042064,20,0,62,4636.87581461688,-2123,266
1622114042114,1622114042134,20,0,153,12216.6740419102,-1,282
1622114042244,1622114042314,70,23,574,21949.702231711,-41075,271
1622114042324,1622114042374,50,2,95,5147.24385309329,-3415,73
1622114042424,1622114042454,30,1,98,5054.90620628797,-2852,178
1622114042624,1622114042754,130,31,716,57159.4642763818,-49053,75
1622114042774,1622114042794,20,1,51,1644.70111767072,-1,87
1622114042804,1622114042824,20,0,42,1226.55222795576,-1,62
1622114042844,1622114042954,110,4,56,1903.41651216616,-1711,251
1622114043014,1622114043024,10,-1,59,5236.42137331558,-1,-1
1622114043034,1622114043174,140,8,140,4295.99180453904,-6116,273
1622114043184,1622114043254,70,6,218,12066.6618942719,-13677,343
1622114043384,1622114043414,30,2,427,30789.9690206623,-1,135
1622114043514,1622114043534,20,5,850,-1.0,-53947,265
1622114043544,1622114043623,79,1,205,16281.084349954,-10413,78
1622114043633,1622114043643,10,-1,45,2409.65509362949,-1,-1
1622114043723,1622114043813,90,29,749,32973.5101958051,-33999,99
1622114044033,1622114044043,10,-1,36,686.204613225153,-1,-1
1622114044093,1622114044273,180,27,445,25403.3239962974,-23942,267
1622114044583,1622114044623,40,1,39,2281.44618652434,-2,203
1622114044773,1622114044853,80,5,385,8052.19389751919,-18856,316
1622114044923,1622114044983,60,4,118,2836.97975076383,-5827,251
1622114044993,1622114045073,80,14,429,25943.180310669,-21949,290
1622114045472,1622114045512,40,5,227,10634.8786472534,-10895,80
1622114045812,1622114045852,40,5,155,-1.0,-272,108
1622114045862,1622114045902,40,3,123,5217.12550709998,-5494,274
1622114045942,1622114046062,120,0,212,10013.3630681251,-14815,243
1622114046072,1622114046112,40,5,208,10264.9073664509,-10007,200
1622114046192,1622114046212,20,0,55,2121.68649576317,-1,275
1622114046222,1622114046272,50,3,103,5467.55853288718,-3358,296
1622114046522,1622114046532,10,-1,31,490.936443676421,-1,-1
1622114046542,1622114046592,50,1,121,6643.96926454708,-7293,267
1622114046602,1622114046622,20,0,65,5516.62215806592,-1,168
1622114046632,1622114046642,10,-1,57,3162.03376520499,-1,-1
1622114046801,1622114046831,30,2,116,7798.5174693059,-3013,120
1622114046851,1622114046881,30,2,98,4913.60236322324,-2906,240
1622114046901,1622114046921,20,0,33,581.679377583553,-147,270
1622114047071,1622114047121,50,1,54,2450.78618299998,-1538,65
1622114047141,1622114047201,60,0,84,5062.33401812934,-5107,135
1622114047421,1622114047441,20,0,36,1583.43596814505,-620,251
1622114047541,1622114047601,60,9,310,20090.054415586,-15760,85
1622114047611,1622114047731,120,12,141,8694.13181700453,-6775,272
1622114047751,1622114047761,10,-1,33,1917.91190729311,-1,-1
1622114047781,1622114047811,30,1,57,4057.62989119752,-2681,307
1622114047881,1622114047891,10,-1,32,1826.98822665914,-1,-1
1622114048181,1622114048251,70,5,102,6153.80645271228,-1864,176
1622114048580,1622114048610,30,0,47,1925.26557674941,-1586,25
1622114048710,1622114048830,120,8,209,12889.0293856126,-10338,140
1622114049000,1622114049020,20,1,196,13042.9917075886,-1,266
1622114049120,1622114049180,60,4,187,9169.34834213951,-7773,291
1622114049240,1622114049270,30,4,212,10865.2075383704,-12066,262
1622114049450,1622114049640,190,25,473,16545.1487974842,-16269,165
1622114049660,1622114049690,30,6,605,32761.8765512472,-1,32
1622114049830,1622114049840,10,-1,81,-1.0,-1,-1
1622114049850,1622114049860,10,-1,34,2890.86402963769,-1,-1
1622114049870,1622114049980,110,1,226,10207.1200002929,-11756,249
1622114050519,1622114050529,10,-1,31,1388.32188944829,-1,-1
1622114050709,1622114050739,30,1,48,1269.84681558776,-626,310
1622114051059,1622114051089,30,1,80,4705.70901550044,-3594,246
1622114051638,1622114051668,30,1,61,2015.70982898078,-1,157
1622114051768,1622114051778,10,-1,35,-1.0,-1,-1
1622114051938,1622114051968,30,1,68,3709.45554179589,-1212,17
1622114052048,1622114052088,40,1,47,1832.34826968363,-1228,98
1622114052108,1622114052118,10,-1,33,664.539633754553,-1,-1
1622114052188,1622114052218,30,1,75,2681.17106347049,-2403,271
1622114052378,1622114052418,40,4,164,7309.98250790456,-8094,275
1622114052438,1622114052458,20,0,55,2694.86277098604,-1,270
1622114052938,1622114053038,100,6,140,7880.35795337434,-7020,102
1622114053357,1622114053397,40,4,191,10846.4355302407,-8511,305
1622114053687,1622114053877,190,2,777,52338.5044648141,-30351,238
1622114054107,1622114054147,40,2,83,4459.797005885,-2890,50
1622114054517,1622114054547,30,1,93,5020.59743333931,-3442,139
1622114054817,1622114054827,10,-1,34,1733.84874145715,-1,-1
1622114054996,1622114055036,40,3,156,6815.26858807526,-6865,77
1622114055166,1622114055276,110,9,171,9508.42210742478,-6787,263
1622114055466,1622114055476,10,-1,41,2072.62203604636,-1,-1
1622114055486,1622114055536,50,10,279,10052.3871085185,-768,90
1622114055666,1622114055786,120,5,168,5065.36874376824,-11361,283
1622114055846,1622114055886,40,3,129,8306.90833629294,-8298,258
1622114055926,1622114055986,60,4,150,8469.77341932567,-7009,274
1622114056416,1622114056426,10,-1,30,1925.05096108381,-1,-1
1622114056675,1622114056715,40,4,160,10299.2092619957,-6919,161
1622114056965,1622114056985,20,0,47,3205.96663474764,-1450,292
1622114057625,1622114057635,10,-1,228,22243.4541636525,-1,-1
1622114057725,1622114057805,80,12,349,516.162232983132,-13280,262
1622114058015,1622114058045,30,3,156,10484.8885867413,-6058,276
1622114058055,1622114058075,20,0,40,1864.27043034157,-3,102
1622114058344,1622114058414,70,24,652,18311.8812960679,-30901,275
1622114058454,1622114058654,200,7,1842,117272.996966205,-102639,287
1622114058664,1622114058674,10,-1,68,5782.7723046637,-1,-1
1622114058784,1622114059044,260,32,2142,12105.6774425889,-153846,132
1622114059074,1622114059114,40,1,728,57618.5065620764,-28779,47
1622114059274,1622114059344,70,3,198,54.8877697906178,-13649,284
1622114059354,1622114059374,20,1,73,5278.14128217879,-1963,15
1622114059384,1622114059434,50,2,90,3819.19922732223,-4452,298
1622114059464,1622114059504,40,2,99,4957.56755250026,-4431,92
1622114059534,1622114059584,50,1,38,1095.28677622093,-1,294
1622114059604,1622114059624,20,0,40,1573.39958281303,-822,348
1622114059733,1622114059853,119,3,163,7634.8213599764,-6941,48
1622114060063,1622114060083,20,0,34,1117.34186109295,-1,261
1622114060243,1622114060293,50,4,144,9737.7727496643,-5765,102
1622114060523,1622114060553,30,2,124,6539.37198308814,-5557,186
1622114060593,1622114060613,20,0,48,1753.50580601995,-1,248
1622114060673,1622114060713,40,5,252,21440.7727341355,-1136,348
1622114060773,1622114060793,20,1,95,6106.27204390225,-1,355
1622114061093,1622114061153,60,10,571,-1.0,-21256,267
1622114061263,1622114061342,79,9,350,21048.6971043127,-19362,97
1622114061382,1622114061392,10,-1,34,1384.11312698538,-1,-1
1622114061422,1622114061522,100,22,539,23436.7963645777,-18383,270
1622114061662,1622114061742,80,2,239,18030.4527974473,-11235,92
1622114061822,1622114061932,110,34,1051,35094.7811926361,-67075,59
1622114062072,1622114062142,70,15,645,31469.7674042322,-31803,145
1622114062182,1622114062222,40,0,72,4986.14485456249,-3863,13
1622114062262,1622114062272,10,-1,33,1707.00326464686,-1,-1
1622114062292,1622114062342,50,3,121,4823.7347066452,-7726,138
1622114062462,1622114062472,10,-1,40,2082.64576492317,-1,-1
1622114062482,1622114062492,10,-1,35,2463.24421225633,-1,-1
1622114062502,1622114062652,150,7,438,20153.0016150783,-1,326
1622114062742,1622114062832,90,16,524,4017.44044578734,-29131,236
1622114062932,1622114062941,9,-1,135,-1.0,-1,-1
1622114062962,1622114063091,129,1,360,34065.5029501959,-13088,207
1622114063101,1622114063111,10,-1,336,31408.7598667394,-1,-1
1622114063121,1622114063131,10,-1,312,29462.8965122345,-1,-1
1622114063411,1622114063481,70,2,457,28955.3780030688,-2069,106
1622114063571,1622114063661,90,7,138,9326.77774394787,-5677,75
1622114063761,1622114063831,70,5,175,9029.46998657352,-8754,245
1622114063871,1622114063891,20,0,57,3663.90458366898,-1,263
1622114063941,1622114064001,60,2,39,2040.05097460693,-236,47
1622114064021,1622114064041,20,0,45,2462.32962985998,-17,50
1622114064051,1622114064071,20,0,44,2718.92954239629,-707,285
1622114064221,1622114064251,30,5,230,15986.6721361136,-8613,50
1622114064291,1622114064311,20,0,54,2666.36961932024,-1771,234
1622114064610,1622114064620,10,-1,43,-1.0,-1,-1
1622114064790,1622114064800,10,-1,341,33686.0886592607,-1,-1
1622114064910,1622114064990,80,9,343,2224.86186256806,-9149,271
1622114065090,1622114065130,40,2,106,4734.75677403532,-6269,267
1622114065310,1622114065320,10,-1,30,518.532813264303,-1,-1
1622114065510,1622114065520,10,-1,30,1298.83657527171,-1,-1
1622114066249,1622114066299,50,6,226,10157.8065988716,-12133,66
1622114066309,1622114066389,80,5,112,2993.31971019139,-4055,80
1622114066409,1622114066439,30,1,47,1697.29344987937,-1075,84
1622114066589,1622114066739,150,13,195,4609.42981802207,-5524,269
1622114066769,1622114066779,10,-1,37,1453.88570356096,-1,-1
1622114066859,1622114066879,20,0,37,971.124672014481,-557,246
1622114066899,1622114066919,20,0,30,245.607671544795,-1,270
1622114067029,1622114067069,40,3,149,7348.83052782972,-6421,60
1622114067479,1622114067539,60,3,94,3642.19745014591,-3863,94
1622114067629,1622114067639,10,-1,48,3342.69822769876,-1,-1
1622114067709,1622114067729,20,0,50,3369.70666294585,-1,108
1622114068108,1622114068178,70,8,244,8344.00403567647,-11279,172
1622114068358,1622114068458,100,8,155,7501.97286614848,-3950,300
1622114068468,1622114068478,10,-1,92,7368.3025347124,-1,-1
1622114068948,1622114069038,90,4,55,1910.74134550678,-26,81
1622114069238,1622114069308,70,10,227,17703.2392150477,-8744,73
1622114069407,1622114069507,99,10,369,5536.21470147333,-21596,267
1622114069517,1622114069537,20,0,63,3621.01088483185,-1,227
1622114069827,1622114069857,30,2,107,8640.43868612144,-7532,46
1622114070237,1622114070267,30,2,115,5312.13616520836,-6558,161
1622114070347,1622114070367,20,3,329,17449.8597542338,-1,80
1622114070467,1622114070557,90,15,313,20491.7625934206,-12045,260
1622114070567,1622114070587,20,0,30,2850.77712808545,-1,243
1622114070667,1622114070757,90,7,161,9716.74823644101,-7223,106
1622114071106,1622114071116,10,-1,513,51392.3006577075,-1,-1
1622114071226,1622114071286,60,12,377,718.920489278673,-11308,258
1622114071316,1622114071336,20,0,58,2061.45707234569,-1,211
1622114071426,1622114071576,150,4,94,4490.11710577921,-5546,38
1622114071616,1622114071636,20,1,144,8614.52212489799,-1,129
1622114071796,1622114071936,140,11,342,13800.1563409651,-22563,279
1622114072166,1622114072236,70,5,113,7626.69298284792,-4028,19
1622114072246,1622114072256,10,-1,46,2484.1548264985,-1,-1
1622114072636,1622114072715,79,9,349,17075.0150485408,-16906,216
1622114073165,1622114073205,40,4,178,10307.1160048228,-6910,29
1622114073485,1622114073575,90,5,117,7098.91025135106,-4508,33
1622114073965,1622114074005,40,1,57,2702.83821653675,-328,77
1622114074265,1622114074404,139,5,507,28017.1420514406,-25306,219
1622114074434,1622114074444,10,-1,37,1005.13028722305,-1,-1
1622114074834,1622114074854,20,0,34,2073.42580775778,-343,60
1622114075184,1622114075224,40,2,84,5606.30491983211,-3409,32
1622114075464,1622114075494,30,1,90,4340.3776657902,-3192,32
1622114075654,1622114075664,10,-1,253,24745.1604689611,-1,-1
1622114075784,1622114075854,70,4,496,21203.8646646373,-39240,250
1622114075864,1622114075883,19,0,54,3820.30880909991,-1,71
1622114076103,1622114076123,20,0,59,2217.11794284701,-1,180
1622114076743,1622114076793,50,8,300,17476.8356236836,-14825,22
1622114077143,1622114077253,110,8,122,4409.22154773334,-7553,212
1622114078112,1622114078202,90,13,248,4555.4835994674,-8406,275
1622114078212,1622114078222,10,-1,32,1476.39066148411,-1,-1
1622114078522,1622114078552,30,3,162,8488.34559859696,-7741,10
1622114079012,1622114079052,40,1,591,55548.5710014047,-6,84
1622114079151,1622114079251,100,6,418,8705.81650994936,-37891,269
1622114079571,1622114079591,20,0,41,1199.01584478866,-298,258
1622114079601,1622114079611,10,-1,30,494.333715802426,-1,-1
1622114079871,1622114080141,270,4,615,30895.7186559773,-33260,232
1622114080151,1622114080171,20,0,44,1501.24918153557,-1,248
1622114080341,1622114080381,40,2,94,4200.65148547739,-4856,37
1622114080701,1622114080731,30,2,125,7666.86490853534,-6688,2
1622114081310,1622114081350,40,6,246,14690.693895877,-14817,197
1622114081860,1622114081870,10,-1,64,3734.14601868364,-1,-1
1622114081990,1622114082030,40,4,193,12935.9264601568,-11234,162
1622114082240,1622114082280,40,3,168,11441.7641157085,-10345,335
1622114082419,1622114082459,40,15,681,61931.9272877199,-3285,86
1622114082519,1622114082609,90,14,273,15132.8215016099,-6742,282
1622114082669,1622114082679,10,-1,32,985.656798206913,-1,-1
1622114082849,1622114082879,30,3,152,7962.60891547876,-5704,27
1622114083299,1622114083319,20,1,80,4580.56676656904,-1,78
1622114083429,1622114083519,90,7,151,4108.75795940292,-7499,272
1622114083619,1622114083639,20,1,77,7611.31707511313,-882,271
1622114083669,1622114083679,10,-1,30,1552.17161490194,-1,-1
1622114084048,1622114084098,50,5,160,5689.86075403574,-9357,212
1622114084108,1622114084118,10,-1,31,658.631097008206,-1,-1
1622114084418,1622114084468,50,3,105,5112.85582616872,-1870,33
1622114084618,1622114084688,70,2,40,1702.18063045278,-1032,67
1622114084778,1622114084818,40,1,46,1851.42206471262,-1633,66
1622114084848,1622114084858,10,-1,35,1981.43279395162,-1,-1
1622114084988,1622114085068,80,4,65,3181.25405471256,-1,219
1622114085258,1622114085358,100,5,259,15931.9956747906,-16061,356
1622114085667,1622114085747,80,2,356,1569.614228402,-25582,43
1622114085767,1622114085797,30,2,126,7689.78132112362,-7459,265
1622114085817,1622114085827,10,-1,34,2378.46517214107,-1,-1
1622114085877,1622114085887,10,-1,31,2103.23964799748,-1,-1
1622114086037,1622114086107,70,1,125,8571.28713559391,-9101,11
1622114086267,1622114086297,30,1,107,-1.0,-3625,82
1622114086477,1622114086487,10,-1,350,33500.9677403494,-1,-1
1622114086627,1622114086697,70,4,140,10420.1673138832,-6233,282
1622114086757,1622114086827,70,3,103,4264.77044547719,-3113,261
1622114086837,1622114086867,30,1,66,4269.60628996191,-2856,197
1622114087027,1622114087037,10,-1,30,1284.41315324717,-1,-1
1622114087286,1622114087336,50,4,162,8648.43443085022,-7085,307
1622114087806,1622114087886,80,2,59,4564.46439169917,-2373,32
1622114088316,1622114088506,190,0,463,21378.1520949114,-23750,312
1622114089005,1622114089045,40,4,151,8176.48972185907,-6406,172
1622114089295,1622114089325,30,3,196,-1.0,-9860,6
1622114089725,1622114089755,30,2,289,17309.2063188409,-1,94
1622114089855,1622114089915,60,7,228,-1.0,-5211,267
1622114089935,1622114089955,20,1,66,3319.92931660187,-1,262
1622114090295,1622114090305,10,-1,34,3408.57005860551,-1,-1
1622114090954,1622114090994,40,6,223,13168.1049338216,-12958,168
1622114091424,1622114091454,30,2,132,8579.25461973776,-6031,337
1622114091684,1622114091714,30,2,112,6396.24619198257,-5416,181
1622114091944,1622114091984,40,5,211,11435.2556082912,-10543,334
1622114092783,1622114092953,170,2,857,81890.6453839127,-63581,279
1622114093143,1622114093203,60,3,76,4568.12541547017,-152,154
1622114093253,1622114093273,20,0,46,1944.1552981862,-1,327
1622114093443,1622114093672,229,5,542,26304.9125702319,-27494,7
1622114093443,1622114093672,229,5,542,26304.9125702319,-27494,7
1622114093702,1622114093722,20,0,35,3085.30795565575,-2,125
1622114093792,1622114093822,30,1,83,5076.7697766413,-5136,49
1622114093842,1622114093892,50,2,85,2801.17445215586,-5059,304
1622114094032,1622114094042,10,-1,34,1357.1241641137,-1,-1
1622114094092,1622114094112,20,1,76,6707.88647163718,-244,88
1622114094172,1622114094212,40,8,259,11985.6023432989,-8152,88
1622114094362,1622114094382,20,2,112,2615.02018298392,-1,261
1622114094402,1622114094472,70,11,260,16774.8471508567,-11351,265
1622114094492,1622114094522,30,1,73,2766.99611366828,-1,275
1622114094632,1622114094652,20,0,33,1578.3785229616,-310,270
1622114094692,1622114094702,10,-1,31,2412.92189668039,-1,-1
1622114094872,1622114094952,80,3,54,2316.18234521776,-2312,214
1622114094962,1622114094972,10,-1,41,1419.64724972295,-1,-1
1622114094992,1622114095002,10,-1,30,2267.04959547931,-1,-1
1622114095032,1622114095042,10,-1,48,2810.37281218657,-1,-1
1622114095262,1622114095292,30,1,53,4374.12407422953,-223,81
1622114095302,1622114095331,29,1,113,6385.11421452905,-1,136
1622114095551,1622114095581,30,0,35,793.065682260983,-323,282
1622114095731,1622114095821,90,3,76,4094.35660921801,-2266,329
1622114096231,1622114096271,40,2,97,5257.50204324227,-5439,127
1622114096341,1622114096361,20,1,61,6188.254155158,-42,258
1622114096541,1622114096591,50,3,185,7539.37737677579,-7342,313
1622114096721,1622114096731,10,-1,283,26500.0396274176,-1,-1
1622114096861,1622114096950,89,17,313,14951.4944593315,-19644,262
1622114097270,1622114097300,30,2,118,7490.71161380596,-6162,141
1622114097460,1622114097470,10,-1,30,1045.10570387339,-1,-1
1622114097490,1622114097660,170,24,519,27184.2154616941,-24437,284
1622114097670,1622114097680,10,-1,32,1944.52056268382,-1,-1
1622114097690,1622114097800,110,22,613,24572.9172440869,-44716,101
1622114097820,1622114097850,30,1,52,2172.53745276972,-1806,230
1622114098210,1622114098250,40,1,35,1502.10365917022,-146,249
1622114098490,1622114098540,50,4,146,8158.83617533239,-2715,2
1622114098549,1622114098559,9,-1,32,2311.04846873912,-1,-1
1622114098629,1622114098639,10,-1,31,1907.610634297,-1,-1
1622114098739,1622114098779,40,16,576,33503.5596278863,-34806,71
1622114098819,1622114098939,120,13,208,9212.04999879863,-12335,244
1622114099069,1622114099099,30,2,103,7270.17084392838,-2039,78
1622114099139,1622114099149,10,-1,237,21028.5539884846,-1,-1
1622114099259,1622114099389,130,14,393,16037.7552304697,-18477,255
1622114099409,1622114099429,20,1,77,3605.40609566832,-1,125
1622114099449,1622114099509,60,4,114,2683.53749825545,-1,181
1622114099519,1622114099529,10,-1,55,4429.0763813411,-1,-1
1622114099539,1622114099609,70,7,294,14677.7018829067,-14374,36
1622114099619,1622114099839,220,10,107,6195.28161094184,-4210,188
1622114099859,1622114099889,30,0,36,1780.9605709003,-283,208
1622114099919,1622114099949,30,1,51,2024.85302987255,-1158,215
1622114100019,1622114100029,10,-1,34,1485.55343847724,-1,-1
1622114100168,1622114100208,40,1,179,15053.1304937076,-12095,169
1622114100248,1622114100258,10,-1,42,2305.9603054522,-1,-1
1622114100288,1622114100348,60,2,70,3259.15593522858,-2014,250
1622114100378,1622114100388,10,-1,40,1027.7833547958,-1,-1
1622114100398,1622114100488,90,4,86,4388.82205321959,-2869,249
1622114100508,1622114100598,90,4,63,1723.34065229078,-2339,243
1622114100608,1622114100638,30,1,57,1729.50740608466,-2613,247
1622114100668,1622114100698,30,0,34,1046.44185370022,-319,237
1622114100798,1622114100828,30,1,58,2658.91617798564,-1930,85
1622114100848,1622114101058,210,13,108,4387.17968401685,-4534,65
1622114101068,1622114101168,100,4,100,4409.71369424863,-4872,51
1622114101208,1622114101228,20,1,88,5968.13391161855,-1,80
1622114101268,1622114101278,10,-1,54,3274.95711563753,-1,-1
1622114101298,1622114101538,240,15,107,6327.32292016774,-4547,237
1622114101558,1622114101618,60,1,117,6493.05383318392,-7048,228
1622114101708,1622114101728,20,2,111,9416.01235497115,-390,45
1622114101787,1622114101807,20,1,101,7542.61717923338,-1,43
1622114102127,1622114102147,20,0,46,2921.95972971884,-1,33
1622114102237,1622114102417,180,12,342,11753.3803023265,-11964,322
1622114102427,1622114102567,140,6,81,3133.4819641388,-2878,1
1622114102587,1622114102687,100,3,65,1901.82255620012,-2183,4
1622114102707,1622114102727,20,1,59,4344.88183190721,-527,80
1622114102767,1622114102787,20,0,43,3067.73872003864,-263,40
1622114102817,1622114102837,20,0,47,1958.20808185134,-1590,18
1622114103227,1622114103237,10,-1,53,-1.0,-1,-1
1622114103386,1622114103416,29,2,103,8181.18256066833,-3584,320
1622114103556,1622114103686,130,7,75,2331.75126675814,-3066,89
1622114103716,1622114103736,20,0,44,943.672939423278,-1,49
1622114103766,1622114103796,30,0,45,3392.97463996016,-1049,321
1622114103806,1622114103866,60,7,232,6756.58024571972,-259,351
1622114104676,1622114104836,160,11,511,22639.292594916,-34252,118
1622114104856,1622114104876,20,1,265,18271.8068528221,-1,225
1622114105025,1622114105255,230,11,122,5866.74695768718,-2236,272
1622114105275,1622114105305,30,2,118,7165.70038999761,-4443,273
1622114105315,1622114105375,60,2,76,4014.68454244447,-1994,270
1622114105425,1622114105435,10,-1,30,548.593840769462,-1,-1
1622114105445,1622114105465,20,1,85,7133.86876738627,-2316,106
1622114105615,1622114105645,30,0,60,3565.75120850203,-1716,263
1622114105745,1622114105755,10,-1,31,1918.68640405066,-1,-1
1622114105895,1622114105945,50,2,80,2731.1729495103,-3046,96
1622114106035,1622114106055,20,0,33,11.9050942141214,-1,250
1622114106105,1622114106195,90,5,163,8089.26847824285,-7262,262
1622114106575,1622114106615,40,1,74,4835.80676369822,-2666,312
1622114106874,1622114106914,40,4,150,6673.87671918365,-8232,88
1622114107134,1622114107154,20,1,302,22074.5291830581,-1,81
1622114107254,1622114107314,60,7,279,5609.30914129611,-13684,260
1622114107644,1622114107654,10,-1,497,48394.7358981158,-1,-1
1622114107744,1622114107874,130,13,340,16191.8444097657,-12647,264
1622114107894,1622114107954,60,0,68,3162.20781941754,-714,99
1622114108004,1622114108074,70,5,101,6816.4226318493,-2226,251
1622114108084,1622114108094,10,-1,41,3159.77135181893,-1,-1
1622114108184,1622114108204,20,0,66,3814.95999494317,-2463,90
1622114108223,1622114108253,30,1,52,2004.1144246871,-1939,76
1622114108983,1622114108993,10,-1,44,2174.58339790439,-1,-1
1622114109103,1622114109133,30,1,79,5940.55388595625,-4524,144
1622114109403,1622114109583,180,1,243,9978.50536489178,-8300,233
1622114109882,1622114109922,40,2,92,4647.50876354936,-4338,307
1622114110382,1622114110402,20,1,333,23818.2759046659,-1,69
1622114110532,1622114110622,90,1,246,9984.24075101578,-16053,174
1622114110632,1622114110652,20,0,63,4776.75137324813,-2415,11
1622114110662,1622114110672,10,-1,50,4492.96903784119,-1,-1
1622114110682,1622114110692,10,-1,38,1675.44573489625,-1,-1
1622114110792,1622114110822,30,0,47,3089.49655506503,-598,139
1622114111152,1622114111272,120,3,100,3838.03054945689,-5313,307
1622114111412,1622114111432,20,3,566,39260.116710519,-1,87
1622114111531,1622114111661,130,16,244,6196.45482866227,-6168,272
1622114111781,1622114111871,90,12,463,22418.1626892479,-4646,79
1622114113800,1622114113820,20,1,50,4018.92450688614,-1,74
1622114113860,1622114113870,10,-1,63,3897.31567831559,-1,-1
1622114113980,1622114114030,50,10,401,3934.09510699912,-17830,273
1622114114070,1622114114120,50,2,74,6209.12538116964,-4103,158
1622114114150,1622114114170,20,0,56,2237.04112196415,-1,239
1622114114839,1622114114859,20,1,227,15752.1838090938,-1,73
1622114114949,1622114115099,150,19,258,5208.59405956629,-16747,257
1622114115179,1622114115189,10,-1,39,1472.72114049135,-1,-1
1622114115649,1622114115689,40,1,67,3989.80706810596,-3720,70
1622114115899,1622114116069,170,2,464,35094.3245977928,-24928,285
1622114116378,1622114116388,10,-1,33,1382.83637402337,-1,-1
1622114116398,1622114116618,220,5,846,49975.8902323832,-50370,309
1622114116808,1622114116888,80,22,677,37047.1580768123,-21183,87
1622114117128,1622114117428,300,26,1667,77729.7404926964,-22142,293
1622114117588,1622114117658,70,2,246,18161.8956568163,-11069,123
1622114117668,1622114117768,100,5,247,18450.0070089927,-11881,249
1622114117778,1622114117828,50,2,60,2394.99858633189,-1352,121
1622114117838,1622114118187,349,10,1045,51290.9220435545,-72182,220
1622114118197,1622114118207,10,-1,41,1960.88431476958,-1,-1
1622114118627,1622114118637,10,-1,38,1682.31386942094,-1,-1
1622114118797,1622114118837,40,3,140,7893.71209959365,-5125,29
1622114119337,1622114119497,160,10,757,37187.7192721267,-39008,88
1622114119517,1622114119576,59,5,207,13471.2470763248,-10713,263
1622114119606,1622114119626,20,0,51,1907.15504935718,-1,289
1622114119776,1622114119816,40,4,194,10015.8104946057,-11266,158
1622114120056,1622114120086,30,3,173,10240.6605065016,-7891,2
1622114120306,1622114120356,50,6,260,13524.7329003218,-12900,257
1622114120546,1622114120616,70,6,252,10869.988551177,-12228,41
1622114120766,1622114120776,10,-1,51,2253.7322723003,-1,-1
1622114120926,1622114121016,90,8,211,8273.4232636307,-11770,268
1622114121116,1622114121156,40,0,147,12981.2137504152,-11174,219
1622114121625,1622114121645,20,1,319,23852.7080159511,-1,90
1622114121755,1622114121815,60,8,269,666.630086816701,-7589,260
1622114121845,1622114121855,10,-1,37,1324.07618520983,-1,-1
1622114121865,1622114121885,20,0,51,2392.23039570499,-1679,245
1622114122055,1622114122145,90,2,252,8602.56764368081,-21661,35
1622114122295,1622114122345,50,10,605,51093.4288651048,-20158,83
1622114122605,1622114122635,30,7,344,9992.33213406523,-20227,280
1622114122675,1622114122745,70,3,88,6777.68844628559,-3990,232
1622114122864,1622114122894,30,2,124,6899.9590504366,-4916,310
1622114122944,1622114122954,10,-1,35,1659.78384252084,-1,-1
1622114123014,1622114123024,10,-1,30,1425.544593962,-1,-1
1622114123244,1622114123254,10,-1,31,-1.0,-1,-1
1622114123994,1622114124034,40,3,113,6816.89587547136,-6959,269
1622114124074,1622114124094,20,1,56,1788.1186535429,-1,267
1622114124733,1622114124763,30,1,93,4571.28892378581,-4812,34
1622114124943,1622114125193,250,3,2061,157430.417023293,-96771,133
1622114125253,1622114125343,90,2,61,2888.24957424097,-2248,276
1622114125463,1622114125553,90,14,351,22229.2727149839,-8649,123
1622114125563,1622114125573,10,-1,40,2260.5844793415,-1,-1
1622114125653,1622114125923,270,14,777,38420.2335324922,-39577,304
1622114126162,1622114126202,40,7,487,17506.260516985,-1,98
1622114126322,1622114126412,90,21,327,9230.57882748062,-11986,267
1622114126422,1622114126442,20,0,55,2773.1123782665,-2433,194
1622114126492,1622114126502,10,-1,40,1500.55281388667,-1,-1
1622114126582,1622114126602,20,0,32,2292.93808715852,-1,293
1622114126642,1622114126662,20,0,43,2799.53371265207,-1099,49
1622114126732,1622114126752,20,0,55,2936.86645014703,-1267,118
1622114126852,1622114126892,40,16,567,29633.5317037974,-9104,89
1622114127502,1622114127601,99,20,361,6399.56423847031,-11214,263
1622114127651,1622114127711,60,3,226,11944.0552190384,-15578,158
1622114128091,1622114128101,10,-1,31,2581.5555221446,-1,-1
1622114128261,1622114128341,80,15,418,23713.071803147,-18382,270
1622114128651,1622114128681,30,2,127,8365.68035732399,-7776,60
1622114128991,1622114129041,50,15,476,30961.7523473196,-12547,92
1622114129051,1622114129161,110,17,471,21145.6118028173,-21405,261
1622114129310,1622114129320,10,-1,52,2410.02640687148,-1,-1
1622114129380,1622114129390,10,-1,32,941.101615095134,-1,-1
1622114129400,1622114129410,10,-1,30,230.744027738147,-1,-1
1622114129430,1622114129440,10,-1,31,1282.40563161189,-1,-1
1622114129450,1622114129470,20,0,36,479.04691194235,-1,82
1622114129510,1622114129530,20,0,33,1708.06833804788,-2,96
1622114129540,1622114129580,40,4,153,10286.9282364534,-8024,201
1622114129590,1622114129600,10,-1,48,3001.33212021985,-1,-1
1622114130050,1622114130130,80,13,201,7429.40181612151,-428,72
1622114130220,1622114130320,100,8,252,8056.83852546683,-15487,274
1622114130470,1622114130490,20,0,52,3032.7238117094,-1350,257
1622114130610,1622114130620,10,-1,34,1987.0774416644,-1,-1
1622114130949,1622114130969,20,0,39,3062.89596099213,-145,74
1622114130989,1622114131019,30,1,74,4247.95299442582,-3224,63
1622114131149,1622114131169,20,0,59,2752.52471606622,-1,90
1622114131409,1622114131419,10,-1,52,-1.0,-1,-1
1622114131439,1622114131519,80,8,218,11617.3475594517,-9436,278
1622114131699,1622114131709,10,-1,31,1442.11724949364,-1,-1
1622114131739,1622114131769,30,2,93,5569.47213831525,-3081,69
1622114131779,1622114131839,60,0,78,3949.59673212623,-848,235
1622114132019,1622114132049,30,2,126,6575.44853390493,-6468,293
1622114132528,1622114132558,30,0,116,8886.98548952588,-7983,31
1622114132568,1622114132608,40,0,147,12233.5974444384,-7699,104
1622114132638,1622114132728,90,2,164,10412.5965660079,-6295,88
1622114132788,1622114132858,70,5,123,8583.96560921099,-6313,275
1622114132948,1622114132968,20,1,53,5138.71876391822,-1121,272
1622114132988,1622114133008,20,1,79,5088.62663967926,-1,103
1622114133038,1622114133048,10,-1,295,27754.9699852789,-1,-1
1622114133228,1622114133278,50,5,142,164.696687896164,-5532,257
1622114133338,1622114133438,100,9,149,9138.89871397499,-5781,255
1622114133468,1622114133518,50,5,187,10381.5814731256,-5996,314
1622114133788,1622114133828,40,4,165,9224.62061750175,-9485,125
1622114134087,1622114134097,10,-1,43,1901.09821832448,-1,-1
1622114134227,1622114134247,20,0,68,4004.49338968877,-2424,120
1622114134297,1622114134317,20,0,47,2329.42174310834,-10,117
1622114134477,1622114134717,240,3,382,19742.4338921546,-16747,246
1622114135087,1622114135107,20,0,33,402.796767758901,-300,81
1622114135337,1622114135477,140,10,191,7498.71923076013,-6857,262
1622114135577,1622114135597,20,0,136,-1.0,-7584,270
1622114135846,1622114135896,50,1,587,53601.0293292817,-1,91
1622114135996,1622114136066,70,13,323,2992.80880815317,-11831,262
1622114136106,1622114136126,20,1,70,5078.33058028591,-1,282
1622114136136,1622114136156,20,0,40,3278.13446056311,-7,90
1622114136176,1622114136206,30,3,165,9232.26406875199,-5906,140
1622114136416,1622114136426,10,-1,31,1259.0781105255,-1,-1
1622114136526,1622114136546,20,0,39,1791.38972174681,-134,253
1622114136596,1622114136606,10,-1,38,975.65081573055,-1,-1
1622114136776,1622114136786,10,-1,49,3087.18713141256,-1,-1
1622114136796,1622114136816,20,0,62,5330.00626772272,-1936,12
1622114136826,1622114136876,50,11,443,32744.3013222525,-30792,253
1622114136946,1622114136966,20,0,62,3509.0713741657,-814,59
1622114137076,1622114137126,50,12,456,28072.3961471623,-18769,77
1622114137385,1622114137415,30,3,150,7674.43077287372,-6904,36
1622114137625,1622114137635,10,-1,31,1235.89788335923,-1,-1
1622114137645,1622114137825,180,0,449,30160.2875458619,-32409,110
1622114137835,1622114137885,50,4,152,6420.67271776537,-4729,249
1622114137895,1622114137925,30,1,59,4160.70748513593,-2178,14
1622114137935,1622114137965,30,1,70,3461.66142801556,-3158,214
1622114138785,1622114138795,10,-1,30,429.064135208416,-1,-1
1622114138825,1622114139044,219,4,416,23977.2251448359,-19342,112
1622114139054,1622114139074,20,1,59,2554.38825886359,-1,275
1622114139084,1622114139114,30,1,84,5223.09626173511,-5040,294
1622114139194,1622114139244,50,12,305,11609.8221751142,-7958,93
1622114139804,1622114139834,30,3,300,-1.0,-14722,265
1622114140094,1622114140114,20,1,52,4404.9020204152,-1159,81
1622114140164,1622114140174,10,-1,43,1467.02290090105,-1,-1
1622114140204,1622114140214,10,-1,30,1401.304082957,-1,-1
1622114140284,1622114140304,20,1,65,4656.56420615311,-963,325
1622114140344,1622114140404,60,0,73,4839.62894764797,-2976,325
1622114140474,1622114140534,60,6,259,15367.218715875,-9304,75
1622114140573,1622114140753,180,1,164,9740.18478695437,-9401,51
1622114140763,1622114140773,10,-1,68,5240.06067807961,-1,-1
1622114140783,1622114140893,110,2,163,11146.7339804616,-7148,282
1622114140903,1622114141063,160,13,243,11349.8374524804,-9935,261
1622114141073,1622114141133,60,2,49,1839.87381907645,-789,265
1622114141153,1622114141163,10,-1,44,1970.37781975789,-1,-1
1622114141193,1622114141203,10,-1,30,1045.61041671708,-1,-1
1622114141223,1622114141243,20,0,57,3077.88459009393,-2311,180
1622114141283,1622114141443,160,20,383,26017.2320396791,-14950,78
1622114141903,1622114142123,220,27,454,22425.1565908081,-26962,307
1622114142152,1622114142192,39,5,214,8589.49477084349,-6122,248
1622114142212,1622114142222,10,-1,30,300.919241298206,-1,-1
1622114142232,1622114142272,40,1,35,1052.38702860563,-3,278
1622114142282,1622114142292,10,-1,33,2273.50895697489,-1,-1
1622114142322,1622114142452,130,4,71,4106.70026735586,-2254,196
1622114142682,1622114142742,60,18,710,56255.3849582417,-24112,122
1622114142752,1622114142762,10,-1,59,5024.74558858061,-1,-1
1622114142772,1622114142832,60,1,154,10232.1766797106,-6555,352
1622114142902,1622114142932,30,1,50,1545.80954335738,-1,295
1622114142952,1622114142972,20,0,57,3220.24872062123,-1,294
1622114142982,1622114142992,10,-1,48,3792.71739543302,-1,-1
1622114143062,1622114143102,40,1,53,1260.09189560314,-793,79
1622114143242,1622114143312,70,5,239,14736.4450707773,-4248,275
1622114143512,1622114143682,170,15,739,42770.1575375791,-41944,314
1622114143692,1622114143961,269,42,525,29541.6438804291,-20551,124
1622114144061,1622114144181,120,21,1982,178778.792327001,-69460,255
1622114144271,1622114144471,200,17,609,32656.7707370363,-48592,334
1622114144481,1622114144541,60,3,220,12913.10968123,-6125,74
1622114144551,1622114144681,130,27,1010,41906.1565099948,-45511,286
1622114145121,1622114145241,120,14,1430,97547.5602748841,-102544,12
1622114145251,1622114145470,219,28,473,18415.2979330427,-26741,229
1622114145480,1622114145540,60,0,94,5747.99627219213,-2917,118
1622114145550,1622114145560,10,-1,33,1523.140546943,-1,-1
1622114145620,1622114145850,230,32,1084,77015.3108408675,-64919,55
1622114145860,1622114146310,450,23,398,15375.4409950843,-15498,195
1622114146460,1622114146550,90,19,425,21537.2280583775,-10313,256
1622114146570,1622114146600,30,1,63,2987.65851702522,-1,115
1622114146650,1622114147129,479,17,699,56139.1496684406,-30990,2
1622114147139,1622114147159,20,3,192,8947.39811712592,-1,263
1622114147169,1622114147199,30,0,45,1512.9715155683,-837,126
1622114147249,1622114147399,150,10,215,7261.17319219941,-8808,34
1622114147409,1622114147419,10,-1,31,253.735952574186,-1,-1
1622114147439,1622114147459,20,0,42,1416.06493331649,-553,95
1622114147479,1622114147659,180,11,250,15200.607316659,-16762,253
1622114147679,1622114147899,220,5,216,17407.3563568639,-13251,251
1622114147679,1622114147899,220,5,216,17407.3563568639,-13251,251
1622114147989,1622114147999,10,-1,31,1340.65573614554,-1,-1
1622114148019,1622114148039,20,1,53,3796.87025219636,-2277,281
1622114148069,1622114148149,80,3,127,4012.21903233567,-8328,296
1622114148069,1622114148149,80,3,127,4012.21903233567,-8328,296
1622114148419,1622114148728,309,30,1661,129819.988762073,-85348,252
1622114148738,1622114148818,80,1,393,34073.8605436624,-34948,133
1622114148848,1622114148968,120,2,286,8254.04772095096,-22645,334
1622114148988,1622114149008,20,0,58,3254.32891798785,-1780,71
1622114149048,1622114149078,30,8,403,19981.2333320415,-20032,179
1622114149088,1622114149288,200,32,1473,127624.546849041,-124581,93
1622114149358,1622114149408,50,3,224,12301.4150664638,-15804,32
1622114149418,1622114149548,130,25,811,53357.658795005,-37115,280
1622114149588,1622114149618,30,3,147,8387.24054139923,-1,100
1622114149628,1622114149638,10,-1,64,5153.10801853388,-1,-1
1622114149648,1622114149838,190,10,405,18196.4516890415,-16207,150
1622114149998,1622114150267,269,19,1087,42373.9367380953,-59684,337
1622114150317,1622114150387,70,2,200,9354.38839634627,-12493,75
1622114150527,1622114150687,160,11,153,3706.59516391202,-5489,110
1622114150737,1622114150927,190,21,1120,66589.6394400432,-47488,267
1622114150937,1622114150957,20,6,569,56143.7027652379,-29934,295
1622114151057,1622114151207,150,9,515,37778.6822126064,-36804,272
1622114151267,1622114151297,30,3,141,9262.73728398909,-8768,178
1622114151367,1622114151377,10,-1,46,2293.76135475599,-1,-1
1622114151417,1622114151467,50,2,59,1932.05300166864,-2365,291
1622114151487,1622114151507,20,0,33,2916.53507598249,-1,330
1622114151517,1622114151597,80,2,173,8978.84600321454,-11429,237
1622114152006,1622114152026,20,0,34,1328.8539428819,-1,293
1622114152046,1622114152056,10,-1,34,1670.48195330663,-1,-1
1622114152066,1622114152086,20,0,56,3924.33328719523,-1865,278
1622114152146,1622114152176,30,2,301,19352.1740732757,-1,187
1622114152276,1622114152516,240,9,299,20758.6645177859,-15835,283
1622114152526,1622114152546,20,0,65,4130.87172575317,-420,310
1622114152616,1622114152626,10,-1,32,928.764258069847,-1,-1
1622114152666,1622114152676,10,-1,44,1938.79281386013,-1,-1
1622114152686,1622114152726,40,2,78,4503.50633778628,-4232,275
1622114152746,1622114152806,60,2,55,1605.87734909125,-3,246
1622114152966,1622114152976,10,-1,30,1051.57561188015,-1,-1
1622114152996,1622114153006,10,-1,35,1655.51611917302,-1,-1
1622114153016,1622114153056,40,6,242,16697.6770197552,-11053,324
1622114153266,1622114153276,10,-1,41,1615.2193155189,-1,-1
1622114153296,1622114153326,30,0,74,5165.81929137433,-3738,74
1622114153336,1622114153455,119,15,1127,41873.0423509453,-93006,127
1622114153525,1622114153535,10,-1,35,1490.00602309751,-1,-1
1622114153565,1622114153805,240,13,313,14387.4680902928,-16074,276
1622114153815,1622114153825,10,-1,39,1825.49097491037,-1,-1
1622114153835,1622114153845,10,-1,45,2135.96870124077,-1,-1
1622114153855,1622114153875,20,1,109,8526.10501151392,-4768,318
1622114153915,1622114153935,20,1,94,7198.91386495462,-1,280
1622114153945,1622114153985,40,1,44,1798.56530096132,-1199,271
1622114153995,1622114154055,60,3,82,4357.06188434907,-438,157
1622114154085,1622114154115,30,1,98,3787.24597958912,-5172,119
1622114154135,1622114154155,20,4,640,41769.2751872582,-1,334
1622114154375,1622114154515,140,14,695,23459.6836331106,-43849,236
1622114154525,1622114154565,40,2,98,5370.50382039623,-3481,181
1622114154585,1622114154605,20,0,39,3242.53616580308,-1,69
1622114154615,1622114154625,10,-1,32,1658.56259771958,-1,-1
1622114154635,1622114154825,190,15,592,38115.7503808925,-41270,135
1622114154835,1622114155644,809,6,1531,115351.701687224,-121483,119
1622114155654,1622114155784,130,18,586,19228.6844977604,-23625,231
1622114156074,1622114156244,170,6,1041,64156.1727728204,-29656,23
1622114156424,1622114156843,419,32,641,23113.517252766,-27834,228
1622114156893,1622114157003,110,1,133,9480.48658329912,-4461,80
1622114157013,1622114157073,60,2,360,17940.0050534391,-16633,121
1622114157083,1622114157163,80,3,73,4369.3158152804,-3101,102
1622114157173,1622114157213,40,2,88,2859.21689595612,-5034,55
1622114157283,1622114157483,200,3,982,60372.658197844,-93009,223
1622114157503,1622114157553,50,3,237,11594.2533561951,-1,269
1622114157653,1622114157723,70,7,155,8903.42453119483,-5705,269
1622114157823,1622114157843,20,1,137,8318.43490017933,-1,45
1622114157943,1622114157953,10,-1,90,-1.0,-1,-1
1622114158003,1622114158053,50,2,68,2917.2883900993,-639,53
1622114158063,1622114158083,20,0,38,1648.9465456556,-25,295
1622114158093,1622114158273,180,1,368,23995.5404745497,-32861,223
1622114158332,1622114158412,80,2,302,13776.2818722502,-3471,130
1622114158422,1622114158442,20,0,63,5396.29832874956,-2802,143
1622114158482,1622114158782,300,11,931,66671.9055568964,-87425,122
1622114158812,1622114158822,10,-1,36,1487.77977134229,-1,-1
1622114158842,1622114159102,260,3,770,58917.229243416,-48073,42
1622114159122,1622114159262,140,6,101,5769.93953839456,-3303,52
1622114159302,1622114159442,140,9,586,39405.7153651048,-42606,272
1622114159592,1622114159632,40,8,709,-1.0,-32931,55
1622114159642,1622114159802,160,23,676,47588.8638491551,-49114,273
1622114159892,1622114159931,39,3,475,37940.8606420174,-11180,115
1622114160021,1622114160051,30,4,216,-1.0,-311,5
1622114160511,1622114160631,120,18,528,33543.3165501375,-12842,1
1622114160771,1622114160861,90,27,957,7042.73317942658,-43162,295
1622114160871,1622114160881,10,-1,77,5138.54941631869,-1,-1
1622114160891,1622114160901,10,-1,36,737.812339462762,-1,-1
1622114160961,1622114161171,210,19,653,37581.7108834296,-32131,183
1622114161261,1622114161341,80,5,279,23221.307517468,-15924,229
1622114161411,1622114161511,100,4,45,1584.46995898966,-999,354
1622114161521,1622114161670,149,15,597,52897.0351884329,-20960,65
1622114161760,1622114162220,460,32,1225,114939.187338246,-115173,342
1622114162230,1622114162320,90,4,160,8546.35925324295,-7826,159
1622114162330,1622114162380,50,4,153,7813.92693318632,-7438,200
1622114162400,1622114162470,70,4,118,3600.67321547017,-6771,245
1622114162520,1622114162600,80,6,147,6448.69856128165,-6526,7
1622114162650,1622114162690,40,2,677,57399.2015153135,-42437,188
1622114162740,1622114162770,30,1,50,1623.63067983927,-1306,194
1622114162780,1622114162790,10,-1,41,2920.07827101495,-1,-1
1622114162800,1622114163120,320,6,364,29789.9689768918,-29073,236
1622114163179,1622114163199,20,0,41,1930.65868585638,-887,296
1622114163309,1622114163359,50,0,375,15483.3211113234,-9144,218
1622114163369,1622114163419,50,2,99,7779.31602364311,-3176,203
1622114163429,1622114163459,30,1,59,1844.57110714145,-2424,92
1622114163469,1622114163609,140,5,380,34937.4386727481,-17235,91
1622114163709,1622114163739,30,0,38,1691.14735268158,-714,14
1622114163749,1622114163769,20,0,43,1390.77971409918,-518,57
1622114164039,1622114164049,10,-1,36,2897.74667268295,-1,-1
1622114164149,1622114164179,30,1,92,5310.50710664109,-5556,309
1622114164299,1622114164339,40,1,61,2445.83453612358,-2445,308
1622114164349,1622114164449,100,2,373,20117.1077460155,-27233,320
1622114164459,1622114164469,10,-1,36,1387.68513247255,-1,-1
1622114164489,1622114164499,10,-1,41,3126.42063199594,-1,-1
1622114164519,1622114164539,20,0,75,4225.77671527074,-1,71
1622114164579,1622114164619,40,1,93,7916.55713650098,-5383,52
1622114164739,1622114164749,10,-1,50,2468.81879437393,-1,-1
1622114164759,1622114164788,29,1,74,4484.50940880573,-3254,271
1622114164878,1622114164888,10,-1,34,759.844658805457,-1,-1
1622114164908,1622114164948,40,1,31,920.7470421352,-1,72
1622114164968,1622114165018,50,0,608,57824.9440235989,-55352,0
1622114165028,1622114165038,10,-1,33,1647.09253763347,-1,-1
1622114165158,1622114165288,130,8,258,10900.1881676212,-10678,20
1622114165298,1622114165338,40,2,77,4194.65419977256,-3045,325
1622114165398,1622114165438,40,8,346,17404.7952070935,-16280,234
1622114165558,1622114165648,90,9,206,11111.3791456598,-7432,100
1622114166637,1622114166717,80,12,510,12728.4545221237,-32164,247
1622114166777,1622114166807,30,4,219,12462.8626181302,-6646,156
1622114166917,1622114166937,20,0,34,1452.65706808624,-1,82
1622114167117,1622114167137,20,0,63,2810.42801640588,-1,45
1622114167147,1622114167167,20,1,70,4459.23048026726,-2225,61
1622114167217,1622114167257,40,0,51,2894.77140626667,-1702,258
1622114167277,1622114167357,80,1,57,2850.02346491981,-687,90
1622114167517,1622114167547,30,1,54,2442.07275810945,-853,349
1622114167557,1622114167577,20,0,61,4152.83875615263,-2731,175
1622114167637,1622114167657,20,0,39,2602.58006563805,-1,262
1622114167727,1622114167837,110,4,389,21746.0402500801,-4701,85
1622114167966,1622114168256,289,6,866,27283.0991519628,-51548,338
1622114168276,1622114168286,10,-1,36,2363.50038398832,-1,-1
1622114168336,1622114168396,60,1,112,7776.37646350274,-5154,285
1622114168446,1622114168466,20,0,45,3074.40359008023,-1526,114
1622114168566,1622114168836,270,14,608,32656.7211596316,-18175,41
1622114168846,1622114168866,20,0,60,3425.10510862548,-1870,171
1622114168926,1622114168936,10,-1,37,1540.17022712588,-1,-1
1622114168996,1622114169036,40,1,50,2361.30999213445,-790,326
1622114169176,1622114169196,20,0,32,1560.77998286729,-1,249
1622114169246,1622114169306,60,2,66,4580.80634652632,-2216,225
1622114169406,1622114169506,100,10,220,10623.2944618819,-16037,99
1622114169865,1622114170075,210,8,298,13054.9631681505,-10735,31
1622114170115,1622114170235,120,11,166,9432.98575437373,-6450,273
1622114170285,1622114170315,30,5,704,44800.5406645775,-1,94
1622114170415,1622114170585,170,10,222,15863.4257967983,-5564,250
1622114170715,1622114170745,30,3,170,330.049190003174,-1,253
1622114170755,1622114170825,70,7,259,18411.9841527136,-11503,281
1622114171314,1622114171404,90,32,744,36259.7023347251,-15987,248
1622114171414,1622114171434,20,7,623,61846.6801412336,-26480,345
1622114171444,1622114171464,20,1,100,7852.8983276791,-3300,60
1622114171474,1622114171834,360,13,581,41971.5505124867,-30086,87
1622114171844,1622114171854,10,-1,44,4151.80291379896,-1,-1
1622114171864,1622114171914,50,4,168,9241.16932194209,-8923,154
1622114171964,1622114171984,20,1,60,5528.94963798784,-437,131
1622114172104,1622114172134,30,1,84,7409.9025097792,-2924,33
1622114172144,1622114172214,70,3,181,11885.016300709,-12973,347
1622114172334,1622114172404,70,4,111,6548.87010498034,-4138,359
1622114172464,1622114172494,30,1,69,3535.09609488009,-2364,87
1622114172544,1622114172554,10,-1,31,837.953346755366,-1,-1
1622114172614,1622114172624,10,-1,33,1153.87113592303,-1,-1
1622114172824,1622114172913,89,4,81,3458.5269760411,-3851,115
1622114172953,1622114172993,40,10,385,19282.613405035,-17569,286
1622114173003,1622114173013,10,-1,32,1706.22390519529,-1,-1
1622114173033,1622114173063,30,2,119,6170.34446487714,-3959,111
1622114173113,1622114173133,20,0,43,1601.04372919087,-1,108
1622114173333,1622114173463,130,3,248,14053.232805563,-14156,241
1622114173573,1622114173583,10,-1,39,2575.07145235341,-1,-1
1622114173593,1622114173633,40,1,88,4578.89260146832,-5634,291
1622114173673,1622114173733,60,0,159,7867.63930550053,-3644,127
1622114173773,1622114173853,80,3,149,6446.16030888435,-5091,139
1622114173953,1622114173983,30,1,65,3134.94599017905,-1709,182
1622114174043,1622114174063,20,0,55,4388.55400488596,-237,296
1622114174123,1622114174253,130,20,674,25789.0026748192,-38097,159
1622114174273,1622114174333,60,2,79,2652.98120592509,-1860,321
1622114174363,1622114174423,60,3,126,6150.86976524034,-5366,8
1622114174582,1622114174612,30,2,141,7182.77644600754,-6919,26
1622114174632,1622114174652,20,0,44,2074.85976023243,-1,302
1622114174982,1622114175002,20,0,32,1802.99665425124,-1,240
1622114175162,1622114175222,60,2,95,7395.82837694095,-5198,212
1622114175242,1622114175262,20,0,48,2330.88485972654,-1,135
1622114175272,1622114175292,20,0,46,4076.79764332632,-1276,285
1622114175342,1622114175612,270,19,814,40965.4701722252,-44643,119
1622114175672,1622114175692,20,0,51,2535.02164584928,-1,256
1622114175792,1622114175802,10,-1,31,1160.91235091565,-1,-1
1622114175882,1622114175962,80,13,381,22934.9135251155,-17871,280
1622114176041,1622114176071,29,0,39,701.923930952928,-1,113
1622114176091,1622114176111,20,0,69,4441.62815178459,-2466,93
1622114176151,1622114176161,10,-1,34,1275.87298704493,-1,-1
1622114176251,1622114176261,10,-1,31,1729.41544548202,-1,-1
1622114176321,1622114176391,70,0,587,25969.1977808889,-209,142
1622114176561,1622114176661,100,8,495,36246.7377442074,-32996,268
1622114176671,1622114176691,20,0,78,6461.81413321086,-3454,270
1622114177001,1622114177061,60,13,479,25628.4934449863,-19341,284
1622114177071,1622114177081,10,-1,36,1264.07109556163,-1,-1
1622114177491,1622114177521,30,1,57,3563.00890328123,-2443,282
1622114177651,1622114177690,39,0,57,2172.09992192731,-2,112
1622114177760,1622114177770,10,-1,39,1089.69572078511,-1,-1
1622114177780,1622114177790,10,-1,30,903.144578455488,-1,-1
1622114177920,1622114177950,30,1,97,5238.80877459429,-5511,289
1622114178210,1622114178410,200,37,764,60590.1288254824,-51325,332
1622114178450,1622114178570,120,8,227,12462.7268856901,-14042,140
1622114178590,1622114178670,80,4,95,3412.51764606427,-2423,101
1622114178680,1622114178960,280,40,1147,37762.8397507753,-41684,150
1622114179000,1622114179030,30,1,92,4578.98504385479,-396,237
1622114179080,1622114179090,10,-1,46,2612.26494540537,-1,-1
1622114179130,1622114179150,20,0,30,436.644940179295,-1,310
1622114179190,1622114179210,20,0,32,512.430219952623,-171,309
1622114179230,1622114179250,20,0,36,900.992892385947,-1,335
1622114179299,1622114179319,20,0,58,2832.1574090313,-1,327
1622114179349,1622114179409,60,6,250,18088.5796187118,-14072,36
1622114179459,1622114179469,10,-1,75,5442.6652407431,-1,-1
1622114179479,1622114179489,10,-1,43,2873.28821668404,-1,-1
1622114179499,1622114179569,70,3,133,10068.4822250724,-6549,323
1622114179579,1622114179779,200,7,352,17907.5140185694,-18631,128
1622114179789,1622114179809,20,0,34,292.247257078834,-1,344
1622114179819,1622114179839,20,0,31,152.845714292771,0,22
1622114179869,1622114179899,30,1,86,4346.95221820323,-3937,288
1622114179909,1622114179949,40,2,129,5709.45100439267,-9577,277
1622114180009,1622114180029,20,0,73,3292.89468476427,-1,120
1622114180039,1622114180209,170,39,479,34270.2160499353,-18007,313
1622114180299,1622114180329,30,3,743,-1.0,-59862,208
1622114180339,1622114180549,210,4,277,20151.0959510952,-15685,340
1622114180559,1622114180589,30,0,49,2209.19846398026,-1276,34
1622114180599,1622114180609,10,-1,31,500.847469542354,-1,-1
1622114180689,1622114180809,120,1,2353,162585.626686586,-142056,149
1622114180869,1622114180899,30,1,66,1567.09473982652,-1,116
1622114180909,1622114180938,29,2,96,5101.28653281545,-1853,17
1622114181028,1622114181068,40,2,114,4986.91695554433,-2737,184
1622114181168,1622114181188,20,0,71,3696.54690048391,-1,102
1622114181338,1622114181488,150,26,2163,165998.337206973,-131410,99
1622114181498,1622114181568,70,30,1252,110034.045683587,-99094,282
1622114181578,1622114181588,10,-1,58,3777.26263066493,-1,-1
1622114181608,1622114181938,330,6,2110,171639.281356769,-158057,185
1622114181948,1622114181968,20,0,42,2543.13180328141,-17,252
1622114182018,1622114182058,40,2,112,4570.80692883664,-3715,106
1622114182118,1622114182138,20,0,41,1036.25014982705,-1,125
1622114182228,1622114182288,60,2,44,1529.70501586931,-9,0
1622114182308,1622114182348,40,1,48,1728.37917661771,-1,238
1622114182358,1622114182458,100,11,792,30749.4988400302,-10701,123
1622114182557,1622114182667,110,3,169,5699.37431102265,-10858,318
1622114182677,1622114182707,30,0,66,4591.31715776631,-2858,0
1622114182727,1622114182777,50,3,146,7611.00194762485,-6249,320
1622114182837,1622114182847,10,-1,30,1295.97714357517,-1,-1
1622114182967,1622114183007,40,3,126,6280.48779346675,-7779,299
1622114183027,1622114183057,30,1,65,2697.89868903155,-2169,295
1622114183147,1622114183247,100,8,575,52641.2027952121,-33034,70
1622114183257,1622114183267,10,-1,32,1952.08003006073,-1,-1
1622114183277,1622114183287,10,-1,30,1434.6784447412,-1,-1
1622114183417,1622114183467,50,1,51,3180.1099547451,-2009,306
1622114183487,1622114183507,20,0,39,1076.85261232997,-1,315
1622114183537,1622114183587,50,6,316,15817.1336701357,-19584,291
1622114183597,1622114183647,50,0,278,27298.891643883,-11440,296
1622114183817,1622114183917,100,6,487,20055.9816837047,-45549,271
1622114183967,1622114184047,80,3,298,24377.6058268393,-20249,317
1622114184156,1622114184166,9,-1,36,1470.59695273185,-1,-1
1622114184176,1622114184206,30,0,36,859.809297711453,-345,264
1622114184256,1622114184276,20,1,99,5532.85651990829,-1,43
1622114184286,1622114184296,10,-1,68,4657.31260567567,-1,-1
1622114184306,1622114184386,80,8,208,9489.08771352997,-8512,270
1622114184396,1622114184466,70,8,205,5885.6416312767,-12187,109
1622114184486,1622114184556,70,3,75,3345.32757764047,-3389,147
1622114184616,1622114184676,60,2,126,2904.65391445582,-8711,354
1622114184686,1622114184776,90,2,46,2843.86279992507,-1282,261
1622114184786,1622114184806,20,1,108,5842.10420852034,-1,278
1622114184846,1622114184906,60,4,200,14389.7913206743,-8023,175
1622114185076,1622114185106,30,2,139,10474.4408232016,-9951,48
1622114185256,1622114185266,10,-1,32,2487.19974505355,-1,-1
1622114185286,1622114185336,50,1,121,5294.36177587386,-7550,277
1622114185356,1622114185366,10,-1,34,2901.74359739481,-1,-1
1622114185386,1622114185486,100,9,126,5164.16673448728,-4977,311
1622114185686,1622114185785,99,4,827,35844.5411738377,-49812,126
1622114185815,1622114185835,20,1,117,8299.8773316995,-1,104
1622114185885,1622114185995,110,12,490,25009.2575623222,-23553,226
1622114186035,1622114186105,70,4,149,8220.50445454884,-5523,353
1622114186145,1622114186165,20,0,30,2117.58877744126,-1,19
1622114186215,1622114186275,60,15,520,22491.341393488,-21705,23
1622114186315,1622114186345,30,1,90,4017.68642157373,-2955,228
1622114186365,1622114186495,130,6,109,3714.0713998713,-4014,200
1622114186505,1622114186545,40,2,106,5721.78525181676,-4428,108
1622114186575,1622114186585,10,-1,30,913.650898163095,-1,-1
1622114186645,1622114186705,60,11,346,19251.3626009286,-12291,162
1622114186785,1622114187095,310,16,811,60301.1486154862,-66581,347
1622114187115,1622114187145,30,0,48,1610.8874818866,-1312,207
1622114187185,1622114187215,30,1,60,2152.44197232391,-2159,207
1622114187225,1622114187335,110,2,170,4096.67650452879,-2252,191
1622114187345,1622114187404,59,2,321,29231.6842367479,-24466,171
1622114187524,1622114187584,60,15,699,35440.294618274,-53688,275
1622114187604,1622114187754,150,5,829,40615.3537199275,-53579,90
1622114187774,1622114187804,30,1,255,19505.7540131074,-2045,328
1622114188044,1622114188254,210,13,541,49694.5811437937,-41837,199
1622114188404,1622114188434,30,8,399,1586.42132066472,-1,69
1622114188594,1622114188614,20,1,326,-1.0,-22730,235
1622114188624,1622114188714,90,2,240,22835.927827565,-13900,38
1622114188784,1622114188814,30,1,58,2817.98630268709,-1800,352
1622114188854,1622114188934,80,4,241,10579.3198526322,-16280,344
1622114188953,1622114188983,30,1,77,4006.1079162518,-4324,243
1622114189013,1622114189063,50,1,109,7113.85151928338,-7103,287
1622114189093,1622114189103,10,-1,34,946.53798928389,-1,-1
1622114189113,1622114189123,10,-1,38,3162.39885563434,-1,-1
1622114189183,1622114189283,100,2,90,5068.91740671182,-3796,137
1622114189303,1622114189413,110,5,79,6317.09290539606,-3223,312
1622114189423,1622114189433,10,-1,33,2395.5820880783,-1,-1
1622114189473,1622114189623,150,6,99,4543.6526233093,-4603,174
1622114189633,1622114189663,30,1,88,3897.19516972207,-5795,241
1622114189733,1622114190223,490,2,287,13193.0673683783,-17895,32
1622114190233,1622114190313,80,0,77,4454.10486367814,-4425,83
1622114190333,1622114190383,50,1,114,7267.96651229417,-8020,162
1622114190403,1622114190423,20,1,77,4879.26075964803,-1,138
1622114190433,1622114190483,50,2,154,11190.783587637,-7066,248
1622114190523,1622114190543,20,0,37,1959.86510841937,-1,201
1622114190602,1622114190802,200,8,430,17465.2404423115,-24832,337
1622114190872,1622114190882,10,-1,40,2597.78083726052,-1,-1
1622114190892,1622114191262,370,6,427,27696.8238701258,-30459,129
1622114191282,1622114191312,30,1,59,1894.84225678466,-2533,126
1622114191342,1622114191352,10,-1,31,941.017807511187,-1,-1
1622114191372,1622114191382,10,-1,49,3586.21866130118,-1,-1
1622114191392,1622114191422,30,2,135,6702.39477806629,-1128,317
1622114191432,1622114191472,40,0,119,11706.6143087766,-6212,140
1622114191482,1622114191522,40,1,124,8685.04011498842,-5694,121
1622114191532,1622114191582,50,2,110,4706.27133635334,-4273,147
1622114191622,1622114191642,20,0,41,2080.51126363764,-359,248
1622114191672,1622114191692,20,0,57,3865.50821244506,-1758,183
1622114191742,1622114191812,70,2,79,3066.2896264699,-3817,124
1622114191842,1622114191862,20,0,65,2685.36700578484,-1,116
1622114191872,1622114192152,280,3,295,20556.4288356652,-15522,325
1622114192172,1622114192231,59,11,584,37981.9325243306,-1669,294
1622114192341,1622114192531,190,11,1268,48442.8350759294,-99281,293
1622114192561,1622114192591,30,4,206,11419.3150722188,-10723,279
1622114192651,1622114192691,40,3,123,9888.51821891022,-7634,300
1622114192711,1622114192781,70,2,71,3405.41750779893,-1992,54
1622114192871,1622114192921,50,2,51,1485.60188430977,-10,219
1622114192931,1622114192951,20,0,76,6333.69945929625,-1,33
1622114192961,1622114192971,10,-1,45,3528.56392782847,-1,-1
1622114193011,1622114193021,10,-1,30,2066.60824417228,-1,-1
1622114193051,1622114193071,20,0,33,2069.40401566379,-1,123
1622114193081,1622114193111,30,0,43,1950.99804901607,-447,241
1622114193551,1622114193561,10,-1,32,462.243916703477,-1,-1
1622114193671,1622114193681,10,-1,31,413.323013467629,-1,-1
1622114193950,1622114193960,10,-1,49,2256.99027376475,-1,-1
1622114194310,1622114194320,10,-1,33,832.601403801429,-1,-1
1622114195210,1622114195270,60,8,287,18175.5086802693,-16819,267
1622114195400,1622114195449,49,5,862,69715.3340607617,-842,66
1622114195909,1622114196069,160,36,1098,49296.6331215057,-49526,248
1622114196079,1622114196329,250,13,325,25031.78031686,-17408,91
1622114196549,1622114196799,250,24,884,52896.4634589701,-57696,317
1622114196809,1622114196879,70,0,113,4396.7409777318,-8098,32
1622114196899,1622114197088,189,4,477,37860.1206957661,-33528,127
1622114197138,1622114197198,60,3,109,7427.07669345923,-2643,124
1622114197218,1622114197288,70,2,34,461.868747190956,-7,260
1622114197298,1622114197498,200,31,2116,105613.84125677,-115341,159
1622114197508,1622114197608,100,20,631,29344.0643552791,-26027,29
1622114197698,1622114197748,50,1,78,2596.19469745147,-4522,17
1622114197828,1622114197918,90,4,100,4639.4572980079,-5389,285
1622114197978,1622114198068,90,11,245,8060.1985012082,-7716,298
1622114198088,1622114198108,20,0,58,5062.51607940597,-2462,145
1622114198158,1622114198298,140,22,332,14624.6593622669,-10391,314
1622114198318,1622114198368,50,3,79,5608.29850223051,-2368,110
1622114198398,1622114198408,10,-1,37,2072.8052254506,-1,-1
1622114198418,1622114198438,20,0,40,862.832789575404,-1,110
1622114198488,1622114198498,10,-1,31,804.763532832524,-1,-1
1622114198508,1622114198548,40,2,75,6511.10576791861,-1082,24
1622114198568,1622114198618,50,3,109,6182.38170255127,-5613,48
1622114198667,1622114198717,50,4,264,12692.8550143375,-19514,176
1622114198727,1622114198737,10,-1,32,545.876413725965,-1,-1
1622114198877,1622114198907,30,0,67,4502.22372618683,-2739,331
1622114198957,1622114199057,100,7,168,13104.0538818136,-8276,133
1622114199067,1622114199077,10,-1,158,14905.1607614626,-1,-1
1622114199097,1622114199137,40,0,31,383.585222572797,-1,149
1622114199207,1622114199357,150,10,913,37082.9742541201,-37424,315
1622114199397,1622114199407,10,-1,36,1360.64889697162,-1,-1
1622114199537,1622114199567,30,1,66,3442.13761441788,-2160,12
1622114199577,1622114199597,20,0,36,3351.1910139172,-1,194
1622114199617,1622114199627,10,-1,41,2337.12087989459,-1,-1
1622114199687,1622114199807,120,37,1036,56371.5700129494,-36790,148
1622114199817,1622114199957,140,4,348,15913.0719169963,-13729,349
1622114199967,1622114199997,30,1,96,6750.49291263228,-3336,282
1622114200007,1622114200017,10,-1,41,2372.90203583414,-1,-1
1622114200027,1622114200117,90,3,71,4020.84937081088,-1726,297
1622114200147,1622114200157,10,-1,33,2566.90991344602,-1,-1
1622114200167,1622114200177,10,-1,41,2163.01379372922,-1,-1
1622114200237,1622114200256,19,0,60,2554.06714286797,-1,325
1622114200446,1622114200466,20,3,229,-1.0,-5577,265
1622114200486,1622114200666,180,10,181,9915.78407725173,-10558,202
1622114200686,1622114200736,50,1,52,2838.46558045123,-1946,141
1622114200806,1622114200866,60,3,104,4358.72850692645,-3501,285
1622114200896,1622114200936,40,1,44,1648.79933740552,-1,128
1622114201016,1622114201046,30,2,99,6369.12859432385,-2718,312
1622114201166,1622114201266,100,0,255,16865.945161436,-16205,160
1622114201336,1622114201356,20,0,53,4092.69317538114,-1989,18
1622114201396,1622114201406,10,-1,31,1884.41901126739,-1,-1
1622114201516,1622114201666,150,14,1281,66283.8133667715,-52216,131
1622114201796,1622114201846,50,3,1233,99673.729887464,-109214,125
1622114201866,1622114201895,29,2,105,5984.18251346411,-2942,310
1622114201945,1622114201965,20,0,41,2091.34807314768,-550,330
1622114202125,1622114202165,40,2,578,41.0882567761078,-48054,217
1622114202175,1622114202185,10,-1,33,1580.54282348303,-1,-1
1622114202205,1622114202245,40,1,52,3291.35549226234,-1454,148
1622114202255,1622114202285,30,0,42,587.48564805613,-1,150
1622114202465,1622114202485,20,1,92,5609.11184218246,-1,334
1622114202555,1622114202625,70,2,154,9693.02973895685,-7708,278
1622114202655,1622114202685,30,2,94,4843.76886892743,-4724,336
1622114202695,1622114202705,10,-1,39,1066.10130396893,-1,-1
1622114202765,1622114202805,40,2,119,8368.24867546482,-1798,146
1622114202825,1622114202835,10,-1,38,1332.28641102867,-1,-1
1622114202845,1622114202865,20,1,104,8612.88673447925,-822,349
1622114202875,1622114203105,230,5,2678,229261.742341821,-202507,177
1622114203275,1622114203375,100,3,137,7092.74941097877,-7756,0
1622114203385,1622114203455,70,3,55,2305.8231263687,-566,297
1622114203475,1622114203504,29,2,113,4466.75337650961,-4074,295
1622114203514,1622114203544,30,6,334,15605.0187641317,-19933,303
1622114203584,1622114203604,20,0,42,2292.23982108143,-1,331
1622114203644,1622114203674,30,0,38,730.191332415162,-214,90
1622114203794,1622114203864,70,8,252,15944.5430837539,-10210,125
1622114203884,1622114203894,10,-1,34,1802.22067733999,-1,-1
1622114203924,1622114203934,10,-1,32,1830.34893213765,-1,-1
1622114204044,1622114204084,40,1,53,1547.70274482737,-857,290
1622114204354,1622114204414,60,3,128,8507.13710675345,-6280,21
1622114204624,1622114204654,30,2,282,17306.9242141759,-1,353
1622114204784,1622114205054,270,42,2184,177161.280199464,-185433,144
1622114205064,1622114205303,239,36,2797,239511.092254902,-247156,325
1622114205343,1622114205363,20,2,96,8777.67002964006,-47,171
1622114205383,1622114205543,160,29,1603,128066.510626849,-76753,157
1622114205563,1622114205583,20,0,53,1974.75452256556,-1,118
1622114205623,1622114205633,10,-1,33,768.817919940308,-1,-1
1622114205653,1622114205733,80,0,232,9057.97617488172,-21,203
1622114205753,1622114205903,150,29,661,26352.3553959211,-31137,336
1622114206013,1622114206023,10,-1,31,954.730834240863,-1,-1
1622114206033,1622114206043,10,-1,64,4095.87680446989,-1,-1
1622114206213,1622114206343,130,0,432,18235.0638753904,-20920,83
1622114206363,1622114206383,20,0,45,2746.67538565367,-1,273
1622114206393,1622114206423,30,2,89,4707.0291694953,-4702,163
1622114206443,1622114206553,110,2,373,16194.2974379083,-30735,1
1622114206563,1622114206573,10,-1,62,4360.28257470594,-1,-1
1622114207072,1622114207232,160,45,478,21119.4208827099,-21153,125
1622114207242,1622114207302,60,3,139,6313.74328998297,-4541,260
1622114207312,1622114207332,20,0,54,2738.74468633718,-1,264
1622114207422,1622114207482,60,8,239,13533.9892259824,-9526,277
1622114207962,1622114208082,120,4,434,42235.1032918415,-26527,276
1622114208232,1622114208262,30,2,118,8460.29440674996,-4520,81
1622114208322,1622114208341,19,1,74,5420.78980773269,-1,257
1622114208371,1622114208381,10,-1,30,306.39602708065,-1,-1
1622114208481,1622114208501,20,0,54,3066.73210870695,-1135,273
1622114208531,1622114208621,90,16,285,17372.5954548696,-2456,79
1622114208941,1622114208951,10,-1,222,-1.0,-1,-1
1622114209051,1622114209231,180,12,441,14856.2521079128,-37419,276
1622114209251,1622114209321,70,3,49,1035.08188918837,-1,134
1622114209331,1622114209401,70,4,422,21427.5765835002,-19440,106
1622114209451,1622114209511,60,2,81,4492.20648415846,-4487,138
1622114209521,1622114209621,100,10,260,13321.7769371164,-11114,86
1622114209731,1622114209921,190,5,450,23906.479302959,-35633,182
1622114209980,1622114210230,250,48,584,25672.1642326426,-20882,322
1622114210240,1622114210400,160,9,115,7127.20274108908,-4393,155
1622114210420,1622114210480,60,2,44,3041.85993561002,-283,289
1622114210500,1622114210570,70,1,225,17959.7637717221,-13812,223
1622114210860,1622114210880,20,0,45,2897.3763659299,-13,245
1622114210960,1622114210980,20,0,74,4548.33721828593,-1,40
1622114210990,1622114211030,40,1,45,3056.6251181919,-4,223
1622114211040,1622114211050,10,-1,51,2229.76610206491,-1,-1
1622114211060,1622114211080,20,0,47,1459.80707130434,-1,225
1622114211100,1622114211130,30,2,97,5429.47739710077,-4319,327
1622114211240,1622114211300,60,4,435,22748.5145286743,-30084,148
1622114211310,1622114211370,60,3,175,9057.83966457833,-12476,339
1622114211390,1622114211470,80,1,64,3095.94360130462,-1541,168
1622114211649,1622114211659,10,-1,48,3150.04424643646,-1,-1
1622114211749,1622114211879,130,0,340,26299.8980533881,-17998,143
1622114211889,1622114211899,10,-1,52,2636.63383608701,-1,-1
1622114211939,1622114212089,150,0,350,9469.96447989752,-29693,352
1622114212099,1622114212109,10,-1,46,2599.21308714703,-1,-1
1622114212129,1622114212169,40,0,78,6435.67908342422,-3119,7
1622114212259,1622114212339,80,1,182,10242.4835453371,-8998,352
1622114212349,1622114212539,190,1,467,40335.1488970038,-34143,270
1622114212549,1622114212709,160,13,248,9322.89804741458,-8244,109
1622114212719,1622114212759,40,11,454,20771.2091393179,-20543,271
1622114212839,1622114212899,60,1,35,1656.95684978984,-1,79
1622114212909,1622114212919,10,-1,43,1743.70472181181,-1,-1
1622114212929,1622114213019,90,0,86,3996.06451976409,-5679,236
1622114213079,1622114213099,20,0,35,2904.70868374274,-1,109
1622114213119,1622114213129,10,-1,37,2572.458676545,-1,-1
1622114213139,1622114213159,20,0,54,3853.86316189449,-1489,61
1622114213218,1622114213238,20,0,40,1835.39122343573,-1,46
1622114213248,1622114213338,90,1,376,32023.4912652891,-32043,227
1622114213378,1622114213398,20,1,77,6108.87945852653,-3654,68
1622114213418,1622114213468,50,3,109,4863.01076382227,-2254,170
1622114213478,1622114213548,70,0,59,1253.96887132361,-1,85
1622114213558,1622114213588,30,1,203,14024.0123986155,-1,25
1622114213598,1622114213608,10,-1,226,22142.6744418949,-1,-1
1622114213618,1622114213658,40,0,206,19131.7468243442,-15333,97
1622114213708,1622114213738,30,1,79,4322.50438591658,-2526,344
1622114213798,1622114213818,20,1,78,5406.75077717221,-1,129
1622114213858,1622114213868,10,-1,49,2801.39757491576,-1,-1
1622114213908,1622114214038,130,3,211,13868.6570421569,-13193,292
1622114214088,1622114214138,50,1,289,8035.79378052777,-6,52
1622114214268,1622114214428,160,3,397,22309.0458481675,-17379,327
1622114214488,1622114214508,20,0,44,1125.63903901569,-1,222
1622114214528,1622114214548,20,1,90,7189.82065519948,-3567,262
1622114214558,1622114214588,30,1,61,2498.85924000639,-1583,250
1622114214668,1622114214688,20,0,43,3481.47389175505,-882,118
1622114214807,1622114214937,129,6,211,14108.7648569495,-9764,352
1622114214947,1622114214997,50,8,225,8430.42137317195,-11990,177
1622114215067,1622114215117,50,3,92,3643.87436895699,-2049,313
1622114215127,1622114215147,20,0,47,2099.35788194887,-1658,290
1622114215197,1622114215247,50,1,139,7128.6668873277,-5983,135
1622114215337,1622114215357,20,2,114,9028.27640519842,-1,322
1622114215667,1622114215707,40,2,108,3604.82682212334,-1,6
1622114215717,1622114215737,20,1,96,8520.92682695993,-1,188
1622114215747,1622114215817,70,5,139,11306.2628270576,-4404,13
1622114215827,1622114215847,20,0,59,2330.51642852757,-1,13
1622114215927,1622114215967,40,8,474,18737.1566329211,-40385,185
1622114215977,1622114216107,130,5,556,36281.4951717796,-49886,294
1622114216147,1622114216217,70,2,82,2494.85113149793,-2545,105
1622114216277,1622114216297,20,0,31,910.988950186033,-1,212
1622114216307,1622114216426,119,2,153,8866.79843757189,-9103,346
1622114216466,1622114216526,60,2,120,4658.92783766463,-5766,28
1622114216606,1622114216786,180,2,158,10387.7505840425,-8759,353
1622114216866,1622114216936,70,5,185,9712.25187233024,-2714,186
1622114217046,1622114217096,50,1,120,-1.0,-5166,186
1622114217206,1622114217226,20,0,41,1952.370657318,-1,21
1622114217366,1622114217426,60,18,1273,127016.567559989,-97286,158
1622114217446,1622114217486,40,22,1104,89585.7120617283,-90569,140
1622114217496,1622114217506,10,-1,39,2883.12858655665,-1,-1
1622114218055,1622114218245,190,37,854,28554.6560024092,-42069,330
1622114218345,1622114218355,10,-1,34,1228.48436428082,-1,-1
1622114218455,1622114218475,20,0,32,2885.49705548356,-1,197
1622114218565,1622114218585,20,0,30,2656.80990241018,0,227
1622114218605,1622114218755,150,2,379,17344.2592431484,-32988,20
1622114218915,1622114218935,20,0,43,2212.26564509997,-1,188
1622114219005,1622114219025,20,0,37,1173.72722402659,-1,197
1622114219085,1622114219105,20,0,47,2369.99422089751,-1,178
1622114219115,1622114219145,30,0,73,3460.91862491566,-1,356
1622114219155,1622114219165,10,-1,72,4577.36820822203,-1,-1
1622114219305,1622114219415,110,8,176,6994.42565339711,-8351,306
1622114219425,1622114219465,40,0,108,8020.01353025935,-4296,26
1622114219495,1622114219535,40,2,113,6569.58074552823,-4207,132
1622114219545,1622114219565,20,0,34,628.570813241579,-20,323
1622114219585,1622114219604,19,3,202,13292.1743545463,-1,353
1622114219614,1622114219634,20,0,132,11088.9446025879,-9525,284
1622114219704,1622114219724,20,0,40,2296.89348563334,-167,180
1622114219734,1622114219804,70,3,54,1519.68484683388,-1,156
1622114219824,1622114219854,30,2,113,6916.65052420834,-4420,328
1622114219994,1622114220104,110,2,129,11714.4585144808,-5116,114
1622114220364,1622114220384,20,0,48,3636.93157636538,-511,82
1622114220424,1622114220434,10,-1,41,3094.60122852814,-1,-1
1622114220494,1622114220564,70,3,65,2308.75544968616,-1630,105
1622114220754,1622114220774,20,1,55,4006.04201819314,-2017,131
1622114220814,1622114220854,40,2,989,90583.1101924005,-95503,202
1622114220954,1622114220964,10,-1,114,10408.1903248842,-1,-1
1622114221074,1622114221124,50,7,338,-1.0,-16421,238
1622114221134,1622114221164,30,2,103,5298.42883095811,-4714,117
1622114221263,1622114221313,50,1,37,738.829202352268,-6,279
1622114221333,1622114221403,70,2,66,2592.01808787187,-1844,103
1622114221413,1622114221423,10,-1,34,2780.9368011701,-1,-1
1622114221433,1622114221463,30,1,80,3417.68774553517,-3235,259
1622114221533,1622114221563,30,1,87,4281.33911867211,-4645,117
1622114221603,1622114221633,30,1,51,1814.86997204974,-1909,131
1622114221673,1622114221723,50,2,90,3598.83308469476,-3546,254
1622114221753,1622114221803,50,2,67,3176.16591399948,-1801,176
1622114221913,1622114221943,30,0,46,2085.4625550942,-531,244
1622114221963,1622114221983,20,0,36,725.23430090069,-1,270
1622114221993,1622114222073,80,2,457,29520.761981908,-32703,327
1622114222083,1622114222103,20,0,32,1046.08432873773,-1,26
1622114222123,1622114222163,40,2,82,4357.46757848587,-3395,272
1622114222183,1622114222333,150,4,413,25579.2987883312,-18821,263
1622114222343,1622114222393,50,5,185,9264.8386277197,-2924,127
1622114222443,1622114222513,70,4,235,15004.5434057775,-1928,170
1622114222533,1622114222623,90,5,332,16857.8884949065,-13552,281
1622114222653,1622114222683,30,1,82,3355.25915856381,-92,256
1622114222693,1622114222783,90,3,1343,107269.317163406,-117102,14
1622114222852,1622114222932,80,2,231,12770.4365336669,-10465,88
1622114222942,1622114223002,60,0,45,1815.10096088024,-528,90
1622114223012,1622114223022,10,-1,34,1653.00583722755,-1,-1
1622114223032,1622114223092,60,2,133,5760.25018367061,-8686,239
1622114223112,1622114223172,60,4,240,14360.62830109,-16690,100
1622114223182,1622114223212,30,2,97,4006.86114991026,-4446,22
1622114223252,1622114223632,380,8,554,41177.0323516032,-22681,35
1622114223712,1622114223752,40,1,48,2876.37627544024,-897,251
1622114223772,1622114223922,150,5,217,13806.800344907,-13284,276
1622114223952,1622114223962,10,-1,55,3846.95338332402,-1,-1
1622114223972,1622114224032,60,2,247,20234.9967369808,-16807,62
1622114224042,1622114224062,20,0,43,1497.94749823153,-1258,85
1622114224102,1622114224122,20,0,51,2408.80659978937,-1,41
1622114224172,1622114224202,30,1,67,5851.95917571119,-1097,207
1622114224212,1622114224252,40,2,98,4673.51192857575,-1,158
1622114224262,1622114224272,10,-1,89,7054.15137423613,-1,-1
1622114224282,1622114224352,70,2,118,8506.12419611594,-7530,102
1622114224382,1622114224392,10,-1,31,1089.48893574192,-1,-1
1622114224412,1622114224432,20,0,32,2723.04050449401,-1,101
1622114224441,1622114224501,59,1,37,1444.10232608195,-497,120
1622114224541,1622114224561,20,0,36,771.065546931574,-327,230
1622114224581,1622114224741,160,26,541,34488.2421314644,-25738,199
1622114224751,1622114224761,10,-1,325,32150.7018452779,-1,-1
1622114225031,1622114225101,70,46,2187,145512.547825375,-143793,91
1622114225121,1622114225171,50,45,2177,145134.478022392,-131347,275
1622114225291,1622114225451,160,14,1344,110944.267443533,-111539,296
1622114225461,1622114225481,20,0,59,3786.04162686505,-1,237
1622114225491,1622114225501,10,-1,47,3029.13266893453,-1,-1
1622114225551,1622114225631,80,6,117,4064.66770523394,-2592,84
1622114225661,1622114225711,50,5,221,11517.644748757,-9160,268
1622114225771,1622114225801,30,1,80,3477.70386749371,-3702,325
1622114225841,1622114225861,20,0,62,3854.67983769901,-1640,67
1622114225901,1622114225951,50,2,78,3379.05325400406,-4624,293
1622114225961,1622114226011,50,6,218,6025.01968123531,-10496,292
1622114226120,1622114226230,110,10,333,15198.8081062149,-12397,283
1622114226290,1622114226310,20,0,38,2314.98947810177,-690,174
1622114226510,1622114226530,20,0,59,3148.2489615538,-431,109
1622114226540,1622114226640,100,6,126,9557.48725796663,-4899,119
1622114226660,1622114226710,50,1,46,1104.2002064753,-775,265
1622114226790,1622114226850,60,2,72,2619.86311324194,-1072,90
1622114226920,1622114226950,30,2,116,5823.91357796435,-4893,273
1622114227050,1622114227130,80,12,523,21635.3592986825,-14027,336
1622114227240,1622114227330,90,8,325,10420.8251870947,-15554,299
1622114227340,1622114227350,10,-1,67,4520.38943934065,-1,-1
1622114227400,1622114227420,20,1,90,7525.55527034359,-1,356
1622114227480,1622114227500,20,1,98,5691.58029268259,-1,162
1622114227510,1622114227640,130,1,491,19536.6272544774,-44168,191
1622114227650,1622114227779,129,3,2348,167788.232938721,-118346,357
1622114227789,1622114227849,60,2,2539,252104.168966465,-133548,16
1622114228009,1622114228029,20,1,47,3870.78573721585,-439,216
1622114228039,1622114228069,30,2,108,5284.23017089532,-84,31
1622114228079,1622114228089,10,-1,67,4585.09852315504,-1,-1
1622114228109,1622114228189,80,6,174,15775.6152127399,-10345,20
1622114228249,1622114228409,160,52,811,34935.6781419042,-32958,133
1622114228449,1622114228599,150,0,278,22172.0211559238,-21984,45
1622114228619,1622114228669,50,2,336,25932.1951963821,-14900,200
1622114228769,1622114228779,10,-1,163,14290.0722091345,-1,-1
1622114228789,1622114228959,170,52,2679,194703.84593201,-137402,314
1622114229099,1622114229189,90,13,192,7540.51409205241,-11156,196
1622114229289,1622114229309,20,1,57,2261.2143007712,-1,201
1622114229348,1622114229358,10,-1,36,2332.59172281978,-1,-1
1622114229378,1622114229388,10,-1,30,1361.12000600815,-1,-1
1622114229458,1622114229508,50,2,177,14518.8222760084,-7211,6
1622114229518,1622114229538,20,0,61,4358.9045189908,-1,156
1622114229548,1622114229638,90,3,179,7540.26743913833,-13435,156
1622114229648,1622114229678,30,2,108,8651.87751031515,-6615,352
1622114229798,1622114229868,70,2,177,12497.0557799963,-9293,172
1622114230278,1622114230308,30,3,129,8995.82125188102,-3985,171
1622114230358,1622114230368,10,-1,32,933.307434980599,-1,-1
1622114230418,1622114230488,70,4,90,5283.4517963198,-2581,310
1622114230498,1622114230538,40,1,33,561.652059434005,-15,280
1622114230548,1622114230608,60,4,237,8949.7009508869,-2202,95
1622114230698,1622114230818,120,13,319,12125.6768041057,-22244,271
1622114230828,1622114230848,20,0,52,2306.9772376013,-205,80
1622114231147,1622114231247,100,49,2229,176975.005702664,-174795,142
1622114231287,1622114231527,240,36,1786,169137.062840675,-162881,322
1622114231537,1622114231547,10,-1,44,2869.1599905373,-1,-1
1622114231557,1622114231727,170,24,2562,245013.009889221,-131802,129
1622114231817,1622114231847,30,8,912,-1.0,-50618,52
1622114231857,1622114232147,290,50,2641,175641.268766265,-155585,316
1622114232257,1622114232317,60,2,50,1352.07409606758,-1249,79
1622114232407,1622114232467,60,2,58,3179.66300253893,-1181,143
1622114232477,1622114232487,10,-1,31,1083.57271915008,-1,-1
1622114232516,1622114232546,30,4,165,8650.03467598287,-5829,354
1622114232986,1622114233266,280,4,3106,307875.403822579,-147632,180
1622114233276,1622114233286,10,-1,42,1272.10955450903,-1,-1
1622114233376,1622114233386,10,-1,32,-1.0,-1,-1
1622114233516,1622114233536,20,1,76,5341.42389297844,-500,0
1622114233556,1622114233726,170,6,257,16966.5550234183,-17608,13
1622114233786,1622114233836,50,2,128,6276.62197074557,-6386,189
1622114233896,1622114233926,30,1,54,2176.91616744777,-591,29
1622114233946,1622114233956,10,-1,32,1260.53070927796,-1,-1
1622114234215,1622114234265,50,4,347,22803.855505436,-20535,196
1622114234435,1622114234475,40,4,183,13395.4587656435,-9235,194
1622114234575,1622114234645,70,5,1933,163284.246126597,-180207,268
1622114234795,1622114234825,30,1,68,3056.36990623862,-2922,47
1622114235005,1622114235045,40,5,185,9546.95715844196,-8210,8
1622114235055,1622114235105,50,2,256,19073.6900349098,-16066,193
1622114235135,1622114235245,110,3,524,29580.6881065464,-41097,170
1622114235285,1622114235305,20,1,102,9102.30247227797,-3864,180
1622114235315,1622114235335,20,0,45,3781.11880309026,-1,17
1622114235355,1622114235435,80,1,235,16802.4751368693,-19806,277
1622114235515,1622114235585,70,2,217,14490.06999204,-11799,112
1622114235595,1622114235745,150,9,362,17048.9567805855,-21898,300
1622114235764,1622114235784,20,1,62,4625.08698482338,-1,287
1622114235794,1622114235984,190,9,971,34475.0548803691,-2633,135
1622114235994,1622114236014,20,1,142,6695.08825817002,-1,14
1622114236024,1622114236124,100,6,168,12309.5577652201,-7021,5
1622114236174,1622114236194,20,0,37,652.263145985221,-1,74
1622114236264,1622114236284,20,1,52,4412.14578239072,-1206,128
1622114236494,1622114236504,10,-1,41,2857.1847048335,-1,-1
1622114236514,1622114236534,20,0,37,968.94847188489,-1,151
1622114236544,1622114236724,180,4,245,17280.1753738486,-10433,254
1622114236754,1622114236804,50,2,72,6565.4884973441,-4083,54
1622114236834,1622114236894,60,3,130,7068.15547366578,-5971,201
1622114236934,1622114236964,30,2,88,3877.66905418358,-5381,248
1622114236974,1622114236984,10,-1,67,4541.20272105612,-1,-1
1622114236994,1622114237004,10,-1,41,2850.72539022667,-1,-1
1622114237024,1622114237054,30,1,77,3803.01281331531,-1,91
1622114237064,1622114237114,50,1,76,3378.41222531359,-4319,113
1622114237154,1622114237274,120,4,190,14867.968162731,-7872,306
1622114237463,1622114237553,90,1,286,21961.9316694164,-20476,322
1622114237583,1622114237653,70,1,221,14446.7518972955,-12018,22
1622114237663,1622114237683,20,0,38,2330.78996325688,-1,231
1622114237703,1622114237733,30,3,136,6364.91234377289,-5800,204
1622114237813,1622114237853,40,2,73,5381.24328658478,-3570,184
1622114237983,1622114238073,90,3,126,5892.58496265199,-6313,7
1622114238083,1622114238113,30,3,141,7802.56495832908,-6450,211
1622114238133,1622114238143,10,-1,41,1883.15672483002,-1,-1
1622114238153,1622114238303,150,2,449,22421.3716290369,-31398,216
1622114238313,1622114238353,40,2,81,5208.90557646475,-3555,88
1622114238403,1622114238433,30,1,80,5073.46103617166,-2572,258
1622114238443,1622114238453,10,-1,32,278.905087068087,-1,-1
1622114238513,1622114238573,60,1,105,6782.09056008232,-4189,107
1622114238653,1622114238703,50,7,229,16030.670712112,-10628,359
1622114238713,1622114238733,20,4,194,17685.410498448,-1783,41
1622114238803,1622114238863,60,6,148,8841.97581453304,-6904,205
1622114238893,1622114238903,10,-1,37,1893.8032223316,-1,-1
1622114238953,1622114239052,99,4,202,10177.6362731089,-9373,9
1622114239082,1622114239222,140,14,696,34293.0728580702,-11176,177
1622114239312,1622114239542,230,7,555,27396.4875387115,-36749,274
1622114239612,1622114239692,80,5,143,6654.63924345676,-5242,60
1622114239772,1622114239792,20,0,35,476.829160173418,-1,296
1622114239952,1622114239972,20,1,56,5663.68512634984,-708,277
1622114240012,1622114240102,90,5,136,7510.0141086818,-6251,278
1622114240222,1622114240302,80,10,349,25305.3329468161,-10306,188
1622114240312,1622114240322,10,-1,76,4710.356347369,-1,-1
1622114240382,1622114240432,50,3,110,6081.01442700482,-4320,308
1622114240512,1622114240811,299,31,735,25477.6771412094,-58910,342
1622114240871,1622114240901,30,0,42,2817.47403078445,-1,202
1622114240911,1622114241081,170,33,695,52068.9621797622,-46971,99
1622114241131,1622114241141,10,-1,90,7162.10478743852,-1,-1
1622114241371,1622114241471,100,12,207,12517.4498488234,-5954,194
1622114241481,1622114241621,140,10,110,6140.523569821,-6413,355
1622114241481,1622114241621,140,10,110,6140.523569821,-6413,355
1622114241791,1622114242330,539,29,477,23264.4776822606,-32243,308
1622114242340,1622114242460,120,16,457,30462.3251343977,-14807,354
1622114242590,1622114242890,300,26,1048,29279.9091153216,-99762,128
1622114242950,1622114243080,130,21,455,22103.5769533638,-17465,219
1622114243430,1622114243450,20,0,52,2813.87071577064,-1,102
1622114243490,1622114243660,170,4,454,22386.8224073881,-14257,75
1622114243710,1622114243730,20,0,37,1332.20274141369,-219,66
1622114243740,1622114243780,40,1,38,1115.92038743437,-614,61
1622114243790,1622114243879,89,7,284,14972.8014528512,-20901,246
1622114243889,1622114243909,20,0,36,880.516339468502,-560,305
1622114243919,1622114243929,10,-1,61,3417.81632864046,-1,-1
1622114243939,1622114244199,260,5,1382,88368.3497910337,-120011,225
1622114244289,1622114244609,320,22,1644,103131.852261304,-105957,246
1622114244629,1622114244809,180,10,95,3564.61584978866,-2963,61
1622114244829,1622114244849,20,0,47,3174.89064716928,-1,117
1622114244859,1622114244889,30,2,101,7524.00437850483,-3477,261
1622114244899,1622114244949,50,1,323,28090.372769769,-1320,11
1622114245169,1622114245189,20,2,348,17103.0193452108,-1,49
1622114245289,1622114245399,110,10,287,11992.0335339156,-17920,129
1622114245409,1622114245418,9,-1,69,4069.50350330874,-1,-1
1622114245448,1622114245558,110,6,224,11480.5078493791,-9717,336
1622114245568,1622114245628,60,2,45,1778.79693015871,-1497,327
1622114245708,1622114245718,10,-1,32,1964.23705763125,-1,-1
1622114245758,1622114245778,20,1,150,8219.13987940842,-1,255
1622114246008,1622114246368,360,6,583,42394.6391308718,-24827,71
1622114246388,1622114246658,270,31,634,22200.699479422,-43839,215
1622114246698,1622114246778,80,13,272,15804.9512816383,-9470,18
1622114246838,1622114246868,30,2,130,5744.78091371213,-9491,242
1622114246908,1622114247038,130,19,815,36846.1980219927,-8755,196
1622114247417,1622114247537,120,29,598,44688.4246008092,-31277,35
1622114247577,1622114247587,10,-1,36,708.213502313453,-1,-1
1622114247597,1622114247627,30,3,198,9166.22884794751,-9655,49
1622114247677,1622114247717,40,1,59,1924.71683673031,-2500,104
1622114247727,1622114248007,280,21,770,57083.6575994437,-45623,225
1622114248117,1622114248327,210,19,970,69529.4472885444,-83177,106
1622114248387,1622114248477,90,2,70,3305.84143250776,-3789,42
1622114248507,1622114248517,10,-1,38,1439.8405521559,-1,-1
1622114248557,1622114248607,50,2,76,2080.08685278419,-4349,38
1622114248647,1622114248676,29,1,65,2909.94549619833,-3785,346
1622114248836,1622114248846,10,-1,35,1119.32959736536,-1,-1
1622114248856,1622114248866,10,-1,35,726.912692076732,-1,-1
1622114248896,1622114248956,60,19,966,29690.8321510465,-1,51
1622114249136,1622114249246,110,25,1283,1149.47115992935,-58255,288
1622114249256,1622114249276,20,1,65,3784.63006770971,-328,333
1622114249286,1622114249666,380,13,489,20274.7363106676,-24991,258
1622114249676,1622114249696,20,1,79,6947.61833906402,-2841,299
1622114249726,1622114249816,90,9,746,42698.1461202446,-1,73
1622114250006,1622114250076,70,8,316,19484.0070575656,-16969,276
1622114250086,1622114250315,229,8,198,10516.1644937502,-13626,340
1622114250335,1622114250385,50,11,378,25243.66905686,-13075,264
1622114250395,1622114250415,20,0,65,3400.11767024551,-1,102
1622114250445,1622114250465,20,0,32,725.235686123243,-270,14
1622114250475,1622114250535,60,1,113,6892.83345734712,-8017,1
1622114250815,1622114250995,180,24,1582,32114.4002594134,-105914,263
1622114251355,1622114251645,290,21,712,31448.5551185012,-22424,115
