start,end,duration,amplitude,peak_velocity,peak_acceleration,peak_deceleration,direction
1621591832697,1621591832707,10,-1,403,-1.0,-1,-1
1621591832767,1621591832787,20,3,300,-1.0,-10873,337
1621591832797,1621591832807,10,-1,40,2101.82433997659,-1,-1
1621591832817,1621591832957,140,17,427,22814.0876650352,-14455,170
1621591833087,1621591833377,290,15,445,33595.6776737532,-33161,349
1621591833497,1621591833596,99,10,234,10953.4852731783,-2311,19
1621591833656,1621591833726,70,8,673,36054.6457531974,-11742,184
1621591833786,1621591833846,60,3,225,12065.5928482745,-15051,197
1621591834206,1621591834266,60,14,740,4882.66184225852,-28603,219
1621591834336,1621591834596,260,8,566,13822.2988318647,-18453,329
1621591834656,1621591834856,200,12,449,30044.6876865579,-25412,46
1621591834936,1621591835006,70,5,353,26873.6302605961,-8547,10
1621591835086,1621591835146,60,4,247,2255.36952414289,-12988,13
1621591835155,1621591835175,19,6,445,32574.5815523258,-1,240
1621591835235,1621591835245,10,-1,30,-1.0,-1,-1
1621591835295,1621591835315,20,0,36,1698.07699276545,-1,116
1621591835345,1621591835525,180,12,508,26255.1738887476,-18051,27
1621591835555,1621591835575,20,0,68,2859.56861790421,-1,198
1621591835585,1621591835725,140,11,384,18194.7583507997,-18370,342
1621591835745,1621591835845,100,3,348,26262.958674947,-919,178
1621591836035,1621591836155,120,8,378,20048.5764966272,-19207,209
1621591836165,1621591836225,60,4,354,25785.0689020764,-29673,253
1621591836245,1621591836255,10,-1,35,1704.37233924894,-1,-1
1621591836315,1621591836325,10,-1,41,-1.0,-1,-1
1621591836485,1621591836535,50,7,527,33378.6614846633,-7370,126
1621591836675,1621591836725,50,10,446,16597.1831573175,-23793,234
1621591836785,1621591836795,10,-1,255,-1.0,-1,-1
1621591836854,1621591836864,10,-1,249,-1.0,-1,-1
1621591836924,1621591836934,10,-1,78,-1.0,-1,-1
1621591836944,1621591837004,60,13,482,24107.8455024068,-25237,260
1621591837084,1621591837094,10,-1,44,-1.0,-1,-1
1621591837114,1621591837174,60,2,73,4094.09806534669,-2085,79
1621591837204,1621591837224,20,0,43,1031.40013907716,-1,84
1621591837354,1621591837364,10,-1,32,-1.0,-1,-1
1621591837384,1621591837424,40,1,43,1023.60653265056,-279,59
1621591837434,1621591837464,30,3,171,9146.13828868813,-3085,5
1621591837524,1621591837574,50,3,265,5817.44392706659,-17588,43
1621591837634,1621591837744,110,4,280,21861.7894722556,-7470,351
1621591837804,1621591837874,70,3,315,1112.81219539957,-24605,0
1621591838014,1621591838024,10,-1,157,-1.0,-1,-1
1621591838084,1621591838114,30,2,362,-1.0,-24599,87
1621591838324,1621591838344,20,0,31,1356.40128717246,-7,11
1621591838354,1621591838374,20,0,43,1895.70492792617,-1,266
1621591838394,1621591838424,30,3,156,7845.37569812181,-6992,32
1621591838483,1621591838503,20,2,154,12978.1457144096,-205,124
1621591838513,1621591838553,40,3,107,5241.44725312195,-4948,273
1621591838613,1621591838623,10,-1,31,454.584906092149,-1,-1
1621591838703,1621591838713,10,-1,30,1906.43497332373,-1,-1
1621591838923,1621591838973,50,16,612,-1.0,-12146,262
1621591839043,1621591839083,40,4,154,9057.0043990207,-8596,300
1621591839113,1621591839163,50,1,49,1350.67264328428,-712,66
1621591839193,1621591839273,80,3,195,14171.7973699914,-1651,72
1621591839363,1621591839393,30,3,168,8924.06371620962,-1,90
1621591839683,1621591839703,20,4,802,-1.0,-54784,9
1621591839773,1621591839873,100,4,595,30433.6077504296,-48647,226
1621591839893,1621591839943,50,4,96,5305.48571965797,-5319,179
1621591839963,1621591839993,30,1,71,3693.07786962813,-40,77
1621591840092,1621591840142,49,2,184,10993.6685033813,-3997,227
1621591840202,1621591840222,20,0,112,-1.0,-7225,118
1621591840242,1621591840272,30,0,37,501.399711197579,-1,188
1621591840282,1621591840292,10,-1,48,3719.29881225799,-1,-1
1621591840372,1621591840402,30,1,121,-1.0,-4076,155
1621591840492,1621591840512,20,1,80,4665.016949951,-1,133
1621591840532,1621591840552,20,0,48,1957.8787860027,-520,129
1621591840652,1621591840672,20,0,44,-1.0,-1430,29
1621591840682,1621591840772,90,2,232,15344.629567503,-11002,347
1621591840782,1621591840792,10,-1,32,421.761732528228,-1,-1
1621591840842,1621591840872,30,1,76,3435.93564081099,-1912,164
1621591841002,1621591841012,10,-1,37,2180.56347473816,-1,-1
1621591841162,1621591841182,20,0,63,4131.74963056864,-1,203
1621591841702,1621591841712,10,-1,36,1380.01938123541,-1,-1
1621591841742,1621591841791,49,1,204,12466.2218802155,-13408,177
1621591841831,1621591841841,10,-1,50,3131.59974481245,-1,-1
1621591841941,1621591841971,30,0,37,966.63570773216,-25,108
1621591842041,1621591842101,60,1,241,18356.304910057,-12710,258
1621591842171,1621591842261,90,9,351,26723.6437395438,-21910,108
1621591842321,1621591842401,80,0,253,2393.07644582191,-17324,36
1621591842551,1621591842581,30,1,215,41.5755353543638,-15352,292
1621591842591,1621591842671,80,5,122,6979.82389973341,-7027,292
1621591842691,1621591842821,130,6,111,4090.2057476078,-1434,252
1621591842901,1621591842911,10,-1,31,2295.27993660891,-1,-1
1621591842931,1621591842971,40,0,57,4354.37433750743,-1719,188
1621591843071,1621591843091,20,0,47,3421.20434644835,-182,138
1621591843321,1621591843351,30,1,66,2998.6312946726,-1561,83
1621591843610,1621591843630,20,0,38,3389.411952995,-1,124
1621591843730,1621591843790,60,30,740,53635.9818560084,-21745,153
1621591843950,1621591844060,110,5,759,5022.80758448893,-62458,268
1621591844080,1621591844110,30,2,91,3818.4477441383,-1,47
1621591844170,1621591844220,50,2,65,1622.68435202416,-1022,30
1621591844230,1621591844240,10,-1,39,2356.77044999295,-1,-1
1621591844320,1621591844340,20,0,99,-1.0,-5394,0
1621591844350,1621591844390,40,3,229,10640.5832391646,-12621,76
1621591844450,1621591844470,20,2,123,9071.3108171242,-1,101
1621591844480,1621591844490,10,-1,35,2009.2239956983,-1,-1
1621591844650,1621591844670,20,3,327,17842.022400167,-1,105
1621591844750,1621591844940,190,7,788,18772.1394494403,-61384,246
1621591845020,1621591845060,40,1,241,16167.5259288585,-3614,276
1621591845119,1621591845139,20,0,159,-1.0,-10933,156
1621591845159,1621591845199,40,4,162,7798.98284483288,-7268,191
1621591845279,1621591845319,40,0,363,35055.0181694829,-9182,126
1621591845449,1621591845459,10,-1,40,-1.0,-1,-1
1621591845649,1621591845659,10,-1,47,3084.55360005891,-1,-1
1621591845719,1621591845739,20,0,35,507.101985062084,-1,26
1621591845779,1621591845789,10,-1,89,6663.87405044423,-1,-1
1621591845919,1621591845969,50,11,474,-1.0,-9941,245
1621591846049,1621591846069,20,2,229,-1.0,-8712,245
1621591846079,1621591846109,30,1,186,10704.1197721188,-1,294
1621591846169,1621591846179,10,-1,34,-1.0,-1,-1
1621591846209,1621591846229,20,0,40,1238.94177544527,-535,262
1621591846239,1621591846359,120,9,172,10387.8596959289,-4630,0
1621591846449,1621591846459,10,-1,69,-1.0,-1,-1
1621591846529,1621591846569,40,1,55,2287.54538368571,-1667,259
1621591846589,1621591846609,20,0,52,1791.65957106167,-1,251
1621591846689,1621591846768,79,1,159,12407.4931168986,-9630,254
1621591846868,1621591846888,20,0,35,1020.51039442577,-1,97
1621591847058,1621591847068,10,-1,47,2211.06957607523,-1,-1
1621591847148,1621591847158,10,-1,51,-1.0,-1,-1
1621591847328,1621591847478,150,2,217,16349.6859320862,-9322,77
1621591847588,1621591847668,80,7,137,5699.53059648953,-5371,262
1621591847758,1621591847778,20,8,742,36079.9669178827,-1,84
1621591847838,1621591847858,20,0,141,-1.0,-9772,90
1621591848258,1621591848328,70,12,357,9662.52704603897,-150,276
1621591848387,1621591848407,19,0,43,-1.0,-230,308
1621591848567,1621591848577,10,-1,30,95.0329599770235,-1,-1
1621591848597,1621591848757,160,14,202,6598.83410951476,-8727,181
1621591848787,1621591848807,20,0,35,1044.68496737125,-564,180
1621591848817,1621591848857,40,1,43,626.472047890783,-441,220
1621591848867,1621591848927,60,3,121,5587.44664502848,-6357,133
1621591848937,1621591848967,30,1,52,2224.57774173901,-967,194
1621591849087,1621591849117,30,1,148,-1.0,-5962,94
1621591849137,1621591849177,40,1,59,1955.88970239337,-2201,102
1621591849277,1621591849297,20,2,264,13261.4157500332,-1,132
1621591849357,1621591849387,30,1,209,-1.0,-16177,349
1621591849407,1621591849427,20,1,139,9055.40781380738,-1,166
1621591849487,1621591849517,30,2,615,-1.0,-48393,307
1621591849537,1621591849557,20,1,122,6056.87894432228,-1,283
1621591849617,1621591849697,80,18,805,67058.3902044556,-73966,300
1621591849757,1621591849797,40,3,850,59920.9164460071,-76033,126
1621591849927,1621591849957,30,4,342,13411.4966623596,-1,18
1621591850036,1621591850066,30,3,178,-1.0,-10084,356
1621591850076,1621591850086,10,-1,33,612.89776882314,-1,-1
1621591850166,1621591850226,60,7,290,11113.5341215437,-15878,86
1621591850286,1621591850346,60,2,96,4023.33242149214,-2427,213
1621591850616,1621591850636,20,1,315,-1.0,-18765,94
1621591850716,1621591850906,190,14,337,14099.0125947832,-14554,256
1621591850916,1621591850926,10,-1,188,17833.9711476516,-1,-1
1621591851006,1621591851026,20,0,58,3659.11767638125,-1,121
1621591851066,1621591851116,50,5,212,11319.4796339732,-9466,300
1621591851126,1621591851136,10,-1,35,2379.71239877401,-1,-1
1621591851156,1621591851176,20,0,170,11405.1387940109,-1,127
1621591851236,1621591851256,20,0,66,-1.0,-3017,172
1621591851406,1621591851456,50,2,54,1917.31026094437,-14,217
1621591851516,1621591851526,10,-1,30,-1.0,-1,-1
1621591851586,1621591851596,10,-1,37,2178.32516603744,-1,-1
1621591851656,1621591851666,10,-1,45,-1.0,-1,-1
1621591851715,1621591851725,10,-1,361,33953.3291584233,-1,-1
1621591851785,1621591851805,20,0,36,-1.0,-4,169
1621591851885,1621591851895,10,-1,30,1910.21076357829,-1,-1
1621591851925,1621591851955,30,1,72,3750.53491792073,-1,62
1621591851965,1621591852005,40,1,53,1576.34540107251,-1,50
1621591852065,1621591852075,10,-1,36,-1.0,-1,-1
1621591852115,1621591852125,10,-1,33,817.102985727556,-1,-1
1621591852265,1621591852275,10,-1,78,5479.02866225317,-1,-1
1621591852335,1621591852355,20,0,86,-1.0,-3423,60
1621591852475,1621591852495,20,0,34,532.26677532628,-366,38
1621591852675,1621591852685,10,-1,31,1421.64613113433,-1,-1
1621591853065,1621591853085,20,0,70,-1.0,-3440,323
1621591853255,1621591853275,20,1,209,16252.1603940177,-1,90
1621591853354,1621591853424,69,5,342,10025.3938360589,-22033,283
1621591853484,1621591853504,20,0,43,-1.0,-856,343
1621591853544,1621591853564,20,0,33,2116.75444953885,-1,36
1621591853614,1621591853684,70,2,48,2151.25135077619,-1400,11
1621591853714,1621591853744,30,0,38,535.52233843444,-12,337
1621591853754,1621591853824,70,9,475,25802.6224662789,-19428,186
1621591853914,1621591853954,40,10,459,16798.6420220541,-16937,276
1621591854034,1621591854054,20,1,194,-1.0,-12975,291
1621591854074,1621591854094,20,9,1486,101086.75531707,-1,25
1621591854154,1621591854204,50,5,628,21810.651522551,-46217,223
1621591854254,1621591854324,70,2,71,4527.72398109411,-3634,261
1621591854364,1621591854394,30,0,39,1339.17924733884,-173,338
1621591854454,1621591854484,30,2,166,-1.0,-6901,151
1621591854494,1621591854504,10,-1,69,5567.73532541201,-1,-1
1621591854514,1621591854554,40,2,80,4105.02397938959,-2750,34
1621591854574,1621591854674,100,5,76,2697.65795559608,-2901,346
1621591854754,1621591854764,10,-1,34,487.350585659822,-1,-1
1621591854774,1621591854844,70,2,64,2961.46051825381,-1906,0
1621591854884,1621591854894,10,-1,39,1609.62692385158,-1,-1
1621591854914,1621591854924,10,-1,54,4605.91430687202,-1,-1
1621591854984,1621591855033,49,11,487,-1.0,-16371,185
1621591855073,1621591855143,70,0,98,6824.45346401322,-5742,27
1621591855163,1621591855193,30,1,82,6008.19079452556,-4259,74
1621591855303,1621591855313,10,-1,42,1759.59763693316,-1,-1
1621591855393,1621591855483,90,10,881,78698.796436239,-62494,327
1621591855553,1621591855583,30,0,169,8077.80202667289,-13619,81
1621591855593,1621591855603,10,-1,69,4957.85812587328,-1,-1
1621591855613,1621591855633,20,0,55,3649.19309895515,-2032,75
1621591855713,1621591855723,10,-1,44,3441.74337055621,-1,-1
1621591855733,1621591855743,10,-1,59,3733.34133589092,-1,-1
1621591856033,1621591856053,20,0,71,-1.0,-4117,30
1621591856173,1621591856183,10,-1,31,736.702622835672,-1,-1
1621591856213,1621591856243,30,5,267,13857.6758260744,-85,182
1621591856253,1621591856293,40,9,288,27507.1926253603,-13499,4
1621591856323,1621591856343,20,1,160,7761.44583747886,-1,78
1621591856463,1621591856513,50,0,376,26030.4862300881,-29162,51
1621591856573,1621591856642,69,0,328,19551.5165470998,-22700,0
1621591856732,1621591856792,60,5,150,10765.0950905898,-7683,176
1621591856852,1621591856902,50,1,86,5591.10339972744,-5078,51
1621591857002,1621591857052,50,2,351,7362.44666064108,-20941,192
1621591857132,1621591857152,20,0,42,-1.0,-1263,187
1621591857242,1621591857292,50,6,217,15655.529346022,-9211,9
1621591857312,1621591857322,10,-1,77,5497.47221387745,-1,-1
1621591857382,1621591857462,80,10,271,18673.4660031298,-22267,332
1621591857612,1621591857632,20,0,43,1985.14156238821,-1,209
1621591857672,1621591857682,10,-1,50,2530.94622351008,-1,-1
1621591857712,1621591857742,30,1,89,2967.75009914402,-1,208
1621591857802,1621591857872,70,3,290,11654.2166475312,-20319,222
1621591857972,1621591857992,20,0,64,45.3624248717958,-1,180
1621591858002,1621591858012,10,-1,41,2218.94672021969,-1,-1
1621591858022,1621591858042,20,0,72,3628.46491895899,-1,169
1621591858152,1621591858232,80,1,340,23955.5852676816,-27535,191
1621591858272,1621591858312,40,0,53,2487.83719816319,-2131,122
1621591858371,1621591858381,10,-1,96,-1.0,-1,-1
1621591858431,1621591858441,10,-1,78,6373.88851067171,-1,-1
1621591858751,1621591858841,90,8,435,3890.39950863755,-17220,201
1621591858951,1621591858991,40,3,186,10685.7363848253,-1577,204
1621591859051,1621591859111,60,13,367,27454.9909341308,-6709,67
1621591859231,1621591859261,30,4,174,5460.82405981993,-1,244
1621591859321,1621591859331,10,-1,66,-1.0,-1,-1
1621591859351,1621591859381,30,2,147,4440.00375882791,-1,78
1621591859451,1621591859461,10,-1,42,-1.0,-1,-1
1621591859471,1621591859581,110,4,97,2896.47533200089,-5241,236
1621591859591,1621591859631,40,1,63,3457.80687672153,-2044,63
1621591859701,1621591859711,10,-1,33,-1.0,-1,-1
1621591859761,1621591859781,20,0,34,2379.01080377933,-343,150
1621591859811,1621591859831,20,0,43,1251.22841030484,-1,167
1621591859891,1621591859921,30,14,1819,-1.0,-113581,86
1621591859931,1621591859941,10,-1,78,5248.50501106229,-1,-1
1621591860000,1621591860040,40,2,98,2451.22686904138,-3101,116
1621591860340,1621591860350,10,-1,36,-1.0,-1,-1
1621591860370,1621591860380,10,-1,33,758.244881078015,-1,-1
1621591860390,1621591860410,20,0,97,5592.05601675638,-1,137
1621591860620,1621591860680,60,3,418,24378.3112612105,-21982,77
1621591860740,1621591860800,60,16,743,46765.5630351595,-55741,237
1621591860870,1621591860900,30,2,129,4444.91497521532,-1,51
1621591861000,1621591861040,40,6,405,-1.0,-13999,272
1621591861050,1621591861090,40,3,493,36093.4565005858,-44080,297
1621591861150,1621591861170,20,1,116,-1.0,-2327,49
1621591861190,1621591861230,40,2,135,5021.60939467964,-1,352
1621591861290,1621591861310,20,0,92,-1.0,-5411,63
1621591861350,1621591861380,30,1,230,17043.0152810612,-1,102
1621591861440,1621591861530,90,4,485,21312.6336721031,-42972,300
1621591861849,1621591861909,60,6,374,26.1257475130876,-12973,258
1621591861999,1621591862009,10,-1,38,-1.0,-1,-1
1621591862049,1621591862059,10,-1,40,1600.99216355951,-1,-1
1621591862119,1621591862129,10,-1,32,384.602078151184,-1,-1
1621591862139,1621591862159,20,0,38,879.260464195869,-1,35
1621591862249,1621591862309,60,12,510,26612.1286820077,-22219,32
1621591862619,1621591862649,30,3,153,7941.73391049028,-7041,101
1621591862719,1621591862739,20,0,40,1236.20687246883,-1,229
1621591862799,1621591862909,110,22,689,34421.5776723456,-28961,354
1621591862959,1621591863009,50,1,206,16511.5983724083,-2066,236
1621591863099,1621591863109,10,-1,61,-1.0,-1,-1
1621591863119,1621591863209,90,6,107,7236.96991777284,-4285,181
1621591863229,1621591863268,39,1,47,2107.57942006335,-774,182
1621591863318,1621591863338,20,0,36,957.602251476401,-626,187
1621591863498,1621591863508,10,-1,30,-1.0,-1,-1
1621591863778,1621591863798,20,0,33,363.46897039077,-1,209
1621591863848,1621591863858,10,-1,42,3503.26590864841,-1,-1
1621591863948,1621591863968,20,0,50,2326.33519968001,-2028,225
1621591864038,1621591864088,50,9,361,-1.0,-16301,96
1621591864098,1621591864198,100,2,95,4029.0101385853,-3401,239
1621591864248,1621591864258,10,-1,59,4865.09680687904,-1,-1
1621591864338,1621591864348,10,-1,51,-1.0,-1,-1
1621591864388,1621591864428,40,1,274,17294.1920546366,-12138,192
1621591864488,1621591864528,40,6,255,12406.9913013007,-19718,111
1621591864598,1621591864688,90,0,142,9602.49802571505,-8154,41
1621591864748,1621591864768,20,0,65,-1.0,-2976,225
1621591864778,1621591864798,20,0,60,3096.32879266452,-1597,36
1621591864808,1621591864838,30,1,56,1407.97399261549,-1,21
1621591864937,1621591864997,59,10,396,24940.7154982051,-22042,244
1621591865057,1621591865147,90,3,223,10130.0818760158,-2839,327
1621591865227,1621591865627,400,1,714,41718.0963132642,-38457,47
1621591865637,1621591865677,40,8,305,15515.3134373377,-16336,187
1621591865687,1621591865787,100,9,134,6039.10042914423,-3380,0
1621591865807,1621591865867,60,1,40,837.655292369006,-133,3
1621591866057,1621591866097,40,6,226,12985.1341784433,-10860,9
1621591866117,1621591866157,40,0,48,2591.05077180983,-918,192
1621591866167,1621591866187,20,0,41,1090.38764583289,-1,200
1621591866197,1621591866227,30,6,331,20694.5350868237,-16225,110
1621591866307,1621591866427,120,6,1163,108988.164208515,-105012,258
1621591866457,1621591866487,30,6,396,16746.7239003837,-1,106
1621591866607,1621591866656,49,8,685,57501.9298967586,-35040,321
1621591866716,1621591866776,60,2,384,19367.7638034159,-33937,320
1621591866786,1621591866926,140,1,481,40822.4763750316,-16923,253
1621591867006,1621591867166,160,8,114,6040.08847477303,-2953,357
1621591867286,1621591867326,40,2,909,-1.0,-82344,266
1621591867366,1621591867406,40,1,55,2924.88396797457,-2148,122
1621591867436,1621591867506,70,16,772,33526.7118373553,-5297,9
1621591867586,1621591867596,10,-1,863,-1.0,-1,-1
1621591867606,1621591867796,190,18,519,27384.9180368185,-24849,341
1621591867886,1621591867936,50,50,1938,11323.4797711217,-103270,2
1621591868036,1621591868096,60,8,279,1105.68271554463,-10130,176
1621591868106,1621591868206,100,1,217,12930.1407446474,-7483,297
1621591868285,1621591868335,50,7,766,35335.4838243163,-8283,45
1621591868415,1621591868755,340,21,949,42942.1707418093,-21474,11
1621591869805,1621591869894,89,3,293,5255.91733764241,-12242,159
1621591869904,1621591869954,50,2,131,8129.64431108641,-1071,300
1621591869964,1621591870024,60,11,388,19543.4457145443,-16056,129
1621591870114,1621591870124,10,-1,43,-1.0,-1,-1
1621591870134,1621591870194,60,4,104,2592.69932854903,-3723,8
1621591870264,1621591870284,20,1,105,-1.0,-4663,352
1621591870554,1621591870624,70,15,873,2792.606686415,-37338,232
1621591870684,1621591870764,80,7,219,7206.10030609835,-5492,10
1621591870824,1621591870834,10,-1,98,-1.0,-1,-1
1621591870844,1621591871004,160,2,130,6895.90696124314,-8541,200
1621591871014,1621591871044,30,1,389,31535.4323265216,-24204,76
1621591871104,1621591871174,70,2,504,31064.911595669,-38725,41
1621591871204,1621591871244,40,2,235,20053.3049939916,-9588,103
1621591871254,1621591871274,20,1,166,13879.4756564346,-10451,59
1621591871284,1621591871304,20,3,401,24524.9599208274,-1,300
1621591871384,1621591871404,20,4,346,-1.0,-13557,344
1621591871424,1621591871554,130,6,392,13709.6243428851,-32379,185
1621591871563,1621591871623,59,0,322,21690.5305611694,-20180,26
1621591871663,1621591871703,40,1,36,1001.02931805115,-291,151
1621591871713,1621591871753,40,1,53,1362.97321110563,-794,174
1621591871763,1621591871863,100,4,170,6516.12008433611,-4366,134
1621591871923,1621591872113,190,25,625,20605.3432986206,-33929,17
1621591872143,1621591872263,120,8,173,11540.1320510293,-9516,330
1621591872323,1621591872333,10,-1,41,-1.0,-1,-1
1621591872373,1621591872413,40,3,468,23470.2642323058,-2068,97
1621591872623,1621591872673,50,7,473,-1.0,-23532,234
1621591872753,1621591872773,20,0,75,-1.0,-2737,338
1621591872783,1621591872893,110,10,430,26783.0965403836,-19676,234
1621591872903,1621591872923,20,1,76,3334.81198900422,-1,349
1621591872933,1621591872993,60,-1,63,4037.42863846866,-1,-1
1621591873053,1621591873063,10,-1,220,19470.5638323641,-1,-1
1621591873083,1621591873232,149,7,626,35635.3189162097,-24316,296
1621591873242,1621591873362,120,6,354,24463.230305921,-13027,69
1621591873422,1621591873442,20,1,194,-1.0,-10107,194
1621591873452,1621591873552,100,4,398,20892.2901923544,-17307,221
1621591873562,1621591873642,80,7,1236,102702.008164824,-7958,93
1621591873702,1621591873772,70,7,307,14861.3920137413,-12818,237
1621591873792,1621591873892,100,1,293,22677.6707094937,-15744,306
1621591874032,1621591874092,60,2,400,21119.2456136532,-30373,226
1621591874152,1621591874162,10,-1,34,-1.0,-1,-1
1621591874901,1621591874941,40,3,175,13285.6648941602,-5321,107
1621591875031,1621591875091,60,3,177,9069.75539042727,-11482,201
1621591875111,1621591875201,90,2,242,10081.949303873,-9593,265
1621591875431,1621591875451,20,1,177,-1.0,-8955,47
1621591875471,1621591875491,20,1,139,9409.31766624297,-1,104
1621591875571,1621591875621,50,4,385,8067.71779848195,-23057,17
1621591875651,1621591875661,10,-1,43,2100.27620232556,-1,-1
1621591875671,1621591875721,50,5,336,13527.4700617564,-26087,245
1621591875851,1621591875871,20,0,38,-1.0,-590,285
1621591875971,1621591876091,120,22,582,24433.8361705839,-26742,21
1621591876111,1621591876191,80,3,77,3312.6332649822,-2088,196
1621591876251,1621591876271,20,0,48,-1.0,-1797,240
1621591876351,1621591876391,40,3,125,4714.18529187676,-54,36
1621591876401,1621591876411,10,-1,82,6165.76878534734,-1,-1
1621591876640,1621591876740,100,26,522,21660.4494719406,-18623,198
1621591876800,1621591876810,10,-1,45,-1.0,-1,-1
1621591876820,1621591876850,30,1,114,4543.64025248129,-1,104
1621591876880,1621591876900,20,6,326,27896.7543297601,-1,259
1621591877040,1621591877060,20,0,49,1993.68111679552,-1,354
1621591877110,1621591877230,120,14,500,37688.3791059325,-17338,77
1621591877270,1621591877290,20,0,36,2236.77817237321,-1,85
1621591877310,1621591877330,20,0,35,1516.07985708769,-1,64
1621591877460,1621591877470,10,-1,32,2415.32972646281,-1,-1
1621591877510,1621591877530,20,1,68,4923.20083331688,-1,155
1621591877600,1621591877630,30,0,55,2056.63856642345,-1,230
1621591877660,1621591877740,80,6,138,4789.25978881029,-4458,244
1621591877820,1621591877890,70,3,116,2547.86122423972,-7102,245
1621591877900,1621591877910,10,-1,35,879.988736066622,-1,-1
1621591877920,1621591877980,60,2,162,6884.4282523072,-9444,111
1621591877990,1621591878000,10,-1,59,4488.86939968894,-1,-1
1621591878100,1621591878179,79,6,218,8897.10516444583,-13829,102
1621591878189,1621591878239,50,3,333,20321.3856421809,-1,326
1621591878389,1621591878459,70,5,425,8050.37906872303,-29715,334
1621591878539,1621591878559,20,0,37,1177.7467073513,-541,75
1621591878589,1621591878609,20,0,44,1391.70405577445,-1,75
1621591878959,1621591879009,50,6,260,9373.6604550757,-289,83
1621591879089,1621591879129,40,4,174,4267.39546970215,-9669,243
1621591879199,1621591879279,80,2,42,1124.14704676262,-900,231
1621591879289,1621591879319,30,1,67,2490.39784501885,-2302,232
1621591879339,1621591879359,20,1,59,4092.95717116327,-2002,203
1621591879389,1621591879399,10,-1,40,1890.09225032172,-1,-1
1621591879439,1621591879499,60,2,105,8769.07394280447,-3101,275
1621591879559,1621591879579,20,0,52,1716.68664727259,-1,56
1621591879838,1621591879908,70,5,458,34331.5113606684,-32411,265
1621591879938,1621591879958,20,1,89,6142.3597019715,-2796,82
1621591879978,1621591879988,10,-1,33,1298.29184684767,-1,-1
1621591880068,1621591880118,50,2,91,-1.0,-2603,176
1621591880198,1621591880288,90,26,402,5833.72849551565,-7499,26
1621591880378,1621591880428,50,3,217,10868.269256501,-1,197
1621591880488,1621591880628,140,4,524,30608.6534813738,-27612,33
1621591880678,1621591880708,30,9,1141,68717.7806802977,-1,259
1621591881068,1621591881128,60,8,625,3989.89530359176,-40081,189
1621591881168,1621591881198,30,1,66,3440.50932769227,-3308,180
1621591881208,1621591881288,80,3,302,24994.1043951183,-24985,16
1621591881308,1621591881328,20,0,37,2183.13324875526,-106,309
1621591881368,1621591881388,20,1,84,4665.30223941118,-1,146
1621591881637,1621591881677,40,16,1102,80909.8289973954,-45374,201
1621591881637,1621591881677,40,16,1102,80909.8289973954,-45374,201
1621591881737,1621591881827,90,6,138,9887.55093056502,-3950,200
1621591881887,1621591881907,20,0,95,-1.0,-6212,144
1621591881927,1621591881957,30,1,73,2564.07073825747,-1,357
1621591882017,1621591882027,10,-1,38,-1.0,-1,-1
1621591882167,1621591882187,20,0,108,-1.0,-5212,310
1621591882217,1621591882227,10,-1,58,4760.68361683626,-1,-1
1621591882337,1621591882357,20,0,45,1240.77414367671,-1,75
1621591882417,1621591882467,50,4,118,4173.13563980538,-4765,32
1621591882497,1621591882507,10,-1,33,1383.04389803204,-1,-1
1621591882767,1621591882787,20,1,190,9340.11388160096,-1,86
1621591882857,1621591882927,70,3,142,7212.83763993282,-2415,272
1621591883176,1621591883206,30,1,186,10448.84325439,-9514,27
1621591883286,1621591883306,20,1,120,-1.0,-6262,300
1621591883316,1621591883326,10,-1,39,3231.33479626214,-1,-1
1621591883406,1621591883446,40,1,85,103.077387151485,-3849,350
1621591883506,1621591883546,40,2,64,2588.04484813023,-64,16
1621591883676,1621591883696,20,0,38,1472.94032830897,-390,57
1621591883756,1621591883766,10,-1,30,961.390376296882,-1,-1
1621591883816,1621591883836,20,0,33,403.249420310575,-1,105
1621591883886,1621591883896,10,-1,93,6431.97411238993,-1,-1
1621591883956,1621591884036,80,3,87,3700.42692530373,-5255,75
1621591884106,1621591884126,20,0,106,-1.0,-6658,116
1621591884166,1621591884196,30,1,46,1677.92089597165,-1,215
1621591884236,1621591884246,10,-1,44,1745.46834965922,-1,-1
1621591884356,1621591884386,30,1,48,1256.3852619978,-1193,15
1621591884396,1621591884416,20,0,84,3118.55545613449,-1,104
1621591884516,1621591884626,110,6,166,7321.87032633637,-9938,273
1621591884656,1621591884676,20,0,33,332.761372809542,-1,219
1621591884915,1621591884965,50,9,480,13312.1373434405,-1,203
1621591885435,1621591885505,70,19,2796,81020.121956001,-258557,201
1621591885565,1621591885795,230,7,355,14631.6323784292,-15381,43
1621591885865,1621591885875,10,-1,59,-1.0,-1,-1
1621591885885,1621591885945,60,3,139,4798.55805893162,-460,256
1621591886005,1621591886045,40,4,173,2463.38303241279,-6252,6
1621591886055,1621591886065,10,-1,96,6846.34241002902,-1,-1
1621591886165,1621591886255,90,3,124,3916.65461070305,-4833,90
1621591886315,1621591886375,60,0,150,9188.03197191865,-8361,135
1621591886454,1621591886474,20,2,333,-1.0,-10731,43
1621591886804,1621591886964,160,11,360,10843.2476822576,-27583,330
1621591886974,1621591887054,80,4,85,4124.91298641694,-1039,215
1621591887114,1621591887124,10,-1,48,-1.0,-1,-1
1621591887154,1621591887274,120,7,136,5268.59041899641,-5261,109
1621591887294,1621591887404,110,18,496,21887.3763955782,-11828,120
1621591887424,1621591887524,100,7,115,3698.87536905007,-2833,276
1621591887594,1621591887614,20,3,553,35781.9547935665,-1,135
1621591887674,1621591887754,80,2,513,46442.9394601674,-24259,67
1621591887834,1621591887874,40,1,94,-1.0,-2906,298
1621591887984,1621591887994,10,-1,39,2840.39788944099,-1,-1
1621591888104,1621591888113,9,-1,35,-1.0,-1,-1
1621591888163,1621591888193,30,1,54,2226.20265449915,-2008,84
1621591888213,1621591888243,30,2,99,4388.59336921892,-14,80
1621591888253,1621591888273,20,0,46,2598.9713227099,-597,118
1621591888303,1621591888343,40,10,438,28845.0007731751,-5691,142
1621591888403,1621591888533,130,6,240,10746.5296192149,-12621,51
1621591888543,1621591888593,50,1,138,7369.16655284755,-2432,315
1621591888653,1621591888663,10,-1,164,-1.0,-1,-1
1621591888693,1621591888713,20,0,45,2827.16740259903,-6,323
1621591888773,1621591888793,20,1,98,-1.0,-4296,138
1621591888803,1621591888873,70,1,279,18374.8392827928,-20451,12
1621591888933,1621591888983,50,3,246,2210.63714794402,-11766,86
1621591889083,1621591889133,50,11,592,-1.0,-20078,261
1621591889143,1621591889263,120,9,237,9057.24971983302,-649,96
1621591889323,1621591889333,10,-1,41,-1.0,-1,-1
1621591889343,1621591889463,120,7,335,15506.2741737239,-25420,159
1621591889473,1621591889513,40,2,78,3574.32349785835,-2417,187
1621591889653,1621591889673,20,0,42,3913.89983560191,-988,129
1621591889683,1621591889713,30,1,136,6706.4016718853,-1,100
1621591889772,1621591889782,10,-1,298,-1.0,-1,-1
1621591889792,1621591889802,10,-1,40,1496.09596697588,-1,-1
1621591889852,1621591889892,40,9,426,20274.6365936736,-1096,101
1621591890052,1621591890082,30,3,489,32821.967573022,-8588,63
1621591890232,1621591890372,140,19,1039,32355.0979365413,-63148,199
1621591890482,1621591890542,60,13,371,14148.837353672,-32009,316
1621591890562,1621591890762,200,10,418,22111.4850676382,-35338,160
1621591890922,1621591890992,70,4,808,43570.8259030925,-73728,221
1621591891152,1621591891252,100,9,652,31426.6660938604,-34956,283
1621591891342,1621591891362,20,0,46,4121.38758953502,-1,328
1621591891511,1621591891521,10,-1,37,1157.85495416874,-1,-1
1621591891531,1621591891561,30,0,574,53712.3904687473,-1,126
1621591891621,1621591891661,40,5,473,-1.0,-23316,104
1621591891671,1621591891691,20,0,35,2510.35646083594,-1,263
1621591891751,1621591891811,60,2,351,27415.8107123143,-17403,226
1621591891751,1621591891811,60,2,351,27415.8107123143,-17403,226
1621591891871,1621591891941,70,7,654,30044.4590396414,-4164,200
1621591892001,1621591892021,20,2,266,-1.0,-15810,100
1621591892061,1621591892091,30,3,225,7881.50246296656,-1,86
1621591892171,1621591892191,20,0,140,-1.0,-9744,202
1621591892231,1621591892241,10,-1,87,7574.95955220969,-1,-1
1621591892311,1621591892391,80,1,68,3952.65244989173,-2645,52
1621591892471,1621591892491,20,0,85,-1.0,-4926,306
1621591892501,1621591892511,10,-1,34,2518.58816509341,-1,-1
1621591892571,1621591892581,10,-1,39,-1.0,-1,-1
1621591892601,1621591892651,50,6,205,11391.2439685626,-8544,357
1621591892661,1621591892681,20,0,42,1029.15662473619,-1,14
1621591892711,1621591892741,30,1,81,2935.72996994921,-4240,65
1621591892751,1621591892771,20,0,229,19620.6171372587,-1,101
1621591892881,1621591892901,20,2,441,-1.0,-31839,266
1621591892931,1621591892941,10,-1,41,2439.65895131211,-1,-1
1621591892951,1621591892991,40,5,205,7907.38347323727,-7976,202
1621591893041,1621591893080,39,0,116,10511.6532917051,-6142,135
1621591893140,1621591893160,20,0,61,-1.0,-2782,286
1621591893180,1621591893210,30,1,218,16325.291314252,-1670,74
1621591893270,1621591893410,140,7,379,26325.4591461716,-20989,90
1621591893440,1621591893460,20,1,257,18184.4397061932,-1,115
1621591893470,1621591893480,10,-1,249,23546.1419517943,-1,-1
1621591893540,1621591893660,120,5,300,16765.3806242815,-22817,64
1621591893730,1621591893740,10,-1,54,2697.1567527393,-1,-1
1621591893800,1621591893810,10,-1,58,-1.0,-1,-1
1621591893880,1621591894020,140,39,694,23146.3333071904,-31135,314
1621591894090,1621591894150,60,5,630,55.1013744585447,-40140,283
1621591894170,1621591894210,40,1,50,957.691556003012,-1322,190
1621591894370,1621591894390,20,1,151,-1.0,-10114,313
1621591894550,1621591894610,60,3,127,5975.37466775699,-7557,185
1621591894640,1621591894660,20,0,38,2235.68947295619,-1,195
1621591895309,1621591895329,20,1,120,8097.5860900782,-1,113
1621591895389,1621591895479,90,27,919,30900.6334989508,-49147,220
1621591895839,1621591895869,30,1,81,4512.25567645522,-3977,23
1621591896029,1621591896039,10,-1,34,2245.54636554,-1,-1
1621591896239,1621591896269,30,1,62,1780.08306459004,-2841,49
1621591896289,1621591896299,10,-1,46,3198.91722837128,-1,-1
1621591896398,1621591896408,10,-1,58,-1.0,-1,-1
1621591896468,1621591896478,10,-1,30,1068.12867698742,-1,-1
1621591896878,1621591896908,30,1,57,2197.12178278798,-2330,321
1621591897048,1621591897058,10,-1,62,3568.98467510652,-1,-1
1621591897218,1621591897228,10,-1,48,2399.24441791805,-1,-1
1621591897288,1621591897298,10,-1,462,-1.0,-1,-1
1621591897418,1621591897598,180,11,311,15224.5880078786,-18276,318
1621591897628,1621591897638,10,-1,49,4643.95074431814,-1,-1
1621591897718,1621591897778,60,3,94,3409.40060141915,-3864,169
1621591897888,1621591897918,30,1,75,3391.44672926409,-3477,282
1621591897938,1621591897948,10,-1,39,2218.80269111139,-1,-1
1621591898067,1621591898077,10,-1,42,2887.61520347634,-1,-1
1621591898197,1621591898237,40,2,81,3208.37623805113,-3242,232
1621591898537,1621591898577,40,1,54,3303.26608875197,-1,21
1621591898757,1621591898787,30,1,78,3727.11369271036,-1139,225
1621591898847,1621591898907,60,1,76,6172.66395042249,-3905,97
1621591899027,1621591899077,50,1,46,2783.05178738603,-1,280
1621591899137,1621591899177,40,1,50,692.459349806537,-1237,116
1621591899207,1621591899237,30,1,61,2870.44795047182,-1938,100
1621591899257,1621591899297,40,1,71,2537.90525810797,-377,85
1621591899437,1621591899497,60,7,203,7955.99504427075,-7783,250
1621591899786,1621591899806,20,2,324,8614.63393409034,-1,71
1621591899866,1621591899896,30,1,348,-1.0,-28105,27
1621591900056,1621591900076,20,1,369,27682.8803440844,-1,183
1621591900156,1621591900236,80,2,375,27357.9835809438,-25398,140
1621591900306,1621591900326,20,1,226,11938.0787609955,-1,199
1621591900406,1621591900546,140,9,375,14614.4383435045,-30484,267
1621591900556,1621591900606,50,3,102,7459.16306785398,-5021,252
1621591900626,1621591900646,20,1,324,23992.6197825274,-1,104
1621591900706,1621591900796,90,8,169,4276.01288682179,-8652,31
1621591900856,1621591900866,10,-1,42,-1.0,-1,-1
1621591900926,1621591900936,10,-1,38,1337.2509479533,-1,-1
1621591901016,1621591901036,20,0,115,-1.0,-5897,227
1621591901226,1621591901256,30,2,120,5969.14321111618,-4965,242
1621591901276,1621591901335,59,3,87,3405.39708604197,-3400,195
1621591901355,1621591901365,9,-1,52,2758.44186285393,-1,-1
1621591901825,1621591901895,70,4,309,3139.82813492629,-20934,285
1621591901955,1621591902035,80,10,320,19856.9654919705,-17979,105
1621591902115,1621591902195,80,2,148,4383.28884384757,-10705,283
1621591902295,1621591902325,30,0,52,3598.54038434869,-1165,296
1621591902535,1621591902565,30,3,252,-1.0,-10393,29
1621591902695,1621591902715,20,0,69,3578.18445874055,-1,281
1621591902974,1621591903014,39,4,1191,86755.6214231206,-103749,93
1621591903154,1621591903194,40,3,144,7941.28360569059,-8143,303
1621591903254,1621591903264,10,-1,349,-1.0,-1,-1
1621591903604,1621591903634,30,22,1117,32132.0283705949,-75764,272
1621591903654,1621591903674,20,5,233,19239.0272347089,-1,265
1621591903704,1621591903734,30,0,43,1695.9816357661,-713,123
1621591903814,1621591903824,10,-1,53,-1.0,-1,-1
1621591904104,1621591904134,30,2,352,-1.0,-21841,273
1621591904244,1621591904284,40,2,87,2628.94788447445,-3746,163
1621591904324,1621591904374,50,0,103,5713.39488322409,-7384,180
1621591904524,1621591904554,30,1,64,-1.0,-2367,0
1621591904584,1621591904594,10,-1,50,3983.5360894241,-1,-1
1621591904673,1621591904723,50,9,318,17754.7047300938,-13860,28
1621591904743,1621591904773,30,0,38,872.18154767241,-534,222
1621591904783,1621591904873,90,3,565,53280.683320119,-1025,214
1621591904943,1621591905043,100,11,464,21214.0996982099,-6636,164
1621591905123,1621591905143,20,1,172,-1.0,-10750,277
1621591905193,1621591905213,20,0,79,4678.32205571545,-1,33
1621591905273,1621591905323,50,3,115,4017.99524128112,-3110,21
1621591905453,1621591905463,10,-1,59,3416.14342100807,-1,-1
1621591905523,1621591905533,10,-1,41,-1.0,-1,-1
1621591905673,1621591905683,10,-1,36,-1.0,-1,-1
1621591905693,1621591905703,10,-1,48,2054.78899005983,-1,-1
1621591905713,1621591905813,100,27,548,24307.3187285755,-27347,164
1621591905833,1621591905873,40,1,54,2631.53016960109,-399,345
1621591905953,1621591905963,10,-1,78,-1.0,-1,-1
1621591906133,1621591906193,60,19,718,41320.364538146,-10389,204
1621591907022,1621591907052,30,5,551,-1.0,-30627,346
1621591907122,1621591907132,10,-1,66,-1.0,-1,-1
1621591907152,1621591907202,50,9,337,19683.5623616997,-16713,118
1621591907282,1621591907322,40,2,91,6484.76798696182,-3741,316
1621591907382,1621591907452,70,3,366,6834.64624126242,-19028,241
1621591907472,1621591907492,20,1,254,17670.3977290932,-1,191
1621591907552,1621591907582,30,2,261,-1.0,-14808,307
1621591907652,1621591907702,50,7,243,11699.0435542394,-11221,355
1621591907862,1621591907912,50,7,291,15935.6753172969,-16294,177
1621591908101,1621591908171,70,4,267,19505.7742763746,-14573,75
1621591908211,1621591908271,60,9,205,9729.39811849249,-4064,83
1621591908551,1621591908561,10,-1,230,-1.0,-1,-1
1621591908571,1621591908591,20,1,74,5530.38271129201,-74,243
1621591908601,1621591908611,10,-1,33,1727.15493870665,-1,-1
1621591908721,1621591908771,50,2,265,13536.944500221,-14763,294
1621591908831,1621591908861,30,1,151,-1.0,-9438,270
1621591908981,1621591909041,60,12,561,23048.2543721632,-30848,213
1621591909121,1621591909171,50,4,170,8002.42529515071,-10819,218
1621591909181,1621591909191,10,-1,67,6491.05810515645,-1,-1
1621591909271,1621591909391,120,5,254,18907.5713144189,-18680,186
1621591909531,1621591909541,10,-1,47,-1.0,-1,-1
1621591909560,1621591909591,30,3,207,12524.3283799877,-1,278
1621591909600,1621591909620,19,0,58,4963.6735662899,-2543,201
1621591909670,1621591909760,90,7,652,44383.8786616996,-58113,32
1621591909830,1621591909890,60,6,377,11190.8283699076,-24245,298
1621591909960,1621591910010,50,4,143,6978.65577471766,-4249,183
1621591910120,1621591910140,20,0,90,-1.0,-4676,184
1621591910180,1621591910190,10,-1,46,3682.01388106394,-1,-1
1621591910250,1621591910260,10,-1,42,-1.0,-1,-1
1621591910420,1621591910440,20,0,39,1618.24981474187,-656,249
1621591910590,1621591910610,20,0,43,1601.36521842652,-961,45
1621591910890,1621591910930,40,2,73,2501.83575509046,-29,11
1621591910990,1621591911060,70,18,489,29040.8227712042,-14756,165
1621591911120,1621591911160,40,1,430,4721.39262268485,-39824,25
1621591911170,1621591911210,40,1,49,1851.84392644172,-425,321
1621591911220,1621591911239,19,0,33,480.23889343446,-136,347
1621591911259,1621591911289,30,0,45,1632.58207597113,-1139,6
1621591911319,1621591911339,20,0,70,2884.94426194445,-1,293
1621591911459,1621591911579,120,3,371,18121.7353951723,-19168,263
1621591911599,1621591911629,30,5,404,21408.6952736158,-1,253
1621591911689,1621591911709,20,0,77,-1.0,-4523,41
1621591911739,1621591911779,40,1,66,3906.06749291492,-2178,139
1621591912169,1621591912189,20,0,45,2019.53791939345,-1178,139
1621591912379,1621591912469,90,0,248,14833.5199204301,-13755,315
1621591912639,1621591912659,20,2,174,-1.0,-8046,124
1621591912689,1621591912699,10,-1,37,1603.33973639083,-1,-1
1621591912709,1621591912719,10,-1,43,1403.66959549485,-1,-1
1621591912859,1621591912878,19,0,52,3511.29602825732,-1,344
1621591913348,1621591913408,60,14,1435,131688.641562903,-16903,23
1621591913468,1621591913498,30,35,1882,17852.2699527056,-6103,291
1621591913648,1621591913658,10,-1,330,-1.0,-1,-1
1621591913738,1621591913768,30,3,240,-1.0,-12273,270
1621591913808,1621591913828,20,0,45,1488.13004754228,-1,97
1621591913978,1621591913988,10,-1,40,2885.54451401853,-1,-1
1621591914098,1621591914138,40,2,100,4642.64210362115,-2481,41
1621591914218,1621591914248,30,0,40,1349.86474487462,-325,18
1621591914368,1621591914388,20,0,106,5447.09140958079,-1,195
1621591914518,1621591914528,10,-1,36,2645.41000821561,-1,-1
1621591914587,1621591914677,90,21,499,20647.3389804803,-15766,356
1621591914687,1621591914827,140,15,180,17470.8133749199,-8186,193
1621591914887,1621591914897,10,-1,37,-1.0,-1,-1
1621591914927,1621591914947,20,0,52,2020.70743524916,-1,209
1621591915047,1621591915077,30,1,76,-1.0,-1937,196
1621591915177,1621591915207,30,1,56,1706.70919845913,-1765,82
1621591915307,1621591915397,90,25,499,19996.5360941668,-12421,167
1621591915407,1621591915447,40,1,120,5634.49447860304,-133,317
1621591915457,1621591915507,50,1,75,3331.70830194019,-2227,35
1621591915587,1621591915647,60,4,129,5392.33057098017,-3107,18
1621591915757,1621591915977,220,6,410,28846.1930096427,-36645,342
1621591916037,1621591916057,20,0,75,5791.67706042298,-4316,0
1621591916097,1621591916117,20,0,47,1583.65656737612,-1,329
1621591916147,1621591916167,20,0,51,2107.74983028019,-1,309
1621591916177,1621591916226,49,6,170,9633.97952869345,-2890,119
1621591916236,1621591916306,70,2,73,5852.16961335411,-3468,337
1621591916316,1621591916326,10,-1,62,3766.50475188541,-1,-1
1621591916476,1621591916526,50,1,43,2779.7914811599,-1304,180
1621591916536,1621591916566,30,0,56,1336.18657841402,-1,192
1621591916576,1621591916586,10,-1,31,1073.80999528721,-1,-1
1621591916606,1621591916626,20,0,141,10920.2994893866,-1,116
1621591916716,1621591916756,40,5,233,10322.3297753616,-1,290
1621591916816,1621591916876,60,4,350,2624.72283578258,-18659,250
1621591916916,1621591917026,110,5,81,4691.23058428429,-3791,62
1621591917106,1621591917146,40,1,68,2918.54717734739,-1055,248
1621591917176,1621591917196,20,0,39,2032.07404344665,-106,246
1621591917296,1621591917306,10,-1,50,3989.86184255246,-1,-1
1621591917366,1621591917376,10,-1,58,-1.0,-1,-1
1621591917386,1621591917406,20,1,105,5301.48192113827,-1,244
1621591917516,1621591917526,10,-1,131,-1.0,-1,-1
1621591917536,1621591917596,60,4,264,23028.097671262,-11750,85
1621591917606,1621591917626,20,0,81,3682.61809823166,-1,35
1621591918005,1621591918015,10,-1,43,1770.54774423025,-1,-1
1621591918135,1621591918155,20,0,82,-1.0,-4541,302
1621591918195,1621591918205,10,-1,45,2346.63981979697,-1,-1
1621591918255,1621591918315,60,4,150,9562.81142669887,-10982,93
1621591918395,1621591918495,100,5,112,7862.49374774279,-4726,252
1621591918535,1621591918555,20,0,34,2021.53258935727,-417,15
1621591918585,1621591918625,40,4,195,14692.1972601048,-3777,87
1621591918655,1621591918675,20,0,48,1854.52038820535,-303,90
1621591918695,1621591918705,10,-1,31,471.249644328401,-1,-1
1621591918745,1621591918755,10,-1,67,6298.56387467073,-1,-1
1621591918835,1621591918855,20,0,105,-1.0,-2802,277
1621591918865,1621591918875,10,-1,262,23322.843962333,-1,-1
1621591918985,1621591918995,10,-1,36,-1.0,-1,-1
1621591919015,1621591919055,40,5,395,27979.5865367739,-15737,79
1621591919115,1621591919125,10,-1,90,-1.0,-1,-1
1621591919305,1621591919375,70,4,95,4018.53951787213,-3407,139
1621591919385,1621591919395,10,-1,44,1631.40719769547,-1,-1
1621591919534,1621591919674,140,7,384,30854.4677025365,-20304,274
1621591919714,1621591919754,40,0,87,4781.63585300453,-5,116
1621591919814,1621591919844,30,1,74,2435.84193449116,-1318,167
1621591919954,1621591919994,40,1,87,4075.56267305016,-32,315
1621591920014,1621591920024,10,-1,70,5774.38801741383,-1,-1
1621591920134,1621591920144,10,-1,40,1747.54171540432,-1,-1
1621591920154,1621591920274,120,8,316,15949.3765663237,-17176,115
1621591920354,1621591920374,20,0,100,-1.0,-6166,320
1621591920384,1621591920414,30,1,53,2740.62097428576,-256,116
1621591920514,1621591920574,60,5,222,11491.7213820354,-11666,38
1621591920694,1621591920804,110,3,1940,109785.970977684,-171504,85
1621591920934,1621591920944,10,-1,51,-1.0,-1,-1
1621591920964,1621591920984,20,0,37,715.617983939177,-691,246
1621591921014,1621591921024,10,-1,36,1083.29944845122,-1,-1
1621591921183,1621591921273,90,23,598,21492.0698355545,-52221,247
1621591921333,1621591921373,40,1,41,361.102253236441,-1012,46
1621591921463,1621591921543,80,6,186,12409.113248021,-13641,83
1621591921603,1621591921613,10,-1,32,-1.0,-1,-1
1621591921653,1621591921673,20,0,36,1526.02149297399,-1,310
1621591921743,1621591921823,80,3,72,3504.89011768351,-2169,232
1621591921903,1621591921913,10,-1,31,-1.0,-1,-1
1621591922033,1621591922073,40,1,78,-1.0,-1565,280
1621591922173,1621591922193,20,0,49,194.093993467635,-1,68
1621591922223,1621591922263,40,2,85,4782.3840861593,-3817,121
1621591922373,1621591922383,10,-1,34,651.71582008516,-1,-1
1621591922393,1621591922453,60,2,66,3059.45946527587,-2573,205
1621591922473,1621591922503,30,1,77,3930.0043925744,-2755,137
1621591922533,1621591922553,20,0,52,1987.92624767962,-1,102
1621591922713,1621591922743,30,1,44,1073.57247237178,-33,240
1621591922763,1621591922773,10,-1,32,1070.64073724928,-1,-1
1621591922803,1621591922812,9,-1,31,1130.53667398788,-1,-1
1621591922842,1621591922892,50,2,56,1520.34165801299,-1450,128
1621591922912,1621591922932,20,0,54,2492.61747459051,-1,118
1621591922982,1621591922992,10,-1,77,5230.87364777212,-1,-1
1621591923142,1621591923162,20,0,38,1856.97937817025,-1,197
1621591923172,1621591923182,10,-1,36,1002.83920382014,-1,-1
1621591923322,1621591923392,70,2,148,2599.36232312347,-9401,9
1621591923452,1621591923482,30,1,59,49.4627762807177,-1,75
1621591923492,1621591923512,20,0,53,2132.06467546238,-1,194
1621591923542,1621591923562,20,0,65,3971.80857421288,-94,182
1621591923572,1621591923592,20,0,51,2670.92455846942,-1,42
1621591923602,1621591923642,40,4,164,8331.57852275235,-9392,316
1621591923652,1621591923662,10,-1,38,2744.6404560164,-1,-1
1621591923722,1621591923752,30,3,210,-1.0,-9280,120
1621591923892,1621591923962,70,6,208,11804.0105845711,-8116,290
1621591924042,1621591924052,10,-1,34,2061.50054211366,-1,-1
1621591924072,1621591924092,20,0,57,3598.99352076264,-897,71
1621591924152,1621591924222,70,8,452,29766.6411031737,-40090,67
1621591924282,1621591924402,120,6,232,13712.7036918513,-13934,139
1621591924422,1621591924442,20,1,85,5716.41918768476,-4123,288
1621591924462,1621591924561,99,2,363,31431.6015791929,-23893,98
1621591925011,1621591925061,50,6,368,-1.0,-12889,42
1621591925161,1621591925181,20,3,341,16551.1756874483,-1,221
1621591925251,1621591925281,30,2,561,-1.0,-46679,306
1621591925321,1621591925371,50,5,154,6705.31111305481,-74,205
1621591925381,1621591925391,10,-1,46,3639.76186837499,-1,-1
1621591925401,1621591925421,20,0,51,2800.25998272687,-1023,347
1621591925441,1621591925471,30,0,44,3270.59036285689,-1084,0
1621591925531,1621591925541,10,-1,189,-1.0,-1,-1
1621591925641,1621591925761,120,5,374,24454.6424853061,-17971,326
1621591925831,1621591925971,140,6,269,17694.867664698,-15623,203
1621591925981,1621591926001,20,0,50,2417.16631377414,-1953,140
1621591926021,1621591926041,20,0,33,608.967670056218,-19,191
1621591926180,1621591926220,40,1,37,1076.97975089403,-23,182
1621591926230,1621591926240,10,-1,31,914.636288707324,-1,-1
1621591926250,1621591926270,20,1,59,2274.24795378656,-1,262
1621591926280,1621591926340,60,2,114,6347.7802831759,-4891,117
1621591926350,1621591926390,40,1,80,5631.83023851551,-3490,32
1621591926490,1621591926610,120,6,808,74963.6479511111,-65068,43
1621591926810,1621591926870,60,2,76,1741.47818981925,-1097,187
1621591926960,1621591927010,50,3,138,7026.92425232491,-4814,38
1621591927090,1621591927110,20,1,94,-1.0,-4467,29
1621591927150,1621591927180,30,2,98,8478.19139372252,-6328,215
1621591927310,1621591927340,30,2,88,4812.13156904576,-1,27
1621591927410,1621591927430,20,2,105,8352.07469653915,-1030,235
1621591927460,1621591927480,20,0,69,4262.52369932422,-78,221
1621591927490,1621591927520,30,2,101,6667.7751743036,-6862,53
1621591927650,1621591927700,50,2,82,2348.95947862588,-2442,117
1621591927869,1621591927909,40,1,72,5896.32448997773,-2276,252
1621591927969,1621591928009,40,1,53,2347.10298610506,-189,147
1621591928089,1621591928099,10,-1,42,-1.0,-1,-1
1621591928129,1621591928149,20,0,40,2241.93332773479,-1,59
1621591928219,1621591928229,10,-1,78,-1.0,-1,-1
1621591928239,1621591928249,10,-1,53,3004.18000055483,-1,-1
1621591928279,1621591928309,30,1,68,5143.08914776547,-2079,310
1621591928389,1621591928399,10,-1,34,-1.0,-1,-1
1621591928449,1621591928479,30,1,90,7480.26050043702,-2281,72
1621591928589,1621591928629,40,1,35,1977.44102294797,-410,244
1621591928649,1621591928679,30,1,64,3138.55839798302,-1241,321
1621591928749,1621591928759,10,-1,58,3170.13774179786,-1,-1
1621591928789,1621591928819,30,1,78,4959.6303540756,-4874,37
1621591928829,1621591928859,30,1,70,3501.99839684161,-2642,208
1621591929009,1621591929029,20,1,63,2483.8913018283,-1,236
1621591929049,1621591929149,100,3,176,13085.8188824144,-8061,73
1621591929169,1621591929189,20,0,60,2990.28302987418,-1,231
1621591929229,1621591929299,70,4,69,2666.6720876973,-2947,242
1621591929359,1621591929438,79,6,134,6190.18921605786,-4958,68
1621591929568,1621591929588,20,0,72,4041.87293194065,-1,285
1621591929658,1621591929678,20,0,32,646.059875457899,-18,153
1621591929708,1621591929728,20,1,154,7609.62532801442,-1,78
1621591929788,1621591929838,50,11,437,21311.1159612662,-16052,293
1621591929908,1621591929928,20,0,50,2890.26934710745,-593,123
1621591929938,1621591929978,40,4,172,11477.1358305936,-9034,34
1621591929988,1621591930008,20,0,44,3172.94203492663,-34,188
1621591930098,1621591930158,60,5,104,2813.84319325556,-5613,244
1621591930178,1621591930198,20,0,41,1908.88621966432,-1,355
1621591930258,1621591930308,50,3,97,3448.89037459048,-4115,86
1621591930378,1621591930398,20,1,78,5568.31781119917,-1,192
1621591930408,1621591930418,10,-1,41,3267.81286236219,-1,-1
1621591930448,1621591930528,80,4,59,2688.46842897621,-1394,244
1621591930558,1621591930598,40,3,140,6864.78000427566,-5723,9
1621591930638,1621591930658,20,0,54,2977.89278922673,-1521,75
1621591930668,1621591930698,30,0,34,813.909674570089,-462,82
1621591930718,1621591930738,20,0,50,2470.42119778612,-1654,72
1621591930778,1621591930808,30,1,57,2168.62626596448,-530,180
1621591930828,1621591930948,120,5,63,3164.50625854648,-1708,238
1621591931087,1621591931107,19,0,43,1805.47556288137,-1,106
1621591931187,1621591931197,10,-1,35,-1.0,-1,-1
1621591931347,1621591931367,20,0,38,-1.0,-732,228
1621591931387,1621591931407,20,1,149,9939.39401147501,-1,33
1621591931467,1621591931487,20,1,103,-1.0,-6005,136
1621591931627,1621591931647,20,0,52,1939.09550720185,-1,0
1621591931667,1621591931687,20,0,47,2394.36672695671,-231,309
1621591931787,1621591931827,40,2,90,3295.59401154798,-58,135
1621591932447,1621591932507,60,7,394,13679.8942817383,-21753,289
1621591932567,1621591932647,80,11,345,25792.7566087111,-21170,148
1621591932707,1621591932806,99,2,169,9329.26858283039,-12819,306
1621591932856,1621591932886,30,1,74,4831.59914010245,-2982,326
1621591932916,1621591932946,30,1,84,2725.07784146662,-1,67
1621591933006,1621591933046,40,2,153,5401.96599681159,-1,68
1621591933106,1621591933136,30,0,50,-1.0,-892,350
1621591933186,1621591933256,70,3,54,3743.6866356767,-644,297
1621591933266,1621591933326,60,1,160,14232.5232818738,-10404,221
1621591933396,1621591933456,60,7,296,16253.5335311905,-11385,202
1621591933516,1621591933526,10,-1,47,-1.0,-1,-1
1621591933656,1621591933706,50,7,312,14373.930933738,-13129,10
1621591933806,1621591933856,50,1,293,19172.2573027128,-22770,256
1621591933866,1621591933876,10,-1,178,15083.3699213601,-1,-1
1621591933936,1621591933956,20,0,34,-1.0,-4,110
1621591933966,1621591933976,10,-1,54,2439.41202670691,-1,-1
1621591934066,1621591934106,40,1,387,21013.2251067764,-23590,293
1621591934116,1621591934126,10,-1,48,3007.64119359882,-1,-1
1621591934236,1621591934276,40,1,81,2242.58428666944,-3208,303
1621591934306,1621591934356,50,8,266,14304.7760906315,-6877,144
1621591934366,1621591934375,9,-1,81,7257.54909536398,-1,-1
1621591934385,1621591934455,70,3,86,2196.91354283303,-1,338
1621591934515,1621591934545,30,4,323,-1.0,-13353,332
1621591934585,1621591934625,40,2,83,2485.03064445143,-2727,171
1621591934645,1621591934675,30,1,56,1493.66952944054,-1,164
1621591934695,1621591934755,60,2,68,2329.18734826957,-497,159
1621591934785,1621591934795,10,-1,42,1321.04897487467,-1,-1
1621591934875,1621591934905,30,1,129,5845.91781932837,-1,43
1621591935125,1621591935175,50,7,343,13927.715495253,-11579,310
1621591935245,1621591935405,160,13,682,39186.3661872157,-37497,249
1621591935465,1621591935475,10,-1,230,-1.0,-1,-1
1621591935535,1621591935565,30,3,842,-1.0,-69329,289
1621591935715,1621591935745,30,1,82,3994.78828906228,-4492,326
1621591935915,1621591935925,10,-1,35,1762.02055373234,-1,-1
1621591935985,1621591935995,10,-1,67,-1.0,-1,-1
1621591936005,1621591936014,9,-1,32,849.606934973468,-1,-1
1621591936024,1621591936074,49,8,314,17168.933789542,-15225,222
1621591936084,1621591936114,30,2,98,6507.58999410679,-1915,92
1621591936134,1621591936144,10,-1,32,1137.90610079932,-1,-1
1621591936234,1621591936244,10,-1,39,-1.0,-1,-1
1621591936274,1621591936284,10,-1,39,3133.98612630696,-1,-1
1621591936294,1621591936404,110,4,61,3957.33524312037,-1957,347
1621591936414,1621591936444,30,0,47,975.030415936117,-1,79
1621591936504,1621591936514,10,-1,61,-1.0,-1,-1
1621591936524,1621591936534,10,-1,31,1885.13703876872,-1,-1
1621591936564,1621591936574,10,-1,48,3061.82827158775,-1,-1
1621591936654,1621591936664,10,-1,64,-1.0,-1,-1
1621591936764,1621591936784,20,0,34,1976.42645157746,-243,130
1621591936824,1621591936874,50,1,112,6397.12812389406,-339,142
1621591936954,1621591936974,20,0,59,-1.0,-4,138
1621591937094,1621591937184,90,9,375,24250.0131228326,-21380,280
1621591937264,1621591937274,10,-1,36,-1.0,-1,-1
1621591937304,1621591937324,20,2,310,20124.6445868378,-1,23
1621591937474,1621591937594,120,7,179,11190.3902992709,-11450,265
1621591937664,1621591937673,9,-1,42,-1.0,-1,-1
1621591937703,1621591937773,70,4,150,6200.9491073164,-6073,223
1621591937873,1621591937893,20,0,68,3402.64474230637,-1,63
1621591938003,1621591938023,20,0,65,-1.0,-3250,105
1621591938223,1621591938293,70,2,44,1755.01941780641,-524,305
1621591938393,1621591938423,30,2,171,6303.90258749891,-1,4
1621591938433,1621591938443,10,-1,220,20239.8654880423,-1,-1
1621591938523,1621591938543,20,1,166,-1.0,-10234,31
1621591938553,1621591938573,20,0,87,4503.23359418376,-1,75
1621591938633,1621591938683,50,1,54,876.422817224469,-1745,74
1621591938693,1621591938723,30,0,38,913.686993867009,-110,47
1621591938803,1621591938833,30,0,54,125.763109835079,-1667,28
1621591938843,1621591938853,10,-1,33,1764.30303110995,-1,-1
1621591938863,1621591938873,10,-1,37,2472.90992155299,-1,-1
1621591938893,1621591938943,50,2,72,2417.90281334847,-1325,60
1621591938963,1621591939013,50,3,85,4171.09125432447,-748,257
1621591939073,1621591939173,100,4,61,1410.22968608605,-2351,237
1621591939412,1621591939662,250,5,388,26619.2742953816,-19131,52
1621591939842,1621591939862,20,1,302,24060.3780838639,-1,125
1621591939872,1621591939882,10,-1,338,32669.4884896974,-1,-1
1621591939912,1621591939972,60,2,153,7312.25920691244,-11946,264
1621591940032,1621591940192,160,3,546,24560.6358957399,-33602,176
1621591940412,1621591940432,20,0,41,3066.84182453636,-1,48
1621591940912,1621591940922,10,-1,40,4077.11729324615,-1,-1
1621591940932,1621591940952,20,0,36,539.761279273387,-1,318
1621591941111,1621591941141,30,1,68,3319.80673734565,-2392,323
1621591941201,1621591941351,150,4,338,17831.2958820285,-22862,101
1621591941561,1621591941631,70,10,198,7821.99046913814,-5533,214
1621591941701,1621591941771,70,10,322,6158.67380086603,-18430,38
1621591941841,1621591941861,20,1,106,7570.53604939142,-1,193
1621591941881,1621591941961,80,4,280,17317.3142582968,-13863,65
1621591941971,1621591942051,80,2,119,5869.81840788405,-8125,202
1621591942101,1621591942191,90,7,524,38889.1431204787,-12335,138
1621591942251,1621591942331,80,2,245,17290.5117400439,-19344,162
1621591942421,1621591942441,20,0,49,1778.48973390126,-1,109
1621591942471,1621591942481,10,-1,39,2044.58118361808,-1,-1
1621591942501,1621591942581,80,5,214,14734.2597314799,-12141,18
1621591942670,1621591942710,40,3,94,4135.49269440899,-1230,45
1621591943120,1621591943200,80,12,455,16964.5554547326,-8869,281
1621591943340,1621591943420,80,4,214,6301.09254788543,-1,252
1621591943580,1621591943690,110,12,258,9597.5721250887,-8345,278
1621591943700,1621591943710,10,-1,32,3056.43362614269,-1,-1
1621591943790,1621591944100,310,14,637,43080.2798647702,-30584,128
1621591944140,1621591944160,20,0,37,1308.64867647335,-1,289
1621591944230,1621591944260,30,2,132,8695.7782727106,-3696,82
1621591944339,1621591944429,90,11,302,17283.6162814968,-8545,285
1621591944519,1621591944539,20,1,126,6210.68214442552,-1,270
1621591944669,1621591944689,20,1,50,868.196035231149,-1,2
1621591944719,1621591944809,90,19,635,35518.416289956,-25196,69
1621591944869,1621591944919,50,6,902,58694.8371474087,-1478,90
1621591945439,1621591945459,20,0,82,-1.0,-2848,4
1621591945689,1621591945729,40,4,130,-1.0,-5499,117
1621591945749,1621591945789,40,1,61,2378.60657778487,-2187,325
1621591945829,1621591945919,90,3,1606,76997.0291794805,-151970,129
1621591946018,1621591946228,210,8,241,14617.8271936833,-11049,266
1621591946288,1621591946298,10,-1,70,-1.0,-1,-1
1621591946348,1621591946358,10,-1,71,5185.12367390708,-1,-1
1621591946418,1621591946428,10,-1,37,-1.0,-1,-1
1621591946568,1621591946638,70,3,574,41508.9322386934,-19165,113
1621591946758,1621591946778,20,0,76,-1.0,-4340,74
1621591946838,1621591946848,10,-1,50,4811.0610103039,-1,-1
1621591946878,1621591946898,20,4,201,19367.1810133157,-10334,279
1621591946988,1621591946998,10,-1,52,-1.0,-1,-1
1621591947098,1621591947238,140,3,436,12716.4808560432,-28310,188
1621591947318,1621591947328,10,-1,33,1831.56353737081,-1,-1
1621591947388,1621591947408,20,0,46,246.314894026322,-1,274
1621591947418,1621591947428,10,-1,30,726.489988635488,-1,-1
1621591947548,1621591947558,10,-1,262,24903.913932587,-1,-1
1621591947567,1621591947588,20,0,291,29524.1598570189,-14275,247
1621591947598,1621591947707,109,5,226,18442.9627816367,-13980,94
1621591947717,1621591947727,10,-1,36,1618.08579374433,-1,-1
1621591947737,1621591947807,70,2,148,10493.3165437669,-8627,187
1621591948087,1621591948117,30,1,58,3538.62511204849,-1991,307
1621591948147,1621591948157,10,-1,32,2157.85130086284,-1,-1
1621591948237,1621591948287,50,1,99,1539.19219740856,-6824,285
1621591948497,1621591948607,110,10,251,12958.1320652337,-19278,86
1621591948627,1621591948637,10,-1,89,8266.84532358823,-1,-1
1621591948717,1621591948737,20,24,1685,-1.0,-34704,86
1621591949766,1621591949786,20,0,52,-1.0,-814,165
1621591949886,1621591949906,20,18,2188,-1.0,-115449,89
1621591950066,1621591950126,60,10,844,14782.7051695585,-71183,59
1621591950196,1621591950216,20,1,82,-1.0,-2213,99
1621591950326,1621591950396,70,1,74,3429.11687411056,-2834,171
1621591950516,1621591950536,20,0,67,3403.38602872293,-1,255
1621591950546,1621591950556,10,-1,229,20937.5439518128,-1,-1
1621591950766,1621591950796,30,1,308,-1.0,-22895,138
1621591950826,1621591950846,20,0,68,3855.8524555544,-1,284
1621591950876,1621591950905,29,1,73,4370.85818358641,-3454,281
1621591950935,1621591950975,40,1,77,3108.12790888357,-76,261
1621591951035,1621591951055,20,0,68,-1.0,-2918,210
1621591951065,1621591951115,50,2,78,2463.40321775957,-4480,213
1621591951125,1621591951145,20,0,58,3490.15010908867,-1,209
1621591951205,1621591951255,50,1,71,4157.44769196688,-2334,278
1621591951265,1621591951325,60,2,353,26569.5207495486,-24593,294
1621591951365,1621591951375,10,-1,126,10984.1944406467,-1,-1
1621591951455,1621591951485,30,5,376,-1.0,-15452,311
1621591951505,1621591951535,30,1,86,6143.28294296341,-3472,111
1621591951625,1621591951675,50,10,418,31134.7451194348,-28048,146
1621591951685,1621591951695,10,-1,53,4441.85624433119,-1,-1
1621591951755,1621591951765,10,-1,45,-1.0,-1,-1
1621591951945,1621591951975,30,1,63,3343.95845085788,-20,118
1621591952055,1621591952245,190,6,547,25858.3298404894,-23954,331
1621591952315,1621591952375,60,4,501,24770.9682908736,-3309,253
1621591952435,1621591952485,50,4,238,13151.3272752116,-14927,190
1621591952495,1621591952535,40,5,224,12643.1260830085,-12023,60
1621591952554,1621591952574,19,1,248,16972.1655676519,-1,242
1621591952584,1621591952644,60,5,345,31034.0666261693,-24312,221
1621591952894,1621591952934,40,13,489,5579.18036469548,-11330,13
1621591953014,1621591953054,40,5,232,-1.0,-11224,30
1621591953064,1621591953074,10,-1,155,13967.5276411566,-1,-1
1621591953134,1621591953154,20,0,56,-1.0,-54,354
1621591953164,1621591953304,140,5,424,33550.0959732951,-29915,227
1621591953414,1621591953454,40,7,1059,-1.0,-80374,119
1621591953554,1621591953574,20,0,35,92.062668952935,-1,296
1621591953684,1621591953774,90,6,157,6775.84414326318,-2841,62
1621591953834,1621591953924,90,14,460,29040.7060971187,-24142,271
1621591953934,1621591953944,10,-1,35,1277.67328329349,-1,-1
1621591954114,1621591954124,10,-1,67,-1.0,-1,-1
1621591954463,1621591954473,10,-1,53,3452.47761189062,-1,-1
1621591954533,1621591954543,10,-1,34,-1.0,-1,-1
1621591954573,1621591954603,30,7,393,18750.1262204691,-1,34
1621591954663,1621591954703,40,1,54,982.849543457344,-1992,275
1621591954823,1621591954963,140,12,363,18514.4780074596,-23315,197
1621591954973,1621591954993,20,0,99,7185.19570331928,-3,255
1621591955003,1621591955023,20,0,59,5586.28710992165,-2376,153
1621591955103,1621591955113,10,-1,34,-1.0,-1,-1
1621591955153,1621591955173,20,0,53,2180.76284479024,-1,102
1621591955383,1621591955403,20,3,274,-1.0,-12395,176
1621591955443,1621591955453,10,-1,31,537.789742855467,-1,-1
1621591955463,1621591955483,20,0,38,831.227209739577,-1,98
1621591955683,1621591955713,30,2,201,-1.0,-8161,250
1621591955853,1621591955912,59,0,427,23186.2712786554,-23709,79
1621591956052,1621591956062,10,-1,32,1746.02965589422,-1,-1
1621591956072,1621591956082,10,-1,33,1453.33356378222,-1,-1
1621591956202,1621591956222,20,0,69,4127.0476482564,-2115,262
1621591956252,1621591956272,20,0,48,1766.99022022689,-1,248
1621591956372,1621591956382,10,-1,35,2860.1585941908,-1,-1
1621591956552,1621591956572,20,0,85,-1.0,-4529,237
1621591956762,1621591956822,60,6,188,12337.8871025999,-6204,54
1621591956852,1621591956862,10,-1,34,706.309975640682,-1,-1
1621591957242,1621591957302,60,6,174,8021.56162825201,-5584,281
1621591957312,1621591957342,30,1,61,2680.56417393545,-2891,274
1621591957362,1621591957392,30,1,76,3928.72561943725,-2638,271
1621591957422,1621591957462,40,1,74,4119.15891580837,-2315,268
1621591957521,1621591957531,9,-1,60,-1.0,-1,-1
1621591957651,1621591957661,10,-1,30,769.862042861826,-1,-1
1621591957861,1621591957911,50,3,112,4246.0003521464,-4997,160
1621591957961,1621591957981,20,0,53,2265.39926332623,-1,241
1621591958101,1621591958111,10,-1,49,3873.60904649792,-1,-1
1621591958781,1621591958811,30,2,112,6183.03981877722,-4796,356
1621591959071,1621591959081,10,-1,31,-1.0,-1,-1
1621591959180,1621591959220,40,19,1519,69660.3365204313,-1,51
1621591959280,1621591959390,110,12,851,10102.2920825603,-79995,255
1621591959470,1621591959490,20,0,57,-1.0,-1761,63
1621591959570,1621591959590,20,0,37,1341.12954135587,-560,60
1621591959620,1621591959640,20,0,36,772.96340423775,-395,56
1621591959650,1621591959660,10,-1,50,2627.72713108424,-1,-1
1621591959720,1621591959740,20,0,34,-1.0,-2,126
1621591959780,1621591959810,30,2,100,4700.77991777699,-4609,22
1621591959930,1621591959940,10,-1,45,2706.51129415022,-1,-1
1621591960100,1621591960110,10,-1,43,2332.15617850442,-1,-1
1621591960170,1621591960180,10,-1,32,-1.0,-1,-1
1621591960580,1621591960600,20,0,38,1612.62105422301,-692,293
1621591960720,1621591960760,40,5,778,46055.4810834687,-1436,99
1621591960849,1621591960899,50,3,373,1368.71664313585,-25597,291
1621591960999,1621591961019,20,0,62,-1.0,-2753,240
1621591961159,1621591961169,10,-1,38,1393.6161581493,-1,-1
1621591961179,1621591961189,10,-1,48,2464.96793050125,-1,-1
1621591961249,1621591961259,10,-1,61,-1.0,-1,-1
1621591961689,1621591961709,20,0,71,-1.0,-2999,36
1621591962049,1621591962059,10,-1,36,1007.45095563322,-1,-1
1621591962119,1621591962169,50,3,547,17238.0925075845,-1,294
1621591962249,1621591962319,70,6,239,-1.0,-8476,75
1621591962339,1621591962468,129,5,446,33624.5983651615,-37835,276
1621591962548,1621591962638,90,5,102,1603.82886425954,-3241,53
1621591962718,1621591962868,150,6,72,4093.04438915211,-2854,261
1621591962938,1621591962978,40,1,35,1841.68424346074,-86,71
1621591963058,1621591963118,60,1,74,4780.16181351491,-2998,257
1621591963138,1621591963168,30,0,46,1691.17292688128,-1283,279
1621591963198,1621591963208,10,-1,52,3955.69497893841,-1,-1
1621591963278,1621591963298,20,0,40,1976.35746527957,-477,110
1621591963348,1621591963388,40,1,56,3914.42744641971,-1773,191
1621591963418,1621591963458,40,1,44,1253.45364485304,-569,254
1621591963538,1621591963548,10,-1,46,-1.0,-1,-1
1621591963988,1621591964008,20,0,50,-1.0,-1408,249
1621591964028,1621591964058,30,0,45,1463.14119916678,-1403,227
1621591964167,1621591964177,10,-1,32,2879.83365757419,-1,-1
1621591964237,1621591964247,10,-1,30,-1.0,-1,-1
1621591964607,1621591964627,20,5,672,-1.0,-39959,303
1621591964637,1621591964697,60,6,206,14654.0040654295,-11832,270
1621591964707,1621591964727,20,0,67,6602.59205245515,-2,95
1621591964787,1621591964797,10,-1,39,-1.0,-1,-1
1621591965387,1621591965397,10,-1,33,806.441803645753,-1,-1
1621591965497,1621591965507,10,-1,35,-1.0,-1,-1
1621591965537,1621591965557,20,0,67,3184.25942027866,-1,153
1621591965687,1621591965707,20,0,101,5250.43663467579,-1,42
1621591965766,1621591965776,10,-1,34,-1.0,-1,-1
1621591966186,1621591966246,60,14,2043,12261.5691635853,-131597,293
1621591966586,1621591966706,120,6,465,35232.624807113,-34529,21
1621591966726,1621591966766,40,1,50,1721.32345774567,-535,268
1621591966956,1621591966966,10,-1,236,-1.0,-1,-1
1621591967246,1621591967256,10,-1,416,-1.0,-1,-1
1621591967316,1621591967366,50,5,682,2729.15913147562,-50608,286
1621591967455,1621591967475,20,1,103,-1.0,-3365,255
1621591967495,1621591967525,30,2,237,11663.925451123,-1,251
1621591967585,1621591967595,10,-1,66,-1.0,-1,-1
1621591967875,1621591967905,30,0,40,1201.34983839597,-727,288
1621591967915,1621591967955,40,1,79,1758.84317731113,-1,290
1621591967965,1621591967975,10,-1,59,3084.86989667308,-1,-1
1621591968035,1621591968055,20,0,94,-1.0,-4734,279
1621591968065,1621591968095,30,0,78,5289.99874827669,-2987,288
1621591968155,1621591968175,20,0,131,-1.0,-7944,278
1621591968185,1621591968215,30,0,44,1032.86216758894,-497,283
1621591968315,1621591968335,20,0,74,-1.0,-2443,292
1621591968375,1621591968385,10,-1,31,154.797603735746,-1,-1
1621591968485,1621591968505,20,0,99,-1.0,-5860,261
1621591968535,1621591968555,20,0,42,2499.48133086339,-626,225
1621591969084,1621591969214,130,6,82,2352.70887854444,-987,100
1621591969314,1621591969334,20,0,89,-1.0,-3422,86
1621591969354,1621591969504,150,8,143,6945.44477592917,-6246,101
1621591969584,1621591969614,30,2,181,-1.0,-7701,23
1621591969764,1621591969794,30,0,73,2497.37629673661,-1,15
1621591969854,1621591969924,70,2,1130,83121.6606925135,-15257,108
1621591970104,1621591970204,100,15,387,23502.7916049181,-12344,246
1621591970284,1621591970454,170,10,141,7937.95238897007,-6027,235
1621591970823,1621591970893,70,3,64,2165.48160243659,-1602,68
1621591970913,1621591971073,160,13,136,4614.27688091977,-3968,65
1621591971153,1621591971223,70,3,296,23200.2796331905,-17816,51
1621591971283,1621591971303,20,1,160,-1.0,-10645,59
1621591971333,1621591971363,30,0,45,1954.61161550228,-1315,222
1621591971463,1621591971533,70,4,163,47.2573568000911,-7108,293
1621591971563,1621591971573,10,-1,39,1131.11139906225,-1,-1
1621591971733,1621591971743,10,-1,36,-1.0,-1,-1
1621591971753,1621591971803,50,2,80,3321.70292060594,-2567,257
1621591971863,1621591971933,70,0,301,16177.9767058653,-2156,125
1621591972033,1621591972053,20,2,164,7791.63643515888,-1,75
1621591972133,1621591972163,30,1,70,172.410832567638,-1,281
1621591972193,1621591972213,20,0,46,1807.66421131742,-1,237
1621591972422,1621591972432,10,-1,33,-1.0,-1,-1
1621591972492,1621591972512,20,0,41,3000.92772953272,0,99
1621591972732,1621591972762,30,1,57,2339.36031313907,-1315,95
1621591972852,1621591973032,180,7,103,6312.0139276796,-3564,79
1621591973052,1621591973062,10,-1,96,7695.05138472292,-1,-1
1621591973122,1621591973162,40,0,212,1264.29331762175,-16322,53
1621591973172,1621591973192,20,0,49,3377.63642249944,-1720,68
1621591973232,1621591973262,30,0,32,938.434887062977,-5,40
1621591973322,1621591973342,20,0,57,2931.64120461761,-10,168
1621591973402,1621591973432,30,5,464,18899.4354024026,-1,155
1621591973682,1621591973742,60,14,541,-1.0,-16200,265
1621591973752,1621591973762,10,-1,43,2947.706886087,-1,-1
1621591973822,1621591973832,10,-1,1946,-1.0,-1,-1
1621591973972,1621591974121,149,14,1215,16639.6187759749,-86002,266
1621591974151,1621591974191,40,7,272,13198.008394472,-9476,80
1621591974281,1621591974371,90,5,99,4008.35927149576,-2998,237
1621591974391,1621591974451,60,2,50,1020.12453966592,-1039,259
1621591974551,1621591974571,20,0,121,-1.0,-7047,256
1621591974711,1621591974721,10,-1,36,1464.17610926849,-1,-1
1621591975211,1621591975231,20,2,302,17541.4178767671,-1,85
1621591975291,1621591975371,80,5,202,125.861029761026,-12621,280
1621591975531,1621591975551,20,3,442,26853.0235514439,-1,88
1621591975681,1621591975790,109,13,235,6507.39509930912,-8339,275
1621591975950,1621591975970,20,0,45,3131.73675822458,-861,169
1621591976000,1621591976010,10,-1,38,2531.11328774981,-1,-1
1621591976170,1621591976190,20,1,66,5990.71695833704,-1,352
1621591976390,1621591976410,20,1,215,14916.079257639,-1,74
1621591976870,1621591976940,70,16,1192,62187.9534649599,-7221,313
1621591977000,1621591977020,20,3,825,-1.0,-69318,125
1621591977100,1621591977110,10,-1,66,3965.20113910651,-1,-1
1621591977170,1621591977190,20,0,59,-1.0,-1590,315
1621591977250,1621591977260,10,-1,60,5069.4790784031,-1,-1
1621591977319,1621591977329,9,-1,103,-1.0,-1,-1
1621591977429,1621591977439,10,-1,130,-1.0,-1,-1
1621591977459,1621591977639,180,4,479,39182.3600429114,-34136,234
1621591977719,1621591977749,30,4,378,6814.29071137781,-16894,62
1621591977759,1621591977819,60,2,190,16556.4783930809,-11416,153
1621591978189,1621591978239,50,6,872,-1.0,-65068,10
1621591978269,1621591978289,20,0,140,8153.60136498475,-1,99
1621591978399,1621591978479,80,23,600,40554.8179592919,-19627,284
1621591978699,1621591978739,40,3,104,5136.43413968914,-4995,99
1621591979288,1621591979318,30,1,64,2068.97076851592,-2848,337
1621591979488,1621591979528,40,2,72,4483.95069943937,-1998,216
1621591979648,1621591979658,10,-1,55,3340.1144265006,-1,-1
1621591979858,1621591979888,30,2,105,4623.39244694898,-3594,59
1621591980078,1621591980088,10,-1,33,1885.25313297729,-1,-1
1621591980378,1621591980438,60,2,49,1130.18078860813,-1633,97
1621591980578,1621591980598,20,0,41,1251.33124910567,-1,49
1621591980608,1621591980627,19,0,87,4488.86926716434,-1,26
1621591980687,1621591980707,20,0,34,-1.0,-336,57
1621591980717,1621591980747,30,1,53,1860.882162492,-517,60
1621591980847,1621591980907,60,5,233,6473.89203903781,-8436,80
1621591980967,1621591981047,80,5,309,3794.91895830821,-21069,357
1621591981427,1621591981467,40,20,976,-1.0,-42956,252
1621591981717,1621591981807,90,6,172,1382.14363283735,-12500,33
1621591981817,1621591981877,60,5,120,4442.07886478627,-1077,268
1621591982087,1621591982107,20,0,73,-1.0,-3320,75
1621591982147,1621591982167,20,0,82,3587.08069604856,-1,317
1621591982247,1621591982296,49,1,139,4000.45751877148,-9014,289
1621591982516,1621591982526,10,-1,103,-1.0,-1,-1
1621591982546,1621591982636,90,5,83,2536.36425633774,-3302,266
1621591982796,1621591982806,10,-1,63,-1.0,-1,-1
1621591982876,1621591982936,60,5,300,19639.1132931906,-16868,141
1621591983786,1621591983866,80,6,646,17765.206527683,-30543,0
1621591983936,1621591984005,69,3,98,2985.0813977273,-5511,292
1621591984065,1621591984105,40,1,49,1702.24484041873,-1937,292
1621591984125,1621591984135,10,-1,34,743.13650367145,-1,-1
1621591984145,1621591984155,10,-1,39,1132.47222230874,-1,-1
1621591984295,1621591984435,140,10,508,21241.5049950687,-26373,263
1621591984515,1621591984535,20,0,88,-1.0,-5235,254
1621591984545,1621591984595,50,1,204,13353.1178237271,-12140,353
1621591984655,1621591984685,30,0,267,-1.0,-23240,347
1621591984695,1621591984775,80,8,360,26404.5615073429,-20226,341
1621591984945,1621591985005,60,6,509,33848.2696586707,-25164,177
1621591985065,1621591985075,10,-1,47,-1.0,-1,-1
1621591985225,1621591985295,70,9,223,14458.7060467737,-7269,345
1621591985355,1621591985365,10,-1,54,-1.0,-1,-1
1621591985405,1621591985425,20,0,30,1358.59861691053,-1,104
1621591985435,1621591985445,10,-1,31,689.08490177827,-1,-1
1621591985475,1621591985594,119,17,704,66219.7861442411,-3426,89
1621591985654,1621591985664,10,-1,190,-1.0,-1,-1
1621591985694,1621591985704,10,-1,50,3441.9275686223,-1,-1
1621591985714,1621591985724,10,-1,60,5264.16735813323,-1,-1
1621591985744,1621591985794,50,1,47,1094.36622866465,-644,273
1621591985804,1621591985844,40,5,234,14705.6600771298,-10615,166
1621591985934,1621591985954,20,0,41,-1.0,-130,323
1621591985974,1621591985984,10,-1,30,366.276376259839,-1,-1
1621591986094,1621591986124,30,1,52,1593.21769262325,-1,284
1621591986134,1621591986144,10,-1,33,2832.43290178133,-1,-1
1621591986204,1621591986284,80,8,267,15920.523029758,-15813,342
1621591986374,1621591986434,60,2,60,1629.33496733476,-1602,111
1621591986534,1621591986554,20,0,48,405.590891495164,-1,107
1621591986564,1621591986574,10,-1,65,4173.00840101021,-1,-1
1621591986634,1621591986654,20,0,55,-1.0,-1254,63
1621591986734,1621591986744,10,-1,35,1061.62791603256,-1,-1
1621591987064,1621591987074,10,-1,62,4328.48144435114,-1,-1
1621591987214,1621591987224,10,-1,36,-1.0,-1,-1
1621591987234,1621591987263,29,0,164,14381.1307770824,-1,57
1621591987353,1621591987403,50,5,218,6523.57757731506,-2554,275
1621591987463,1621591987483,20,0,41,-1.0,-404,270
1621591987563,1621591987573,10,-1,32,1390.2696096792,-1,-1
1621591987633,1621591987683,50,5,216,12998.4420682132,-11992,43
1621591987783,1621591987803,20,0,83,-1.0,-4060,116
1621591987833,1621591987863,30,0,43,1234.62277246405,-312,130
1621591987873,1621591987903,30,1,80,4601.76811837413,-3019,350
1621591988083,1621591988093,10,-1,33,-1.0,-1,-1
1621591988233,1621591988293,60,6,243,11520.2246908702,-11284,193
1621591988353,1621591988393,40,2,91,39.1915333614918,-3422,291
1621591988493,1621591988533,40,3,170,9129.35462278766,-10542,221
1621591988583,1621591988703,120,6,159,10325.0354519421,-6552,84
1621591988833,1621591988902,69,21,586,6082.03617704709,-30244,273
1621591988912,1621591988922,10,-1,39,1986.84169480869,-1,-1
1621591988952,1621591988982,30,0,35,1736.67015587534,-205,93
1621591989082,1621591989092,10,-1,35,-1.0,-1,-1
1621591989112,1621591989122,10,-1,38,1449.63201476926,-1,-1
1621591989172,1621591989232,60,1,154,7837.7291846201,-4013,12
1621591989242,1621591989272,30,0,42,2911.42874122134,-1,70
1621591989442,1621591989462,20,0,42,2491.48314843859,-1,41
1621591989522,1621591989542,20,2,287,-1.0,-15304,255
1621591989552,1621591989582,30,3,157,9116.20301332097,-8673,57
1621591989592,1621591989642,50,6,333,14650.8059465347,-27790,244
1621591989712,1621591989722,10,-1,71,5866.40835062608,-1,-1
1621591989802,1621591989912,110,3,325,17505.6430882107,-21867,81
1621591989972,1621591989992,20,1,171,-1.0,-10229,239
1621591990132,1621591990172,40,0,108,439.978728951036,-1,276
1621591990292,1621591990322,30,1,71,6309.27672897859,-328,288
1621591990412,1621591990521,109,0,945,18151.3439380577,-42086,218
1621591990531,1621591990591,60,2,411,38273.1827198769,-22407,299
1621591990811,1621591990831,20,0,36,512.118474890138,-1,303
1621591991071,1621591991111,40,5,174,8951.70173961787,-9099,81
1621591991181,1621591991191,10,-1,78,5636.63475823697,-1,-1
1621591991251,1621591991261,10,-1,67,-1.0,-1,-1
1621591991291,1621591991341,50,8,336,18660.7580354682,-19465,180
1621591991351,1621591991371,20,0,31,1021.17876903351,-1,348
1621591991801,1621591991821,20,0,32,1810.235543942,-1,290
1621591991861,1621591991921,60,3,200,6561.3347292373,-1,340
1621591991981,1621591991991,10,-1,49,-1.0,-1,-1
1621591992320,1621591992350,30,2,128,7064.22511245676,-6113,120
1621591992380,1621591992390,10,-1,31,1023.70962294512,-1,-1
1621591992550,1621591992560,10,-1,44,-1.0,-1,-1
1621591992620,1621591992630,10,-1,36,1863.55163469534,-1,-1
1621591993050,1621591993060,10,-1,56,5405.17085100225,-1,-1
1621591993120,1621591993140,20,0,75,-1.0,-2538,291
1621591993270,1621591993320,50,4,147,9179.67599859903,-8018,230
1621591993420,1621591993460,40,6,251,14574.7582491005,-1,149
1621591993520,1621591993530,10,-1,41,-1.0,-1,-1
1621591993580,1621591993600,20,1,148,9098.66363197991,-1,69
1621591993690,1621591993740,50,1,134,8697.64811502202,-8977,300
1621591993859,1621591994009,150,1,313,25040.3582605713,-14695,270
1621591994069,1621591994079,10,-1,88,-1.0,-1,-1
1621591994089,1621591994099,10,-1,35,2090.11995487782,-1,-1
1621591994199,1621591994289,90,7,435,19393.2773890721,-25976,1
1621591994369,1621591994419,50,0,62,1608.99892585523,-2177,270
1621591994439,1621591994489,50,4,144,9026.79183171886,-7211,167
1621591994809,1621591994839,30,1,84,4019.81707741378,-1145,322
1621591995938,1621591995968,30,0,38,1505.77207277979,-419,0
1621591996308,1621591996328,20,0,34,1082.45997262264,-366,129
1621591996368,1621591996388,20,0,39,844.662490979571,-1,135
1621591996428,1621591996548,120,4,61,1719.99869037018,-745,181
1621591996588,1621591996598,10,-1,33,817.07918531833,-1,-1
1621591996868,1621591996888,20,0,43,1650.60992474518,-927,110
1621591996958,1621591996978,20,0,50,2747.12808983655,-1,102
1621591997217,1621591997307,90,5,100,4716.25455099362,-3824,45
1621591997317,1621591997357,40,3,197,7615.60942739679,-1,48
1621591997437,1621591997447,10,-1,209,-1.0,-1,-1
1621591997467,1621591997497,30,2,128,6976.74916142678,-6328,150
1621591997507,1621591997637,130,6,196,11077.6914932008,-12186,287
1621591997697,1621591997937,240,5,673,63882.6422532506,-24778,262
1621591997947,1621591997977,30,1,66,3223.55935652389,-1,341
1621591997987,1621591998007,20,0,31,1409.82390642293,-7,171
1621591998017,1621591998027,10,-1,62,3393.92342132816,-1,-1
1621591998087,1621591998207,120,5,396,35345.9527841876,-20130,125
1621591998267,1621591998317,50,2,116,2996.40522529941,-7764,58
1621591998327,1621591998347,20,0,72,5045.22364083705,-3250,154
1621591998547,1621591998637,90,2,466,12481.9067895116,-34012,62
1621591998737,1621591998786,49,2,86,3212.75075165149,-517,156
1621591998846,1621591998906,60,4,187,8204.74540381682,-704,229
1621591998966,1621591999026,60,4,388,22120.071928879,-12122,96
1621591999266,1621591999336,70,3,1018,6071.98430522313,-73438,79
1621591999396,1621591999426,30,1,66,-1.0,-1793,185
1621591999436,1621591999456,20,0,61,4363.4621154324,-943,28
1621591999546,1621591999556,10,-1,34,694.246751509625,-1,-1
1621591999706,1621591999716,10,-1,34,1301.02042800635,-1,-1
1621591999736,1621591999786,50,3,102,3810.81599520622,-4534,245
1621591999866,1621591999886,20,0,34,1140.27855011938,-1,203
1621591999916,1621591999926,10,-1,74,6023.52927858138,-1,-1
1621591999986,1621591999996,10,-1,63,-1.0,-1,-1
1621592000006,1621592000046,40,2,101,6708.95775261625,-5461,110
1621592000056,1621592000076,20,0,31,2073.54019277407,-1,279
1621592000096,1621592000156,60,3,98,4535.094084729,-2941,286
1621592000236,1621592000246,10,-1,56,-1.0,-1,-1
1621592000296,1621592000306,10,-1,41,2635.87036787235,-1,-1
1621592000366,1621592000386,20,0,71,-1.0,-1645,319
1621592000396,1621592000465,69,5,196,8453.8255145896,-8545,273
1621592000545,1621592000555,10,-1,32,957.98930957508,-1,-1
1621592000565,1621592000595,30,3,248,11131.6176571885,-1,99
1621592000655,1621592000725,70,3,103,872.450576216286,-4637,109
1621592000735,1621592000755,20,0,70,3909.44902056967,-1,119
1621592001045,1621592001065,20,0,36,1245.901126401,-1,129
1621592001105,1621592001115,10,-1,30,1495.68696260011,-1,-1
1621592001275,1621592001305,30,1,92,5522.62060358157,-3353,94
1621592001435,1621592001455,20,0,31,440.350043849396,-1,279
1621592001845,1621592001855,10,-1,32,956.13200143292,-1,-1
1621592002015,1621592002085,70,2,57,3421.45368419899,-930,274
1621592002614,1621592002674,60,12,395,24057.2227140809,-15302,88
1621592002744,1621592002794,50,5,265,710.178274144924,-12630,265
1621592002804,1621592002814,10,-1,41,1386.90650439439,-1,-1
1621592002824,1621592002844,20,0,37,1367.460102078,-195,249
1621592003064,1621592003104,40,2,94,5092.68835533978,-2933,190
1621592003114,1621592003124,10,-1,42,3480.21322839031,-1,-1
1621592003224,1621592003254,30,4,200,13627.1953984886,-13042,25
1621592003324,1621592003344,20,0,53,2771.02544652855,-656,264
1621592003354,1621592003374,20,0,75,4359.38412733684,-1,202
1621592003434,1621592003454,20,0,60,-1.0,-1844,288
1621592003584,1621592003604,20,0,32,561.697711832785,-172,293
1621592003614,1621592003624,10,-1,31,1263.87673604931,-1,-1
1621592003913,1621592003923,10,-1,31,2394.28250673882,-1,-1
1621592004023,1621592004063,40,5,239,13209.5297244917,-13031,169
1621592004193,1621592004223,30,2,112,4582.14219749595,-1,51
1621592004283,1621592004303,20,1,258,-1.0,-14510,343
1621592004513,1621592004523,10,-1,44,3136.5180410429,-1,-1
1621592004673,1621592004693,20,0,68,3566.48109623075,-1,73
1621592004753,1621592004763,10,-1,38,-1.0,-1,-1
1621592004823,1621592004873,50,2,92,5694.34855813173,-3383,73
1621592004893,1621592004973,80,4,138,5286.71795197092,-505,4
1621592005243,1621592005253,10,-1,346,-1.0,-1,-1
1621592005333,1621592005393,60,4,201,3594.7809698009,-6845,0
1621592005452,1621592005462,10,-1,58,-1.0,-1,-1
1621592005472,1621592005522,50,3,480,30298.4819269197,-1,134
1621592005592,1621592005612,20,0,89,-1.0,-5217,265
1621592005622,1621592005652,30,1,89,5375.52628599388,-3885,194
1621592005682,1621592005692,10,-1,41,2559.58827427198,-1,-1
1621592005752,1621592005922,170,7,856,81795.8607381061,-36522,154
1621592005962,1621592005972,10,-1,60,3852.99725483447,-1,-1
1621592005982,1621592005992,10,-1,82,6283.73858843597,-1,-1
1621592006052,1621592006112,60,1,257,15290.5408045119,-4928,27
1621592006122,1621592006132,10,-1,48,2275.85973893827,-1,-1
1621592006142,1621592006162,20,0,30,2027.94357454954,-1,60
1621592006242,1621592006262,20,0,83,3998.72907082507,-1,187
1621592006362,1621592006442,80,10,447,36039.9700109739,-21887,3
1621592006452,1621592006462,10,-1,44,1627.53861855518,-1,-1
1621592006472,1621592006612,140,6,499,27444.9134479577,-37620,137
1621592006622,1621592006672,50,1,170,16330.8981595143,-6573,142
1621592006732,1621592006742,10,-1,78,-1.0,-1,-1
1621592006752,1621592006822,70,2,168,7911.43075658677,-8229,355
1621592006882,1621592006902,20,3,318,17963.502406865,-1,118
1621592007161,1621592007221,60,3,191,6864.20792094691,-11752,210
1621592007281,1621592007311,30,0,42,241.071840715178,-1,243
1621592007341,1621592007351,10,-1,30,138.973746383602,-1,-1
1621592007501,1621592007511,10,-1,43,-1.0,-1,-1
1621592007591,1621592007601,10,-1,33,2309.10799857218,-1,-1
1621592007621,1621592007631,10,-1,31,742.507751523753,-1,-1
1621592007661,1621592007671,10,-1,39,1065.11072810794,-1,-1
1621592007871,1621592007901,30,1,62,3109.2288759533,-2573,265
1621592008281,1621592008351,70,2,62,1054.73004760707,-1821,101
1621592008581,1621592008591,10,-1,36,-1.0,-1,-1
1621592008701,1621592008710,9,-1,35,1213.36274576644,-1,-1
1621592009230,1621592009270,40,2,99,514.430334117817,-4204,294
1621592009410,1621592009440,30,1,98,6481.32154936778,-5714,273
1621592009570,1621592009590,20,0,88,4632.00849470371,-1,90
1621592009750,1621592009830,80,5,596,11404.5089305813,-38960,250
1621592009840,1621592009870,30,1,101,3425.81511199201,-1,70
1621592009930,1621592009980,50,4,538,9027.82281543327,-47654,185
1621592010000,1621592010010,10,-1,62,3746.40847698528,-1,-1
1621592010070,1621592010110,40,1,556,39023.7560385278,-924,79
1621592010260,1621592010280,20,1,106,129.669230582036,-1,256
1621592010290,1621592010359,69,3,292,22228.9113185248,-18771,254
1621592010379,1621592010389,10,-1,40,3754.00188898643,-1,-1
1621592010529,1621592010549,20,0,110,-1.0,-6532,284
1621592010699,1621592010769,70,24,690,45586.1413963116,-23467,228
1621592010779,1621592010869,90,4,55,1892.60435126508,-854,48
1621592010929,1621592010949,20,2,210,-1.0,-9013,22
1621592011239,1621592011269,30,2,106,6211.9845770091,-4762,219
1621592011629,1621592011669,40,3,134,5832.50824291239,-1,89
1621592011739,1621592011959,220,9,474,31552.9840352134,-23769,282
1621592011979,1621592011988,9,-1,81,6222.83156519698,-1,-1
1621592012058,1621592012068,10,-1,64,4552.41956448612,-1,-1
1621592012078,1621592012088,10,-1,45,2039.11722362076,-1,-1
1621592012218,1621592012228,10,-1,39,-1.0,-1,-1
1621592012558,1621592012618,60,5,212,13859.7101126893,-6852,28
1621592012648,1621592012688,40,4,213,19415.8157635885,-17125,208
1621592012768,1621592012778,10,-1,30,1353.4570964958,-1,-1
1621592013108,1621592013148,40,3,292,17268.6556580025,-3590,105
1621592013248,1621592013278,30,2,276,-1.0,-16730,305
1621592013667,1621592013677,10,-1,36,1264.90993636833,-1,-1
1621592013747,1621592013787,40,1,42,1318.24293162916,-282,9
1621592013867,1621592013887,20,3,580,36499.6346757376,-1,116
1621592014037,1621592014107,70,12,825,12230.4686521763,-38333,215
1621592014167,1621592014227,60,5,158,2189.2420135098,-4986,13
1621592014297,1621592014397,100,10,505,25231.1904728591,-37194,38
1621592014407,1621592014517,110,7,412,22655.7573848645,-20999,46
1621592014587,1621592014637,50,2,665,8148.6553319831,-58013,316
1621592014647,1621592014787,140,6,402,20871.478595252,-27076,25
1621592014797,1621592014827,30,5,466,18871.4067138264,-1,264
1621592014887,1621592014977,90,2,344,5373.84661127981,-14387,59
1621592015037,1621592015057,20,1,102,-1.0,-4268,327
1621592015067,1621592015107,40,4,326,22884.4030682117,-7035,139
1621592015177,1621592015237,60,1,308,23754.7021758661,-20887,185
1621592015386,1621592015436,50,4,286,15124.8960335089,-15085,112
1621592015506,1621592015526,20,2,167,8375.95124068314,-1,283
1621592015586,1621592015616,30,4,385,-1.0,-23621,150
1621592015636,1621592015646,10,-1,38,1158.61130023873,-1,-1
1621592015656,1621592015766,110,11,285,19425.0086632394,-19962,308
1621592015776,1621592015786,10,-1,69,4291.84087414701,-1,-1
1621592015796,1621592015806,10,-1,180,15706.7761653094,-1,-1
1621592015866,1621592015916,50,2,208,-1.0,-13485,309
1621592015926,1621592015956,30,2,263,14595.7633410555,-1,48
1621592016016,1621592016116,100,5,283,20011.4584037793,-18721,351
1621592016156,1621592016166,10,-1,32,927.453366588848,-1,-1
1621592016296,1621592016366,70,8,199,8121.09021379051,-8216,173
1621592016376,1621592016416,40,0,43,3231.73410329605,-864,312
1621592016466,1621592016476,10,-1,97,8082.74418092138,-1,-1
1621592016586,1621592016606,20,0,59,-1.0,-2755,237
1621592016766,1621592016786,20,0,78,4750.99349134835,-1,94
1621592016846,1621592016935,89,2,303,16549.4702994004,-19224,143
1621592017045,1621592017055,10,-1,51,3368.30127805544,-1,-1
1621592017115,1621592017125,10,-1,65,-1.0,-1,-1
1621592017135,1621592017195,60,1,468,45162.924060299,-21321,246
1621592017205,1621592017265,60,1,179,14396.6433628475,-12809,71
1621592017275,1621592017305,30,0,64,3673.69124436121,-2902,180
1621592017315,1621592017335,20,1,90,7571.24960585938,-1496,132
1621592017405,1621592017425,20,0,80,-1.0,-2805,175
1621592017435,1621592017455,20,0,57,3167.96516632514,-2089,338
1621592017465,1621592017525,60,1,359,31759.4648374266,-19651,67
1621592017665,1621592017755,90,8,671,9956.41637988665,-45849,245
1621592017855,1621592017925,70,4,134,8143.56744413937,-7767,7
1621592018005,1621592018055,50,1,134,8882.10244145368,-3687,259
1621592018115,1621592018125,10,-1,94,-1.0,-1,-1
1621592018335,1621592018345,10,-1,66,4253.82169818172,-1,-1
1621592018465,1621592018475,10,-1,35,2002.7338915292,-1,-1
1621592018535,1621592018545,10,-1,657,-1.0,-1,-1
1621592018684,1621592018754,70,14,880,17261.012587349,-46736,177
1621592018814,1621592018864,50,5,625,4559.25533499867,-46862,350
1621592018874,1621592018904,30,2,97,4265.91012969476,-1899,347
1621592018984,1621592019054,70,0,283,8868.72481720761,-14311,232
1621592019064,1621592019074,10,-1,37,1014.44420023473,-1,-1
1621592019144,1621592019214,70,3,56,2057.02343612246,-520,216
1621592019254,1621592019324,70,3,547,23143.9519900294,-50895,78
1621592019384,1621592019404,20,3,431,-1.0,-30121,160
1621592019454,1621592019474,20,2,343,24877.9487871068,-1,348
1621592019554,1621592019604,50,4,217,1760.5008554261,-12476,209
1621592019664,1621592019684,20,1,84,-1.0,-4677,120
1621592019714,1621592019724,10,-1,40,2992.01815598986,-1,-1
1621592019744,1621592019764,20,2,191,11685.1382935854,-1,338
1621592019974,1621592020074,100,29,1426,104280.711187327,-69045,75
1621592020283,1621592020303,20,5,774,-1.0,-29656,237
1621592020503,1621592020623,120,8,730,10098.5329583181,-56501,159
1621592020653,1621592020663,10,-1,31,833.890098575095,-1,-1
1621592020703,1621592020723,20,1,111,4886.6449419186,-1,84
1621592021073,1621592021153,80,5,166,5094.1995138499,-11031,336
1621592021213,1621592021283,70,27,1589,14823.1819809955,-115562,85
1621592021293,1621592021303,10,-1,51,2850.19921390173,-1,-1
1621592021363,1621592021373,10,-1,96,-1.0,-1,-1
1621592021393,1621592021473,80,6,142,3158.29584421262,-6735,306
1621592021493,1621592021573,80,5,179,8869.18449548966,-6498,204
1621592021583,1621592021593,10,-1,35,1745.90669428617,-1,-1
1621592021783,1621592021803,20,0,41,2203.52902587774,-624,311
1621592021823,1621592021833,10,-1,39,1404.55861102245,-1,-1
1621592021843,1621592021853,10,-1,62,3924.78413965371,-1,-1
1621592021863,1621592021873,10,-1,106,9592.37946425976,-1,-1
1621592021932,1621592021952,20,0,36,323.668782712051,-1,288
1621592022002,1621592022032,30,1,64,2613.94443540152,-1622,306
1621592022062,1621592022102,40,1,288,16474.8532332127,-909,83
1621592022212,1621592022302,90,1,377,12156.1119306765,-27754,47
1621592022362,1621592022412,50,2,100,3370.54113068438,-3719,260
1621592022512,1621592022702,190,6,685,29680.450347599,-45326,330
1621592022762,1621592022802,40,0,72,2234.9807493524,-3626,315
1621592022832,1621592022842,10,-1,72,4712.77759613099,-1,-1
1621592022902,1621592022922,20,0,50,-1.0,-1012,228
1621592022952,1621592022992,40,5,308,16527.1107515658,-217,82
1621592023182,1621592023262,80,5,190,8666.13435513084,-3931,301
1621592023322,1621592023372,50,1,140,9604.81914655373,-470,309
1621592023432,1621592023452,20,0,35,-1.0,-67,255
1621592023512,1621592023522,10,-1,31,774.151409833915,-1,-1
1621592023751,1621592023781,30,3,243,9875.17360981462,-1,85
1621592023971,1621592024101,130,7,169,10770.9372998113,-12312,250
1621592024171,1621592024231,60,15,408,13127.3086171773,-14665,343
1621592024251,1621592024291,40,2,106,4880.59314498628,-5511,197
1621592024311,1621592024461,150,6,534,33757.5840292828,-24245,39
1621592024471,1621592024531,60,2,51,2050.41405655738,-1266,200
1621592024541,1621592024571,30,0,42,1268.19924417183,-1122,186
1621592024661,1621592024691,30,1,305,23529.639122627,-1725,190
1621592024751,1621592024771,20,0,90,-1.0,-5946,265
1621592024781,1621592024811,30,0,46,1765.55585022169,-1033,93
1621592024821,1621592024901,80,4,229,13532.4556238282,-11108,81
1621592025171,1621592025181,10,-1,40,-1.0,-1,-1
1621592025190,1621592025200,9,-1,53,4028.07226135667,-1,-1
1621592025210,1621592025310,100,8,344,23079.4600013523,-18333,250
1621592025320,1621592025340,20,0,46,2181.16802752097,-101,26
1621592025370,1621592025390,20,1,162,10296.5970558455,-1,63
1621592025470,1621592025490,20,0,41,-1.0,-1,218
1621592025730,1621592025790,60,0,248,21197.9878124633,-18034,34
1621592025870,1621592025910,40,1,77,1808.60329742626,-3647,1
1621592025920,1621592025930,10,-1,62,4935.66368122977,-1,-1
1621592025940,1621592025960,20,2,564,41943.6095701117,-1,45
1621592026020,1621592026030,10,-1,77,-1.0,-1,-1
1621592026100,1621592026110,10,-1,34,2416.5309185504,-1,-1
1621592026170,1621592026180,10,-1,41,-1.0,-1,-1
1621592026300,1621592026330,30,0,55,-1.0,-2379,165
1621592026340,1621592026370,30,1,115,6825.87412471113,-582,104
1621592026440,1621592026450,10,-1,46,3345.50435632924,-1,-1
1621592026460,1621592026480,20,1,89,3722.46927532195,-1,70
1621592026590,1621592026690,100,9,440,22566.4817110724,-19451,257
1621592026889,1621592026929,40,4,181,11599.5323900456,-9912,180
1621592026939,1621592026959,20,0,74,4147.88903795278,-1,35
1621592027019,1621592027109,90,6,300,14961.8433934994,-16648,88
1621592027169,1621592027209,40,1,455,32613.0875064381,-27137,90
1621592027289,1621592027299,10,-1,30,1276.0642118965,-1,-1
1621592027329,1621592027369,40,5,218,13190.3004199139,-3433,15
1621592027439,1621592027459,20,0,61,3208.94370073434,-1,252
1621592027619,1621592027639,20,1,136,10144.9955210176,-1,201
1621592027699,1621592027719,20,2,398,-1.0,-29434,109
1621592027729,1621592027789,60,3,61,2203.68096904726,-1275,90
1621592027909,1621592027919,10,-1,193,-1.0,-1,-1
1621592028099,1621592028119,20,3,167,7042.77019885412,-1,302
1621592028139,1621592028189,50,8,323,11423.1908604581,-1,291
1621592028249,1621592028369,120,8,429,28101.0426030157,-13901,144
1621592028379,1621592028409,30,1,67,4320.40394447261,-2054,102
1621592028469,1621592028489,20,0,69,3950.48712279704,-1,355
1621592028568,1621592028598,30,1,76,310.225693640007,-3980,310
1621592028688,1621592028698,10,-1,31,2126.73575597473,-1,-1
1621592028738,1621592028748,10,-1,39,2503.1191234224,-1,-1
1621592028778,1621592028808,30,3,140,6948.53997950618,-210,140
1621592028818,1621592028838,20,1,116,10566.6648203265,-5470,323
1621592028878,1621592028908,30,1,84,5638.13214817094,-4722,321
1621592029248,1621592029258,10,-1,83,-1.0,-1,-1
1621592029268,1621592029288,20,0,45,1170.6473530776,-1,282
1621592029298,1621592029318,20,0,32,642.959587486625,-15,302
1621592029428,1621592029458,30,1,69,2728.70124520842,-1,105
1621592029468,1621592029478,10,-1,48,2658.09610931405,-1,-1
1621592029488,1621592029538,50,0,147,9948.56439075031,-4110,235
1621592029548,1621592029618,70,2,123,10505.0601015299,-4387,106
1621592029648,1621592029658,10,-1,81,7145.08100477002,-1,-1
1621592029718,1621592029728,10,-1,47,-1.0,-1,-1
1621592029738,1621592029808,70,3,115,6188.08010053411,-3503,280
1621592029868,1621592029958,90,6,249,12086.6652167529,-10139,303
1621592030038,1621592030068,30,2,609,-1.0,-46327,299
1621592030078,1621592030227,149,0,351,27486.5650139814,-19391,327
1621592030317,1621592030327,10,-1,42,-1.0,-1,-1
1621592030457,1621592030477,20,0,33,1812.7646011789,-32,83
1621592030487,1621592030517,30,1,58,1768.17649043821,-1,84
1621592030597,1621592030777,180,10,320,24840.015501496,-22026,77
1621592030907,1621592031007,100,18,671,2197.04945442563,-31283,295
1621592031017,1621592031027,10,-1,44,3042.09567948559,-1,-1
1621592031087,1621592031107,20,4,721,48231.0683244191,-1,333
1621592031167,1621592031297,130,7,714,20400.5266371037,-64242,266
1621592031497,1621592031507,10,-1,462,-1.0,-1,-1
1621592031527,1621592031597,70,5,456,24754.8068147103,-37996,272
1621592031627,1621592031647,20,0,71,4346.17978931809,-1513,176
1621592031667,1621592031687,20,0,41,1806.96218992992,-1,290
1621592031767,1621592031787,20,0,85,-1.0,-4657,278
1621592031866,1621592031956,90,4,74,2655.08576218951,-2443,50
1621592032016,1621592032026,10,-1,61,-1.0,-1,-1
1621592032036,1621592032126,90,5,123,3837.93124136786,-3573,246
1621592032206,1621592032226,20,0,92,5372.8119420738,-1,77
1621592032366,1621592032436,70,16,435,15243.8301665678,-16283,272
1621592032516,1621592032566,50,3,86,6603.53490380644,-2103,285
1621592032596,1621592032606,10,-1,30,542.634792166406,-1,-1
1621592032656,1621592032676,20,0,42,1118.39994235922,-1,198
1621592032746,1621592032756,10,-1,36,2678.38573226449,-1,-1
1621592032776,1621592032816,40,3,540,36204.4392546582,-1,54
1621592032916,1621592032936,20,0,421,-1.0,-35701,127
1621592033036,1621592033076,40,2,267,-1.0,-17819,289
1621592033166,1621592033176,10,-1,50,-1.0,-1,-1
1621592033226,1621592033256,30,1,77,3027.77530613111,-18,313
1621592033316,1621592033396,80,7,236,15973.300162271,-3786,174
1621592033485,1621592033635,150,10,573,27868.6397463761,-11301,233
1621592033695,1621592033705,10,-1,170,-1.0,-1,-1
1621592033725,1621592033775,50,2,86,4112.7182031809,-5170,326
1621592033785,1621592033805,20,1,92,6632.54596846739,-3201,185
1621592033855,1621592033875,20,0,48,2569.82464196404,-475,41
1621592033885,1621592033905,20,0,48,2325.58223349978,-1623,75
1621592033995,1621592034015,20,2,126,6679.44982727234,-1,2
1621592034165,1621592034185,20,0,44,-1.0,-715,122
1621592034215,1621592034225,10,-1,72,4538.73517648387,-1,-1
1621592034355,1621592034385,30,1,70,3292.14221267745,-3148,219
1621592034415,1621592034425,10,-1,32,652.571098571496,-1,-1
1621592034465,1621592034485,20,1,965,89477.7351194872,-1,85
1621592034575,1621592034755,180,3,2974,18108.6044360132,-243000,307
1621592034765,1621592034795,30,2,149,14190.0656510575,-3816,153
1621592034855,1621592034895,40,2,169,102.051869359025,-12652,146
1621592034965,1621592035174,209,2,472,28262.71471234,-36146,112
1621592035324,1621592035354,30,1,91,5712.02534469792,-1782,14
1621592035504,1621592035624,120,13,738,28663.664602373,-31135,227
1621592035644,1621592035694,50,6,177,10341.6389363373,-5488,345
1621592035704,1621592035744,40,5,363,23042.9946915633,-6587,117
1621592035804,1621592035844,40,3,367,-1.0,-24874,318
1621592036014,1621592036024,10,-1,54,3279.48118336245,-1,-1
1621592036134,1621592036154,20,0,42,2348.71901707664,-15,147
1621592036214,1621592036244,30,1,76,1584.78297354153,-1218,66
1621592036284,1621592036334,50,3,113,5379.24430310635,-5835,226
1621592036404,1621592036414,10,-1,52,-1.0,-1,-1
1621592036514,1621592036534,20,0,76,-1.0,-4598,262
1621592036674,1621592036714,40,1,77,6144.00872637814,-2328,33
1621592036724,1621592036734,10,-1,38,1033.41798093747,-1,-1
1621592036833,1621592036853,20,0,128,-1.0,-7527,51
1621592036923,1621592036953,30,1,75,2498.15014581176,-1,317
1621592037023,1621592037033,10,-1,32,2990.87101098898,-1,-1
1621592037133,1621592037143,10,-1,40,3792.17042293383,-1,-1
1621592037153,1621592037193,40,6,248,13637.6210698486,-8546,272
1621592037253,1621592037273,20,0,224,-1.0,-17902,284
1621592037303,1621592037323,20,0,112,7618.53750238799,-1,77
1621592037383,1621592037413,30,3,253,-1.0,-11409,94
1621592037453,1621592037473,20,0,106,6360.25513478651,-1,289
1621592037663,1621592037683,20,0,61,-1.0,-2202,248
1621592037823,1621592037873,50,6,256,16542.9609010708,-7318,214
1621592037933,1621592037963,30,2,137,-1.0,-3166,272
1621592038003,1621592038023,20,0,42,1261.50591013376,-1,12
1621592038213,1621592038223,10,-1,34,-1.0,-1,-1
1621592038263,1621592038273,10,-1,43,2757.26488239007,-1,-1
1621592038522,1621592038572,50,3,145,7306.72208138329,-7015,68
1621592038652,1621592038662,10,-1,31,955.635314508551,-1,-1
1621592038712,1621592038732,20,0,40,1372.5441314766,-746,159
1621592038762,1621592038832,70,0,279,14099.6013294316,-3136,66
1621592039082,1621592039152,70,3,215,14689.2927623017,-7850,175
1621592039212,1621592039222,10,-1,154,-1.0,-1,-1
1621592039232,1621592039282,50,4,116,6315.53527107853,-865,173
1621592039362,1621592039422,60,3,99,3081.98147746487,-2549,169
1621592039482,1621592039512,30,0,58,-1.0,-1416,169
1621592039592,1621592039622,30,1,52,1696.24857118844,-2073,159
1621592039652,1621592039662,10,-1,31,993.498594521407,-1,-1
1621592039842,1621592039862,20,0,30,1186.53424054577,-1,206
1621592040611,1621592040641,30,1,94,4170.31848934728,-2805,172
1621592040941,1621592040951,10,-1,48,2793.85586646243,-1,-1
1621592041041,1621592041061,20,0,75,-1.0,-2445,229
1621592041071,1621592041141,70,7,163,4160.51849977026,-7357,268
1621592041161,1621592041221,60,1,246,18416.6078368029,-19733,252
1621592041321,1621592041331,10,-1,43,-1.0,-1,-1
1621592041411,1621592041441,30,1,77,3826.71302827953,-3648,187
1621592041531,1621592041541,10,-1,34,2827.3637732975,-1,-1
1621592041601,1621592041611,10,-1,39,-1.0,-1,-1
1621592041890,1621592041920,30,2,99,5785.50799126235,-3242,311
1621592041930,1621592041940,10,-1,46,3887.85660757707,-1,-1
1621592042020,1621592042030,10,-1,33,-1.0,-1,-1
1621592042080,1621592042090,10,-1,63,3792.66309961735,-1,-1
1621592042170,1621592042180,10,-1,40,-1.0,-1,-1
1621592042200,1621592042210,10,-1,36,972.26537743955,-1,-1
1621592043050,1621592043060,10,-1,79,5869.97260389878,-1,-1
1621592043349,1621592043359,10,-1,66,4793.80893132407,-1,-1
1621592043419,1621592043439,20,0,36,0.0764196924180283,-1,127
1621592043449,1621592043509,60,0,43,3934.17669309695,-569,288
1621592043569,1621592043579,10,-1,32,-1.0,-1,-1
1621592044599,1621592044709,110,1,352,27220.9043862523,-14809,0
1621592044919,1621592044929,10,-1,38,1526.18360048969,-1,-1
1621592045478,1621592045488,10,-1,83,5552.47730886693,-1,-1
1621592046148,1621592046158,10,-1,30,1028.1351033189,-1,-1
1621592046208,1621592046238,30,1,69,3460.17802484,-2258,263
1621592046258,1621592046378,120,3,154,11605.02147211,-3310,358
1621592046568,1621592046588,20,2,366,-1.0,-22330,150
1621592046598,1621592046628,30,5,253,13684.6858322517,-1,326
1621592046757,1621592046767,10,-1,223,-1.0,-1,-1
1621592046837,1621592046897,60,4,974,71849.3603006838,-81915,3
1621592046907,1621592046917,10,-1,205,17901.6653935117,-1,-1
1621592046997,1621592047057,60,3,278,14981.1263872373,-13221,121
1621592047117,1621592047207,90,9,483,13571.5720475796,-33101,27
1621592047327,1621592047337,10,-1,502,-1.0,-1,-1
1621592047397,1621592047507,110,9,176,3206.15851058157,-4331,163
1621592047527,1621592047587,60,5,157,7035.18051800134,-8169,173
1621592047867,1621592047887,20,0,46,4635.87756026824,-1256,243
1621592048017,1621592048027,10,-1,33,-1.0,-1,-1
1621592048167,1621592048187,20,0,35,1864.42981339935,-314,146
1621592048386,1621592048396,10,-1,36,-1.0,-1,-1
1621592048466,1621592048476,10,-1,34,806.993010959002,-1,-1
1621592048536,1621592048586,50,2,98,3720.29380752624,-1539,93
1621592048646,1621592048746,100,7,109,1199.71042162101,-3027,97
1621592048876,1621592048886,10,-1,46,3723.38595847431,-1,-1
1621592048896,1621592048936,40,1,55,2063.69957512592,-290,282
1621592048996,1621592049036,40,4,233,-1.0,-10106,68
1621592049066,1621592049086,20,0,34,2067.99469163412,-1,282
1621592049136,1621592049186,50,8,392,18476.2960521339,-1,277
1621592049246,1621592049256,10,-1,267,-1.0,-1,-1
1621592049266,1621592049276,10,-1,41,3401.78440709727,-1,-1
1621592049376,1621592049416,40,2,148,8975.02163530794,-7027,2
1621592049436,1621592049456,20,1,163,9197.3455733286,-1,128
1621592049536,1621592049576,40,8,485,22071.761060065,-12592,191
1621592049746,1621592049906,160,16,340,11553.8293184826,-17217,296
1621592049916,1621592049965,49,5,202,19961.6550738419,-11537,187
1621592050085,1621592050105,20,0,182,12464.1543669187,-1,83
1621592050215,1621592050225,10,-1,962,-1.0,-1,-1
1621592050265,1621592050305,40,4,131,5923.93344614812,-5446,154
1621592050325,1621592050395,70,8,440,22341.5549529752,-22980,139
1621592050485,1621592050505,20,12,1060,-1.0,-48956,117
1621592050775,1621592050835,60,6,482,4871.15290667701,-32959,297
1621592050895,1621592050945,50,2,79,789.68316951422,-3434,244
1621592051065,1621592051125,60,20,742,40582.9495958265,-41088,40
1621592051535,1621592051545,10,-1,98,-1.0,-1,-1
1621592051694,1621592051704,10,-1,51,-1.0,-1,-1
1621592051774,1621592051844,70,8,361,20987.7686069937,-15755,212
1621592051954,1621592051974,20,1,128,8398.69097456329,-1,40
1621592052054,1621592052084,30,2,112,1666.85219077435,-1622,304
1621592052104,1621592052254,150,19,436,31458.9858081342,-14294,200
1621592052334,1621592052394,60,12,486,28510.1718343283,-33318,191
1621592052404,1621592052484,80,1,288,17227.5187907968,-20384,68
1621592052494,1621592052504,10,-1,263,23366.4187562721,-1,-1
1621592052564,1621592052754,190,11,486,9582.70992459621,-39419,334
1621592052764,1621592052794,30,11,515,47363.0771931673,-10564,86
1621592053014,1621592053054,40,0,85,3304.88693871395,-4099,90
1621592053134,1621592053164,30,0,94,-1.0,-4717,130
1621592053553,1621592053573,20,0,62,3803.7070149595,-1126,132
1621592053703,1621592053723,20,0,71,-1.0,-4064,90
1621592053803,1621592053843,40,0,45,4016.89514203469,-1415,56
1621592054253,1621592054283,30,1,72,5149.98652337509,-3675,216
1621592054573,1621592054603,30,1,92,5107.36120446684,-4168,318
1621592054743,1621592054783,40,5,260,15221.0492104771,-13731,359
1621592054803,1621592054853,50,6,519,29988.9155884766,-43895,174
1621592054912,1621592054922,10,-1,413,-1.0,-1,-1
1621592055002,1621592055012,10,-1,85,-1.0,-1,-1
1621592055022,1621592055042,20,0,36,1370.5330959004,-105,113
1621592055222,1621592055252,30,1,77,3800.26227330823,-3917,354
1621592055282,1621592055292,10,-1,32,862.934209114714,-1,-1
1621592055462,1621592055482,20,0,59,4395.73299998506,-1357,33
1621592055492,1621592055502,10,-1,31,510.918815927175,-1,-1
1621592055612,1621592055672,60,4,176,5540.43931759719,-8015,297
1621592055692,1621592055722,30,1,65,3197.8828981769,-1871,252
1621592055952,1621592055972,20,0,36,1381.96825074664,-4,142
1621592056042,1621592056062,20,0,64,3602.46579141578,-1,8
1621592056102,1621592056122,20,0,35,2241.01766280429,-518,300
1621592056162,1621592056172,10,-1,32,1016.22205649532,-1,-1
1621592056232,1621592056282,50,1,367,27807.199195976,-19192,300
1621592056502,1621592056522,20,2,374,-1.0,-22461,111
1621592056601,1621592056621,20,0,48,3702.46409965873,-1,327
1621592056641,1621592056651,10,-1,32,2563.13901224719,-1,-1
1621592056681,1621592056711,30,2,154,7661.13308942518,-1,2
1621592056771,1621592056791,20,0,65,-1.0,-3481,164
1621592056851,1621592056861,10,-1,76,4759.09461181959,-1,-1
1621592056921,1621592056931,10,-1,39,-1.0,-1,-1
1621592056951,1621592056971,20,0,56,2719.07156185809,-387,128
1621592056981,1621592057021,40,0,62,5064.13418365347,-1728,309
1621592057081,1621592057091,10,-1,32,-1.0,-1,-1
1621592057531,1621592057581,50,9,379,22600.2662048659,-21462,286
1621592057651,1621592057711,60,3,378,2128.70417317895,-26200,241
1621592057731,1621592057741,10,-1,30,691.869094263319,-1,-1
1621592057761,1621592057821,60,3,842,60554.7200704387,-2551,94
1621592058081,1621592058180,99,8,315,1939.79192079057,-15168,286
1621592058190,1621592058240,49,2,126,4804.95108263023,-6136,273
1621592058280,1621592058290,10,-1,47,2733.66835468192,-1,-1
1621592058350,1621592058360,10,-1,61,-1.0,-1,-1
1621592058520,1621592058540,20,1,127,-1.0,-5541,87
1621592058620,1621592058680,60,4,146,6173.31268547088,-4596,88
1621592058700,1621592058720,20,0,75,3358.62707647825,-1,99
1621592058780,1621592058810,30,1,53,-1.0,-91,163
1621592058820,1621592058850,30,1,127,6079.91390683043,-1,91
1621592058860,1621592058980,120,4,459,39810.1960131366,-26703,93
1621592058990,1621592059010,20,1,114,5917.59647331387,-1,303
1621592059330,1621592059380,50,3,421,4029.98830909505,-20103,287
1621592059480,1621592059500,20,1,133,-1.0,-5906,125
1621592060679,1621592060689,10,-1,84,6443.45875820016,-1,-1
1621592060809,1621592060819,10,-1,63,-1.0,-1,-1
1621592060829,1621592060839,10,-1,31,2309.69712247769,-1,-1
1621592060889,1621592060909,20,0,39,2916.09071850712,-1,132
1621592060979,1621592061009,30,1,50,2902.31635078665,-2009,282
1621592061189,1621592061199,10,-1,72,4831.12078822117,-1,-1
1621592062478,1621592062558,80,13,458,12664.1689971587,-16183,268
1621592062578,1621592062598,20,0,44,2064.18426073156,-1,275
1621592062608,1621592062678,70,4,300,12473.1600231085,-499,333
1621592062888,1621592062968,80,1,1166,50902.9983343209,-59450,223
1621592063068,1621592063088,20,0,92,-1.0,-3504,171
1621592063157,1621592063227,70,14,2125,138724.049804473,-17310,56
1621592063327,1621592063357,30,4,226,9947.05354706458,-1,181
1621592063417,1621592063487,70,3,213,1425.61881209883,-13240,350
1621592063497,1621592063537,40,2,114,5515.65932155265,-5830,52
1621592063557,1621592063657,100,6,123,5200.88765556585,-8372,107
1621592063727,1621592063767,40,3,156,10206.9505845002,-10478,62
1621592063777,1621592063787,10,-1,79,7421.81266118159,-1,-1
1621592063867,1621592063957,90,6,137,836.493995625902,-4963,263
1621592063977,1621592063997,20,0,45,2500.39448276233,-1380,240
1621592064037,1621592064067,30,1,118,6527.15161458066,-1,154
1621592064167,1621592064187,20,0,66,-1.0,-2367,243
1621592064467,1621592064487,20,0,88,5444.74981630881,-1,167
1621592064567,1621592064627,60,3,559,50686.5737021945,-33428,95
1621592064727,1621592064846,119,7,286,18016.7726992106,-25905,271
1621592064866,1621592064886,20,0,35,645.060147107369,-1,270
1621592064966,1621592064986,20,0,71,-1.0,-3879,323
1621592065246,1621592065256,10,-1,42,-1.0,-1,-1
1621592065536,1621592065556,20,0,61,-1.0,-2315,356
1621592065566,1621592065576,10,-1,31,527.746545651835,-1,-1
1621592065966,1621592066006,40,4,195,12345.4343244723,-9412,86
1621592066196,1621592066276,80,10,211,13271.0533310353,-13339,266
1621592066336,1621592066346,10,-1,39,-1.0,-1,-1
1621592066366,1621592066445,79,7,233,13712.4263910578,-8001,142
1621592066525,1621592066535,10,-1,30,151.382235465721,-1,-1
1621592066625,1621592066645,20,0,36,2114.12896466919,-1,206
1621592066885,1621592066915,30,2,185,-1.0,-7617,263
1621592066935,1621592066955,20,1,191,11746.3353923442,-1,270
1621592067015,1621592067105,90,7,363,27890.479098326,-21323,280
1621592067165,1621592067235,70,6,245,9212.14716234125,-4927,252
1621592067295,1621592067305,10,-1,31,-1.0,-1,-1
1621592067785,1621592067805,20,0,44,2229.79263673807,-1,96
1621592067955,1621592068035,80,20,512,30757.1338200956,-31168,4
1621592068224,1621592068274,50,20,808,30890.4107290172,-7964,48
1621592068454,1621592068474,20,1,270,-1.0,-21211,159
1621592068484,1621592068504,20,0,78,6094.62482634048,-665,125
1621592068614,1621592068684,70,6,332,11433.4663509899,-14899,253
1621592068714,1621592068754,40,3,105,4493.5424364325,-6614,273
1621592068764,1621592068774,10,-1,50,4066.78742726824,-1,-1
1621592068804,1621592068824,20,0,66,4103.39861870199,-3174,270
1621592068844,1621592068864,20,0,38,2907.28185059097,-1,261
1621592069254,1621592069304,50,7,277,11849.2613477235,-11568,260
1621592069324,1621592069344,20,1,165,12116.2422308509,-1,79
1621592069404,1621592069414,10,-1,93,-1.0,-1,-1
1621592069664,1621592069694,30,13,1821,115492.69140698,-1,54
1621592069783,1621592069903,120,14,738,25935.9140995146,-60408,248
1621592069963,1621592070003,40,3,197,4539.02866162414,-16060,308
1621592070043,1621592070093,50,5,280,22889.1217636685,-9840,59
1621592070513,1621592070523,10,-1,31,-1.0,-1,-1
1621592070683,1621592070743,60,1,217,15841.0115641726,-14183,356
1621592070753,1621592070773,20,0,93,6495.12679645457,-5968,156
1621592070803,1621592070833,30,3,217,13118.4444961177,-1,11
1621592070913,1621592070933,20,0,93,-1.0,-4244,219
1621592071033,1621592071063,30,0,78,6381.8464184559,-4292,329
1621592071103,1621592071153,50,1,87,5315.59474437811,-5475,328
1621592071702,1621592071922,220,4,350,19050.2841619296,-21997,113
1621592071972,1621592071982,10,-1,41,2759.05771052333,-1,-1
1621592072062,1621592072102,40,0,342,10006.5624610746,-21059,243
1621592072162,1621592072182,20,0,247,-1.0,-18549,231
1621592072312,1621592072392,80,1,281,10872.310530563,-9258,123
1621592072462,1621592072522,60,0,242,21101.9434394741,-14961,18
1621592072962,1621592072972,10,-1,77,4976.15912406857,-1,-1
1621592073161,1621592073171,10,-1,39,-1.0,-1,-1
1621592073181,1621592073221,40,1,75,3044.86342633941,-2033,266
1621592073241,1621592073281,40,1,51,2320.23786101274,-1287,278
1621592073351,1621592073371,20,0,74,2876.78932701493,-1,284
1621592073511,1621592073521,10,-1,201,-1.0,-1,-1
1621592073661,1621592073771,110,3,164,10502.534271095,-12196,232
1621592073791,1621592073821,30,1,54,2101.78487217576,-824,277
1621592073891,1621592073951,60,3,96,3472.62732865228,-2964,256
1621592073991,1621592074061,70,0,203,16850.2944940071,-11612,232
1621592074151,1621592074191,40,0,52,1212.62847224755,-1,95
1621592074201,1621592074211,10,-1,38,1511.37928977015,-1,-1
1621592074311,1621592074341,30,1,74,5062.88065189199,-3319,102
1621592074351,1621592074371,20,1,67,4255.8864595756,-1281,121
1621592074421,1621592074451,30,1,63,2884.78659468242,-454,99
1621592074461,1621592074491,30,0,35,627.48570996535,-128,45
1621592074611,1621592074631,20,0,49,4356.9949972647,-955,254
1621592074641,1621592074710,69,2,56,2045.8902110288,-1663,289
1621592074750,1621592074760,10,-1,36,1122.06876956207,-1,-1
1621592074820,1621592074830,10,-1,56,-1.0,-1,-1
1621592074840,1621592074860,20,0,52,3273.40228503622,-1143,320
1621592074880,1621592074910,30,1,121,4970.13123787397,-1,54
1621592074970,1621592074990,20,0,121,-1.0,-9023,333
1621592075010,1621592075020,10,-1,72,6255.31464080217,-1,-1
1621592075100,1621592075130,30,1,97,-1.0,-3309,249
1621592075170,1621592075190,20,0,71,2957.33768955959,-1,243
1621592075400,1621592075440,40,1,207,8574.194399818,-1,126
1621592075510,1621592075590,80,3,49,1265.70345862761,-740,257
1621592075650,1621592075700,50,2,65,320.260586538242,-2311,279
1621592075740,1621592075760,20,2,415,27208.4495215698,-1,166
1621592075820,1621592075830,10,-1,145,-1.0,-1,-1
1621592075910,1621592075940,30,3,168,9083.43728925935,-1,290
1621592075950,1621592076000,50,1,229,16003.7173396303,-15258,317
1621592076020,1621592076040,20,1,64,6067.80145992891,-852,329
1621592076120,1621592076140,20,0,67,-1.0,-1479,45
1621592076419,1621592076509,90,9,329,22081.4270019304,-11530,143
1621592076679,1621592076689,10,-1,89,-1.0,-1,-1
1621592076709,1621592076729,20,0,74,4041.30637366313,-1,240
1621592076739,1621592076769,30,2,232,11691.4496508172,-1,294
1621592076829,1621592076909,80,4,80,1848.46686532732,-1936,272
1621592077129,1621592077149,20,1,134,-1.0,-7455,23
1621592077179,1621592077189,10,-1,65,4882.17617246607,-1,-1
1621592077249,1621592077259,10,-1,66,-1.0,-1,-1
1621592077269,1621592077289,20,0,36,2610.32698495835,-1,307
1621592077419,1621592077489,70,2,320,22845.960170907,-13362,57
1621592077499,1621592077519,20,0,66,6614.96471136513,-18,139
1621592077529,1621592077569,40,2,423,27436.3315747421,-5508,83
1621592077719,1621592077769,50,3,244,10564.5949365222,-11049,231
1621592077829,1621592077869,40,3,132,-1.0,-3395,259
1621592078218,1621592078268,50,3,130,7363.79600389813,-4138,203
1621592078568,1621592078578,10,-1,47,3354.09939103252,-1,-1
1621592078588,1621592078638,50,10,403,15675.194147419,-16964,287
1621592078718,1621592078728,10,-1,126,-1.0,-1,-1
1621592078768,1621592078818,50,6,233,13193.2107681672,-11503,276
1621592078858,1621592078918,60,2,136,6462.77903415783,-506,88
1621592078978,1621592079108,130,8,125,3803.67324759881,-4554,84
1621592079118,1621592079218,100,6,311,15428.572255353,-13893,220
1621592079298,1621592079348,50,2,152,11240.0277436813,-7898,187
1621592079368,1621592079408,40,2,89,3913.56968678824,-4847,64
1621592079428,1621592079448,20,0,42,2833.35224190549,-1,32
1621592079478,1621592079508,30,2,118,6124.39062655099,-1,251
1621592079628,1621592079767,139,15,769,23089.942675307,-49545,252
1621592079897,1621592079957,60,6,164,4946.20730911176,-8332,21
1621592079977,1621592079997,20,0,47,1881.39764597941,-1,7
1621592080017,1621592080037,20,0,39,1499.01070338928,-1,18
1621592080057,1621592080077,20,0,99,6454.95614498845,-1,158
1621592080137,1621592080147,10,-1,84,-1.0,-1,-1
1621592080197,1621592080217,20,0,40,2374.6898612077,-430,95
1621592080317,1621592080327,10,-1,48,2783.79879058911,-1,-1
1621592080387,1621592080437,50,1,79,2614.83712331519,-3628,163
1621592080547,1621592080577,30,0,43,924.099398139608,-1097,263
1621592080587,1621592080607,20,0,52,1437.7827776053,-1,236
1621592080637,1621592080657,20,8,985,61435.4419566414,-1,70
1621592080757,1621592080787,30,7,340,7711.96247072919,-19784,48
1621592080807,1621592080907,100,7,136,7270.3799597975,-6053,263
1621592081147,1621592081187,40,7,298,14982.3514493378,-12033,114
1621592081207,1621592081237,30,2,107,5907.51075999405,-4513,270
1621592081267,1621592081346,79,2,44,582.864072292129,-794,262
1621592081356,1621592081406,50,5,195,10092.6352276679,-6900,200
1621592081416,1621592081666,250,16,447,38468.786377243,-27431,91
1621592081686,1621592081736,50,2,57,1700.03294339305,-2223,239
1621592081756,1621592081776,20,0,75,3414.07265239623,-1,220
1621592081836,1621592081916,80,4,255,20642.6897403248,-10455,237
1621592081936,1621592082006,70,12,364,15114.631907717,-13724,5
1621592082036,1621592082046,10,-1,31,1006.62005116717,-1,-1
1621592082166,1621592082176,10,-1,40,1802.98221537198,-1,-1
1621592082186,1621592082236,50,3,157,5983.25218807463,-7032,8
1621592082306,1621592082366,60,4,119,7570.62698318202,-4079,59
1621592082536,1621592082616,80,30,743,36394.8562638795,-27696,251
1621592082706,1621592082716,10,-1,51,3348.1910678046,-1,-1
1621592082796,1621592082806,10,-1,45,-1.0,-1,-1
1621592082876,1621592082925,49,3,98,5076.97987385575,-3915,240
1621592083205,1621592083285,80,1,387,22502.4583714377,-33670,153
1621592083345,1621592083375,30,1,67,3019.42838879511,-1768,231
1621592083385,1621592083405,20,0,65,5569.12332802477,-19,51
1621592083415,1621592083455,40,1,58,1736.65773565898,-2417,205
1621592083475,1621592083525,50,3,216,14927.9997142416,-17360,264
1621592083635,1621592083645,10,-1,39,-1.0,-1,-1
1621592083815,1621592083835,20,0,84,5175.12992251095,-1,320
1621592083895,1621592083905,10,-1,42,-1.0,-1,-1
1621592084195,1621592084255,60,0,149,12889.2483750556,-5888,90
1621592084315,1621592084325,10,-1,64,-1.0,-1,-1
1621592084515,1621592084614,99,8,466,30981.8026132866,-20020,262
1621592084654,1621592084674,20,2,252,14741.5386868384,-1,240
1621592084734,1621592084754,20,0,115,-1.0,-8325,73
1621592084774,1621592084834,60,13,380,17134.0706321134,-15584,166
1621592085014,1621592085084,70,1,517,17539.6153778038,-44938,233
1621592085144,1621592085184,40,2,167,12491.6717218869,-3483,113
1621592085354,1621592085404,50,4,400,33402.0926878803,-12536,240
1621592085464,1621592085494,30,2,200,-1.0,-7078,294
1621592085664,1621592085674,10,-1,36,1275.36679616258,-1,-1
1621592085794,1621592085804,10,-1,83,6005.48851240107,-1,-1
1621592085864,1621592085894,30,2,324,-1.0,-19333,109
1621592086154,1621592086164,10,-1,46,-1.0,-1,-1
1621592086303,1621592086313,10,-1,38,1450.37397185697,-1,-1
1621592086343,1621592086363,20,5,558,28140.7129167277,-1,99
1621592086463,1621592086593,130,9,588,26071.3197382848,-33424,265
1621592086603,1621592086643,40,2,216,14501.9574574596,-1972,86
1621592086703,1621592086723,20,0,96,-1.0,-5609,97
1621592086793,1621592086823,30,2,105,4846.15417312182,-3772,36
1621592086933,1621592086973,40,1,49,2026.27387965644,-10,238
1621592087403,1621592087423,20,0,108,-1.0,-6840,90
1621592087503,1621592087593,90,17,459,30927.1713156902,-17945,175
1621592087653,1621592087713,60,1,241,9571.85453916168,-17861,206
1621592087733,1621592087773,40,2,90,2882.66632038201,-2370,254
1621592087843,1621592087902,59,7,211,17211.0175858644,-10354,14
1621592087912,1621592087932,20,0,88,6288.65483981836,-4552,75
1621592088202,1621592088212,10,-1,1307,128446.026102009,-1,-1
1621592088362,1621592088482,120,7,432,37554.8718572375,-27851,298
1621592088582,1621592088592,10,-1,40,2369.91266233365,-1,-1
1621592088652,1621592088712,60,0,236,17373.3199239244,-16229,45
1621592088792,1621592088852,60,3,111,7977.22470814475,-3467,27
1621592088862,1621592088872,10,-1,47,3006.81631514284,-1,-1
1621592088932,1621592088942,10,-1,34,-1.0,-1,-1
1621592088952,1621592088992,40,4,183,10098.9992943016,-9955,234
1621592089911,1621592089961,50,9,301,18585.7006580446,-14218,213
1621592090251,1621592090291,40,4,188,12549.805920528,-10230,7
1621592090401,1621592090421,20,0,127,8481.97564747399,-1,55
1621592091330,1621592091360,30,2,203,10447.0742641789,-1,123
1621592091530,1621592091590,60,8,242,1747.65857344146,-17463,283
1621592091600,1621592091660,60,2,65,3550.43873682466,-2446,270
1621592091680,1621592091690,10,-1,36,994.649368704994,-1,-1
1621592092500,1621592092540,40,8,397,19645.5538822825,-1,97
1621592092630,1621592092690,60,8,271,10812.0724075451,-17084,240
1621592092750,1621592092799,49,2,391,8611.17322901594,-27676,163
1621592092819,1621592092839,20,0,68,3848.833023878,-1,225
1621592092909,1621592092929,20,0,35,905.089438992058,-499,261
1621592092979,1621592092999,20,1,123,7068.22562285309,-1,119
1621592093189,1621592093239,50,3,165,8834.85178531045,-9893,115
1621592093299,1621592093369,70,2,185,8931.77312514149,-10208,87
1621592093449,1621592093539,90,4,216,3690.93572544231,-11464,306
1621592093679,1621592093689,10,-1,59,4103.54419780861,-1,-1
1621592093749,1621592093769,20,0,94,-1.0,-4259,265
1621592093829,1621592093839,10,-1,43,3300.73962722218,-1,-1
1621592093899,1621592093969,70,2,389,6979.71483891463,-25783,202
1621592093979,1621592093989,10,-1,68,5202.4758822064,-1,-1
1621592094049,1621592094059,10,-1,49,-1.0,-1,-1
1621592095068,1621592095088,20,1,111,-1.0,-5265,98
1621592095228,1621592095248,20,0,78,4188.40835383154,-1,340
1621592095618,1621592095638,20,5,639,38146.7547010263,-1,95
1621592095718,1621592095798,80,11,274,7717.37679690618,-11540,276
1621592095878,1621592095898,20,0,45,-1.0,-555,259
1621592095928,1621592095938,10,-1,31,307.571103478327,-1,-1
1621592095958,1621592095968,10,-1,49,2044.17999926805,-1,-1
1621592096028,1621592096038,10,-1,49,-1.0,-1,-1
1621592096707,1621592096747,40,2,77,3871.91925338874,-1659,95
1621592096897,1621592096907,10,-1,68,3951.56890240706,-1,-1
1621592096967,1621592096977,10,-1,59,-1.0,-1,-1
1621592097437,1621592097497,60,6,222,10077.4955123899,-18944,274
1621592097587,1621592097607,20,0,79,20.6657687266144,-1,252
1621592097637,1621592097667,30,1,59,2925.79703303276,-2666,336
1621592097876,1621592097926,50,11,393,20197.3647642218,-15419,250
1621592098016,1621592098056,40,8,299,10676.2180110136,-9807,261
1621592098126,1621592098156,30,1,48,1865.63255255186,-739,81
1621592098206,1621592098226,20,0,85,4412.58895702911,-1,90
1621592098286,1621592098296,10,-1,66,-1.0,-1,-1
1621592098456,1621592098476,20,1,195,15802.4305394816,-1,90
1621592098666,1621592098806,140,12,354,9499.20929577514,-14488,26
1621592098826,1621592098936,110,4,70,3517.45968103678,-2301,264
1621592099036,1621592099056,20,0,57,-1.0,-2255,299
1621592099605,1621592099625,20,1,159,10572.9635484323,-1,177
1621592099685,1621592099735,50,3,178,6.5495930526744,-8109,254
1621592100225,1621592100335,110,5,204,10151.1775373738,-7792,250
1621592100415,1621592100445,30,1,116,-1.0,-5959,251
1621592100575,1621592100635,60,3,123,6474.87511607147,-5113,243
1621592101114,1621592101124,10,-1,44,2870.47795442552,-1,-1
1621592101194,1621592101204,10,-1,32,1459.45465919449,-1,-1
1621592101484,1621592101584,100,6,258,12642.4575111962,-11369,239
1621592101614,1621592101624,10,-1,40,2945.94250396473,-1,-1
1621592101684,1621592101694,10,-1,44,-1.0,-1,-1
1621592101954,1621592101964,10,-1,79,5306.6270056299,-1,-1
1621592102124,1621592102194,70,4,107,7350.89654856255,-2562,272
1621592102264,1621592102344,80,0,291,25278.3290933056,-17807,23
1621592102713,1621592102733,20,1,170,8504.6433384731,-1,86
1621592103113,1621592103173,60,4,156,8494.48927750162,-6595,282
1621592103183,1621592103193,10,-1,31,1288.71642639644,-1,-1
1621592103583,1621592103623,40,4,192,12055.2859285147,-9193,17
1621592103633,1621592103643,10,-1,49,4380.55056791302,-1,-1
1621592103703,1621592103713,10,-1,36,-1.0,-1,-1
1621592103773,1621592103833,60,5,128,8427.06776495959,-6080,204
1621592104053,1621592104073,20,4,411,20538.890440626,-1,76
1621592104153,1621592104173,20,1,101,-1.0,-67,107
1621592104253,1621592104263,10,-1,49,-1.0,-1,-1
1621592104293,1621592104303,10,-1,32,718.037672968551,-1,-1
1621592104363,1621592104372,9,-1,38,843.361661922622,-1,-1
1621592104452,1621592104512,60,6,175,12101.6483255742,-6235,43
1621592104972,1621592104992,20,1,126,8185.87026221137,-1,25
1621592105002,1621592105142,140,7,134,8506.28774247626,-5891,179
1621592105192,1621592105212,20,5,575,30310.8572514108,-1,88
1621592105312,1621592105422,110,14,392,5139.05943784629,-20624,268
1621592105442,1621592105472,30,0,49,3141.92211601635,-1511,266
1621592105532,1621592105562,30,5,637,-1.0,-36712,216
1621592106101,1621592106151,50,2,230,13436.8792495357,-865,55
1621592106551,1621592106561,10,-1,46,-1.0,-1,-1
1621592106591,1621592106621,30,7,358,17952.6738830708,-1096,91
1621592106801,1621592106851,50,1,351,24798.2309673484,-28352,34
1621592106931,1621592106971,40,4,320,-1.0,-14187,226
1621592107231,1621592107251,20,1,131,-1.0,-8178,101
1621592107261,1621592107301,40,5,237,18178.7391653827,-15276,336
1621592107670,1621592107710,39,4,170,8229.72355378954,-7294,255
1621592107720,1621592107760,40,3,510,32607.937766926,-2441,83
1621592107900,1621592107990,90,6,174,2445.21148684065,-4896,261
1621592108120,1621592108140,20,0,56,5.06765636213302,-1,307
1621592108180,1621592108240,60,3,80,2202.12722459693,-3500,30
1621592108310,1621592108320,10,-1,33,2202.95660882058,-1,-1
1621592108380,1621592108400,20,0,54,-1.0,-1479,29
1621592108450,1621592108460,10,-1,39,2890.79030694832,-1,-1
1621592108530,1621592108550,20,0,32,277.413844075375,-1,146
1621592108610,1621592108630,20,0,46,983.901933958137,-1,102
1621592108670,1621592108700,30,0,43,1383.2342344343,-1239,104
1621592108780,1621592108870,90,2,175,13352.649512983,-11881,85
1621592108900,1621592108950,50,4,163,8539.26706493471,-6224,225
1621592109090,1621592109100,10,-1,31,1037.33567598737,-1,-1
1621592109220,1621592109250,30,1,85,4769.04516281929,-756,169
1621592109389,1621592109409,20,0,58,4166.29008850322,-1184,309
1621592109419,1621592109429,10,-1,30,76.4038874318207,-1,-1
1621592109459,1621592109489,30,2,100,5279.12254611213,-3652,46
1621592109549,1621592109559,10,-1,61,3326.87663547593,-1,-1
1621592109619,1621592109649,30,1,97,-1.0,-4996,255
1621592109669,1621592109679,10,-1,30,792.702497570756,-1,-1
1621592109739,1621592109759,20,0,52,1943.13139847141,-1,255
1621592110379,1621592110439,60,8,760,42943.5523266069,-62511,105
1621592110499,1621592110519,20,0,132,-1.0,-8494,278
1621592110899,1621592110919,20,0,51,3084.32167589744,-1283,228
1621592111238,1621592111258,20,0,42,2903.339800844,-573,236
1621592111658,1621592111668,10,-1,30,1133.45404695182,-1,-1
1621592111688,1621592111708,20,0,54,2192.68412654821,-1,5
1621592111768,1621592111788,20,1,102,-1.0,-4616,81
1621592111818,1621592111838,20,1,183,12233.1868208279,-1,348
1621592111898,1621592111928,30,0,153,483.095870322932,-11578,208
1621592111938,1621592111968,30,0,45,2877.82414047458,-396,77
1621592111978,1621592111988,10,-1,46,3590.68152427835,-1,-1
1621592112078,1621592112088,10,-1,37,1022.74691644765,-1,-1
1621592112098,1621592112108,10,-1,87,7367.43177084597,-1,-1
1621592112348,1621592112398,50,4,167,7083.12972540295,-7861,283
1621592112518,1621592112538,20,0,134,9396.25518375857,-1,86
1621592112597,1621592112607,10,-1,93,-1.0,-1,-1
1621592112687,1621592112707,20,8,864,44402.0502041758,-1,112
1621592112797,1621592112817,20,1,258,-1.0,-20885,297
1621592112827,1621592112877,50,5,174,14721.4271106343,-7989,288
1621592112887,1621592112957,70,5,111,5629.80687766448,-2935,261
1621592113247,1621592113317,70,4,128,4396.39969751347,-6409,77
1621592113477,1621592113497,20,2,386,24984.3931447358,-1,104
1621592113597,1621592113627,30,2,128,6288.70256420535,-9708,95
1621592113637,1621592113707,70,7,203,10948.1348986772,-8302,261
1621592113867,1621592113897,30,3,339,-1.0,-16848,215
1621592114007,1621592114047,40,1,70,2156.43209250538,0,246
1621592114057,1621592114077,20,0,37,2215.16456104032,-1,74
1621592114316,1621592114346,30,1,86,4140.85300143977,-3361,21
1621592114866,1621592114906,40,2,101,5383.83194461874,-3681,170
1621592115146,1621592115156,10,-1,54,3762.20396408335,-1,-1
1621592115236,1621592115246,10,-1,38,-1.0,-1,-1
1621592115276,1621592115316,40,2,104,5085.02176263089,-5891,39
1621592115646,1621592115696,50,5,181,10134.531336454,-7251,248
1621592116185,1621592116215,30,2,158,-1.0,-7860,71
1621592116305,1621592116325,20,5,662,40236.7360442379,-1,88
1621592116415,1621592116505,90,11,463,123.11438433386,-19596,275
1621592116525,1621592116535,10,-1,68,6520.86373684289,-1,-1
1621592116545,1621592116595,50,1,291,28793.3616264629,-21554,255
1621592117485,1621592117505,20,0,47,1999.12261862068,-1605,159
1621592117654,1621592117674,20,2,428,28808.8537568236,-1,107
1621592117754,1621592117774,20,1,297,-1.0,-23323,148
1621592117784,1621592117864,80,12,320,15895.5214096591,-10125,278
1621592118134,1621592118164,30,21,1962,105568.91898669,-1,41
1621592118234,1621592118334,100,19,309,4243.59975861454,-9634,256
1621592118414,1621592118424,10,-1,51,-1.0,-1,-1
1621592118964,1621592118974,10,-1,33,347.248795050318,-1,-1
1621592119044,1621592119054,10,-1,31,1834.05864972753,-1,-1
1621592119543,1621592119573,30,1,94,6353.96392514876,-26,101
1621592119643,1621592119723,80,5,132,9268.54367816623,-3135,275
1621592120133,1621592120143,10,-1,37,1735.9416701473,-1,-1
1621592120203,1621592120213,10,-1,323,-1.0,-1,-1
1621592120333,1621592120383,50,4,379,3423.4244984792,-16713,254
1621592120393,1621592120453,60,5,165,5243.38152989897,-7691,271
1621592120483,1621592120583,100,6,296,17871.0806301754,-16119,260
1621592120603,1621592120633,30,2,104,5117.88444359075,-4254,261
1621592120823,1621592120842,19,0,54,2763.91640964269,-1,160
1621592120952,1621592120992,40,4,171,10651.572284357,-6294,85
1621592121052,1621592121062,10,-1,42,-1.0,-1,-1
1621592121082,1621592121102,20,1,262,19489.0976237428,-1,100
1621592121772,1621592121792,20,0,54,-1.0,-2110,216
1621592121822,1621592121872,50,3,104,4859.61102903761,-3777,204
1621592122631,1621592122691,60,2,260,12828.7494909989,-8235,71
1621592122751,1621592122761,10,-1,205,-1.0,-1,-1
1621592122921,1621592122961,40,3,196,12056.2163898623,-2053,165
1621592123131,1621592123151,20,1,150,10760.3922378296,-1,210
1621592123941,1621592124001,60,23,941,-1.0,-26315,294
1621592124180,1621592124200,20,0,83,-1.0,-3725,341
1621592124310,1621592124320,10,-1,45,2787.34185940519,-1,-1
1621592124350,1621592124380,30,6,423,18493.771059677,-1,90
1621592125330,1621592125340,10,-1,189,-1.0,-1,-1
1621592125450,1621592125510,60,4,154,7948.30195842224,-7012,288
1621592125540,1621592125580,40,1,52,2709.83236846355,-1321,270
1621592125610,1621592125670,60,6,176,11135.7814194285,-5303,223
1621592125720,1621592125759,39,1,39,1965.87825593097,-152,239
1621592125859,1621592125919,60,11,419,18955.7501586713,-19900,240
1621592126019,1621592126069,50,2,78,2267.6060199975,-4320,236
1621592126419,1621592126489,70,2,56,1289.02085895592,-1172,54
1621592126549,1621592126579,30,1,60,-1.0,-2149,70
1621592126589,1621592126599,10,-1,30,366.468366401119,-1,-1
1621592126619,1621592126669,50,1,92,5412.99712996495,-5516,359
1621592126689,1621592126709,20,1,97,6853.90995536123,-2263,56
1621592126769,1621592126789,20,0,90,5495.61764796879,-1,277
1621592126849,1621592126869,20,0,49,-1.0,-987,278
1621592126889,1621592126899,10,-1,36,2107.98002643607,-1,-1
1621592126919,1621592127059,140,10,460,25487.7617454592,-4438,20
1621592127119,1621592127209,90,3,202,1526.45696204911,-14767,177
1621592127269,1621592127299,30,0,42,711.20134445976,-899,139
1621592127329,1621592127418,89,9,234,11669.0592335835,-7782,207
1621592127428,1621592127448,20,1,85,4685.8265384202,-1,117
1621592127548,1621592127568,20,0,109,-1.0,-6950,77
1621592127588,1621592127608,20,0,50,2186.86946712699,-1861,270
1621592127638,1621592127748,110,4,80,2971.60560918887,-2784,278
1621592127768,1621592127808,40,1,112,8460.69665675751,-3403,20
1621592127818,1621592127828,10,-1,64,3927.71925455245,-1,-1
1621592127838,1621592127918,80,4,196,10485.4623397435,-7986,1
1621592128088,1621592128138,50,4,179,7233.77940282031,-8850,143
1621592128198,1621592128238,40,0,65,4609.77605018775,-1811,194
1621592128318,1621592128348,30,2,129,8011.46018730783,-3769,59
1621592128358,1621592128378,20,1,83,6334.96116743129,-1541,136
1621592128398,1621592128418,20,8,1414,102789.034800093,-1,269
1621592128528,1621592128638,110,12,955,8754.51726071155,-79745,281
1621592128658,1621592128738,80,4,99,3736.84208178107,-2965,354
1621592128748,1621592128848,100,3,59,1592.60304297391,-1932,77
1621592128948,1621592128968,20,0,39,1216.64005547648,-732,219
1621592129077,1621592129087,10,-1,95,-1.0,-1,-1
1621592129107,1621592129137,30,1,52,1806.92024919209,-11,232
1621592129167,1621592129187,20,0,48,3284.69177941894,-1,241
1621592129207,1621592129307,100,19,806,32869.4081613057,-9466,185
1621592129367,1621592129417,50,7,250,9813.05134185152,-15256,48
1621592129477,1621592129627,150,11,119,4655.7402032915,-3542,234
1621592129657,1621592129687,30,5,343,16154.8995485493,-1,46
1621592129747,1621592129817,70,4,201,5013.2971917824,-10648,216
1621592129877,1621592129897,20,1,53,60.2270922010689,-1,237
1621592129907,1621592129957,50,3,61,2409.75669955874,-1115,236
1621592129967,1621592129977,10,-1,33,498.189678167667,-1,-1
1621592130037,1621592130087,50,1,390,36513.5281500822,-26066,165
1621592130097,1621592130107,10,-1,80,7463.87696748779,-1,-1
1621592130187,1621592130407,220,7,539,13996.6506247498,-38426,196
1621592130427,1621592130497,70,3,506,37377.8256960582,-12820,23
1621592130906,1621592130946,40,4,161,8199.26052033567,-8057,216
1621592130956,1621592130986,30,3,141,6384.6092329204,-5918,233
1621592131046,1621592131076,30,4,380,17210.105842911,-1,171
1621592131166,1621592131256,90,1,410,25201.720115247,-28729,103
1621592131366,1621592131386,20,0,72,2656.79650950629,-1,309
1621592131446,1621592131506,60,5,143,4927.3595855327,-4792,281
1621592131586,1621592131626,40,6,279,1301.3441183705,-12641,214
1621592131636,1621592131646,10,-1,34,1694.6859785372,-1,-1
1621592131666,1621592131676,10,-1,114,8830.59684999935,-1,-1
1621592131736,1621592131746,10,-1,43,-1.0,-1,-1
1621592131826,1621592131876,50,4,187,11803.3664017793,-10362,142
1621592131916,1621592131936,20,1,91,5321.04709423408,-1,328
1621592131996,1621592132006,10,-1,34,-1.0,-1,-1
1621592132036,1621592132086,50,5,347,28587.4464614527,-13334,46
1621592132156,1621592132166,10,-1,71,-1.0,-1,-1
1621592132306,1621592132326,20,4,384,20126.8430534829,-1,124
1621592134174,1621592134194,20,8,819,-1.0,-1683,262
1621592134264,1621592134274,10,-1,799,-1.0,-1,-1
1621592134974,1621592135014,40,12,1507,-1.0,-96222,278
1621592135024,1621592135044,20,0,54,2413.8644350292,-1,108
1621592135274,1621592135334,60,7,1286,55535.0045928929,-118962,271
1621592135394,1621592135464,70,6,261,18985.1766648883,-14033,228
1621592135594,1621592135604,10,-1,81,5972.94106162142,-1,-1
1621592135664,1621592135723,59,6,220,3165.77633027479,-9489,260
1621592135813,1621592135833,20,0,42,2538.91475979496,-972,0
1621592135873,1621592135903,30,3,185,8036.81502709421,-8819,328
1621592135933,1621592136023,90,2,255,21076.4410182718,-16713,123
1621592136473,1621592136513,40,5,192,9512.76377943585,-11762,103
1621592136643,1621592136733,90,5,508,38716.6316990379,-45689,270
1621592136903,1621592136923,20,0,143,-1.0,-8689,254
1621592137093,1621592137103,10,-1,32,2104.40114567007,-1,-1
1621592137452,1621592137462,10,-1,44,2839.02544660415,-1,-1
1621592137692,1621592137712,20,0,49,2249.70398018249,-4,184
1621592137732,1621592137742,10,-1,35,1714.87808445045,-1,-1
1621592137932,1621592137992,60,0,74,2794.33030505594,-2998,322
1621592138002,1621592138012,10,-1,36,1628.04220767696,-1,-1
1621592138242,1621592138262,20,0,38,2318.60192849854,-699,212
1621592138412,1621592138452,40,2,388,23003.6760609601,-2434,103
1621592138522,1621592138802,280,12,307,21442.3078808508,-13211,284
1621592138912,1621592138932,20,0,38,2620.51294555052,-461,336
1621592139181,1621592139261,80,1,258,21700.9785135324,-11099,180
1621592139291,1621592139321,30,3,177,8485.45197636272,-195,130
1621592139401,1621592139421,20,0,112,-1.0,-6314,309
1621592139651,1621592139671,20,0,43,-1.0,-787,315
1621592139951,1621592139971,20,0,87,5356.38329175167,-1,75
1621592140101,1621592140221,120,7,488,9911.95993539388,-20991,301
1621592140271,1621592140321,50,3,257,13079.9083469057,-14709,46
1621592140331,1621592140361,30,3,173,11933.0799088553,-9829,228
1621592140411,1621592140481,70,10,289,12818.8217401123,-10697,262
1621592140910,1621592140980,70,14,390,16645.0660430612,-15438,87
1621592141010,1621592141020,10,-1,71,5355.57227629386,-1,-1
1621592141100,1621592141130,30,1,64,19.7975636264943,-2692,355
1621592141650,1621592141710,60,1,251,21237.0571268394,-13092,129
1621592141870,1621592141930,60,2,72,3782.31001110075,-1825,5
1621592142090,1621592142110,20,1,96,5058.97253728437,-1,174
1621592142190,1621592142210,20,2,422,29164.6059577401,-1,83
1621592142319,1621592142409,90,5,237,11157.7420696394,-6986,290
1621592142439,1621592142469,30,2,126,5849.06744614691,-6723,258
1621592142479,1621592142489,10,-1,35,1190.16022150982,-1,-1
1621592142719,1621592142759,40,1,55,2020.88265104986,-375,4
1621592142939,1621592142959,20,2,227,12799.7554492498,-1,92
1621592143019,1621592143099,80,3,170,12614.1934643232,-10376,197
1621592143219,1621592143309,90,0,416,31035.5755462532,-36173,320
1621592143319,1621592143329,10,-1,44,1592.54824537096,-1,-1
1621592143569,1621592143639,70,1,422,30727.7408543371,-25303,98
1621592143649,1621592143659,10,-1,41,3893.35570008155,-1,-1
1621592143729,1621592143819,90,0,278,23774.272912839,-14973,315
1621592144038,1621592144068,30,1,62,2575.46654146955,-1586,352
1621592144318,1621592144358,40,2,129,5309.70808688769,-8229,263
1621592144578,1621592144598,20,2,470,36472.5953458166,-1,95
1621592144708,1621592144728,20,2,170,-1.0,-6900,236
1621592144738,1621592144818,80,9,240,11417.8109905951,-11796,274
1621592144878,1621592144888,10,-1,46,-1.0,-1,-1
1621592144938,1621592144958,20,1,80,5992.08194902514,-391,48
1621592144988,1621592145008,20,0,40,2917.38855247644,-1,226
1621592145238,1621592145298,60,4,92,4074.02993671874,-4011,139
1621592145348,1621592145368,20,0,43,4010.39978555322,-161,351
1621592145597,1621592145637,40,1,62,3187.93580592872,-2835,330
1621592145867,1621592145877,10,-1,64,-1.0,-1,-1
1621592145977,1621592146017,40,0,180,11819.0468197526,-2856,63
1621592146127,1621592146197,70,7,186,2022.51734865002,-7119,274
1621592146227,1621592146267,40,1,78,3419.3268984938,-4039,317
1621592146307,1621592146367,60,2,296,22819.0753279089,-20004,183
1621592146537,1621592146567,30,1,73,4180.08358503203,-1851,114
1621592146827,1621592146887,60,0,195,17045.4770745856,-9539,130
1621592146987,1621592147037,50,7,283,13178.1685893691,-2929,76
1621592147137,1621592147206,69,2,307,13208.4483725198,-16744,267
1621592147266,1621592147306,40,2,197,14448.155706498,-15388,280
1621592147316,1621592147336,20,0,66,4142.18854122541,-2443,258
1621592147396,1621592147416,20,1,265,-1.0,-18224,54
1621592147466,1621592147506,40,3,548,34466.365280846,-796,75
1621592147646,1621592147736,90,8,253,13957.4332094804,-13679,284
1621592147796,1621592147866,70,2,264,13075.3999293507,-11999,268
1621592147936,1621592147956,20,0,50,2867.13044004025,-1,201
1621592147996,1621592148006,10,-1,33,1194.665722973,-1,-1
1621592148156,1621592148296,140,0,243,14401.8852488028,-8281,340
1621592148386,1621592148396,10,-1,67,-1.0,-1,-1
1621592148546,1621592148616,70,14,356,6495.60801593094,-15763,256
1621592148716,1621592148746,30,1,54,2269.65829592804,-502,95
1621592148905,1621592148975,70,13,403,13729.833002661,-4,258
1621592149065,1621592149075,10,-1,33,-1.0,-1,-1
1621592149085,1621592149155,70,6,345,29965.2645990871,-21274,103
1621592149215,1621592149255,40,2,101,3089.68467173227,-3580,3
1621592149385,1621592149425,40,0,234,16287.5502578195,-1254,354
1621592149515,1621592149645,130,2,368,29631.2360014376,-33184,279
1621592149825,1621592149885,60,2,58,1789.90273903164,-1303,270
1621592149995,1621592150005,10,-1,30,785.946405597,-1,-1
1621592150015,1621592150025,10,-1,93,8427.25794639616,-1,-1
1621592150085,1621592150105,20,0,54,-1.0,-1984,279
1621592150225,1621592150235,10,-1,37,919.267173708642,-1,-1
1621592150275,1621592150285,10,-1,37,1821.08040192025,-1,-1
1621592150375,1621592150385,10,-1,31,806.344669077534,-1,-1
1621592150425,1621592150445,20,0,41,2054.79753557788,-1,263
1621592150554,1621592150614,60,5,106,3987.82302635803,-6555,259
1621592150634,1621592150654,20,1,66,2525.47136711359,-1,261
1621592150754,1621592150764,10,-1,30,109.407644095855,-1,-1
1621592150894,1621592150914,20,0,59,-1.0,-2277,163
1621592151504,1621592151534,30,1,64,2895.09215155938,-35,200
1621592151594,1621592151604,10,-1,37,-1.0,-1,-1
1621592152024,1621592152064,40,2,115,5711.11004552664,-4275,7
1621592152303,1621592152353,50,5,173,9518.37671053316,-7914,52
1621592152783,1621592152793,10,-1,51,3260.34180824402,-1,-1
1621592152903,1621592152953,50,6,264,9260.31917728105,-1930,269
1621592153033,1621592153043,10,-1,115,-1.0,-1,-1
1621592153263,1621592153283,20,0,32,1107.99290167734,-149,59
1621592153343,1621592153353,10,-1,31,1233.2530066201,-1,-1
1621592153413,1621592153433,20,0,45,-1.0,-909,63
1621592153703,1621592153753,50,1,53,786.891693456258,-1068,86
1621592153832,1621592153842,10,-1,69,-1.0,-1,-1
1621592153862,1621592153872,10,-1,43,3553.40363478327,-1,-1
1621592154432,1621592154452,20,1,124,6967.19992888662,-1,299
1621592154922,1621592154962,40,0,74,6348.33290554086,-4028,322
1621592155102,1621592155122,20,0,35,143.135363548232,-1,254
1621592155252,1621592155262,10,-1,69,-1.0,-1,-1
1621592155272,1621592155282,10,-1,40,1687.42451190742,-1,-1
1621592155511,1621592155541,30,5,479,-1.0,-23078,113
1621592155551,1621592155561,10,-1,38,1121.56111964144,-1,-1
1621592155581,1621592155621,40,1,57,2149.42726458179,-1631,254
1621592155661,1621592155701,40,2,101,3942.25292213905,-3851,163
1621592155771,1621592155811,40,0,49,4068.14290550137,-1550,279
1621592156151,1621592156171,20,0,89,-1.0,-66,75
1621592156181,1621592156191,10,-1,31,1351.01096372826,-1,-1
1621592156201,1621592156291,90,5,116,4079.35096499699,-3559,268
1621592156361,1621592156401,40,1,81,3569.87123106413,-2631,227
1621592156611,1621592156621,10,-1,72,4768.44659722619,-1,-1
1621592156751,1621592156811,60,7,236,17968.5965720018,-9878,292
1621592156911,1621592156921,10,-1,59,-1.0,-1,-1
1621592157001,1621592157021,20,0,39,2224.48963246412,-1,335
1621592157460,1621592157480,20,0,38,1543.89356542963,-1,20
1621592157490,1621592157510,20,0,31,386.949476935511,-1,84
1621592157670,1621592157690,20,0,48,2535.9163704904,-1,201
1621592157730,1621592157740,10,-1,46,3157.12969512688,-1,-1
1621592157950,1621592157990,40,5,370,20473.4444953944,-16358,227
1621592158050,1621592158100,50,2,103,-1.0,-3869,273
1621592158280,1621592158310,30,1,215,16581.8265010672,-1,21
1621592158380,1621592158430,50,4,232,21058.0827186274,-18056,209
1621592158690,1621592158709,19,0,57,2948.39408666816,-1,126
1621592159069,1621592159099,30,3,260,-1.0,-11134,339
1621592159249,1621592159279,30,1,54,3026.01734234756,-1672,300
1621592159739,1621592159799,60,0,193,17123.7940398896,-8648,129
1621592159929,1621592160019,90,0,264,20115.3700988892,-22327,125
1621592160119,1621592160139,20,0,44,3393.46430157332,-1,333
1621592160149,1621592160159,10,-1,33,966.224138321192,-1,-1
1621592160329,1621592160408,79,6,194,15802.951989217,-7391,272
1621592160438,1621592160468,30,1,53,3168.27060529894,-2327,259
1621592160618,1621592160628,10,-1,36,-1.0,-1,-1
1621592160658,1621592160678,20,0,52,3065.28967852376,-1439,321
1621592160908,1621592160928,20,0,47,1719.69905493745,-979,163
1621592161028,1621592161088,60,1,201,12924.9972593665,-10352,341
1621592161168,1621592161178,10,-1,180,-1.0,-1,-1
1621592161188,1621592161198,10,-1,35,1551.33404667959,-1,-1
1621592161378,1621592161388,10,-1,30,1239.6116244638,-1,-1
1621592161468,1621592161508,40,3,176,6826.23453731527,-1,102
1621592161518,1621592161598,80,1,184,13085.9671968199,-15024,323
1621592162167,1621592162177,10,-1,91,-1.0,-1,-1
1621592162257,1621592162397,140,6,109,6748.76296314761,-4056,98
1621592162537,1621592162647,110,6,81,1938.88420913653,-1482,261
1621592162657,1621592162677,20,0,50,2066.3224391844,-692,146
1621592162697,1621592162717,20,0,39,2108.94548895113,-525,323
1621592162747,1621592162817,70,4,142,9960.31591124272,-6495,86
1621592162827,1621592162857,30,1,85,4346.61373689877,-2811,43
1621592162897,1621592162987,90,2,62,4285.55774006632,-1585,276
1621592163017,1621592163037,20,0,41,2457.30063075673,-1,306
1621592163117,1621592163137,20,0,68,-1.0,-3019,264
1621592163307,1621592163317,10,-1,44,2682.88531866656,-1,-1
1621592163377,1621592163387,10,-1,58,-1.0,-1,-1
1621592163407,1621592163417,10,-1,36,3103.70297338316,-1,-1
1621592163427,1621592163437,10,-1,93,6618.46073184143,-1,-1
1621592163497,1621592163507,10,-1,30,-1.0,-1,-1
1621592163686,1621592163696,10,-1,41,3619.26626064728,-1,-1
1621592163766,1621592163796,30,4,402,17688.6441777814,-1,104
1621592163926,1621592163976,50,13,799,50759.2885418959,-3407,250
1621592164156,1621592164286,130,4,645,27286.0029780455,-55778,9
1621592164346,1621592164396,50,3,108,911.977403801198,-3241,246
1621592164556,1621592164576,20,0,58,3013.36930118518,-501,98
1621592165425,1621592165445,20,17,1437,-1.0,-15434,270
1621592165455,1621592165525,70,25,825,78684.1109887725,-41592,92
1621592165535,1621592165555,20,1,169,10068.5356630066,-1,243
1621592165615,1621592165635,20,1,88,-1.0,-2769,254
1621592165855,1621592165885,30,0,35,1609.4174857185,-1,248
1621592165895,1621592165915,20,1,67,4371.07729476733,-720,153
1621592165945,1621592165955,10,-1,102,7742.60696292928,-1,-1
1621592166085,1621592166095,10,-1,39,2301.79406195348,-1,-1
1621592166165,1621592166225,60,2,71,3497.75228964768,-1341,337
1621592166305,1621592166435,130,6,130,4799.27751987213,-1775,79
1621592166595,1621592166615,20,7,984,-1.0,-66614,232
1621592166625,1621592166655,30,7,272,21557.7123258295,-16483,3
1621592166675,1621592166725,50,3,148,6887.3273580616,-3653,317
1621592166835,1621592166905,70,6,399,7453.77235795228,-20656,262
1621592167114,1621592167184,70,1,232,612.483394829803,-16042,341
1621592167234,1621592167324,90,4,128,6944.21363561898,-6679,240
1621592167424,1621592167504,80,0,376,30606.2464116604,-19903,104
1621592167584,1621592167624,40,27,829,-1.0,-10111,137
1621592167804,1621592167914,110,8,752,32408.570942036,-44556,28
1621592167994,1621592168034,40,2,188,11490.3368806354,-1596,102
1621592168094,1621592168114,20,0,88,-1.0,-3804,111
1621592168124,1621592168134,10,-1,30,682.218977992175,-1,-1
1621592169013,1621592169033,20,1,74,-1.0,-2009,288
1621592169043,1621592169073,30,1,67,2854.21935403857,-197,260
1621592169153,1621592169183,30,3,153,10744.1890672418,-8055,293
1621592169193,1621592169203,10,-1,33,1593.72192333241,-1,-1
1621592169263,1621592169293,30,1,96,-1.0,-4601,294
1621592169393,1621592169413,20,1,131,5852.31817872442,-1,95
1621592169663,1621592169713,50,0,1167,7213.31985704858,-90386,90
1621592169723,1621592169733,10,-1,71,4506.6109484212,-1,-1
1621592169743,1621592169753,10,-1,435,40869.747811426,-1,-1
1621592169763,1621592169773,10,-1,939,92651.2330128282,-1,-1
1621592169843,1621592169883,40,12,542,10901.5423596139,-46571,68
1621592169903,1621592169923,20,12,1758,117189.854532086,-1,247
1621592169983,1621592170023,40,6,1332,-1.0,-105095,72
1621592170113,1621592170342,229,17,512,33046.8477925292,-36533,168
1621592170462,1621592170602,140,27,1441,94920.9265945865,-29638,280
1621592171212,1621592171272,60,4,503,-1.0,-34504,263
1621592171332,1621592171422,90,9,1197,77558.3775848459,-11080,67
1621592171482,1621592171532,50,7,1309,2998.33793083875,-95290,70
1621592171782,1621592171812,30,1,70,2592.05966827145,-3594,110
1621592171822,1621592171852,30,1,55,2418.89346674667,-42,113
1621592171911,1621592171931,19,0,92,4951.11952208185,-1,113
1621592172651,1621592172771,120,19,709,39294.6327540377,-19484,83
1621592172911,1621592172981,70,0,2037,120005.26296917,-2846,301
1621592173181,1621592173191,10,-1,200,-1.0,-1,-1
1621592173231,1621592173261,30,1,50,2303.88500288189,-40,90
1621592173421,1621592173461,40,2,148,9690.37663612097,-7221,192
1621592174640,1621592174650,10,-1,34,1967.02632984706,-1,-1
1621592180476,1621592180746,270,10,808,36314.3155237734,-50582,227
1621592180786,1621592180826,40,3,261,11418.6882140555,-1,334
1621592180836,1621592180996,160,18,492,43561.3357793754,-21597,196
1621592181006,1621592181026,20,1,89,4636.85148298825,-1,12
1621592181086,1621592181146,60,15,464,17122.371800746,-26058,48
1621592181216,1621592181246,30,0,128,3347.83663219374,-9477,24
1621592181256,1621592181306,50,1,413,24320.7059166531,-12090,210
1621592181366,1621592181426,60,4,220,3384.91987376326,-10839,108
1621592181546,1621592181576,30,18,816,70290.9333532762,-1,282
1621592181795,1621592181855,60,5,587,40706.6028646519,-4999,224
1621592181915,1621592181945,30,1,327,-1.0,-25377,258
1621592181955,1621592181975,20,0,45,1016.8600159926,-1,143
1621592181995,1621592182015,20,0,40,1268.81494344641,-715,144
1621592182035,1621592182055,20,0,42,967.66547889024,-1,153
1621592182065,1621592182115,50,2,142,5811.13121749282,-7439,190
1621592182195,1621592182305,110,9,131,2959.40103585828,-6021,269
1621592182325,1621592182365,40,1,52,2313.09311138004,-1006,279
1621592182425,1621592182445,20,0,42,1807.36056063816,-1,282
1621592182685,1621592182735,50,1,58,2572.23830648799,-1415,35
1621592182745,1621592182785,40,9,889,41251.5866627265,-1,86
1621592182905,1621592183095,190,11,517,23677.9547517056,-26625,299
1621592183185,1621592183205,20,7,468,14269.4219992554,-1,9
1621592183215,1621592183404,189,1,434,28967.4782663107,-14052,24
1621592183464,1621592183484,20,0,37,4.83120363238641,-1,195
1621592183504,1621592183524,20,0,43,3087.02819329464,-622,201
1621592183554,1621592183634,80,7,195,12761.3208902959,-8018,140
1621592183724,1621592183744,20,0,35,2949.66933776216,-1,108
1621592183754,1621592183764,10,-1,39,1398.24288982948,-1,-1
1621592183774,1621592183784,10,-1,31,472.425434492966,-1,-1
1621592183794,1621592183804,10,-1,41,1542.41895396474,-1,-1
1621592183964,1621592184104,140,3,281,15197.0986507813,-11303,161
1621592184194,1621592184384,190,22,659,26964.8359260582,-25457,198
1621592184444,1621592184464,20,0,83,-1.0,-3839,63
1621592184474,1621592184554,80,5,414,27643.2156259605,-26320,83
1621592184574,1621592184784,210,7,392,20622.1279045758,-27537,154
1621592185043,1621592185093,50,31,2288,-1.0,-105784,40
1621592185773,1621592185883,110,6,303,24570.3802429082,-15020,301
1621592185893,1621592185913,20,0,40,2552.40420315541,-1,356
1621592185993,1621592186033,40,1,136,129.621452678823,-6885,41
1621592186113,1621592186183,70,1,168,8649.56128734372,-8724,25
1621592186243,1621592186323,80,4,256,20193.5264900449,-17599,12
1621592186383,1621592186403,20,1,50,-1.0,-115,235
1621592186433,1621592186453,20,1,114,5914.3595620741,-1,229
1621592186513,1621592186603,90,2,161,6666.86888611644,-7033,87
1621592186663,1621592186693,30,0,46,-1.0,-1473,70
1621592186712,1621592186732,20,0,39,978.355574018586,-1,206
1621592186842,1621592187002,160,7,530,26699.5560563237,-26599,51
1621592187062,1621592187072,10,-1,71,-1.0,-1,-1
1621592187162,1621592187172,10,-1,539,-1.0,-1,-1
1621592187252,1621592187302,50,7,551,-1.0,-32965,223
1621592187362,1621592187412,50,3,95,4516.24601611851,-3169,254
1621592187422,1621592187452,30,1,244,15803.4209607105,-1,335
1621592187532,1621592187552,20,0,145,-1.0,-5146,90
1621592187562,1621592187592,30,3,432,42244.9256210353,-26911,354
1621592187652,1621592187712,60,2,269,10838.6990252741,-17707,71
1621592187722,1621592187742,20,0,115,7715.06963319543,-1,333
1621592187802,1621592187812,10,-1,71,-1.0,-1,-1
1621592187842,1621592187862,20,1,99,6557.86786599912,-1,243
1621592187872,1621592187902,30,2,141,7480.61255027686,-6812,58
1621592187962,1621592188002,40,1,63,2608.51688702434,-1295,113
1621592188082,1621592188102,20,0,91,-1.0,-2948,74
1621592188112,1621592188152,40,3,163,15849.3373834617,-6959,122
1621592188571,1621592188581,10,-1,35,2048.71863573968,-1,-1
1621592188651,1621592188661,10,-1,33,-1.0,-1,-1
1621592189561,1621592189571,10,-1,36,-1.0,-1,-1
1621592189821,1621592189841,20,1,167,-1.0,-346,79
1621592189851,1621592189861,10,-1,216,19705.67599433,-1,-1
1621592190980,1621592191000,20,1,109,-1.0,-5808,270
1621592191100,1621592191110,10,-1,56,4668.69383800079,-1,-1
1621592191200,1621592191210,10,-1,79,-1.0,-1,-1
1621592191220,1621592191240,20,0,33,1798.16404322244,-1,60
1621592192059,1621592192119,60,5,134,801.546650694797,-2764,281
1621592192179,1621592192209,30,1,125,-1.0,-4656,266
1621592192259,1621592192289,30,0,41,955.788251529746,-5,191
1621592192319,1621592192369,50,1,109,7255.32566786708,-7517,165
1621592192429,1621592192459,30,1,56,-1.0,-1037,336
1621592192479,1621592192519,40,0,133,7914.14222252763,-1,57
1621592192579,1621592192599,20,0,70,-1.0,-3784,228
1621592192739,1621592192839,100,9,320,12245.5792382172,-16082,34
1621592193069,1621592193089,20,0,42,3429.56670845324,-1,267
1621592193189,1621592193199,10,-1,32,839.548812199079,-1,-1
1621592193209,1621592193279,70,1,618,39438.9683449817,-5407,73
1621592193438,1621592193508,70,5,209,15995.8261809294,-11981,171
1621592193618,1621592193648,30,1,212,-1.0,-16319,259
1621592193658,1621592193678,20,0,73,4520.07512392686,-258,273
1621592193928,1621592193958,30,1,56,2583.33313105602,-103,99
1621592194018,1621592194028,10,-1,192,-1.0,-1,-1
1621592194448,1621592194468,20,1,157,-1.0,-5954,247
1621592194498,1621592194508,10,-1,41,2542.8835927241,-1,-1
1621592194518,1621592194528,10,-1,30,752.75304570014,-1,-1
1621592194758,1621592194768,10,-1,45,4009.06659525162,-1,-1
1621592194778,1621592194788,10,-1,30,237.024581614788,-1,-1
1621592194808,1621592194858,50,2,128,6034.59638476852,-1596,78
1621592194868,1621592194878,10,-1,62,4054.02312743626,-1,-1
1621592194898,1621592194928,30,2,100,5292.36622162328,-4083,320
1621592194937,1621592194957,19,0,49,1904.13331079326,-1,265
1621592195067,1621592195257,190,5,153,9957.08904609966,-6340,253
1621592195317,1621592195357,40,10,868,47094.4094164387,-493,82
1621592195437,1621592195507,70,11,351,10826.0346233119,-23201,279
1621592195577,1621592195597,20,0,65,5032.56704236584,-1668,266
1621592195617,1621592195637,20,0,84,4029.86615615207,-1,278
1621592195697,1621592195707,10,-1,34,-1.0,-1,-1
1621592195807,1621592195897,90,7,287,15527.5217026504,-11587,19
1621592196157,1621592196257,100,2,94,5515.59448043788,-3288,124
1621592196317,1621592196327,10,-1,88,-1.0,-1,-1
1621592196736,1621592196766,30,3,430,-1.0,-26066,256
1621592196796,1621592196806,10,-1,36,1902.22960037468,-1,-1
1621592196866,1621592196876,10,-1,50,-1.0,-1,-1
1621592196916,1621592196936,20,2,313,20442.2864191981,-1,86
1621592196996,1621592197016,20,1,260,-1.0,-19205,270
1621592197156,1621592197166,10,-1,30,96.1071395388739,-1,-1
1621592197226,1621592197256,30,1,76,4195.04518631159,-1472,330
1621592197306,1621592197366,60,0,148,7292.01103603357,-8196,0
1621592197416,1621592197506,90,13,520,23811.9109027535,-17832,74
1621592197596,1621592197636,40,0,91,7103.96149036164,-4657,243
1621592197686,1621592197746,60,2,84,5127.21541993424,-4073,249
1621592197756,1621592197776,20,0,36,976.260803157977,-477,213
1621592197796,1621592197806,10,-1,31,673.192749554639,-1,-1
1621592197816,1621592197866,50,1,45,1986.57081966603,-1222,299
1621592197876,1621592197896,20,0,46,2823.85473987826,-725,135
1621592197936,1621592197946,10,-1,32,1684.89246255371,-1,-1
1621592198026,1621592198036,10,-1,93,7174.20092290499,-1,-1
1621592198126,1621592198156,30,3,163,12407.0872275337,-3387,316
1621592198275,1621592198305,30,2,215,8479.91544029239,-1,136
1621592198405,1621592198565,160,16,331,10929.3808131041,-20703,261
1621592198585,1621592198605,20,0,70,3192.60292311603,-1,247
1621592198695,1621592198735,40,5,224,11590.7090688092,-11387,26
1621592198865,1621592198875,10,-1,38,2207.6848388771,-1,-1
1621592198935,1621592198955,20,1,61,-1.0,-637,135
1621592198975,1621592198995,20,0,45,2947.27797656469,-204,302
1621592199135,1621592199155,20,0,65,4362.63512686908,-1,124
1621592199285,1621592199385,100,17,503,10184.192591972,-22834,266
1621592199395,1621592199435,40,2,283,26333.828376131,-9823,49
1621592199515,1621592199575,60,4,485,21296.3426050648,-34797,154
1621592199635,1621592199665,30,3,272,-1.0,-10083,294
1621592199675,1621592199725,50,3,267,22453.1668777124,-13399,46
1621592199735,1621592199765,30,3,183,14868.1587221825,-11187,224
1621592199795,1621592199835,40,0,106,8696.3899406612,-2822,119
1621592199855,1621592199904,49,7,260,11162.437182745,-14404,28
1621592200134,1621592200154,20,2,241,13650.5500910998,-1,128
1621592200314,1621592200324,10,-1,566,-1.0,-1,-1
1621592200384,1621592200404,20,0,198,-1.0,-16479,262
1621592200444,1621592200484,40,1,48,1857.98467858062,-820,272
1621592200554,1621592200574,20,0,59,3080.18568353959,-1179,333
1621592200644,1621592200674,30,6,570,27459.5734552899,-1,79
1621592200764,1621592200834,70,9,300,9635.15829090252,-9345,265
1621592200904,1621592200924,20,0,64,4840.53085831338,-2532,290
1621592201084,1621592201104,20,1,144,8156.80787535548,-1,273
1621592201114,1621592201124,10,-1,70,4197.63896857049,-1,-1
1621592201184,1621592201194,10,-1,39,-1.0,-1,-1
1621592201404,1621592201424,20,0,42,2531.16685730356,-1,104
1621592201733,1621592201743,10,-1,47,-1.0,-1,-1
1621592202463,1621592202483,20,1,106,5946.11073973669,-1,154
1621592202683,1621592202713,30,2,135,6879.24979556529,-5897,33
1621592202883,1621592203023,140,11,533,30550.8963961967,-27734,122
1621592203103,1621592203113,10,-1,30,277.330924750882,-1,-1
1621592203123,1621592203152,29,0,116,9963.1815364889,-6885,209
1621592203232,1621592203432,200,8,586,50995.1117542223,-23336,294
1621592203712,1621592203722,10,-1,44,2368.02378397262,-1,-1
1621592203782,1621592203832,50,1,143,7648.29991443308,-5674,195
1621592203842,1621592203882,40,8,302,14494.1610684967,-16341,41
1621592203902,1621592203962,60,2,498,34180.6953981526,-10684,76
1621592204062,1621592204072,10,-1,47,-1.0,-1,-1
1621592204152,1621592204162,10,-1,42,1791.52509651528,-1,-1
1621592204632,1621592204672,40,4,176,6546.21847906314,-5911,215
1621592204682,1621592204692,10,-1,77,7168.43458965207,-1,-1
1621592204752,1621592204762,10,-1,42,-1.0,-1,-1
1621592205151,1621592205171,20,0,114,7428.5625275189,-1,170
1621592205401,1621592205451,50,5,173,10503.1889885379,-4821,357
1621592205531,1621592205541,10,-1,64,4171.55110474688,-1,-1
1621592205601,1621592205611,10,-1,39,-1.0,-1,-1
1621592206281,1621592206341,60,6,189,6883.77355908808,-9281,150
1621592206510,1621592206520,10,-1,54,2549.2584951136,-1,-1
1621592206900,1621592206940,40,2,113,8151.7480956752,-5671,337
1621592207060,1621592207070,10,-1,38,2751.21761983385,-1,-1
1621592207200,1621592207220,20,0,35,1569.64729316094,-2,75
1621592207310,1621592207420,110,7,278,17459.272931229,-14268,277
1621592207630,1621592207650,20,0,57,3476.35477452152,-1248,138
1621592208299,1621592208349,50,5,415,30824.1597341651,-26926,240
1621592208369,1621592208449,80,8,184,11064.2643902394,-9548,276
1621592208579,1621592208599,20,1,246,16155.5036617707,-1,20
1621592208659,1621592208809,150,10,466,27469.4091879544,-24473,13
1621592208869,1621592208899,30,1,76,5586.56430148548,-3197,214
1621592208979,1621592208989,10,-1,31,1294.65037724454,-1,-1
1621592209009,1621592209019,10,-1,79,6037.80044521795,-1,-1
1621592209079,1621592209159,80,0,411,32494.1953364479,-26068,6
1621592209369,1621592209419,50,5,639,40459.0811123159,-403,79
1621592209549,1621592209589,40,6,258,13614.8053941361,-542,270
1621592209669,1621592209699,30,1,85,-1.0,-2367,289
1621592209709,1621592209838,129,7,345,22630.5001243655,-12792,200
1621592209848,1621592209858,10,-1,39,2862.58883934831,-1,-1
1621592209908,1621592210028,120,0,310,25519.8064536316,-18897,206
1621592210098,1621592210168,70,8,247,12552.2496133826,-8167,102
1621592210178,1621592210208,30,1,94,4372.14048320026,-63,99
1621592210218,1621592210228,10,-1,69,4915.64555885911,-1,-1
1621592210238,1621592210258,20,1,72,6182.17953702708,-181,130
1621592210288,1621592210308,20,0,39,2511.1180027915,-1,315
1621592210358,1621592210388,30,2,140,7347.11772567377,-1,295
1621592210498,1621592210648,150,13,464,13145.0828398616,-28148,260
1621592210808,1621592210858,50,3,106,5422.1635090203,-4635,275
1621592211108,1621592211118,10,-1,31,2415.93579948143,-1,-1
1621592211358,1621592211417,59,11,515,26464.0846491622,-31519,50
1621592211437,1621592211457,20,0,60,2415.88935862871,-1,42
1621592211527,1621592211537,10,-1,103,7392.27345948131,-1,-1
1621592211617,1621592211627,10,-1,69,-1.0,-1,-1
1621592211667,1621592211687,20,0,54,2394.83734427584,-1,203
1621592211767,1621592211777,10,-1,31,-1.0,-1,-1
1621592211797,1621592211827,30,1,54,2442.3120323477,-1626,289
1621592212377,1621592212387,10,-1,139,-1.0,-1,-1
1621592212467,1621592212517,50,4,274,19225.4130119308,-17887,249
1621592212527,1621592212537,10,-1,39,1254.30979636234,-1,-1
1621592212727,1621592212747,20,0,57,-1.0,-1084,191
1621592212777,1621592212807,30,0,47,2546.65169157933,-677,49
1621592212867,1621592212887,20,0,41,-1.0,-809,171
1621592212927,1621592212937,10,-1,51,2151.19453071076,-1,-1
1621592213126,1621592213136,10,-1,30,-1.0,-1,-1
1621592213416,1621592213426,10,-1,32,-1.0,-1,-1
1621592213586,1621592213596,10,-1,31,2064.02181316034,-1,-1
1621592213656,1621592213756,100,4,83,3434.43280222586,-3001,65
1621592213776,1621592213786,10,-1,31,555.35885268082,-1,-1
1621592213846,1621592213856,10,-1,31,831.358919340874,-1,-1
1621592213886,1621592213936,50,0,254,23020.7860712149,-14865,90
1621592214046,1621592214056,10,-1,52,4075.33379425794,-1,-1
1621592214316,1621592214336,20,2,277,19427.1599142589,-1,355
1621592214396,1621592214426,30,1,384,-1.0,-30194,233
1621592214466,1621592214486,20,0,67,3761.47374969846,-1,288
1621592214496,1621592214506,10,-1,68,4497.67494217645,-1,-1
1621592214566,1621592214576,10,-1,43,-1.0,-1,-1
1621592214586,1621592214785,199,6,391,20904.7023005474,-10201,279
1621592214845,1621592214875,30,8,385,19686.787698401,-1558,237
1621592214885,1621592214925,40,2,369,34847.466927755,-29939,59
1621592214965,1621592214985,20,0,41,2442.53192299746,-1,65
1621592215035,1621592215075,40,3,276,14880.1788204801,-752,80
1621592215085,1621592215125,40,7,440,35972.7536492673,-11858,247
1621592215185,1621592215235,50,2,104,3771.72017685699,-3422,274
1621592215355,1621592215395,40,0,66,4878.42199221918,-1986,18
1621592215405,1621592215415,10,-1,34,1168.80843974064,-1,-1
1621592215425,1621592215485,60,2,97,6855.03423220465,-6100,143
1621592215525,1621592215555,30,2,108,5524.55306599644,-156,279
1621592215615,1621592215675,60,3,93,3706.24078980047,-3481,78
1621592215705,1621592215835,130,11,304,16023.0192159678,-14545,101
1621592215895,1621592215915,20,1,178,-1.0,-11185,94
1621592215935,1621592215985,50,2,397,27480.1736593865,-14585,76
1621592216065,1621592216085,20,0,98,-1.0,-5945,143
1621592216205,1621592216225,20,4,214,18948.5675307316,-1864,57
1621592216255,1621592216275,20,2,200,13792.1254446886,-1,248
1621592216344,1621592216354,10,-1,121,-1.0,-1,-1
1621592216374,1621592216384,10,-1,93,8912.26468799903,-1,-1
1621592216394,1621592216404,10,-1,123,9717.24598252255,-1,-1
1621592216464,1621592216484,20,0,53,1200.13807306993,-1,90
1621592216494,1621592216504,10,-1,45,3789.39963877533,-1,-1
1621592216594,1621592216684,90,18,790,39279.844902432,-49844,91
1621592216744,1621592216774,30,1,126,-1.0,-3963,253
1621592216794,1621592216804,10,-1,35,1736.17919212599,-1,-1
1621592216814,1621592216824,10,-1,73,6799.87160617876,-1,-1
1621592216914,1621592216954,40,4,478,41962.9096159621,-27282,71
1621592217034,1621592217124,90,4,449,21008.3725299834,-13518,59
1621592217184,1621592217234,50,6,507,23591.5286351288,-11280,74
1621592217294,1621592217334,40,1,277,1340.3635117541,-22736,2
1621592217344,1621592217384,40,3,493,42552.9668555326,-22512,66
1621592217504,1621592217554,50,3,107,7037.72632101386,-3014,40
1621592217614,1621592217624,10,-1,89,-1.0,-1,-1
1621592217764,1621592217784,20,0,33,1335.90237609007,-163,102
1621592217824,1621592217834,10,-1,76,5874.9325571297,-1,-1
1621592217844,1621592217854,10,-1,159,14703.0710271478,-1,-1
1621592217914,1621592217924,10,-1,102,-1.0,-1,-1
1621592217983,1621592218003,19,1,172,10765.050070054,-1,100
1621592218063,1621592218083,20,0,90,-1.0,-4488,245
1621592218103,1621592218133,30,1,64,2848.67993204392,-1154,241
1621592218143,1621592218153,10,-1,40,3537.91738930509,-1,-1
1621592218213,1621592218233,20,0,55,-1.0,-2283,198
1621592218243,1621592218273,30,4,200,12811.903555314,-10975,61
1621592218393,1621592218403,10,-1,30,514.362924773816,-1,-1
1621592218513,1621592218553,40,3,149,7512.71259221599,-6939,89
1621592218863,1621592218893,30,1,102,7536.5036142942,-5612,131
1621592218993,1621592219003,10,-1,49,3585.2736996403,-1,-1
1621592219103,1621592219153,50,8,261,12594.0535491577,-9918,267
1621592219243,1621592219273,30,3,166,8300.50094612276,-1,78
1621592219343,1621592219353,10,-1,33,1143.24989199543,-1,-1
1621592219363,1621592219403,40,10,463,24610.3802408825,-20668,86
1621592219463,1621592219513,50,6,410,-1.0,-16298,258
1621592219523,1621592219652,129,6,70,4503.35336740452,-2261,68
1621592219732,1621592219752,20,0,102,-1.0,-4321,76
1621592220022,1621592220062,40,6,275,14655.5326959787,-12853,193
1621592220142,1621592220162,20,0,39,1483.83284837079,-673,330
1621592220202,1621592220222,20,0,111,6616.38626966976,-1,42
1621592220282,1621592220322,40,7,684,32801.3093025939,-2166,86
1621592220402,1621592220502,100,12,532,18881.6912299836,-32694,281
1621592220612,1621592220622,10,-1,32,1540.32636869806,-1,-1
1621592220742,1621592220782,40,2,93,4235.96665557988,-3785,320
1621592220902,1621592220922,20,0,50,2787.44746911318,-1,107
1621592221321,1621592221361,40,3,128,6558.31980369145,-5128,44
1621592221591,1621592221621,30,8,996,56720.425056297,-1,85
1621592221751,1621592221881,130,6,270,9737.15225766899,-14368,236
1621592221891,1621592221951,60,2,161,12826.2741128408,-8621,248
1621592221981,1621592222001,20,0,54,2687.95878825652,-1,190
1621592222131,1621592222141,10,-1,41,-1.0,-1,-1
1621592222191,1621592222201,10,-1,39,2586.4175423012,-1,-1
1621592222301,1621592222451,150,6,233,16999.6614854982,-12587,248
1621592222781,1621592222791,10,-1,33,2190.78429613334,-1,-1
1621592222871,1621592222900,29,1,60,2664.53227488326,-2107,43
1621592222930,1621592222940,10,-1,41,2836.21746996776,-1,-1
1621592223000,1621592223010,10,-1,36,-1.0,-1,-1
1621592223120,1621592223140,20,0,38,1371.70835995917,-1,57
1621592223260,1621592223270,10,-1,59,-1.0,-1,-1
1621592223400,1621592223420,20,0,108,-1.0,-4883,6
1621592223850,1621592223900,50,1,517,41401.4693227586,-27706,1
1621592223960,1621592223970,10,-1,165,-1.0,-1,-1
1621592223990,1621592224000,10,-1,41,3083.90073372692,-1,-1
1621592224150,1621592224190,40,1,63,4415.25932506061,-2198,199
1621592224300,1621592224340,40,2,228,20436.0859661824,-12783,148
1621592224410,1621592224420,10,-1,37,808.171800522504,-1,-1
1621592224560,1621592224569,9,-1,30,1716.67842326977,-1,-1
1621592224639,1621592224659,20,0,49,3612.92859638358,-509,0
1621592224679,1621592224709,30,0,55,4940.55108646214,-1347,158
1621592224719,1621592224729,10,-1,42,2944.39696799578,-1,-1
1621592224809,1621592224819,10,-1,81,-1.0,-1,-1
1621592224829,1621592224849,20,3,398,23325.5214979203,-1,90
1621592224929,1621592225019,90,10,472,33261.6162456746,-18377,261
1621592225079,1621592225099,20,0,36,5.92753541825033,-1,297
1621592225119,1621592225149,30,1,60,2490.83917391972,-2554,247
1621592225199,1621592225269,70,2,56,3066.61266339025,-1559,274
1621592225329,1621592225339,10,-1,36,-1.0,-1,-1
1621592225399,1621592225419,20,0,61,3729.84925801017,-1190,33
1621592225519,1621592225539,20,1,80,5535.53992760654,-3000,215
1621592225859,1621592225869,10,-1,40,2380.13867272232,-1,-1
1621592226568,1621592226588,20,0,41,2597.00512817215,-3,330
1621592226668,1621592226688,20,0,60,-1.0,-2907,122
1621592226928,1621592226938,10,-1,375,-1.0,-1,-1
1621592227088,1621592227208,120,14,297,9581.94271854732,-11360,285
1621592227278,1621592227288,10,-1,75,5287.87170839833,-1,-1
1621592227348,1621592227368,20,1,188,-1.0,-9670,256
1621592227428,1621592227458,30,1,67,3011.8296618173,-601,100
1621592227578,1621592227588,10,-1,41,1819.35723487902,-1,-1
1621592228237,1621592228267,30,6,306,16599.4962332828,-6801,93
1621592228277,1621592228287,10,-1,155,14034.8951446011,-1,-1
1621592228367,1621592228387,20,0,108,-1.0,-6487,63
1621592228537,1621592228547,10,-1,33,1556.01770825675,-1,-1
1621592228627,1621592228647,20,0,62,-1.0,-2779,225
1621592228677,1621592228767,90,12,434,29672.0835760716,-16726,109
1621592228777,1621592228787,10,-1,38,3170.03655615282,-1,-1
1621592228817,1621592228867,50,1,159,9698.59367093365,-1798,350
1621592228947,1621592229117,170,0,377,26418.842847751,-23961,236
1621592229157,1621592229167,10,-1,39,2226.2253285755,-1,-1
1621592229227,1621592229337,110,6,165,6468.42884630973,-7700,300
1621592229357,1621592229397,40,2,93,4793.13459023865,-3810,231
1621592229437,1621592229447,10,-1,36,1773.14955117634,-1,-1
1621592229546,1621592229566,20,1,100,-1.0,-11,267
1621592229616,1621592229656,40,5,199,10757.6445509592,-10548,264
1621592229706,1621592229716,10,-1,41,2168.035380147,-1,-1
1621592229726,1621592229736,10,-1,87,7249.70115907469,-1,-1
1621592229796,1621592229816,20,0,209,-1.0,-16521,247
1621592229836,1621592229866,30,8,412,20143.7822023964,-7,128
1621592230026,1621592230096,70,16,379,21763.4545387969,-21955,293
1621592230116,1621592230386,270,17,396,22502.2202647176,-26974,263
1621592230396,1621592230466,70,0,119,7100.94366792879,-6669,228
1621592230486,1621592230586,100,4,109,6568.6408270249,-7828,135
1621592230646,1621592230666,20,1,107,7795.47087727108,-1446,97
1621592230676,1621592230786,110,9,183,8595.05231368517,-8108,85
1621592230826,1621592230836,10,-1,36,806.403248950494,-1,-1
1621592230966,1621592230986,20,0,88,5487.64550607277,-1,275
1621592231046,1621592231066,20,0,43,-1.0,-4,344
1621592231076,1621592231135,59,1,40,2056.7594771072,-311,80
1621592231335,1621592231355,20,1,77,5226.5769653638,-309,256
1621592231415,1621592231435,20,0,31,766.173584656701,-1,119
1621592231495,1621592231515,20,0,43,-1.0,-498,90
1621592231975,1621592232005,30,1,50,2205.99021243546,-1434,104
1621592232055,1621592232115,60,2,57,1268.85606436952,-320,96
1621592232195,1621592232215,20,0,53,-1.0,-1729,106
1621592232345,1621592232535,190,36,691,35789.7888967049,-45028,324
1621592232595,1621592232735,140,10,102,2593.95834047138,-4010,155
1621592232755,1621592232775,20,1,66,3660.17766100851,-1,149
1621592232785,1621592232804,19,2,379,26807.6180558255,-1,137
1621592232864,1621592232884,20,1,183,-1.0,-246,321
1621592232894,1621592232904,10,-1,77,7521.31875663629,-1,-1
1621592232964,1621592232974,10,-1,52,3129.78116912168,-1,-1
1621592233034,1621592233054,20,1,126,-1.0,-6025,142
1621592233064,1621592233084,20,0,169,13296.0735843542,-1,104
1621592233144,1621592233174,30,0,35,3.93318972009773,-410,130
1621592233184,1621592233194,10,-1,35,1864.28724850973,-1,-1
1621592233204,1621592233244,40,4,180,12822.7027903837,-11088,308
1621592233384,1621592233404,20,0,61,3136.59061547126,-1,128
1621592233654,1621592233664,10,-1,63,6133.84295577717,-1,-1
1621592233674,1621592233804,130,30,1809,69056.0063982332,-140621,122
1621592233864,1621592233874,10,-1,183,-1.0,-1,-1
1621592233884,1621592233954,70,8,368,15653.1975004752,-4590,294
1621592234164,1621592234214,50,3,266,1064.06549676263,-18399,285
1621592234294,1621592234404,110,3,325,17949.6730671291,-3242,155
1621592234463,1621592234483,20,0,103,-1.0,-6729,285
1621592234493,1621592234513,20,0,53,3501.6752100228,-1167,120
1621592234533,1621592234553,20,1,81,5866.94089714099,-636,102
1621592234573,1621592234643,70,4,417,30637.0710810513,-920,102
1621592234713,1621592234763,50,11,451,-1.0,-12314,262
1621592234773,1621592234783,10,-1,80,5203.44797862764,-1,-1
1621592234843,1621592235123,280,28,611,33848.8687335835,-43202,319
1621592235133,1621592235143,10,-1,59,5570.64782203921,-1,-1
1621592235163,1621592235183,20,0,72,3093.854901172,-1,139
1621592235243,1621592235263,20,0,71,-1.0,-4049,173
1621592235293,1621592235323,30,2,90,5396.62793182141,-4129,331
1621592235483,1621592235513,30,2,102,5592.90908414085,-3842,161
1621592235663,1621592235683,20,0,63,-1.0,-2075,21
1621592235733,1621592235753,20,1,226,13861.6786665818,-1,189
1621592235813,1621592235903,90,3,512,21429.3499334109,-19530,135
1621592235963,1621592236003,40,1,156,-1.0,-9030,36
1621592236013,1621592236033,20,0,48,1582.61675173348,-1,26
1621592236092,1621592236172,80,4,155,6358.54960379631,-1630,10
1621592236242,1621592236322,80,0,380,29890.4030150877,-21834,85
1621592236382,1621592236392,10,-1,91,-1.0,-1,-1
1621592236402,1621592236422,20,0,45,1870.12442566273,-1,116
1621592236442,1621592236452,10,-1,31,442.406577915016,-1,-1
1621592236532,1621592236582,50,1,52,2501.82242534185,-1859,176
1621592236642,1621592236672,30,1,58,2745.48905624838,-1878,247
1621592236732,1621592236742,10,-1,35,1572.61593881534,-1,-1
1621592236802,1621592236842,40,1,49,2210.23048527568,-1853,149
1621592236922,1621592236962,40,2,97,4620.39382757828,-3727,15
1621592237142,1621592237172,30,1,70,3054.36777302005,-1,162
1621592237232,1621592237242,10,-1,40,-1.0,-1,-1
1621592237382,1621592237392,10,-1,41,-1.0,-1,-1
1621592237662,1621592237672,10,-1,42,-1.0,-1,-1
1621592237701,1621592237731,29,1,60,3424.58520937624,-2438,19
1621592237811,1621592237831,20,0,45,2207.73312556599,-566,116
1621592237911,1621592237921,10,-1,41,-1.0,-1,-1
1621592237961,1621592237971,10,-1,48,2376.19777099526,-1,-1
1621592237981,1621592238001,20,1,67,5777.75019308337,-19,258
1621592238061,1621592238071,10,-1,149,-1.0,-1,-1
1621592238211,1621592238251,40,2,111,7888.83355101712,-6373,128
1621592238351,1621592238381,30,1,50,2030.74583249877,-1907,278
1621592238411,1621592238421,10,-1,52,2461.04344776487,-1,-1
1621592238481,1621592238571,90,3,323,23291.6503159803,-20681,49
1621592238631,1621592238641,10,-1,131,-1.0,-1,-1
1621592238661,1621592238691,30,0,46,1592.8224754848,-707,15
1621592238751,1621592238831,80,19,417,19695.0045973513,-26043,199
1621592238901,1621592238981,80,21,813,25424.3647803978,-28704,65
1621592239061,1621592239111,50,1,315,20873.0433064509,-17963,197
1621592239181,1621592239271,90,4,382,23010.1122125385,-17735,269
1621592239331,1621592239361,30,1,255,-1.0,-20097,273
1621592239370,1621592239390,19,0,35,1079.08629822379,-137,284
1621592239400,1621592239420,20,0,38,704.418271055149,-1,309
1621592239480,1621592239490,10,-1,37,-1.0,-1,-1
1621592239700,1621592239710,10,-1,35,625.936479335711,-1,-1
1621592239720,1621592239770,50,2,75,2632.62223692061,-3677,310
1621592239930,1621592239960,30,1,75,3896.39589222837,-895,107
1621592239970,1621592240000,30,3,258,12849.9364094652,-1,277
1621592240080,1621592240100,20,0,39,-1.0,-576,56
1621592240110,1621592240120,10,-1,47,1961.6748026812,-1,-1
1621592240180,1621592240250,70,4,336,19022.1325465426,-1711,28
1621592240460,1621592240500,40,4,829,-1.0,-47220,233
1621592240510,1621592240520,10,-1,574,55128.3613143119,-1,-1
1621592240580,1621592240620,40,5,483,15886.6231059994,-35232,348
1621592240630,1621592240670,40,3,215,9680.97399974255,-1,181
1621592240730,1621592240820,90,9,540,49087.4954229215,-45812,92
1621592240900,1621592241059,159,9,765,40877.8095885177,-31520,258
1621592241149,1621592241169,20,0,61,-1.0,-2974,209
1621592241269,1621592241339,70,1,344,28592.3201229114,-27317,104
1621592241359,1621592241399,40,1,68,2231.66342399923,-1,332
1621592241409,1621592241429,20,0,67,5261.24500479097,-1,129
1621592241579,1621592241589,10,-1,30,930.941346206964,-1,-1
1621592241609,1621592241649,40,0,77,4689.05287582675,-2377,180
1621592241709,1621592241719,10,-1,47,-1.0,-1,-1
1621592241779,1621592241799,20,0,31,1400.56448156713,-4,112
1621592241819,1621592241929,110,4,64,1456.52181489359,-1736,91
1621592241999,1621592242049,50,5,284,13594.2527638074,-546,84
1621592242109,1621592242159,50,2,136,-1.0,-6084,94
1621592243288,1621592243298,10,-1,67,-1.0,-1,-1
1621592243328,1621592243338,10,-1,36,1740.07826039183,-1,-1
1621592243468,1621592243478,10,-1,43,-1.0,-1,-1
1621592243508,1621592243528,20,0,61,2456.900836221,-1,33
1621592243598,1621592243608,10,-1,80,-1.0,-1,-1
1621592243898,1621592243908,10,-1,65,-1.0,-1,-1
1621592243948,1621592243958,10,-1,30,2701.20918881432,-1,-1
1621592244178,1621592244238,60,9,268,11184.9364515637,-14800,271
1621592244248,1621592244397,149,7,348,20288.718676943,-20793,97
1621592244437,1621592244467,30,2,127,5314.67891123574,-1,104
1621592244477,1621592244507,30,0,93,6446.17597086541,-5979,8
1621592244517,1621592244537,20,0,130,9387.14436007613,-1,249
1621592245127,1621592245167,40,1,53,1111.0627394499,-1905,273
1621592245187,1621592245217,30,0,69,2978.87180533416,-1,42
1621592245277,1621592245357,80,10,406,22185.4690764978,-4024,211
1621592245417,1621592245487,70,1,452,16895.6950973554,-19654,353
1621592245547,1621592245617,70,3,414,28129.9077630358,-38013,299
1621592245677,1621592245757,80,4,279,8107.68740788262,-9958,3
1621592245817,1621592245897,80,6,339,23252.95293347,-26436,67
1621592246366,1621592246426,60,3,123,2374.51507223271,-4757,245
1621592246436,1621592246446,10,-1,63,4879.01732295893,-1,-1
1621592246456,1621592246466,10,-1,57,3941.33673125776,-1,-1
1621592246566,1621592246696,130,1,466,38893.5909055709,-19245,209
1621592246766,1621592246786,20,2,296,20430.6467835646,-1,282
1621592246846,1621592246886,40,2,395,-1.0,-22380,125
1621592246906,1621592246936,30,3,237,8447.34147131254,-1,25
1621592246946,1621592247026,80,28,1142,64912.8562295822,-11417,237
1621592247036,1621592247116,80,36,1801,179098.041114239,-126866,62
1621592247286,1621592247456,170,6,421,35991.9110219983,-32729,14
1621592247576,1621592247605,29,2,148,4488.43091847703,-1,296
1621592247615,1621592247625,10,-1,43,2505.9414894493,-1,-1
1621592247635,1621592247655,20,0,125,9356.45927867475,-1,104
1621592247755,1621592247765,10,-1,32,512.308132929928,-1,-1
1621592247905,1621592248055,150,9,294,18524.5136433359,-12804,67
1621592248115,1621592248125,10,-1,398,-1.0,-1,-1
1621592248135,1621592248185,50,12,1002,68011.4125788028,-1,258
1621592248265,1621592248305,40,1,440,-1.0,-38359,254
1621592248315,1621592248335,20,0,56,2576.01320767071,-1,270
1621592248395,1621592248465,70,2,59,2105.04307958508,-1961,238
1621592248545,1621592248605,60,3,167,279.905722372599,-6481,247
1621592248615,1621592248625,10,-1,64,4503.80115471932,-1,-1
1621592248685,1621592248735,50,6,404,-1.0,-15869,261
1621592248755,1621592248775,20,2,805,69352.3383892286,-1,91
1621592248885,1621592248905,20,1,929,-1.0,-80117,39
1621592248965,1621592248995,30,3,241,-1.0,-13508,220
1621592249025,1621592249045,20,0,64,3681.73971707576,-1,82
1621592249145,1621592249175,30,1,336,27489.0626753961,-6071,272
1621592249234,1621592249364,130,8,408,5215.69560304145,-27111,81
1621592249384,1621592249454,70,1,567,43850.3555044586,-32570,97
1621592249534,1621592249574,40,4,327,-1.0,-18113,121
1621592249594,1621592249624,30,24,1193,60511.2984490588,-1,264
1621592249844,1621592249854,10,-1,356,-1.0,-1,-1
1621592249874,1621592249884,10,-1,100,8522.66994098894,-1,-1
1621592250594,1621592250604,10,-1,55,-1.0,-1,-1
1621592250614,1621592250624,10,-1,39,1233.03645308045,-1,-1
1621592250704,1621592250774,70,4,121,4915.51166921412,-3225,274
1621592250834,1621592250873,39,6,389,8211.46595015485,-38260,120
1621592250943,1621592251033,90,2,173,12691.6838324471,-1851,288
1621592251113,1621592251153,40,1,374,21628.1774583905,-13655,180
1621592251213,1621592251253,40,1,259,17.6977541399246,-16624,137
1621592251273,1621592251323,50,15,714,26935.5008350189,-1978,255
1621592251383,1621592251423,40,3,291,15916.8284100195,-12185,78
1621592251533,1621592251613,80,2,179,10636.1938085415,-7594,37
1621592251643,1621592251663,20,0,43,1983.04688097371,-1193,293
1621592251683,1621592251723,40,3,144,7117.09385648323,-7421,317
1621592251733,1621592251753,20,0,56,2623.00123803315,-1,23
1621592251903,1621592252013,110,16,429,5981.57079675673,-20124,293
1621592252093,1621592252123,30,1,79,-1.0,-2511,289
1621592252173,1621592252203,30,1,60,1900.26389408441,-2536,306
1621592252293,1621592252303,10,-1,35,2996.59697858466,-1,-1
1621592252363,1621592252403,40,5,373,11540.9536513473,-15962,84
1621592252552,1621592252572,20,3,480,26907.4173514039,-1,266
1621592252632,1621592252702,70,12,922,84164.5733669698,-48870,68
1621592252762,1621592252892,130,20,746,52505.9347525605,-26635,246
1621592253062,1621592253102,40,1,318,23318.0211685078,-790,59
1621592253342,1621592253362,20,4,229,3034.31543894588,-1,62
1621592253392,1621592253422,30,5,451,43785.4825537256,-16577,65
1621592253612,1621592253662,50,2,632,16075.2146315905,-55495,75
1621592253672,1621592253702,30,4,253,23364.3865925225,-19719,268
1621592253722,1621592253752,30,28,1393,129927.374774574,-131786,72
1621592253772,1621592253782,10,-1,34,611.384291442354,-1,-1
1621592253802,1621592253812,10,-1,104,8476.50757347184,-1,-1
1621592253892,1621592253922,30,5,295,1284.13453722895,-16720,272
1621592254032,1621592254102,70,12,607,19792.1766873674,-44394,273
1621592254112,1621592254161,49,1,121,10846.9070597295,-7231,330
1621592254231,1621592254241,10,-1,144,-1.0,-1,-1
1621592254301,1621592254321,20,0,98,-1.0,-19,240
1621592254331,1621592254351,20,0,95,7395.22021242243,-6220,90
1621592254361,1621592254451,90,3,75,2747.01354574264,-2134,72
1621592254461,1621592254481,20,0,38,1124.83207648476,0,90
1621592254491,1621592254511,20,0,52,1467.65228540188,-1,71
1621592254521,1621592254541,20,0,41,2398.53625526237,-1,286
1621592254601,1621592254661,60,1,170,11498.3393688646,-9188,60
1621592254681,1621592254761,80,1,585,45632.5415307393,-40371,336
1621592254771,1621592254801,30,0,41,3422.58422297643,-800,235
1621592254861,1621592254871,10,-1,49,2206.54188527875,-1,-1
1621592255001,1621592255021,20,2,266,13712.3301457797,-1,101
1621592255151,1621592255231,80,4,136,4887.46708617737,-6669,257
1621592255301,1621592255321,20,0,39,-1.0,-715,249
1621592255371,1621592255391,20,0,83,4403.83856985017,-1,240
1621592255451,1621592255461,10,-1,35,-1.0,-1,-1
1621592255511,1621592255521,10,-1,64,4521.3610453755,-1,-1
1621592255601,1621592255611,10,-1,37,-1.0,-1,-1
1621592255771,1621592255791,20,0,36,1101.61932892391,-2,58
1621592255850,1621592255860,10,-1,57,-1.0,-1,-1
1621592255870,1621592255880,10,-1,45,2767.54399103082,-1,-1
1621592255890,1621592255970,80,14,282,9692.66095989193,-6628,326
1621592255980,1621592255990,10,-1,66,6424.03838438069,-1,-1
1621592256010,1621592256050,40,2,114,4377.3974106018,-1,164
1621592256110,1621592256190,80,3,99,3950.53759498617,-5098,148
1621592256250,1621592256270,20,0,61,-1.0,-1054,151
1621592256290,1621592256310,20,0,50,2710.72723314237,-812,128
1621592256320,1621592256340,20,0,39,1244.00201431882,-1,153
1621592256390,1621592256400,10,-1,35,2858.95438505812,-1,-1
1621592256410,1621592256420,10,-1,38,2200.40150716706,-1,-1
1621592256440,1621592256450,10,-1,231,20862.4185504193,-1,-1
1621592256520,1621592256580,60,13,813,54464.3407096511,-54255,257
1621592256650,1621592256750,100,6,698,12801.2984753606,-55335,283
1621592256830,1621592256850,20,1,112,-1.0,-6232,104
1621592256860,1621592256930,70,4,92,4464.91246970838,-2526,21
1621592256980,1621592257050,70,4,440,24923.7734835174,-25172,56
1621592257110,1621592257210,100,3,63,1939.25616953034,-1494,21
1621592257260,1621592257300,40,1,45,2436.16623203665,-110,340
1621592257320,1621592257340,20,0,41,2345.58453954455,-1,315
1621592257380,1621592257390,10,-1,31,1024.34246209197,-1,-1
1621592257410,1621592257449,39,3,114,5202.71652129948,-5843,9
1621592257509,1621592257519,10,-1,35,-1.0,-1,-1
1621592257559,1621592257599,40,0,249,21054.4058309368,-3376,68
1621592257659,1621592257749,90,24,434,5886.08404926995,-10565,66
1621592257829,1621592257889,60,12,1682,16260.2994623473,-82183,101
1621592257899,1621592257919,20,0,59,4563.55030419762,-1,251
1621592257929,1621592257999,70,3,72,3534.78043455434,-1461,240
1621592258099,1621592258109,10,-1,31,-1.0,-1,-1
1621592258219,1621592258239,20,0,37,2541.9445917223,0,155
1621592258349,1621592258359,10,-1,44,1846.6502012431,-1,-1
1621592258419,1621592258439,20,0,66,3226.30527317823,-1,71
1621592258499,1621592258519,20,0,87,-1.0,-5362,94
1621592258529,1621592258679,150,0,303,27060.8888602416,-13770,16
1621592258689,1621592258719,30,5,266,15914.9960553224,-1,248
1621592258779,1621592258789,10,-1,176,-1.0,-1,-1
1621592258799,1621592258809,10,-1,30,813.617458017044,-1,-1
1621592258899,1621592258989,90,1,533,13940.387906511,-38239,64
1621592259049,1621592259138,89,3,595,49234.1063809524,-43143,201
1621592259198,1621592259268,70,2,223,11250.0357677575,-5431,251
1621592259418,1621592259448,30,7,332,17478.9130201035,-1,264
1621592259458,1621592259538,80,10,284,26030.5129048303,-18494,354
1621592259618,1621592259688,70,2,118,8288.59190599172,-4569,25
1621592259748,1621592259868,120,13,552,20590.1277045495,-26021,216
1621592259878,1621592259928,50,2,51,1867.03528069264,-1910,1
1621592259938,1621592259978,40,1,51,983.117045990507,-1,334
1621592260088,1621592260118,30,7,346,29419.1785246061,-22434,334
1621592260178,1621592260258,80,5,695,3596.57497835809,-63611,153
1621592260268,1621592260508,240,35,788,67547.9341504342,-25279,68
1621592260568,1621592260638,70,3,155,9117.51956077195,-6481,285
1621592260698,1621592260747,49,0,200,16612.0239211227,-2384,83
1621592260897,1621592260917,20,0,58,-1.0,-1157,265
1621592261027,1621592261047,20,0,62,2748.23924266208,-1,146
1621592261147,1621592261167,20,0,63,-1.0,-1064,345
1621592261197,1621592261217,20,2,344,23566.1371373766,-1,236
1621592261307,1621592261317,10,-1,122,-1.0,-1,-1
1621592261377,1621592261437,60,5,364,7784.32053927011,-19499,11
1621592261497,1621592261517,20,10,503,49370.8751531174,-741,208
1621592261597,1621592261627,30,3,639,-1.0,-45771,135
1621592261737,1621592261757,20,0,85,-1.0,-4910,281
1621592261817,1621592261947,130,0,418,12358.9742724668,-38070,97
1621592262017,1621592262077,60,4,81,4155.29202872254,-1889,96
1621592262227,1621592262307,80,28,778,19668.8762760662,-41471,265
1621592262317,1621592262526,209,19,497,29979.5840476513,-21692,100
1621592262626,1621592262666,40,3,207,-1.0,-7997,83
1621592262686,1621592262816,130,22,1000,46549.6925537378,-21926,269
1621592262896,1621592262936,40,2,969,27642.2686192456,-89884,28
1621592263026,1621592263126,100,8,332,13321.7103264647,-17898,283
1621592263196,1621592263236,40,2,112,3228.2219078795,-19,109
1621592264026,1621592264105,79,1,183,12171.0845771396,-9210,215
1621592264165,1621592264185,20,0,37,7.84419990771283,-1,57
1621592264195,1621592264265,70,1,350,25059.5970230079,-22608,327
1621592264325,1621592264335,10,-1,77,-1.0,-1,-1
1621592264345,1621592264365,20,0,32,1455.71877378023,-75,250
1621592264385,1621592264445,60,6,429,25154.305370718,-36752,246
1621592264455,1621592264465,10,-1,30,1190.92007094593,-1,-1
1621592264495,1621592264515,20,0,55,1716.40823343747,-1,15
1621592264575,1621592264665,90,23,698,26509.7912487085,-29238,129
1621592264745,1621592264805,60,9,289,6032.42126874277,-9545,290
1621592264865,1621592264895,30,3,280,-1.0,-10910,98
1621592264905,1621592264915,10,-1,30,1889.49742573075,-1,-1
1621592264935,1621592264955,20,8,1839,141857.760027252,-1,12
1621592265015,1621592265035,20,2,600,-1.0,-48113,220
1621592265065,1621592265105,40,1,120,5618.43879733074,-351,326
1621592265165,1621592265255,90,5,125,3334.07720499762,-5909,109
1621592265355,1621592265405,50,4,373,24935.9260602876,-31472,248
1621592265465,1621592265535,70,1,242,18076.6367264781,-12610,154
1621592265545,1621592265635,90,1,373,30539.574602644,-21280,338
1621592265645,1621592265794,149,3,477,24353.117980775,-28779,317
1621592265904,1621592265944,40,1,479,36706.1442566632,-16234,194
1621592266024,1621592266074,50,9,458,29045.6546823191,-26311,81
1621592266464,1621592266504,40,8,674,29130.7989587668,-106,324
1621592266564,1621592266654,90,4,309,18830.4847141086,-11541,164
1621592266714,1621592266734,20,0,54,-1.0,-1426,243
1621592266844,1621592266924,80,3,359,28448.4028467333,-32839,164
1621592267014,1621592267024,10,-1,45,2042.87985203597,-1,-1
1621592267044,1621592267074,30,1,63,2413.23357003899,-2683,276
1621592267174,1621592267204,30,1,98,3825.4798155482,-1,121
1621592267343,1621592267353,10,-1,32,1657.53331492423,-1,-1
1621592267393,1621592267433,40,1,60,1735.2093916735,-1891,6
1621592267623,1621592267653,30,0,40,927.52486210374,-612,345
1621592267733,1621592267743,10,-1,37,1228.21516967259,-1,-1
1621592267753,1621592267773,20,0,71,2946.86426809589,-1,120
1621592267843,1621592267883,40,1,68,3502.60104441646,-422,100
1621592267893,1621592267903,10,-1,129,10877.739075755,-1,-1
1621592267963,1621592267983,20,0,88,56.5908005893448,-1,113
1621592267993,1621592268003,10,-1,65,4334.01977292068,-1,-1
1621592268013,1621592268073,60,2,177,14231.3745634259,-8686,71
1621592268133,1621592268143,10,-1,32,-1.0,-1,-1
1621592268173,1621592268223,50,7,392,20728.0511772371,-1796,253
1621592268283,1621592268303,20,1,121,-1.0,-3954,59
1621592268413,1621592268423,10,-1,39,1476.99149165055,-1,-1
1621592268473,1621592268493,20,0,49,2100.63464317798,-1233,252
1621592268583,1621592268603,20,0,77,-1.0,-3609,302
1621592268613,1621592268623,10,-1,116,9221.31068818319,-1,-1
1621592268893,1621592268903,10,-1,41,2071.53696271892,-1,-1
1621592268962,1621592268982,20,0,33,-1.0,0,20
1621592269082,1621592269102,20,0,49,2049.3382863235,-1,74
1621592269272,1621592269462,190,32,1276,49948.8093094952,-108395,127
1621592269542,1621592269552,10,-1,64,3999.7256909812,-1,-1
1621592269562,1621592269592,30,2,140,12557.5226946336,-3613,315
1621592269602,1621592269622,20,0,76,5460.70786816372,-39,175
1621592269682,1621592269712,30,0,95,5485.27457690352,-3546,3
1621592269982,1621592270042,60,2,215,6186.37872636596,-13919,171
1621592270112,1621592270122,10,-1,36,1910.43148963664,-1,-1
1621592270242,1621592270252,10,-1,58,-1.0,-1,-1
1621592270292,1621592270322,30,4,184,13295.573422285,-11780,59
1621592270412,1621592270422,10,-1,70,4703.72040248755,-1,-1
1621592270432,1621592270462,30,1,76,5465.75380721064,-4146,156
1621592270621,1621592270631,10,-1,30,679.074345744204,-1,-1
1621592270651,1621592270681,30,3,241,20557.1530710142,-7944,80
1621592270691,1621592270741,50,4,233,12551.4177710505,-11112,68
1621592270941,1621592270971,30,13,1093,-1.0,-53866,17
1621592270981,1621592271051,70,6,341,29614.6795859176,-15143,194
1621592271071,1621592271121,50,8,388,30087.6372596195,-30298,209
1621592271241,1621592271271,30,3,188,12871.6882791631,-15479,49
1621592271331,1621592271371,40,1,72,-1.0,-2342,193
1621592271401,1621592271411,10,-1,31,645.211345700526,-1,-1
1621592271431,1621592271441,10,-1,83,6599.56562424918,-1,-1
1621592271501,1621592271511,10,-1,68,-1.0,-1,-1
1621592271661,1621592271701,40,1,75,623.208912638593,-3401,199
1621592271841,1621592271851,10,-1,45,2291.22173766288,-1,-1
1621592271861,1621592271871,10,-1,30,1228.74793915062,-1,-1
1621592272031,1621592272051,20,0,47,2611.94489116811,-1,50
1621592272061,1621592272081,20,1,211,18024.7905689434,-1,59
1621592272091,1621592272121,30,4,274,26756.7917456983,-13315,236
1621592272171,1621592272191,20,0,62,3257.85956476548,-1,49
1621592272201,1621592272231,30,0,41,2529.53939119437,-1000,200
1621592272480,1621592272490,10,-1,67,-1.0,-1,-1
1621592272530,1621592272580,50,2,48,2937.11109083731,-1297,60
1621592272620,1621592272700,80,14,384,24318.1684956987,-20902,78
1621592272760,1621592272800,40,3,147,-1.0,-6953,54
1621592272820,1621592272840,20,0,56,2032.25301709509,-1,60
1621592272900,1621592272940,40,5,283,17291.330228918,-24640,233
1621592272950,1621592273000,50,3,95,4526.78022388337,-1498,40
1621592273080,1621592273100,20,0,38,0.284977295265776,-1,52
1621592273120,1621592273150,30,2,134,6643.33519210976,-1,209
1621592273210,1621592273260,50,1,78,287.619767623869,-4054,223
1621592273390,1621592273420,30,1,63,2943.55203201941,-222,18
1621592273810,1621592273840,30,2,98,5607.07540305388,-5807,147
1621592274049,1621592274059,10,-1,39,-1.0,-1,-1
1621592274109,1621592274119,10,-1,31,1317.73816807703,-1,-1
1621592274239,1621592274249,10,-1,44,2618.50913709721,-1,-1
1621592274609,1621592274619,10,-1,1394,-1.0,-1,-1
1621592274779,1621592274819,40,3,848,80447.4696612332,-30118,12
1621592274879,1621592274969,90,4,261,13323.0964779332,-11947,267
1621592275029,1621592275099,70,7,202,15214.7503619328,-7150,132
1621592275199,1621592275269,70,5,152,2889.05833937276,-1,316
1621592275329,1621592275449,120,35,763,34678.88243644,-33345,310
1621592275469,1621592275479,10,-1,31,540.656889580625,-1,-1
1621592275588,1621592275648,60,9,975,47848.6182327224,-5849,84
1621592275758,1621592275868,110,20,788,60078.6620037143,-50131,195
1621592275878,1621592275968,90,12,341,18373.275785845,-14322,0
1621592276028,1621592276048,20,0,78,4328.82047387441,-1,279
1621592276058,1621592276098,40,5,333,30575.8726322349,-17771,121
1621592276178,1621592276188,10,-1,675,-1.0,-1,-1
1621592276198,1621592276228,30,0,45,2305.11928134103,-1,137
1621592276238,1621592276268,30,3,230,9233.30909329942,-1,355
1621592276328,1621592276548,220,16,193,13556.2833809404,-6984,140
1621592276698,1621592276818,120,12,787,7429.99374929166,-22486,274
1621592276878,1621592276898,20,1,287,-1.0,-21935,267
1621592276908,1621592276988,80,11,660,36074.4842789801,-6028,331
1621592277068,1621592277088,20,1,319,-1.0,-24260,184
1621592277178,1621592277197,19,0,41,-1.0,-1178,270
1621592277207,1621592277237,30,1,49,2126.12336921994,-1334,210
1621592277377,1621592277387,10,-1,33,647.145534648065,-1,-1
1621592277527,1621592277537,10,-1,72,5270.74127516884,-1,-1
1621592277597,1621592277607,10,-1,117,-1.0,-1,-1
1621592277727,1621592277757,30,0,43,1021.42871513265,-850,76
1621592277907,1621592277947,40,1,58,2280.33695002571,-546,266
1621592278027,1621592278057,30,1,52,230.562089933401,-1876,221
1621592278147,1621592278157,10,-1,36,-1.0,-1,-1
1621592278177,1621592278207,30,2,142,7504.61966385537,-1,69
1621592278267,1621592278297,30,2,124,9057.38546484635,-4346,47
1621592278347,1621592278437,90,9,131,6358.8657401707,-4419,288
1621592279376,1621592279516,140,3,2352,179118.588641512,-138722,102
1621592279536,1621592279586,50,17,858,81589.8602749345,-11,246
1621592279596,1621592279626,30,7,558,19432.1998902395,-1,71
1621592279646,1621592279666,20,0,60,4108.42902976199,-1529,290
1621592279706,1621592279746,40,0,67,4750.22035010688,-2903,201
1621592279786,1621592279806,20,1,190,10584.0041310264,-1,77
1621592279866,1621592279876,10,-1,77,-1.0,-1,-1
1621592279986,1621592280016,30,0,65,2175.62870773853,-1,297
1621592280026,1621592280036,10,-1,92,8514.76578367659,-1,-1
1621592280176,1621592280216,40,6,223,5094.57083641254,-12116,256
1621592280236,1621592280256,20,0,67,4004.34443618329,-1,266
1621592280266,1621592280346,80,7,145,6592.26225728174,-3532,268
1621592280356,1621592280406,50,1,74,4954.2183760665,-1956,243
1621592280416,1621592280436,20,0,61,4865.08013312719,-24,141
1621592280446,1621592280485,39,1,76,3769.25666136183,-3716,100
1621592280595,1621592280665,70,2,187,9582.70465776478,-12374,286
1621592280685,1621592280705,20,0,64,2525.73006376255,-1,154
1621592280755,1621592280785,30,2,119,6628.34390956154,-71,82
1621592280845,1621592280865,20,1,192,-1.0,-7516,129
1621592280875,1621592280905,30,2,116,9724.24083472437,-6486,325
1621592280955,1621592281015,60,1,182,15769.1480123609,-10244,287
1621592281125,1621592281135,10,-1,32,1770.75365526323,-1,-1
1621592281145,1621592281225,80,0,430,31658.5989112626,-26059,148
1621592281315,1621592281365,50,6,168,9611.18206044176,-1871,272
1621592281385,1621592281405,20,1,104,8319.6737389073,-1,275
1621592281415,1621592281425,10,-1,39,2332.88488468915,-1,-1
1621592281475,1621592281495,20,1,110,7713.53042684779,-1,81
1621592281525,1621592281565,40,2,90,5590.59833563143,-149,216
1621592281575,1621592281585,10,-1,33,1305.43635606057,-1,-1
1621592281595,1621592281615,20,0,32,1351.23906163605,-1,27
1621592281715,1621592281745,30,3,172,10159.0209357255,-9137,80
1621592281755,1621592281965,210,1,251,18487.9635736239,-13013,276
1621592282114,1621592282124,10,-1,95,-1.0,-1,-1
1621592282134,1621592282174,40,2,106,9176.29386120149,-4710,301
1621592282184,1621592282204,20,0,39,1204.99272394648,-1,180
1621592282314,1621592282334,20,1,83,3591.26455151857,-1,355
1621592282344,1621592282354,10,-1,37,2263.73918004436,-1,-1
1621592282444,1621592282494,50,1,276,24469.9282095569,-10195,135
1621592282524,1621592282574,50,1,133,3073.98212441551,-10097,295
1621592282594,1621592282624,30,4,237,11824.3424216295,-273,90
1621592282774,1621592282844,70,5,171,10832.9918546094,-5496,286
1621592282864,1621592282894,30,1,50,1677.87499651241,-890,255
1621592283054,1621592283074,20,0,35,2004.28215226814,-5,196
1621592283134,1621592283144,10,-1,48,-1.0,-1,-1
1621592283184,1621592283194,10,-1,40,2421.04344929644,-1,-1
1621592283434,1621592283454,20,1,79,7025.8427865104,-477,57
1621592283464,1621592283504,40,1,41,2812.7151852515,-579,216
1621592283714,1621592283724,10,-1,54,4148.89377744379,-1,-1
1621592283783,1621592283803,20,4,566,28135.9619134513,-1,101
1621592283943,1621592283983,40,1,393,32454.9059381051,-5930,142
1621592284063,1621592284113,50,3,252,-1.0,-14399,290
1621592284223,1621592284263,40,0,342,31078.1275332688,-30077,12
1621592284273,1621592284303,30,3,185,12208.6590636382,-7394,262
1621592284323,1621592284353,30,2,165,14362.3750031343,-9039,81
1621592284633,1621592284673,40,1,52,862.361231246585,-7,255
1621592284833,1621592284893,60,5,140,8712.47948267746,-4548,81
1621592284933,1621592284953,20,0,62,3182.48388188829,-1,246
1621592285063,1621592285073,10,-1,41,1687.05615735778,-1,-1
1621592285183,1621592285223,40,0,143,7235.66212911189,-9119,131
1621592285313,1621592285323,10,-1,61,-1.0,-1,-1
1621592285392,1621592285402,10,-1,57,3816.83157708595,-1,-1
1621592285462,1621592285472,10,-1,69,-1.0,-1,-1
1621592285542,1621592285552,10,-1,86,6073.96748712217,-1,-1
1621592285612,1621592285622,10,-1,190,-1.0,-1,-1
1621592285632,1621592285642,10,-1,184,17920.0923721867,-1,-1
1621592285652,1621592285662,10,-1,162,14248.4786784518,-1,-1
1621592285732,1621592285742,10,-1,35,1899.13935666237,-1,-1
1621592285772,1621592285822,50,3,239,10857.8433534256,-557,124
1621592285882,1621592285932,50,2,185,8371.05957459635,-12180,234
1621592286012,1621592286042,30,0,177,7140.42049672339,-13886,192
1621592286052,1621592286082,30,1,74,3933.86326781611,-2320,268
1621592286092,1621592286102,10,-1,84,5661.58203040942,-1,-1
1621592286162,1621592286192,30,1,306,1976.17859214032,-25927,301
1621592286202,1621592286222,20,0,87,4069.4498799406,-1,45
1621592286392,1621592286502,110,4,628,27252.5020021435,-52538,315
1621592286582,1621592286632,50,1,154,11631.0698276654,-10906,109
1621592286712,1621592286802,90,4,170,9300.16242792876,-11058,17
1621592286862,1621592286882,20,1,144,-1.0,-7416,74
1621592286932,1621592286952,20,1,121,6774.52829692034,-1,212
1621592287012,1621592287021,9,-1,55,-1.0,-1,-1
1621592287051,1621592287081,29,0,124,9365.18073011888,-171,24
1621592287141,1621592287211,70,3,86,3754.40800727559,-2404,109
1621592287321,1621592287481,160,26,1323,8106.93937511287,-52263,316
1621592287501,1621592287521,20,0,84,3542.40142743951,-1,200
1621592287651,1621592287661,10,-1,30,1251.02916661932,-1,-1
1621592287741,1621592287821,80,3,55,1277.99316764987,-867,161
1621592287871,1621592287981,110,2,113,7885.6313591539,-3157,281
1621592288151,1621592288241,90,3,712,7396.44703815037,-61520,353
1621592288301,1621592288321,20,1,116,-1.0,-5660,250
1621592288351,1621592288361,10,-1,45,2368.13784912584,-1,-1
1621592288551,1621592288621,70,16,446,18718.8288895363,-6111,273
1621592288681,1621592288770,89,4,199,13915.0970734119,-4212,131
1621592288830,1621592288900,70,9,332,4478.78987164113,-14237,270
1621592288910,1621592288920,10,-1,72,5051.91702059031,-1,-1
1621592289000,1621592289020,20,0,88,-1.0,-4207,93
1621592289050,1621592289070,20,1,129,7652.82801473953,-1,299
1621592289130,1621592289150,20,0,40,316.91065523684,-1,344
1621592289170,1621592289190,20,0,38,1843.02780989996,-1,323
1621592289200,1621592289220,20,0,104,7411.49156869872,-1,85
1621592289280,1621592289550,270,33,523,26328.0850041152,-32806,193
1621592289570,1621592289590,20,3,227,12933.3155600679,-1,218
1621592290649,1621592290719,70,1,418,7451.32580176027,-31224,297
1621592290779,1621592290869,90,3,148,10052.972137935,-3997,291
1621592290929,1621592290999,70,3,304,25351.4341005499,-20198,287
1621592291099,1621592291239,140,5,233,10573.1865999793,-16722,345
1621592291249,1621592291259,10,-1,91,6905.06691826898,-1,-1
1621592291389,1621592291419,30,2,207,9141.59229720908,-1,235
1621592291479,1621592291529,50,3,269,15785.9272295601,-23805,237
1621592291549,1621592291569,20,1,173,8960.15200076945,-1,262
1621592291729,1621592291829,100,2,988,83205.4699211034,-78300,223
1621592291919,1621592291998,79,12,358,16744.8894450779,-13644,95
1621592292058,1621592292138,80,5,169,5964.2255049207,-3355,247
1621592292208,1621592292298,90,3,57,4164.86114313259,-1256,15
1621592292368,1621592292398,30,2,151,5861.49979791718,-1,231
1621592292458,1621592292488,30,1,104,-1.0,-5188,253
1621592292508,1621592292518,10,-1,32,686.959752604567,-1,-1
1621592292528,1621592292568,40,13,704,61641.3281656548,-23678,104
1621592293038,1621592293088,50,15,508,7734.25422420469,-25488,8
1621592293148,1621592293218,70,2,345,23178.278962087,-28554,143
1621592293278,1621592293348,70,5,266,20216.9038049877,-18215,231
1621592293408,1621592293468,60,2,91,2066.80431305713,-2785,143
1621592293478,1621592293498,20,0,45,962.393991189927,-1,101
1621592293558,1621592293578,20,0,51,-1.0,-2094,147
1621592293627,1621592293677,50,4,111,4746.36456408296,-4898,306
1621592293697,1621592293717,20,0,46,2584.28855358517,-1,322
1621592293787,1621592293877,90,4,91,4184.58904778533,-2453,124
1621592294007,1621592294057,50,2,89,3169.13579661174,-879,300
1621592294237,1621592294327,90,3,96,2191.42759922985,-5832,92
1621592294337,1621592294357,20,0,37,449.619432907859,-1,144
1621592294447,1621592294487,40,2,80,3461.04246117865,-2351,291
1621592294507,1621592294517,10,-1,33,1525.90719002344,-1,-1
1621592294607,1621592294707,100,5,81,3896.16910789683,-4179,101
1621592294787,1621592294807,20,1,118,5749.68520775964,-1,272
1621592294877,1621592295087,210,28,837,37036.2499365626,-24869,134
1621592295177,1621592295276,99,14,677,29998.8952371399,-38764,109
1621592295286,1621592295436,150,2,232,16652.9052391304,-10772,315
1621592295446,1621592295466,20,1,170,11742.3711057418,-1,302
1621592295526,1621592295536,10,-1,156,-1.0,-1,-1
1621592295546,1621592295566,20,2,347,26869.4607067819,-1,128
1621592295736,1621592295786,50,7,515,47307.8688098246,-15926,41
1621592296126,1621592296206,80,5,164,7518.65298763748,-7592,301
1621592296236,1621592296356,120,16,455,19620.5595510061,-17682,248
1621592296526,1621592296536,10,-1,117,-1.0,-1,-1
1621592296626,1621592296646,20,0,50,3421.88676727298,-1112,140
1621592296686,1621592296736,50,2,203,14199.1845145927,-6858,10
1621592296796,1621592296836,40,6,281,3309.29895500941,-15943,61
1621592296905,1621592296925,19,0,45,1131.34380516199,-1,104
1621592296935,1621592297015,80,9,1645,118825.286101686,-26576,233
1621592297075,1621592297145,70,7,242,19254.8468896892,-15514,34
1621592297225,1621592297305,80,0,504,42427.3717467311,-31199,345
1621592297365,1621592297435,70,18,537,9307.58517872728,-21319,231
1621592297495,1621592297515,20,0,54,-1.0,-1505,150
1621592297555,1621592297565,10,-1,1032,101423.849603198,-1,-1
1621592297625,1621592297635,10,-1,38,-1.0,-1,-1
1621592297675,1621592297735,60,0,719,70039.1480075259,-56068,26
1621592297795,1621592297805,10,-1,51,-1.0,-1,-1
1621592298724,1621592298784,60,2,67,1556.00555216766,-2623,87
1621592298944,1621592298954,10,-1,114,-1.0,-1,-1
1621592299024,1621592299034,10,-1,1974,-1.0,-1,-1
1621592299334,1621592299574,240,6,684,59763.930336202,-30425,183
1621592299664,1621592299704,40,2,85,3841.38634359574,-20,19
1621592299894,1621592299924,30,2,93,6315.75439001418,-4317,250
1621592300034,1621592300104,70,3,85,3896.7084204822,-2327,67
1621592300114,1621592300124,10,-1,40,1946.36930647593,-1,-1
1621592300183,1621592300203,19,3,507,36466.9794945219,-1,71
1621592300353,1621592300393,40,3,438,933.135348121347,-28975,176
1621592300463,1621592300473,10,-1,158,-1.0,-1,-1
1621592300483,1621592300503,20,0,146,10668.9958171852,-1,263
1621592300893,1621592300963,70,2,633,50375.6503773208,-43341,192
1621592300983,1621592301053,70,1,118,11263.2642569782,-5744,273
1621592301083,1621592301103,20,0,96,4404.68031308463,-1,327
1621592301163,1621592301223,60,13,738,22912.5475691168,-41993,258
1621592301423,1621592301533,110,1,274,15024.5107701655,-9879,151
1621592301613,1621592301673,60,4,249,15701.3330959526,-9403,85
1621592301733,1621592301743,10,-1,33,2334.09908050647,-1,-1
1621592301763,1621592301783,20,0,30,1469.78713268858,-1,49
1621592301793,1621592301803,10,-1,85,6298.31604127776,-1,-1
1621592302902,1621592302912,10,-1,111,-1.0,-1,-1
1621592303132,1621592303162,30,15,728,4627.7932889911,-7254,185
1621592303242,1621592303282,40,5,391,-1.0,-18376,254
1621592303292,1621592303402,110,5,349,21509.6350182177,-24279,76
1621592303422,1621592303452,30,1,65,4720.07347971514,-1101,214
1621592303511,1621592303521,10,-1,31,-1.0,-1,-1
1621592303631,1621592303651,20,0,38,2372.12296728287,-1,63
1621592303721,1621592303731,10,-1,34,2041.52442983238,-1,-1
1621592303861,1621592303871,10,-1,34,1195.80563574618,-1,-1
1621592303891,1621592303911,20,0,56,3644.67687163496,-1,19
1621592303961,1621592303971,10,-1,32,1152.27003425594,-1,-1
1621592304011,1621592304021,10,-1,48,2016.94622704201,-1,-1
1621592304101,1621592304131,30,1,83,3862.21011199941,-1625,139
1621592304251,1621592304301,50,1,91,5553.75310541616,-523,220
1621592304371,1621592304391,20,0,66,4608.41184091223,-2105,53
1621592304491,1621592304601,110,2,217,12699.8881791638,-15980,115
1621592304661,1621592304671,10,-1,159,-1.0,-1,-1
1621592304741,1621592304751,10,-1,67,3824.6142753739,-1,-1
1621592304811,1621592304851,40,0,141,7110.26485003865,-10761,104
1621592304881,1621592304921,40,2,84,5238.47767131554,-2436,71
1621592304941,1621592305021,80,2,105,7133.94717779965,-2212,90
1621592305100,1621592305150,50,2,116,406.44148872933,-5556,257
1621592305160,1621592305170,10,-1,32,1801.75259747896,-1,-1
1621592305250,1621592305260,10,-1,34,-1.0,-1,-1
1621592305300,1621592305320,20,1,122,8722.73072781385,-1,305
1621592305380,1621592305390,10,-1,44,-1.0,-1,-1
1621592305440,1621592305470,30,1,89,4305.42017920557,-3537,181
1621592305620,1621592305640,20,1,117,5747.32520241309,-1,326
1621592305700,1621592305730,30,0,151,2794.24986394479,-12021,72
1621592305790,1621592305840,50,8,668,56165.1280435367,-19681,43
1621592305850,1621592305880,30,0,78,5416.81489553115,-3962,283
1621592305910,1621592305950,40,1,86,4462.34902736519,-2700,200
1621592305960,1621592305970,10,-1,58,3714.41168367269,-1,-1
1621592305980,1621592306040,60,3,328,20750.0789800289,-4228,186
1621592306120,1621592306140,20,0,72,5025.25903832126,-53,250
1621592306779,1621592306829,50,20,2251,113258.519947961,-23193,218
1621592306909,1621592306999,90,11,1138,6378.96829203935,-61312,42
1621592307329,1621592307529,200,1,1840,157814.895239926,-154231,253
1621592308418,1621592308538,120,8,482,25484.9394016371,-23831,357
1621592308598,1621592308628,30,3,250,-1.0,-11505,246
1621592308718,1621592308798,80,4,104,5728.90234414986,-4936,238
1621592308878,1621592308888,10,-1,47,-1.0,-1,-1
1621592308918,1621592308938,20,0,149,11241.8273596948,-1,66
1621592308998,1621592309008,10,-1,39,-1.0,-1,-1
1621592309018,1621592309068,50,1,51,2887.17005168097,-660,305
1621592309308,1621592309318,10,-1,49,-1.0,-1,-1
1621592309398,1621592309438,40,2,69,2766.59654728229,-47,338
1621592309598,1621592309608,10,-1,49,-1.0,-1,-1
1621592309678,1621592309718,40,1,55,2624.49675868706,-6,207
1621592309848,1621592309858,10,-1,42,-1.0,-1,-1
1621592309868,1621592309878,10,-1,34,647.559699454329,-1,-1
1621592309898,1621592309938,40,2,85,4493.54829113125,-2023,3
1621592309998,1621592310008,10,-1,34,-1.0,-1,-1
1621592310167,1621592310197,30,1,74,4805.51341049723,-3813,149
1621592310407,1621592310437,30,1,48,2985.53042275168,-1456,0
1621592310477,1621592310487,10,-1,36,2438.23120515968,-1,-1
1621592310707,1621592310737,30,1,73,4094.06636369948,-3211,174
1621592310877,1621592310907,30,1,73,3479.79707978042,-1,38
1621592310967,1621592310987,20,0,65,-1.0,-965,74
1621592311037,1621592311087,50,3,109,3452.67127199629,-4698,265
1621592311137,1621592311187,50,6,312,18493.7897803093,-13863,66
1621592311267,1621592311297,30,1,117,-1.0,-5283,32
1621592311337,1621592311357,20,1,126,6064.95150487366,-1,257
1621592311547,1621592311567,20,0,85,-1.0,-4559,167
1621592311726,1621592311736,10,-1,67,4233.12735915802,-1,-1
1621592311796,1621592312016,220,3,685,34346.8507268763,-33867,266
1621592312116,1621592312136,20,1,463,-1.0,-37366,235
1621592312266,1621592312296,30,1,76,3678.16775581213,-2366,340
1621592312446,1621592312456,10,-1,74,4675.25525218141,-1,-1
1621592312516,1621592312546,30,6,456,14006.920072425,-1491,130
1621592313505,1621592313555,50,15,469,971.370310428591,-18816,105
1621592313565,1621592313585,20,0,83,4933.07156320655,-1,235
1621592313655,1621592313705,50,2,166,12100.4027257056,-6170,277
1621592314195,1621592314255,60,7,391,2254.48655841502,-18547,159
1621592314265,1621592314275,10,-1,31,1153.00976632605,-1,-1
1621592314325,1621592314415,90,3,163,13312.0402820749,-9139,83
1621592314515,1621592314705,190,4,73,3739.01128460496,-3248,321
1621592314765,1621592314775,10,-1,41,-1.0,-1,-1
1621592314805,1621592314855,50,8,463,29408.584121818,-18266,3
1621592314915,1621592314925,10,-1,115,-1.0,-1,-1
1621592314964,1621592314994,30,1,61,2853.3629891649,-2466,300
1621592315054,1621592315084,30,2,179,8707.49932892336,-1,123
1621592315214,1621592315354,140,4,297,23534.9068008902,-16604,202
1621592315394,1621592315434,40,5,207,10834.4348797223,-3906,353
1621592315494,1621592315504,10,-1,63,-1.0,-1,-1
1621592315514,1621592315524,10,-1,44,3066.52563870651,-1,-1
1621592315564,1621592315584,20,1,275,19530.7321492397,-1,126
1621592315594,1621592315624,30,4,365,19541.7940609437,-1686,128
1621592315684,1621592315694,10,-1,1371,-1.0,-1,-1
1621592316064,1621592316074,10,-1,30,-1.0,-1,-1
1621592316084,1621592316124,40,3,117,8466.43656385429,-7203,258
1621592316214,1621592316284,70,8,210,6261.86626127741,-9136,289
1621592316344,1621592316384,40,3,164,-1.0,-7273,278
1621592316394,1621592316434,40,1,172,10853.2792526777,-81,34
1621592316494,1621592316544,50,2,178,312.685216651951,-7683,102
1621592316554,1621592316564,10,-1,45,2844.87495870318,-1,-1
1621592316663,1621592316703,40,8,404,-1.0,-19539,337
1621592316763,1621592316853,90,11,391,33925.027133871,-29480,114
1621592316913,1621592316953,40,5,345,16798.0281193159,-11846,283
1621592317063,1621592317103,40,2,279,-1.0,-17012,231
1621592317133,1621592317283,150,14,378,25269.2144095705,-11563,79
1621592318492,1621592318632,140,11,468,15876.5239601704,-29991,285
1621592318742,1621592318822,80,18,520,14380.4962279568,-19615,106
1621592318832,1621592318942,110,2,581,25831.3235708894,-2523,119
1621592319632,1621592319842,210,12,244,9525.79967939065,-9259,262
1621592319961,1621592319971,10,-1,81,5509.04753192711,-1,-1
1621592320031,1621592320061,30,1,179,-1.0,-9152,230
1621592320081,1621592320101,20,3,596,41127.954049033,-1,38
1621592320181,1621592320211,30,1,401,104.441062858022,-32085,228
1621592320241,1621592320281,40,1,43,1331.46236258193,-219,303
1621592320291,1621592320371,80,20,440,29875.8864221463,-16470,180
1621592320461,1621592320531,70,5,201,1476.63658546133,-9291,351
1621592320591,1621592320601,10,-1,32,-1.0,-1,-1
1621592320621,1621592320671,50,3,164,10127.5360045964,-5591,12
1621592320731,1621592320861,130,20,397,19538.251945741,-16955,4
1621592321141,1621592321191,50,13,781,-1.0,-32820,345
1621592321281,1621592321341,60,14,924,4357.61662865191,-59053,206
1621592321351,1621592321620,269,6,347,16502.9666550376,-18568,309
1621592321680,1621592321800,120,10,241,10221.2175978361,-8625,222
1621592321850,1621592321870,20,0,60,3202.69842971131,-1340,108
1621592321880,1621592321940,60,2,49,1515.64733162482,-1079,80
1621592321970,1621592321980,10,-1,30,67.30050826507,-1,-1
1621592321990,1621592322000,10,-1,36,741.794607131848,-1,-1
1621592322040,1621592322050,10,-1,36,1482.31015352448,-1,-1
1621592322060,1621592322070,10,-1,75,6865.55122704283,-1,-1
1621592322150,1621592322240,90,3,62,2145.54963003825,-1470,113
1621592322260,1621592322300,40,1,45,1489.544230059,-301,128
1621592322340,1621592322370,30,2,125,6695.96082923057,-7589,337
1621592322420,1621592322450,30,1,60,3263.53646741369,-1716,345
1621592322550,1621592322600,50,6,238,17048.1532437974,-14015,194
1621592322610,1621592322620,10,-1,1046,102904.249983732,-1,-1
1621592322700,1621592322710,10,-1,92,-1.0,-1,-1
1621592322740,1621592323020,280,6,498,33403.9669830582,-28771,68
1621592323080,1621592323219,139,7,699,50853.3348042647,-32206,116
1621592323499,1621592323569,70,13,597,49285.8265133552,-37636,269
1621592323629,1621592323809,180,11,307,7824.60459835134,-13385,56
1621592323829,1621592323869,40,2,137,9074.7534773206,-5741,135
1621592323889,1621592323989,100,3,374,32700.0603891868,-17521,345
1621592324049,1621592324099,50,3,177,27.6480105209785,-5956,329
1621592324209,1621592324229,20,1,201,-1.0,-11856,172
1621592324239,1621592324629,390,27,480,22693.1682319172,-21794,249
1621592324639,1621592324659,20,0,176,13946.5291269889,-1,138
1621592324729,1621592324799,70,30,1130,4834.01840643294,-37029,5
1621592324858,1621592325018,160,12,309,8122.99521611224,-14534,168
1621592325028,1621592325098,70,12,470,38717.9887832429,-17555,116
1621592325158,1621592325228,70,3,256,17378.8019273309,-4882,113
1621592325308,1621592325458,150,30,2423,199443.324657928,-234161,324
1621592325468,1621592325498,30,0,43,1362.06966468303,-938,215
1621592325768,1621592325818,50,9,722,15430.3054457178,-38220,208
1621592325878,1621592325928,50,0,333,766.736705237433,-25888,288
