start,end,duration,amplitude,peak_velocity,peak_acceleration,peak_deceleration,direction
1621849161351,1621849161511,160,8,531,20021.0787063202,-38394,22
1621849161521,1621849161531,10,-1,105,7852.87836014244,-1,-1
1621849161541,1621849161591,50,3,82,4051.15437894626,-3657,140
1621849161621,1621849161631,10,-1,233,21734.4308049879,-1,-1
1621849161701,1621849161731,30,1,263,19.8292673831602,-20244,233
1621849161741,1621849161751,10,-1,33,497.540030971588,-1,-1
1621849161771,1621849161791,20,0,54,1956.17237411138,-1,206
1621849161801,1621849161851,50,2,241,21570.2962369937,-15968,198
1621849161861,1621849161911,50,9,337,16562.6217921508,-13877,350
1621849161931,1621849161951,20,1,78,2952.53748343787,-1,175
1621849161961,1621849161971,10,-1,114,10819.6937309638,-1,-1
1621849161981,1621849162031,50,4,465,40835.3686495658,-32373,197
1621849162041,1621849162111,70,3,650,50245.5151433149,-60841,198
1621849162121,1621849162191,70,19,513,34166.6443157821,-25467,4
1621849162201,1621849162310,109,9,106,5421.30776867075,-2886,183
1621849162320,1621849162350,30,1,70,4238.07884848505,-1088,197
1621849162360,1621849162670,310,21,1279,124299.923310553,-112579,9
1621849162690,1621849162720,30,6,264,11918.1957706725,-1,192
1621849162780,1621849163000,220,27,617,27409.6197789668,-18000,119
1621849163070,1621849163360,290,9,724,43438.0838529653,-53888,254
1621849163580,1621849163879,299,45,815,56337.9062712159,-66373,350
1621849163919,1621849163929,10,-1,45,2636.88764845258,-1,-1
1621849163939,1621849163949,10,-1,60,3960.18271054443,-1,-1
1621849163959,1621849163979,20,4,325,16167.1366685312,-1,238
1621849164089,1621849164179,90,1,148,5042.59172070319,-10231,261
1621849164269,1621849164329,60,3,433,3524.24313659954,-33821,81
1621849164419,1621849164429,10,-1,30,219.785474573121,-1,-1
1621849164489,1621849164519,30,0,39,631.728195640979,-805,151
1621849164589,1621849164599,10,-1,39,2417.86978835299,-1,-1
1621849164759,1621849164769,10,-1,37,2810.41591918394,-1,-1
1621849165099,1621849165139,40,2,582,41648.6432902961,-2355,164
1621849165219,1621849165489,270,20,1090,97178.7774220907,-94839,317
1621849165548,1621849165578,30,1,161,-1.0,-7218,327
1621849166408,1621849166448,40,10,1411,88634.7687063738,-1,147
1621849166518,1621849166538,20,0,650,-1.0,-59268,220
1621849166578,1621849166598,20,0,30,1272.53236576056,-1,218
1621849166628,1621849166648,20,0,32,2155.82297826077,-1,220
1621849166718,1621849166798,80,14,343,16370.7444926761,-25924,264
1621849168557,1621849168577,20,3,617,42217.3186960431,-1,3
1621849168697,1621849168747,50,1,337,5419.0792822245,-22542,164
1621849168767,1621849168776,9,-1,32,570.014648731336,-1,-1
1621849168966,1621849168996,30,3,142,9167.31058920853,-7693,174
1621849169236,1621849169256,20,1,70,5029.31198494401,-1747,7
1621849169286,1621849169326,40,2,97,3632.26419053463,-1,206
1621849169336,1621849169376,40,0,94,8963.75716378783,-4934,18
1621849169416,1621849169436,20,0,34,2291.43129253867,-433,343
1621849169446,1621849169596,150,30,1218,56229.069702785,-74071,168
1621849169776,1621849169896,120,0,364,14641.0886954385,-23909,98
1621849170156,1621849170166,10,-1,37,3537.60728443141,-1,-1
1621849170176,1621849170256,80,32,663,33422.8167268323,-17516,349
1621849170286,1621849170316,30,2,116,5738.86538154117,-6185,160
1621849170336,1621849170555,219,9,2417,173678.247571136,-227988,178
1621849170785,1621849170825,40,7,263,16659.175259183,-9302,183
1621849171065,1621849171165,100,25,598,21850.8904794173,-23745,171
1621849171465,1621849171485,20,11,668,48544.7806385144,-1,43
1621849171595,1621849171655,60,6,1224,3545.10948681721,-85120,248
1621849171925,1621849171995,70,13,326,13845.5523888679,-12857,80
1621849172104,1621849172364,260,26,840,72525.625470183,-45060,136
1621849172404,1621849172414,10,-1,33,453.208213134512,-1,-1
1621849172424,1621849172504,80,1,481,41155.3507586821,-35969,186
1621849172544,1621849172554,10,-1,37,898.72823221269,-1,-1
1621849172594,1621849172724,130,31,633,35230.4246827603,-38991,241
1621849172814,1621849172844,30,2,93,4648.89387618936,-3596,244
1621849172924,1621849172984,60,5,299,-1.0,-13689,329
1621849173284,1621849173314,30,3,197,-1.0,-9942,71
1621849173454,1621849173624,170,8,211,7783.16300653922,-9219,342
1621849173793,1621849173843,50,2,72,2157.81870352714,-2183,309
1621849173853,1621849174133,280,12,175,7138.19738266699,-8275,269
1621849174203,1621849174253,50,19,1421,-1.0,-62150,308
1621849174313,1621849174323,10,-1,38,1845.21928771976,-1,-1
1621849174413,1621849174443,30,2,106,6885.09975549755,-5937,8
1621849174553,1621849174653,100,3,38,498.335008834194,-424,186
1621849175642,1621849175662,20,0,95,5571.04370113728,-1,78
1621849175752,1621849175812,60,9,399,6891.25598072054,-13069,297
1621849176642,1621849176662,20,0,43,1816.56283953433,-457,29
1621849176682,1621849176702,20,0,43,852.894186445679,-1,20
1621849176792,1621849176852,60,1,38,548.527064998932,-427,31
1621849176902,1621849176912,10,-1,60,3029.51526431306,-1,-1
1621849176982,1621849177061,79,22,560,4775.00940447798,-22983,240
1621849177181,1621849177281,100,7,260,11543.4152289257,-22533,195
1621849177291,1621849177301,10,-1,58,3491.89983506292,-1,-1
1621849177371,1621849177411,40,9,578,27242.3231731063,-1,183
1621849177651,1621849177691,40,14,501,-1.0,-22838,182
1621849177781,1621849178021,240,6,368,18240.3981953114,-24018,172
1621849178081,1621849178201,120,18,540,22473.2272730694,-31395,191
1621849178211,1621849178511,300,9,1867,172600.362467689,-160720,85
1621849178531,1621849178840,309,22,1110,99420.1065472178,-47647,355
1621849178870,1621849178950,80,2,48,1578.51636456625,-1490,351
1621849178960,1621849178970,10,-1,35,718.577770784625,-1,-1
1621849178980,1621849179000,20,0,31,456.544202748338,-1,264
1621849179020,1621849179060,40,1,36,664.860311251647,-445,346
1621849179230,1621849179240,10,-1,59,-1.0,-1,-1
1621849179340,1621849179360,20,0,114,8390.76582808586,-1,59
1621849179430,1621849179520,90,23,819,20975.7500072698,-30762,229
1621849179600,1621849179610,10,-1,32,1771.90429166317,-1,-1
1621849179740,1621849179820,80,2,38,747.004137505863,-221,189
1621849179840,1621849179890,50,13,641,35412.3628667894,-1,353
1621849180000,1621849180240,240,15,186,3613.77553202654,-10828,178
1621849180259,1621849180469,209,3,502,25957.5211460935,-7430,190
1621849180789,1621849181169,380,11,702,33234.3055578359,-61295,202
1621849181189,1621849181229,40,1,56,1887.26786467033,-1876,253
1621849181269,1621849181279,10,-1,63,6001.07756738017,-1,-1
1621849181289,1621849181299,10,-1,72,4882.40800043614,-1,-1
1621849181389,1621849181409,20,0,48,3358.12352422184,-1,296
1621849181429,1621849181459,30,5,282,13000.016929118,-1,173
1621849181469,1621849181479,10,-1,138,11307.220567149,-1,-1
1621849181529,1621849181569,40,1,44,2384.79448002185,-800,51
1621849181579,1621849181639,60,16,397,15816.7974554914,-17887,205
1621849181659,1621849181739,80,3,48,2495.65777518313,-715,41
1621849181839,1621849181879,40,3,123,4770.84290837164,-6521,229
1621849182078,1621849182098,20,2,283,18041.8222230929,-1,347
1621849182188,1621849182258,70,10,546,14597.8694787119,-25339,357
1621849182268,1621849182368,100,4,129,9092.76945366095,-9269,225
1621849182388,1621849182678,290,4,1048,80470.4707694939,-76671,121
1621849182708,1621849182778,70,3,91,4041.87801675128,-4182,162
1621849182788,1621849182818,30,1,62,2557.98714276051,-2871,189
1621849182988,1621849183018,30,0,566,52158.8957602696,-31007,83
1621849183078,1621849183178,100,16,1131,47882.474514976,-93538,342
1621849183268,1621849183278,10,-1,60,5353.05622060488,-1,-1
1621849183348,1621849183378,30,1,66,3380.07817743276,-423,169
1621849183697,1621849183807,110,19,444,21121.3552092531,-38670,298
1621849183817,1621849183837,20,1,83,5406.89304452152,-1,62
1621849183927,1621849183937,10,-1,117,9091.53513105827,-1,-1
1621849184047,1621849184107,60,7,407,13026.8916711478,-24263,201
1621849184127,1621849184207,80,3,292,22927.3567263197,-26285,2
1621849184217,1621849184257,40,1,49,1882.03858032608,-1648,342
1621849184277,1621849184287,10,-1,48,2142.32960964206,-1,-1
1621849184327,1621849184357,30,0,55,1684.16729037242,-1,19
1621849184477,1621849184487,10,-1,40,2531.45886600142,-1,-1
1621849184537,1621849184597,60,14,397,14087.2296682364,-20124,6
1621849184607,1621849184667,60,2,237,22242.9039859555,-16931,92
1621849184677,1621849184747,70,10,323,12004.02855908,-16515,273
1621849184767,1621849184807,40,3,169,11986.9615968617,-3211,261
1621849184817,1621849184827,10,-1,33,1444.79794646408,-1,-1
1621849185017,1621849185027,10,-1,35,2395.96974577347,-1,-1
1621849185406,1621849185426,20,0,46,2673.83243555925,-1,274
1621849185436,1621849185446,10,-1,37,1983.73134059786,-1,-1
1621849185976,1621849186006,30,0,44,2182.99045571398,-991,192
1621849186336,1621849186376,40,2,77,2925.80481277908,-2480,134
1621849186546,1621849186576,30,3,166,9551.8488371945,-9203,52
1621849186596,1621849186736,140,9,455,14927.3189440827,-36385,278
1621849186756,1621849186885,129,0,1349,132482.752724868,-116629,221
1621849187055,1621849187385,330,15,298,14724.1763206228,-13414,168
1621849187635,1621849187855,220,13,781,20979.1322951381,-63521,194
1621849187865,1621849187905,40,9,391,31558.3526431291,-31992,317
1621849187925,1621849187975,50,2,148,8531.46036346403,-11854,94
1621849188015,1621849188235,220,16,1647,105055.184088734,-141881,202
1621849188265,1621849188285,20,0,36,2078.44218582546,-67,63
1621849188325,1621849188355,30,1,62,2152.632980909,-2368,2
1621849188385,1621849188405,20,0,38,1425.07981933032,-581,330
1621849188444,1621849188464,19,0,31,2104.55405887075,-89,336
1621849188524,1621849188534,10,-1,38,1226.03811004262,-1,-1
1621849188684,1621849188754,70,0,232,13404.590530955,-11720,147
1621849188814,1621849188854,40,1,111,5711.02082214934,-1,0
1621849188864,1621849188884,20,6,507,32727.1242919265,-1,142
1621849189084,1621849189504,420,17,615,40177.8862038816,-30619,355
1621849189534,1621849189844,310,4,716,43622.4933967631,-48520,12
1621849190113,1621849190153,40,3,142,8729.00798447753,-7805,64
1621849190203,1621849190213,10,-1,43,2608.87563582176,-1,-1
1621849190223,1621849190283,60,4,286,12319.682538272,-8184,334
1621849190513,1621849190533,20,1,81,3973.96312613107,-1,353
1621849190543,1621849190753,210,18,634,27358.6625732089,-40123,170
1621849190773,1621849190833,60,8,420,22114.1934314203,-32151,8
1621849191043,1621849191093,50,9,261,14354.7800440471,-8039,296
1621849191233,1621849191243,10,-1,45,3227.21995243384,-1,-1
1621849191253,1621849191263,10,-1,61,4379.15376041647,-1,-1
1621849191363,1621849191393,30,1,830,1349.42387670608,-75029,253
1621849191403,1621849191413,10,-1,39,1688.51213609288,-1,-1
1621849192002,1621849192032,30,2,134,8571.77801669355,-7491,8
1621849192212,1621849192242,30,1,91,5159.55499150677,-2889,1
1621849192262,1621849192272,10,-1,31,593.809801671907,-1,-1
1621849192462,1621849192482,20,0,47,4498.22568762495,-1119,26
1621849192782,1621849192792,10,-1,1603,-1.0,-1,-1
1621849193132,1621849193272,140,16,955,33368.438898937,-58024,240
1621849193461,1621849193471,10,-1,60,-1.0,-1,-1
1621849193841,1621849193851,10,-1,30,2796.87064687485,-1,-1
1621849194061,1621849194101,40,2,309,20966.415895376,-27480,333
1621849194121,1621849194161,40,1,46,1527.29303374277,-1,238
1621849194441,1621849194491,50,11,434,21568.5005629023,-23227,174
1621849194721,1621849194851,130,3,1351,98961.4294861651,-94890,347
1621849195040,1621849195080,40,7,292,15396.3296068428,-12213,339
1621849195100,1621849195110,10,-1,40,1126.40726046044,-1,-1
1621849195140,1621849195150,10,-1,35,1960.89964419366,-1,-1
1621849195480,1621849195510,30,1,46,2391.72520902977,-730,5
1621849195650,1621849195710,60,8,258,19674.0539898392,-3625,171
1621849195720,1621849195730,10,-1,147,12040.5465913919,-1,-1
1621849195860,1621849195940,80,17,948,68977.7198116112,-50652,201
1621849196260,1621849196360,100,15,629,11580.9265963611,-28258,192
1621849196400,1621849196430,30,1,84,5967.5622210103,-3424,308
1621849196530,1621849196560,30,1,70,3292.7864225177,-2384,34
1621849196570,1621849196580,10,-1,31,325.885836374241,-1,-1
1621849196610,1621849196620,10,-1,117,10134.7217989812,-1,-1
1621849196629,1621849196659,29,3,235,24483.3813556025,-11179,215
1621849196789,1621849196829,40,4,147,9100.36014035577,-8259,327
1621849196939,1621849196949,10,-1,41,1896.22264131043,-1,-1
1621849197089,1621849197169,80,12,1731,160103.726440817,-156297,200
1621849197459,1621849197529,70,16,396,17129.2625367461,-15203,154
1621849197669,1621849197689,20,0,68,4145.99134424924,-2885,246
1621849197719,1621849197729,10,-1,31,627.266325912207,-1,-1
1621849197889,1621849197929,40,3,117,6458.99029894843,-3956,270
1621849198259,1621849198278,19,3,465,34936.1226261331,-1,133
1621849198358,1621849198408,50,18,1042,44783.2273228431,-85645,243
1621849198778,1621849198808,30,1,135,13170.7052467784,-6591,194
1621849198848,1621849198878,30,2,102,4852.32173648567,-6556,92
1621849198998,1621849199068,70,17,438,17434.3096308051,-25656,348
1621849199238,1621849199268,30,2,94,4500.59285064893,-3430,351
1621849199508,1621849199598,90,14,339,10555.9010435452,-17505,343
1621849199638,1621849199658,20,0,60,4154.52867945294,-1547,141
1621849199838,1621849199907,69,7,395,18109.225566999,-33540,153
1621849200357,1621849200397,40,6,348,9009.09447540827,-1,208
1621849200517,1621849200597,80,3,811,47725.7497399633,-69223,132
1621849200707,1621849200747,40,11,474,38121.4856669303,-34771,14
1621849200907,1621849201067,160,4,1070,95975.8557359794,-89706,82
1621849201087,1621849201097,10,-1,56,2697.62513650278,-1,-1
1621849201187,1621849201227,40,1,46,2042.16463454701,-329,274
1621849201347,1621849201377,30,1,48,1763.91894889662,-1115,107
1621849201397,1621849201417,20,0,53,1964.93301464848,-1,113
1621849201796,1621849201836,40,1,58,2257.62146775707,-960,271
1621849201866,1621849201936,70,7,865,85981.0189799015,-36498,126
1621849201946,1621849201986,40,11,481,26223.9902340016,-554,110
1621849202056,1621849202106,50,1,260,16195.1066487342,-18318,291
1621849202116,1621849202126,10,-1,32,353.404485663977,-1,-1
1621849202156,1621849202186,30,3,154,6797.78922592502,-9784,265
1621849202196,1621849202236,40,3,187,9804.22673380397,-10042,238
1621849202256,1621849202276,20,0,47,1179.00563961274,-1,245
1621849202316,1621849202376,60,7,319,14371.1770359266,-8371,43
1621849202426,1621849202476,50,5,324,12746.84788242,-26697,212
1621849202496,1621849202526,30,5,242,17216.1349423874,-8223,32
1621849202666,1621849202866,200,8,332,15236.3041626198,-21950,217
1621849202876,1621849202926,50,0,356,28407.0146745501,-29274,0
1621849202936,1621849202966,30,1,614,55221.5002404255,-9098,150
1621849202976,1621849202986,10,-1,415,40459.045937806,-1,-1
1621849203056,1621849203096,40,6,350,27893.030220236,-19070,53
1621849203215,1621849203305,90,6,1866,60360.9855330057,-30640,277
1621849203315,1621849203365,50,3,468,27341.3276990668,-38919,28
1621849203495,1621849203505,10,-1,44,2709.7181129687,-1,-1
1621849203515,1621849203605,90,1,437,28057.1483148691,-33376,289
1621849203615,1621849203665,50,1,264,23903.8757580427,-11168,23
1621849203675,1621849203735,60,6,202,16238.6393013053,-6288,73
1621849203745,1621849203755,10,-1,66,5198.62819728375,-1,-1
1621849203845,1621849203855,10,-1,33,-1.0,-1,-1
1621849203865,1621849203885,20,0,56,2572.43643716569,-1,273
1621849203945,1621849204045,100,5,88,2725.87616673794,-3509,229
1621849204135,1621849204195,60,9,268,14719.9955433314,-12797,182
1621849204205,1621849204245,40,3,150,7378.44134543095,-7149,305
1621849204265,1621849204275,10,-1,31,2109.24999128021,-1,-1
1621849204285,1621849204325,40,4,243,17846.4855334096,-6527,35
1621849204345,1621849204465,120,20,1565,76590.7122768367,-23629,148
1621849204535,1621849204615,80,11,513,5685.95528123438,-14921,301
1621849204625,1621849204635,10,-1,35,1224.62192745134,-1,-1
1621849204645,1621849204804,159,10,656,60267.4318704556,-26793,5
1621849204814,1621849204835,21,0,31,153.466895655158,-1,33
1621849204884,1621849204904,20,4,213,20044.3084717157,-644,97
1621849204924,1621849204944,20,3,182,17116.0210782985,-1,288
1621849204964,1621849204984,20,3,183,17376.7894267178,-947,105
1621849205414,1621849205454,40,7,303,21886.7848518237,-17237,223
1621849205474,1621849205554,80,2,412,17729.9750889634,-35923,118
1621849205894,1621849206124,230,0,1571,73327.9868844075,-81079,303
1621849206214,1621849206224,10,-1,38,2597.47201224896,-1,-1
1621849206234,1621849206304,70,1,356,21178.4194261594,-27749,30
1621849206364,1621849206434,70,2,327,14747.673030119,-27433,236
1621849206493,1621849206503,10,-1,101,-1.0,-1,-1
1621849206633,1621849206733,100,2,339,10555.8469113126,-24196,228
1621849207433,1621849207513,80,0,366,12176.7061640449,-32464,86
1621849207653,1621849207683,30,3,174,9350.8479263349,-1287,42
1621849207903,1621849207953,50,3,361,11846.2137862917,-30579,220
1621849208053,1621849208152,99,0,339,21574.7990177268,-23229,72
1621849208212,1621849208312,100,5,215,10040.6180589964,-18123,36
1621849208532,1621849208572,40,4,347,17410.5174310592,-30089,229
1621849208592,1621849208942,350,12,812,41928.9262541627,-58534,245
1621849209012,1621849209052,40,4,311,-1.0,-13284,74
1621849209082,1621849209112,30,5,241,11241.2143252283,-11191,32
1621849209122,1621849209202,80,9,307,18321.1411339619,-18835,281
1621849209212,1621849209222,10,-1,140,13101.566795059,-1,-1
1621849209302,1621849209312,10,-1,120,-1.0,-1,-1
1621849209562,1621849209572,10,-1,30,1305.71651057438,-1,-1
1621849209871,1621849209881,10,-1,42,1624.32536551162,-1,-1
1621849209891,1621849209951,60,5,370,18667.1683519152,-23845,242
1621849210031,1621849210141,110,2,697,55985.8902820199,-64650,195
1621849210191,1621849210231,40,3,158,7413.73975596001,-7869,65
1621849210491,1621849210511,20,0,32,1150.87823747893,-1,246
1621849210571,1621849210621,50,5,494,23708.1203245454,-1229,237
1621849210661,1621849210671,10,-1,30,315.570243813288,-1,-1
1621849210681,1621849210791,110,2,1910,177996.268740479,-154907,98
1621849210801,1621849210851,50,4,200,11434.7657028885,-8603,63
1621849210961,1621849210971,10,-1,66,-1.0,-1,-1
1621849211091,1621849211191,100,3,373,17063.9503518439,-22287,200
1621849211211,1621849211221,10,-1,35,836.723893409004,-1,-1
1621849211261,1621849211321,60,1,440,26715.4626320235,-16536,305
1621849211351,1621849211440,89,1,458,27169.001305353,-41910,262
1621849211520,1621849211550,30,3,164,8249.82914681952,-7402,260
1621849211560,1621849211580,20,0,374,34161.1112144215,-1,61
1621849211590,1621849211600,10,-1,319,29399.3593202084,-1,-1
1621849211650,1621849211760,110,4,324,21899.2008079675,-20189,68
1621849211780,1621849211800,20,0,49,2571.20958553995,-1524,63
1621849211810,1621849211830,20,4,192,16271.2085193599,-1,260
1621849211860,1621849212000,140,1,1454,77714.0717342208,-67815,51
1621849212010,1621849212070,60,3,76,1886.3442531264,-1527,68
1621849212200,1621849212240,40,1,58,3856.37523322869,-2462,264
1621849212250,1621849212290,40,4,291,12963.6797746931,-1,5
1621849212410,1621849212620,210,9,687,43400.74257537,-24084,330
1621849212630,1621849212780,150,19,387,16686.5178800287,-17161,186
1621849212800,1621849212820,20,0,41,2539.82492852316,-1,171
1621849212830,1621849212840,10,-1,33,1430.28959429374,-1,-1
1621849212920,1621849213039,119,7,321,14827.1441627953,-15215,324
1621849213049,1621849213119,70,4,127,5781.26780426283,-2920,110
1621849213199,1621849213339,140,27,2454,7241.9706544551,-144593,220
1621849213349,1621849213469,120,5,72,2867.15625097027,-2577,222
1621849213479,1621849213689,210,17,200,16762.7021096876,-10359,269
1621849213769,1621849213789,20,3,323,15229.3705998302,-1,77
1621849213869,1621849214099,230,42,1034,20875.3245391351,-47368,176
1621849214119,1621849214169,50,3,132,6553.95782491744,-5481,291
1621849214179,1621849214219,40,5,241,13506.2637582176,-18004,277
1621849214229,1621849214249,20,9,1460,99039.4075884136,-1,23
1621849214339,1621849214429,90,10,686,20871.545897108,-27495,6
1621849214589,1621849214638,49,9,327,18015.498139597,-16933,296
1621849214649,1621849214659,10,-1,30,756.883049804448,-1,-1
1621849214678,1621849214708,30,0,40,1376.19519223085,-916,214
1621849214728,1621849214748,20,0,44,1330.66429525925,-1,236
1621849214758,1621849214858,100,8,274,13281.5097335785,-16317,217
1621849214888,1621849215208,320,16,667,22161.3169020739,-29284,280
1621849215218,1621849215248,30,7,353,32315.1524618182,-17639,308
1621849215298,1621849215308,10,-1,36,1459.50287805136,-1,-1
1621849215328,1621849215458,130,11,1544,44919.9128184006,-135266,38
1621849215628,1621849215718,90,3,217,14630.0099675618,-9976,113
1621849215728,1621849215858,130,9,289,13704.1457537528,-20576,31
1621849215888,1621849215898,10,-1,32,493.868271210675,-1,-1
1621849215938,1621849215968,30,1,58,2273.60958151445,-2843,153
1621849216138,1621849216198,60,3,75,3215.14311945066,-2339,127
1621849216218,1621849216238,20,0,41,975.921658250638,-1,111
1621849216317,1621849216337,20,0,34,1035.43928251224,-421,251
1621849216387,1621849216497,110,11,225,10188.3460332449,-13081,353
1621849216607,1621849216707,100,2,169,10103.5722449943,-9809,104
1621849216787,1621849216897,110,10,313,20347.8996423251,-21425,173
1621849216917,1621849217237,320,5,1537,135790.362415011,-129355,306
1621849217247,1621849217267,20,0,54,2393.37456152543,-1,49
1621849217307,1621849217407,100,25,1389,116892.777215878,-97395,69
1621849217437,1621849217507,70,28,982,88960.4410241576,-62997,242
1621849217847,1621849218006,159,14,1810,173769.537463793,-98116,88
1621849218106,1621849218116,10,-1,30,1359.51374993067,-1,-1
1621849218126,1621849218176,50,10,350,17837.3715728737,-19049,301
1621849218206,1621849218216,10,-1,30,703.550876643835,-1,-1
1621849218326,1621849218376,50,28,1349,60717.7360874358,-12964,143
1621849218456,1621849218536,80,4,207,2711.25320501299,-11516,302
1621849218656,1621849218666,10,-1,32,962.918863275552,-1,-1
1621849218686,1621849218966,280,28,700,34277.6366527304,-20430,59
1621849218986,1621849219046,60,18,551,23524.841912412,-22919,235
1621849219116,1621849219156,40,1,51,1175.29891854689,-1,52
1621849219166,1621849219236,70,20,556,26066.3637084922,-25392,237
1621849219246,1621849219306,60,2,50,1055.84813100719,-1116,55
1621849219336,1621849219366,30,1,66,2515.58081571969,-2490,69
1621849219506,1621849219516,10,-1,38,1410.93652720188,-1,-1
1621849219556,1621849219615,59,14,446,20969.5380287763,-23961,28
1621849219715,1621849219735,20,0,36,850.927670173984,-1,166
1621849219885,1621849219925,40,9,624,24721.7252996141,-54052,224
1621849219935,1621849219975,40,0,61,4386.38163780646,-2687,326
1621849220065,1621849220105,40,2,95,4202.46518184479,-1740,263
1621849220255,1621849220365,110,31,447,19548.3246634442,-13225,88
1621849220375,1621849220405,30,2,115,7705.14423919981,-4243,6
1621849220415,1621849220455,40,0,395,37352.5179225653,-27674,233
1621849220475,1621849220565,90,30,826,33565.2245046968,-31153,270
1621849220715,1621849220745,30,1,73,3570.61639486841,-2721,300
1621849221234,1621849221254,20,1,364,30764.1608802391,-1,351
1621849221334,1621849221554,220,9,545,22730.1255628364,-32648,208
1621849221574,1621849221644,70,3,64,2063.83366424573,-1386,151
1621849221654,1621849221674,20,0,38,505.849495429547,-1,140
1621849221704,1621849221734,30,1,81,4304.02049039421,-2623,147
1621849221904,1621849221914,10,-1,30,209.175213358191,-1,-1
1621849222214,1621849222224,10,-1,39,2464.89290431271,-1,-1
1621849222264,1621849222284,20,1,76,4893.62495761292,-1,87
1621849222334,1621849222354,20,0,84,5116.01970219609,-1,107
1621849222494,1621849222644,150,1,724,28770.2673540059,-64144,278
1621849222784,1621849222834,50,2,76,-1.0,-2555,304
1621849223033,1621849223043,10,-1,30,1008.27619955283,-1,-1
1621849223053,1621849223083,30,1,62,1964.05488301497,-2514,210
1621849223133,1621849223143,10,-1,61,4131.95220161265,-1,-1
1621849223153,1621849223183,30,14,1570,87879.6609489473,-1,23
1621849223263,1621849223333,70,3,350,15252.6397318003,-23847,259
1621849223473,1621849223543,70,0,303,16606.6798874958,-16925,251
1621849223553,1621849223593,40,3,148,7018.68926445454,-5683,6
1621849223613,1621849223623,10,-1,33,2358.95750483723,-1,-1
1621849223873,1621849223883,10,-1,45,1889.21574122343,-1,-1
1621849224003,1621849224023,20,0,37,2355.60338078544,-1,110
1621849224123,1621849224223,100,3,155,8859.37820283182,-5690,162
1621849224303,1621849224323,20,1,94,115.312429054902,-1,129
1621849225662,1621849225702,40,3,127,8121.38835075865,-4998,345
1621849226072,1621849226092,20,2,146,10631.3302021715,-1,181
1621849226102,1621849226112,10,-1,31,1270.40258246617,-1,-1
1621849226261,1621849226271,10,-1,39,-1.0,-1,-1
1621849226311,1621849226341,30,2,110,5150.93191936994,-1,268
1621849226421,1621849226471,50,7,1042,1582.07447247174,-84062,163
1621849226481,1621849226651,170,7,76,3177.79318346837,-2264,17
1621849226701,1621849226731,30,1,78,3802.42535753429,-947,3
1621849227431,1621849227661,230,25,1358,86885.3029067881,-56918,347
1621849227681,1621849227691,10,-1,30,13.9867880099477,-1,-1
1621849227711,1621849227770,59,2,51,2500.54907105744,-453,171
1621849228060,1621849228070,10,-1,34,879.198587198387,-1,-1
1621849228590,1621849228630,40,3,152,7943.29895051365,-6040,357
1621849228860,1621849228880,20,2,226,11548.6464538142,-1,52
1621849228950,1621849228980,30,6,757,-1.0,-44049,305
1621849228990,1621849229020,30,1,85,3149.95405460527,-4554,287
1621849229090,1621849229110,20,0,48,2466.98322890801,-218,339
1621849229130,1621849229150,20,1,82,5565.30851572645,-1,351
1621849229160,1621849229170,10,-1,47,3513.9286290945,-1,-1
1621849229180,1621849229190,10,-1,37,3004.81969272821,-1,-1
1621849229639,1621849229649,10,-1,39,3769.51033178126,-1,-1
1621849229779,1621849229789,10,-1,43,3033.62263141582,-1,-1
1621849229799,1621849229819,20,2,136,11101.0539061876,-1,90
1621849229909,1621849229949,40,4,236,7657.52763138095,-16096,221
1621849230179,1621849230189,10,-1,61,3690.14231865437,-1,-1
1621849230299,1621849230309,10,-1,36,-1.0,-1,-1
1621849230629,1621849230729,100,2,132,6903.28461263976,-9273,177
1621849230879,1621849230919,40,5,235,11947.6765667955,-6924,25
1621849230999,1621849231028,29,5,237,6485.66602557819,-8855,223
1621849231098,1621849231108,10,-1,34,1271.9938194521,-1,-1
1621849231128,1621849231148,20,0,38,1874.15129563339,-1,10
1621849231278,1621849231288,10,-1,31,2324.52066051173,-1,-1
1621849231388,1621849231438,50,11,1484,93898.5438386474,-897,129
1621849231558,1621849231738,180,9,667,18128.9089443951,-57596,327
1621849231758,1621849231788,30,5,279,15404.3247246603,-11915,294
1621849231808,1621849231828,20,0,53,2268.69502786204,-1,299
1621849232038,1621849232058,20,0,43,1558.01169314313,-1,327
1621849232108,1621849232118,10,-1,30,957.106675456643,-1,-1
1621849232258,1621849232368,110,33,582,19952.4036633091,-22521,98
1621849232378,1621849232388,10,-1,37,1341.47327687228,-1,-1
1621849232438,1621849232498,60,1,468,38220.4286136146,-34664,178
1621849232508,1621849232568,60,5,481,30830.98437406,-28033,320
1621849232628,1621849232757,129,1,232,14235.3500858672,-11611,208
1621849232977,1621849232997,20,0,47,3511.68527845345,-300,102
1621849233347,1621849233397,50,11,431,22448.2402492391,-18913,1
1621849233587,1621849233667,80,20,487,24922.8878577911,-19218,276
1621849233797,1621849233847,50,9,323,15167.1653688559,-14531,226
1621849233877,1621849233907,30,0,32,1629.98549362914,-221,90
1621849234007,1621849234057,50,22,965,41207.025599036,-1800,129
1621849234117,1621849234167,50,18,1839,-1.0,-99713,218
1621849234177,1621849234197,20,0,38,989.600875988346,-570,284
1621849234207,1621849234306,99,5,97,4947.01951460164,-3707,297
1621849234316,1621849234326,10,-1,173,14830.1726773376,-1,-1
1621849234466,1621849234486,20,5,475,-1.0,-19094,345
1621849234566,1621849234576,10,-1,36,-1.0,-1,-1
1621849234646,1621849234656,10,-1,40,1600.10957244183,-1,-1
1621849234786,1621849234866,80,21,509,34726.5944814416,-19557,220
1621849234876,1621849234926,50,1,55,2485.82913671226,-579,319
1621849234936,1621849234946,10,-1,116,9127.74635790522,-1,-1
1621849234956,1621849234986,30,1,117,9722.4093975317,-7438,345
1621849234996,1621849235046,50,5,196,7916.31914833681,-7965,185
1621849235056,1621849235496,440,29,579,28966.4777499243,-22433,317
1621849235566,1621849235616,50,1,181,13410.9421186386,-15106,287
1621849235646,1621849235716,70,2,300,22652.6076180158,-24933,232
1621849235816,1621849235826,10,-1,41,2403.70578229209,-1,-1
1621849235866,1621849235876,10,-1,267,25060.743484165,-1,-1
1621849235945,1621849235975,30,39,1981,-1.0,-12761,320
1621849235995,1621849236025,30,1,319,23454.7879972165,-14610,83
1621849236075,1621849236265,190,14,541,25662.8835611261,-27704,333
1621849236275,1621849236315,40,2,72,2506.740859401,-2555,120
1621849236345,1621849236455,110,7,299,21128.982215611,-14170,294
1621849236465,1621849236535,70,20,493,26717.8800003514,-20609,132
1621849236585,1621849236605,20,0,47,3274.42810815461,-801,77
1621849236685,1621849236735,50,1,51,1594.93438400415,-972,238
1621849236755,1621849236775,20,0,44,1615.63550567922,-1136,280
1621849236785,1621849236795,10,-1,30,1520.046880142,-1,-1
1621849236805,1621849236895,90,3,95,5362.07319468208,-5390,158
1621849236915,1621849236925,10,-1,32,505.194963914708,-1,-1
1621849236935,1621849236955,20,0,50,2132.12895017849,-989,122
1621849236985,1621849237205,220,6,1680,78103.9934488338,-120626,349
1621849237235,1621849237255,20,0,32,879.824182544153,-1,129
1621849237275,1621849237375,100,5,336,16952.6903357804,-487,138
1621849237555,1621849237584,29,10,917,8542.43711858489,-47457,231
1621849237594,1621849237704,110,12,184,12044.6213033187,-4944,200
1621849237724,1621849237834,110,22,598,31120.1812986235,-35687,193
1621849237854,1621849237984,130,9,235,15020.9231936894,-5812,12
1621849238114,1621849238274,160,12,388,21735.1935040684,-24454,340
1621849238284,1621849238444,160,22,533,35004.8974107315,-21247,46
1621849238454,1621849238574,120,5,461,33127.4898540727,-19181,49
1621849238594,1621849238634,40,4,604,51415.3121167198,-42333,2
1621849238644,1621849238704,60,6,439,25767.423444947,-29723,177
1621849238734,1621849238764,30,0,46,1414.18404670939,-497,263
1621849238774,1621849238864,90,5,101,3985.30364637938,-2353,277
1621849239104,1621849239134,30,2,99,5553.95530216434,-2523,22
1621849239523,1621849239553,30,1,66,3953.72890094791,-3066,355
1621849239903,1621849240023,120,15,1829,10775.3331040639,-120252,329
1621849240063,1621849240093,30,1,78,3244.19398564353,-2307,246
1621849240103,1621849240143,40,1,39,570.171166777289,-540,195
1621849240183,1621849240253,70,2,53,1865.22051939568,-458,209
1621849240343,1621849240393,50,1,44,1805.30785218341,-888,3
1621849240593,1621849240623,30,3,185,12139.7856243173,-10658,1
1621849240703,1621849240713,10,-1,34,716.105413390931,-1,-1
1621849240723,1621849240763,40,7,273,17414.7463967315,-14919,342
1621849240773,1621849240783,10,-1,53,3746.81794580869,-1,-1
1621849240843,1621849240892,49,1,51,247.033356612193,-1039,201
1621849240902,1621849240952,50,1,42,810.914781512907,-275,190
1621849240972,1621849240982,10,-1,32,566.808323749806,-1,-1
1621849241002,1621849241042,40,1,39,486.044022455095,-117,160
1621849241232,1621849241282,50,7,244,13275.680851614,-12276,148
1621849241472,1621849241532,60,16,563,23685.8488706767,-28778,2
1621849241552,1621849241632,80,3,54,1902.6328502876,-1759,168
1621849241662,1621849241722,60,2,47,556.860730190507,-1606,139
1621849241892,1621849241932,40,3,150,9220.43519175782,-7798,134
1621849242072,1621849242092,20,8,1295,84866.7778674737,-1,44
1621849242182,1621849242322,140,5,894,17282.7093813933,-75477,260
1621849242641,1621849242731,90,2,223,14576.8980905259,-8515,41
1621849242971,1621849242991,20,0,60,3119.39365771218,-1745,252
1621849243021,1621849243031,10,-1,36,1369.75652008671,-1,-1
1621849243041,1621849243061,20,0,41,1002.22719945887,-1,237
1621849243301,1621849243341,40,6,261,12300.0631093126,-10915,241
1621849243401,1621849243531,130,4,49,1573.14834934976,-1014,31
1621849243571,1621849243581,10,-1,31,513.310266915037,-1,-1
1621849244280,1621849244310,30,1,182,10307.435473288,-1,80
1621849244420,1621849244470,50,5,170,10129.5654917709,-5847,261
1621849244730,1621849244780,50,0,198,11837.054570097,-11932,339
1621849244860,1621849244870,10,-1,37,1761.4358386566,-1,-1
1621849244910,1621849244930,20,0,37,450.852085353141,-1,96
1621849244970,1621849245140,170,12,404,22741.5857845617,-22662,84
1621849245150,1621849245210,60,3,98,8286.61199192592,-5092,106
1621849245220,1621849245250,30,1,45,1545.63931611617,-1,177
1621849245430,1621849245550,120,24,641,30325.6449733134,-38690,204
1621849245560,1621849245570,10,-1,147,13720.1481705632,-1,-1
1621849245580,1621849245630,50,4,107,8034.25857370327,-1760,276
1621849245640,1621849245769,129,3,534,47661.8605848555,-24162,355
1621849245919,1621849245989,70,14,478,11698.8561180342,-32697,357
1621849245999,1621849246029,30,3,220,20258.0076827219,-7350,168
1621849246549,1621849246569,20,2,303,-1.0,-20640,317
1621849246619,1621849246639,20,0,38,528.23139103961,-1,308
1621849246649,1621849246689,40,3,407,27986.788603602,-2153,149
1621849246749,1621849246789,40,3,411,-1.0,-28745,295
1621849246829,1621849246849,20,0,54,3571.5264177367,-930,296
1621849246879,1621849246919,40,3,158,9985.32962382654,-3267,350
1621849246929,1621849246969,40,4,145,12458.1936412801,-7168,307
1621849247079,1621849247149,70,23,508,22701.2590148741,-18748,263
1621849247219,1621849247279,60,1,47,1134.32222932661,-519,175
1621849247309,1621849247349,40,1,35,867.701491636712,-535,215
1621849247379,1621849247448,69,8,1358,87964.3937297937,-2739,6
1621849247538,1621849247848,310,28,1787,19459.2649691665,-79379,352
1621849247948,1621849247978,30,0,186,14550.0180971561,-1045,86
1621849248298,1621849248318,20,7,349,6788.84836094323,-1,242
1621849248548,1621849248598,50,2,69,2422.75872979056,-1490,91
1621849248628,1621849248658,30,1,49,2240.62109779786,-1318,90
1621849248688,1621849248698,10,-1,34,906.644627942127,-1,-1
1621849248798,1621849248818,20,0,44,2556.42671897965,-300,63
1621849248968,1621849248988,20,4,573,38584.0730709429,-1,91
1621849249057,1621849249167,110,2,390,7279.30588025219,-18370,276
1621849249357,1621849249407,50,4,173,9890.47599060398,-7260,306
1621849249737,1621849249787,50,11,454,24525.738611308,-25141,63
1621849249837,1621849249847,10,-1,35,1426.43529746277,-1,-1
1621849249877,1621849249887,10,-1,30,586.941489165101,-1,-1
1621849249967,1621849249987,20,0,33,343.781040193081,-1,161
1621849250007,1621849250017,10,-1,30,325.63486491967,-1,-1
1621849250067,1621849250117,50,1,41,971.542799210414,-1065,212
1621849250157,1621849250177,20,0,63,4003.16934576705,-1,252
1621849250706,1621849250726,20,0,61,3304.96845243403,-1,254
1621849250806,1621849250816,10,-1,718,-1.0,-1,-1
1621849250906,1621849250936,30,1,41,284.191298245866,-1078,78
1621849251036,1621849251076,40,3,108,5151.27697965985,-3540,79
1621849251266,1621849251336,70,12,381,19349.535582185,-19209,175
1621849251506,1621849251536,30,7,327,22214.257318729,-7746,281
1621849251546,1621849251556,10,-1,109,8970.71504854712,-1,-1
1621849251716,1621849251756,40,6,272,12206.6827401122,-13617,46
1621849251826,1621849251906,80,27,720,6933.08032840562,-27813,208
1621849251916,1621849251926,10,-1,58,3488.07408730169,-1,-1
1621849252405,1621849252485,80,11,219,11802.3083899427,-10638,289
1621849252525,1621849252535,10,-1,34,803.696656601586,-1,-1
1621849252565,1621849252595,30,1,57,2715.2179026951,-1558,108
1621849252795,1621849252825,30,1,83,5279.40761489435,-5093,195
1621849252915,1621849253055,140,23,668,33644.0219380155,-23732,203
1621849253065,1621849253095,30,1,54,4043.87830771679,-32,292
1621849253325,1621849253415,90,30,693,12576.0390334113,-32451,116
1621849253615,1621849253685,70,1,174,8045.31178275852,-10620,193
1621849253715,1621849253765,50,10,280,15247.6112137543,-8661,276
1621849253984,1621849254034,50,16,749,1037.12573459547,-29392,306
1621849254044,1621849254224,180,15,452,26157.2150829464,-3468,199
1621849254534,1621849254644,110,5,227,8748.30050302451,-11813,185
1621849254724,1621849254744,20,4,381,20072.5527564433,-1,60
1621849254814,1621849255114,300,7,934,5478.845264435,-39863,266
1621849255164,1621849255304,140,9,140,4985.0828539299,-6615,98
1621849255324,1621849255354,30,1,53,2160.56317964506,-2153,106
1621849255454,1621849255464,10,-1,35,767.905400955493,-1,-1
1621849255474,1621849255514,40,1,60,2964.17223171417,-2121,260
1621849255534,1621849255544,10,-1,33,516.195640158663,-1,-1
1621849255953,1621849255993,40,3,148,8972.53190733249,-7932,93
1621849256403,1621849256443,40,13,1781,117042.080622462,-1,26
1621849256553,1621849256683,130,6,301,22225.4273150545,-15083,243
1621849257093,1621849257133,40,1,71,4009.85424418719,-2937,283
1621849257312,1621849257322,10,-1,31,-1.0,-1,-1
1621849257402,1621849257452,50,1,42,1024.47288394428,-211,354
1621849257462,1621849257472,10,-1,549,54223.7768660549,-1,-1
1621849257742,1621849257862,120,4,239,15249.6882623791,-15759,2
1621849257892,1621849257952,60,7,198,7617.17488905016,-11024,344
1621849258022,1621849258042,20,0,35,2479.00964706418,-1,124
1621849258302,1621849258312,10,-1,38,-1.0,-1,-1
1621849258812,1621849258822,10,-1,92,-1.0,-1,-1
1621849259051,1621849259081,30,2,185,7627.14332936153,-1,55
1621849259161,1621849259301,140,11,465,11641.1519901675,-33617,310
1621849259311,1621849259431,120,7,403,31715.1249324363,-26118,208
1621849259441,1621849259471,30,2,93,6986.54238740707,-5949,27
1621849259481,1621849259781,300,16,275,16762.8497487045,-3257,180
1621849259891,1621849259921,30,6,438,-1.0,-20993,267
1621849259941,1621849260101,160,7,64,2765.93283132638,-2054,106
1621849260111,1621849260161,50,7,268,16273.0870492557,-12581,235
1621849260241,1621849260251,10,-1,50,2117.71870151398,-1,-1
1621849260311,1621849260341,30,1,60,-1.0,-1439,75
1621849260361,1621849260371,10,-1,30,1301.48395879347,-1,-1
1621849260381,1621849260431,50,2,182,11342.1206562783,-6168,218
1621849260580,1621849260590,10,-1,41,1576.81433844295,-1,-1
1621849260630,1621849260640,10,-1,36,852.809630762047,-1,-1
1621849260650,1621849260690,40,3,391,19228.8459248823,-4774,133
1621849260750,1621849260810,60,15,1206,9768.41458445322,-50346,244
1621849260890,1621849260980,90,27,538,28459.2450982044,-22858,74
1621849261020,1621849261110,90,1,482,17036.7632478692,-36251,268
1621849261150,1621849261160,10,-1,39,2257.9452693143,-1,-1
1621849261600,1621849261620,20,0,67,3765.02896091144,-2374,262
1621849261630,1621849261650,20,0,59,3484.40188891279,-1737,254
1621849263089,1621849263109,20,1,136,8296.34788748538,-1,65
1621849263209,1621849263239,30,2,219,-1.0,-11606,270
1621849264118,1621849264158,40,9,362,18993.7946782123,-7932,250
1621849264228,1621849264408,180,25,1312,101529.427310758,-102629,258
1621849264418,1621849264458,40,5,251,13963.28464215,-10743,25
1621849264478,1621849264568,90,6,262,15547.2419805159,-19975,182
1621849264678,1621849264728,50,2,246,22522.9134835527,-15726,40
1621849264738,1621849264928,190,3,308,22258.1653263101,-20834,301
1621849264998,1621849265088,90,17,644,2572.96702249296,-20482,171
1621849265098,1621849265118,20,0,60,3281.06787912617,-2749,329
1621849265138,1621849265198,60,3,66,2182.64577521657,-1307,8
1621849265268,1621849265567,299,21,138,5591.23893286018,-6064,14
1621849265737,1621849265747,10,-1,30,804.545783543545,-1,-1
1621849265847,1621849265857,10,-1,32,1183.17682230563,-1,-1
1621849266197,1621849266217,20,1,179,11069.7746308039,-1,67
1621849266307,1621849266337,30,0,39,263.951998997869,0,320
1621849266447,1621849266457,10,-1,38,1907.40814368191,-1,-1
1621849266847,1621849266877,30,1,91,6187.78975784417,-5696,73
1621849267027,1621849267066,39,4,218,14026.982267702,-12435,168
1621849267256,1621849267306,50,7,241,14968.7319276807,-11372,265
1621849267426,1621849267436,10,-1,65,3990.07023242972,-1,-1
1621849267516,1621849267586,70,13,1551,1913.30792679832,-99025,216
1621849267776,1621849267826,50,7,254,14401.9669831644,-7499,319
1621849268046,1621849268096,50,8,298,14109.3749951159,-16786,124
1621849268266,1621849268276,10,-1,31,1284.47318902422,-1,-1
1621849268286,1621849268296,10,-1,39,3664.36483155967,-1,-1
1621849268386,1621849268446,60,20,1134,-1.0,-45295,340
1621849268496,1621849268516,20,0,47,2388.3257535607,-892,221
1621849268626,1621849268646,20,0,40,1140.93508915624,-729,296
1621849269045,1621849269125,80,14,444,20997.8723485514,-21003,210
1621849269145,1621849269155,10,-1,33,2864.75014634334,-1,-1
1621849269295,1621849269365,70,12,351,14755.3987826835,-14364,34
1621849269455,1621849269475,20,1,217,14150.6213436393,-1,67
1621849269555,1621849269635,80,7,988,3312.19028997884,-73895,248
1621849269805,1621849269855,50,8,298,15054.0774557907,-13446,321
1621849270225,1621849270245,20,0,40,1607.88864384174,-488,186
1621849270394,1621849270454,60,7,308,14750.2737510912,-12378,144
1621849270594,1621849270624,30,10,1499,99752.0338333938,-1,26
1621849270704,1621849270794,90,39,1663,20274.338894782,-73220,210
1621849270804,1621849270824,20,0,52,1681.75275278071,-1,228
1621849271114,1621849271154,40,1,84,5926.28249958282,-3998,128
1621849271504,1621849271544,40,3,136,6490.21045358168,-7478,259
1621849271664,1621849271834,170,6,590,32428.5852954503,-27060,266
1621849271894,1621849271963,69,3,252,17482.5001403841,-11215,244
1621849271973,1621849272003,30,3,161,11158.8361687753,-13078,222
1621849272033,1621849272193,160,4,694,43882.0037610378,-29611,340
1621849272223,1621849272283,60,4,210,14570.7802549784,-12793,232
1621849272323,1621849272353,30,1,76,5336.6031717867,-1754,195
1621849272383,1621849272403,20,2,236,14677.3754746516,-1,347
1621849272603,1621849272623,20,4,366,18230.1182111767,-1,56
1621849272633,1621849272663,30,6,443,32643.8060645485,-8017,57
1621849272683,1621849272773,90,14,731,38947.3831037936,-49937,17
1621849272863,1621849272873,10,-1,43,1627.85623061408,-1,-1
1621849272983,1621849273003,20,0,42,1205.20425696405,-1,225
1621849273013,1621849273023,10,-1,85,7313.25273431979,-1,-1
1621849273223,1621849273413,190,9,389,23448.4067130846,-12111,97
1621849273832,1621849274042,210,17,546,22460.5163406946,-20060,286
1621849274052,1621849274062,10,-1,30,594.553250322297,-1,-1
1621849274132,1621849274192,60,13,475,28081.0089047299,-21992,359
1621849274232,1621849274242,10,-1,37,1411.67322884662,-1,-1
1621849274352,1621849274372,20,0,30,619.89149166781,-11,231
1621849274432,1621849274472,40,2,82,3475.60727022853,-3942,142
1621849274572,1621849274652,80,11,347,26660.2847997781,-22490,153
1621849274802,1621849274842,40,2,105,6415.7549517117,-5332,305
1621849275172,1621849275221,49,9,361,22783.1379606461,-17182,326
1621849275401,1621849275421,20,7,1491,113172.541516949,-1,29
1621849275531,1621849275561,30,4,593,-1.0,-38550,25
1621849275571,1621849275661,90,5,130,4754.89731184029,-6412,217
1621849275681,1621849275711,30,1,69,2413.87821224375,-2706,192
1621849275731,1621849275811,80,25,644,35583.2864922002,-17962,94
1621849275821,1621849275851,30,2,124,7764.48182011608,-1,124
1621849275921,1621849275981,60,2,54,1727.20840522307,-792,148
1621849280868,1621849281318,450,19,790,20881.6448681927,-26452,302
1621849281398,1621849281428,30,29,2388,135273.165915531,-1,19
1621849281498,1621849281548,50,9,882,-1.0,-52549,227
1621849281588,1621849281598,10,-1,47,2203.44701004307,-1,-1
1621849282087,1621849282107,20,0,60,3924.9606384083,-1103,109
1621849282517,1621849282567,50,8,318,18398.5493940201,-17639,324
1621849282827,1621849282857,30,9,1317,84840.6861757893,-1,24
1621849282957,1621849283017,60,10,1012,1294.08130839347,-64965,254
1621849283117,1621849283187,70,6,218,16606.7223473717,-13445,127
1621849283207,1621849283317,110,3,64,4266.25114967407,-3367,355
1621849283397,1621849283576,179,13,251,12392.0151454203,-9817,182
1621849283586,1621849283606,20,1,138,5968.14571624392,-1,96
1621849283696,1621849283776,80,38,791,10152.492626629,-19358,328
1621849283816,1621849283856,40,1,37,1312.84295164218,-346,171
1621849283886,1621849284046,160,4,777,56497.3243860516,-27210,288
1621849284056,1621849284206,150,8,512,41913.7693746839,-23710,220
1621849284216,1621849284256,40,5,413,26360.2869303148,-16830,81
1621849284316,1621849284466,150,10,440,27556.4809882313,-11293,144
1621849284616,1621849284626,10,-1,189,-1.0,-1,-1
1621849284706,1621849284786,80,0,335,10851.0231403301,-27837,75
1621849284826,1621849284836,10,-1,39,1523.71372003366,-1,-1
1621849285015,1621849285055,40,2,141,10640.0646157866,-5856,49
1621849285135,1621849285185,50,13,1359,83363.3246317185,-1,122
1621849285255,1621849285335,80,11,513,1813.84841412752,-17468,231
1621849285365,1621849285385,20,0,61,3859.1692886857,-1762,183
1621849285415,1621849285425,10,-1,31,1750.40373942127,-1,-1
1621849285445,1621849285505,60,1,277,21901.2566924136,-49,120
1621849285605,1621849285955,350,13,705,38243.7364877152,-49007,241
1621849285965,1621849286035,70,3,57,1122.84635033245,-1269,180
1621849286065,1621849286075,10,-1,32,1089.95202283592,-1,-1
1621849286085,1621849286105,20,0,81,4583.39887993992,-1,77
1621849286215,1621849286245,30,7,687,-1.0,-33191,108
1621849286255,1621849286395,140,7,375,30986.5914858413,-17937,279
1621849286425,1621849286505,80,3,462,36458.2917089341,-35884,284
1621849286575,1621849286625,50,2,89,5392.84724719747,-3818,304
1621849286724,1621849286734,10,-1,30,1792.41440359943,-1,-1
1621849287044,1621849287054,10,-1,41,2751.81315723838,-1,-1
1621849287134,1621849287204,70,2,68,2876.16224471122,-1597,310
1621849287554,1621849287584,30,1,94,5538.53176737576,-5614,225
1621849287804,1621849287834,30,1,82,5314.00198532514,-4220,48
1621849288204,1621849288224,20,11,1595,102049.202335845,-1,27
1621849288303,1621849288353,50,11,729,4344.43821944752,-59058,213
1621849288513,1621849288553,40,4,217,16351.7775560668,-15119,254
1621849288583,1621849288623,40,5,222,15397.0356143443,-15355,72
1621849288713,1621849288803,90,4,329,20651.3007371551,-20158,259
1621849288843,1621849288883,40,4,212,13558.0417118732,-14689,72
1621849288903,1621849288923,20,0,38,3104.70786984492,-1,286
1621849289693,1621849289723,30,2,253,-1.0,-13559,247
1621849289743,1621849289753,10,-1,32,482.444219359691,-1,-1
1621849289863,1621849289893,30,2,135,7026.02330540131,-6679,57
1621849289962,1621849289972,10,-1,31,1827.60201857775,-1,-1
1621849290512,1621849290542,30,5,332,21268.6363210728,-1,255
1621849290662,1621849290782,120,3,464,33771.6728208778,-26727,42
1621849290802,1621849290832,30,1,51,2611.43072707398,-1985,81
1621849290852,1621849290892,40,3,158,8012.11382902585,-9202,340
1621849290942,1621849290952,10,-1,38,1199.74843044134,-1,-1
1621849290962,1621849290982,20,0,38,696.390422021964,-1,122
1621849291002,1621849291022,20,0,81,2848.42649779021,-1,137
1621849291082,1621849291092,10,-1,30,-1.0,-1,-1
1621849291332,1621849291352,20,0,36,666.784005699707,-180,159
1621849291482,1621849291571,89,13,419,19446.2537991189,-11513,17
1621849291591,1621849291601,10,-1,35,771.879669077854,-1,-1
1621849291791,1621849291891,100,19,774,1211.98084882616,-25161,325
1621849292061,1621849292081,20,2,258,16144.0698880385,-1,106
1621849292281,1621849292321,40,2,223,2564.59323742425,-13135,63
1621849295369,1621849295409,40,15,641,7427.32111368714,-38708,302
1621849295599,1621849295679,80,11,324,23567.9824409571,-20970,176
1621849295699,1621849295769,70,4,162,7167.44156113669,-1160,18
1621849301845,1621849301895,50,3,116,2411.54176338399,-1031,345
1621849302065,1621849302115,50,12,754,-1.0,-42804,36
1621849302245,1621849302365,120,12,1262,68000.0619227763,-79488,26
1621849302545,1621849302585,40,6,440,21757.7980602146,-725,276
1621849302785,1621849302835,50,1,190,8354.10280292499,-11680,112
1621849302875,1621849302925,50,3,115,5239.26708503179,-4767,129
1621849302935,1621849302975,40,1,37,1100.93688627775,-25,90
1621849302995,1621849303024,29,2,112,9935.93836670704,-7038,270
1621849303034,1621849303184,150,36,2510,135884.469226857,-22965,31
1621849303264,1621849303494,230,24,377,13487.9332531214,-30203,213
1621849303944,1621849304234,290,19,567,31259.4643102442,-35585,162
1621849304264,1621849304404,140,16,2215,162803.299371023,-2094,23
1621849304504,1621849304534,30,4,863,-1.0,-64136,228
1621849304544,1621849304584,40,2,93,3014.75595361554,-4743,299
1621849304594,1621849304653,59,1,326,26293.1564437862,-21070,348
1621849304663,1621849304703,40,1,68,3615.41483618207,-1517,345
1621849304863,1621849304903,40,3,158,7103.60164784029,-6853,118
1621849304943,1621849304993,50,0,945,91506.3186759955,-38698,343
1621849305013,1621849305043,30,1,69,3355.99916794053,-3098,265
1621849305093,1621849305143,50,7,251,10151.1028241252,-14130,345
1621849305273,1621849305283,10,-1,30,1085.9339374992,-1,-1
1621849305713,1621849305733,20,1,253,17835.3434276486,-1,90
1621849305823,1621849305833,10,-1,65,-1.0,-1,-1
1621849305843,1621849305913,70,5,136,5536.55552945249,-3508,265
1621849306392,1621849306432,40,4,187,10332.5457539571,-9902,163
1621849306572,1621849306602,30,0,38,1383.40468771871,-511,233
1621849306612,1621849306632,20,2,311,17030.7091836651,-1,42
1621849307182,1621849307232,50,7,425,17733.2716629477,-11901,39
1621849307252,1621849307292,40,0,53,4319.90707997406,-1278,129
1621849307312,1621849307332,20,0,42,2391.65836179795,-760,14
1621849307772,1621849307882,110,3,185,5617.57479407285,-4806,258
1621849307892,1621849308081,189,25,549,28228.1001129732,-23878,289
1621849308101,1621849308111,10,-1,31,1716.62027087932,-1,-1
1621849308281,1621849308311,30,1,72,2915.75403778066,-3390,123
1621849308341,1621849308351,10,-1,44,1498.4997044793,-1,-1
1621849308511,1621849308521,10,-1,120,-1.0,-1,-1
1621849308631,1621849308681,50,3,128,1868.73681724414,-5130,266
1621849308711,1621849308721,10,-1,43,2512.24392228984,-1,-1
1621849308881,1621849308931,50,10,368,21829.2180976381,-25294,161
1621849308961,1621849309021,60,3,346,25164.7561957681,-15014,27
1621849309151,1621849309191,40,4,189,10304.5448770002,-8088,139
1621849309391,1621849309461,70,0,285,19530.7073834735,-17032,123
1621849309520,1621849309630,109,4,54,869.503084819555,-900,89
1621849309660,1621849309720,60,4,512,23768.9211625755,-32448,194
1621849309790,1621849309990,200,9,386,30589.292113169,-18793,316
1621849310050,1621849310090,40,2,180,13843.8627366858,-10097,153
1621849310230,1621849310250,20,0,50,3786.0624457848,-731,233
1621849310340,1621849310410,70,1,377,26014.0786171265,-20872,114
1621849310620,1621849310650,30,8,381,25900.9353920875,-11054,313
1621849310660,1621849310720,60,5,343,17417.32508614,-18204,100
1621849310760,1621849310790,30,3,170,9988.45961700821,-8677,150
1621849310800,1621849310850,50,1,40,787.999009910283,-491,88
1621849310890,1621849310950,60,6,230,14960.7882266396,-13887,197
1621849310990,1621849311000,10,-1,31,734.919465361312,-1,-1
1621849311030,1621849311090,60,4,121,3727.53585734454,-5555,237
1621849311110,1621849311140,30,1,52,1940.49697578945,-2109,287
1621849311259,1621849311319,60,7,275,12452.4457263799,-14390,11
1621849311329,1621849311339,10,-1,36,2762.75526298752,-1,-1
1621849311399,1621849311409,10,-1,52,-1.0,-1,-1
1621849311539,1621849311589,50,2,81,2320.10045791342,-4021,298
1621849311649,1621849311729,80,2,35,1264.45035135994,-215,56
1621849311879,1621849311919,40,2,94,5707.25506156126,-267,348
1621849311929,1621849311939,10,-1,30,1895.42211526076,-1,-1
1621849312029,1621849312049,20,9,1595,113247.401382653,-1,19
1621849312139,1621849312199,60,6,786,13259.4721304863,-53851,233
1621849312279,1621849312299,20,0,71,7113.72895786426,-1579,289
1621849312369,1621849312379,10,-1,30,1366.8693590514,-1,-1
1621849312389,1621849312399,10,-1,30,1574.98706503023,-1,-1
1621849313138,1621849313168,30,3,184,9147.27315903895,-7066,112
1621849313318,1621849313328,10,-1,40,1607.21549773461,-1,-1
1621849313418,1621849313488,70,10,1322,998.059987950975,-100395,221
1621849313768,1621849313818,50,5,209,14410.2138998397,-11961,162
1621849313938,1621849313978,40,5,202,10174.1788225837,-10348,293
1621849313988,1621849313998,10,-1,42,1294.8312997539,-1,-1
1621849314368,1621849314388,20,0,46,2986.9894160014,-1,158
1621849314507,1621849314527,20,1,192,10792.303834822,-1,91
1621849314597,1621849314677,80,13,1134,359.568910706581,-65597,224
1621849315117,1621849315147,30,2,104,5087.97925564447,-4717,180
1621849315847,1621849315867,20,5,1303,104834.288861003,-1,36
1621849315987,1621849316047,60,3,224,3240.73966285481,-14635,270
1621849316066,1621849316086,19,0,34,815.562934876298,-434,231
1621849316126,1621849316136,10,-1,30,342.763936240236,-1,-1
1621849316436,1621849316476,40,6,254,14420.6371491,-11614,4
1621849316666,1621849316706,40,7,313,16496.8867942458,-14233,20
1621849316756,1621849316766,10,-1,32,410.216068735468,-1,-1
1621849316836,1621849316886,50,14,530,28719.1764812512,-24371,191
1621849317226,1621849317266,40,3,171,8556.75690646742,-8667,296
1621849317366,1621849317426,60,2,50,1576.70644518472,-1624,64
1621849317526,1621849317546,20,0,38,1256.81272452044,-208,135
1621849317705,1621849317795,90,26,553,22421.7700497241,-19021,272
1621849317805,1621849317855,50,3,87,3142.94718826332,-3925,93
1621849317875,1621849318205,330,10,424,28879.7072924557,-23069,72
1621849318325,1621849318785,460,15,459,27908.9021147628,-24787,200
1621849318795,1621849318815,20,0,36,1619.19645427298,-1,249
1621849318845,1621849318885,40,10,1546,102303.114519314,-476,40
1621849318975,1621849319085,110,2,490,23899.1935538985,-42688,26
1621849319095,1621849319105,10,-1,45,1670.0714583155,-1,-1
1621849319165,1621849319344,179,13,113,4242.76269924093,-3680,274
1621849319374,1621849319414,40,2,142,6619.64451835354,-3920,176
1621849319444,1621849319464,20,0,48,2751.38991604252,-1231,75
1621849319474,1621849319484,10,-1,31,1330.18869655369,-1,-1
1621849319574,1621849319634,60,17,538,22313.005745189,-25222,302
1621849319644,1621849319664,20,0,43,2498.26729560468,-883,130
1621849319984,1621849320004,20,0,32,629.70894312749,-143,141
1621849320394,1621849320464,70,32,1287,14748.9025417113,-56480,340
1621849320624,1621849320644,20,0,62,4464.97342934027,-1460,259
1621849320674,1621849320694,20,0,35,1136.27278884533,-370,270
1621849320764,1621849320814,50,1,46,2083.14946124309,-1026,83
1621849320914,1621849320934,20,0,63,2979.74878912546,-1,291
1621849320944,1621849320954,10,-1,126,10235.2488532685,-1,-1
1621849321053,1621849321113,60,12,743,-1.0,-32679,239
1621849321143,1621849321193,50,2,70,2593.4541468099,-2542,278
1621849321563,1621849321593,30,1,63,2378.35555796926,-2065,101
1621849321653,1621849321683,30,3,158,9922.176611503,-8755,218
1621849321753,1621849321773,20,0,47,2082.2125613739,-507,78
1621849321833,1621849321843,10,-1,32,730.660930118664,-1,-1
1621849321923,1621849321973,50,3,148,10503.0159758984,-10036,163
1621849321983,1621849322083,100,11,938,58294.0325058301,-3337,32
1621849322173,1621849322183,10,-1,192,-1.0,-1,-1
1621849322193,1621849322223,30,3,213,19169.5481507188,-6123,209
1621849322233,1621849322383,150,3,284,17888.4606246209,-12123,4
1621849322513,1621849322672,159,8,471,9576.8638648121,-37544,284
1621849322732,1621849322962,230,4,507,38664.7789038739,-37190,76
1621849322982,1621849323022,40,1,105,5475.27245784794,-1758,313
1621849323292,1621849323302,10,-1,41,2147.21675461622,-1,-1
1621849323362,1621849323412,50,7,239,10204.0370205976,-11590,175
1621849323502,1621849323522,20,0,78,4941.03220964402,-3488,248
1621849323552,1621849323592,40,1,53,1682.59265976203,-273,291
1621849323602,1621849323612,10,-1,50,2796.3949165184,-1,-1
1621849323712,1621849323792,80,8,777,10368.7925839511,-60581,309
1621849323922,1621849323932,10,-1,30,1712.20405014202,-1,-1
1621849324042,1621849324092,50,8,307,11883.1817531024,-16603,50
1621849324481,1621849324521,40,3,124,8133.30823456085,-8381,357
1621849324711,1621849324721,10,-1,59,3167.35954203006,-1,-1
1621849324891,1621849324911,20,0,214,-1.0,-18426,225
1621849324931,1621849324981,50,1,50,1217.10764934921,-9,200
1621849325001,1621849325021,20,0,34,2159.91455718514,-1,237
1621849325131,1621849325351,220,19,579,27507.6727141713,-40906,304
1621849325361,1621849325391,30,3,164,12842.5079557735,-7579,354
1621849325401,1621849325661,260,12,97,3799.93777725346,-2279,146
1621849325671,1621849325721,50,4,164,6640.51193104834,-8198,140
1621849325880,1621849325900,19,0,35,1106.07305265012,-179,164
1621849325910,1621849326140,230,12,1979,136979.445650126,-10686,27
1621849326340,1621849326400,60,6,741,49741.9702615793,-30222,207
1621849326460,1621849326610,150,10,193,6346.04608080098,-4758,170
1621849326650,1621849326710,60,6,262,15057.0800757351,-13468,153
1621849326970,1621849327010,40,1,45,1955.63551477706,-1,295
1621849327220,1621849327250,30,1,56,1870.75027871067,-1773,59
1621849327270,1621849327340,70,2,58,2237.85195467792,-1605,64
1621849327430,1621849327470,40,0,67,4389.20157899517,-2066,32
1621849327759,1621849327789,30,2,143,6714.06641134667,-96,98
1621849327889,1621849327969,80,6,140,2230.48001076029,-2915,264
1621849327979,1621849328049,70,3,413,25580.5690220609,-19690,262
1621849328069,1621849328109,40,1,52,1705.68538892672,-1314,331
1621849328219,1621849328289,70,12,409,26060.3376466243,-16247,176
1621849328539,1621849328589,50,10,374,19866.943080257,-14642,105
1621849328759,1621849328769,10,-1,32,553.128406001876,-1,-1
1621849328909,1621849328959,50,5,296,-1.0,-9497,249
1621849328969,1621849329069,100,8,309,23436.5967794794,-13823,331
1621849329079,1621849329089,10,-1,43,2846.97415863566,-1,-1
1621849329099,1621849329128,29,0,38,513.227375564299,-59,326
1621849329138,1621849329168,29,2,385,29716.0701701148,-1,186
1621849329228,1621849329298,70,4,163,810.631874832075,-6528,306
1621849329358,1621849329438,80,3,47,1139.73350431669,-619,353
1621849329458,1621849329468,10,-1,31,696.999309986278,-1,-1
1621849329478,1621849329508,30,2,130,6309.88362433032,-3927,205
1621849329518,1621849329538,20,0,33,542.128228477685,0,68
1621849329558,1621849329618,60,2,49,2283.51887950849,-1147,62
1621849329638,1621849329648,10,-1,120,9332.2383968242,-1,-1
1621849329798,1621849330278,480,15,1254,36286.9174498681,-62351,75
1621849330368,1621849330448,80,8,201,11132.6791505055,-10628,260
1621849330458,1621849330688,230,12,561,47695.2082506893,-36980,209
1621849330708,1621849330807,99,5,409,27191.206426701,-20088,352
1621849330847,1621849330927,80,33,897,42481.8169072469,-65289,290
1621849330937,1621849331087,150,8,98,4616.84693850437,-2901,86
1621849331127,1621849331167,40,2,112,6218.32336330132,-6135,144
1621849331507,1621849331527,20,1,74,4715.075078718,-1,106
1621849331667,1621849331687,20,0,421,38507.8065310595,-1,340
1621849331747,1621849331767,20,0,58,-1.0,-2428,319
1621849331857,1621849331867,10,-1,31,890.728451969728,-1,-1
1621849331877,1621849332007,130,7,101,1904.40994590718,-1455,166
1621849332017,1621849332047,30,6,367,15490.957922245,-1,0
1621849332237,1621849332287,50,4,476,31766.4584533376,-10630,63
1621849332347,1621849332377,30,1,119,-1.0,-5296,214
1621849332406,1621849332426,20,1,107,5696.95938037542,-1,7
1621849332546,1621849332746,200,4,842,13438.5562069913,-47933,330
1621849332776,1621849333166,390,16,688,35661.6064531454,-51333,257
1621849333176,1621849333206,30,3,222,19501.8843788564,-10943,269
1621849333236,1621849333436,200,11,404,20767.8691529801,-10405,28
1621849333596,1621849333646,50,5,353,25964.3512433286,-12691,226
1621849333656,1621849333786,130,12,286,18348.9514769698,-12781,172
1621849333876,1621849333966,90,23,455,17997.0458047217,-12239,97
1621849333976,1621849334175,199,13,147,12089.6590499097,-7086,272
1621849334225,1621849334235,10,-1,30,1284.6414738911,-1,-1
1621849334295,1621849334345,50,5,202,11543.9206550387,-10899,73
1621849334355,1621849334375,20,0,54,4429.98196654843,-1061,278
1621849334395,1621849334455,60,3,88,3189.96028292837,-2764,276
1621849334475,1621849334485,10,-1,34,1090.01675765344,-1,-1
1621849334525,1621849334615,90,2,239,12173.9888371048,-5300,42
1621849334625,1621849334635,10,-1,637,61032.3250940009,-1,-1
1621849334755,1621849334965,210,4,2040,144801.583217178,-163539,309
1621849334985,1621849335045,60,2,277,25182.2032839486,-20473,344
1621849335065,1621849335155,90,3,435,25900.32804871,-20350,351
1621849335285,1621849335415,130,5,294,12303.9513173299,-18053,309
1621849335455,1621849335535,80,3,79,3412.26671976461,-2573,276
1621849335595,1621849335635,40,6,308,20607.004359581,-19425,331
1621849335754,1621849335814,60,28,827,29457.0843060991,-56714,286
1621849335844,1621849336014,170,14,612,54171.2647711251,-23337,159
1621849336194,1621849336434,240,15,655,42457.0393833466,-38303,168
1621849336504,1621849336554,50,11,641,-1.0,-20169,235
1621849336564,1621849336854,290,2,434,28893.5328112093,-29822,125
1621849336864,1621849336914,50,2,75,4623.2277648198,-1562,87
1621849336984,1621849337074,90,4,86,3331.00557619803,-2989,301
1621849337084,1621849337094,10,-1,31,224.030015169346,-1,-1
1621849337154,1621849337204,50,1,33,554.85690982345,-8,54
1621849337214,1621849337244,30,1,72,3274.78002147694,-2193,286
1621849337393,1621849337413,20,0,45,3014.44582073637,-930,66
1621849337423,1621849337443,20,1,196,15028.1689354714,-1,87
1621849337543,1621849337553,10,-1,114,-1.0,-1,-1
1621849337563,1621849337603,40,2,107,7446.41804161056,-3578,266
1621849337713,1621849337733,20,0,44,2062.5975886855,-1288,270
1621849338193,1621849338223,30,1,94,5228.51710422373,-3438,145
1621849338353,1621849338363,10,-1,33,2301.6204294187,-1,-1
1621849338473,1621849338513,40,2,147,3.65608683062248,-6309,272
1621849338593,1621849338693,100,0,488,38783.6487041039,-42058,114
1621849338923,1621849338952,29,2,111,7607.15803008289,-7041,2
1621849339342,1621849339402,60,8,265,14869.6368122807,-11945,275
1621849339492,1621849339512,20,2,250,13323.7083307528,-1,95
1621849339612,1621849339702,90,6,164,1082.35981600755,-6812,262
1621849339812,1621849339882,70,13,337,14381.0329583611,-15267,96
1621849340102,1621849340142,40,5,221,12916.0137458832,-10106,97
1621849340432,1621849340462,30,2,104,6321.55124468134,-5718,348
1621849340771,1621849340801,30,2,129,8741.37562388086,-8021,169
1621849340911,1621849340921,10,-1,30,1462.47108966293,-1,-1
1621849340931,1621849340941,10,-1,600,57518.426952903,-1,-1
1621849341051,1621849341101,50,6,404,-1.0,-17788,274
1621849341201,1621849341291,90,1,307,22947.8508683845,-20325,79
1621849341401,1621849341431,30,4,216,10406.81261661,-6497,102
1621849341441,1621849341451,10,-1,33,827.284238717666,-1,-1
1621849341961,1621849342011,50,8,290,17933.5650198601,-16044,307
1621849342610,1621849342630,20,3,440,27666.5878284729,-1,111
1621849342740,1621849342840,100,6,294,21220.214882955,-17687,281
1621849342940,1621849343000,60,13,416,16864.5266109699,-25326,193
1621849343120,1621849343210,90,2,57,1086.68249889349,-2065,15
1621849343270,1621849343430,160,8,71,2322.64194037712,-1772,9
1621849343440,1621849343580,140,29,570,15817.5390202715,-30663,283
1621849343590,1621849343720,130,12,347,18395.011185834,-18746,190
1621849343730,1621849343760,30,1,90,4122.85232203356,-17,262
1621849343780,1621849343809,29,0,40,1050.60981690461,-1,90
1621849343830,1621849343840,10,-1,32,581.187915523393,-1,-1
1621849343859,1621849343939,80,17,1256,48812.4130488278,-610,132
1621849344069,1621849344319,250,23,903,82765.0306224311,-78757,39
1621849344339,1621849344529,190,6,201,15284.7666636494,-14334,140
1621849344549,1621849344779,230,15,259,20567.6159485765,-12354,260
1621849344819,1621849344859,40,4,134,5443.74314988736,-4908,184
1621849344879,1621849344889,10,-1,34,1745.02897374589,-1,-1
1621849344919,1621849345059,140,19,468,18940.6310362608,-21923,355
1621849345079,1621849345109,30,0,33,375.217901940392,-23,38
1621849345239,1621849345269,30,1,72,3057.23896367229,-2352,225
1621849345329,1621849345399,70,5,186,7471.02443798478,-9167,201
1621849345538,1621849345598,60,1,39,535.219488033617,-537,145
1621849345608,1621849345618,10,-1,30,701.280586215678,-1,-1
1621849345628,1621849345678,50,7,293,13836.5209972506,-13627,322
1621849345908,1621849345948,40,2,76,3366.423757442,-3092,138
1621849345958,1621849346098,140,1,277,17219.6003077244,-10380,43
1621849346288,1621849346588,300,13,618,8114.01028940545,-26004,225
1621849346598,1621849346628,30,0,43,1002.83628845058,-1001,183
1621849346658,1621849346688,30,0,42,2940.87729387122,-1206,197
1621849346718,1621849346728,10,-1,32,349.141079809543,-1,-1
1621849346808,1621849346818,10,-1,31,676.665969222609,-1,-1
1621849346848,1621849346858,10,-1,30,995.588243001654,-1,-1
1621849346898,1621849346918,20,0,33,518.071640925529,-1,231
1621849347018,1621849347038,20,0,112,7618.66588135136,-1,75
1621849347097,1621849347108,10,-1,56,-1.0,-1,-1
1621849347147,1621849347187,40,2,102,5343.2152700433,-5483,199
1621849347557,1621849347587,30,2,125,8477.27883234643,-7172,199
1621849347797,1621849347837,40,3,124,6973.11513296042,-7141,163
1621849348027,1621849348047,20,1,140,7739.88411530479,-1,80
1621849348147,1621849348177,30,0,139,3343.84626597385,-9205,317
1621849348187,1621849348367,180,10,109,6300.27856056809,-2874,276
1621849348547,1621849348557,10,-1,36,707.55500473149,-1,-1
1621849348567,1621849348597,30,1,90,4644.27609484107,-3677,340
1621849348707,1621849348986,279,22,504,23138.5551456899,-16730,274
1621849349046,1621849349056,10,-1,32,-1.0,-1,-1
1621849349116,1621849349136,20,0,49,2156.69975497242,-644,116
1621849349726,1621849349736,10,-1,432,42184.5814142974,-1,-1
1621849349826,1621849349876,50,3,453,15723.1709717202,-35576,267
1621849350136,1621849350545,409,23,918,39841.9006046042,-39622,325
1621849350555,1621849350575,20,0,52,2753.33292949573,-1359,283
1621849350585,1621849350785,200,14,482,19706.1866876085,-14383,192
1621849350795,1621849350815,20,0,39,758.117185294513,-1,59
1621849350845,1621849350865,20,2,103,8194.02757331259,-1522,300
1621849350875,1621849350885,10,-1,137,13116.1178347335,-1,-1
1621849350945,1621849350995,50,15,458,20584.5721373247,-7358,317
1621849351005,1621849351165,160,3,1779,83764.046605283,-12445,110
1621849351255,1621849351285,30,12,908,-1.0,-44464,11
1621849351295,1621849351565,270,17,201,11208.7533079055,-7436,238
1621849351595,1621849351635,40,6,287,15604.2271308616,-13965,81
1621849351765,1621849351795,30,0,42,1811.79949720861,-1097,75
1621849351815,1621849351855,40,1,58,2235.94995309813,-2180,76
1621849351975,1621849352014,39,4,186,10709.3974336108,-10244,172
1621849352384,1621849352424,40,3,139,9919.93049803294,-9238,16
1621849352654,1621849352674,20,1,200,10531.3890117908,-1,85
1621849352774,1621849352824,50,3,840,-1.0,-70422,247
1621849352924,1621849352934,10,-1,38,-1.0,-1,-1
1621849352984,1621849353044,60,12,344,16552.085750799,-13349,211
1621849353104,1621849353234,130,16,338,13301.4369443385,-14057,277
1621849353244,1621849353264,20,0,64,2263.71804237805,-1,56
1621849353344,1621849353364,20,0,75,-1.0,-2673,54
1621849353374,1621849353424,50,1,41,1427.70693930853,-452,72
1621849353444,1621849353524,80,9,368,23156.0613244348,-14018,227
1621849353544,1621849353673,129,4,697,26823.2507913492,-69792,53
1621849353973,1621849354013,40,3,350,27088.3472380868,-25661,84
1621849354033,1621849354053,20,0,195,16277.8117812588,-1,164
1621849354573,1621849354613,40,1,59,1533.4955986047,-2716,161
1621849354713,1621849354733,20,1,151,10704.5813306191,-1,67
1621849354833,1621849354883,50,10,878,40583.4563542026,-64470,13
1621849354893,1621849355093,200,13,119,6505.84053330495,-3173,219
1621849355223,1621849355253,30,1,74,3996.87828299017,-1060,348
1621849355502,1621849355512,10,-1,32,1190.90616229299,-1,-1
1621849355522,1621849355542,20,2,178,8993.4074886468,-1,84
1621849355632,1621849355702,70,6,1350,85005.1796662115,-96438,189
1621849355782,1621849355842,60,23,637,37249.4744250156,-25876,78
1621849356602,1621849356612,10,-1,31,222.350209704469,-1,-1
1621849356622,1621849356642,20,0,49,1305.88380114515,-1,274
1621849356792,1621849356842,50,18,1507,-1.0,-62138,343
1621849356852,1621849357001,149,13,155,5035.98464643125,-3735,255
1621849357011,1621849357081,70,5,251,11852.8373905117,-10791,124
1621849357091,1621849357181,90,3,48,2047.83643373311,-1060,246
1621849357261,1621849357291,30,1,243,16069.7044722579,-1,51
1621849357381,1621849357481,100,10,635,6791.60113073686,-41883,231
1621849357491,1621849357521,30,1,51,1572.2577345997,-481,275
1621849357891,1621849357931,40,2,90,6024.91170593757,-6058,187
1621849358271,1621849358311,40,6,261,13002.5391204281,-13130,354
1621849358431,1621849358451,20,12,1760,118643.453202235,-1,27
1621849358540,1621849358600,59,10,412,19110.625418511,-22205,225
1621849358810,1621849358860,50,6,205,11540.7956933865,-7256,239
1621849359050,1621849359120,70,9,264,13383.068977907,-10495,290
1621849359240,1621849359300,60,21,1602,96669.9899274198,-43886,90
1621849359370,1621849359420,50,29,1402,15588.3601356867,-64925,346
1621849359870,1621849359890,20,4,424,22559.8134794856,-1,132
1621849359950,1621849359980,30,0,103,-1.0,-5432,83
1621849360219,1621849360249,30,11,1507,94812.6671965534,-1,33
1621849360329,1621849360389,60,16,954,908.223882513224,-45419,297
1621849360549,1621849360619,70,15,345,17039.2716248442,-11623,246
1621849360849,1621849360899,50,5,180,12283.8107717923,-7823,210
1621849361039,1621849361139,100,18,1299,64137.3000983582,-75156,83
1621849361199,1621849361209,10,-1,87,-1.0,-1,-1
1621849361459,1621849361469,10,-1,38,2882.98418241439,-1,-1
1621849361529,1621849361569,40,4,191,11753.0409620626,-10314,164
1621849362008,1621849362018,10,-1,30,1636.92689208393,-1,-1
1621849362158,1621849362248,90,25,470,14269.0497459277,-28457,274
1621849362468,1621849362608,140,23,1253,96384.4322581915,-118435,48
1621849362618,1621849362628,10,-1,145,12279.9331803547,-1,-1
1621849362638,1621849362748,110,22,1443,122042.764173456,-105677,240
1621849362868,1621849362908,40,4,622,26257.1127194992,-48907,275
1621849362918,1621849362928,10,-1,64,5724.10875552001,-1,-1
1621849362938,1621849362968,30,0,119,9009.53167601448,-8765,171
1621849362978,1621849363048,70,2,45,2288.95243053624,-533,130
1621849363068,1621849363108,40,1,50,2241.0486400391,-1744,140
1621849363148,1621849363178,30,1,44,1291.66508924627,-621,111
1621849363228,1621849363248,20,0,48,2336.09160579965,-1,142
1621849363308,1621849363348,40,3,114,7154.69526851977,-7036,2
1621849363388,1621849363408,20,0,50,3018.37483742401,-1182,107
1621849363577,1621849363597,20,1,1069,101688.307622948,-1,90
1621849363697,1621849363737,40,6,525,-1.0,-23171,218
1621849363857,1621849363917,60,8,314,19917.4719000259,-14522,210
1621849363927,1621849363947,20,0,58,2956.50055240443,-1941,28
1621849364007,1621849364017,10,-1,31,449.407064488448,-1,-1
1621849364037,1621849364047,10,-1,45,1832.34199350664,-1,-1
1621849364067,1621849364137,70,5,137,4365.64438647356,-9517,181
1621849364327,1621849364337,10,-1,52,3728.15752186843,-1,-1
1621849364417,1621849364477,60,5,260,13061.8062463086,-15503,250
1621849364577,1621849364597,20,3,230,16885.7497920516,-1,249
1621849364707,1621849364787,80,4,367,13170.7491531917,-7567,19
1621849364817,1621849365037,220,9,302,23831.6834876554,-22544,132
1621849365096,1621849365116,20,0,65,3102.34653509918,-1,258
1621849365126,1621849365136,10,-1,444,41924.8519123919,-1,-1
1621849365826,1621849365886,60,14,552,13776.943425483,-410,165
1621849366086,1621849366096,10,-1,56,-1.0,-1,-1
1621849366206,1621849366216,10,-1,35,3246.28967226342,-1,-1
1621849366466,1621849366476,10,-1,163,-1.0,-1,-1
1621849366586,1621849366616,30,3,649,-1.0,-50482,267
1621849366725,1621849366745,20,0,47,2351.93477313412,-236,90
1621849366755,1621849366805,50,1,45,733.216257323356,-1528,81
1621849366905,1621849366955,50,1,44,1177.08675325296,-1168,1
1621849366985,1621849367025,40,1,38,970.28899702465,-454,8
1621849367235,1621849367275,40,13,492,24117.4612959562,-1474,240
1621849367425,1621849367445,20,1,85,198.848295578078,-1,66
1621849367555,1621849367795,240,22,1378,91360.7091633853,-98103,247
1621849367825,1621849367855,30,0,42,1362.46582243215,-560,86
1621849367865,1621849367895,30,1,49,1710.76984889118,-692,101
1621849368065,1621849368075,10,-1,38,1699.50648409367,-1,-1
1621849368145,1621849368195,50,17,1676,-1.0,-99067,260
1621849368714,1621849368734,20,2,606,49243.2383881135,-1,66
1621849368814,1621849368894,80,5,546,36924.8851414027,-34926,283
1621849368924,1621849368934,10,-1,35,1368.87032085784,-1,-1
1621849369034,1621849369084,50,7,269,13958.7173493725,-10000,350
1621849369254,1621849369274,20,11,1612,104561.908708983,-1,32
1621849369384,1621849369424,40,5,233,17064.0301481872,-4649,119
1621849369434,1621849369454,20,0,63,4861.84210818029,-1827,262
1621849369634,1621849369644,10,-1,34,2245.82218952895,-1,-1
1621849369654,1621849369674,20,0,60,3832.49728527507,-2382,288
1621849369714,1621849369784,70,18,482,23312.3823586993,-18141,278
1621849369934,1621849369993,59,9,236,12935.824148806,-10151,251
1621849370013,1621849370033,20,1,84,4550.61678247823,-1,244
1621849370143,1621849370163,20,8,1342,90726.4426964649,-1,21
1621849370263,1621849370323,60,8,1361,41134.005560757,-89494,294
1621849370423,1621849370483,60,12,370,22168.5730959434,-12646,130
1621849370643,1621849370663,20,0,206,15655.2089784797,-1,82
1621849370773,1621849370883,110,2,243,18526.5942213449,-11787,296
1621849370903,1621849370913,10,-1,47,3881.99739109172,-1,-1
1621849370923,1621849370943,20,0,35,887.545178711438,-367,45
1621849371443,1621849371453,10,-1,50,3549.23460330702,-1,-1
1621849371533,1621849371562,29,1,94,-1.0,-5072,154
1621849371932,1621849371972,40,6,228,15260.0284553104,-13382,46
1621849372372,1621849372412,40,4,185,10196.9562558542,-10002,330
1621849372622,1621849372642,20,1,128,9045.68315884638,-1,334
1621849372762,1621849372802,40,9,1036,-1.0,-62541,225
1621849372912,1621849372922,10,-1,34,1639.24433971959,-1,-1
1621849372952,1621849372962,10,-1,31,1774.79742028176,-1,-1
1621849373122,1621849373172,50,7,240,13672.1157249756,-11010,157
1621849373261,1621849373281,20,1,328,25038.1663798408,-1,77
1621849373341,1621849373351,10,-1,241,-1.0,-1,-1
1621849373361,1621849373371,10,-1,43,3571.22998955747,-1,-1
1621849373451,1621849373501,50,6,239,13620.9647183845,-12671,142
1621849373691,1621849373841,150,14,2251,152472.908418474,-109226,358
1621849374251,1621849374311,60,8,224,8870.0476490821,-9352,304
1621849374491,1621849374501,10,-1,33,2297.42433283877,-1,-1
1621849374691,1621849374791,100,1,270,9173.07524063619,-16145,181
1621849374801,1621849374870,69,0,222,14443.5587388197,-16787,270
1621849374880,1621849374940,60,5,283,20104.7192662451,-10792,266
1621849375040,1621849375190,150,8,140,6101.48316612086,-5164,264
1621849375200,1621849375220,20,0,41,721.050633269995,-1,278
1621849375230,1621849375240,10,-1,140,11997.8011727699,-1,-1
1621849375370,1621849375460,90,5,267,8581.12735728885,-21596,280
1621849375480,1621849375600,120,5,72,2304.79278266304,-2594,279
1621849375720,1621849375740,20,0,34,1678.25966447855,-361,173
1621849375790,1621849375800,10,-1,35,1931.06137962547,-1,-1
1621849375810,1621849375860,50,5,220,10154.8202078761,-10846,333
1621849376100,1621849376120,20,0,31,320.996994090158,-1,220
1621849376140,1621849376150,10,-1,36,1087.67764232031,-1,-1
1621849376489,1621849376509,20,1,156,7946.63963713176,-1,100
1621849376609,1621849376619,10,-1,54,-1.0,-1,-1
1621849376629,1621849376669,40,1,47,1608.80444394458,-1364,278
1621849376849,1621849376889,40,6,258,14159.2633399382,-14076,147
1621849376989,1621849376999,10,-1,39,2839.87956917511,-1,-1
1621849377229,1621849377249,20,6,865,54803.9829239637,-1,30
1621849377329,1621849377399,70,10,608,1737.85281898739,-47619,219
1621849377669,1621849377699,30,1,54,2502.54093660462,-2385,196
1621849377709,1621849377729,20,0,34,1813.86379051935,-344,249
1621849377799,1621849377919,120,9,1287,76087.7441838023,-914,156
1621849377989,1621849378009,20,8,893,42020.223863636,-1,294
1621849378108,1621849378338,229,11,308,14716.3362773165,-27464,52
1621849378368,1621849378388,20,3,375,20075.3495974976,-1,278
1621849378568,1621849378578,10,-1,63,-1.0,-1,-1
1621849378638,1621849378648,10,-1,56,-1.0,-1,-1
1621849378818,1621849378868,50,0,97,4334.70281245292,-6648,338
1621849378958,1621849378968,10,-1,45,-1.0,-1,-1
1621849378978,1621849378998,20,4,192,16237.4541931662,-1,271
1621849379038,1621849379048,10,-1,325,31499.5955224564,-1,-1
1621849379058,1621849379088,30,5,213,20371.748127423,-9769,95
1621849379098,1621849379108,10,-1,49,3036.49362570078,-1,-1
1621849379118,1621849379138,20,4,203,18182.5475036198,-1,272
1621849379178,1621849379188,10,-1,292,27246.5133102695,-1,-1
1621849379198,1621849379208,10,-1,309,30021.9329621483,-1,-1
1621849379268,1621849379328,60,4,346,16554.7087659944,-7294,114
1621849379398,1621849379498,100,8,1723,6173.56594291246,-111420,345
1621849379568,1621849379578,10,-1,32,474.832405160706,-1,-1
1621849379648,1621849379688,40,6,217,9597.18785395209,-7621,347
1621849379807,1621849379977,170,27,952,44233.229916812,-66495,210
1621849380037,1621849380067,30,0,367,33169.1455521553,-642,0
1621849380077,1621849380217,140,3,478,46442.4041066035,-25356,249
1621849380227,1621849380267,40,3,283,15900.8023718212,-1,289
1621849380417,1621849380427,10,-1,30,1211.98094169634,-1,-1
1621849380507,1621849380517,10,-1,61,5662.45732003194,-1,-1
1621849380527,1621849380597,70,14,611,50868.3381065556,-31319,93
1621849380657,1621849380697,40,0,90,8017.21475600176,-2734,194
1621849380777,1621849380787,10,-1,41,1315.04958483724,-1,-1
1621849380797,1621849380837,40,9,668,38122.7538354196,-51020,277
1621849380927,1621849381077,150,5,640,31400.0058406858,-33928,266
1621849381087,1621849381127,40,6,182,14668.0419377816,-8978,131
1621849381157,1621849381227,70,8,656,28858.7275127977,-18984,342
1621849381576,1621849381736,160,10,413,21957.2886988767,-21038,252
1621849381756,1621849381776,20,0,44,1337.29788781041,-1,263
1621849381876,1621849381896,20,3,477,-1.0,-28654,255
1621849381986,1621849381996,10,-1,43,1729.99744111538,-1,-1
1621849382046,1621849382066,20,1,120,6495.15436589753,-1,69
1621849382166,1621849382186,20,1,153,-1.0,-11083,243
1621849382236,1621849382246,10,-1,66,4670.60638095346,-1,-1
1621849382256,1621849382266,10,-1,59,4589.35849234257,-1,-1
1621849382366,1621849382436,70,1,415,12148.6992640974,-12617,98
1621849382496,1621849382526,30,3,171,10266.1469202614,-5773,300
1621849382746,1621849382766,20,0,55,2464.08120945592,-1,19
1621849382846,1621849382906,60,5,832,32695.155039291,-60138,236
1621849383095,1621849383165,70,20,546,26917.1273925723,-16053,95
1621849383385,1621849383405,20,0,48,2312.11890110575,-1282,264
1621849383415,1621849383425,10,-1,30,1022.10998730477,-1,-1
1621849383645,1621849383685,40,4,159,7876.30291921412,-8001,143
1621849383885,1621849383915,30,1,64,2847.05546395585,-1762,175
1621849384245,1621849384285,40,4,845,71017.7295364646,-27121,283
1621849384365,1621849384425,60,31,1115,15874.0043195856,-57740,220
1621849384495,1621849384555,60,1,388,29868.3641617967,-34847,64
1621849384724,1621849384744,20,12,1188,59368.7481205249,-1,42
1621849384814,1621849384844,30,2,127,-1.0,-6885,233
1621849384854,1621849384874,20,1,169,14857.0780524751,-7221,264
1621849385034,1621849385084,50,7,228,12009.9221486264,-12172,249
1621849385104,1621849385154,50,0,565,40575.5709550311,-48817,90
1621849385354,1621849385364,10,-1,596,57479.5680771852,-1,-1
1621849385474,1621849385544,70,5,1202,21203.7609681898,-87908,147
1621849385574,1621849385664,90,0,302,15521.6018359808,-13873,302
1621849385744,1621849385804,60,0,265,16710.7570268803,-10568,274
1621849385834,1621849385894,60,0,244,19222.7682492965,-11224,237
1621849386014,1621849386054,40,3,123,7186.72146973932,-7679,322
1621849386453,1621849386493,40,6,261,14144.0740968918,-13328,233
1621849386663,1621849386723,60,24,630,19491.3887137707,-14464,259
1621849386813,1621849386843,30,2,209,-1.0,-10696,57
1621849386893,1621849386903,10,-1,37,1640.83813104961,-1,-1
1621849386943,1621849386953,10,-1,42,1373.72496350119,-1,-1
1621849387003,1621849387043,40,1,304,22675.3103705735,-483,325
1621849387053,1621849387083,30,4,268,25515.7733248406,-17258,270
1621849387153,1621849387183,30,5,237,21974.0161583384,-17770,90
1621849387223,1621849387243,20,0,79,3749.8117284748,-1,66
1621849387343,1621849387373,30,1,136,7243.59902093374,-1,257
1621849387383,1621849387393,10,-1,30,1861.92243606825,-1,-1
1621849387413,1621849387423,10,-1,31,709.828260311658,-1,-1
1621849387443,1621849387463,20,0,57,3148.09849876299,-1702,53
1621849387683,1621849387703,20,1,108,4881.57458550839,-1,110
1621849387783,1621849387803,20,0,81,-1.0,-50,252
1621849387823,1621849387843,20,0,84,8169.47236282639,-2064,263
1621849388022,1621849388052,30,12,1703,107804.92155659,-1,31
1621849388142,1621849388222,80,3,900,10393.2981291965,-53003,174
1621849388242,1621849388252,10,-1,38,1593.00803685027,-1,-1
1621849388502,1621849388592,90,23,444,20869.3743848504,-10803,244
1621849388842,1621849388882,40,6,939,63571.0254208206,-1,145
1621849388992,1621849389082,90,7,296,18594.8758167665,-13936,26
1621849389202,1621849389292,90,2,270,15439.1253313271,-11397,298
1621849389412,1621849389452,40,1,35,548.633400043567,-273,275
1621849389551,1621849389591,40,4,197,12950.3867877959,-11527,175
1621849389921,1621849389941,20,1,183,11712.3820446266,-1,90
1621849390071,1621849390191,120,6,330,27704.9665156738,-12673,262
1621849390361,1621849390411,50,9,347,25637.4579078105,-12961,300
1621849390681,1621849390721,40,4,217,11496.867901192,-9343,3
1621849391051,1621849391111,60,13,450,20819.5247282252,-16975,164
1621849391220,1621849391250,30,3,428,24263.5989797756,-1,69
1621849391370,1621849391390,20,1,115,-1.0,-4954,253
1621849391400,1621849391410,10,-1,35,549.876725681119,-1,-1
1621849391640,1621849391650,10,-1,30,503.226684935477,-1,-1
1621849391670,1621849391720,50,6,229,8310.35627697176,-12933,343
1621849391920,1621849391980,60,6,210,14422.7041652445,-10957,258
1621849392170,1621849392200,30,1,89,4855.96413906925,-2066,292
1621849392360,1621849392420,60,12,340,17452.1551465385,-12791,188
1621849392530,1621849392809,279,16,822,54503.8139847223,-56563,254
1621849392889,1621849392939,50,1,286,4007.42867913846,-12464,152
1621849393249,1621849393299,50,9,314,17956.2487182721,-13441,20
1621849393609,1621849393639,30,3,148,9714.03197678764,-8742,195
1621849394099,1621849394129,30,1,84,4019.87105579692,-3372,142
1621849394289,1621849394349,60,6,244,13504.1034335231,-11626,258
1621849394678,1621849394698,20,0,46,2998.43259784861,-834,65
1621849394818,1621849394838,20,2,581,-1.0,-43553,175
1621849395128,1621849395168,40,4,182,8997.69561599556,-7861,200
1621849395388,1621849395418,30,3,162,9253.60102694465,-8431,142
1621849395798,1621849395808,10,-1,36,725.933451342787,-1,-1
1621849396047,1621849396087,40,6,263,13706.5344832515,-13532,314
1621849396267,1621849396407,140,21,524,21431.3306848794,-23137,270
1621849396427,1621849396487,60,0,408,15228.7333514538,-17477,47
1621849396537,1621849396587,50,3,209,13667.1492843068,-1992,11
1621849396597,1621849396617,20,5,473,25518.9372888731,-1,113
1621849396817,1621849396857,40,1,145,5133.54614424235,-809,274
1621849396887,1621849396917,30,1,82,4400.71850767022,-1444,119
1621849396927,1621849396987,60,2,72,4199.18538050444,-960,110
1621849397047,1621849397077,30,9,911,49737.2513619211,-1,55
1621849397187,1621849397277,90,13,724,11215.3730715729,-48704,43
1621849397457,1621849397507,50,11,455,27212.3255577678,-28971,14
1621849397627,1621849397667,40,1,63,1949.19384913901,-1,248
1621849397676,1621849397686,9,-1,78,7741.71886319888,-1,-1
1621849397966,1621849397976,10,-1,90,-1.0,-1,-1
1621849398996,1621849399116,120,17,1148,43030.6980643314,-95770,274
1621849399176,1621849399216,40,2,178,6807.66990074397,-14420,62
1621849399226,1621849399286,60,6,183,8264.40580719651,-9798,40
1621849399306,1621849399505,199,18,721,45029.4634645303,-29692,231
1621849399565,1621849399645,80,4,144,1126.48779969782,-7808,28
1621849399655,1621849399675,20,2,121,10458.5583859808,-5170,121
1621849399685,1621849399735,50,0,374,35447.6662588053,-29834,249
1621849399745,1621849399795,50,3,113,4031.22100612044,-7602,348
1621849399875,1621849399885,10,-1,45,-1.0,-1,-1
1621849399905,1621849400035,130,2,370,18879.179393821,-18669,341
1621849400045,1621849400115,70,1,510,37073.5702607625,-21472,105
1621849400165,1621849400275,110,1,306,23124.1930496938,-16844,71
1621849400545,1621849400585,40,1,137,8859.43675774304,-7306,290
1621849400695,1621849400895,200,13,326,2862.35456208565,-21945,217
1621849400964,1621849401004,40,12,419,22243.81423501,-21252,347
1621849401074,1621849401094,20,0,36,713.534289270615,-1,144
1621849401114,1621849401164,50,10,1201,66560.5254920724,-1,35
1621849401304,1621849401334,30,6,941,-1.0,-65760,175
1621849401354,1621849401374,20,1,62,2269.43522594372,-1,143
1621849401404,1621849401494,90,0,215,17599.7548687017,-16679,327
1621849401504,1621849401534,30,1,69,3914.83537647605,-2724,320
1621849401544,1621849401754,210,18,144,4745.62554763168,-5754,266
1621849401764,1621849401814,50,3,168,7288.08487316066,-6736,155
1621849402334,1621849402374,40,3,175,9107.16478451937,-8971,330
1621849402394,1621849402404,10,-1,37,2634.92494220525,-1,-1
1621849402534,1621849402553,19,0,51,2717.01010022651,-796,116
1621849402603,1621849402633,30,5,259,16595.5528160131,-16277,35
1621849402693,1621849402743,50,1,38,1968.30889424648,-474,225
1621849402873,1621849402883,10,-1,65,4154.4982431259,-1,-1
1621849402983,1621849403123,140,5,369,9289.15265720764,-17321,196
1621849403193,1621849403243,50,1,45,1328.66522764431,-824,308
1621849403343,1621849403363,20,0,34,1578.12701195265,-1,315
1621849403373,1621849403383,10,-1,44,2111.24058371335,-1,-1
1621849403473,1621849403493,20,0,36,2243.39014315234,-1,173
1621849403593,1621849403613,20,1,231,14412.1210095984,-1,79
1621849403703,1621849403793,90,12,835,1339.29272147554,-39365,224
1621849403873,1621849403883,10,-1,33,471.589572559054,-1,-1
1621849404003,1621849404103,100,19,369,11817.7090154168,-15822,270
1621849404113,1621849404322,209,8,168,8893.93860587275,-9292,54
1621849404822,1621849404832,10,-1,31,310.246593999428,-1,-1
1621849405052,1621849405082,30,0,441,40537.3123042779,-1,335
1621849405152,1621849405222,70,31,1531,-1.0,-73114,226
1621849405452,1621849405472,20,7,1043,68332.7694697055,-1,141
1621849405582,1621849405802,220,10,312,21218.8308305749,-15086,299
1621849405821,1621849405871,49,2,57,2709.94626581565,-2278,267
1621849405971,1621849405981,10,-1,33,1441.60352980357,-1,-1
1621849406161,1621849406191,30,3,188,12202.8433918888,-10680,236
1621849406251,1621849406271,20,0,33,982.482295915722,-2,82
1621849406291,1621849406311,20,0,32,564.304703927994,-3,71
1621849406541,1621849406581,40,3,128,7343.962732841,-6403,199
1621849406671,1621849406691,20,0,32,1517.51081824493,-76,71
1621849406701,1621849406711,10,-1,36,828.450444552557,-1,-1
1621849406721,1621849406751,30,4,1007,77767.8526109608,-1,317
1621849406811,1621849406931,120,23,1138,9894.04387203984,-53362,270
1621849406991,1621849407021,30,6,719,-1.0,-40393,170
1621849407031,1621849407191,160,14,119,4794.81729763107,-3722,27
1621849407201,1621849407261,60,11,472,26452.1499920953,-25164,193
1621849407351,1621849407391,40,1,42,1975.19299234551,-656,290
1621849407441,1621849407480,39,1,57,2311.62091092945,-1777,256
1621849407530,1621849407580,50,10,324,22774.8853936813,-15812,56
1621849407690,1621849407710,20,10,1523,99307.9145493172,-1,19
1621849407780,1621849407910,130,6,1452,94598.4697833945,-133042,244
1621849407930,1621849408020,90,1,517,20790.3513009856,-4612,185
1621849408150,1621849408160,10,-1,33,2463.82105212814,-1,-1
1621849408250,1621849408270,20,0,47,2716.72843114128,-1709,86
1621849408290,1621849408520,230,22,724,31362.381256531,-36522,146
1621849408540,1621849408650,110,2,295,10312.6216096687,-11093,312
1621849408660,1621849408750,90,5,188,9825.11952996821,-8568,57
1621849408850,1621849408860,10,-1,48,2829.70010393699,-1,-1
1621849408870,1621849408880,10,-1,105,8813.85220074753,-1,-1
1621849408980,1621849409020,40,4,338,-1.0,-19987,249
1621849409030,1621849409060,30,1,100,5980.77300056364,-1,259
1621849409229,1621849409249,20,0,50,3592.72034759778,-8,245
1621849409269,1621849409349,80,1,381,27502.0008527583,-28989,226
1621849409389,1621849409539,150,10,462,42618.3784788408,-31557,204
1621849409549,1621849409589,40,6,267,13761.8036982476,-17082,25
1621849409729,1621849409779,50,8,300,17419.9307809538,-4284,226
1621849410019,1621849410049,30,1,60,2919.98991603638,-1950,46
1621849410119,1621849410139,20,5,234,22764.9877659771,-1,60
1621849410499,1621849410519,20,4,221,21530.8661976476,-422,67
1621849410659,1621849410788,129,15,398,25993.0408727706,-31550,264
1621849410878,1621849410898,20,0,52,3636.68542439087,-1,319
1621849410968,1621849411048,80,21,401,13136.1341062874,-23561,304
1621849411088,1621849411148,60,0,527,28183.993938437,-49719,45
1621849411208,1621849411218,10,-1,124,10350.7270519052,-1,-1
1621849411228,1621849411238,10,-1,75,4912.59222968944,-1,-1
1621849411248,1621849411358,110,7,489,29668.9392224748,-29778,16
1621849411528,1621849411578,50,10,416,20842.422584306,-29863,125
1621849411868,1621849411898,30,3,147,10891.6517557261,-10253,176
1621849411908,1621849411918,10,-1,49,2918.29976084823,-1,-1
1621849411928,1621849411988,60,1,643,27669.0772537954,-25483,63
1621849412058,1621849412098,40,5,202,10775.9906760726,-13446,311
1621849412158,1621849412178,20,5,239,22057.1562292201,-1,229
1621849412238,1621849412248,10,-1,362,36002.3857434567,-1,-1
1621849412258,1621849412288,30,5,471,46651.2226767779,-23341,48
1621849412357,1621849412377,20,5,233,21899.6731415149,-1,232
1621849412397,1621849412427,30,5,241,23575.7286644236,-21187,50
1621849413047,1621849413077,30,4,216,13286.0449160869,-16576,234
1621849413167,1621849413217,50,7,662,-1.0,-35403,324
1621849413467,1621849413517,50,9,378,17907.1707419702,-17812,62
1621849413747,1621849413777,30,4,241,13862.7089120056,-13261,138
1621849414036,1621849414086,50,8,338,17690.4746855427,-14678,326
1621849414286,1621849414356,70,21,548,18067.8468093654,-21833,222
1621849414546,1621849414556,10,-1,49,3404.50980170951,-1,-1
1621849414616,1621849414696,80,20,481,2982.53440184882,-23803,345
1621849415046,1621849415106,60,3,207,14716.0222891595,-7921,167
1621849415236,1621849415256,20,5,236,22902.3617290176,-1,235
1621849415316,1621849415336,20,5,239,23600.116702495,-40,55
1621849415416,1621849415436,20,5,234,22715.0795211821,-1,235
1621849415516,1621849415536,20,5,235,23349.0309088717,-532,48
1621849415546,1621849415615,69,3,607,38197.6073487686,-49729,41
1621849415805,1621849415825,20,7,1015,64310.0492536992,-1,115
1621849415905,1621849415965,60,4,164,2248.88320005573,-8689,294
1621849416745,1621849416765,20,2,282,15362.3712235793,-1,95
1621849416835,1621849416865,30,2,181,-1.0,-8197,241
1621849417025,1621849417045,20,11,1507,94100.8657854768,-1,46
1621849417225,1621849417374,149,9,525,22232.6459623188,-28261,323
1621849417394,1621849417404,10,-1,40,1507.4242098463,-1,-1
1621849417414,1621849417654,240,18,177,6794.98358959682,-10943,254
1621849417714,1621849417754,40,5,218,11047.1190569073,-11897,238
1621849417874,1621849417894,20,1,157,-1.0,-9867,49
1621849417934,1621849418124,190,8,57,964.231870072743,-467,218
1621849418324,1621849418374,50,9,310,16113.5781196541,-13100,321
1621849418524,1621849418564,40,8,910,50713.0985337296,-1,48
1621849418634,1621849418734,100,15,701,1576.3588493141,-36313,245
1621849418903,1621849418943,40,3,149,8702.88400767587,-8135,183
1621849419283,1621849419333,50,2,98,4355.59027162405,-4714,169
1621849419483,1621849419503,20,11,1305,70996.4101400214,-1,37
1621849419573,1621849419653,80,23,780,10308.7172452391,-46414,188
1621849419993,1621849420033,40,4,172,8467.47931831046,-7113,17
1621849420592,1621849420612,20,1,128,7949.70855518785,-1,68
1621849420692,1621849420762,70,5,374,13625.5868698261,-19996,281
1621849420822,1621849420832,10,-1,35,-1.0,-1,-1
1621849421372,1621849421412,40,5,229,12798.5782608949,-10153,10
1621849421672,1621849421682,10,-1,530,52107.2198935001,-1,-1
1621849421772,1621849421832,60,24,1602,-1.0,-63585,232
1621849421922,1621849422002,80,11,420,34554.2312857874,-27589,263
1621849422072,1621849422082,10,-1,35,2661.35484616469,-1,-1
1621849422241,1621849422251,10,-1,49,4097.30916553338,-1,-1
1621849422261,1621849422271,10,-1,166,14366.6322978585,-1,-1
1621849422361,1621849422381,20,5,548,-1.0,-25997,189
1621849422461,1621849422471,10,-1,52,-1.0,-1,-1
1621849422801,1621849422861,60,9,361,17775.602940874,-18069,151
1621849422961,1621849422981,20,6,889,58360.8872048699,-1,155
1621849423131,1621849423171,40,2,227,3255.62372794823,-12759,302
1621849423181,1621849423241,60,1,348,33170.8094248619,-17668,272
1621849423291,1621849423351,60,2,366,23020.0301314633,-24483,333
1621849423361,1621849423381,20,3,443,24378.9882874831,-1,135
1621849423780,1621849423790,10,-1,239,-1.0,-1,-1
1621849424070,1621849424170,100,19,530,26855.922254781,-18443,245
1621849424180,1621849424220,40,1,55,1567.50410457019,-1658,270
1621849424460,1621849424500,40,2,127,7525.19084427538,-4814,178
1621849424740,1621849424760,20,10,1428,92458.7774726318,-1,177
1621849424840,1621849424890,50,19,745,25190.7798300557,-51356,354
1621849424950,1621849424960,10,-1,35,704.532042532761,-1,-1
1621849425050,1621849425070,20,0,34,1159.41814277607,-305,60
1621849425090,1621849425100,10,-1,32,995.920252737723,-1,-1
1621849425140,1621849425190,50,7,251,12499.9329018951,-12502,271
1621849425200,1621849425250,50,3,275,12775.2200033226,-23140,87
1621849425260,1621849425270,10,-1,42,1502.24410741732,-1,-1
1621849425280,1621849425330,50,3,102,3544.9019749249,-1,60
1621849425459,1621849425519,60,19,2474,34027.8552891668,-206649,227
1621849425529,1621849425609,80,3,75,4366.04414592075,-1864,68
1621849425629,1621849425669,40,1,35,930.352358553854,-364,75
1621849425679,1621849425689,10,-1,35,646.892075882855,-1,-1
1621849425809,1621849425849,40,3,126,6758.83380796697,-6403,59
1621849425879,1621849425889,10,-1,32,1372.51508490308,-1,-1
1621849425929,1621849425939,10,-1,31,527.887265725848,-1,-1
1621849425959,1621849425969,10,-1,38,1556.68615217385,-1,-1
1621849425999,1621849426009,10,-1,31,2177.02117154066,-1,-1
1621849426079,1621849426109,30,2,112,7953.90922040248,-7893,10
1621849426539,1621849426559,20,0,47,2483.85320477134,-1,138
1621849426789,1621849426879,90,3,50,1532.29098444727,-763,64
1621849426978,1621849427078,99,4,78,3524.07388256859,-2118,252
1621849427138,1621849427158,20,2,241,11842.7388437003,-1,64
1621849427268,1621849427358,90,3,186,4462.21724530074,-7475,266
1621849427528,1621849427618,90,2,319,19567.4454091119,-20783,93
1621849427648,1621849427668,20,0,40,1841.75011748135,-1,321
1621849427678,1621849427688,10,-1,46,3888.33282951058,-1,-1
1621849427998,1621849428008,10,-1,38,1062.49761897254,-1,-1
1621849428048,1621849428098,50,0,356,27821.8248489269,-28027,348
1621849428218,1621849428258,40,3,159,7970.28160516018,-6731,11
1621849428278,1621849428298,20,0,61,3618.70171232645,-2391,315
1621849428508,1621849428538,30,0,34,1018.38292873999,-439,188
1621849428548,1621849428588,40,1,45,908.468318012202,-820,191
1621849428598,1621849428657,59,2,270,14604.6458723519,-1,129
1621849428767,1621849428877,110,11,271,4215.52438101865,-10795,240
1621849429007,1621849429017,10,-1,39,1996.44345102973,-1,-1
1621849429157,1621849429167,10,-1,31,770.084981244211,-1,-1
1621849429187,1621849429227,40,3,127,5975.30736033848,-5566,79
1621849429237,1621849429267,30,0,40,679.127336873162,-932,341
1621849429287,1621849429327,40,1,39,766.270573507193,-507,12
1621849429477,1621849429627,150,5,49,1031.06363190327,-874,203
1621849429637,1621849429687,50,4,164,8348.4481109319,-4802,256
1621849429717,1621849429737,20,0,33,1639.45771173842,-173,209
1621849429777,1621849429817,40,1,53,1485.70374434542,-1506,154
1621849429827,1621849429847,20,1,218,14943.1797394949,-1,99
1621849429977,1621849430047,70,5,119,3858.12990742762,-4789,284
1621849430067,1621849430107,40,1,46,840.507571530241,-1299,262
1621849430147,1621849430167,20,1,154,8053.29058638177,-1,197
1621849431136,1621849431166,30,2,125,7755.5591973829,-6797,22
1621849431346,1621849431376,30,2,106,5889.47905005073,-3585,88
1621849431836,1621849431856,20,1,73,5533.20072034078,-1,324
1621849432055,1621849432095,40,2,84,4020.48273027986,-3594,290
1621849432305,1621849432335,30,1,85,4933.18426035974,-739,259
1621849433085,1621849433185,100,17,1503,10713.1718191772,-65528,197
1621849433265,1621849433285,20,1,139,7494.75001735533,-1,48
1621849433295,1621849433305,10,-1,75,6420.42739654261,-1,-1
1621849433315,1621849433335,20,1,245,16623.2780979019,-1,88
1621849433445,1621849433534,89,30,1028,28615.2983594875,-59794,303
1621849433704,1621849433714,10,-1,31,827.544910563081,-1,-1
1621849433734,1621849433804,70,11,298,14764.1632236296,-12544,48
1621849433834,1621849433894,60,13,1678,101407.110571652,-1,94
1621849434024,1621849434084,60,5,304,15989.6532342977,-19826,224
1621849434144,1621849434154,10,-1,32,-1.0,-1,-1
1621849434164,1621849434274,110,6,121,2776.46217016268,-3430,222
1621849434604,1621849434634,30,1,187,11777.3431382331,-5893,88
1621849434694,1621849434704,10,-1,92,-1.0,-1,-1
1621849434714,1621849434724,10,-1,48,4398.55640415463,-1,-1
1621849434784,1621849434794,10,-1,69,-1.0,-1,-1
1621849434914,1621849434944,30,1,86,6649.11192549725,-2079,95
1621849435084,1621849435233,149,5,594,28949.2539425176,-55976,309
1621849435253,1621849435263,10,-1,41,1288.68625002586,-1,-1
1621849435283,1621849435323,40,1,40,1236.26131576641,-815,20
1621849435583,1621849435613,30,1,68,4011.3577759103,-3763,2
1621849435973,1621849436023,50,5,244,11594.3365748184,-12036,143
1621849436223,1621849436253,30,2,109,5012.04356515715,-4487,16
1621849436373,1621849436383,10,-1,39,2071.16086639881,-1,-1
1621849436802,1621849436812,10,-1,31,1156.45705287078,-1,-1
1621849437082,1621849437102,20,1,183,12191.6328575688,-1,107
1621849437232,1621849437302,70,3,541,801.902416028288,-43864,257
1621849437312,1621849437322,10,-1,30,359.71991830858,-1,-1
1621849437372,1621849437392,20,1,71,5446.89582350049,-2440,319
1621849437512,1621849437622,110,3,335,24141.0154398865,-21663,1
1621849437722,1621849437872,150,5,49,1398.30156805414,-1264,234
1621849437882,1621849437912,30,0,44,1149.59987716325,-1209,246
1621849438012,1621849438042,30,1,83,4009.00359780589,-4582,286
1621849438162,1621849438182,20,1,225,14422.8689821744,-1,81
1621849438282,1621849438332,50,14,1479,-1.0,-89914,239
1621849438421,1621849438501,80,17,403,16040.8119188321,-13548,252
1621849438531,1621849438571,40,1,48,1151.94675961071,-973,94
1621849438641,1621849438651,10,-1,34,950.871749665483,-1,-1
1621849438671,1621849438711,40,4,166,10565.3333009128,-10401,288
1621849438881,1621849438901,20,6,1251,94438.3049651504,-1,111
1621849438981,1621849439061,80,27,1667,2051.33823315432,-82628,315
1621849439311,1621849439521,210,9,730,32428.1153774925,-38417,346
1621849439841,1621849439861,20,1,160,-1.0,-8957,141
1621849440050,1621849440140,89,28,522,20612.5596241435,-19777,263
1621849440170,1621849440180,10,-1,36,2002.75139311661,-1,-1
1621849440480,1621849440500,20,0,46,2536.40417512349,-1,60
1621849440590,1621849440650,60,3,353,29279.0933167743,-24967,235
1621849441050,1621849441130,80,9,288,14668.0003197549,-15478,328
1621849441210,1621849441230,20,2,393,27228.8474752807,-1,62
1621849441310,1621849441360,50,7,341,25953.9679080836,-22351,210
1621849441380,1621849441430,50,2,487,31708.0797518199,-16203,26
1621849441440,1621849441500,60,2,61,2224.44938301008,-663,56
1621849441510,1621849441570,60,8,201,11425.1699479265,-5150,236
1621849441600,1621849441660,60,9,368,20433.3942111569,-17764,130
1621849441679,1621849441759,79,9,441,23197.4083826096,-17299,11
1621849441929,1621849442189,260,14,839,31879.0127331665,-68346,235
1621849442229,1621849442329,100,25,632,23718.109849681,-28139,70
1621849442349,1621849442419,70,3,62,2886.59077443426,-1909,206
1621849442429,1621849442759,330,16,358,22872.4298702985,-12891,231
1621849442819,1621849442859,40,4,172,8834.72507255543,-9247,160
1621849443039,1621849443049,10,-1,63,3973.20425731926,-1,-1
1621849443159,1621849443249,90,6,359,14506.4409961285,-26054,278
1621849443259,1621849443278,19,0,37,703.300165920374,-1,270
1621849443518,1621849443558,40,3,142,9314.07113713576,-8070,330
1621849443778,1621849443828,50,8,317,15863.2360986897,-15858,351
1621849444068,1621849444108,40,10,416,22271.4900546062,-21074,127
1621849444498,1621849444538,40,2,123,8108.67415454466,-6242,193
1621849444628,1621849444648,20,1,167,10628.2371011974,-1,128
1621849444738,1621849444838,100,21,1960,-1.0,-94177,201
1621849444868,1621849444878,10,-1,34,753.57050864875,-1,-1
1621849445127,1621849445177,50,8,302,17130.7723423744,-12967,104
1621849446487,1621849446527,40,4,273,21506.9608563698,-12451,18
1621849446666,1621849446766,100,6,464,19575.6119071666,-31338,268
1621849447306,1621849447356,50,5,203,11652.641549359,-8773,339
1621849447446,1621849447466,20,0,34,917.44693788044,-198,213
1621849447476,1621849447486,10,-1,34,506.473220148712,-1,-1
1621849447686,1621849447706,20,7,1168,81094.8066294004,-1,28
1621849448345,1621849448445,100,7,354,6911.08782155265,-12364,294
1621849448475,1621849448505,30,1,74,2918.30716060515,-2112,296
1621849448565,1621849448575,10,-1,34,1129.18409365669,-1,-1
1621849448585,1621849448605,20,0,50,2179.57827483719,-1261,55
1621849448645,1621849448685,40,4,185,10773.2970853336,-7101,207
1621849448775,1621849448785,10,-1,30,1784.13381354576,-1,-1
1621849448945,1621849448975,30,1,78,4268.74277305745,-3009,247
1621849449235,1621849449275,40,3,141,8304.1001189262,-7839,138
1621849449475,1621849449495,20,8,1379,95780.3608002523,-1,135
1621849449595,1621849449685,90,21,707,13111.3581733316,-37094,318
1621849450714,1621849450764,50,6,243,13271.2572669632,-12377,299
1621849451014,1621849451054,40,3,149,9622.86950951247,-9168,339
1621849451264,1621849451284,20,0,674,62936.7443730134,-1,77
1621849451394,1621849451463,69,3,799,1072.89588440255,-70925,246
1621849451533,1621849451543,10,-1,33,2804.8135034205,-1,-1
1621849451873,1621849451903,30,2,115,5958.14496878099,-4672,247
1621849452343,1621849452353,10,-1,39,2980.68882046392,-1,-1
1621849452493,1621849452613,120,21,853,24036.6420181349,-35968,226
1621849452693,1621849452703,10,-1,94,-1.0,-1,-1
1621849453092,1621849453122,30,3,182,11165.1463672092,-9065,313
1621849453372,1621849453412,40,5,239,15567.4970329576,-15136,138
1621849454012,1621849454042,30,0,43,1443.02192678077,-1300,20
1621849454282,1621849454292,10,-1,35,2290.83014983784,-1,-1
1621849454462,1621849454482,20,2,291,16333.0778896823,-1,71
1621849454592,1621849454671,79,6,199,-1.0,-6701,276
1621849454931,1621849454971,40,5,198,12862.9001786824,-11381,0
1621849455281,1621849455331,50,8,371,19925.635250513,-19464,163
1621849456081,1621849456101,20,1,137,8089.68648532829,-1,43
1621849456211,1621849456231,20,8,1607,-1.0,-121225,188
1621849456241,1621849456281,40,3,174,15672.9812369644,-9434,245
1621849456310,1621849456320,10,-1,35,1156.72924492237,-1,-1
1621849456520,1621849456550,30,0,42,1820.3112302769,-901,64
1621849456640,1621849456720,80,24,457,19494.1422812098,-13876,263
1621849456850,1621849456860,10,-1,33,821.577510989604,-1,-1
1621849457120,1621849457210,90,13,251,7475.58253375502,-11579,262
1621849457240,1621849457270,30,3,162,12099.136141937,-1,49
1621849457310,1621849457340,30,2,289,16959.1240642842,-1,82
1621849457400,1621849457460,60,8,498,19008.4194814551,-34884,203
1621849457650,1621849457710,60,14,352,15717.5192233241,-11725,304
1621849457969,1621849458049,80,21,668,42990.4358482553,-51905,159
1621849458219,1621849458239,20,10,1520,101278.249090795,-1,134
1621849458309,1621849458359,50,22,624,123.436469717939,-6129,344
1621849458439,1621849458459,20,0,667,-1.0,-62466,329
1621849458559,1621849458569,10,-1,30,565.126286193289,-1,-1
1621849458579,1621849458629,50,6,185,6675.07040678977,-9746,273
1621849459019,1621849459099,80,6,151,9871.74879876829,-4860,8
1621849459199,1621849459219,20,0,97,5400.22332344207,-1,97
1621849459309,1621849459349,40,11,578,-1.0,-37099,61
1621849459359,1621849459519,160,7,272,21948.9840747272,-14695,246
1621849459529,1621849459578,49,2,151,10954.2731060532,-6798,277
1621849459628,1621849459658,30,1,153,5838.20396613989,-1,222
1621849459778,1621849460008,230,13,656,22088.649816134,-49235,272
1621849460028,1621849460058,30,4,175,13773.7859257882,-13872,51
1621849460138,1621849460188,50,5,281,12022.7257035789,-1,240
1621849460298,1621849460338,40,5,196,8477.28742517659,-8124,59
1621849460368,1621849460378,10,-1,47,2544.95487595129,-1,-1
1621849460468,1621849460548,80,1,424,19586.8017871602,-27764,272
1621849460588,1621849460608,20,0,55,3748.58487598942,-1,103
1621849460708,1621849460788,80,23,568,29477.0970724585,-26816,157
1621849460798,1621849460828,30,5,236,13027.6658475195,-8241,38
1621849460848,1621849460868,20,4,208,19254.6259525515,-270,238
1621849460958,1621849460998,40,2,291,26869.5612545665,-9424,135
1621849461008,1621849461098,90,11,474,32303.2104812743,-33246,336
1621849461128,1621849461148,20,4,210,20270.0949051158,-2250,62
1621849461247,1621849461307,60,12,2022,-1.0,-174443,338
1621849461317,1621849461677,360,14,893,49865.2032407914,-40803,295
1621849461717,1621849461767,50,1,312,16019.9805484741,-18546,171
1621849461777,1621849461787,10,-1,45,2440.54851371583,-1,-1
1621849461797,1621849461827,30,0,46,3810.15487813856,-980,154
1621849462027,1621849462057,30,1,50,2695.94832225066,-617,294
1621849462157,1621849462377,220,4,778,9007.96991699336,-48565,232
1621849462397,1621849462447,50,25,882,35214.5931664398,-34443,83
1621849462657,1621849462687,30,0,92,-1.0,-5583,167
1621849463806,1621849463826,20,1,99,-1.0,-150,84
1621849465945,1621849466124,179,15,281,8340.38717566691,-13141,264
1621849466134,1621849466234,100,2,127,4697.62500939778,-7139,306
1621849466274,1621849466294,20,0,39,812.14123978564,-1,249
1621849466314,1621849466324,10,-1,31,672.530659448564,-1,-1
1621849466364,1621849466394,30,1,86,3441.78371389105,-5452,237
1621849466524,1621849466574,50,4,188,8774.97253292832,-9537,161
1621849466594,1621849466614,20,0,38,2690.79991781944,-1,315
1621849466634,1621849466654,20,0,31,772.515622895363,-8,350
1621849466694,1621849466714,20,0,37,1104.02607136425,-1,14
1621849466814,1621849466874,60,7,299,14467.9628901113,-13428,98
1621849466924,1621849467004,80,3,94,2281.73918541985,-830,308
1621849467014,1621849467024,10,-1,59,3683.7844088835,-1,-1
1621849467743,1621849467753,10,-1,51,3741.37020934922,-1,-1
1621849467823,1621849467913,90,32,1210,6193.15983588067,-65705,260
1621849467933,1621849467983,50,2,55,1648.7573066456,-1506,92
1621849468023,1621849468073,50,1,36,740.403098952915,-479,85
1621849468113,1621849468163,50,3,145,8026.25183693827,-8605,142
1621849468603,1621849468623,20,0,60,3786.93556192182,-1,302
1621849469322,1621849469332,10,-1,32,-1.0,-1,-1
1621849469522,1621849469552,30,1,72,3811.67548091074,-610,158
1621849469662,1621849469702,40,4,171,6187.0909316715,-98,99
1621849469862,1621849469882,20,0,70,-1.0,-3233,210
1621849470222,1621849470242,20,0,41,1303.69047764062,-444,77
1621849470272,1621849470332,60,2,70,2453.90605327862,-958,75
1621849470352,1621849470452,100,7,187,7182.74328806169,-11344,305
1621849470692,1621849470702,10,-1,44,-1.0,-1,-1
1621849470892,1621849470912,20,2,379,24466.7451711124,-1,44
1621849471011,1621849471141,130,4,317,27265.8058500294,-21246,252
1621849471151,1621849471171,20,0,40,1038.73755240905,-1,277
1621849471261,1621849471271,10,-1,37,1160.62556987126,-1,-1
1621849471291,1621849471321,30,2,134,10514.5986850964,-9634,114
1621849471391,1621849471411,20,0,46,1951.29828959574,-1538,270
1621849471721,1621849471751,30,1,96,6539.30640180181,-1542,57
1621849471791,1621849471801,10,-1,32,1936.487473963,-1,-1
1621849472581,1621849472690,109,9,583,20173.8238064174,-30344,243
1621849472930,1621849472970,40,3,145,9530.63765459296,-9613,329
1621849473380,1621849473410,30,2,118,6085.75317689176,-3041,357
1621849473850,1621849473880,30,4,288,9894.51098548786,-1,187
1621849473960,1621849474249,289,15,883,17834.777744734,-42874,264
1621849474309,1621849474829,520,35,1579,97727.3844166592,-117495,112
1621849475559,1621849475579,20,2,358,24705.1690113527,-1,341
1621849475958,1621849476318,360,23,494,36367.5405232742,-27680,292
1621849476328,1621849476338,10,-1,40,2050.4509348317,-1,-1
1621849476508,1621849476548,40,3,129,7051.03359120056,-7946,191
1621849476688,1621849476718,30,1,60,3460.98026479176,-2181,194
1621849476878,1621849476888,10,-1,31,1563.50626362077,-1,-1
1621849477378,1621849477408,30,0,42,1171.30513562009,-929,122
1621849477418,1621849477487,69,8,273,11638.8437132398,-13193,112
1621849477527,1621849477617,90,3,53,2762.83679762045,-1494,277
1621849477957,1621849477997,40,4,174,11060.9524148924,-10343,255
1621849478207,1621849478347,140,7,323,22014.3690649571,-7208,32
1621849478557,1621849478917,360,14,1397,17496.0044046148,-44678,176
1621849478947,1621849478957,10,-1,41,1775.76428987306,-1,-1
1621849478967,1621849478997,30,1,72,3290.74939736887,-1328,171
1621849479027,1621849479037,10,-1,36,1775.07608735221,-1,-1
1621849479047,1621849479057,10,-1,51,2330.4428931675,-1,-1
1621849479146,1621849479156,10,-1,31,1234.48724435806,-1,-1
1621849479426,1621849479456,30,2,104,5122.05848013228,-4731,320
1621849479766,1621849479806,40,2,101,4555.25204964229,-3612,260
1621849479886,1621849479906,20,1,296,19329.1123095921,-1,68
1621849480006,1621849480066,60,4,599,-1.0,-45993,262
1621849480216,1621849480226,10,-1,34,659.017550758613,-1,-1
1621849480446,1621849480476,30,3,160,10030.1937628588,-9153,75
1621849480825,1621849480845,20,0,54,2656.62399920914,-1,147
1621849481015,1621849481035,20,2,399,25971.8022065259,-1,102
1621849481135,1621849481175,40,24,1017,6325.9184482582,-96099,221
1621849481185,1621849481275,90,1,305,23590.5420949643,-15125,270
1621849481405,1621849481415,10,-1,37,2340.74819025443,-1,-1
1621849481475,1621849481485,10,-1,31,-1.0,-1,-1
1621849481545,1621849481645,100,1,352,32211.9586836128,-29172,164
1621849482035,1621849482075,40,2,110,6872.74325317343,-6875,280
1621849482325,1621849482384,59,3,117,180.095038354222,-4121,268
1621849482424,1621849482434,10,-1,90,7614.05739187457,-1,-1
1621849482494,1621849482524,30,2,237,-1.0,-12927,91
1621849482544,1621849482564,20,0,43,2773.30796869933,-1,80
1621849482704,1621849482714,10,-1,60,-1.0,-1,-1
1621849482774,1621849482784,10,-1,57,-1.0,-1,-1
1621849482864,1621849482894,30,1,61,3232.67745020528,-2457,352
1621849483294,1621849483334,40,2,71,4119.12588437594,-1265,21
1621849483464,1621849483484,20,3,539,36694.1585319941,-1,164
1621849483594,1621849483634,40,1,133,-1.0,-5674,349
1621849483774,1621849483834,60,0,307,23698.9347410193,-15932,163
1621849483874,1621849483904,30,4,261,14736.4089028617,-1,179
1621849483964,1621849483993,29,1,211,-1.0,-15208,147
1621849484063,1621849484083,20,1,245,19920.7579931772,-1,75
1621849484493,1621849484553,60,10,302,18433.8526120569,-15412,348
1621849484563,1621849484613,50,9,253,13266.6110352465,-10568,180
1621849484623,1621849484673,50,9,384,20258.2107546418,-17701,351
1621849484733,1621849484783,50,4,332,27117.5904482472,-11466,31
1621849484903,1621849484943,40,6,949,-1.0,-67270,215
1621849485303,1621849485323,20,11,1934,138992.607234254,-1,18
1621849485403,1621849485483,80,41,1136,54518.0036409884,-82470,206
1621849486392,1621849486412,20,0,33,1854.48147914343,-1,164
1621849486712,1621849486722,10,-1,739,71048.5549761076,-1,-1
1621849486802,1621849486862,60,10,1072,780.385911727518,-74877,288
1621849487112,1621849487142,30,2,139,9034.30094935938,-7530,77
1621849487371,1621849487391,20,1,230,18364.8913014066,-1,92
1621849487491,1621849487601,110,34,1310,1634.71346366068,-51197,327
1621849488441,1621849488451,10,-1,82,5413.21435630852,-1,-1
1621849488571,1621849488581,10,-1,57,-1.0,-1,-1
1621849488611,1621849488621,10,-1,31,513.418037338509,-1,-1
1621849488631,1621849488651,20,0,43,1474.81842369879,-741,66
1621849488781,1621849488801,20,0,50,3351.41264126306,-1,171
1621849489140,1621849489160,20,0,54,-1.0,-2041,53
1621849489220,1621849489250,30,1,80,3188.04112636473,-1544,352
1621849489420,1621849489470,50,9,332,13639.2221840442,-18564,211
1621849489740,1621849489790,50,10,380,18348.678652617,-20714,34
1621849490230,1621849490330,100,9,461,28308.60920708,-22262,180
1621849490519,1621849490529,10,-1,204,-1.0,-1,-1
1621849490619,1621849490769,150,38,1295,117748.531950171,-107691,47
1621849491099,1621849491149,50,3,351,-1.0,-21997,263
1621849491179,1621849491199,20,1,104,7832.23253739007,-2637,119
1621849491249,1621849491419,170,7,1351,95284.5835062945,-114991,355
1621849491489,1621849491509,20,13,653,63129.0820464097,-798,301
1621849491519,1621849491579,60,13,1343,73046.076083005,-67549,87
1621849491709,1621849491739,30,19,1288,-1.0,-42001,196
1621849491799,1621849491899,100,7,1140,73549.4996554067,-65218,335
1621849492208,1621849492458,250,9,385,18273.9380281634,-19314,96
1621849492468,1621849492878,410,30,1667,154281.368617781,-150931,187
1621849492998,1621849493008,10,-1,31,1459.12048342809,-1,-1
1621849493328,1621849493338,10,-1,46,1760.27311512912,-1,-1
1621849493518,1621849493528,10,-1,33,328.555454029862,-1,-1
1621849493777,1621849493797,20,0,37,2204.79142145517,-1,143
1621849493807,1621849493847,40,0,58,2892.6022828233,-2635,0
1621849493977,1621849493997,20,0,32,731.716952056949,-1,303
1621849494197,1621849494237,40,3,408,22262.4339737759,-1,64
1621849494367,1621849494487,120,6,516,10602.2345464635,-36502,276
1621849494507,1621849494517,10,-1,34,1184.37797702184,-1,-1
1621849494527,1621849494557,30,1,93,5984.39738470671,-2965,61
1621849494607,1621849494687,80,0,168,5473.97963302533,-9104,270
1621849495007,1621849495037,30,1,124,4337.23328084764,-1,266
1621849495047,1621849495057,10,-1,82,6247.37505956887,-1,-1
1621849495067,1621849495087,20,0,92,8136.31093542207,-3070,253
1621849495197,1621849495217,20,1,134,7039.80141585736,-1,101
1621849495327,1621849495476,149,11,175,12938.5954522515,-6611,264
1621849495496,1621849495506,10,-1,30,222.260349510636,-1,-1
1621849495536,1621849495566,30,1,72,3611.71764021436,-3721,265
1621849495536,1621849495566,30,1,72,3611.71764021436,-3721,265
1621849495956,1621849495996,40,4,155,9866.06995498661,-8507,23
1621849496276,1621849496296,20,2,328,21633.5685720554,-1,135
1621849496396,1621849496466,70,10,355,9642.13952819705,-22935,278
1621849496486,1621849496516,30,1,61,2015.95988755073,-993,270
1621849496686,1621849496706,20,0,49,2523.33535319573,-1,353
1621849497255,1621849497295,40,3,150,8545.41510677186,-8479,159
1621849497385,1621849497415,30,1,64,3115.89060092829,-3264,279
1621849497435,1621849497455,20,0,48,3503.86595471971,-1,265
1621849497695,1621849497715,20,0,44,2197.16054784375,-1,106
1621849497845,1621849497855,10,-1,39,1383.54148127856,-1,-1
1621849497965,1621849498035,70,5,109,2423.78227092524,-3026,267
1621849498355,1621849498395,40,2,89,4606.40704611367,-4643,13
1621849498585,1621849498604,19,0,37,1984.30982214744,-852,263
1621849498734,1621849498784,50,3,107,5768.18750576859,-3838,218
1621849498854,1621849498874,20,1,165,11070.9066689714,-1,95
1621849498984,1621849499094,110,6,296,17793.2675427883,-18672,263
1621849499224,1621849499284,60,4,178,10050.921125004,-11341,315
1621849499354,1621849499364,10,-1,31,595.755683692473,-1,-1
1621849499384,1621849499464,80,5,114,2953.22138166076,-3866,141
1621849499524,1621849499644,120,5,63,2021.71646772845,-1268,229
1621849499664,1621849500044,380,19,712,33444.1657733185,-23990,264
1621849500084,1621849500204,120,20,536,35367.5380030865,-15528,199
1621849500263,1621849500313,50,15,817,56567.7419180028,-50630,270
1621849500323,1621849500373,50,13,626,50675.2259958277,-5826,287
1621849500523,1621849500633,110,10,349,13644.8720284739,-13264,187
1621849500643,1621849500733,90,5,303,24407.6394922435,-24403,164
1621849500743,1621849500763,20,1,126,10738.9480953153,-232,301
1621849500773,1621849500783,10,-1,85,6287.33572485285,-1,-1
1621849500833,1621849500913,80,12,894,35943.7764360799,-22786,146
1621849500973,1621849501123,150,4,675,10794.6075021498,-41181,25
1621849501163,1621849501323,160,19,559,30207.8526169364,-17280,268
1621849501503,1621849501523,20,0,58,2295.84824872055,-1,23
1621849501623,1621849501723,100,4,612,3124.17963825667,-50530,293
1621849501813,1621849501833,20,1,210,14656.2121307878,-1,257
1621849501912,1621849502012,100,4,126,6022.36710451031,-8251,269
1621849502092,1621849502142,50,8,258,12192.258325922,-12968,101
1621849502222,1621849502292,70,3,94,3342.76304295309,-4072,270
1621849502322,1621849502332,10,-1,41,1316.19066825594,-1,-1
1621849502482,1621849502512,30,2,130,6680.65920202904,-6516,19
1621849502722,1621849502732,10,-1,165,-1.0,-1,-1
1621849502842,1621849502922,80,5,163,606.49093690085,-4572,262
1621849503691,1621849503721,30,1,59,-1.0,-1516,250
1621849503941,1621849503981,40,1,61,1179.14630669638,-1256,270
1621849504661,1621849504681,20,0,121,8007.64259340301,-1,102
1621849504791,1621849504811,20,1,194,-1.0,-1976,253
1621849504911,1621849504931,20,0,83,-1.0,-3792,270
1621849505460,1621849505490,30,3,172,10839.0550076308,-9547,167
1621849505850,1621849505900,50,3,103,4782.58296065673,-5395,278
1621849506110,1621849506120,10,-1,607,59486.0791412666,-1,-1
1621849506230,1621849506320,90,6,573,9381.12566859914,-47787,236
1621849506540,1621849506580,40,6,298,18285.4265214741,-16657,28
1621849506859,1621849506909,50,0,355,27388.9866859321,-28648,14
1621849507199,1621849507259,60,3,405,32201.7045414741,-23617,195
1621849507399,1621849507419,20,0,131,8646.17180339178,-1,99
1621849507539,1621849507639,100,6,336,17104.5020429551,-16847,270
1621849507959,1621849508009,50,1,70,3598.25508905306,-1547,46
1621849508019,1621849508039,20,0,43,2201.38672808535,-1,257
1621849508299,1621849508338,39,4,191,10550.0832999286,-8423,252
1621849508698,1621849508738,40,3,131,7336.66497411397,-5617,195
1621849508948,1621849508958,10,-1,35,2058.24341084074,-1,-1
1621849509058,1621849509098,40,9,905,4053.37135640378,-47056,222
1621849509108,1621849509158,50,1,64,3835.89920656753,-977,274
1621849509178,1621849509188,10,-1,36,1496.95479552989,-1,-1
1621849509428,1621849509468,40,3,128,5908.02082893176,-4526,219
1621849510307,1621849510357,50,6,256,13050.9815102975,-11495,45
1621849510547,1621849510567,20,1,118,7347.43143559606,-1,101
1621849510667,1621849510717,50,2,242,-1.0,-17606,265
1621849510727,1621849510737,10,-1,30,111.743156945168,-1,-1
1621849510777,1621849510927,150,1,322,24196.6900103852,-18197,138
1621849510937,1621849510947,10,-1,52,3342.55410940306,-1,-1
1621849510977,1621849511137,160,7,404,28435.787730399,-18173,248
1621849511407,1621849511447,40,1,76,5716.07327910453,-2954,205
1621849511587,1621849511607,20,1,196,12058.5867128893,-1,98
1621849511716,1621849511776,60,4,128,5713.24107426236,-2994,270
1621849512326,1621849512356,30,1,85,6501.31813856825,-4611,5
1621849512666,1621849512686,20,1,166,7670.31035142891,-1,69
1621849512796,1621849512866,70,4,156,3337.6418557809,-9933,307
1621849513305,1621849513335,30,2,131,7899.20228385134,-6683,205
1621849513605,1621849513645,40,7,311,11783.0586524908,-15044,26
1621849513775,1621849513795,20,0,33,1150.01862658747,-220,270
1621849513815,1621849513855,40,0,176,13228.0274881996,-877,51
1621849513955,1621849514015,60,4,309,8043.94039411814,-18080,292
1621849514055,1621849514085,30,0,46,1580.46912737509,-1528,282
1621849514115,1621849514125,10,-1,34,809.439582351367,-1,-1
1621849514305,1621849514335,30,2,142,7253.32930400521,-5999,172
1621849514615,1621849514665,50,5,180,11341.7193180033,-6741,269
1621849514725,1621849514735,10,-1,42,-1.0,-1,-1
1621849514924,1621849514964,40,3,131,7956.88327152867,-7808,230
1621849515784,1621849515804,20,0,60,2818.12044359719,-1,79
1621849515924,1621849516014,90,4,135,6202.68651719916,-4056,274
1621849516294,1621849516344,50,6,248,14366.6957893191,-11336,21
1621849516483,1621849516493,9,-1,39,2466.51125531959,-1,-1
1621849516783,1621849516823,40,4,214,11507.3561777533,-11331,204
1621849517043,1621849517063,20,7,1201,80397.8403102627,-1,39
1621849517153,1621849517213,60,4,369,27600.2132960766,-23816,202
1621849518063,1621849518093,30,1,96,4713.12773489201,-1882,129
1621849518402,1621849518452,50,7,241,11904.2781746261,-11245,358
1621849518592,1621849518612,20,1,175,9991.83811211825,-1,86
1621849518712,1621849518802,90,4,196,12042.4226730771,-9729,276
1621849519052,1621849519072,20,0,56,2811.90194286046,-1,99
1621849519082,1621849519172,90,1,343,21257.9923212735,-16092,278
1621849519232,1621849519282,50,4,161,10144.9202132775,-7326,203
1621849519721,1621849519811,89,9,344,15991.1245485151,-14576,59
1621849519831,1621849519851,20,1,200,12370.2453331202,-1,245
1621849519911,1621849519951,40,1,121,6436.02431795881,-6475,65
1621849520031,1621849520091,60,2,163,8176.78113459249,-9110,102
1621849520101,1621849520141,40,5,207,16127.4620436098,-7256,316
1621849520161,1621849520291,130,4,45,1206.10374531975,-821,267
1621849520301,1621849520331,30,0,41,656.953191854214,-745,273
1621849520351,1621849520361,10,-1,30,346.40273714486,-1,-1
1621849520451,1621849520461,10,-1,38,3014.36622698675,-1,-1
1621849520571,1621849520621,50,4,170,296.069319061829,-7205,230
1621849521311,1621849521351,40,6,302,14841.5723044199,-14660,39
1621849521610,1621849521640,30,4,192,10828.0781114394,-8863,22
1621849521930,1621849521940,10,-1,33,2492.41433134687,-1,-1
1621849522040,1621849522160,120,9,275,19648.0566308465,-18151,263
1621849522230,1621849522330,100,6,929,81425.1221384317,-87689,160
1621849522999,1621849523039,39,4,158,11759.0031761812,-6482,298
1621849523559,1621849523579,20,2,285,14490.8970319045,-1,83
1621849523679,1621849523789,110,8,254,1021.32573808283,-11009,261
1621849523849,1621849523909,60,8,194,13442.0649905459,-9693,39
1621849523969,1621849523999,30,0,41,651.464291821712,-721,208
1621849524279,1621849524289,10,-1,32,1974.27631227267,-1,-1
1621849524389,1621849524399,10,-1,30,230.592634460903,-1,-1
1621849525028,1621849525128,100,6,95,2753.74298599596,-1113,256
1621849525138,1621849525148,10,-1,106,8595.74752018854,-1,-1
1621849525248,1621849525338,90,9,459,6454.93833432178,-30952,279
1621849525518,1621849525558,40,7,318,16118.7108444082,-16778,155
1621849525838,1621849525858,20,0,48,1918.36716732535,-1247,111
1621849526098,1621849526128,30,0,46,2494.54591097041,-1531,350
1621849526317,1621849526347,30,1,86,6415.93482203446,-4784,300
1621849526687,1621849526707,20,0,37,874.6235774746,-134,0
1621849526877,1621849526897,20,11,1816,122887.968168214,-1,14
1621849526987,1621849527047,60,3,631,-1.0,-36309,101
1621849527067,1621849527277,210,29,699,37914.8267929846,-32657,242
1621849527287,1621849527417,130,10,338,18213.6221658339,-21749,58
1621849527427,1621849527447,20,1,142,6664.70722283785,-1,112
1621849527507,1621849527647,140,6,88,2606.64103448781,-2045,64
1621849527727,1621849527767,40,1,81,6214.79995005637,-4741,275
1621849527837,1621849527847,10,-1,41,1371.55888366147,-1,-1
1621849527946,1621849527986,40,5,306,21292.9994238021,-1,342
1621849528126,1621849528156,30,0,58,2606.51983119714,-604,341
1621849528166,1621849528296,130,21,429,24165.8532662199,-25922,140
1621849528306,1621849528486,180,3,277,21954.0527139734,-14384,261
1621849528496,1621849528746,250,17,226,8967.6561078115,-8480,357
1621849528766,1621849528826,60,5,160,7438.90365934318,-7408,18
1621849528836,1621849528846,10,-1,45,1595.01599229439,-1,-1
1621849528906,1621849528916,10,-1,48,-1.0,-1,-1
1621849528976,1621849529016,40,3,122,8422.77376830575,-7030,83
1621849529036,1621849529495,459,14,1607,76499.4461015467,-6053,288
1621849529565,1621849529845,280,22,940,12246.8375485447,-43400,219
1621849529965,1621849530005,40,5,189,11723.2879543249,-10510,193
1621849530195,1621849530205,10,-1,47,2885.46528220004,-1,-1
1621849530215,1621849530245,30,1,84,7620.57975231314,-2631,203
1621849530355,1621849530365,10,-1,71,5663.09250936826,-1,-1
1621849530375,1621849530385,10,-1,83,7450.8613955743,-1,-1
1621849530395,1621849530435,40,1,89,6830.01650350119,-4917,165
1621849530445,1621849530465,20,0,51,2647.32014525606,-2007,50
1621849530475,1621849530485,10,-1,36,765.477891056677,-1,-1
1621849530495,1621849530545,50,2,70,3341.69515900165,-1116,345
1621849530565,1621849530605,40,1,140,10325.9819069428,-7324,168
1621849530745,1621849530775,30,4,224,15540.9586332017,-13168,344
1621849530875,1621849530885,10,-1,39,2653.90438350781,-1,-1
1621849530955,1621849530995,40,3,125,6717.70290599539,-6306,86
1621849531025,1621849531114,89,7,899,64994.4577826497,-3351,176
1621849531224,1621849531494,270,13,357,8932.76533207241,-31550,252
1621849531504,1621849531514,10,-1,56,3088.90398679108,-1,-1
1621849531594,1621849531604,10,-1,46,-1.0,-1,-1
1621849531614,1621849531624,10,-1,32,1981.82344159637,-1,-1
1621849532174,1621849532214,40,5,228,12570.1997524855,-12625,131
1621849533063,1621849533133,70,4,250,12341.8248990083,-15556,271
1621849533283,1621849533313,30,5,289,15250.101466132,-6980,355
1621849533373,1621849533383,10,-1,34,-1.0,-1,-1
1621849533563,1621849533593,30,2,141,7532.00101805793,-6952,14
1621849533853,1621849533903,50,10,379,18348.619765808,-21113,186
1621849534303,1621849534323,20,0,140,9691.16923003024,-1,96
1621849534422,1621849534502,80,9,303,15989.0510162205,-15664,247
1621849534522,1621849534582,60,1,362,21966.1622619512,-23286,255
1621849535002,1621849535042,40,2,89,5717.2904886453,-4548,61
1621849535362,1621849535412,50,1,63,3157.33901870425,-2323,113
1621849535442,1621849535462,20,0,31,475.961719120642,-1,198
1621849535942,1621849535972,30,2,102,5311.75916446468,-5183,246
1621849536061,1621849536081,20,1,207,12823.1334981321,-1,80
1621849536171,1621849536271,100,6,184,1587.19211219788,-7386,274
1621849536531,1621849536561,30,2,165,7273.00093243353,-1,4
1621849537011,1621849537061,50,11,348,20548.3358165906,-14681,173
1621849537331,1621849537351,20,11,1681,109856.798160879,-1,19
1621849537441,1621849537491,50,7,230,7107.44933313791,-9781,253
1621849537541,1621849537551,10,-1,38,1539.92014439291,-1,-1
1621849537561,1621849537660,99,0,169,8395.79779229858,-9195,347
1621849537720,1621849537730,10,-1,52,-1.0,-1,-1
1621849537950,1621849537960,10,-1,529,51077.6407382935,-1,-1
1621849538070,1621849538150,80,9,774,-1.0,-56634,242
1621849538180,1621849538240,60,1,286,16387.5933944226,-15012,245
1621849538700,1621849538760,60,9,281,14305.0748731936,-15906,51
1621849539150,1621849539170,20,2,131,10410.8266104795,-1,121
1621849539180,1621849539229,49,3,156,13083.6864738947,-9867,274
1621849539289,1621849539379,90,6,278,11713.3566832741,-18174,264
1621849539439,1621849539459,20,0,128,-1.0,-8205,255
1621849539629,1621849539659,30,1,83,3749.18923834119,-3271,146
1621849540049,1621849540099,50,7,264,14062.5555784278,-11060,120
1621849540479,1621849540529,50,8,315,16971.5579271905,-13625,332
1621849540669,1621849540689,20,0,130,8413.94233132917,-1,74
1621849540789,1621849540858,69,7,524,2804.91736159072,-32015,258
1621849540888,1621849540898,10,-1,103,8189.83594071634,-1,-1
1621849540978,1621849540988,10,-1,102,-1.0,-1,-1
1621849541978,1621849542008,30,1,57,2674.73955827496,-2138,10
1621849542447,1621849542467,20,2,300,15753.43787379,-1,60
1621849542567,1621849542627,60,7,185,1888.12601086995,-7805,269
1621849542637,1621849542697,60,1,278,21487.961128971,-11377,150
1621849542747,1621849542857,110,4,605,30900.6638320093,-36002,84
1621849542897,1621849542937,40,1,55,1625.41592727482,-1418,80
1621849542967,1621849542977,10,-1,31,1199.19291905066,-1,-1
1621849543017,1621849543077,60,2,52,1373.99869097315,-342,98
1621849543117,1621849543137,20,0,65,4139.5996510605,-2949,209
1621849544176,1621849544186,10,-1,40,3147.18226180467,-1,-1
1621849544836,1621849544966,130,11,464,22616.5230062743,-32386,274
1621849544976,1621849545046,70,3,211,14316.6792175167,-8238,294
1621849545206,1621849545246,40,5,258,16653.3903128381,-13339,106
1621849545466,1621849545486,20,2,229,13520.831962572,-1,78
1621849545586,1621849545725,139,12,288,22581.9980770507,-13825,269
1621849545915,1621849545975,60,9,393,23888.5391388622,-15279,128
1621849545985,1621849546015,30,3,159,13599.3672832547,-10934,305
1621849546075,1621849546245,170,1,407,36727.3065596404,-34339,79
1621849546265,1621849546295,30,5,296,16634.9262016224,-1,85
1621849546355,1621849546365,10,-1,61,-1.0,-1,-1
1621849546375,1621849546445,70,0,297,18153.4998012995,-22393,183
1621849546595,1621849546705,110,5,325,21646.1812185835,-22911,106
1621849546905,1621849546935,30,1,221,-1.0,-17480,63
1621849547015,1621849547155,140,10,220,13133.3350718229,-9530,263
1621849547484,1621849547504,20,9,1502,102828.322832683,-1,156
1621849547604,1621849547764,160,10,1250,12626.6867827769,-91197,308
1621849547604,1621849547764,160,10,1250,12626.6867827769,-91197,308
1621849547794,1621849547934,140,9,342,15253.0273811422,-12722,78
1621849547994,1621849548014,20,0,55,2879.48597502283,-1,68
1621849548044,1621849548064,20,0,34,836.94924481846,-366,96
1621849548074,1621849548114,40,1,58,1983.95482832066,-1354,86
1621849548074,1621849548114,40,1,58,1983.95482832066,-1354,86
1621849548454,1621849548664,210,24,375,17807.2861642034,-19990,275
1621849548724,1621849548754,30,3,248,5892.21135819934,-832,83
1621849548764,1621849548824,60,7,186,9671.91523512805,-8496,265
1621849548864,1621849548884,20,0,33,731.733366590981,-1,128
1621849548934,1621849548954,20,0,42,1471.47609229157,-1143,95
1621849548963,1621849549053,89,11,281,12912.540698319,-14962,225
1621849549123,1621849549333,210,24,568,36102.976241649,-23229,69
1621849549343,1621849549363,20,1,128,10631.1298585296,-1,327
1621849549593,1621849549793,200,10,782,52260.3066988468,-45781,267
1621849549803,1621849549893,90,14,770,35541.3935403568,-58168,59
1621849549963,1621849550233,270,24,292,10854.0748791171,-11230,320
1621849550253,1621849550383,130,6,76,5514.9968628956,-1102,20
1621849550393,1621849550473,80,5,326,19664.3237372144,-1500,33
1621849550573,1621849550602,29,3,389,-1.0,-23253,204
1621849550612,1621849551112,500,28,826,39687.3510150182,-25418,47
1621849551172,1621849551282,110,4,58,1722.05840621793,-2166,217
1621849551322,1621849551442,120,4,116,6113.67888605464,-5649,166
1621849551522,1621849551572,50,11,426,23543.7036984247,-20146,117
1621849551592,1621849551712,120,7,98,4935.72503189035,-3164,297
1621849551722,1621849551742,20,0,41,1187.0642191304,-851,353
1621849551762,1621849551862,100,7,347,15706.7472293678,-12970,282
1621849552042,1621849552052,10,-1,33,1554.44012868966,-1,-1
1621849552062,1621849552112,50,1,83,3324.08334824014,-4898,318
1621849552142,1621849552192,50,2,74,3861.52788562656,-3363,92
1621849552361,1621849552411,50,8,286,16156.945721031,-15222,21
1621849552541,1621849552561,20,0,40,1065.38612490706,-407,165
1621849552621,1621849552631,10,-1,42,2048.61416245959,-1,-1
1621849552721,1621849552741,20,0,64,3456.22313473385,-1,144
1621849552751,1621849552761,10,-1,43,1522.28647281053,-1,-1
1621849552831,1621849552851,20,5,837,-1.0,-44516,250
1621849552911,1621849553031,120,6,150,524.813452455692,-5597,161
1621849553041,1621849553061,20,0,77,3189.35274845025,-1,146
1621849553171,1621849553181,10,-1,40,-1.0,-1,-1
1621849553201,1621849553261,60,2,56,2016.47565064727,-1657,271
1621849553341,1621849553381,40,1,42,1033.41405025519,-236,80
1621849553401,1621849553421,20,0,40,1584.23868501451,-729,77
1621849553501,1621849553631,130,7,96,3724.64298924168,-3767,278
1621849553681,1621849553701,20,2,259,13562.4937867338,-1,90
1621849553781,1621849553980,199,24,888,12065.9556829483,-78048,269
1621849554040,1621849554050,10,-1,31,675.864219181066,-1,-1
1621849554070,1621849554210,140,9,104,4018.88151773364,-2358,73
1621849554240,1621849554320,80,3,56,2298.90246749861,-1139,270
1621849554510,1621849554530,20,0,64,4060.19165226065,-1051,169
1621849554580,1621849554660,80,3,76,2660.60264869814,-2224,257
1621849554670,1621849554710,40,1,57,2305.1784770252,-1878,259
1621849554760,1621849554840,80,3,59,2223.19992460742,-1688,94
1621849554850,1621849554870,20,0,47,2924.99270033423,-1,12
1621849554970,1621849555040,70,3,76,2010.70318666606,-3695,254
1621849555130,1621849555180,50,2,54,1751.26615423363,-990,87
1621849555280,1621849555300,20,0,37,3496.62076322015,-249,270
1621849555310,1621849555350,40,1,43,1495.28942071302,-645,253
1621849555400,1621849555449,49,2,77,5098.49045881316,-3320,127
1621849555589,1621849555609,20,0,31,913.484282721645,-77,251
1621849555689,1621849555709,20,0,36,1970.63193884949,-1,106
1621849555729,1621849555779,50,3,127,7670.30485362792,-8157,9
1621849555879,1621849555949,70,2,58,1476.25646018868,-1411,235
1621849556039,1621849556059,20,1,59,4182.74132081664,-1,81
1621849556069,1621849556079,10,-1,43,1661.91656837709,-1,-1
1621849556179,1621849556239,60,6,168,5961.38081050464,-11714,229
1621849556319,1621849556389,70,5,143,8646.83100129191,-7199,78
1621849556559,1621849556589,30,1,62,1974.05001312729,-2381,90
1621849556609,1621849556639,30,1,90,3954.73472995939,-2989,9
1621849557039,1621849557068,29,2,110,6641.25131218829,-5783,172
1621849557238,1621849557288,50,1,54,2638.61868544066,-1260,66
1621849557338,1621849557448,110,7,107,6728.04889254232,-3713,270
1621849557808,1621849557858,50,2,299,24033.6655493538,-13994,15
1621849557978,1621849558018,40,2,81,2396.97210119133,-3704,250
1621849558028,1621849558308,280,6,170,6559.21783763468,-9436,113
1621849558318,1621849558418,100,6,194,9635.165331193,-12267,240
1621849558468,1621849558608,140,5,1119,70934.664942751,-53505,54
1621849558787,1621849558807,20,0,42,1507.84671951408,-1009,84
1621849558817,1621849558827,10,-1,32,724.93402623579,-1,-1
1621849558927,1621849558947,20,0,53,2848.12149542465,-1743,282
1621849558967,1621849558977,10,-1,32,772.845234478349,-1,-1
1621849559157,1621849559197,40,2,89,5793.82127151575,-4776,332
1621849559207,1621849559257,50,3,125,5099.60460985674,-3009,273
1621849559267,1621849559287,20,3,575,38973.9597679165,-1,142
1621849559387,1621849559477,90,25,1913,179344.879784099,-187474,54
1621849559537,1621849559567,30,1,63,1839.42627101708,-474,282
1621849559597,1621849559627,30,1,66,3404.08237479075,-2060,15
1621849559667,1621849559707,40,6,261,15440.8044406144,-14154,233
1621849559717,1621849559737,20,0,35,1291.60379162285,-1,276
1621849559787,1621849559807,20,0,106,7399.279981574,-1,321
1621849559897,1621849560057,160,10,327,7339.32715220629,-12434,172
1621849560077,1621849560157,80,3,84,5133.90099648815,-2017,149
1621849560267,1621849560287,20,3,850,-1.0,-66177,314
1621849560297,1621849560316,19,0,31,2271.39118447403,-176,108
1621849560666,1621849560746,80,7,870,44882.6819872451,-57167,301
1621849560906,1621849560946,40,2,85,3573.8327879406,-3143,133
1621849561236,1621849561276,40,7,1090,69034.7407349158,-1,10
1621849561366,1621849561426,60,5,381,32131.3225792847,-28167,25
1621849561436,1621849561536,100,12,219,13632.128795599,-5105,83
1621849561576,1621849561636,60,4,137,6244.87145732717,-4333,259
1621849561716,1621849561766,50,19,548,6427.88115320342,-28864,313
1621849561776,1621849561836,60,4,85,4427.7732473051,-3702,83
1621849561906,1621849561955,49,1,49,922.954971277063,-1407,259
1621849562035,1621849562085,50,2,63,2262.2966848842,-1517,83
1621849562165,1621849562195,30,1,51,3106.71980019987,-1844,171
1621849562225,1621849562305,80,3,65,1719.9468289773,-1391,247
1621849562375,1621849562455,80,3,61,3205.91280929689,-2025,103
1621849562575,1621849562655,80,3,66,1804.50127140769,-2755,266
1621849562665,1621849562695,30,2,105,3941.42842699659,-2869,316
1621849562735,1621849562745,10,-1,30,833.373697738866,-1,-1
1621849562765,1621849562795,30,1,70,2391.31238325509,-1088,77
1621849562925,1621849563165,240,12,308,27499.7406410805,-5512,245
1621849563175,1621849563305,130,8,96,3919.55507861168,-4521,80
1621849563515,1621849563565,50,38,1250,93905.3717267727,-59196,309
1621849563575,1621849563614,39,1,49,2189.81111161736,-1301,69
1621849564034,1621849564054,20,2,271,17710.8945781253,-1,92
1621849564144,1621849564214,70,5,810,11019.98237791,-58110,7
1621849564224,1621849564254,30,1,67,3641.10029274621,-1713,278
1621849564274,1621849564504,230,18,178,5808.44542530604,-8834,270
1621849564614,1621849564764,150,23,282,11261.0262059645,-6020,83
1621849564824,1621849564874,50,2,286,21699.0378406431,-10791,267
1621849564884,1621849565064,180,17,254,15615.5657804389,-7487,257
1621849565094,1621849565193,99,7,127,4701.35831820235,-3339,83
1621849565203,1621849565223,20,0,38,980.46165658167,-752,90
1621849565293,1621849565323,30,1,79,4848.85604850539,-2234,266
1621849565443,1621849565473,30,1,63,3314.15465599514,-1709,28
1621849565653,1621849565673,20,0,37,908.636845508896,-221,240
1621849565833,1621849565853,20,0,132,7947.15940668353,-1,80
1621849565943,1621849566023,80,24,747,12930.2653353752,-25361,332
1621849566443,1621849566463,20,0,52,3890.42844763642,-1117,335
1621849566753,1621849566773,20,2,191,10211.8966792975,-1,82
1621849566872,1621849566922,50,7,514,20326.8109318143,-39482,228
1621849567502,1621849567512,10,-1,87,6980.03236960864,-1,-1
1621849567582,1621849567652,70,29,1276,-1.0,-44672,341
1621849568182,1621849568192,10,-1,30,208.420953158362,-1,-1
1621849568282,1621849568332,50,3,103,4576.87549916736,-4520,108
1621849568461,1621849568521,60,1,37,876.746974291517,-504,278
1621849568591,1621849568641,50,2,88,3252.02189295116,-4051,80
1621849568741,1621849568761,20,0,43,2507.11349718273,-287,19
1621849569501,1621849569681,180,16,771,17149.4325582302,-44695,311
1621849569751,1621849569761,10,-1,31,756.296021768752,-1,-1
1621849569771,1621849569821,50,7,281,13542.7978826129,-13282,286
1621849569851,1621849569861,10,-1,40,2011.46509646599,-1,-1
1621849570011,1621849570050,39,4,175,8005.75859902733,-8221,127
1621849570310,1621849570330,20,0,43,2193.15539164922,-1,216
1621849570460,1621849570480,20,0,246,20523.4149544971,-1,81
1621849570570,1621849570620,50,11,490,27452.5220792647,-20821,210
1621849570860,1621849570920,60,8,307,14991.0020941655,-18881,24
1621849571240,1621849571280,40,3,136,6445.38953924785,-6936,197
1621849571510,1621849571530,20,9,1580,110872.364950337,-1,136
1621849571620,1621849571670,50,4,907,20231.5221368269,-79662,304
1621849571699,1621849571729,30,1,62,2417.61879445502,-3040,277
1621849571769,1621849571819,50,5,179,8181.76379141836,-8274,266
1621849572429,1621849572459,30,1,89,4803.00200165395,-3614,173
1621849572689,1621849572799,110,6,174,7192.01495791402,-8144,60
1621849572839,1621849572859,20,0,106,6046.24524265315,-1,198
1621849572929,1621849572949,20,0,60,4230.63759012721,-23,204
1621849572969,1621849572999,30,0,45,3099.62129586512,-667,183
1621849573009,1621849573029,20,2,340,19573.4793245007,-1,354
1621849573119,1621849573408,289,15,369,4464.47168645291,-14321,199
1621849573498,1621849573818,320,21,158,5105.62992128836,-4049,354
1621849573868,1621849573918,50,2,86,2153.2126673321,-4113,175
1621849573928,1621849574098,170,11,121,6172.83679355739,-3386,159
1621849574108,1621849574128,20,0,31,203.176739434385,-25,156
1621849574318,1621849574338,20,0,35,977.710028737248,-224,0
1621849574458,1621849574488,30,2,121,6772.3053024794,-5303,164
1621849575097,1621849575137,40,1,67,2664.86275605389,-2571,346
1621849575417,1621849575457,40,2,117,3121.45147612212,-1,316
1621849575537,1621849575557,20,0,69,-1.0,-1486,323
1621849575607,1621849575627,20,0,44,2668.04691007876,-1,138
1621849575647,1621849575757,110,7,102,2566.92324160608,-3042,166
1621849575777,1621849575887,110,5,69,1482.67661573164,-2582,125
1621849575967,1621849576017,50,4,138,6728.37794244955,-5540,313
1621849576117,1621849576227,110,5,88,2792.856578967,-2243,92
1621849576287,1621849576337,50,12,1982,133327.871183063,-2756,168
1621849576407,1621849576477,70,15,994,59893.7523779011,-71777,181
1621849576487,1621849576517,30,0,39,1396.22499745184,-638,68
1621849576626,1621849576636,10,-1,32,336.174138288791,-1,-1
1621849576716,1621849576846,130,7,109,4521.34736071457,-3451,82
1621849576906,1621849577176,270,18,176,4779.80538361318,-7453,219
1621849577196,1621849577416,220,30,265,11781.7440892794,-14173,359
1621849577436,1621849577646,210,26,189,4963.38390008599,-2947,158
1621849577666,1621849577796,130,7,2606,200808.66187419,-8442,79
1621849577856,1621849577966,110,19,2410,92697.1810384608,-187612,308
1621849578006,1621849578066,60,3,77,2264.32862488271,-2733,18
1621849578086,1621849578096,10,-1,31,470.208141688637,-1,-1
1621849578126,1621849578185,59,4,107,4088.79677559077,-2496,202
1621849578245,1621849578355,110,5,88,2303.4648581649,-3038,70
1621849578405,1621849578485,80,3,63,1758.10962877334,-1455,239
1621849578555,1621849578635,80,3,47,1989.9774079085,-644,101
1621849578725,1621849578775,50,2,75,3056.74103542904,-1698,244
1621849578835,1621849578955,120,6,73,2308.68949417612,-2228,92
1621849578995,1621849579095,100,4,71,3870.32354643476,-2232,192
1621849579115,1621849579165,50,1,46,799.692804620623,-1446,115
1621849579205,1621849579235,30,11,1699,111158.787400997,-1,17
1621849579315,1621849579395,80,9,1328,169.941604836335,-106939,226
1621849579415,1621849579425,10,-1,30,537.807650923591,-1,-1
1621849579515,1621849579695,180,10,97,2670.80798340447,-2214,346
1621849579984,1621849580024,40,1,72,1952.91919118074,-1,352
1621849580124,1621849580234,110,1,428,17453.0237202748,-25396,305
1621849580264,1621849580564,300,13,510,23918.1783755117,-32304,338
1621849580574,1621849580624,50,5,224,13008.1244248989,-13709,298
1621849580814,1621849580844,30,0,44,1049.0815062191,-1270,63
1621849580944,1621849581004,60,2,48,1395.44903065137,-544,170
1621849581054,1621849581094,40,9,394,35374.733521288,-33768,234
1621849581104,1621849581174,70,4,147,12518.9074703186,-5849,43
1621849581184,1621849581264,80,16,391,17108.8575187555,-10650,315
1621849581274,1621849581394,120,7,208,17464.0854402587,-12104,138
1621849581473,1621849581713,240,11,469,42175.6402944512,-30474,147
1621849581813,1621849581863,50,1,44,1274.68666240827,-767,59
1621849581973,1621849582003,30,1,92,6117.6959462592,-5327,186
1621849582653,1621849582683,30,1,77,5034.72339729834,-4453,11
1621849583072,1621849583102,30,1,83,3320.18491963946,-3299,173
1621849583242,1621849583262,20,1,225,12697.6340512151,-1,78
1621849583332,1621849583372,40,7,1304,-1.0,-101151,260
1621849583992,1621849584022,30,1,88,4627.82146195752,-3300,353
1621849584302,1621849584332,30,1,77,4673.84948564476,-4001,165
1621849584582,1621849584602,20,1,174,9318.14521094896,-1,79
1621849584662,1621849584881,219,22,1362,7618.62826742155,-46812,196
1621849584921,1621849584941,20,0,69,4581.84723677582,-1396,298
1621849584961,1621849585081,120,7,88,2479.99035031032,-1967,285
1621849585141,1621849585261,120,6,91,1962.67864560013,-2888,97
1621849585351,1621849585521,170,8,92,2901.975044043,-4178,272
1621849585561,1621849585681,120,6,84,2647.51866182811,-4199,98
1621849585801,1621849585901,100,3,53,1235.41066098062,-889,282
1621849585981,1621849586071,90,4,51,1689.71002171226,-1181,101
1621849586181,1621849586231,50,3,101,3567.97522422567,-5057,317
1621849586350,1621849586380,30,10,1180,68486.6943806769,-1,52
1621849586470,1621849586510,40,4,257,-1.0,-9118,262
1621849586700,1621849586710,10,-1,32,249.40944937212,-1,-1
1621849586810,1621849586840,30,1,85,5815.56598598424,-5000,178
1621849587000,1621849587170,170,26,623,36695.7828028562,-28123,183
1621849587180,1621849587230,50,2,89,5917.07230206159,-4273,351
1621849587320,1621849587420,100,28,619,31899.1032499827,-26752,3
1621849587460,1621849587470,10,-1,33,452.94189479183,-1,-1
1621849587620,1621849587650,30,2,112,6104.64673462379,-4231,178
1621849588109,1621849588189,80,25,632,19529.2017133145,-23759,337
1621849588329,1621849588339,10,-1,31,1289.42817548411,-1,-1
1621849588349,1621849588389,40,4,149,7249.16323797565,-4670,271
1621849588399,1621849588429,30,0,35,531.327545976444,-265,115
1621849588489,1621849588499,10,-1,41,2432.41289710485,-1,-1
1621849588579,1621849588719,140,13,1086,29898.4835851404,-65806,235
1621849588739,1621849588829,90,7,111,5445.76810280791,-3405,108
1621849588959,1621849588999,40,1,80,2697.7308732871,-2301,337
1621849589199,1621849589249,50,2,57,2819.22629352733,-1264,280
1621849589339,1621849589369,30,1,49,1245.31244048429,-225,98
1621849589399,1621849589429,30,1,81,3811.12336632218,-4628,169
1621849589439,1621849589449,10,-1,30,1128.52435862878,-1,-1
1621849589469,1621849589499,30,1,62,2246.79915605134,-1762,295
1621849589598,1621849589618,20,0,44,1705.60133744239,-459,90
1621849589818,1621849589838,20,2,346,22837.0948657457,-1,79
1621849589898,1621849589978,80,21,1167,-1.0,-49578,217
1621849590098,1621849590128,30,0,40,1503.98628456712,-767,60
1621849590388,1621849590398,10,-1,73,5845.08628030533,-1,-1
1621849590708,1621849590758,50,25,1140,53549.0958791971,-6939,155
1621849590848,1621849591187,339,17,526,4777.94914206495,-22068,8
1621849591197,1621849591267,70,8,249,11994.6807783756,-13948,310
1621849591277,1621849591297,20,0,35,1280.32323240461,-1,56
1621849591347,1621849591427,80,9,197,6336.79625316064,-8680,219
1621849591467,1621849591477,10,-1,30,122.439064543613,-1,-1
1621849591537,1621849591547,10,-1,55,3389.49493173608,-1,-1
1621849591557,1621849591567,10,-1,36,2007.08629546041,-1,-1
1621849591607,1621849591667,60,10,296,16486.5339545261,-9122,282
1621849591677,1621849591687,10,-1,30,2630.08919946039,-1,-1
1621849591867,1621849591927,60,5,248,10067.41826553,-19659,340
1621849591937,1621849591977,40,2,82,2902.96122017611,-4530,83
1621849592017,1621849592047,30,2,105,5118.87964674343,-5450,197
1621849592107,1621849592117,10,-1,40,2000.77743313284,-1,-1
1621849592157,1621849592217,60,13,469,26984.2901496737,-35088,103
1621849592267,1621849592317,50,0,61,3262.03732446749,-2806,296
1621849592377,1621849592587,210,16,197,12889.8877246762,-15015,183
1621849592597,1621849592906,309,12,1173,91637.1471394464,-59275,357
1621849593106,1621849593126,20,0,43,3827.97618746065,-1,277
1621849593196,1621849593266,70,15,618,39653.7658223739,-29346,301
1621849593276,1621849593316,40,3,100,7006.9708572878,-4244,87
1621849593356,1621849593366,10,-1,31,1348.34133020783,-1,-1
1621849593406,1621849593556,150,4,225,18290.7227582133,-16928,282
1621849593646,1621849593666,20,0,51,1417.79048808263,-1,169
1621849593676,1621849593746,70,26,1190,99575.8366479334,-61304,15
1621849593756,1621849593886,130,15,185,14537.1052149522,-7170,144
1621849593896,1621849593916,20,0,34,738.434102541314,-12,180
1621849593936,1621849594016,80,4,76,2505.69953009846,-2032,244
1621849594046,1621849594056,10,-1,32,676.22010764863,-1,-1
1621849594086,1621849594136,50,1,60,3078.10009392296,-2078,122
1621849594146,1621849594156,10,-1,32,347.91856997941,-1,-1
1621849594276,1621849594296,20,0,32,734.513843055647,-12,270
1621849594346,1621849594376,30,2,105,7230.1684675319,-5332,154
1621849594875,1621849594905,30,1,79,3546.1945609131,-3356,7
1621849595205,1621849595215,10,-1,43,2293.79611632803,-1,-1
1621849595335,1621849595355,20,0,64,4356.69656894647,-1,203
1621849595455,1621849595495,40,0,218,14530.5125514985,-1,76
1621849595565,1621849595615,50,13,847,-1.0,-35063,295
1621849595815,1621849595825,10,-1,43,1795.18346388582,-1,-1
1621849595905,1621849595965,60,2,58,1775.79122505148,-780,270
1621849596005,1621849596015,10,-1,31,549.079269302021,-1,-1
1621849596104,1621849596174,70,3,76,1717.53596296342,-2088,98
1621849596284,1621849596294,10,-1,32,490.800998202075,-1,-1
1621849596404,1621849596434,30,1,65,4700.43623833649,-3504,198
1621849596704,1621849596724,20,0,38,1044.61061996663,-749,262
1621849596754,1621849596764,10,-1,32,498.871201004422,-1,-1
1621849596884,1621849596934,50,2,92,3997.85120799486,-4595,12
1621849597104,1621849597114,10,-1,120,10266.3362894869,-1,-1
1621849597194,1621849597254,60,12,664,-1.0,-22141,288
1621849597394,1621849597404,10,-1,32,514.714401667937,-1,-1
1621849597544,1621849597594,50,1,48,1480.78336983545,-341,276
1621849597963,1621849597993,30,1,70,3296.4171855689,-679,146
1621849598233,1621849598303,70,2,42,703.155939028759,-435,279
1621849598313,1621849598353,40,2,107,6541.38304213548,-6259,319
1621849598393,1621849598433,40,1,67,2912.7229996293,-3174,96
1621849598443,1621849598483,40,1,57,1738.99772087607,-1667,97
1621849598743,1621849598763,20,11,1774,119142.769357002,-1,1
1621849598833,1621849598873,40,6,1149,-1.0,-88455,214
1621849598883,1621849598903,20,0,41,875.225230414577,-1,246
1621849598993,1621849599023,30,0,43,1291.59468487183,-481,66
1621849599073,1621849599093,20,0,35,2007.32017843364,-505,186
1621849599123,1621849599173,50,3,90,4776.68304228412,-2968,271
1621849599183,1621849599203,20,0,40,1329.53032498774,-1,270
1621849599253,1621849599272,19,1,88,6179.33032002052,-1,83
1621849599292,1621849599352,60,3,98,5112.59165130575,-3141,84
1621849599372,1621849599382,10,-1,47,3935.32264927668,-1,-1
1621849599442,1621849599492,50,2,99,1503.48822956934,-3616,270
1621849599512,1621849599612,100,5,128,5234.12803562645,-6280,68
1621849599692,1621849599782,90,5,72,3019.43052858716,-1512,280
1621849599832,1621849599912,80,3,75,4362.71874931624,-3849,90
1621849600012,1621849600062,50,2,117,3695.66902198335,-4869,178
1621849600112,1621849600132,20,0,37,1401.65951402589,-1,69
1621849600352,1621849600472,120,5,61,1508.89060297726,-1851,72
1621849600482,1621849600612,130,6,92,3444.88427461266,-2544,280
1621849600672,1621849600762,90,5,100,5030.32200905325,-2988,83
1621849600812,1621849600911,99,6,128,4180.46511291266,-4605,239
1621849600971,1621849600991,20,0,103,4266.72526330128,-1,81
1621849601051,1621849601101,50,4,163,1554.4392703568,-6681,64
1621849601141,1621849601241,100,8,197,8145.50203000412,-8438,266
1621849601251,1621849601261,10,-1,142,11680.2936900164,-1,-1
1621849601321,1621849601381,60,22,1306,7570.40366863264,-75975,332
1621849601431,1621849601531,100,4,67,1837.17139954383,-1694,253
1621849601611,1621849601621,10,-1,32,1106.03871396663,-1,-1
1621849601691,1621849601761,70,3,68,2472.58544433214,-2511,278
1621849602131,1621849602151,20,0,35,2488.37891948486,-264,119
1621849602231,1621849602271,40,1,57,2500.99713778992,-2782,192
1621849602391,1621849602401,10,-1,63,3628.82247879115,-1,-1
1621849602461,1621849602471,10,-1,111,-1.0,-1,-1
1621849602540,1621849602600,60,6,399,1125.15445753175,-11151,211
1621849602760,1621849602770,10,-1,30,313.625195352655,-1,-1
1621849602860,1621849602930,70,6,688,49316.4662984344,-38306,79
