start,end,duration,amplitude,peak_velocity,peak_acceleration,peak_deceleration,direction
1621586519919,1621586519929,10,-1,32,549.632134170851,-1,-1
1621586520988,1621586521038,50,15,2971,210024.019248335,-46685,108
1621586521128,1621586521208,80,15,950,11491.3746931418,-48826,300
1621586521218,1621586521228,10,-1,33,1379.76251172295,-1,-1
1621586523247,1621586523277,30,4,280,15187.9320118493,-1,82
1621586523407,1621586523457,50,5,181,2895.34787618727,-9466,270
1621586523477,1621586523507,30,1,50,2712.77916844575,-2024,177
1621586524147,1621586524266,119,34,495,11227.522682991,-22148,136
1621586524276,1621586524636,360,19,573,18749.4367287479,-42333,124
1621586524656,1621586524946,290,23,309,19110.5333302934,-18718,355
1621586524956,1621586524966,10,-1,38,2223.91235515189,-1,-1
1621586524976,1621586525016,40,1,115,10420.0834327487,-4266,324
1621586525036,1621586525056,20,1,64,3891.49408568896,-2108,313
1621586525146,1621586525156,10,-1,43,3814.08795577741,-1,-1
1621586525236,1621586525256,20,2,127,10591.7869456719,-499,10
1621586525266,1621586525336,70,16,505,21687.4676256762,-9293,221
1621586525436,1621586525506,70,9,294,698.768526882324,-12996,248
1621586525526,1621586525546,20,1,61,3426.54056900696,-1,177
1621586525556,1621586525576,20,0,45,2687.22711715085,-1,239
1621586525606,1621586525666,60,5,96,5121.74362399614,-3929,37
1621586525696,1621586525706,10,-1,42,1570.9323962737,-1,-1
1621586525726,1621586525856,130,44,705,18593.8250082879,-17690,55
1621586525866,1621586526035,169,10,328,20885.4577752137,-26197,19
1621586526055,1621586526145,90,15,792,55382.1206232947,-36259,328
1621586526505,1621586526695,190,6,432,26192.5664771071,-29026,270
1621586526805,1621586526895,90,14,596,23149.3358014196,-43129,235
1621586526905,1621586526975,70,3,86,2706.651141221,-1917,147
1621586526985,1621586527025,40,1,84,6904.01908658788,-2504,315
1621586527035,1621586527095,60,2,53,3351.3515400485,-1622,107
1621586527105,1621586527175,70,2,73,3134.65639455157,-2568,159
1621586527185,1621586527215,30,1,70,3649.16190751744,-3657,3
1621586527295,1621586527305,10,-1,32,2276.15892569178,-1,-1
1621586527505,1621586527525,20,0,108,8322.34736461585,-6313,153
1621586527565,1621586527624,59,2,284,14532.3061881246,-18402,59
1621586527664,1621586527684,20,2,305,20748.632927891,-1,195
1621586527814,1621586527894,80,9,514,4338.71085895379,-32444,352
1621586527914,1621586528064,150,39,621,14894.371066581,-19132,147
1621586528154,1621586528274,120,10,513,24399.0802338213,-29269,23
1621586528414,1621586528454,40,4,156,9683.54549156161,-8643,344
1621586528684,1621586528764,80,26,447,20507.7269042418,-8576,1
1621586529843,1621586529953,110,45,825,22290.5507382807,-50127,222
1621586529973,1621586529993,20,0,34,2278.08558897304,-1,0
1621586530003,1621586530023,20,0,33,585.308517660179,-274,56
1621586530063,1621586530073,10,-1,30,1763.51438266262,-1,-1
1621586530283,1621586530313,30,2,113,6296.88993938451,-5046,155
1621586530393,1621586530513,120,15,316,12890.7816207808,-16075,83
1621586530893,1621586531062,169,23,506,23820.6492456638,-33118,334
1621586531172,1621586531262,90,22,1124,36115.3521436276,-93988,194
1621586531362,1621586531372,10,-1,52,2529.57149978354,-1,-1
1621586531482,1621586531562,80,5,103,3235.01431099346,-1825,274
1621586531842,1621586532092,250,17,523,20210.1791497458,-16212,39
1621586532112,1621586532282,170,7,63,1725.52036698962,-1482,242
1621586532322,1621586532342,20,0,37,1010.54565572742,-444,215
1621586532352,1621586532422,70,2,42,564.903223967841,-246,207
1621586532701,1621586532781,80,7,160,7720.55436503369,-6274,292
1621586532841,1621586532861,20,0,32,1335.14869145413,-10,50
1621586532881,1621586532921,40,1,68,3354.53181491956,-1459,300
1621586533001,1621586533031,30,1,70,4257.69194753016,-2894,49
1621586533081,1621586533091,10,-1,33,1861.82477457382,-1,-1
1621586533101,1621586533171,70,7,273,13339.3578273957,-11465,93
1621586534021,1621586534111,90,10,263,13585.7810738132,-8172,269
1621586534370,1621586534390,20,0,38,1706.73943239414,-727,323
1621586534430,1621586534490,60,10,314,14990.3261550184,-14493,86
1621586534720,1621586534760,40,3,136,7195.75642265789,-4281,357
1621586534770,1621586534790,20,0,75,5064.05000770721,-2546,26
1621586534820,1621586534950,130,6,109,4360.60839277741,-2561,64
1621586535040,1621586535070,30,2,495,-1.0,-35319,135
1621586535300,1621586535330,30,2,104,7264.87494831783,-5481,159
1621586535490,1621586535510,20,0,47,2052.75708183521,-1,284
1621586535580,1621586535620,40,0,325,23915.1206881455,-3450,58
1621586535630,1621586535650,20,0,230,20532.0775612911,-18044,227
1621586535959,1621586536089,130,36,623,29715.2591388075,-23905,340
1621586536099,1621586536139,40,1,87,6901.35688224756,-2214,53
1621586536339,1621586536449,110,28,430,11674.7586802155,-13503,153
1621586536619,1621586536689,70,11,250,13775.419089723,-9005,185
1621586537399,1621586537548,149,38,472,19357.2476290046,-17492,330
1621586537608,1621586537678,70,2,143,10879.6650100666,-7398,278
1621586537948,1621586538018,70,21,593,30594.8350659972,-50133,135
1621586538128,1621586538208,80,19,430,14874.5666629684,-13042,153
1621586538348,1621586538388,40,3,119,5690.91952815925,-5786,180
1621586538588,1621586538598,10,-1,31,2372.48698294398,-1,-1
1621586538788,1621586538808,20,1,266,17078.7872528219,-1,86
1621586538978,1621586539038,60,3,162,6138.41993676522,-6595,272
1621586539567,1621586539617,50,6,254,12328.280804552,-9560,98
1621586539887,1621586539927,40,3,132,6636.00234791481,-7142,270
1621586540267,1621586540367,100,20,337,14130.3494883909,-11363,1
1621586540377,1621586540407,30,2,97,3713.83766109439,-3355,110
1621586540427,1621586540437,10,-1,40,1124.62639273525,-1,-1
1621586540447,1621586540457,10,-1,32,1733.61281305641,-1,-1
1621586540567,1621586540597,30,0,92,4259.57718111915,-1,141
1621586540707,1621586540787,80,23,548,20740.2462586413,-22144,336
1621586540797,1621586540817,20,3,182,15452.2403596372,-1,61
1621586540926,1621586540966,40,3,121,7109.85482727552,-3278,287
1621586541176,1621586541266,90,22,389,17860.4135095226,-8560,147
1621586541286,1621586541306,20,0,70,4487.12246650704,-2546,71
1621586541326,1621586541356,30,3,192,16909.9052032581,-15074,198
1621586541616,1621586541706,90,17,353,12041.2471835258,-11468,256
1621586541926,1621586541976,50,1,49,2385.71261280698,-1395,241
1621586542126,1621586542156,30,1,92,4164.24516969049,-1,272
1621586542166,1621586542206,40,4,352,16759.6977430996,-1,4
1621586542306,1621586542346,40,6,301,-1.0,-11346,340
1621586542356,1621586542406,50,8,357,24213.1904710482,-31596,303
1621586542496,1621586542516,20,11,446,44233.6887711256,-1028,117
1621586542565,1621586542685,120,10,369,17293.6939546032,-20298,155
1621586542755,1621586542835,80,22,479,22350.4780994596,-18697,146
1621586542955,1621586543005,50,5,193,9223.61365268745,-6994,198
1621586543125,1621586543165,40,2,105,5628.0413915603,-3852,270
1621586543685,1621586543835,150,15,303,13406.0758698796,-12841,303
1621586543855,1621586543965,110,7,716,48769.8022194154,-53801,192
1621586544165,1621586544224,59,15,882,30069.0283988194,-1,22
1621586544334,1621586544364,30,3,247,-1.0,-9405,303
1621586544464,1621586544484,20,0,48,3354.35938555913,-619,68
1621586544584,1621586544684,100,33,517,18912.2301288436,-16052,144
1621586544934,1621586545004,70,9,220,10266.9627473232,-9089,198
1621586545094,1621586545144,50,13,1036,43829.1832258333,-1,14
1621586546393,1621586546513,120,13,324,5079.31674417345,-13674,119
1621586546523,1621586546573,50,3,104,3981.2726044033,-4191,257
1621586546583,1621586546663,80,11,309,15462.4534047344,-10787,193
1621586546793,1621586546863,70,13,344,18872.0340798618,-12786,263
1621586547153,1621586547173,20,0,65,4354.81471927628,-1505,259
1621586547393,1621586547443,50,3,131,8382.24539361603,-6294,319
1621586547802,1621586547812,10,-1,45,2630.35407083914,-1,-1
1621586547822,1621586547832,10,-1,36,760.115138364314,-1,-1
1621586547892,1621586547902,10,-1,31,397.463656097397,-1,-1
1621586547922,1621586547932,10,-1,33,544.089705751495,-1,-1
1621586547962,1621586548072,110,28,405,15898.5552326201,-10741,359
1621586548152,1621586548162,10,-1,30,2375.49091304643,-1,-1
1621586548212,1621586548252,40,2,87,3694.64395106956,-4182,29
1621586548272,1621586548302,30,2,86,4391.63528982763,-5120,329
1621586548312,1621586548342,30,2,107,5530.80644178265,-5658,151
1621586548482,1621586548542,60,9,234,11784.672727019,-7202,346
1621586548622,1621586548822,200,36,460,23353.9069805801,-18604,132
1621586548832,1621586548842,10,-1,32,997.32032791179,-1,-1
1621586548882,1621586548902,20,0,32,508.52918219197,-4,270
1621586548912,1621586548962,50,1,45,1197.51899054938,-706,266
1621586548982,1621586549032,50,5,185,10210.8985407216,-7490,45
1621586549122,1621586549132,10,-1,31,349.800232681143,-1,-1
1621586549142,1621586549271,129,13,951,78008.5705062487,-81478,161
1621586549301,1621586549441,140,5,230,7908.72020920157,-9696,291
1621586549451,1621586549491,40,1,50,1717.68111482312,-1062,261
1621586549641,1621586549661,20,0,34,1608.531546706,-1,83
1621586550900,1621586550920,20,0,49,3883.94132854865,-1274,262
1621586551210,1621586551260,50,5,155,6999.56606879283,-7272,169
1621586551440,1621586551450,10,-1,59,4228.86124328541,-1,-1
1621586551460,1621586551520,60,5,163,8864.5265492999,-5657,349
1621586551900,1621586551930,30,4,296,12592.6422408753,-1,36
1621586551940,1621586551980,40,5,337,31127.790528318,-17399,219
1621586552000,1621586552040,40,5,210,13333.4078113235,-13876,38
1621586552050,1621586552080,30,3,178,9213.90438146855,-4041,210
1621586552170,1621586552230,60,12,627,7801.78595229508,-29708,238
1621586552240,1621586552280,40,3,150,9021.54879067345,-2173,86
1621586552290,1621586552330,40,4,168,9179.13681126012,-10182,272
1621586552619,1621586552669,50,6,218,8384.91338379357,-10436,354
1621586552819,1621586552889,70,13,256,14580.2938031419,-6337,52
1621586552919,1621586552969,50,2,66,2759.26483205092,-2993,63
1621586553039,1621586553089,50,3,127,6457.51507151696,-6565,227
1621586553359,1621586553399,40,3,175,6767.50263970017,-1,284
1621586553409,1621586553439,30,1,162,14153.9665834154,-9555,310
1621586553569,1621586553609,40,1,152,12293.1156748052,-6352,101
1621586553839,1621586553939,100,13,609,39068.0939289526,-44613,301
1621586554009,1621586554069,60,4,424,34583.991715147,-18023,173
1621586554099,1621586554168,69,6,246,12421.7348618902,-8289,348
1621586554318,1621586554358,40,3,128,6137.48158287155,-6252,161
1621586554898,1621586555008,110,8,190,9666.88301376598,-8761,18
1621586555098,1621586555168,70,2,268,12988.3239615927,-17314,322
1621586555178,1621586555228,50,2,226,9415.06481641258,-12598,182
1621586555318,1621586555408,90,1,155,8613.53087404654,-12338,137
1621586555438,1621586555518,80,10,1026,46264.3246686725,-7089,65
1621586555628,1621586555678,50,8,297,4671.21733914572,-15671,230
1621586555768,1621586555778,10,-1,38,1818.99923899811,-1,-1
1621586555917,1621586555997,80,9,245,14160.9672162499,-11108,78
1621586556027,1621586556067,40,2,106,6678.10921732717,-3922,270
1621586556077,1621586556087,10,-1,37,1223.48464085295,-1,-1
1621586556277,1621586556297,20,1,144,8410.45843776459,-1,235
1621586556307,1621586556327,20,1,119,9698.57275233267,-7295,36
1621586556437,1621586556497,60,4,136,10626.6919642182,-3835,264
1621586556907,1621586556947,40,3,134,7438.60481070303,-6313,168
1621586557177,1621586557227,50,4,152,8534.06913236074,-6733,3
1621586557457,1621586557476,19,0,44,3893.39437950448,-461,291
1621586557536,1621586557566,30,1,77,3595.07812913098,-3076,270
1621586557586,1621586557606,20,0,77,5285.01683959406,-3800,37
1621586557616,1621586557646,30,1,75,4073.27084925835,-3656,231
1621586557736,1621586557886,150,12,368,15616.1983504972,-12684,347
1621586558016,1621586558076,60,5,256,9772.08717244548,-14612,338
1621586558116,1621586558126,10,-1,33,1109.71379140226,-1,-1
1621586558136,1621586558146,10,-1,52,3345.53855128229,-1,-1
1621586558156,1621586558206,50,2,152,9864.34013931239,-9293,242
1621586558236,1621586558386,150,18,480,44062.4540665489,-42636,216
1621586558576,1621586558626,50,5,141,8003.974148208,-5114,247
1621586558636,1621586558666,30,0,103,7552.5930551357,-6914,56
1621586558796,1621586558926,130,18,588,45819.5692543394,-40389,101
1621586558936,1621586558946,10,-1,38,1275.31184116893,-1,-1
1621586559036,1621586559066,30,1,63,3082.41747931464,-2302,130
1621586559115,1621586559315,200,5,865,52249.2712993153,-75145,135
1621586559325,1621586559335,10,-1,623,59463.1667770681,-1,-1
1621586559345,1621586559405,60,5,1098,61451.6075522008,-20783,274
1621586559535,1621586559565,30,1,109,3008.43084802329,-5719,168
1621586559575,1621586559625,50,0,134,6183.05734577846,-5575,72
1621586559705,1621586559725,20,0,40,2646.08674777226,-184,67
1621586559735,1621586559755,20,0,33,1202.74002657326,-6,206
1621586559775,1621586559925,150,24,412,15687.0003186278,-21558,343
1621586559935,1621586559975,40,3,416,30812.3100570304,-20394,145
1621586561104,1621586561254,150,10,139,4205.78269104985,-6705,174
1621586561374,1621586561504,130,12,186,5689.96271184796,-4518,179
1621586561514,1621586561674,160,26,508,21228.1875376649,-21762,101
1621586561694,1621586561884,190,26,416,17990.7867971294,-13867,258
1621586561904,1621586561914,10,-1,31,355.435568676413,-1,-1
1621586562014,1621586562024,10,-1,30,879.915131038558,-1,-1
1621586562054,1621586562134,80,5,184,8114.41057698591,-1908,102
1621586562144,1621586562194,50,6,223,19286.2897360779,-11605,271
1621586562214,1621586562224,10,-1,55,3331.19293532045,-1,-1
1621586562284,1621586562324,40,1,105,4964.07503614088,-7239,221
1621586562284,1621586562324,40,1,105,4964.07503614088,-7239,221
1621586562334,1621586562344,10,-1,95,8691.80362369553,-1,-1
1621586562354,1621586562364,10,-1,84,6115.4623891116,-1,-1
1621586562374,1621586562384,10,-1,35,2070.50698417232,-1,-1
1621586562404,1621586562423,19,0,36,2924.55802132521,-1,240
1621586562443,1621586562463,19,0,35,1411.09032399447,-1,255
1621586562523,1621586562563,40,4,178,9730.81291451365,-9914,334
1621586562823,1621586562893,70,11,345,12635.997674077,-18170,162
1621586562983,1621586563003,20,0,44,2272.52889504147,-731,261
1621586563093,1621586563103,10,-1,48,1853.59038735136,-1,-1
1621586563153,1621586563163,10,-1,33,326.01066621171,-1,-1
1621586563173,1621586563313,140,26,425,15541.7286801089,-18870,63
1621586563323,1621586563373,50,3,110,5237.42466777779,-4859,201
1621586563393,1621586563423,30,2,99,6231.14656252393,-1390,99
1621586563433,1621586563673,240,38,619,25963.0437383728,-17887,243
1621586563703,1621586563713,10,-1,36,3189.38756052432,-1,-1
1621586563723,1621586563823,100,17,689,30384.0880128162,-8655,16
1621586563933,1621586564073,140,11,803,17174.7271506268,-36878,354
1621586564112,1621586564132,20,0,82,4578.46002852182,-1,158
1621586564142,1621586564362,220,3,366,18360.518227822,-21968,41
1621586564372,1621586564532,160,20,1562,133138.845554886,-141428,182
1621586564662,1621586564702,40,5,207,15743.0610570837,-8387,336
1621586564732,1621586564742,10,-1,47,2257.17729963935,-1,-1
1621586564752,1621586564782,30,0,63,4865.47450327466,-2935,98
1621586564792,1621586564812,20,0,73,5115.51721872787,-1379,263
1621586564832,1621586564842,10,-1,59,4404.54807050584,-1,-1
1621586564852,1621586564862,10,-1,75,5807.96328702486,-1,-1
1621586564942,1621586564952,10,-1,75,5253.32189900523,-1,-1
1621586564962,1621586565102,140,10,269,13956.4117427975,-13319,348
1621586565192,1621586565202,10,-1,32,425.282225409913,-1,-1
1621586565212,1621586565232,20,1,66,4126.56381706505,-831,101
1621586565472,1621586565492,20,0,33,2409.27769833963,-1,108
1621586565582,1621586565612,30,4,295,27996.1268125087,-12375,71
1621586565622,1621586565662,40,1,62,3618.62132167882,-2289,221
1621586565672,1621586565752,80,3,126,7128.4079572485,-5862,103
1621586565831,1621586565851,20,1,73,5320.81660965939,-1,71
1621586565931,1621586566011,80,6,147,8691.31597716691,-5561,187
1621586566101,1621586566171,70,11,443,31539.4443400874,-35917,238
1621586566181,1621586566221,40,1,98,6903.70336084362,-6668,348
1621586566241,1621586566421,180,4,101,5324.21512897653,-3937,323
1621586566451,1621586566481,30,0,41,1706.25266579484,-557,14
1621586566561,1621586566721,160,23,719,34256.8546584885,-43509,40
1621586566821,1621586566831,10,-1,45,1862.95240165914,-1,-1
1621586566901,1621586566981,80,14,446,18436.3603253243,-25397,340
1621586567041,1621586567081,40,1,44,2130.43223420744,-831,177
1621586567101,1621586567171,70,16,401,15236.9685448931,-14789,176
1621586567261,1621586567281,20,0,37,1375.81574666926,-446,108
1621586567790,1621586567810,20,1,160,9825.17474591729,-1,101
1621586568080,1621586568360,280,9,356,12532.4429577219,-30526,6
1621586568410,1621586568560,150,13,207,7774.63959130895,-10944,230
1621586568570,1621586568600,30,0,97,5947.61041892602,-933,315
1621586568610,1621586568700,90,5,105,4904.80736642208,-5589,104
1621586568800,1621586568990,190,29,468,24934.1842807277,-39750,12
1621586569000,1621586569040,40,1,110,7627.509042012,-5575,124
1621586569050,1621586569060,10,-1,35,1991.46581242338,-1,-1
1621586569109,1621586569169,60,1,36,718.476697364363,-483,217
1621586569219,1621586569269,50,7,254,12867.1462486542,-10629,58
1621586569299,1621586569409,110,4,341,29900.2232378952,-1511,71
1621586569449,1621586569469,20,0,30,138.572334859998,-1,198
1621586569609,1621586569649,40,10,445,32051.2076028547,-25660,235
1621586569809,1621586569949,140,29,1219,77731.0779854951,-36112,21
1621586569959,1621586569989,30,0,43,2088.80237595573,-1085,183
1621586570009,1621586570079,70,2,58,1608.8409448891,-1102,227
1621586570229,1621586570259,30,0,52,1316.57377122459,-1,180
1621586570289,1621586570299,10,-1,30,691.464872621553,-1,-1
1621586570309,1621586570379,70,3,135,7353.86837081123,-4462,208
1621586570399,1621586570409,10,-1,48,3507.16446492082,-1,-1
1621586570888,1621586570948,60,4,227,13257.3743696674,-11421,334
1621586571078,1621586571178,100,16,334,13020.2338218279,-14964,239
1621586571318,1621586571358,40,2,141,6918.19342539762,-8181,335
1621586571408,1621586571468,60,3,598,23302.6303744138,-52900,34
1621586571538,1621586571608,70,2,232,19601.3338693519,-14200,223
1621586571628,1621586571648,20,0,63,3609.47575843767,-1,237
1621586571658,1621586571738,80,17,324,11145.4134054131,-14217,72
1621586572168,1621586572218,50,4,170,10343.3039929444,-7674,161
1621586572467,1621586572487,20,0,51,2413.36481678904,-1448,289
1621586572577,1621586572627,50,4,160,9841.92236461781,-7762,331
1621586572907,1621586572957,50,3,175,14679.4039457412,-14170,175
1621586572997,1621586573007,10,-1,56,4958.22796301121,-1,-1
1621586573017,1621586573037,20,0,55,3384.44758389891,-1681,114
1621586573077,1621586573097,20,0,47,3875.15149905903,-1190,300
1621586573297,1621586573427,130,2,265,13707.7012533428,-7957,81
1621586573567,1621586573577,10,-1,678,-1.0,-1,-1
1621586574346,1621586574416,70,8,694,63231.6030485019,-45335,349
1621586574426,1621586574466,40,4,174,11589.99494839,-10403,94
1621586574556,1621586574586,30,2,81,4852.77951765969,-4275,221
1621586574666,1621586574706,40,4,127,6207.71542039948,-5638,201
1621586575096,1621586575196,100,36,566,21932.5266478089,-14442,7
1621586575296,1621586575366,70,9,274,10895.9707143847,-11167,25
1621586575476,1621586575506,30,1,77,5142.73355704294,-4597,60
1621586575745,1621586575795,50,5,204,11156.5021758969,-9049,270
1621586576005,1621586576055,50,6,230,12171.089684924,-9785,84
1621586576375,1621586576405,30,1,61,1773.54383601954,-983,233
1621586576495,1621586576555,60,1,42,1684.50477412234,-741,84
1621586576575,1621586576775,200,42,720,37235.2721077521,-18356,200
1621586576845,1621586576885,40,5,207,16079.6667996055,-12630,95
1621586577055,1621586577065,10,-1,30,1514.21189472445,-1,-1
1621586577135,1621586577145,10,-1,35,2261.99894574706,-1,-1
1621586577325,1621586577344,19,1,130,8722.01910338141,-1,210
1621586577354,1621586577584,229,64,2630,124810.240552113,-224204,11
1621586577594,1621586577624,30,1,48,3114.90669613589,-1130,219
1621586577634,1621586577654,20,0,33,486.102856661228,-193,192
1621586577734,1621586577754,20,0,39,3449.59952577804,-1,300
1621586577814,1621586577824,10,-1,34,974.899460349068,-1,-1
1621586577874,1621586577904,30,2,152,6122.37661215454,-1,76
1621586577914,1621586577964,50,1,175,11818.3812847399,-7669,163
1621586577974,1621586577984,10,-1,142,11842.5015230372,-1,-1
1621586577994,1621586578024,30,2,110,8426.93958664985,-6673,272
1621586578124,1621586578264,140,20,272,19821.6670637295,-18684,248
1621586578274,1621586578304,30,1,72,4699.45452777309,-4074,93
1621586578334,1621586578364,30,2,117,8120.07555956716,-7215,342
1621586578594,1621586578674,80,17,439,13949.4093927269,-20456,81
1621586579033,1621586579083,50,8,331,20945.8534711137,-13580,176
1621586579223,1621586579253,30,14,701,-1.0,-20729,197
1621586579363,1621586579453,90,13,639,59065.8892067912,-33242,14
1621586579493,1621586579583,90,8,251,17633.8264649126,-12274,186
1621586579593,1621586579603,10,-1,44,1983.52386036871,-1,-1
1621586579803,1621586579813,10,-1,30,1308.47997002839,-1,-1
1621586579923,1621586579943,20,0,44,1493.57303560921,-711,262
1621586579963,1621586579973,10,-1,34,902.790056083969,-1,-1
1621586580013,1621586580083,70,9,133,5588.83796567292,-5886,44
1621586580133,1621586580333,200,54,1095,38218.6000286294,-57020,12
1621586580353,1621586580453,100,3,119,5267.68304430167,-5313,202
1621586580503,1621586580513,10,-1,41,1851.36966861036,-1,-1
1621586580573,1621586580593,20,0,31,332.051883550887,-73,219
1621586581202,1621586581232,30,1,66,3028.9024240241,-1,106
1621586581372,1621586581392,20,0,39,2738.5764398387,-1,280
1621586581522,1621586581532,10,-1,39,1357.88903803574,-1,-1
1621586581542,1621586581642,100,18,494,37462.9228653574,-14325,242
1621586581732,1621586581752,20,0,45,2821.03742146982,-1,81
1621586581772,1621586581862,90,25,387,19180.5786828241,-19575,152
1621586581882,1621586581912,30,0,40,2412.97986679225,-692,6
1621586581922,1621586581952,30,0,38,739.349528972922,-114,342
1621586581962,1621586582112,150,7,117,3809.96186454058,-3937,350
1621586582302,1621586582321,19,0,34,1034.71452998693,-44,216
1621586582361,1621586582371,10,-1,37,1406.06850305199,-1,-1
1621586582561,1621586582571,10,-1,34,1613.63159122239,-1,-1
1621586582691,1621586582701,10,-1,33,1129.93179503407,-1,-1
1621586582721,1621586582741,20,2,254,14188.2515754508,-1,39
1621586582831,1621586582871,40,2,463,-1.0,-19392,353
1621586582881,1621586582921,40,2,150,8035.74169261608,-9068,15
1621586582981,1621586583001,20,0,38,1156.56241004426,-783,161
1621586583021,1621586583041,20,1,147,10930.9448104636,-1,230
1621586583051,1621586583071,20,1,173,14516.6081671032,-11995,349
1621586583161,1621586583181,20,0,32,452.484686270126,-1,198
1621586583341,1621586583371,30,3,149,6181.89408102716,-4723,190
1621586583381,1621586583391,10,-1,37,896.402338840665,-1,-1
1621586583401,1621586583411,10,-1,31,740.967541796402,-1,-1
1621586583421,1621586583441,20,0,82,5088.71205601317,-1,274
1621586583451,1621586583471,20,0,56,2987.49717272984,-1844,131
1621586583491,1621586583511,20,0,64,3820.17099694124,-1964,285
1621586583531,1621586583551,20,0,57,3170.02104429538,-2152,127
1621586583691,1621586583721,30,0,85,5798.66154031167,-5444,318
1621586584130,1621586584140,10,-1,33,2035.34549943301,-1,-1
1621586584150,1621586584160,10,-1,58,3796.25313089995,-1,-1
1621586584170,1621586584180,10,-1,45,3263.00238913772,-1,-1
1621586584320,1621586584340,20,0,32,1219.89884464443,-20,135
1621586584440,1621586584490,50,3,150,11823.4378113433,-7225,8
1621586584580,1621586584680,100,27,551,19046.2279176335,-18092,222
1621586584710,1621586584770,60,2,59,2592.89247981324,-1807,61
1621586584790,1621586584810,20,0,43,2507.24975462767,-1,59
1621586584830,1621586584870,40,3,149,6523.67859624838,-6866,337
1621586584940,1621586584950,10,-1,34,1354.47019297336,-1,-1
1621586585060,1621586585200,140,25,579,25021.3960783438,-19832,53
1621586585210,1621586585250,40,4,216,14617.5103528277,-17108,99
1621586585270,1621586585310,40,1,200,16372.3890816413,-11220,291
1621586585320,1621586585440,120,0,216,19487.2490316755,-16229,150
1621586585460,1621586585520,60,10,535,35362.0774881315,-23023,245
1621586585610,1621586585729,119,3,538,1725.90667444027,-27728,199
1621586585739,1621586585769,30,0,39,640.511047675242,-1,56
1621586585879,1621586585899,20,0,45,2183.35256107677,-1,338
1621586585909,1621586585939,30,0,39,1255.08095758719,-421,82
1621586585959,1621586586029,70,2,356,24714.6755615951,-22083,88
1621586586099,1621586586109,10,-1,37,951.885107490755,-1,-1
1621586586469,1621586586479,10,-1,36,1482.26766682051,-1,-1
1621586586489,1621586586499,10,-1,34,2588.48463859776,-1,-1
1621586586599,1621586586639,40,2,124,5466.90356124046,-7374,213
1621586586649,1621586586699,50,0,214,19477.7016554583,-10107,240
1621586587049,1621586587059,10,-1,44,1920.24198770592,-1,-1
1621586587119,1621586587149,30,1,81,5298.56570251726,-3575,170
1621586587328,1621586587478,150,53,649,21110.4452547854,-19115,45
1621586587498,1621586587538,40,2,73,3669.68760209931,-4111,229
1621586587548,1621586587578,30,1,46,1608.75765656215,-842,239
1621586587608,1621586587758,150,1,737,69478.2831130642,-50156,246
1621586587768,1621586587858,90,8,231,15948.829467721,-15979,259
1621586587868,1621586587878,10,-1,37,818.613741479468,-1,-1
1621586587898,1621586587928,30,1,64,3585.61977092988,-906,280
1621586587938,1621586587988,50,2,170,10500.6569875679,-11826,93
1621586587998,1621586588018,20,0,54,2920.87735356049,-2210,204
1621586588038,1621586588058,20,0,46,2667.61731092839,-1464,259
1621586588118,1621586588148,30,0,33,1582.64563662151,-218,118
1621586588258,1621586588268,10,-1,38,1622.86020680968,-1,-1
1621586588318,1621586588438,120,26,442,19979.6119036196,-16670,219
1621586588768,1621586588798,30,1,37,859.827652979246,-521,19
1621586588808,1621586588838,30,2,86,5553.23403429701,-1669,299
1621586588888,1621586588898,10,-1,39,2578.70735041156,-1,-1
1621586588908,1621586589027,119,12,384,26195.1467305419,-13891,41
1621586589037,1621586589117,80,5,88,2974.88883111486,-2479,59
1621586589127,1621586589187,60,3,84,4078.4802099537,-2387,103
1621586589267,1621586589377,110,5,77,2117.5568247182,-1962,259
1621586589447,1621586589517,70,2,50,1681.22900241108,-1207,71
1621586589567,1621586589587,20,0,35,2544.53484485043,-79,285
1621586589597,1621586589657,60,3,80,2692.2135985525,-1471,272
1621586589697,1621586589757,60,5,155,7527.91030817721,-7290,66
1621586589767,1621586589787,20,0,44,1642.36492849506,-197,65
1621586589817,1621586589867,50,1,47,2009.61113696072,-1122,278
1621586589927,1621586589947,20,0,48,2210.00168377095,-1402,52
1621586590017,1621586590087,70,3,69,3394.21446420947,-2094,257
1621586590127,1621586590237,110,33,511,11790.4685064405,-16797,44
1621586590257,1621586590267,10,-1,37,2204.2112435553,-1,-1
1621586590297,1621586590357,60,4,134,4959.54745589924,-6091,257
1621586590387,1621586590397,10,-1,34,716.964413681476,-1,-1
1621586590457,1621586590517,60,14,409,21696.2970743118,-14981,73
1621586590537,1621586590547,10,-1,33,2493.98926922492,-1,-1
1621586590557,1621586590676,119,3,156,8128.15749648359,-8923,195
1621586590736,1621586590756,20,1,63,5753.22064765061,-1093,111
1621586591046,1621586591106,60,6,191,6438.0067458889,-8917,207
1621586591116,1621586591156,40,0,56,3384.08641728091,-2061,311
1621586591246,1621586591296,50,4,166,9571.83382781504,-7274,19
1621586591386,1621586591456,70,8,381,12391.2192761055,-4707,174
1621586591546,1621586591936,390,16,481,13101.6093948725,-21587,1
1621586591946,1621586591966,20,1,182,15564.8381043343,-10444,29
1621586591986,1621586592016,30,1,66,2979.1536875626,-1749,45
1621586592036,1621586592066,30,2,102,7692.34894068508,-6921,70
1621586592216,1621586592226,10,-1,50,4343.26585329037,-1,-1
1621586592236,1621586592285,49,1,59,3722.73458913008,-2163,23
1621586592295,1621586592315,20,1,58,4590.77364043353,-763,258
1621586592375,1621586592465,90,14,374,14620.2631994786,-12405,271
1621586592495,1621586592505,10,-1,43,2114.91575995568,-1,-1
1621586592535,1621586592785,250,8,724,42590.4717341393,-7950,338
1621586592955,1621586593075,120,10,942,74189.4613470395,-41558,160
1621586593085,1621586593165,80,7,335,19974.2491455705,-15394,203
1621586593175,1621586593315,140,3,148,8581.99927448359,-5805,195
1621586593325,1621586593375,50,1,140,6223.34140694517,-10257,284
1621586593765,1621586593795,30,7,318,21079.6776315668,-2644,64
1621586593805,1621586593825,20,0,48,2818.22115003819,-1237,338
1621586593905,1621586593934,29,5,220,14065.5860269869,-11060,355
1621586594004,1621586594014,10,-1,59,3571.5450497562,-1,-1
1621586594034,1621586594064,30,6,267,14158.8449168109,-13305,212
1621586594124,1621586594164,40,1,520,42327.4366047405,-45718,202
1621586594374,1621586594454,80,4,349,24239.5508711271,-25753,76
1621586594464,1621586594504,40,4,194,12482.3963279044,-10541,329
1621586594564,1621586594614,50,0,205,16334.2392661744,-15801,38
1621586594664,1621586594684,20,0,61,2512.40771499774,-1,26
1621586594784,1621586594804,20,1,77,5766.54562068927,-1,22
1621586594834,1621586594864,30,2,96,5791.53458061127,-2475,237
1621586594904,1621586594924,20,0,38,2115.94613248156,-1,30
1621586594944,1621586594984,40,0,102,8930.53092273187,-1066,132
1621586595004,1621586595074,70,3,225,9530.01813342608,-7859,177
1621586595084,1621586595094,10,-1,70,5889.9916609322,-1,-1
1621586595144,1621586595184,40,1,91,3512.90654529637,-5305,66
1621586595563,1621586595613,50,5,448,35581.2937338948,-12324,324
1621586595713,1621586595723,10,-1,38,3071.36469779095,-1,-1
1621586595733,1621586595903,170,9,350,26184.530292097,-27611,130
1621586596163,1621586596243,80,1,277,26576.8533941852,-13149,82
1621586596253,1621586596323,70,3,145,7162.27484239717,-10461,136
1621586596333,1621586596383,50,1,50,4566.11716589006,-1282,145
1621586596393,1621586596573,180,9,1634,100756.378538398,-117502,88
1621586596673,1621586596693,20,0,38,552.70430266273,-1,195
1621586596753,1621586596773,20,0,42,1892.38569859413,-760,78
1621586596783,1621586596883,100,3,67,1694.294526647,-2719,194
1621586596903,1621586596943,40,3,116,7811.33117818813,-6641,151
1621586596993,1621586597003,10,-1,43,1497.83331577462,-1,-1
1621586597083,1621586597093,10,-1,42,1300.57204933713,-1,-1
1621586597113,1621586597123,10,-1,30,501.400511897443,-1,-1
1621586597312,1621586597352,40,3,156,7804.3357396195,-8838,156
1621586597362,1621586597372,10,-1,36,747.798212330636,-1,-1
1621586597382,1621586597402,20,0,48,1541.07375463606,-1,97
1621586597412,1621586597452,40,2,156,6559.00032533647,-9280,280
1621586597562,1621586597612,50,8,437,12322.6380062247,-18426,266
1621586597712,1621586597742,30,1,57,3051.54022522607,-2351,4
1621586597772,1621586597802,30,0,40,1674.72560250929,-877,10
1621586597822,1621586597862,40,1,55,1989.72922158784,-1237,20
1621586597882,1621586597942,60,1,58,1236.89245519074,-1,322
1621586597952,1621586598152,200,41,652,34176.1223277149,-28677,135
1621586598162,1621586598422,260,13,281,17557.9891930169,-17063,317
1621586598452,1621586598502,50,0,72,6155.98090295653,-1968,90
1621586598512,1621586598522,10,-1,46,2154.47755620599,-1,-1
1621586598562,1621586598632,70,7,340,12879.7988141596,-5033,348
1621586598762,1621586598822,60,12,414,7053.69032290279,-28869,283
1621586598842,1621586598852,10,-1,57,2795.59673582375,-1,-1
1621586598862,1621586598971,109,3,147,8266.50054382673,-9647,229
1621586598991,1621586599001,10,-1,63,3587.69740004884,-1,-1
1621586599011,1621586599031,20,0,56,1998.23496053486,-1,190
1621586599091,1621586599121,30,0,36,423.179003370129,-481,194
1621586599341,1621586599421,80,7,303,13495.2869118331,-15188,45
1621586599471,1621586599501,30,6,286,14527.1308213768,-13210,211
1621586599521,1621586599561,40,2,81,2515.05392962682,-4246,283
1621586599601,1621586599611,10,-1,46,2614.57394947107,-1,-1
1621586599621,1621586599631,10,-1,44,3247.11105339554,-1,-1
1621586599641,1621586599651,10,-1,33,2208.56676722805,-1,-1
1621586599671,1621586599691,20,1,116,5124.15629472339,-1,40
1621586599761,1621586599771,10,-1,40,2167.83808152294,-1,-1
1621586599851,1621586599871,20,0,33,268.617628123289,-1,349
1621586600201,1621586600211,10,-1,35,1574.64814747981,-1,-1
1621586600231,1621586600271,40,1,113,6025.61258756908,-2518,136
1621586600281,1621586600311,30,1,130,10372.0885388881,-6973,178
1621586600321,1621586600341,20,0,74,7228.28390999799,-3202,281
1621586600371,1621586600451,80,3,128,8359.2143398994,-9213,283
1621586600461,1621586600491,30,1,73,3388.86533135563,-1838,270
1621586600550,1621586600600,50,4,123,9682.38872951162,-7898,85
1621586600650,1621586600770,120,14,492,19673.6505941389,-8508,134
1621586600940,1621586601140,200,17,507,23642.1394108303,-27231,357
1621586601150,1621586601370,220,28,425,20993.1357376345,-16049,240
1621586601420,1621586601440,20,0,43,1701.32217603691,-1,277
1621586601450,1621586601570,120,7,142,5062.19330534595,-4587,14
1621586601610,1621586601620,10,-1,30,419.520422105842,-1,-1
1621586601780,1621586601820,40,1,59,4106.39497836609,-1910,346
1621586601920,1621586602130,210,17,447,17981.2984947138,-22572,183
1621586602199,1621586602339,140,25,479,16842.0577060059,-23928,23
1621586602349,1621586602419,70,2,175,8814.30292588456,-8825,201
1621586602489,1621586602529,40,1,43,1876.26646518605,-567,103
1621586602559,1621586602589,30,0,48,2809.08183982165,-1693,164
1621586602679,1621586602739,60,1,53,1643.93440179255,-1,125
1621586602749,1621586602759,10,-1,31,295.067412900222,-1,-1
1621586602769,1621586602819,50,3,92,4409.10411621752,-5510,98
1621586602849,1621586602859,10,-1,53,2495.90596444636,-1,-1
1621586602869,1621586602879,10,-1,31,408.414554112034,-1,-1
1621586602889,1621586602909,20,1,96,7060.059392102,-2813,112
1621586602939,1621586602989,50,1,91,5929.23212766626,-2960,130
1621586603039,1621586603069,30,0,48,2865.83277211985,-804,90
1621586603099,1621586603109,10,-1,39,1176.77487002095,-1,-1
1621586603149,1621586603219,70,0,62,4487.55067987113,-2457,222
1621586603289,1621586603299,10,-1,37,2875.19899589083,-1,-1
1621586603409,1621586603439,30,2,114,5383.86090916103,-5041,103
1621586603539,1621586603549,10,-1,43,3056.44703247144,-1,-1
1621586603599,1621586603619,20,0,47,1972.09219229615,-1,212
1621586603629,1621586603669,40,0,188,12644.6534175965,-4971,321
1621586603769,1621586603988,219,9,567,14004.4906628894,-18770,222
1621586603998,1621586604108,110,13,284,11038.4619930122,-7085,136
1621586604128,1621586604138,10,-1,34,2295.20010846379,-1,-1
1621586604328,1621586604368,40,2,80,4023.89647567129,-3068,175
1621586604378,1621586604618,240,28,1728,130293.583452528,-104564,176
1621586604628,1621586605098,470,23,493,29569.8801023804,-25302,0
1621586605108,1621586605128,20,1,103,4152.28003502227,-1,87
1621586605138,1621586605198,60,2,86,3716.53984604354,-2845,273
1621586605258,1621586605278,20,1,112,8880.06422821393,-1438,48
1621586605298,1621586605318,20,0,43,3844.88084548246,-220,248
1621586605527,1621586605617,90,8,226,8085.20150278136,-8270,280
1621586605757,1621586605857,100,16,458,21851.5428210678,-30804,88
1621586605897,1621586605947,50,4,361,14247.4264648552,-18109,2
1621586605977,1621586606117,140,2,777,43545.1297911074,-60426,4
1621586606127,1621586606147,20,0,44,1458.16515383733,-1,164
1621586606157,1621586606207,50,3,245,23340.2342621188,-11761,8
1621586606217,1621586606287,70,2,57,2181.91365025748,-2632,226
1621586606297,1621586606337,40,1,47,1718.9728724646,-945,210
1621586606437,1621586606467,30,1,91,5061.16405368635,-3582,271
1621586606577,1621586606597,20,0,54,3098.17209972392,-202,208
1621586606657,1621586606677,20,1,78,7125.5423798134,-2106,28
1621586607136,1621586607176,39,0,68,4410.56991936075,-1847,8
1621586607236,1621586607266,30,1,74,4199.03956731186,-3442,271
1621586607436,1621586607456,20,1,113,10619.6023647685,-3131,31
1621586607516,1621586607526,10,-1,44,3959.39187253388,-1,-1
1621586607536,1621586607556,20,0,40,2516.93954239765,-735,36
1621586607636,1621586607646,10,-1,66,5663.03176785367,-1,-1
1621586607656,1621586607736,80,3,108,7379.48636828929,-7091,40
1621586607826,1621586607846,20,1,77,4912.48499449,-2179,281
1621586607906,1621586607936,30,1,81,4279.43403475712,-2371,201
1621586607956,1621586608006,50,1,117,9334.00859357675,-5717,206
1621586608026,1621586608036,10,-1,51,2592.24428203081,-1,-1
1621586608166,1621586608196,30,1,90,5752.23039286966,-4262,207
1621586608206,1621586608226,20,0,40,2914.47102662229,-509,38
1621586608266,1621586608296,30,0,44,3715.60543772756,-1312,33
1621586608306,1621586608326,20,0,34,2065.33589698168,-1,225
1621586608366,1621586608416,50,1,178,10013.1702371535,-14821,21
1621586608686,1621586608736,50,5,194,9793.14606865125,-8742,312
1621586608815,1621586608845,30,1,65,3444.15986443694,-3292,144
1621586608865,1621586608885,20,0,74,5865.5144355622,-1,205
1621586608975,1621586609015,40,1,97,2696.51903072807,-3831,178
1621586609025,1621586609035,10,-1,30,72.9440020722219,-1,-1
1621586609115,1621586609135,20,0,30,253.413408616003,-1,189
1621586609325,1621586609405,80,2,105,8195.39663406709,-3991,220
1621586609465,1621586609485,20,0,45,3702.98719561535,-1016,94
1621586609555,1621586609665,110,28,440,15211.1128328303,-9573,261
1621586609685,1621586609705,20,0,42,3985.94902452409,-1193,53
1621586609745,1621586609795,50,1,74,5494.2950589577,-3541,85
1621586609925,1621586609955,30,2,126,6319.52852634516,-6604,258
1621586610015,1621586610045,30,1,78,4423.3340185907,-958,90
1621586610055,1621586610075,20,0,32,227.245224309443,-1,90
1621586610085,1621586610135,50,1,50,879.818976850363,-1030,103
1621586610175,1621586610215,40,1,38,1805.44160281073,-564,114
1621586610335,1621586610365,30,9,1194,71073.1328899874,-1,94
1621586610494,1621586610514,20,4,571,-1.0,-29962,291
1621586610524,1621586610564,40,1,180,15274.1335352182,-9905,184
1621586610734,1621586610754,20,0,48,3312.55018228484,-1496,214
1621586610774,1621586610814,40,1,88,5179.56552569116,-4471,21
1621586610854,1621586610864,10,-1,40,1804.43472510373,-1,-1
1621586610874,1621586610894,20,0,57,3918.57880320789,-2016,48
1621586610914,1621586611004,90,16,488,20442.8532639609,-25194,250
1621586611114,1621586611124,10,-1,38,1029.36501309138,-1,-1
1621586611134,1621586611144,10,-1,66,5731.8950668477,-1,-1
1621586611204,1621586611344,140,8,257,15569.4543335851,-10455,96
1621586611524,1621586611624,100,6,424,26411.0563112077,-3437,282
1621586611814,1621586611854,40,3,331,-1.0,-18787,255
1621586611934,1621586611944,10,-1,38,1785.44099010807,-1,-1
1621586612223,1621586612243,20,0,115,7346.02705276604,-1,52
1621586612333,1621586612373,40,13,627,38306.130826962,-40739,100
1621586612383,1621586612403,20,1,117,10265.413369327,-4002,289
1621586612413,1621586612453,40,0,70,4800.06415816021,-2912,5
1621586612613,1621586612623,10,-1,79,5124.11783520451,-1,-1
1621586612633,1621586612663,30,1,62,5344.96774818555,-551,302
1621586612713,1621586612833,120,3,122,5791.25625930439,-6487,345
1621586612873,1621586612893,20,0,45,3017.07888745535,-1423,246
1621586612903,1621586612943,40,0,84,4281.79988201561,-3611,33
1621586612963,1621586613133,170,1,162,4980.05538249846,-10179,315
1621586613143,1621586613233,90,13,420,21951.489841031,-15239,117
1621586613263,1621586613283,20,0,59,3329.54889121585,-1872,270
1621586613293,1621586613333,40,1,77,4628.23173914524,-4701,231
1621586613353,1621586613413,60,1,99,6046.75772564501,-4849,241
1621586613443,1621586613473,30,1,77,3771.79691232131,-3498,275
1621586613573,1621586613593,20,0,62,3391.10455089476,-2525,77
1621586613812,1621586613822,10,-1,70,4895.93094563699,-1,-1
1621586613832,1621586613842,10,-1,68,6093.76290162117,-1,-1
1621586613902,1621586613952,50,2,129,8375.99826541381,-3847,162
1621586614142,1621586614152,10,-1,33,1998.24340765479,-1,-1
1621586614282,1621586614312,30,0,50,4447.64911063311,-1604,107
1621586614342,1621586614362,20,0,55,5201.94022081442,-1954,254
1621586614382,1621586614422,40,2,104,5055.13215691662,-4660,196
1621586614502,1621586614542,40,1,68,4110.71075808381,-1608,24
1621586614562,1621586614852,290,29,579,26301.5344117324,-14370,232
1621586614862,1621586614882,20,0,48,3617.22377338875,-1,205
1621586614902,1621586615012,110,5,81,2849.89086421685,-2337,23
1621586615022,1621586615062,40,1,46,1669.1299971317,-623,354
1621586615212,1621586615272,60,7,220,9441.82827868643,-9516,34
1621586615541,1621586615561,20,0,50,2227.38449157696,-1073,56
1621586615931,1621586615981,50,7,255,13746.7103444227,-11122,75
1621586616011,1621586616061,50,1,121,8406.42319227646,-4317,155
1621586616081,1621586616101,20,0,67,4775.6374467528,-2833,220
1621586616311,1621586616341,30,1,62,3191.58151643698,-2498,226
1621586616351,1621586616531,180,7,271,11627.1782978246,-9308,79
1621586616541,1621586616561,20,0,82,4363.39425658456,-1,302
1621586616571,1621586616621,50,0,295,17739.0392483842,-3098,308
1621586616631,1621586616751,120,4,173,15766.0832228127,-6940,254
1621586616791,1621586616801,10,-1,52,2641.58803805995,-1,-1
1621586616811,1621586616831,20,0,42,1478.88649196433,-1000,221
1621586616841,1621586616851,10,-1,44,2193.95842595326,-1,-1
1621586616861,1621586616871,10,-1,51,2875.28280227341,-1,-1
1621586616881,1621586616891,10,-1,42,1716.86214285039,-1,-1
1621586616901,1621586616931,30,3,182,11750.759372586,-8340,39
1621586617190,1621586617240,50,1,116,5859.76723652035,-2904,60
1621586617310,1621586617320,10,-1,30,1371.68307461248,-1,-1
1621586617370,1621586617380,10,-1,59,3358.32268661589,-1,-1
1621586617390,1621586617660,270,3,344,31228.8695064697,-29369,284
1621586617690,1621586617700,10,-1,39,2258.58972493525,-1,-1
1621586617720,1621586617750,30,1,91,4005.18034501034,-6050,86
1621586617820,1621586617870,50,0,88,5589.81384338177,-3994,221
1621586617880,1621586617910,30,2,122,7977.28375773013,-6448,122
1621586617920,1621586617980,60,3,204,8312.08474459093,-10216,240
1621586618280,1621586618300,20,0,50,2503.34730673314,-1760,180
1621586618340,1621586618350,10,-1,32,1466.53626208561,-1,-1
1621586618510,1621586618560,50,0,69,5226.24546317067,-1987,165
1621586618630,1621586618700,70,15,337,13663.8163925172,-11377,304
1621586619009,1621586619149,140,12,495,24155.6756881315,-25802,157
1621586619169,1621586619219,50,0,90,5579.53419282099,-3807,55
1621586619349,1621586619379,30,4,214,15308.6279559631,-3814,345
1621586619529,1621586619639,110,22,1160,82212.3056464114,-103665,313
1621586619649,1621586619669,20,0,31,105.826797143312,-1,95
1621586619689,1621586619709,20,0,41,1422.00936899133,-1,195
1621586619729,1621586619769,40,1,61,3156.34571972344,-1830,212
1621586619779,1621586619789,10,-1,40,2917.14799986494,-1,-1
1621586619849,1621586619859,10,-1,33,1018.36640375212,-1,-1
1621586619879,1621586620019,140,28,1102,68793.2174500838,-92943,150
1621586620079,1621586620299,220,25,506,16728.9673870798,-13680,100
1621586620309,1621586620468,159,9,109,3438.32795584867,-2723,327
1621586620548,1621586620558,10,-1,32,1258.15839303847,-1,-1
1621586620578,1621586620608,30,0,42,1270.72346407936,-5,146
1621586620658,1621586620668,10,-1,46,1704.25170846976,-1,-1
1621586620698,1621586620708,10,-1,33,1627.25961757497,-1,-1
1621586620778,1621586620788,10,-1,31,1343.21652148666,-1,-1
1621586620848,1621586620968,120,11,271,11690.2464515381,-8892,326
1621586620848,1621586620968,120,11,271,11690.2464515381,-8892,326
1621586621028,1621586621088,60,2,180,10404.2225866238,-7086,234
1621586621518,1621586621578,60,0,148,9258.53888415582,-8135,123
1621586622637,1621586622657,20,1,81,5177.85858691172,-1123,105
1621586622737,1621586622757,20,0,55,2579.4828036969,-1235,78
1621586622777,1621586622797,20,0,45,3623.48831442446,-430,261
1621586622817,1621586622837,20,0,52,4185.13166464688,-748,86
1621586622897,1621586622907,10,-1,46,3293.35481840489,-1,-1
1621586622917,1621586622937,20,0,52,2256.18677187262,-1,97
1621586622957,1621586622967,10,-1,31,713.831970093689,-1,-1
1621586623017,1621586623027,10,-1,37,2520.6960096561,-1,-1
1621586623117,1621586623137,20,0,58,4479.28018933601,-1006,214
1621586623247,1621586623267,20,1,69,5363.6679745942,-1,39
1621586623277,1621586623317,40,1,59,2632.70087118491,-1526,209
1621586623357,1621586623367,10,-1,42,2073.46889641225,-1,-1
1621586623457,1621586623467,10,-1,37,3151.98235530154,-1,-1
1621586623477,1621586623487,10,-1,43,3063.33991301169,-1,-1
1621586623517,1621586623537,20,0,34,1833.97022330547,-258,60
1621586623557,1621586623706,149,15,489,19021.6449448156,-12674,275
1621586623716,1621586623736,20,0,49,2817.28251803191,-1054,84
1621586623756,1621586624016,260,16,380,23375.9364209921,-30576,264
1621586624136,1621586624156,20,0,59,4358.2226197459,-1595,244
1621586624236,1621586624246,10,-1,46,1967.04918652288,-1,-1
1621586624256,1621586624296,40,2,225,12380.25518832,-1,48
1621586624546,1621586624646,100,5,121,3812.17832133812,-5735,251
1621586624796,1621586624856,60,0,381,16648.5094425255,-12402,139
1621586624866,1621586624886,20,1,126,6069.88202505875,-1,38
1621586624896,1621586624906,10,-1,61,3552.53346365047,-1,-1
1621586625076,1621586625186,110,7,764,1067.62634540502,-35632,253
1621586625206,1621586625226,20,0,41,1631.36208606066,-402,71
1621586625246,1621586625306,60,7,193,10040.8003898957,-5638,203
1621586625326,1621586625345,19,0,47,4200.02529845742,-1804,65
1621586625505,1621586625575,70,11,332,17236.4918024275,-12449,102
1621586625745,1621586625825,80,18,360,15966.51657498,-8438,38
1621586625915,1621586625945,30,0,44,2548.4815901115,-1026,225
1621586625985,1621586626055,70,7,186,10370.1224985398,-5738,340
1621586626085,1621586626135,50,5,212,15681.2417368258,-15395,141
1621586626155,1621586626165,10,-1,30,923.185716280778,-1,-1
1621586626245,1621586626255,10,-1,37,2532.04582099862,-1,-1
1621586626285,1621586626295,10,-1,69,4169.69663613376,-1,-1
1621586626305,1621586626315,10,-1,45,2949.87709381259,-1,-1
1621586626345,1621586626385,40,4,127,9293.91572471316,-502,324
1621586626525,1621586626605,80,3,231,6676.81097044888,-13706,339
1621586626815,1621586626855,40,0,64,4927.72046332388,-1590,105
1621586626885,1621586626974,89,3,174,9700.36106537839,-9922,305
1621586626984,1621586627014,30,2,122,7079.28301920344,-5285,260
1621586627134,1621586627144,10,-1,141,11251.2166804406,-1,-1
1621586627304,1621586627364,60,13,451,20357.7128582921,-2857,95
1621586628374,1621586628424,50,11,745,2828.52844409632,-34955,263
1621586628644,1621586628653,9,-1,34,1473.35697637588,-1,-1
1621586628663,1621586628763,100,33,846,65557.0985787695,-62412,93
1621586628773,1621586628853,80,1,297,13990.7189205757,-18714,216
1621586628933,1621586628953,20,1,387,33858.7921219795,-1,122
1621586630073,1621586630113,40,4,179,17439.1585011564,-6954,315
1621586630133,1621586630173,40,5,166,10473.191594829,-431,221
1621586630243,1621586630332,89,7,470,28347.081412487,-40488,21
1621586630442,1621586630502,60,4,214,5073.431220759,-15564,238
1621586630662,1621586630792,130,7,733,8959.42084490681,-28045,256
1621586630982,1621586631042,60,5,325,11999.2298964477,-20029,262
1621586632751,1621586632971,220,24,1248,64987.0650567807,-70432,265
1621586633161,1621586633201,40,3,146,7364.01756109643,-7329,138
1621586633421,1621586633471,50,6,203,9816.25861334199,-8453,352
1621586633630,1621586633690,60,7,230,11466.0901674103,-8541,184
1621586633940,1621586634020,80,8,261,13623.9970125456,-11662,1
1621586634050,1621586634090,40,3,167,8362.10300748891,-10664,158
1621586634150,1621586634190,40,3,130,6879.26073004124,-5543,37
1621586634410,1621586634460,50,13,638,21800.4524005772,-1,90
1621586635240,1621586635289,49,2,633,34876.0411089687,-8940,145
1621586636179,1621586636259,80,15,568,-1.0,-17422,242
1621586636389,1621586636459,70,10,292,12529.5473051478,-12353,155
1621586636699,1621586636769,70,12,295,9335.22233905959,-7918,353
1621586637018,1621586637098,80,27,626,18210.5461499146,-26665,72
1621586637258,1621586637478,220,33,1452,128346.94280788,-118998,286
1621586637488,1621586637498,10,-1,37,1454.66171438416,-1,-1
1621586637518,1621586637528,10,-1,31,1794.1094933884,-1,-1
1621586637568,1621586637638,70,0,880,60975.9763529702,-66839,315
1621586637788,1621586637798,10,-1,32,2355.56846700559,-1,-1
1621586638438,1621586638458,20,0,32,1894.39365523179,-174,310
1621586638478,1621586638498,20,1,153,9624.23638120171,-1,156
1621586638697,1621586638767,70,6,496,22910.955894973,-11081,292
1621586639327,1621586639437,110,13,960,68865.9587972699,-51873,273
1621586639507,1621586639527,20,1,46,4039.05826248961,-272,334
1621586639577,1621586639587,10,-1,38,1136.05205233028,-1,-1
1621586639667,1621586639687,20,3,165,15807.481715243,-1,131
1621586639697,1621586639727,30,1,134,6860.26034032703,-1,248
1621586640167,1621586640266,99,8,950,67750.381253171,-66712,78
1621586640276,1621586640296,20,3,308,28009.8769125276,-14464,220
1621586640316,1621586640366,50,2,59,2611.25390886851,-83,307
1621586640606,1621586640716,110,3,655,25850.7684374005,-50559,220
1621586640726,1621586640796,70,9,758,55205.5753584904,-41516,12
1621586640826,1621586641006,180,14,997,59781.1460786671,-88954,238
1621586641026,1621586641196,170,14,1356,81932.0210419621,-123766,109
1621586641266,1621586641306,40,7,427,23554.0787697377,-24546,339
1621586641456,1621586641556,100,1,603,53735.0013010228,-49825,120
1621586641586,1621586641606,20,0,88,3031.58326553343,-1,293
1621586641696,1621586641756,60,2,73,2899.0212514039,-140,262
1621586641786,1621586641855,69,1,153,7460.84966920244,-11876,114
1621586641875,1621586641995,120,1,305,21328.6691228271,-18935,227
1621586642005,1621586642055,50,0,123,6113.41107622054,-6668,37
1621586642075,1621586642085,10,-1,30,339.719725315675,-1,-1
1621586642095,1621586642145,50,3,321,24076.703533021,-9599,146
1621586642185,1621586642275,90,31,1285,123862.241207365,-108216,299
1621586642385,1621586642635,250,15,1483,101139.644119129,-122876,104
1621586642825,1621586642955,130,5,819,60287.5875802425,-52985,101
1621586642975,1621586643135,160,6,592,31935.5039167029,-49705,121
1621586643155,1621586643225,70,6,198,8245.18969837293,-9846,320
1621586643235,1621586643245,10,-1,123,9888.9506245328,-1,-1
1621586643255,1621586643295,40,3,159,13824.0025913866,-5077,330
1621586643644,1621586643694,50,6,179,9429.0456455441,-6506,162
1621586643754,1621586643764,10,-1,51,3067.18457124058,-1,-1
1621586643894,1621586643904,10,-1,54,3583.83760968522,-1,-1
1621586643974,1621586643984,10,-1,30,1760.8359205012,-1,-1
1621586643994,1621586644044,50,0,182,12336.2482964681,-607,356
1621586644054,1621586644094,40,2,125,9718.04251147621,-3492,128
1621586644164,1621586644244,80,2,298,15474.8373607281,-14749,205
1621586644454,1621586644644,190,17,262,16813.7606361374,-13763,8
1621586644654,1621586644804,150,4,677,34093.0132074536,-51196,235
1621586644824,1621586644904,80,15,359,17412.8928474433,-11177,156
1621586645623,1621586645663,40,14,697,6779.78350565037,-36030,331
1621586645893,1621586645933,40,2,218,7869.01076505516,-4533,314
1621586645943,1621586645963,20,4,148,13351.9569857047,-323,209
1621586645993,1621586646123,130,13,318,18825.6881932263,-11769,4
1621586646293,1621586646303,10,-1,44,1767.75143594752,-1,-1
1621586646323,1621586646363,40,9,252,10548.8345568695,-1,181
1621586647812,1621586647862,50,1,104,2078.46198845495,-6877,209
1621586647922,1621586647942,20,3,294,15029.7127365623,-1,340
1621586648122,1621586648132,10,-1,212,-1.0,-1,-1
1621586648142,1621586648152,10,-1,34,2121.26459099368,-1,-1
1621586648182,1621586648202,20,5,245,22487.3540471211,-1,280
1621586648222,1621586648511,289,2,1165,81521.7184989706,-83262,5
1621586648761,1621586648871,110,2,375,21822.6781848391,-25052,222
1621586648881,1621586648911,30,1,187,16433.3458103561,-14525,121
1621586649311,1621586649331,20,2,648,-1.0,-32830,152
1621586649341,1621586649491,150,13,456,44156.9886944212,-30274,317
1621586649611,1621586649731,120,7,1071,72657.1052289104,-57684,340
1621586649741,1621586649971,230,22,967,53623.0365788714,-81312,144
1621586649991,1621586650001,10,-1,36,2706.98552979962,-1,-1
1621586650021,1621586650160,139,14,413,17318.4507770619,-17695,279
1621586650170,1621586650190,20,0,55,5012.544445378,-2203,97
1621586650250,1621586650320,70,7,346,16477.6973057148,-5749,305
1621586650960,1621586651000,40,5,208,6477.43177610053,-3184,112
1621586651150,1621586651320,170,32,1030,70539.582142393,-42484,281
1621586651360,1621586651400,40,8,396,30583.9796844468,-18942,54
1621586651520,1621586651610,90,26,1089,52495.1652228818,-65436,247
1621586651620,1621586651640,20,0,66,3748.11880770478,-2322,245
1621586651809,1621586651829,20,0,36,1631.05253328277,-1,49
1621586651919,1621586651979,60,1,269,18616.1807125442,-1402,105
1621586653369,1621586653498,129,4,1073,87001.5690834994,-91732,187
1621586653698,1621586653728,30,3,133,1542.06133131095,-8843,37
1621586653738,1621586653868,130,6,233,16772.4854714394,-14777,199
1621586654008,1621586654068,60,13,963,36806.9641405568,-71568,296
1621586654078,1621586654098,20,1,86,5887.82025709302,-2074,261
1621586654108,1621586654318,210,1,818,81357.2244660182,-30797,124
1621586654728,1621586654758,30,15,742,-1.0,-24880,110
1621586654848,1621586654898,50,1,61,9.54279257989157,-1600,153
1621586654928,1621586654968,40,1,70,3646.16077207882,-2610,146
1621586655038,1621586655327,289,18,1115,82076.752086486,-63480,264
1621586655367,1621586655387,20,0,35,2113.37726850309,-441,264
1621586655437,1621586655567,130,42,620,36296.7003834173,-24300,69
1621586655577,1621586655637,60,3,74,3820.83330668211,-3841,96
1621586655697,1621586655707,10,-1,42,1481.63453829254,-1,-1
1621586656337,1621586656417,80,13,555,35617.3613893414,-35320,200
1621586656457,1621586656477,20,0,41,865.858763137504,-1,45
1621586656557,1621586656597,40,5,176,9754.5712519855,-938,202
1621586656816,1621586656966,150,11,426,21033.2228490423,-26534,217
1621586656986,1621586657016,30,0,48,1526.22418850329,-1,214
1621586657066,1621586657126,60,3,87,4073.79191492777,-4394,42
1621586657156,1621586657186,30,2,115,6269.94056563955,-4935,219
1621586657196,1621586657256,60,3,93,3822.48254487395,-3034,218
1621586657266,1621586657276,10,-1,48,3965.35179895315,-1,-1
1621586657306,1621586657316,10,-1,43,1607.05470515708,-1,-1
1621586657366,1621586657396,30,1,73,2126.13319142728,-1,37
1621586657406,1621586657416,10,-1,56,4689.88003891192,-1,-1
1621586657446,1621586657456,10,-1,35,1782.06968297492,-1,-1
1621586657476,1621586657556,80,2,250,16751.1533063764,-13959,181
1621586657596,1621586657666,70,21,807,25631.9380453949,-41796,34
1621586657876,1621586657896,20,4,407,19639.7552222333,-1,348
1621586657906,1621586658026,120,13,512,38126.1881206916,-25412,206
1621586658056,1621586658086,30,4,192,9624.65958254268,-9602,48
1621586658136,1621586658216,80,0,291,14651.6037027046,-21317,336
1621586658226,1621586658415,189,12,398,31766.4499970513,-24836,227
1621586658435,1621586658465,30,2,290,27922.5586447558,-17598,71
1621586658535,1621586658705,170,5,456,22621.677355882,-28163,218
1621586658715,1621586658735,20,0,74,2700.93680054866,-1,38
1621586658755,1621586658815,60,5,177,6201.7637000471,-6865,218
1621586658895,1621586658975,80,2,300,17494.2531858827,-25606,224
1621586659235,1621586659265,30,2,129,7473.76557466961,-7427,219
1621586659395,1621586659415,20,0,84,4651.45343608748,-1,227
1621586659425,1621586659445,20,0,80,7057.87606748472,-3153,33
1621586659845,1621586660044,199,11,80,1775.59978271967,-722,46
1621586660274,1621586660384,110,11,150,4133.75554933327,-4800,222
1621586660454,1621586660474,20,1,97,5025.07778540112,-1,221
1621586660484,1621586660554,70,3,92,5745.81154214359,-2753,40
1621586660734,1621586660874,140,39,1869,156938.425427512,-147190,4
1621586660914,1621586660934,20,6,294,29051.0920310063,-583,291
1621586661444,1621586661454,10,-1,1349,-1.0,-1,-1
1621586661803,1621586661813,10,-1,32,663.956112576964,-1,-1
1621586661833,1621586661853,20,0,33,1014.97510437222,-1,29
1621586662073,1621586662083,10,-1,39,1850.38272600473,-1,-1
1621586662113,1621586662153,40,4,127,5521.51864914838,-6323,219
1621586662353,1621586662403,50,4,167,13565.8951713948,-11704,355
1621586662823,1621586662853,30,2,101,4357.30792384884,-1,340
1621586663602,1621586663622,20,10,1035,25699.1340658105,-1,33
1621586664032,1621586664082,50,6,322,25379.190062348,-22424,234
1621586664102,1621586664142,40,1,59,1497.00875380569,-536,259
1621586664212,1621586664252,40,1,425,18390.35748441,-11487,52
1621586664272,1621586664312,40,1,669,40584.2815986994,-12932,46
1621586664322,1621586664442,120,8,518,37709.7885924448,-31119,219
1621586664452,1621586664792,340,12,723,55352.8090832505,-65297,56
1621586664812,1621586664842,30,1,52,1569.68662721272,-1733,211
1621586664862,1621586664892,30,0,34,841.533321759151,-213,212
1621586665031,1621586665061,30,7,359,17945.9286508992,-18099,30
1621586665071,1621586665151,80,11,492,24336.3907593406,-29030,225
1621586665181,1621586665201,20,0,44,3361.93563462188,-1261,47
1621586665241,1621586665251,10,-1,34,2081.52998982836,-1,-1
1621586665271,1621586665291,20,0,57,1976.92970819073,-1,37
1621586665311,1621586665381,70,1,348,23402.3618878619,-29909,0
1621586665401,1621586665411,10,-1,57,3195.01760978972,-1,-1
1621586665471,1621586665501,30,0,48,1048.58107931034,-1139,51
1621586665701,1621586665711,10,-1,65,4424.45512365706,-1,-1
1621586665751,1621586665781,30,1,51,1185.29489576827,-1766,230
1621586665861,1621586665881,20,0,44,2046.88256528426,-905,51
1621586665901,1621586666071,170,34,1855,173287.904459879,-180091,20
1621586666191,1621586666211,20,5,439,21312.0532862324,-1,308
1621586666401,1621586666431,30,2,97,202.971372868498,-1,237
1621586666441,1621586666451,10,-1,46,2068.69475427515,-1,-1
1621586666461,1621586666491,30,1,64,5562.22118819602,-1286,244
1621586666511,1621586666591,80,3,271,16222.7651870254,-18076,120
1621586666601,1621586666630,29,1,76,5337.7047343986,-1179,29
1621586666640,1621586666660,20,1,81,5431.1485172135,-3099,169
1621586666790,1621586666850,60,4,94,4698.9809077556,-2658,31
1621586667190,1621586667220,30,2,86,3978.947550681,-4619,169
1621586667230,1621586667260,30,4,153,7710.04553497531,-7271,219
1621586667280,1621586667290,10,-1,50,2765.10548156762,-1,-1
1621586667400,1621586667550,150,17,395,19010.4043523191,-29944,230
1621586668309,1621586668319,10,-1,1002,-1.0,-1,-1
1621586668489,1621586668629,140,17,192,4985.85140625668,-5359,45
1621586668659,1621586668809,150,5,245,16713.9766350877,-8108,253
1621586668859,1621586668919,60,5,83,3118.61845453055,-1748,196
1621586668969,1621586669049,80,4,57,966.231565096149,-1414,218
1621586669119,1621586669149,30,2,63,2943.0608683506,-1974,36
1621586669159,1621586669219,60,9,228,9937.11392915979,-1,344
1621586669229,1621586669319,90,5,209,19733.1637783557,-7626,122
1621586669609,1621586669659,50,2,72,1518.25395219271,-1,181
1621586670138,1621586670198,60,34,1047,-1.0,-20705,32
1621586670338,1621586670488,150,10,1523,144793.530602966,-54587,254
1621586670498,1621586670578,80,3,141,4808.7812604871,-5413,216
1621586670588,1621586670598,10,-1,46,1724.29365112341,-1,-1
1621586670638,1621586670648,10,-1,37,1666.77282366917,-1,-1
1621586670678,1621586670738,60,2,54,2691.19618885505,-652,312
1621586670788,1621586670818,30,1,91,6502.57837470274,-3431,286
1621586671088,1621586671108,20,0,39,2468.14216511562,-442,116
1621586671128,1621586671188,60,0,122,7323.95747648345,-8413,300
1621586671228,1621586671258,30,0,78,4699.78323118925,-3802,351
1621586671268,1621586671298,30,0,84,5627.90798103412,-4622,336
1621586671308,1621586671318,10,-1,64,4562.25854355971,-1,-1
1621586671328,1621586671348,20,0,49,2740.5486927605,-1364,131
1621586671378,1621586671388,10,-1,52,3740.10890242277,-1,-1
1621586671398,1621586671488,90,2,356,25013.766470557,-26142,107
1621586671498,1621586671518,20,1,127,7114.17157788159,-1,131
1621586671528,1621586671647,119,2,447,36892.2181609191,-41044,285
1621586671747,1621586671757,10,-1,39,2891.37157462451,-1,-1
1621586671767,1621586671787,20,1,84,6230.37572400954,-1,246
1621586671797,1621586671837,40,1,121,10992.3218334873,-7606,136
1621586671847,1621586671887,40,0,66,2098.55116020229,-1,112
1621586671927,1621586671967,40,1,116,6501.25669142447,-7184,358
1621586672137,1621586672147,10,-1,64,4600.02495486272,-1,-1
1621586672197,1621586672277,80,1,84,5256.93186223726,-3520,202
1621586672287,1621586672407,120,5,377,34039.6117844204,-31246,98
1621586672507,1621586672957,450,17,898,82378.8124293118,-38062,210
1621586673087,1621586673167,80,22,337,16561.1303692045,-18249,154
1621586673227,1621586673276,49,2,47,1393.74988129589,-641,347
1621586673296,1621586673306,10,-1,30,342.489813630831,-1,-1
1621586673446,1621586673566,120,22,436,16018.9010022343,-15227,332
1621586673576,1621586673596,20,0,58,3335.67625695815,-2102,66
1621586673656,1621586673666,10,-1,33,979.319211123743,-1,-1
1621586673746,1621586673826,80,1,236,17700.5135065696,-18587,27
1621586674146,1621586674186,40,1,63,2707.07701533858,-3040,77
1621586674236,1621586674246,10,-1,38,935.995249951464,-1,-1
1621586674346,1621586674386,40,8,526,-1.0,-27451,258
1621586674396,1621586674436,40,1,59,1680.2633635921,-1907,203
1621586674716,1621586674726,10,-1,30,438.105143577056,-1,-1
1621586674736,1621586674836,100,43,643,31187.72360687,-19340,108
1621586674846,1621586674856,10,-1,45,2090.00911588113,-1,-1
1621586674866,1621586674905,39,2,44,2343.33506087038,-780,350
1621586675185,1621586675205,20,1,75,4527.51358934688,-1,160
1621586675485,1621586675495,10,-1,34,1107.98287841137,-1,-1
1621586675505,1621586675545,40,13,376,23358.5852162226,-7195,348
1621586675695,1621586676065,370,10,736,46024.8563054015,-47668,259
1621586676085,1621586676095,10,-1,45,2173.08759238321,-1,-1
1621586676175,1621586676195,20,0,35,309.238344607024,-1,249
1621586676215,1621586676235,20,1,114,5456.38387058792,-1,105
1621586676245,1621586676255,10,-1,124,10070.5779043715,-1,-1
1621586676265,1621586676405,140,2,419,33101.1464216457,-16611,281
1621586676475,1621586676485,10,-1,78,5047.78773776186,-1,-1
1621586676495,1621586676505,10,-1,115,10697.4009858176,-1,-1
1621586676514,1621586676524,9,-1,93,9698.62832111018,-1,-1
1621586676574,1621586676594,20,0,63,3741.56794930809,-3080,210
1621586676604,1621586676624,20,0,66,3413.03594843146,-1,30
1621586676734,1621586676754,20,0,74,4568.1085363262,-3660,200
1621586676804,1621586676834,30,1,84,4970.37220764922,-4410,1
1621586676854,1621586676864,10,-1,101,7922.6278225443,-1,-1
1621586677104,1621586677134,30,1,269,19661.3567527216,-1,215
1621586677144,1621586677164,20,1,257,24663.0830662106,-16992,23
1621586677194,1621586677254,60,4,223,15437.3653856269,-12777,249
1621586677734,1621586677794,60,2,258,18110.6663963252,-10371,42
1621586677804,1621586677824,20,2,273,25633.5228785762,-17540,30
1621586677834,1621586677864,30,3,185,10425.6852748677,-9892,212
1621586678014,1621586678064,50,2,315,31022.7922241304,-12707,52
1621586678074,1621586678114,40,2,95,4236.93072208272,-5028,281
1621586678134,1621586678154,20,0,35,1225.53079281909,-492,270
1621586678293,1621586678323,30,3,155,10459.1436284193,-9726,150
1621586678623,1621586678643,20,0,116,7059.94901616093,-1,96
1621586678733,1621586678763,30,3,179,22.0601648389305,-10428,282
1621586678783,1621586678833,50,1,59,5223.30583133209,-1877,83
1621586678843,1621586678853,10,-1,37,1009.30610783476,-1,-1
1621586678893,1621586678903,10,-1,30,121.150884970369,-1,-1
1621586679423,1621586679443,20,1,70,5302.74051132223,-404,108
1621586679453,1621586679483,30,2,96,6383.99936765494,-4728,252
1621586679493,1621586679543,50,3,146,10250.4605872282,-8778,32
1621586679613,1621586679832,219,4,258,24176.8102272989,-13768,149
1621586679862,1621586679942,79,3,203,15355.3852526406,-8670,250
1621586679952,1621586680002,50,1,168,12709.1398559151,-7362,340
1621586680012,1621586680042,30,1,128,11799.6220114004,-4796,275
1621586680062,1621586680102,40,0,69,5354.51178256363,-885,70
1621586680122,1621586680142,20,0,55,4116.48211187603,-781,119
1621586680182,1621586680352,170,2,213,11703.9254761168,-14809,84
1621586680392,1621586680402,10,-1,30,538.763358854316,-1,-1
1621586680442,1621586680492,50,0,117,8136.70159301158,-7963,175
1621586680522,1621586680562,40,1,83,3880.36810383253,-4844,245
1621586680572,1621586680602,30,2,94,6125.440061088,-3574,79
1621586680752,1621586680842,90,5,234,14404.2020592381,-11859,267
1621586680852,1621586680902,50,1,214,18924.170490843,-5533,145
1621586680992,1621586681042,50,6,208,11857.1044644829,-9044,253
1621586681162,1621586681182,20,0,45,1460.24783635509,-1,49
1621586681192,1621586681222,30,4,409,18901.8472296194,-1,146
1621586681332,1621586681412,80,21,574,35240.9173269594,-17476,193
1621586681422,1621586681721,299,30,275,19223.1238595474,-11227,355
1621586681741,1621586681821,80,1,316,24316.7137804027,-20019,343
1621586681851,1621586681881,30,0,39,757.589684422121,-808,11
1621586682081,1621586682141,60,5,142,6624.67348216345,-7691,203
1621586682211,1621586682241,30,1,71,3476.51125420242,-3835,49
1621586682251,1621586682321,70,14,477,19532.351818019,-19515,32
1621586682441,1621586682481,40,1,88,4717.65389362641,-5636,253
1621586682521,1621586682541,20,0,59,3843.01397287685,-1,255
1621586682551,1621586682571,20,0,33,296.601555330434,-1,262
1621586682581,1621586682591,10,-1,33,435.376146858244,-1,-1
1621586682601,1621586682661,60,8,244,15335.9207167452,-9310,183
1621586682871,1621586682891,20,0,66,3987.6520110389,-2814,53
1621586682981,1621586683011,30,1,82,4536.67988873814,-3504,231
1621586683111,1621586683210,99,24,493,19239.7167807732,-10351,130
1621586683220,1621586683400,180,11,190,14137.5203321814,-8295,338
1621586683410,1621586683420,10,-1,94,8105.68313722428,-1,-1
1621586683430,1621586683460,30,1,132,11124.6718789021,-4765,326
1621586683470,1621586683490,20,1,83,6118.14710867567,-836,43
1621586683520,1621586683610,90,23,509,20388.658015478,-16438,278
1621586683640,1621586683660,20,0,41,1641.81678513215,-1,96
1621586683700,1621586683820,120,13,276,11743.7272269131,-14087,21
1621586683830,1621586683940,110,6,108,4421.37931269462,-4701,147
1621586683950,1621586684040,90,2,96,4066.32350458924,-5302,47
1621586684050,1621586684130,80,2,46,1060.5718283436,-1371,163
1621586684280,1621586684340,60,9,279,11577.1335783087,-9032,161
1621586684510,1621586684620,110,34,618,22305.3171240021,-19194,224
1621586684640,1621586684740,100,2,97,4580.0738389743,-4922,20
1621586684799,1621586684819,20,0,43,1520.87774583062,-1076,53
1621586684889,1621586684979,90,15,290,11061.4732584142,-12252,57
1621586685109,1621586685169,60,10,227,10599.6080849184,-9443,227
1621586685279,1621586685329,50,4,133,7332.98591904592,-5643,199
1621586685489,1621586685549,60,12,322,13613.9500797235,-15130,29
1621586685759,1621586685869,110,28,543,15317.901944234,-19610,45
1621586685879,1621586685949,70,2,56,4970.64250123802,-1173,224
1621586685959,1621586686039,80,6,174,11512.3490881626,-6262,247
1621586686059,1621586686079,20,0,49,3675.3442942231,-778,208
1621586686219,1621586686279,60,0,161,7074.80179216677,-9364,90
1621586686289,1621586686359,70,4,118,6916.52433875101,-6398,167
1621586686389,1621586686468,79,0,86,5336.93752376603,-3399,6
1621586686488,1621586686578,90,7,227,13938.8514728843,-9213,346
1621586686598,1621586686608,10,-1,31,1197.96268640683,-1,-1
1621586686618,1621586686728,110,19,427,12581.2057803021,-19011,132
1621586686738,1621586686878,140,8,134,4712.83565750317,-8952,300
1621586686898,1621586686908,10,-1,30,268.623945883277,-1,-1
1621586687008,1621586687038,30,4,207,17395.9378847562,-2879,106
1621586687068,1621586687168,100,1,264,13927.2614801197,-14818,296
1621586687208,1621586687258,50,5,192,11014.5405872852,-7734,303
1621586687318,1621586687358,40,0,85,6859.85337502013,-2423,258
1621586687438,1621586687478,40,1,98,7747.4167956256,-5622,129
1621586687618,1621586687628,10,-1,34,2701.22647108945,-1,-1
1621586687638,1621586687728,90,23,379,19830.7794502826,-13451,289
1621586687818,1621586687828,10,-1,30,762.627002591037,-1,-1
1621586687848,1621586687908,60,6,219,11348.2332588063,-6489,0
1621586687928,1621586687948,20,0,40,2686.98537134395,-1,147
1621586687958,1621586687988,30,0,54,2541.07850895077,-1476,183
1621586688038,1621586688058,20,0,103,6900.20594739474,-1,104
1621586688227,1621586688277,50,3,165,-1.0,-5886,129
1621586688487,1621586688497,10,-1,1327,-1.0,-1,-1
1621586688787,1621586688947,160,30,751,38796.7753964363,-60553,277
1621586688977,1621586688997,20,0,47,2375.51274037828,-817,109
1621586689007,1621586689117,110,1,907,70448.3289774645,-80463,255
1621586689127,1621586689467,340,18,795,27213.8983564621,-45909,44
1621586689477,1621586689487,10,-1,41,2177.25512993634,-1,-1
1621586689497,1621586689667,170,11,197,8926.95190670923,-6589,179
1621586689677,1621586689707,30,2,140,10443.2204353708,-9105,345
1621586689717,1621586689737,20,0,40,1742.89057441407,-719,172
1621586689806,1621586689826,20,0,48,1557.5116117496,-1,200
1621586689996,1621586690016,20,0,36,1046.56993035954,-267,180
1621586690156,1621586690196,40,1,51,2519.42715086462,-1326,239
1621586690246,1621586690416,170,9,77,1731.31843051262,-1559,253
1621586690446,1621586690466,20,0,34,1165.89868429573,-129,209
1621586690726,1621586690756,30,1,74,3783.1993870634,-1552,53
1621586690896,1621586690986,90,18,362,11444.7461848974,-13374,158
1621586691006,1621586691026,20,0,36,2264.17996775792,-1,48
1621586691036,1621586691066,30,0,30,303.373718498696,-1,22
1621586691106,1621586691116,10,-1,30,940.239595716354,-1,-1
1621586691146,1621586691216,70,15,377,12994.7768197194,-13892,352
1621586691326,1621586691336,10,-1,31,1814.22242979393,-1,-1
1621586691575,1621586691625,50,1,44,799.369371319669,-745,78
1621586691645,1621586691675,30,0,39,1150.23398335745,-209,56
1621586691765,1621586691825,60,7,717,12620.914653588,-28841,133
1621586691945,1621586691955,10,-1,104,7504.99136924442,-1,-1
1621586691965,1621586692005,40,0,120,9824.53551392014,-9018,188
1621586692045,1621586692075,30,2,108,7246.03283466371,-5031,109
1621586692085,1621586692115,30,0,123,7455.41319685102,-1,141
1621586692125,1621586692255,130,6,159,13794.2165767105,-9183,327
1621586692315,1621586692355,40,0,156,12997.3002393797,-4941,63
1621586692385,1621586692465,80,7,319,18356.6187231866,-14791,118
1621586692485,1621586692605,120,7,97,3846.11464526578,-3805,256
1621586692625,1621586692685,60,2,53,1043.05995619872,-655,320
1621586692795,1621586692805,10,-1,33,774.523097470225,-1,-1
1621586692895,1621586693034,139,5,65,1165.82845392784,-1389,50
1621586693174,1621586693194,20,0,39,1071.36043702964,-535,219
1621586693444,1621586693564,120,9,265,11979.3396006243,-7762,237
1621586693734,1621586693754,20,0,31,1130.27753471128,-51,23
1621586693844,1621586693884,40,6,281,15503.4621222734,-4896,224
1621586693974,1621586694034,60,4,68,-1.0,-56,187
1621586694684,1621586694743,59,2,65,2010.3229065625,-1451,351
1621586694853,1621586695293,440,35,418,20375.8810216057,-16157,73
1621586695303,1621586695343,40,0,36,2427.35571354843,-346,3
1621586695373,1621586695573,200,12,77,3880.07067590387,-1856,305
1621586695583,1621586695663,80,21,490,16700.3399910761,-14477,138
1621586695673,1621586695853,180,11,75,3939.2561584613,-2109,328
1621586695873,1621586695883,10,-1,51,2175.20552109293,-1,-1
1621586695893,1621586696033,140,6,82,3829.90271478969,-2526,322
1621586696522,1621586696562,40,4,183,8600.09080505596,-7209,44
1621586696772,1621586696912,140,34,424,12685.8911793981,-14612,340
1621586697012,1621586697142,130,22,229,13973.7670740918,-11357,192
1621586697152,1621586697272,120,3,209,14614.0214321755,-9245,170
1621586697282,1621586697302,20,0,99,7111.40014757687,-4929,6
1621586697312,1621586697322,10,-1,30,1427.42215245587,-1,-1
1621586697392,1621586697472,80,3,158,6113.32294099726,-4704,60
1621586697582,1621586698031,449,9,422,12216.3606601968,-15939,141
1621586698041,1621586698331,290,19,821,47363.2825446371,-34578,327
1621586698341,1621586698361,20,0,68,3407.09486302603,-1,146
1621586698371,1621586698401,30,2,137,10450.4497333971,-9725,331
1621586698411,1621586698421,10,-1,32,864.096464101554,-1,-1
1621586698431,1621586698481,50,3,151,8983.63203761937,-9103,23
1621586698501,1621586698521,20,0,38,887.952776843569,-1,203
1621586698531,1621586698591,60,1,90,5675.91196953156,-5785,99
1621586698731,1621586698791,60,10,286,11111.7250619385,-12437,190
1621586699021,1621586699061,40,3,123,6254.93659444939,-4091,158
1621586699181,1621586699241,60,9,295,12415.8294362737,-12213,355
1621586699251,1621586699271,20,0,35,1143.03200938125,-328,77
1621586699471,1621586699521,50,2,168,13530.692605697,-9761,253
1621586699531,1621586699551,20,0,38,2203.26590865277,-498,233
1621586699631,1621586699660,29,0,41,1962.47185794766,-1151,75
1621586699690,1621586699770,80,3,179,10431.2097658816,-8428,75
1621586700120,1621586700170,50,6,252,13198.8420542664,-8953,148
1621586700230,1621586700240,10,-1,108,8478.70209372814,-1,-1
1621586700250,1621586700260,10,-1,106,9051.03072448741,-1,-1
1621586700270,1621586700330,60,2,77,6688.57703213072,-1867,252
1621586700340,1621586700430,90,7,239,10383.3640259765,-10610,33
1621586700440,1621586700500,60,2,214,13231.6534441131,-16413,250
1621586700510,1621586700540,30,1,59,1756.9521611633,-2173,228
1621586700570,1621586700590,20,0,36,830.504696047019,-1,258
1621586700600,1621586700850,250,5,236,17157.7417924897,-13317,288
1621586700860,1621586700900,40,4,194,11825.3685167766,-9980,56
1621586700910,1621586700990,80,1,87,6249.24816673027,-4022,253
1621586701010,1621586701040,30,1,68,2595.88042654926,-2580,263
1621586701250,1621586701319,69,14,337,17104.4565653338,-11334,209
1621586701329,1621586701359,30,1,54,3587.91069855052,-1265,64
1621586701379,1621586701399,20,0,34,1291.75907880673,-1,45
1621586701499,1621586701569,70,2,210,8891.43888335224,-10882,6
1621586701609,1621586701639,30,0,36,573.923164117274,-1,77
1621586701749,1621586701829,80,8,226,11110.2594402299,-12896,11
1621586701859,1621586702019,160,6,208,14050.6229978572,-11528,139
1621586702039,1621586702079,40,1,47,1481.43346511031,-637,105
1621586702109,1621586702129,20,2,121,9702.34130490097,-866,74
1621586702189,1621586702249,60,3,146,7024.97534513492,-7329,205
1621586702349,1621586702359,10,-1,32,1255.05100121625,-1,-1
1621586702389,1621586702409,20,0,58,3940.32378721591,-1972,327
1621586702429,1621586702459,30,0,37,1748.52696404764,-1,274
1621586702569,1621586702659,90,6,204,8057.64562410147,-9012,196
1621586702829,1621586702849,20,0,32,923.19539157277,-137,246
1621586703108,1621586703158,50,5,183,7932.02660817347,-9236,141
1621586703288,1621586703338,50,6,202,9561.08935537721,-8171,314
1621586704068,1621586704088,20,0,41,3233.83222530952,-358,45
1621586704448,1621586704488,40,0,66,5146.44276676796,-2118,75
1621586704548,1621586704617,69,1,163,13526.8077967145,-6440,149
1621586704737,1621586704787,50,26,1753,712.16546232663,-89298,41
1621586704817,1621586704857,40,1,107,3506.93867390221,-7196,18
1621586704917,1621586704927,10,-1,34,1162.36965502295,-1,-1
1621586705057,1621586705077,20,0,36,1535.08753525181,-1,69
1621586705137,1621586705147,10,-1,32,1978.10652542744,-1,-1
1621586705157,1621586705187,30,1,46,1068.7322472524,-704,304
1621586705207,1621586705227,20,0,50,2425.03813094885,-2013,203
1621586705267,1621586705277,10,-1,33,671.239571686237,-1,-1
1621586705317,1621586705397,80,6,635,32983.8535275317,-1952,357
1621586705517,1621586705767,250,14,702,7315.51245861771,-42363,171
1621586705797,1621586705807,10,-1,36,1663.9314433189,-1,-1
1621586706047,1621586706107,60,1,36,307.668171557952,-405,70
1621586706137,1621586706157,20,0,38,796.660315263932,-1,82
1621586706406,1621586706426,20,12,645,59508.6388323772,-1,67
1621586706546,1621586706796,250,8,564,27748.8275098023,-20632,335
1621586706806,1621586706866,60,8,266,12555.156602548,-10381,5
1621586706946,1621586706956,10,-1,53,4135.05464834042,-1,-1
1621586706966,1621586706976,10,-1,45,2606.46565830269,-1,-1
1621586707146,1621586707156,10,-1,30,707.857039594313,-1,-1
1621586707176,1621586707206,30,1,82,4519.21530289736,-2490,206
1621586707286,1621586707306,20,0,106,6309.9768573895,-1,111
1621586707396,1621586707446,50,5,509,1197.68288029465,-34448,11
1621586707466,1621586707496,30,2,135,6859.22213887865,-8153,219
1621586707626,1621586707706,80,3,140,5798.18058395154,-4019,272
1621586707905,1621586707955,50,0,77,6654.38200604018,-2782,333
1621586707965,1621586707985,20,0,61,3336.41764107881,-639,283
1621586707995,1621586708065,70,2,140,8396.86214427487,-8189,204
1621586708435,1621586708485,50,4,259,15602.3526755296,-13234,82
1621586708635,1621586708685,50,5,167,10520.5104060361,-7543,265
1621586708925,1621586708985,60,7,259,12427.3457731381,-11150,68
1621586709195,1621586709275,80,8,240,11782.6090678494,-9655,247
1621586709395,1621586709455,60,9,246,11677.3816368932,-8597,65
1621586709475,1621586709485,10,-1,30,757.177793538352,-1,-1
1621586709704,1621586709714,10,-1,30,1297.41559306024,-1,-1
1621586709764,1621586709824,60,7,214,8083.34180015888,-8899,250
1621586710264,1621586710304,40,3,127,7974.5586951362,-7608,43
1621586710614,1621586710644,30,1,57,2648.48857182518,-671,243
1621586710654,1621586710714,60,3,121,4678.7395147327,-5424,295
1621586710864,1621586710874,10,-1,30,783.376158323496,-1,-1
1621586710884,1621586710984,100,7,201,7577.3859909798,-7592,76
1621586711024,1621586711034,10,-1,31,684.15288448276,-1,-1
1621586711154,1621586711223,69,12,322,12649.725673849,-10451,203
1621586711273,1621586711343,70,1,37,926.890712520193,-331,339
1621586711363,1621586711383,20,0,45,1788.94574742736,-372,280
1621586711403,1621586711423,20,0,39,1646.88968743649,-686,276
1621586711443,1621586711523,80,2,190,7986.90835890006,-543,41
1621586711613,1621586711973,360,26,378,9774.70022883916,-27757,320
1621586711983,1621586712013,30,1,72,2850.28849028995,-2695,0
1621586712193,1621586712243,50,5,196,9157.86211330379,-9852,184
1621586712343,1621586712423,80,14,396,15808.8498750967,-14972,85
1621586712493,1621586712533,40,1,57,2041.78949306762,-1440,291
1621586712563,1621586712633,70,14,292,11089.8201508665,-13559,272
1621586712812,1621586712852,39,6,285,12870.6132679,-10611,1
1621586712862,1621586712892,30,2,133,6538.68410980863,-6620,4
1621586713212,1621586713472,260,17,430,20218.9113755756,-18228,139
1621586713482,1621586713502,20,0,44,2141.06652182343,-245,19
1621586713522,1621586713602,80,3,88,4207.61431885426,-4508,207
1621586713722,1621586713812,90,6,245,18116.3510553419,-2084,80
1621586713822,1621586713862,40,5,223,13825.664239704,-10452,51
1621586713872,1621586713942,70,3,81,2273.69331137724,-2019,265
1621586714032,1621586714442,410,11,596,25370.9859074967,-26687,314
1621586714452,1621586714472,20,0,37,570.24115643075,-1,140
1621586714482,1621586714521,39,4,161,9548.55679981779,-6773,344
1621586714531,1621586714551,20,0,52,3939.17428644257,-158,258
1621586714671,1621586714741,70,5,218,15671.1122534128,-10512,193
1621586714751,1621586714761,10,-1,81,5335.09231784144,-1,-1
1621586714771,1621586714801,30,0,141,10694.547910332,-3003,102
1621586714811,1621586714861,50,0,102,6820.20497630705,-3565,118
1621586714881,1621586714921,40,0,107,7723.56589016617,-3990,93
1621586714981,1621586715051,70,11,347,12826.0096563077,-12083,170
1621586715101,1621586715201,100,11,348,12379.2783937859,-6889,115
1621586715311,1621586715611,300,8,506,14328.8308325405,-27100,93
1621586715641,1621586715661,20,0,52,3469.39153572047,-919,120
1621586715781,1621586715791,10,-1,36,2413.85106501128,-1,-1
1621586715881,1621586715961,80,5,369,15188.0704256331,-1201,192
1621586716051,1621586716530,479,30,379,12133.9480450266,-16390,354
1621586716540,1621586716630,90,2,77,3111.9657200231,-2730,312
1621586716640,1621586716650,10,-1,35,608.553341785662,-1,-1
1621586716660,1621586716680,20,0,35,1794.38458633797,-262,5
1621586716780,1621586716790,10,-1,33,720.364542696638,-1,-1
1621586716850,1621586716880,30,1,58,2504.51359499167,-1765,72
1621586716890,1621586716950,60,2,120,6618.70408067439,-5091,292
1621586716970,1621586716990,20,0,34,528.007130547508,-1,278
1621586717120,1621586717190,70,3,133,8126.3577952662,-8537,96
1621586717210,1621586717230,20,0,47,1843.45697728611,-1,276
1621586717240,1621586717420,180,7,284,20004.5904860065,-21008,163
1621586717660,1621586717680,20,0,33,2185.1115228296,-223,90
1621586717700,1621586717750,50,0,67,4964.9032580025,-2148,351
1621586717759,1621586717799,40,2,105,5853.64860151704,-5690,176
1621586717879,1621586717899,20,0,40,1798.01955537274,-1,203
1621586717919,1621586717989,70,12,304,11582.9815719875,-13192,350
1621586718009,1621586718089,80,1,308,20719.6850424787,-19496,158
1621586718139,1621586718169,30,1,107,8308.51607347291,-4947,98
1621586718199,1621586718329,130,3,238,15874.1961279248,-15218,149
1621586718359,1621586718369,10,-1,30,2055.79767700522,-1,-1
1621586718419,1621586718479,60,0,96,4530.40612776955,-6017,168
1621586718489,1621586718569,80,10,430,21382.9635586572,-22926,325
1621586718589,1621586718739,150,6,286,18969.8431869209,-12583,94
1621586718759,1621586718769,10,-1,50,5010.54948036069,-1,-1
1621586718779,1621586718849,70,13,484,25461.4554082412,-19397,265
1621586719029,1621586719059,30,1,85,3792.61603529982,-3256,143
1621586719299,1621586719478,179,5,1138,63379.766635885,-63139,150
1621586719528,1621586719538,10,-1,76,4952.42706417644,-1,-1
1621586719548,1621586719578,30,0,71,6027.5376855704,-2913,100
1621586719588,1621586719598,10,-1,85,6217.84353345467,-1,-1
1621586719608,1621586719628,20,0,81,7188.49917093997,-3985,77
1621586719688,1621586719718,30,1,82,4972.73753131183,-1564,104
1621586719778,1621586719798,20,0,32,340.041322632455,0,41
1621586719848,1621586719878,30,0,44,1117.34630414265,-804,113
1621586719888,1621586719958,70,4,166,8787.44044711554,-5051,155
1621586720088,1621586720338,250,15,431,36277.2066773609,-27038,167
1621586720348,1621586720448,100,5,130,7734.41613386751,-5459,164
1621586720458,1621586720468,10,-1,32,372.557181222913,-1,-1
1621586720478,1621586720508,30,1,93,7329.41703198955,-3239,185
1621586720558,1621586720568,10,-1,50,2851.04183230637,-1,-1
1621586720578,1621586720598,20,0,37,709.888590894625,-224,225
1621586720818,1621586720838,20,0,73,3289.97336670714,-1,55
1621586720848,1621586720868,20,0,59,4138.02699996834,-405,227
1621586720918,1621586720948,30,2,103,5980.7827609108,-5351,35
1621586720968,1621586720988,20,0,67,4871.95796243052,-1,220
1621586720998,1621586721008,10,-1,31,983.466322837347,-1,-1
1621586721018,1621586721038,20,0,43,2047.09715710411,-739,252
1621586721058,1621586721067,9,-1,41,1948.44954995394,-1,-1
1621586721097,1621586721107,10,-1,30,159.16783000425,-1,-1
1621586721137,1621586721237,100,4,107,5638.02133407197,-2278,342
1621586721467,1621586721517,50,9,215,-1.0,-453,257
1621586721627,1621586721677,50,6,421,18200.7916990287,-43,87
1621586721777,1621586722167,390,16,783,38348.3080341901,-31429,150
1621586722177,1621586722337,160,14,403,16071.6411216108,-10111,315
1621586722347,1621586722427,80,5,161,12925.7093002264,-5425,35
1621586722457,1621586722657,200,21,628,28670.9447776942,-19355,126
1621586722667,1621586722706,39,1,81,5212.19275170083,-4096,30
1621586722716,1621586722746,30,0,43,1962.21887553116,-794,333
1621586722756,1621586722846,90,7,281,23347.2835013984,-9103,278
1621586723016,1621586723076,60,7,274,10714.8368776361,-12592,155
1621586723086,1621586723336,250,9,208,8581.66496648901,-11138,325
1621586723346,1621586723376,30,0,45,2505.18234633145,-967,266
1621586723396,1621586723476,80,3,125,8653.0863806655,-5949,125
1621586723486,1621586723496,10,-1,35,3063.19838303098,-1,-1
1621586723526,1621586723566,40,1,55,2149.6819532021,-1057,105
1621586723586,1621586723646,60,3,81,3016.7123361381,-2022,300
1621586723656,1621586723666,10,-1,41,2047.78938826989,-1,-1
1621586723696,1621586723736,40,0,115,9914.51387789833,-3999,119
1621586723766,1621586723786,20,1,98,8192.14729599845,-1261,58
1621586723796,1621586723846,50,10,322,15043.3834147237,-8352,145
1621586723856,1621586723896,40,6,241,18319.3714351494,-7415,24
1621586723906,1621586724126,220,7,162,15984.4105075901,-6928,307
1621586724216,1621586724306,90,5,202,9913.07897905626,-8411,67
1621586724355,1621586724395,39,2,99,4522.29883253474,-4648,259
1621586724505,1621586724585,80,1,64,3806.52334252253,-2916,253
1621586724635,1621586724645,10,-1,30,1811.15091298866,-1,-1
1621586724795,1621586724875,80,9,308,16528.8179928684,-9960,291
1621586724955,1621586724985,30,1,77,4924.18599119808,-2222,100
1621586724995,1621586725035,40,0,171,15914.2708022097,-6596,225
1621586725045,1621586725095,50,2,79,5356.33907312979,-4601,119
1621586725235,1621586725255,20,0,53,4230.58081954546,-635,104
1621586725335,1621586725355,20,0,64,4675.28341592373,-1257,40
1621586725375,1621586725475,100,2,88,4005.94099338139,-4241,272
1621586725575,1621586725615,40,0,68,5270.02242902079,-3166,146
1621586725665,1621586725715,50,2,181,13435.2285852469,-5524,114
1621586725725,1621586725825,100,13,308,16147.3708962149,-10617,12
1621586725835,1621586725855,20,1,110,9958.45601302521,-1954,159
1621586725895,1621586725915,20,0,34,684.415225914224,-139,236
1621586725935,1621586726005,70,9,370,21462.9261375562,-19264,126
1621586726084,1621586726114,30,0,42,2015.98646325069,-625,286
1621586726134,1621586726164,30,1,74,4820.6389078546,-2677,235
1621586726174,1621586726194,20,0,42,1234.43143293817,-301,201
1621586726204,1621586726244,40,3,138,6932.1821328937,-4841,18
1621586726334,1621586726354,20,0,33,987.903139092913,-1,249
1621586726514,1621586726584,70,8,240,11844.0730587707,-8067,319
1621586726594,1621586726624,30,2,100,5200.08757297928,-6612,200
1621586726694,1621586726724,30,2,105,7616.44616429211,-5346,115
1621586726734,1621586726744,10,-1,42,1974.26835368275,-1,-1
1621586726754,1621586726774,20,1,86,7935.60337198275,-1499,80
1621586726814,1621586726874,60,1,108,7164.88361632282,-5108,214
1621586726934,1621586726974,40,0,69,5121.48333414579,-3563,221
1621586727134,1621586727144,10,-1,41,3128.54984240264,-1,-1
1621586727154,1621586727174,20,1,70,5608.92143815072,-1259,185
1621586727194,1621586727214,20,0,53,4813.16752573691,-1004,7
1621586727314,1621586727374,60,5,177,8257.81981612415,-9301,193
1621586727414,1621586727434,20,0,36,3183.64196368624,-298,326
1621586727534,1621586727564,30,0,49,2264.37490840376,-194,135
1621586727574,1621586727584,10,-1,47,1925.09049511462,-1,-1
1621586727594,1621586727614,20,5,516,27159.1587831287,-1,90
1621586727733,1621586727973,240,7,421,8736.63891874742,-9821,211
1621586727983,1621586728003,20,0,71,3645.65690177573,-1,129
1621586728013,1621586728093,80,7,251,10429.3662604171,-9486,64
1621586728133,1621586728153,20,0,45,2010.15825764841,-1299,191
1621586728183,1621586728193,10,-1,37,1034.26113516284,-1,-1
1621586728213,1621586728233,20,0,40,2021.762802559,-770,163
1621586728253,1621586728263,10,-1,35,1492.74807947048,-1,-1
1621586728273,1621586728293,20,0,60,3984.514206664,-1370,249
1621586728333,1621586728353,20,0,53,2805.80835624934,-1360,63
1621586728413,1621586728453,40,0,61,4704.54921385307,-2844,149
1621586728753,1621586728813,60,2,191,16716.036132941,-7440,265
1621586728833,1621586728843,10,-1,33,2206.50272376664,-1,-1
1621586728853,1621586728883,30,2,121,11603.8610281066,-5885,77
1621586728893,1621586728903,10,-1,48,2218.59108945738,-1,-1
1621586728913,1621586729023,110,18,437,19784.4503221377,-20506,183
1621586729103,1621586729143,40,0,99,7598.06436612155,-2934,9
1621586729153,1621586729233,80,19,387,14134.3685037924,-15642,22
1621586729402,1621586729452,50,7,234,11701.6092460667,-6566,273
1621586729572,1621586729612,40,0,107,7851.83776102736,-3370,35
1621586729652,1621586729732,80,12,311,15043.7767628389,-10515,181
1621586729752,1621586729772,20,0,51,3350.64609114589,-776,34
1621586729782,1621586729872,90,1,248,12845.2393909962,-2417,170
1621586729982,1621586730292,310,22,403,20229.9823120487,-23749,331
1621586730312,1621586730322,10,-1,46,3985.96484642841,-1,-1
1621586730332,1621586730402,70,7,185,10581.2609904551,-6694,166
1621586730432,1621586730492,60,4,88,4707.62354543804,-3647,289
1621586730502,1621586730552,50,2,70,3685.18021003182,-2233,318
1621586730562,1621586730672,110,4,201,13568.1495431127,-9143,272
1621586730702,1621586730762,60,9,311,14634.3097494099,-13579,100
1621586730772,1621586730792,20,0,57,3275.09587390578,-1511,352
1621586730812,1621586730872,60,3,106,7624.57521880467,-5068,354
1621586730892,1621586730902,10,-1,31,1148.60666613782,-1,-1
1621586731061,1621586731081,20,1,80,5674.73182078563,-2104,25
1621586731151,1621586731211,60,10,357,12539.7161154246,-13416,174
1621586731221,1621586731261,40,1,129,10035.7693758273,-4924,4
1621586731311,1621586731361,50,1,104,5135.58594576918,-1123,330
1621586731371,1621586731401,30,1,74,5113.08098195809,-1268,298
1621586731411,1621586731431,20,0,47,2954.2919899594,-1162,252
1621586731441,1621586731481,40,1,47,2652.2503399236,-337,310
1621586731491,1621586731591,100,4,216,8081.80505733174,-7639,179
1621586731601,1621586731621,20,0,50,2610.83118738726,-1233,94
1621586731641,1621586731781,140,17,360,16178.9434346879,-16363,19
1621586731831,1621586731851,20,0,47,2765.41774425149,-571,165
1621586731861,1621586731911,50,2,165,8918.38604103516,-9665,242
1621586731951,1621586731971,20,0,33,2551.17602158249,-40,192
1621586732021,1621586732091,70,1,100,7242.41511880913,-3092,152
1621586732101,1621586732121,20,1,117,5069.80091640746,-1,293
1621586732131,1621586732171,40,0,139,13184.5193942981,-8690,225
1621586732251,1621586732341,90,16,299,15179.6315031738,-12962,347
1621586732351,1621586732381,30,1,84,5075.45353243108,-3299,76
1621586732421,1621586732441,20,2,145,11969.9990641266,-1,121
1621586732451,1621586732461,10,-1,66,3647.78316703374,-1,-1
1621586732521,1621586732551,30,3,165,9045.54457098823,-3076,85
1621586732561,1621586732760,199,19,360,14021.4634470932,-14644,187
1621586732770,1621586732890,120,8,237,12390.7606493683,-12001,5
1621586732900,1621586732930,30,1,66,2321.55881923301,-2314,322
1621586732950,1621586732960,10,-1,38,2292.39480705219,-1,-1
1621586732970,1621586733020,50,3,263,13232.7746674964,-16095,318
1621586733030,1621586733040,10,-1,87,8194.83600792184,-1,-1
1621586733050,1621586733080,30,1,73,3716.08336227239,-4359,246
1621586733090,1621586733130,40,2,150,10971.5947611756,-8833,91
1621586733190,1621586733210,20,0,117,8246.60965967404,-1,214
1621586733220,1621586733280,60,0,237,16680.3173106537,-8285,77
1621586733380,1621586733550,170,7,407,21213.3809238003,-25232,225
1621586733820,1621586733840,20,1,108,10281.7782518008,-4098,70
1621586734130,1621586734140,10,-1,53,3115.19252854594,-1,-1
1621586734150,1621586734170,20,1,101,9400.72561421775,-3250,298
1621586734190,1621586734210,20,0,39,3220.89389045338,-321,106
1621586734329,1621586734369,40,7,309,16930.9979325377,-840,319
1621586734469,1621586734639,170,9,1603,156332.072948386,-85295,199
1621586734649,1621586734679,30,4,210,11847.1458672163,-10532,19
1621586734689,1621586734769,80,6,99,3485.40745595032,-3137,153
1621586734779,1621586734889,110,35,576,25698.346986571,-22605,146
1621586734899,1621586735439,540,9,461,26898.7710426003,-16842,78
1621586735449,1621586735469,20,0,39,1839.9975883825,-857,300
1621586735489,1621586735509,20,0,35,1023.28290316516,-1,254
1621586735529,1621586735539,10,-1,31,242.030700270052,-1,-1
1621586735549,1621586735559,10,-1,44,1462.20800042494,-1,-1
1621586735589,1621586735609,20,1,62,5195.45948945109,-1470,84
1621586735809,1621586735849,40,0,104,7934.01356633014,-5555,270
1621586735908,1621586735998,89,17,352,9801.84948772909,-9614,351
1621586736008,1621586736048,40,1,121,6225.93908851462,-3195,129
1621586736058,1621586736068,10,-1,33,2137.33656997614,-1,-1
1621586736078,1621586736138,60,1,139,9980.35169614115,-6857,217
1621586736248,1621586736318,70,11,308,16194.7108668274,-9150,228
1621586736418,1621586736548,130,7,153,5149.41600373945,-5815,221
1621586736738,1621586736748,10,-1,36,1780.89670827142,-1,-1
1621586736768,1621586736818,50,4,154,7554.25484441107,-6014,52
1621586736948,1621586736968,20,0,49,2584.28713992407,-561,51
1621586737248,1621586737318,70,12,333,13952.2380850498,-13908,72
1621586737348,1621586737368,20,0,70,4335.24188421628,-1256,183
1621586737508,1621586737597,89,15,334,11959.1556910041,-12220,242
1621586737647,1621586737657,10,-1,61,3715.23750779083,-1,-1
1621586737667,1621586737677,10,-1,50,2996.82726188657,-1,-1
1621586737717,1621586737777,60,15,450,22665.9941033221,-14038,57
1621586737867,1621586737987,120,16,344,15311.4671751965,-12801,237
1621586738147,1621586738157,10,-1,33,1774.02808800298,-1,-1
1621586738187,1621586738287,100,16,1239,59903.3840475166,-5246,150
1621586738467,1621586738497,30,7,502,-1.0,-22085,3
1621586738507,1621586738687,180,17,218,11667.6231500895,-16195,193
1621586738697,1621586738717,20,0,69,4036.50877692983,-1254,276
1621586738727,1621586738747,20,0,42,2256.41840565938,-984,195
1621586738757,1621586738977,220,9,294,15181.2210096866,-17521,153
1621586738987,1621586739087,100,1,246,20195.5309241485,-12109,165
1621586739117,1621586739167,50,2,219,17769.8613845785,-4820,111
1621586739406,1621586739426,20,0,40,1201.8895041675,-565,109
1621586739446,1621586739466,20,0,35,2265.67026091204,-496,257
1621586739526,1621586739546,20,1,70,6065.22029858686,-1,103
1621586739606,1621586739626,20,0,43,3760.28160095208,-525,4
1621586739656,1621586739686,30,1,84,3080.94610293482,-4112,147
1621586740096,1621586740116,20,0,43,1463.53826038356,-239,14
1621586740126,1621586740136,10,-1,36,1921.76592110463,-1,-1
1621586740166,1621586740186,20,0,38,2332.15947048191,-781,80
1621586740246,1621586740256,10,-1,31,396.297410381569,-1,-1
1621586740286,1621586740316,30,0,51,4616.97372793064,-1883,98
1621586740386,1621586740466,80,0,60,3929.18928377388,-2481,310
1621586740506,1621586740526,20,0,42,2652.55088117689,-490,164
1621586740546,1621586740566,20,0,38,2735.05150511543,-1,264
1621586740965,1621586740975,10,-1,31,2544.69653754055,-1,-1
1621586741085,1621586741095,10,-1,46,1930.84029134051,-1,-1
1621586742864,1621586742894,30,2,124,6111.67615710569,-4158,155
1621586743194,1621586743244,50,7,241,11701.7412724449,-9783,356
1621586743344,1621586743384,40,0,63,4441.97515006355,-2539,45
1621586743444,1621586743474,30,0,45,2746.76399261756,-531,81
1621586743654,1621586743744,90,5,165,8810.3545262936,-4124,356
1621586743824,1621586743854,30,3,147,11366.9571940364,-6435,130
1621586743954,1621586744014,60,0,196,14628.849350103,-10027,287
1621586744094,1621586744133,39,4,176,10130.218915483,-5740,275
1621586744143,1621586744173,30,2,154,14308.8394590337,-10200,98
1621586744253,1621586744323,70,4,170,11840.8371601486,-8617,227
1621586744533,1621586744583,50,5,188,8458.25103424735,-10512,340
1621586744593,1621586744613,20,1,113,9991.38451894183,-3708,337
1621586744703,1621586744743,40,3,151,9013.39146092384,-10132,156
1621586745043,1621586745103,60,7,197,12013.5690883266,-5084,165
1621586745193,1621586745203,10,-1,30,77.8523456912222,-1,-1
1621586745213,1621586745413,200,7,59,1736.67096584219,-1239,259
1621586745892,1621586745962,70,8,227,7776.52961859989,-7623,331
1621586746072,1621586746092,20,0,37,2514.07433041508,-545,180
1621586746242,1621586746252,10,-1,31,1809.18860154896,-1,-1
1621586746272,1621586746312,40,3,146,9156.34573998367,-5680,339
1621586746512,1621586746572,60,11,313,16319.190086803,-11850,156
1621586746952,1621586747002,50,6,235,11551.3099581267,-8748,339
1621586747302,1621586747342,40,3,122,7420.50122406619,-6911,0
1621586747681,1621586747721,40,4,195,9332.05023034992,-11744,151
1621586748081,1621586748101,20,0,85,4766.08179476685,-1,65
1621586748231,1621586748291,60,7,390,1743.95703844854,-13853,242
1621586748301,1621586748341,40,0,65,4988.95332061815,-3082,206
1621586748391,1621586748411,20,0,36,1676.18573064909,-290,270
1621586748481,1621586748531,50,6,219,11280.0094958603,-7545,332
1621586748811,1621586748831,20,1,110,8507.79266322451,-234,263
1621586748841,1621586748871,30,1,588,53259.8286601221,-5351,18
1621586749031,1621586749061,30,7,409,-1.0,-8887,142
1621586749270,1621586749560,290,19,254,11728.2326886902,-9381,323
1621586749570,1621586749680,110,5,103,5288.22049569666,-2536,263
1621586749700,1621586749770,70,0,119,6670.80033487273,-8416,337
1621586749800,1621586749860,60,9,278,13028.2110870469,-11727,336
1621586749870,1621586749890,20,0,84,5032.81802939061,-1,38
1621586749900,1621586749910,10,-1,114,9752.23369736161,-1,-1
1621586749920,1621586749930,10,-1,81,5990.03457672116,-1,-1
1621586749960,1621586749980,20,0,33,799.877615281134,-1,153
1621586749990,1621586750020,30,1,89,4778.14542375474,-2073,113
1621586750060,1621586750140,80,11,312,12961.6337126374,-12862,173
1621586750180,1621586750200,20,0,52,4443.92561920205,-185,40
1621586750250,1621586750280,30,0,41,988.153446218345,-87,190
1621586750290,1621586750680,390,18,374,23292.4056329173,-16759,332
1621586750690,1621586750719,29,0,41,1543.36051964459,-1034,194
1621586750739,1621586750759,20,0,32,678.088322676049,-1,156
1621586750809,1621586750839,30,0,41,661.699358455154,-726,137
1621586750879,1621586750909,30,0,32,528.923107890151,-134,135
1621586750919,1621586750929,10,-1,30,135.982157095178,-1,-1
1621586750959,1621586751109,150,44,450,17361.2382967898,-21523,347
1621586751179,1621586751369,190,29,384,26477.742758113,-12174,172
1621586751399,1621586751459,60,3,76,3163.07221446625,-2970,164
1621586751559,1621586751749,190,12,98,4298.61564172506,-3887,13
1621586751819,1621586752049,230,17,200,9383.83947627653,-8405,173
1621586752059,1621586752089,30,2,123,9884.36096739517,-9332,325
1621586752099,1621586752189,90,3,250,10160.3544068691,-15716,143
1621586752249,1621586752259,10,-1,33,778.588101327915,-1,-1
1621586752878,1621586752918,40,0,85,6026.14757530035,-3231,56
1621586753218,1621586753238,20,0,37,2997.01134119306,-1,191
1621586753428,1621586753438,10,-1,87,6919.9985877154,-1,-1
1621586753448,1621586753468,20,0,87,7235.36755402095,-5105,63
1621586753488,1621586753508,20,0,64,3723.36988290492,-2359,250
1621586753608,1621586753628,20,0,107,9293.0681240556,-5537,62
1621586753698,1621586753778,80,0,129,6848.49768175111,-2706,230
1621586753788,1621586753808,20,1,121,11544.2711565397,-5485,32
1621586753858,1621586753868,10,-1,34,2184.31259728182,-1,-1
1621586753878,1621586753908,30,1,88,3068.71578021228,-4810,253
1621586753918,1621586753997,79,1,175,5581.02440340043,-4089,295
1621586754017,1621586754047,29,1,66,3442.39900677154,-3112,55
1621586754097,1621586754137,40,1,69,3463.74372470813,-1233,15
1621586754167,1621586754187,20,0,31,1712.84490769977,-139,293
1621586754237,1621586754337,100,4,164,8997.52434653655,-12467,205
1621586754367,1621586754417,50,5,179,12780.8654507893,-9441,327
1621586754677,1621586754687,10,-1,31,1322.71309040383,-1,-1
1621586754707,1621586754717,10,-1,30,818.162893536968,-1,-1
1621586755107,1621586755127,20,1,72,4440.9346224799,-1,16
1621586755417,1621586755437,20,0,42,2878.30028922798,-1,165
1621586755527,1621586755577,50,0,182,6605.06601355212,-13694,101
1621586755597,1621586755607,10,-1,44,3043.66204366724,-1,-1
1621586755716,1621586755766,50,6,260,12588.2786958532,-15251,155
1621586755856,1621586755896,40,4,169,8098.60399671113,-8324,162
1621586755956,1621586756036,80,14,806,37433.7110532822,-2671,37
1621586756146,1621586756276,130,7,995,6749.41355633651,-58369,269
1621586756286,1621586756446,160,18,424,19484.9707922295,-14174,323
1621586756546,1621586756566,20,0,32,290.631671886268,-226,63
1621586756656,1621586756756,100,4,342,13315.2746319383,-11799,66
1621586756786,1621586756846,60,1,366,15293.5615033645,-12345,234
1621586756876,1621586756926,50,4,194,8763.84964934727,-11523,55
1621586756996,1621586757106,110,2,232,16395.4797845216,-17883,102
1621586757166,1621586757206,40,1,70,3963.31509141673,-2997,322
1621586757216,1621586757236,20,1,79,7210.67522516632,-2559,327
1621586757276,1621586757315,39,1,54,2087.20791881568,-1702,181
1621586757325,1621586757365,40,3,194,14340.4540707073,-9940,53
1621586757395,1621586757405,10,-1,30,471.272689703194,-1,-1
1621586757435,1621586757515,80,2,147,8621.65207568006,-8288,212
1621586757535,1621586757575,40,1,105,7744.4170296414,-2629,196
1621586757615,1621586757655,40,2,142,7271.58844808269,-7566,233
1621586757775,1621586757795,20,0,30,1552.746531199,0,344
1621586758005,1621586758115,110,4,317,14356.6922364065,-14954,87
1621586758125,1621586758175,50,0,76,4087.81681306045,-2417,41
1621586758235,1621586758265,30,2,135,5993.29774674339,-8161,232
1621586758375,1621586758405,30,2,116,4758.07087635224,-7650,65
1621586758435,1621586758465,30,2,114,5741.14987211349,-5871,213
1621586758565,1621586758635,70,2,153,11236.1485114657,-2622,183
1621586758645,1621586758665,20,1,153,13835.6079365155,-10333,228
1621586758695,1621586758725,30,1,73,4716.50471050287,-2944,119
1621586758775,1621586758805,30,4,217,18835.8296545299,-17180,284
1621586759034,1621586759094,60,3,278,12678.6969392434,-18008,95
1621586759104,1621586759114,10,-1,105,9948.99420315413,-1,-1
1621586759174,1621586759244,70,4,125,5437.1701822263,-3822,248
1621586759464,1621586759484,20,0,62,4810.54322718135,-512,0
1621586759814,1621586759844,30,1,78,4668.12517252594,-4649,346
1621586759934,1621586759974,40,1,66,3488.18165713843,-1583,60
1621586760074,1621586760134,60,1,142,9505.43983600272,-2520,110
1621586760234,1621586760394,160,8,366,8393.60617584499,-15957,231
1621586760414,1621586760454,40,1,59,3818.11230656307,-2095,100
1621586760464,1621586760564,100,3,58,2000.26213179388,-852,162
1621586760603,1621586760643,39,1,66,2950.17066181142,-2772,122
1621586760653,1621586760683,30,1,95,4421.07874341676,-2871,225
1621586760703,1621586760733,30,0,46,1301.91106869812,-332,210
1621586760743,1621586760793,50,1,57,2704.01331518108,-1595,184
1621586761823,1621586761873,50,2,90,5853.55312296669,-4117,95
1621586761953,1621586761983,30,1,82,6152.27944576817,-3134,101
1621586762093,1621586762103,10,-1,43,3551.55489314792,-1,-1
1621586762113,1621586762123,10,-1,44,1731.90882181732,-1,-1
1621586762133,1621586762173,40,6,254,11198.2969434234,-1,317
1621586762312,1621586762422,110,8,1317,3021.7195850298,-109551,126
1621586762432,1621586762652,220,2,588,38296.5428222008,-32329,170
1621586762802,1621586762892,90,37,1413,17221.9120744437,-81889,141
1621586763072,1621586763092,20,0,61,4631.94607117628,-1099,193
1621586763132,1621586763162,30,1,54,4557.33798336164,-1387,55
1621586763172,1621586763192,20,0,48,3813.24718703305,-834,306
1621586763232,1621586763282,50,0,78,6710.44648594915,-2801,286
1621586763332,1621586763342,10,-1,39,1061.56483327233,-1,-1
1621586763352,1621586763362,10,-1,33,1515.17756261402,-1,-1
1621586763372,1621586763402,30,0,40,2106.51007543485,-46,227
1621586763472,1621586763512,40,1,65,4183.88558206764,-1901,258
1621586763652,1621586763672,20,0,59,4903.44343814965,-769,53
1621586763682,1621586763702,20,0,44,1411.64565241686,-1,231
1621586763832,1621586763881,49,1,71,5355.86875314481,-2830,330
1621586764061,1621586764101,40,0,101,8064.35467355098,-3472,141
1621586764111,1621586764121,10,-1,61,3970.59921508707,-1,-1
1621586764151,1621586764161,10,-1,45,3662.98260302246,-1,-1
1621586764281,1621586764361,80,6,313,12505.0385264047,-16422,265
1621586764511,1621586764581,70,0,128,5300.24213720014,-7929,258
1621586764591,1621586764641,50,1,100,7313.41843339906,-5327,267
1621586764711,1621586764731,20,0,44,1641.54246227796,-1,209
1621586764801,1621586764821,20,0,42,2278.25741849672,-739,258
1621586764991,1621586765031,40,1,71,4785.8997100871,-2792,243
1621586765341,1621586765361,20,0,53,2903.77180087811,-1149,41
1621586765850,1621586765860,10,-1,41,2191.71463255808,-1,-1
1621586766090,1621586766100,10,-1,73,6555.5897338865,-1,-1
1621586766170,1621586766180,10,-1,33,1783.40888737327,-1,-1
1621586766270,1621586766290,20,0,54,3254.21745800568,-1,243
1621586766860,1621586766880,20,0,40,680.56998402436,-1,315
1621586767399,1621586767419,20,0,73,4104.82166871859,-1,65
1621586767529,1621586767539,10,-1,82,6950.03162611788,-1,-1
1621586767549,1621586767559,10,-1,53,4734.93740884116,-1,-1
1621586767809,1621586767839,30,1,49,2622.69307224767,-1884,11
1621586768049,1621586768079,30,0,68,4742.03375282727,-2668,64
1621586768089,1621586768109,20,1,77,6014.70886791335,-1655,103
1621586768249,1621586768289,40,3,113,6287.61016162601,-5768,99
1621586768309,1621586768319,10,-1,40,2692.44373747989,-1,-1
1621586768539,1621586768549,10,-1,42,1968.13097594722,-1,-1
1621586768559,1621586768589,30,1,58,2380.87733440881,-1890,33
1621586768828,1621586768988,159,28,995,59825.4119171616,-61920,233
1621586769038,1621586769098,60,1,41,1219.14720959555,-780,50
1621586769108,1621586769148,40,1,33,386.891928101322,-314,14
1621586769158,1621586769188,30,1,58,1966.87707842872,-2446,2
1621586769208,1621586769238,30,0,37,1471.62375497068,-464,30
1621586769258,1621586769268,10,-1,38,1119.83927057929,-1,-1
1621586769278,1621586769348,70,13,283,12104.4437742496,-10476,213
1621586769388,1621586769418,30,0,36,1420.99860159341,-63,45
1621586769518,1621586769568,50,3,119,4124.80218464257,-6174,307
1621586769618,1621586769638,20,0,52,2391.76178181281,-931,36
1621586769668,1621586769678,10,-1,30,317.789652156558,-1,-1
1621586769788,1621586769808,20,2,214,10958.263243596,-1,216
1621586770517,1621586770647,130,16,781,54777.9509451819,-61951,56
1621586770657,1621586770817,160,7,755,57549.1524545338,-36006,239
1621586770847,1621586770867,20,0,60,3512.4698378427,-910,295
1621586770887,1621586770907,20,0,43,2153.68443210633,-999,275
1621586771007,1621586771047,40,1,85,5419.6471472716,-4581,229
1621586771067,1621586771107,40,2,75,3348.62185691167,-2748,240
1621586771267,1621586771347,80,0,92,8031.74875359476,-4540,124
1621586771367,1621586771377,10,-1,45,3738.11468663799,-1,-1
1621586771387,1621586771427,40,0,77,5627.98658101903,-3855,257
1621586771587,1621586771607,20,0,72,5850.36977310039,-2417,259
1621586771687,1621586771707,20,0,61,3882.61840126046,-1,145
1621586771777,1621586771857,80,0,85,6001.87685653119,-4609,315
1621586771867,1621586771887,20,1,68,5792.19782457136,-1735,120
1621586772007,1621586772067,60,1,87,5973.48177858076,-5224,304
1621586772087,1621586772096,9,-1,40,3518.2905320801,-1,-1
1621586772126,1621586772146,20,0,52,3550.93239217579,-1364,292
1621586772176,1621586772186,10,-1,58,3105.45431642446,-1,-1
1621586772196,1621586772216,20,0,63,3859.81309442212,-1,63
1621586772226,1621586772266,40,0,117,10232.3058993258,-3522,277
1621586772396,1621586772426,30,1,259,13111.8257178853,-20127,272
1621586772436,1621586772446,10,-1,82,5754.23230165142,-1,-1
1621586772456,1621586772476,20,1,110,9195.50429443116,-3437,90
1621586772546,1621586772626,80,1,145,10868.8377530537,-10786,109
1621586772656,1621586772696,40,0,106,8748.67290745218,-4965,260
1621586772726,1621586772756,30,1,84,4764.59578618632,-3551,244
1621586772836,1621586772856,20,0,66,3848.39830345034,-2713,66
1621586773076,1621586773096,20,0,46,2485.78131477803,-1,228
1621586773246,1621586773276,30,1,77,5579.30145797212,-2499,104
1621586773286,1621586773306,20,1,65,3711.4506124461,-1910,101
1621586773496,1621586773636,140,47,576,14681.8601131322,-20647,223
1621586773706,1621586773766,60,3,68,3912.36387512499,-1653,36
1621586773795,1621586773935,140,0,218,10064.4363263119,-13319,135
1621586774015,1621586774055,40,4,161,14048.1130810799,-12278,302
1621586774085,1621586774135,50,7,322,28729.5278849401,-1,120
1621586774255,1621586774305,50,3,260,12066.3010052466,-3556,357
1621586774415,1621586774465,50,11,636,-1.0,-19620,35
1621586774475,1621586774495,20,0,65,3178.16194888625,-1,58
1621586774575,1621586774605,30,1,79,4870.07847443119,-3947,231
1621586774625,1621586774655,30,1,75,3275.48123959052,-4393,243
1621586774685,1621586774705,20,0,58,4898.9264362634,-1688,347
1621586774965,1621586774985,20,0,51,3028.54463408618,-215,49
1621586775005,1621586775075,70,2,52,2440.51091717757,-1270,196
1621586775155,1621586775195,40,2,111,6090.27148269507,-5869,249
1621586775494,1621586775504,10,-1,76,5675.00352930463,-1,-1
1621586775514,1621586775534,20,0,70,4842.22309441522,-2135,203
1621586775804,1621586775824,20,0,54,3538.68102329061,-2025,74
1621586775844,1621586775864,20,1,69,4991.82190042,-2036,110
1621586775884,1621586775924,40,2,229,16863.781953999,-9505,236
1621586776134,1621586776204,70,3,146,4504.23884696607,-6197,242
1621586776304,1621586776334,30,1,77,3927.09552150877,-2692,262
1621586776604,1621586776694,90,12,1147,61498.4105429553,-67839,54
1621586776734,1621586776744,10,-1,73,6142.52249256275,-1,-1
1621586776754,1621586776934,180,8,139,5167.60307857717,-6215,250
1621586777183,1621586777193,10,-1,33,2451.33618901459,-1,-1
1621586777233,1621586777263,30,3,148,9371.09305452659,-8207,264
1621586777603,1621586777643,40,1,62,3452.04671746868,-1649,80
1621586778203,1621586778213,10,-1,48,3316.94477123724,-1,-1
1621586778353,1621586778363,10,-1,68,5458.94637236893,-1,-1
1621586778373,1621586778413,40,1,102,6533.10923680188,-4746,289
1621586778533,1621586778603,70,2,190,14772.1335777056,-14155,133
1621586778722,1621586778772,50,1,171,11175.0297209819,-11665,311
1621586778782,1621586778872,90,1,209,15655.4609908139,-16032,293
1621586779072,1621586779112,40,1,145,12705.7518323468,-3989,81
1621586779722,1621586779742,20,0,55,3103.22145709279,-1,243
1621586779762,1621586779782,20,1,100,7688.84825848943,-1110,49
1621586779952,1621586780002,50,9,302,19013.1049385744,-13860,268
1621586780022,1621586780032,10,-1,38,2509.61362744685,-1,-1
1621586780062,1621586780082,20,0,37,1430.52376977819,-611,159
1621586780242,1621586780262,20,0,45,2567.73360374907,-684,131
1621586780481,1621586780501,20,0,36,1505.04909565372,-1,220
1621586780661,1621586780701,40,0,66,5184.49412881905,-2074,126
1621586781211,1621586781221,10,-1,102,7302.15051132593,-1,-1
1621586781231,1621586781301,70,11,391,20537.1529189974,-24386,122
1621586781311,1621586781331,20,0,50,3828.52501021324,-741,47
1621586781371,1621586781391,20,0,39,3267.15838283806,-16,50
1621586781401,1621586781411,10,-1,30,536.348050982391,-1,-1
1621586781481,1621586781581,100,11,431,32687.1424609896,-24795,301
1621586781921,1621586781951,30,0,45,3527.46675227122,-651,103
1621586781961,1621586782010,49,4,170,12659.4343430983,-6246,268
1621586782270,1621586782300,30,1,64,2651.48837720714,-1556,78
1621586782310,1621586782340,30,1,69,3382.22272738447,-2619,102
1621586782400,1621586782410,10,-1,33,2546.75142539608,-1,-1
1621586782820,1621586782830,10,-1,30,1660.9220413793,-1,-1
1621586782940,1621586782960,20,0,43,2703.98972020152,-283,19
1621586783110,1621586783140,30,3,170,-1.0,-9238,257
1621586783180,1621586783200,20,0,55,4501.29339498433,-1222,93
1621586783360,1621586783370,10,-1,37,2854.00444651481,-1,-1
1621586783470,1621586783490,20,0,45,1285.92521419244,-1,261
1621586783500,1621586783550,50,0,74,3485.18936432418,-2357,168
1621586784259,1621586784309,50,3,132,7612.82550454126,-5869,31
1621586784519,1621586784549,30,1,88,5330.90357209801,-1014,214
1621586784559,1621586784569,10,-1,30,530.404174403415,-1,-1
1621586784639,1621586784679,40,0,61,4373.16224936301,-2371,279
1621586784809,1621586784869,60,3,166,11083.6425247813,-5955,14
1621586785079,1621586785139,60,2,86,6641.4636445655,-4160,129
1621586785199,1621586785219,20,0,46,2800.10382981236,-1001,90
1621586785239,1621586785268,29,0,97,6376.57190799259,-1035,287
1621586785278,1621586785298,20,2,178,15176.8364823232,-4328,242
1621586785618,1621586785698,80,5,156,10546.3911347909,-7181,110
1621586785738,1621586785788,50,2,47,1362.36730348174,-568,59
1621586785818,1621586785828,10,-1,44,1593.78502322555,-1,-1
1621586785858,1621586785878,20,0,49,2513.11985761258,-1807,273
1621586785958,1621586785968,10,-1,55,3236.21837835679,-1,-1
1621586785978,1621586785988,10,-1,60,4281.03468116225,-1,-1
1621586785998,1621586786008,10,-1,63,5298.62875948668,-1,-1
1621586786188,1621586786218,30,9,447,39730.4862230376,-40418,329
1621586786348,1621586786438,90,4,122,11927.781918101,-4892,188
1621586786488,1621586786578,90,2,161,14815.4559939461,-5967,203
1621586786588,1621586786608,20,0,32,462.102544171022,-167,198
1621586786628,1621586786738,110,4,121,10041.8228774705,-4474,173
1621586786748,1621586786858,110,2,271,24135.5223398509,-10200,144
1621586786917,1621586786937,20,0,46,1235.16750791721,-1,171
1621586786947,1621586787107,160,8,1210,85529.6848604775,-112024,306
1621586787117,1621586787137,20,1,63,2693.65201443382,-1,250
1621586787147,1621586787377,230,5,1581,96443.3226509105,-149972,330
1621586787487,1621586787637,150,12,428,2332.46689223726,-13978,60
1621586787687,1621586787777,90,2,143,12779.0954232722,-7972,215
1621586787867,1621586787877,10,-1,513,-1.0,-1,-1
1621586788127,1621586788217,90,15,1344,37071.5330220634,-119144,266
1621586789766,1621586789896,130,22,2291,138359.704305906,-186322,244
1621586789906,1621586789956,50,2,57,1684.12848603159,-1296,155
1621586790016,1621586790086,70,40,1528,134914.536978938,-133518,118
1621586790096,1621586790116,20,29,1452,142154.173028577,-1,298
1621586790166,1621586790176,10,-1,35,1933.75332686008,-1,-1
1621586790196,1621586790215,19,0,62,2657.53806730991,-1,41
1621586790225,1621586790275,50,2,2147,209643.705860101,-208395,271
1621586790295,1621586790415,120,29,2119,200314.092416273,-95670,141
1621586790605,1621586790645,40,12,1491,1515.96532928609,-111386,191
1621586790735,1621586790865,130,17,511,32610.2966377153,-37927,304
1621586790885,1621586790955,70,0,77,5335.27364199282,-2057,90
1621586790965,1621586791025,60,1,103,9175.68473405339,-3078,206
1621586791035,1621586791065,30,1,86,3711.1250397956,-2166,220
1621586791105,1621586791195,90,3,77,4551.52649763694,-2349,131
1621586791205,1621586791235,30,0,50,2146.46259704717,-1709,355
1621586791295,1621586791315,20,0,34,450.927423506301,-1,116
1621586791385,1621586791405,20,0,48,3000.14836767753,-1,109
1621586791445,1621586791465,20,0,54,3423.22375744796,-1,77
1621586791505,1621586791655,150,9,762,29307.8928031359,-54675,52
1621586791665,1621586791715,50,3,114,4932.84304990561,-4555,229
1621586791775,1621586791785,10,-1,33,871.425869310672,-1,-1
1621586791825,1621586791844,19,0,42,1755.76936651524,-885,39
1621586791994,1621586792004,10,-1,46,3483.79378868564,-1,-1
1621586792904,1621586792964,60,2,89,5506.1476787383,-3254,82
1621586793034,1621586793064,30,0,34,861.259348084768,-305,255
1621586793104,1621586793124,20,0,56,4550.45131778449,-1271,351
1621586793144,1621586793204,60,1,109,6970.95552921388,-5534,111
1621586793344,1621586793364,20,1,69,5243.37925673028,-1044,121
1621586793374,1621586793394,20,0,67,3961.56603517419,-2285,96
1621586793414,1621586793444,30,1,51,3733.95609994829,-640,272
1621586793514,1621586793553,39,1,146,6980.95850032361,-5407,153
1621586793563,1621586793573,10,-1,38,3004.09550961149,-1,-1
1621586793583,1621586793603,20,0,68,5428.99508664703,-3512,61
1621586793613,1621586793663,50,1,96,3823.837040503,-6303,90
1621586793713,1621586793733,20,0,42,3028.07612080287,-118,114
1621586793783,1621586793843,60,2,109,6189.62813576195,-3840,321
1621586793943,1621586794013,70,5,184,3010.69896808011,-6115,267
1621586794433,1621586794453,20,0,51,3624.04714142599,-1413,31
1621586794533,1621586794553,20,0,39,1995.70631835684,-580,33
1621586794623,1621586794713,90,2,106,6131.73959633555,-4770,283
1621586794723,1621586794763,40,2,102,5589.65561471283,-4393,322
1621586794783,1621586794933,150,5,255,17356.4232582305,-3799,46
1621586795063,1621586795462,399,15,279,19125.1137890845,-11948,268
1621586795562,1621586795622,60,8,253,10623.8688425846,-10616,353
1621586795652,1621586795672,20,0,100,6696.61451315994,-1,75
1621586795682,1621586795852,170,14,587,25721.9453904754,-9247,47
1621586795972,1621586796012,40,11,534,-1.0,-15673,348
1621586796022,1621586796212,190,13,573,44533.9271472187,-31120,135
1621586796222,1621586796322,100,8,173,8999.00034876096,-7542,173
1621586796332,1621586796372,40,1,55,2706.38984014004,-1750,185
1621586796382,1621586796482,100,3,46,1053.08961690266,-785,178
1621586796512,1621586796532,20,0,41,1500.3202675032,-767,186
1621586796851,1621586796881,30,0,49,1322.1071157178,-1,323
1621586797161,1621586797171,10,-1,48,2673.5571727134,-1,-1
1621586797181,1621586797241,60,2,110,6782.51327985306,-6975,59
1621586797531,1621586797561,30,1,80,5541.22748701282,-4035,87
1621586797631,1621586797641,10,-1,44,2459.19281402299,-1,-1
1621586797651,1621586797711,60,1,70,3364.19481273669,-2707,212
1621586797771,1621586797811,40,1,73,3983.04830751834,-4288,302
1621586797871,1621586797891,20,1,74,4302.75700500711,-1,243
1621586797921,1621586797941,20,0,70,4386.10758067977,-3483,75
1621586797981,1621586798031,50,4,145,8234.12891833373,-6369,239
1621586798910,1621586798950,40,5,174,8192.05391865518,-9485,41
1621586799110,1621586799140,30,1,58,4786.59696925661,-1973,119
1621586799150,1621586799160,10,-1,44,1781.75150209165,-1,-1
1621586799170,1621586799200,30,0,43,1302.35007495596,-389,210
1621586799220,1621586799230,10,-1,39,2021.30162948676,-1,-1
1621586799240,1621586799250,10,-1,53,3166.92478942097,-1,-1
1621586799290,1621586799320,30,1,81,3829.00465616375,-3439,248
1621586799350,1621586799370,20,0,43,1351.02685840672,-1,290
1621586799380,1621586799390,10,-1,44,3116.16305437346,-1,-1
1621586799410,1621586799440,30,1,60,3244.06818871028,-2817,250
1621586799460,1621586799480,20,0,66,5420.4192064989,-2582,64
1621586799710,1621586799770,60,1,104,4204.87988762294,-4271,56
1621586799780,1621586799830,50,4,138,6247.78556605093,-5816,235
1621586799960,1621586799980,20,0,53,3711.65808271244,-2011,251
1621586800000,1621586800020,20,0,68,4441.24870024151,-1747,83
1621586800040,1621586800050,10,-1,31,1092.3218737873,-1,-1
1621586800060,1621586800069,9,-1,86,7914.98928176757,-1,-1
1621586800079,1621586800099,20,0,88,7239.06147450996,-4732,75
1621586800189,1621586800219,30,1,75,3631.10804909042,-3224,327
1621586800299,1621586800309,10,-1,43,2695.37138651056,-1,-1
1621586800339,1621586800409,70,4,89,5200.31980889203,-2736,92
1621586800449,1621586800499,50,1,57,2100.16349652444,-1103,73
1621586800569,1621586800599,30,1,52,2477.20770309524,-1,98
1621586800609,1621586800629,20,1,80,5568.40798464194,-2649,123
1621586800709,1621586800769,60,1,129,9049.26401598216,-5656,287
1621586800779,1621586800799,20,0,35,2114.14112409309,-1,290
1621586800839,1621586800899,60,0,125,9523.08334528533,-5942,291
1621586801079,1621586801109,30,0,97,6954.49616565109,-5985,301
1621586801259,1621586801269,10,-1,67,-1.0,-1,-1
1621586801289,1621586801299,10,-1,32,830.435276868821,-1,-1
1621586801349,1621586801369,20,0,38,2560.95930442826,-609,336
1621586801609,1621586801639,30,2,126,7704.62310715711,-7151,256
1621586801669,1621586801679,10,-1,42,3232.31735265623,-1,-1
1621586801689,1621586801708,19,0,41,2190.43129258564,-411,239
1621586802048,1621586802088,40,0,58,4820.51368956129,-2607,14
1621586802208,1621586802258,50,2,170,5782.88348087167,-7692,87
1621586802268,1621586802328,60,1,82,5294.14378408019,-4746,157
1621586802368,1621586802418,50,3,139,3910.40778653152,-4822,269
1621586802618,1621586802638,20,0,55,4321.8976235959,-1960,257
1621586802698,1621586802788,90,4,125,7995.97150546293,-5263,118
1621586802928,1621586802978,50,1,70,3083.52925166789,-2187,253
1621586802988,1621586803018,30,1,67,2585.78645521695,-3644,34
1621586803068,1621586803098,30,1,75,4421.33704340517,-2499,248
1621586803168,1621586803188,20,1,99,8158.65181052995,-1,107
1621586803198,1621586803208,10,-1,35,850.660061881477,-1,-1
1621586803328,1621586803357,29,1,83,5331.9531247313,-3289,71
1621586803427,1621586803447,20,0,56,3868.13376386078,-858,104
1621586803507,1621586803527,20,0,49,3460.33644811967,-607,57
1621586803587,1621586803607,20,1,65,5251.62168288328,-1250,177
1621586803647,1621586803707,60,2,140,5485.41247081456,-6746,167
1621586803867,1621586803877,10,-1,33,3126.28766832232,-1,-1
1621586803947,1621586803987,40,1,196,12061.5165150198,-3796,352
1621586804097,1621586804137,40,5,230,-1.0,-10291,259
1621586804147,1621586804227,80,1,136,5985.47701662552,-7786,153
1621586804247,1621586804317,70,0,89,5370.06409045686,-4511,132
1621586804347,1621586804377,30,2,113,7494.07978576268,-7463,251
1621586804407,1621586804467,60,0,123,7720.58683446819,-7287,82
1621586804737,1621586804757,20,0,60,3302.10165290186,-1948,274
1621586804927,1621586805026,99,10,253,7807.36787004017,-8688,314
1621586805206,1621586805236,30,2,108,5795.12689677983,-4279,170
1621586805246,1621586805306,60,11,338,17785.7478942882,-13457,181
1621586805456,1621586805566,110,15,314,15206.1812991454,-10418,58
1621586805756,1621586805806,50,5,190,10084.1483035068,-8472,68
1621586805886,1621586805926,40,0,112,7817.83367713294,-5180,322
1621586806066,1621586806126,60,8,250,12375.0876043739,-9488,243
1621586806226,1621586806246,20,0,53,4347.65531270979,-1131,107
1621586806546,1621586806586,40,1,114,8402.41547999119,-5987,189
1621586806885,1621586806965,80,11,283,11122.9551578878,-10740,171
1621586806995,1621586807005,10,-1,35,1986.81469748441,-1,-1
1621586807125,1621586807195,70,10,281,12119.769809714,-10421,354
1621586807425,1621586807445,20,0,62,4742.3135579429,-2054,303
1621586807545,1621586807555,10,-1,53,4550.56397706155,-1,-1
1621586807655,1621586807795,140,2,90,5474.62089482284,-4062,164
1621586807845,1621586807895,50,4,151,5633.95056812481,-6867,288
1621586808185,1621586808255,70,13,281,11495.8728682083,-5674,40
1621586808265,1621586808275,10,-1,57,3578.86959445388,-1,-1
1621586808284,1621586808294,9,-1,35,834.974023839992,-1,-1
1621586808334,1621586808384,50,1,140,9416.94101899406,-8387,326
1621586808394,1621586808434,40,3,138,5855.75284374271,-1463,306
1621586808444,1621586808544,100,16,341,28744.8262817442,-15383,118
1621586808554,1621586808674,120,19,1239,112244.291452232,-97137,317
1621586809124,1621586809194,70,16,440,-1.0,-12586,263
1621586809344,1621586809414,70,10,256,11587.7087913399,-6778,207
1621586809644,1621586809694,50,5,160,8303.94854297972,-6368,254
1621586809923,1621586810003,79,14,338,11723.923409334,-10807,4
1621586810153,1621586810183,30,1,90,4386.98100781708,-3362,36
1621586810523,1621586810553,30,3,171,10182.8083891381,-6999,68
1621586810763,1621586810803,40,4,190,10055.6626289964,-8396,57
1621586811063,1621586811103,40,0,154,7542.35574039157,-1,90
1621586811113,1621586811123,10,-1,80,5786.64056715574,-1,-1
1621586811133,1621586811193,60,2,82,2923.9720544478,-3171,294
1621586811243,1621586811273,30,2,121,9155.76228229115,-7480,127
1621586811303,1621586811453,150,13,320,13037.0405761089,-16086,8
1621586811463,1621586811493,30,3,144,7399.15462525188,-2668,242
1621586811513,1621586811543,30,1,68,3433.25700492426,-3534,29
1621586811552,1621586811602,49,6,199,12851.2495198488,-9220,284
1621586811762,1621586811842,80,15,276,13377.0189620598,-11772,177
1621586812012,1621586812052,40,2,86,4826.67521038971,-2631,205
1621586812242,1621586812292,50,5,195,10892.203392971,-8004,62
1621586812382,1621586812392,10,-1,30,1265.84744444191,-1,-1
1621586812422,1621586812442,20,0,42,3682.30052819866,-1051,143
1621586812552,1621586812572,20,0,71,4541.8689807527,-387,98
1621586812762,1621586812792,30,1,81,4753.52858858123,-3778,356
1621586813082,1621586813132,50,5,177,8922.80622189374,-6159,240
1621586813231,1621586813241,9,-1,38,1499.66425131176,-1,-1
1621586813351,1621586813381,30,2,192,-1.0,-9266,270
1621586813721,1621586813781,60,9,278,9658.15640972835,-10667,231
1621586814011,1621586814071,60,9,265,13753.5224534412,-8746,54
1621586814261,1621586814341,80,12,263,11337.955504949,-7933,236
1621586814601,1621586814671,70,12,316,12214.6496058084,-9836,60
1621586814861,1621586814880,19,0,46,2150.47176134155,-1,345
1621586815230,1621586815280,50,4,126,6090.17404325765,-3633,26
1621586815430,1621586815470,40,3,135,6341.76984367879,-7112,183
1621586815560,1621586815600,40,0,65,2878.11712276154,-1546,180
1621586815750,1621586815810,60,4,153,9221.23987530131,-8598,53
1621586815860,1621586815880,20,0,66,4885.06653028108,-1462,333
1621586815940,1621586816000,60,0,104,7223.91190725184,-7017,315
1621586816110,1621586816150,40,2,155,-1.0,-4923,266
1621586816160,1621586816180,20,0,40,1219.06612920683,-1031,73
1621586816200,1621586816220,20,1,88,6892.51034233639,-1628,135
1621586816360,1621586816410,50,1,72,3413.24829378345,-1310,93
1621586816709,1621586816759,50,1,150,9787.45335030856,-5138,84
1621586816799,1621586816809,10,-1,35,1939.46685529459,-1,-1
1621586816989,1621586817009,20,0,54,4227.84223214997,-754,32
1621586817029,1621586817049,20,1,86,5650.28031035286,-3315,238
1621586817289,1621586817299,10,-1,43,1962.50509792003,-1,-1
1621586817509,1621586817579,70,4,208,13370.0217420932,-8833,258
1621586817599,1621586817619,20,0,53,2484.28878715486,-1558,171
1621586817649,1621586817669,20,1,89,5997.29347851432,-2025,110
1621586817719,1621586817799,80,7,270,17801.5454140144,-10972,231
1621586818398,1621586818508,110,2,250,13013.4129540264,-18285,40
1621586818918,1621586818938,20,0,59,3473.77926384292,-2463,317
1621586818948,1621586819008,60,5,149,5791.23199131827,-4751,9
1621586819018,1621586819198,180,2,212,17855.3457525914,-10867,88
1621586819208,1621586819328,120,14,1504,85741.6702737785,-15682,134
1621586819478,1621586819498,20,12,1084,-1.0,-35148,319
1621586819688,1621586819738,50,4,283,63.7821537145626,-13039,52
1621586819748,1621586819827,79,7,286,12646.0238846063,-9767,179
1621586819837,1621586819867,30,1,93,4194.61315561037,-4524,207
1621586819907,1621586820017,110,4,262,11969.3294013239,-19486,234
1621586820027,1621586820037,10,-1,44,2931.64730525839,-1,-1
1621586820057,1621586820077,20,0,72,4350.38963069952,-1,35
1621586820087,1621586820147,60,3,116,7899.04218290164,-4811,202
1621586820227,1621586820287,60,2,100,5019.98713391437,-6435,239
1621586820317,1621586820377,60,8,478,23315.9050491649,-3692,328
1621586820497,1621586820707,210,50,2126,160990.965241987,-184545,115
1621586820737,1621586821317,580,6,1335,127030.696292325,-92114,187
1621586821327,1621586821466,139,8,412,15011.6627847472,-23488,297
1621586821496,1621586821526,30,0,53,2886.10683843984,-1445,273
1621586821566,1621586821586,20,1,87,7572.10779541621,-1,68
1621586821606,1621586821676,70,3,587,49350.7603150504,-35812,95
1621586821766,1621586821906,140,26,1038,10192.2646901491,-36287,275
1621586821946,1621586821966,20,0,53,3246.48411805491,-279,74
1621586822096,1621586822116,20,1,103,7578.50059924193,-632,60
1621586822356,1621586822406,50,2,97,6374.99781331528,-4179,265
1621586822906,1621586822946,40,5,253,11455.3670713738,-1,64
1621586823046,1621586823056,10,-1,376,-1.0,-1,-1
1621586824025,1621586824055,30,13,2059,152027.499857435,-130371,146
1621586824165,1621586824205,40,2,61,-1.0,-1355,92
1621586824645,1621586824715,70,15,321,16511.399974517,-12352,55
1621586825054,1621586825064,10,-1,40,1110.80409807014,-1,-1
1621586825074,1621586825264,190,15,534,24985.3337217152,-37193,309
1621586825544,1621586825784,240,22,2288,96979.8191833823,-7095,27
1621586825914,1621586826144,230,6,785,6972.98813081005,-21963,12
1621586826154,1621586826184,30,1,45,2536.97908776429,-1141,8
1621586826234,1621586826294,60,4,193,12187.673042011,-13031,231
1621586826304,1621586826413,109,6,113,8090.50610034479,-1754,262
1621586826423,1621586826463,40,3,165,10213.6078027139,-6724,63
1621586826473,1621586826493,20,1,70,5343.82619239536,-191,280
1621586826503,1621586826513,10,-1,125,10809.6922001015,-1,-1
1621586826643,1621586826933,290,2,875,17779.5036833848,-42812,105
1621586826943,1621586827013,70,2,143,11118.1763409669,-6985,158
1621586827023,1621586827163,140,6,273,20717.5855892348,-17115,357
1621586827243,1621586827303,60,1,294,17060.4459361511,-25279,82
1621586827323,1621586827373,50,3,270,14067.8298797649,-1,21
1621586827663,1621586827823,160,18,580,33704.7550462895,-31077,24
1621586827833,1621586827963,130,41,503,41507.4344057993,-15258,176
1621586828192,1621586828242,50,10,341,-1.0,-9488,10
1621586828252,1621586828272,20,0,39,1356.80619827979,-841,256
1621586828322,1621586828472,150,19,688,26572.4644255744,-12922,56
1621586828662,1621586828672,10,-1,36,-1.0,-1,-1
1621586828682,1621586829072,390,28,287,19743.8344007704,-13285,249
1621586829122,1621586829142,20,0,38,2314.8401577749,-1,270
1621586829332,1621586829362,30,1,57,1985.65144643555,-2352,45
1621586829492,1621586829502,10,-1,31,279.925667576767,-1,-1
1621586829532,1621586829552,20,0,33,2002.19840249224,-40,353
1621586829612,1621586829622,10,-1,33,2604.31465523397,-1,-1
1621586829632,1621586829671,39,2,112,7226.53241915533,-2217,271
1621586830131,1621586830141,10,-1,32,1378.62574518431,-1,-1
1621586830431,1621586830491,60,5,225,10069.2302967996,-14057,131
1621586830581,1621586830711,130,5,319,7221.41455751945,-16324,265
1621586830741,1621586830831,90,2,131,8364.27698935047,-8681,276
1621586830841,1621586830881,40,4,201,11468.8616020137,-8054,323
1621586831021,1621586831081,60,0,285,15948.0511610243,-22717,75
1621586831211,1621586831320,109,2,177,8213.08161439719,-10420,201
1621586831450,1621586831490,40,3,157,7055.14775036833,-8508,156
1621586831580,1621586831600,20,0,61,3827.10418574288,-1535,109
1621586831680,1621586831770,90,5,118,6765.22849988283,-6306,1
1621586831820,1621586831850,30,1,94,5735.488155942,-2017,152
1621586831960,1621586832000,40,0,108,8958.92747815021,-5475,302
1621586832040,1621586832110,70,5,131,6479.79998616169,-7293,299
1621586832130,1621586832140,10,-1,34,1013.90751826906,-1,-1
1621586832190,1621586832270,80,6,188,7121.23039212029,-7699,143
1621586832300,1621586832330,30,1,65,3198.15679119624,-2458,353
1621586832340,1621586832370,30,2,99,4302.68325864249,-5681,67
1621586832400,1621586832430,30,0,48,1522.62846187121,-1476,98
1621586832470,1621586832490,20,0,37,790.521544294703,-467,105
1621586832560,1621586832580,20,0,110,7574.20146230405,-1,70
1621586832590,1621586832620,30,0,140,13079.2274123506,-9623,202
1621586832630,1621586832650,20,2,110,9204.9143361879,-2808,112
1621586832660,1621586832730,70,2,133,8271.21531370245,-4966,111
1621586832740,1621586832760,20,0,48,2029.64352478387,-477,209
1621586832910,1621586832920,10,-1,30,2320.85089475006,-1,-1
1621586833019,1621586833039,20,2,134,12010.4820166838,-1,59
1621586833059,1621586833099,40,2,466,44344.5721225806,-20596,245
1621586833169,1621586833189,20,0,40,2053.96221173901,-1,246
1621586833359,1621586833409,50,3,142,6392.3374804358,-8029,268
1621586833429,1621586833449,20,0,48,3186.57530831675,-1107,322
1621586833539,1621586833569,30,1,77,4235.99068920929,-1274,235
1621586833689,1621586833759,70,8,596,19.0489531504738,-31545,222
1621586833769,1621586833779,10,-1,33,2042.37460391197,-1,-1
1621586833839,1621586833899,60,9,209,13078.9236559682,-8587,237
1621586834009,1621586834029,20,1,147,10393.4602692784,-1,236
1621586834409,1621586834469,60,12,1069,2765.5467188496,-59338,55
1621586834529,1621586834539,10,-1,68,4928.48569707363,-1,-1
1621586834549,1621586834608,59,1,145,5959.07039287343,-9660,286
1621586834688,1621586834738,50,1,92,3164.73401253537,-1602,328
1621586834748,1621586834808,60,1,121,11278.1183989082,-6278,98
1621586835088,1621586835128,40,6,288,15962.4643838493,-8710,225
1621586835338,1621586835488,150,13,390,18648.3898019778,-28684,74
1621586835798,1621586835808,10,-1,39,1734.22350888792,-1,-1
1621586835858,1621586835908,50,2,64,2675.35282735461,-1844,204
1621586836058,1621586836108,50,1,37,1044.80360578418,-223,266
1621586836217,1621586836227,9,-1,31,689.083557405694,-1,-1
1621586836307,1621586836347,40,1,49,1865.20981676482,-939,118
1621586836417,1621586836437,20,0,40,1767.88449327584,-976,186
1621586836447,1621586836507,60,2,387,32710.5903210252,-22401,291
1621586836597,1621586836937,340,7,634,60145.6954761442,-36989,347
1621586836947,1621586836997,50,1,73,3995.50377529101,-1812,260
1621586837027,1621586837047,20,0,70,4357.99090789347,-3379,243
1621586837247,1621586837327,80,9,302,14169.6353686634,-12651,26
1621586837337,1621586837347,10,-1,50,2580.19083546713,-1,-1
1621586837467,1621586837507,40,0,208,17909.7130345667,-9708,303
1621586837537,1621586837607,70,8,231,7786.70883033848,-10021,353
1621586837747,1621586837837,90,19,395,17072.4210998365,-12492,192
1621586838056,1621586838076,20,0,73,4934.1130914954,-864,222
1621586838396,1621586838426,30,1,90,5687.71350367067,-4399,39
1621586838636,1621586838666,30,1,94,5839.75628719471,-5025,232
1621586839436,1621586839476,40,4,168,9329.49060079719,-8161,43
1621586839685,1621586839735,50,4,129,6677.37486752208,-3782,204
1621586839825,1621586839835,10,-1,60,3809.54360398866,-1,-1
1621586839885,1621586839895,10,-1,31,1717.06322879195,-1,-1
1621586840025,1621586840035,10,-1,62,3818.75053113676,-1,-1
1621586840045,1621586840055,10,-1,57,5241.19336425356,-1,-1
1621586840115,1621586840145,30,2,105,5122.44659614812,-3392,83
1621586840375,1621586840425,50,1,93,4971.24763730849,-4783,133
1621586840845,1621586840885,40,0,87,5984.89540026961,-1854,41
1621586840895,1621586840955,60,4,168,7903.12202060173,-6604,311
1621586841085,1621586841105,20,0,33,1045.82039014003,-1,81
1621586841194,1621586841234,40,10,493,7664.73308463108,-41545,296
1621586841494,1621586841514,20,0,47,3352.00590224355,-1,260
1621586842464,1621586842514,50,5,184,10255.8578695208,-6942,41
1621586842744,1621586842764,20,0,57,4269.17219174819,-566,110
1621586842784,1621586842833,49,4,157,7258.31573644833,-6893,209
1621586843153,1621586843183,30,2,100,4391.13836810294,-3162,259
1621586843423,1621586843433,10,-1,45,3602.69174525712,-1,-1
1621586843603,1621586843633,30,3,556,-1.0,-41400,268
1621586843643,1621586843653,10,-1,57,3587.49463636602,-1,-1
1621586843663,1621586843763,100,3,255,14606.848140514,-13727,91
1621586843783,1621586843803,20,0,47,3250.08337363162,-708,90
1621586843823,1621586843873,50,3,118,8073.29703583471,-6614,338
1621586843893,1621586843973,80,0,126,9285.9745069357,-5133,131
1621586844043,1621586844073,30,1,89,5445.44058674034,-2677,208
1621586844423,1621586844582,159,31,440,16534.320038233,-14746,95
1621586844642,1621586844672,30,0,100,5312.46428751917,-1,323
1621586844682,1621586844692,10,-1,142,12439.1268938508,-1,-1
1621586844792,1621586844872,80,2,232,9372.42371136466,-10574,256
1621586844882,1621586844902,20,0,57,3295.77988199202,-2262,172
1621586845102,1621586845142,40,0,80,7007.68464519975,-2623,296
1621586845162,1621586845172,10,-1,36,2755.70125316917,-1,-1
1621586845202,1621586845212,10,-1,36,2441.12283451898,-1,-1
1621586845502,1621586845532,30,1,104,7606.92809541647,-2941,69
1621586845542,1621586845562,20,0,35,647.232095057623,-1,138
1621586845662,1621586845682,20,0,34,2011.24386191198,-334,330
1621586845762,1621586845852,90,0,75,4738.79474479043,-3085,251
1621586845862,1621586845872,10,-1,40,2489.70364934704,-1,-1
1621586845902,1621586845922,20,0,50,3955.84895319992,-1351,282
1621586846062,1621586846111,49,1,67,3859.45480991633,-2946,4
1621586846291,1621586846301,10,-1,86,5894.88474909076,-1,-1
1621586846311,1621586846321,10,-1,60,3534.34677665941,-1,-1
1621586846461,1621586846471,10,-1,56,2884.49940031994,-1,-1
1621586846481,1621586846501,20,0,66,4776.88755617416,-1297,300
1621586846741,1621586846751,10,-1,36,942.022411476813,-1,-1
1621586846861,1621586846921,60,3,142,10370.4698782329,-6855,239
1621586847041,1621586847051,10,-1,43,3266.22876650553,-1,-1
1621586847081,1621586847111,30,2,122,5115.11907137003,-4811,270
1621586847421,1621586847451,30,2,108,6420.00522945236,-5354,113
1621586847481,1621586847521,40,0,134,7766.37472868049,-3532,243
1621586847531,1621586847621,90,0,104,8118.17866414824,-6894,77
1621586847651,1621586847720,69,2,91,7195.88814717112,-4564,87
1621586847750,1621586847780,30,1,50,2021.75472177788,-1313,57
1621586847820,1621586847840,20,0,44,3704.70457756601,-1362,37
1621586847900,1621586847930,30,2,123,5463.94963782806,-2451,76
1621586847940,1621586847950,10,-1,43,1736.13900606004,-1,-1
1621586848080,1621586848090,10,-1,33,1383.28259260649,-1,-1
1621586848240,1621586848250,10,-1,49,2014.5126564208,-1,-1
1621586848380,1621586848390,10,-1,45,3163.24906845298,-1,-1
1621586848420,1621586848440,20,0,40,3109.53304762222,-1,336
1621586848470,1621586848530,60,2,74,3080.12082493718,-2659,299
1621586848640,1621586848690,50,1,101,5186.35111162782,-5785,267
1621586849060,1621586849070,10,-1,48,1889.56599170484,-1,-1
1621586849190,1621586849250,60,0,245,21146.1201190186,-13077,206
1621586849320,1621586849360,40,1,150,11201.085002666,-8659,244
1621586849429,1621586849509,80,2,95,7960.27156482213,-5348,327
1621586849689,1621586849739,50,4,174,10067.4743242985,-12056,172
1621586849969,1621586850009,40,1,143,12160.4731321926,-8539,321
1621586850339,1621586850359,20,0,50,2540.57494583169,-1524,79
1621586851038,1621586851048,10,-1,36,1209.27563740495,-1,-1
1621586851058,1621586851098,40,3,569,34115.400718971,-1,96
1621586851228,1621586851338,110,12,501,5918.8920774829,-34010,224
1621586851348,1621586851518,170,13,235,8649.14813847056,-10961,62
1621586851548,1621586851558,10,-1,41,1227.96047724971,-1,-1
1621586851618,1621586851678,60,3,79,2655.21045669293,-3736,79
1621586851748,1621586851788,40,2,87,4525.8607303376,-3031,182
1621586851908,1621586851958,50,1,40,503.813716424477,-1002,93
1621586851978,1621586852008,30,0,41,1305.08722162671,-943,127
1621586852188,1621586852218,30,1,67,2796.27034144716,-1324,239
1621586852268,1621586852318,50,3,117,6077.56913574987,-4546,357
1621586852558,1621586852578,20,2,174,11192.8059560211,-1,67
1621586852667,1621586852717,50,4,139,5490.29447889062,-4350,262
1621586852977,1621586853007,30,1,68,3335.81262162444,-1134,255
1621586853027,1621586853067,40,3,126,6285.63158058339,-6068,116
1621586853157,1621586853167,10,-1,35,1109.28615678425,-1,-1
1621586853217,1621586853227,10,-1,31,2106.24815251235,-1,-1
1621586853237,1621586853257,20,1,161,8637.40224030773,-1,45
1621586853367,1621586853407,40,7,404,-1.0,-15970,52
1621586853417,1621586853457,40,5,188,11748.6182309933,-9930,199
1621586853487,1621586853507,20,0,46,3729.852853642,-1057,325
1621586853517,1621586853617,100,2,201,14559.1119473396,-10240,304
1621586853647,1621586853697,50,2,111,9080.83113478258,-5488,272
1621586853707,1621586853737,30,1,87,4885.10143421963,-44,189
1621586853747,1621586853807,60,0,84,5214.42097994582,-3324,135
1621586853817,1621586853857,40,1,94,4826.66515637209,-4735,233
1621586853887,1621586853917,30,2,123,5997.35368887829,-4721,298
1621586853937,1621586853987,50,0,73,5399.75392585948,-3593,258
1621586854097,1621586854127,30,1,78,3858.7042927537,-2927,119
1621586854366,1621586854386,20,0,48,2511.27741378239,-1548,270
1621586854796,1621586854806,10,-1,39,1146.9417506553,-1,-1
1621586856375,1621586856385,10,-1,38,2083.71944908115,-1,-1
1621586856625,1621586856635,10,-1,32,1563.02886114254,-1,-1
1621586856925,1621586856935,10,-1,34,1561.23169676895,-1,-1
1621586857065,1621586857115,50,5,245,1466.85479635559,-9544,270
1621586857335,1621586857365,30,1,76,4600.4327775471,-4099,121
1621586857654,1621586857674,20,0,35,2493.73018335552,-277,100
1621586857704,1621586857754,50,1,82,5690.23911037017,-4513,23
1621586857894,1621586857914,20,0,71,5252.34736994999,-3424,147
1621586858284,1621586858334,50,5,165,8063.46401012907,-6857,275
1621586858684,1621586858714,30,1,72,3881.80331308764,-3050,270
1621586859933,1621586859953,20,0,92,4103.11384141864,-1,106
1621586860063,1621586860093,30,1,131,-1.0,-4488,291
1621586861062,1621586861092,30,2,129,6404.06196007038,-4641,50
1621586861262,1621586861322,60,6,153,7332.99149598315,-3584,319
1621586861442,1621586861502,60,7,217,10794.9802053699,-7214,274
1621586861662,1621586861772,110,13,332,15697.5589097836,-13273,62
1621586861972,1621586862052,80,12,248,10517.3865837004,-10535,187
1621586862182,1621586862202,20,0,63,4363.92102309725,-1,193
1621586862611,1621586862661,50,5,191,11035.2721511654,-8368,36
1621586862981,1621586863011,30,6,319,6281.76482906271,-16393,268
1621586863091,1621586863241,150,38,513,13154.8267223852,-13835,150
1621586863371,1621586863381,10,-1,448,-1.0,-1,-1
1621586863391,1621586863491,100,9,251,20824.0047753859,-11111,334
1621586863501,1621586863721,220,15,318,13638.3320376113,-10105,278
1621586863731,1621586863741,10,-1,30,491.051502941597,-1,-1
1621586863751,1621586863781,30,0,48,2093.14785637257,-1345,283
1621586863911,1621586863961,50,7,244,12155.2200538313,-10073,143
1621586863971,1621586863981,10,-1,58,3756.70907099482,-1,-1
1621586864061,1621586864071,10,-1,30,532.538453037299,-1,-1
1621586864081,1621586864111,30,1,52,1714.24550846346,-1084,332
1621586864121,1621586864160,39,1,72,2391.67819310185,-1167,332
1621586864230,1621586864280,50,6,214,10076.543604925,-7531,353
1621586864350,1621586864510,160,10,312,15901.2519126816,-10363,90
1621586864600,1621586864650,50,24,788,-1.0,-28252,315
1621586864660,1621586864830,170,14,215,9668.04641758941,-13964,183
1621586864840,1621586864940,100,4,78,3799.17246032526,-2370,175
1621586864950,1621586864960,10,-1,55,2617.02922997889,-1,-1
1621586864990,1621586865020,30,0,34,499.510515887008,-1,162
1621586865040,1621586865070,30,1,63,2404.07373514728,-2160,66
1621586865130,1621586865140,10,-1,30,728.165155361725,-1,-1
1621586865210,1621586865220,10,-1,38,1602.11136678374,-1,-1
1621586865390,1621586865430,40,1,104,6048.89790095502,-1169,159
1621586865440,1621586865450,10,-1,95,8056.63251194042,-1,-1
1621586865700,1621586865710,10,-1,38,2045.0424794903,-1,-1
1621586865829,1621586865849,20,0,55,3764.58770841331,-735,70
1621586865859,1621586865909,50,5,176,10212.2882117953,-6579,267
1621586866149,1621586866189,40,3,137,6687.86184355838,-5383,106
1621586866779,1621586866799,20,0,38,2273.08920581018,-251,270
1621586866829,1621586866869,40,2,111,4286.3889736908,-3979,255
1621586866879,1621586866889,10,-1,33,1815.8358442819,-1,-1
1621586867159,1621586867189,30,2,109,5353.04088228089,-4842,87
1621586867229,1621586867239,10,-1,37,2660.85075837699,-1,-1
1621586867249,1621586867259,10,-1,32,1569.75681791881,-1,-1
1621586867588,1621586867628,40,4,162,8190.1267401502,-8383,282
1621586867658,1621586867668,10,-1,33,1043.74264061231,-1,-1
1621586867938,1621586867968,30,2,110,6016.36001876366,-2414,142
1621586868278,1621586868328,50,1,63,2533.40075454495,-2485,316
1621586868458,1621586868558,100,1,133,5080.59509882808,-8987,13
1621586868588,1621586868608,20,0,55,3274.75787721968,-1007,90
1621586868628,1621586868668,40,0,109,8159.98866739797,-3885,56
1621586868698,1621586868708,10,-1,57,4204.6243330947,-1,-1
1621586868838,1621586868928,90,6,234,20140.7832144823,-7540,270
1621586868988,1621586868998,10,-1,37,1047.6728689799,-1,-1
1621586869008,1621586869028,20,0,52,1340.41899207699,-1,260
1621586869038,1621586869058,20,1,97,9219.66482871632,-916,60
1621586869157,1621586869167,10,-1,31,449.248738987507,-1,-1
1621586869197,1621586869217,20,0,41,1066.89273733773,-1,327
1621586869237,1621586869257,20,0,34,3054.19102158642,-1,237
1621586869397,1621586869507,110,2,140,8123.08351574178,-5064,335
1621586869547,1621586869557,10,-1,33,1918.15645186665,-1,-1
1621586869567,1621586869617,50,1,124,8258.41642434948,-4685,10
1621586869627,1621586869717,90,1,177,13878.5768015422,-6795,5
1621586869727,1621586869747,20,1,151,12499.6946766631,-8633,105
1621586869757,1621586869787,30,3,158,10336.8664701589,-8913,217
1621586869807,1621586869857,50,2,143,10352.7883113568,-9316,307
1621586869917,1621586869927,10,-1,62,3772.57017595468,-1,-1
1621586870137,1621586870177,40,5,266,15074.1743452586,-21844,119
1621586870187,1621586870267,80,2,209,12648.2972968645,-14397,345
1621586870377,1621586870427,50,3,142,8897.91515878162,-5219,270
1621586870437,1621586870497,60,1,217,15988.0137796997,-4227,72
1621586870507,1621586870517,10,-1,279,27641.7124797903,-1,-1
1621586870527,1621586870577,50,2,332,32473.0824759791,-20832,172
1621586870617,1621586870647,30,1,132,10565.7588435758,-5329,55
1621586870746,1621586870766,20,0,49,2864.11270682331,-1918,4
1621586870796,1621586870806,10,-1,30,1167.58473094129,-1,-1
1621586870816,1621586870866,50,0,219,11777.3482086616,-5250,186
1621586870896,1621586870906,10,-1,121,10913.7609212155,-1,-1
1621586870916,1621586870936,20,1,167,15727.5602891003,-9894,170
1621586871046,1621586871186,140,1,195,11506.520056533,-11503,284
1621586871196,1621586871296,100,4,168,8653.55551515834,-7683,279
1621586871506,1621586871526,20,0,76,4846.56130856893,-764,47
1621586871646,1621586871666,20,1,252,-1.0,-19625,291
1621586872116,1621586872136,20,0,112,7673.30217101778,-1,74
1621586872146,1621586872166,20,0,112,10743.8049081854,-7322,244
1621586872216,1621586872236,20,2,132,10925.7781210877,-3443,248
1621586872246,1621586872286,40,3,184,10531.6406863327,-12083,156
1621586872425,1621586872455,30,3,169,12418.9192862978,-10109,338
1621586872475,1621586872485,10,-1,74,6499.4448976781,-1,-1
1621586872495,1621586872515,20,0,88,7226.84674102054,-2984,86
1621586872585,1621586872625,40,3,118,5114.34465875791,-5274,96
1621586872905,1621586872925,20,0,34,877.575106831124,-1,123
1621586872935,1621586872995,60,0,295,14604.0756179598,-18020,228
1621586873025,1621586873035,10,-1,41,2388.33021765521,-1,-1
1621586873045,1621586873055,10,-1,32,1300.67870997408,-1,-1
1621586873085,1621586873125,40,3,115,5844.75845962191,-5710,212
1621586873365,1621586873375,10,-1,31,1884.68462486218,-1,-1
1621586873655,1621586873675,20,0,62,4242.29773033555,-1,263
1621586874024,1621586874044,20,1,92,7157.79640056385,-2185,78
1621586874224,1621586874244,20,0,57,4808.62361690751,-1377,86
1621586874304,1621586874364,60,5,321,19085.7810423428,-1786,241
1621586874484,1621586874734,250,14,496,20441.0392001508,-15562,182
1621586874754,1621586874764,10,-1,45,3260.51283077163,-1,-1
1621586874774,1621586874794,20,0,39,1967.54770525846,-1,55
1621586874824,1621586874864,40,11,578,21690.3296099774,-1,4
1621586875174,1621586875194,20,0,53,-1.0,-1971,105
1621586875204,1621586875244,40,1,45,3107.10796072554,-531,215
1621586875254,1621586875314,60,2,52,1378.12483420296,-1452,203
1621586875364,1621586875384,20,1,65,4175.58699619899,-3498,120
1621586875404,1621586875424,20,0,46,1947.51480650719,-1,132
1621586875454,1621586875474,20,0,35,1111.80703544942,-1,219
1621586875504,1621586875534,30,1,46,1640.86812759055,-1148,136
1621586875893,1621586876143,250,2,1582,105482.311669998,-147817,73
1621586876153,1621586876203,50,1,155,10355.2965476982,-6789,98
1621586876243,1621586876263,20,0,57,3873.21272284255,-1034,270
1621586876283,1621586876293,10,-1,35,1776.96840349548,-1,-1
1621586876503,1621586876513,10,-1,35,2786.9834524023,-1,-1
1621586876583,1621586876613,30,1,62,3685.64213337015,-1554,87
1621586876623,1621586876663,40,0,90,6202.83647068862,-3757,26
1621586876783,1621586876823,40,2,107,4112.70257129336,-3959,73
1621586876843,1621586876853,10,-1,33,1630.33415521818,-1,-1
1621586876863,1621586876953,90,0,258,18427.0540455685,-13464,297
1621586877003,1621586877073,70,3,236,21117.7816756313,-10168,128
1621586877093,1621586877193,100,8,235,10262.793158928,-10870,281
1621586877452,1621586877472,20,0,75,4615.4592419223,-559,128
1621586877792,1621586877822,30,1,62,4327.64802160265,-2859,14
1621586877912,1621586877932,20,0,52,3446.1159620502,-1438,261
1621586878052,1621586878092,40,0,95,6128.7190518892,-3771,227
1621586878152,1621586878172,20,0,74,4847.37544649988,-2105,83
1621586878232,1621586878242,10,-1,48,2602.68173288442,-1,-1
1621586878272,1621586878312,40,0,87,7255.90277566817,-2555,102
1621586878642,1621586878682,40,3,129,8820.63415050862,-4388,284
1621586879081,1621586879111,30,1,70,4789.19956108067,-2891,208
1621586879161,1621586879181,20,0,53,4285.5238346758,-1132,121
1621586879201,1621586879221,20,0,39,2927.66074340557,-798,286
1621586879441,1621586879491,50,3,105,3960.70805027909,-5494,85
1621586879761,1621586879771,10,-1,30,906.15336965404,-1,-1
1621586879921,1621586879941,20,2,144,11642.9646969053,-1417,125
1621586880131,1621586880161,30,3,152,11081.5165333289,-2867,297
1621586880331,1621586880361,30,2,96,4329.34605863388,-3968,64
1621586880441,1621586880481,40,0,65,4576.3342384186,-2826,161
1621586880501,1621586880511,10,-1,35,2817.43692674264,-1,-1
1621586880521,1621586880541,20,0,34,1840.73388539915,-83,290
1621586880610,1621586880630,20,1,108,6481.70884336263,-1,301
1621586880990,1621586881060,70,5,135,8598.37252105157,-6640,247
1621586881390,1621586881430,40,3,148,9085.76070029793,-8265,117
1621586881580,1621586881610,30,0,49,2927.43755251573,-1227,70
1621586881650,1621586881690,40,1,60,2508.15178212516,-779,45
1621586881850,1621586881880,30,2,95,4730.66845489281,-619,246
1621586881920,1621586881940,20,0,35,2383.85179555934,-465,333
1621586882010,1621586882060,50,1,85,6483.17692907949,-3067,223
1621586882080,1621586882110,30,1,69,3251.09699354348,-2730,244
1621586882120,1621586882150,30,1,67,3723.48798535997,-3023,87
1621586882209,1621586882229,20,0,56,3490.67505292682,-2076,252
1621586882269,1621586882279,10,-1,71,5517.64696019952,-1,-1
1621586882289,1621586882339,50,3,120,4952.85602492626,-4908,279
1621586882409,1621586882419,10,-1,71,5006.316022276,-1,-1
1621586882579,1621586882629,50,0,93,7866.0049178144,-4909,111
1621586882639,1621586882669,30,1,74,3541.69581431967,-4290,66
1621586882779,1621586882789,10,-1,32,2194.48042649835,-1,-1
1621586882859,1621586882879,20,0,95,6006.40425820121,-1,239
1621586882889,1621586882919,30,1,120,10604.037461468,-4639,107
1621586883009,1621586883019,10,-1,86,6404.83322796719,-1,-1
1621586883029,1621586883059,30,0,115,10652.348181565,-7637,39
1621586883199,1621586883229,30,13,659,-1.0,-16315,221
1621586883469,1621586883549,80,19,302,15269.6515281772,-5053,163
1621586884088,1621586884258,170,7,665,5845.45392324968,-24947,180
1621586884268,1621586884308,40,3,205,15144.952864652,-6652,252
1621586884318,1621586884398,80,4,112,5983.22861665626,-3909,264
1621586884408,1621586884418,10,-1,66,4834.16494091155,-1,-1
1621586884428,1621586884478,50,1,107,7949.84184488726,-4817,285
1621586884488,1621586884498,10,-1,30,583.346027593344,-1,-1
1621586884508,1621586884528,20,0,62,3945.38380366257,-2878,63
1621586884538,1621586884578,40,2,67,2567.55715382813,-2097,248
1621586884948,1621586884978,30,1,76,5148.02507608762,-4313,283
1621586885258,1621586885278,20,0,46,1713.8215075552,-1125,246
1621586885557,1621586885587,30,1,74,4071.67882446528,-3863,164
1621586886347,1621586886357,10,-1,85,6691.24105098491,-1,-1
1621586886367,1621586886427,60,2,195,18085.6809270579,-11361,53
1621586886527,1621586886567,40,6,269,13256.3211998699,-11646,275
1621586886637,1621586886657,20,0,59,4694.18009338489,-1135,100
1621586886677,1621586886767,90,1,95,7590.39312439396,-3333,267
1621586886807,1621586886847,40,1,146,5466.51110413208,-1,80
1621586886877,1621586886887,10,-1,63,4039.45878568886,-1,-1
1621586886897,1621586886907,10,-1,30,310.290344040165,-1,-1
1621586886927,1621586887057,130,1,140,9072.19816094462,-6244,330
1621586887087,1621586887127,40,1,168,14430.9724901945,-10752,105
1621586887156,1621586887176,20,0,53,5077.1941255003,-562,119
1621586887226,1621586887286,60,2,198,12878.7034091745,-10033,32
1621586887376,1621586887446,70,1,177,15941.9974488536,-13023,102
1621586887456,1621586887496,40,0,159,13227.0037212594,-10503,90
1621586887506,1621586887546,40,1,49,2093.06687455462,-890,298
1621586887556,1621586887576,20,0,48,3657.91008075188,-1,124
1621586887626,1621586887706,80,2,219,17722.0648703142,-15903,259
1621586887716,1621586887806,90,1,233,16626.1391587451,-11182,119
1621586887816,1621586887856,40,1,101,7519.00537137391,-2872,3
1621586887866,1621586887886,20,2,188,11810.1034995221,-1,225
1621586887896,1621586887956,60,4,290,28405.5521469692,-5510,43
1621586887966,1621586888006,40,3,158,11528.2086283693,-11790,216
1621586888116,1621586888136,20,1,81,4347.57240475463,-1,4
1621586888146,1621586888166,20,1,74,2629.9658955755,-1,311
1621586888216,1621586888236,20,0,63,3368.62698356352,-1,240
1621586888306,1621586888316,10,-1,50,4566.0257305986,-1,-1
1621586888326,1621586888406,80,2,272,10179.2024018493,-20051,268
1621586888566,1621586888606,40,2,124,6527.69839920823,-4549,326
1621586888616,1621586888656,40,3,161,10041.5841071804,-11265,168
1621586888775,1621586888815,39,2,140,4528.21786575627,-3014,252
1621586888845,1621586888865,20,0,39,1339.99863084701,-674,102
1621586888915,1621586888955,40,1,41,750.585844497095,-243,104
1621586888965,1621586889015,50,1,125,8589.83796241462,-4318,112
1621586889035,1621586889055,20,0,45,2065.81878804004,-792,59
1621586889065,1621586889105,40,2,104,6345.54701427056,-3674,97
1621586889115,1621586889135,20,0,48,1917.84942431877,-794,38
1621586889165,1621586889195,30,3,334,18217.5456379836,-1,204
1621586889335,1621586889365,30,12,701,-1.0,-36222,228
1621586889425,1621586889505,80,4,113,7002.27679991398,-5663,62
1621586889525,1621586889545,20,0,37,1059.64136774397,-295,66
1621586889555,1621586889645,90,12,260,10986.2060846372,-9326,33
1621586889715,1621586889725,10,-1,32,996.426760729,-1,-1
1621586889735,1621586889835,100,14,288,13297.5769422121,-9852,213
1621586889855,1621586889885,30,0,66,2934.93680757787,-1,0
1621586889895,1621586889905,10,-1,39,1598.87594707547,-1,-1
1621586889955,1621586889985,30,0,36,2180.1742166565,-484,220
1621586890225,1621586890245,20,0,38,2488.52589091338,-755,53
1621586890474,1621586890484,10,-1,33,-1.0,-1,-1
1621586890504,1621586890584,80,3,97,5203.07386925836,-3722,180
1621586891244,1621586891514,270,2,681,21741.4283825115,-36972,281
1621586891244,1621586891514,270,2,681,21741.4283825115,-36972,281
1621586891524,1621586891544,20,0,59,5379.03817822302,-1166,29
1621586891554,1621586891634,80,2,54,2178.89926533498,-1386,247
1621586891644,1621586891674,30,0,43,1122.48122276041,-1227,246
1621586891844,1621586891904,60,2,116,6661.02640614938,-4503,116
1621586892063,1621586892083,20,0,48,2320.90425058057,-1000,354
1621586892273,1621586892313,40,2,117,5854.68327895906,-6012,184
1621586892413,1621586892433,20,0,51,3678.99586715072,-1822,121
1621586892653,1621586892663,10,-1,31,2009.3069087421,-1,-1
1621586892983,1621586892993,10,-1,33,362.061819534133,-1,-1
1621586893073,1621586893093,20,0,49,3582.91134856612,-1281,102
1621586893233,1621586893243,10,-1,41,2279.23376015552,-1,-1
1621586893453,1621586893473,20,2,211,12432.4959814533,-1,239
1621586893732,1621586893792,60,5,253,21348.1971897229,-11294,58
1621586893802,1621586893862,60,3,101,4955.20751787134,-4869,8
1621586894002,1621586894032,30,1,55,3073.26007013544,-2567,165
1621586894352,1621586894372,20,0,49,2701.50083488237,-1908,90
1621586894782,1621586894882,100,3,64,3526.33371205424,-1824,122
1621586894972,1621586895002,30,1,66,3402.31151438209,-994,232
1621586895012,1621586895052,40,1,294,22926.5329254553,-15662,303
1621586895262,1621586895381,119,8,490,7013.50054743549,-16609,7
1621586895391,1621586895401,10,-1,32,1272.6870773851,-1,-1
1621586895411,1621586895421,10,-1,30,130.069052333385,-1,-1
1621586895451,1621586895461,10,-1,35,1149.62225733876,-1,-1
1621586895471,1621586895531,60,2,156,7470.64350836583,-11370,138
1621586895581,1621586895621,40,3,153,10560.8801784397,-8947,305
1621586895831,1621586895861,30,1,80,3824.98406943529,-2491,7
1621586896081,1621586896131,50,4,157,9934.52195013206,-6928,245
1621586896231,1621586896261,30,0,80,5918.34914068034,-4016,60
1621586896271,1621586896301,30,0,71,4213.86824946067,-2934,72
1621586896501,1621586896541,40,4,177,11121.3615220719,-10097,76
1621586896821,1621586896861,40,2,76,3814.69288635362,-3300,218
1621586897110,1621586897120,10,-1,53,3605.13116082159,-1,-1
1621586897240,1621586897280,40,4,519,-1.0,-30891,230
1621586897990,1621586898030,40,2,83,3525.10137221193,-1443,248
1621586898240,1621586898280,40,2,97,5063.84090954718,-4863,56
1621586898490,1621586898540,50,2,154,8836.44368427022,-7328,128
1621586899089,1621586899129,40,0,67,6200.11478516317,-2935,48
1621586899279,1621586899339,60,3,125,3291.08013299264,-4999,261
1621586899599,1621586899609,10,-1,64,4338.63705852471,-1,-1
1621586899619,1621586899649,30,1,78,6103.66305170145,-3991,90
1621586899829,1621586899849,20,0,46,3690.84208556489,-746,85
1621586899929,1621586899969,40,0,63,5522.29045157705,-3105,326
1621586900039,1621586900089,50,1,59,3049.73924260167,-2858,55
1621586900169,1621586900189,20,0,51,3659.47771704211,-1273,291
1621586900328,1621586900358,30,1,78,6804.22157846079,-1743,164
1621586900878,1621586900918,40,4,167,9679.55276486669,-10805,241
1621586900978,1621586900988,10,-1,72,5102.07663674429,-1,-1
1621586900998,1621586901038,40,0,158,14212.7186696684,-6478,90
1621586901238,1621586901278,40,3,118,7600.22218305848,-4412,85
1621586901288,1621586901308,20,0,49,2963.27282565694,-626,340
1621586901328,1621586901338,10,-1,34,1565.93004158387,-1,-1
1621586901488,1621586901528,40,1,54,2839.43866827184,-1990,68
1621586901548,1621586901568,20,0,45,3297.743156079,-966,14
1621586901708,1621586901728,20,0,45,1768.57519370851,-422,257
1621586901818,1621586901887,69,1,116,6592.68416970572,-4888,291
1621586902007,1621586902017,10,-1,33,2015.91380846751,-1,-1
1621586902047,1621586902067,20,0,60,4489.91332002176,-1731,45
1621586902107,1621586902157,50,2,112,4665.30682899809,-7021,317
1621586902167,1621586902177,10,-1,54,2585.21292541011,-1,-1
1621586902337,1621586902347,10,-1,31,1261.42508319825,-1,-1
1621586902667,1621586902697,30,1,84,5147.58531386166,-2239,271
1621586903816,1621586903866,50,4,168,8364.26921577317,-6119,70
1621586904106,1621586904116,10,-1,54,3199.19884393361,-1,-1
1621586904166,1621586904176,10,-1,64,4450.46148938383,-1,-1
1621586904356,1621586904386,30,5,269,10118.0163798491,-12183,261
1621586904406,1621586904416,10,-1,46,2867.80426786551,-1,-1
1621586904486,1621586904506,20,0,50,3122.87556057596,-1057,128
1621586904806,1621586904886,80,1,117,8267.72788458403,-7448,40
1621586904936,1621586905006,70,1,122,5939.96450301519,-5060,285
1621586905026,1621586905126,100,2,94,4113.98880722358,-6394,4
1621586905155,1621586905195,39,4,250,17274.8508142916,-24469,139
1621586905215,1621586905255,40,3,143,9737.34769825042,-7439,318
1621586905345,1621586905385,40,2,90,4448.10665629686,-1511,108
1621586905425,1621586905445,20,0,59,3531.81681318502,-2316,282
1621586905465,1621586905485,20,0,62,3911.21801497036,-1,109
1621586905525,1621586905565,40,0,71,6098.93777362451,-2475,158
1621586905625,1621586905675,50,2,134,9303.04526953618,-5651,97
1621586905695,1621586905715,20,0,95,5205.03597657542,-1,180
1621586905765,1621586905785,20,1,130,11424.0573724769,-7972,76
1621586905875,1621586905905,30,2,100,5536.65969454898,-4731,267
1621586905915,1621586905985,70,3,187,8884.96638584067,-9046,250
1621586906105,1621586906125,20,0,43,3130.69199016547,-382,45
1621586906325,1621586906345,20,0,49,3202.30583253177,-1325,18
1621586906485,1621586906535,50,0,197,17595.0865271669,-9955,279
1621586906545,1621586906585,40,0,86,8339.8631267155,-2323,106
1621586906784,1621586906795,10,-1,65,4999.77876252056,-1,-1
1621586906805,1621586906924,119,1,121,9666.48111922464,-6289,187
1621586906944,1621586906974,30,0,46,3414.99125468789,-863,90
1621586907104,1621586907124,20,0,68,5378.76252942296,-514,332
1621586907224,1621586907254,30,1,60,2904.31497725362,-2615,73
1621586907334,1621586907354,20,0,47,3565.62054385753,-240,109
1621586907544,1621586907594,50,4,153,6521.18800642972,-6727,266
1621586907624,1621586907634,10,-1,60,3567.17854700932,-1,-1
1621586907644,1621586907684,40,0,65,4181.70095105263,-2585,260
1621586907824,1621586907844,20,0,44,3107.37306192311,-711,131
1621586907864,1621586907914,50,2,69,3887.00515083828,-3619,158
1621586907974,1621586908024,50,0,70,3589.58906316872,-3604,108
1621586908134,1621586908174,40,5,257,14051.6845820477,-12091,240
1621586908204,1621586908214,10,-1,30,2180.41813474246,-1,-1
1621586908264,1621586908284,20,0,32,1436.82762086728,-224,246
1621586908324,1621586908344,20,0,36,1600.40993099295,-551,282
1621586908404,1621586908434,30,1,87,4054.23797620053,-4391,261
1621586908463,1621586908483,20,0,46,893.65014366508,-1,310
1621586908493,1621586908503,10,-1,65,3595.88057212018,-1,-1
1621586908513,1621586908523,10,-1,36,1031.39996119472,-1,-1
1621586908733,1621586908773,40,1,61,2379.37208734231,-1519,48
1621586909113,1621586909153,40,1,67,3173.52081319724,-2452,51
1621586909483,1621586909533,50,4,206,11093.6988605832,-13824,164
1621586909673,1621586909723,50,7,288,19887.714532895,-16973,298
1621586909923,1621586909963,40,4,182,11217.2226384252,-11600,150
1621586910073,1621586910112,39,5,235,17911.6136911721,-13076,325
1621586910262,1621586910302,40,4,184,11319.0025090384,-11997,148
1621586910532,1621586910582,50,2,125,2854.63965239534,-7841,211
1621586910862,1621586910892,30,1,85,4189.50524899167,-2764,178
1621586911002,1621586911032,30,3,170,12945.7045366363,-10472,335
1621586911082,1621586911092,10,-1,55,3742.59998695175,-1,-1
1621586911102,1621586911112,10,-1,75,5172.22960719261,-1,-1
1621586911122,1621586911132,10,-1,51,3896.83896022872,-1,-1
1621586911142,1621586911172,30,1,55,2316.06668808246,-1799,329
1621586911612,1621586911652,40,0,107,8098.55321100877,-5783,296
1621586911861,1621586911871,10,-1,46,2308.14133206589,-1,-1
1621586912461,1621586912511,50,9,358,21591.836693469,-20278,107
1621586912841,1621586912891,50,9,341,16688.2227096892,-13113,288
1621586913251,1621586913281,30,1,74,4543.85278524652,-4180,342
1621586913640,1621586913680,40,7,551,24030.1125198283,-1,113
1621586913770,1621586913810,40,1,73,1298.27775286636,-2655,211
1621586913890,1621586913900,10,-1,31,2674.06743366899,-1,-1
1621586913950,1621586913960,10,-1,49,2631.23703169272,-1,-1
1621586914030,1621586914040,10,-1,35,1251.86341631609,-1,-1
1621586914060,1621586914180,120,3,165,6828.01789821542,-8003,120
1621586914220,1621586914230,10,-1,43,2236.69120667558,-1,-1
1621586914240,1621586914270,30,3,167,13354.4464074649,-11387,326
1621586914300,1621586914310,10,-1,40,1259.3382486151,-1,-1
1621586914450,1621586914470,20,0,33,2712.27930785321,-1,23
1621586914790,1621586914820,30,2,109,6078.57511934902,-2311,127
1621586915379,1621586915439,60,5,191,7764.88396035124,-7882,246
1621586915699,1621586915739,40,2,94,5071.48349142105,-4416,111
1621586916299,1621586916429,130,37,686,24150.7691116982,-23287,331
1621586916459,1621586916479,20,1,160,11085.1010373185,-1,178
1621586916489,1621586916499,10,-1,247,23539.5561737557,-1,-1
1621586916509,1621586916529,20,2,207,19718.5376333066,-12195,198
1621586916539,1621586916589,50,10,267,13629.7172133495,-11248,1
1621586916778,1621586916838,60,13,307,18751.6431693472,-13760,156
1621586916928,1621586916958,30,4,210,8754.08467230892,-15399,180
1621586916998,1621586917128,130,0,122,7433.52674918751,-6827,280
1621586917148,1621586917168,20,0,60,3690.05208124356,-1063,93
1621586917188,1621586917208,20,0,50,4480.33956150579,-1841,247
1621586917248,1621586917348,100,1,216,16502.7254077177,-16130,105
1621586917358,1621586917368,10,-1,40,1669.35269378697,-1,-1
1621586917478,1621586917578,100,6,231,8954.32465132051,-9505,70
1621586917588,1621586917598,10,-1,53,4134.30009534511,-1,-1
1621586917618,1621586917638,20,0,73,3906.0056912901,-1,33
1621586917648,1621586917678,30,0,99,8010.74399266783,-5925,176
1621586917908,1621586917948,40,1,51,2412.96384643377,-1,236
1621586917958,1621586917978,20,0,81,4303.45003601693,-1,248
1621586917988,1621586917998,10,-1,44,2107.40425771693,-1,-1
1621586918218,1621586918267,49,3,118,6936.48322458061,-7236,15
1621586918277,1621586918297,20,0,45,1869.41578096854,-674,294
1621586918457,1621586918497,40,0,66,5401.81873199346,-2879,90
1621586919147,1621586919197,50,3,136,5248.23881018812,-3700,204
1621586919207,1621586919217,10,-1,115,10282.494544707,-1,-1
1621586919227,1621586919247,20,0,82,7969.47609409694,-5076,237
1621586919287,1621586919307,20,0,61,3520.34156387295,-3097,71
1621586919377,1621586919397,20,0,45,3167.17325400911,-1186,108
1621586919437,1621586919487,50,5,156,6966.31171179432,-6390,271
1621586919787,1621586919827,40,2,117,6095.87596028457,-5637,185
1621586920276,1621586920316,40,2,85,5027.99838571222,-4692,5
1621586920446,1621586920456,10,-1,54,3975.36411716883,-1,-1
1621586920466,1621586920486,20,0,61,4829.0185316571,-3061,79
1621586920626,1621586920656,30,1,95,5839.97591163752,-5678,169
1621586921036,1621586921076,40,3,132,6504.30964040659,-6211,24
1621586921266,1621586921296,30,3,150,7144.68086239169,-8068,105
1621586921376,1621586921386,10,-1,40,3566.97759513458,-1,-1
1621586921645,1621586921685,40,4,173,7857.55129352968,-7878,237
1621586921835,1621586921855,20,0,76,3594.58983545831,-1,149
1621586921965,1621586922005,40,3,196,-1.0,-9343,288
1621586922365,1621586922395,30,5,267,12214.220220364,-10942,92
1621586922425,1621586922445,20,0,39,1025.25749039096,-1,288
1621586922695,1621586922715,20,0,45,3311.78596538845,-1246,171
1621586922725,1621586922755,30,2,121,5850.65265189957,-3262,85
1621586923025,1621586923075,50,5,195,6307.90373472293,-9515,225
1621586923155,1621586923175,20,0,39,3023.7599579356,-656,59
1621586923334,1621586923424,90,5,81,5683.93025198845,-2387,59
1621586923494,1621586923614,120,1,109,6548.14909612224,-4403,135
1621586923624,1621586923724,100,1,183,9020.72075114111,-8614,302
1621586923754,1621586923784,30,0,73,5310.70951791886,-2521,152
1621586923794,1621586923814,20,0,53,2647.19400551585,-531,146
1621586923824,1621586923864,40,1,71,3794.95661406016,-1639,220
1621586923874,1621586923894,20,0,58,5042.04266518769,-1346,330
1621586923914,1621586923954,40,0,84,7466.75562513578,-2688,56
1621586923994,1621586924004,10,-1,51,4051.54353779909,-1,-1
1621586924014,1621586924084,70,4,127,10215.7768227949,-6069,242
1621586924094,1621586924114,20,0,44,1828.45539926486,-159,102
1621586924274,1621586924334,60,1,124,9516.56930656502,-4471,103
1621586924414,1621586924464,50,3,147,5813.62513210677,-6308,357
1621586924554,1621586924574,20,0,42,4046.55587327076,-1027,204
1621586924594,1621586924604,10,-1,30,1990.48014066078,-1,-1
1621586924694,1621586924754,60,4,122,7620.33822189001,-5050,224
1621586924833,1621586924863,29,0,51,3562.32246014951,-1386,98
1621586924993,1621586925013,20,0,45,3041.13419292161,-708,81
1621586925073,1621586925113,40,0,91,8257.57157393861,-3939,333
1621586925773,1621586925803,30,4,197,15613.6579461747,-12783,57
1621586925993,1621586926013,20,0,33,1655.31523116268,-307,255
1621586926103,1621586926163,60,5,170,7115.53761001963,-6884,237
1621586926652,1621586926712,60,7,215,12154.4558358053,-8144,59
1621586927242,1621586927262,20,1,124,-1.0,-4339,246
1621586927522,1621586927552,30,1,73,3371.26659884483,-927,237
1621586927822,1621586927882,60,8,251,14194.9687115015,-11219,51
1621586928191,1621586928251,60,7,297,13277.8901291087,-13674,229
1621586928391,1621586928401,10,-1,33,1472.35774143911,-1,-1
1621586928411,1621586928441,30,0,668,63563.9307935628,-3351,198
1621586928541,1621586928581,40,6,290,10744.9941622521,-15583,270
1621586928611,1621586928651,40,0,77,6559.41573063942,-3729,348
1621586928861,1621586928921,60,1,122,10212.9145964119,-3624,97
1621586928941,1621586929001,60,0,45,4286.80679415215,-1295,294
1621586929031,1621586929111,80,0,145,7570.40435961415,-9896,75
1621586929201,1621586929251,50,14,1124,4404.9745228951,-50341,123
1621586929661,1621586929741,80,6,168,9680.59516116268,-6986,53
1621586929820,1621586929850,30,1,74,4156.79832033649,-2583,243
1621586929890,1621586929910,20,0,45,3300.49854839729,-1066,249
1621586929930,1621586929990,60,1,93,7166.47753064463,-4126,165
1621586930010,1621586930060,50,6,237,11343.8684968681,-10350,243
1621586930420,1621586930430,10,-1,41,1986.63102328842,-1,-1
1621586930450,1621586930460,10,-1,54,3449.18341658328,-1,-1
1621586930470,1621586930480,10,-1,33,393.855001386426,-1,-1
1621586930600,1621586930620,20,0,55,3335.60132654278,-1632,261
1621586930900,1621586930940,40,0,75,5458.97205454654,-4064,90
1621586930970,1621586931050,80,3,128,7049.58189119769,-5779,122
1621586931080,1621586931090,10,-1,53,3183.8777197776,-1,-1
1621586931190,1621586931220,30,1,80,4449.23184926624,-3482,77
1621586931330,1621586931390,60,4,211,12550.5869221764,-6920,277
1621586931669,1621586931709,40,0,74,5778.93076317369,-3480,90
1621586931769,1621586931799,30,2,101,5163.05936175485,-4138,163
1621586932899,1621586932939,40,4,162,9197.45342409966,-6999,4
1621586933098,1621586933108,10,-1,78,5379.72096325442,-1,-1
1621586933218,1621586933248,30,4,447,-1.0,-22914,272
1621586933518,1621586933598,80,5,186,11143.6880821834,-7045,30
1621586933708,1621586933718,10,-1,38,3039.12430633373,-1,-1
1621586933768,1621586933828,60,3,228,15512.5743382571,-10988,83
1621586933948,1621586933998,50,6,207,11555.8682921538,-8768,198
1621586934268,1621586934288,20,0,44,2964.96509181751,-906,65
1621586934428,1621586934478,50,4,141,7351.85275626633,-5799,324
1621586934767,1621586934797,30,1,63,3496.23531129973,-1143,116
1621586934807,1621586934887,80,3,158,11875.9550001788,-4641,213
1621586935247,1621586935307,60,6,202,8556.77239895472,-7908,9
1621586935347,1621586935367,20,0,53,4280.63883803068,-541,93
1621586935517,1621586935557,40,4,167,9601.05064262679,-9718,190
1621586935647,1621586935677,30,1,67,3222.45846521382,-2653,250
1621586935807,1621586935867,60,5,179,10952.719921139,-8520,32
1621586936067,1621586936077,10,-1,48,3571.66096118093,-1,-1
1621586936336,1621586936386,50,7,220,12469.8537196184,-8679,193
1621586936486,1621586936506,20,0,57,4870.02545369277,-2466,47
1621586936516,1621586936526,10,-1,46,2562.50046001755,-1,-1
1621586936616,1621586936656,40,5,229,6478.77854223432,-10833,294
1621586936996,1621586937026,30,1,77,4195.70581338806,-2965,117
1621586937206,1621586937246,40,3,140,7155.95608097733,-7176,298
1621586937846,1621586937856,10,-1,48,3286.42343171304,-1,-1
1621586937886,1621586937965,79,4,117,5766.33608405164,-5054,308
1621586938075,1621586938085,10,-1,77,6342.20453777953,-1,-1
1621586938095,1621586938115,20,0,94,8530.78953100342,-4044,86
1621586938155,1621586938175,20,0,68,4892.77546918152,-2965,251
1621586938195,1621586938215,20,0,64,5073.84574354667,-2465,86
1621586938305,1621586938345,40,1,62,3170.69970483548,-2360,333
1621586938655,1621586938685,30,1,85,5704.09532055986,-5032,23
1621586938905,1621586938925,20,2,268,14527.5745174492,-1,98
1621586939015,1621586939055,40,8,324,10887.2476173091,-13549,273
1621586939125,1621586939135,10,-1,33,2042.07786774239,-1,-1
1621586939215,1621586939235,20,1,85,6741.28116708433,-571,109
1621586939255,1621586939275,20,0,44,3855.92845584134,-408,288
1621586939325,1621586939365,40,1,118,6799.39802412173,-1683,266
1621586939375,1621586939395,20,0,89,6622.2348989564,-5634,70
1621586939415,1621586939435,20,1,98,7875.11732616092,-1,114
1621586939465,1621586939525,60,2,153,8737.95130097415,-10699,279
1621586939535,1621586939565,30,0,162,13668.5463027344,-12090,277
1621586939575,1621586939674,99,2,138,11468.9846042244,-11522,235
1621586939684,1621586939744,60,5,170,6713.8363459344,-5838,245
1621586940044,1621586940104,60,6,203,9883.80347585474,-8512,52
1621586940344,1621586940404,60,7,221,9942.8643957183,-8055,232
1621586941104,1621586941154,50,5,196,8799.34130056618,-8119,45
1621586941343,1621586941383,40,3,118,6902.16750401058,-6179,40
1621586941643,1621586941693,50,7,279,13527.7439061498,-13177,133
1621586941783,1621586941803,20,0,58,4830.45138371748,-1015,333
1621586941823,1621586941843,20,1,90,7430.15230057714,-1456,113
1621586942013,1621586942043,30,2,130,7041.29636253215,-7976,98
1621586942253,1621586942333,80,15,301,13281.4055464977,-11025,272
1621586942643,1621586942663,20,1,213,11540.0149234353,-1,81
1621586942753,1621586942793,40,8,435,12094.3647689218,-36109,256
1621586943292,1621586943332,40,2,88,5740.74694044009,-3919,96
1621586943482,1621586943522,40,2,94,4957.81745734579,-2828,242
1621586943662,1621586943722,60,9,280,14266.2534115562,-7526,54
1621586943762,1621586943782,20,0,128,9042.90910031585,-1,63
1621586943792,1621586943812,20,0,113,9562.54409529796,-7080,240
1621586944112,1621586944162,50,6,205,9864.2903748378,-8119,225
1621586944731,1621586944751,20,0,49,1791.189514283,-1,330
1621586944801,1621586944811,10,-1,32,2353.42019800427,-1,-1
1621586945791,1621586945801,10,-1,61,3862.20277340293,-1,-1
1621586945891,1621586945931,40,7,335,10915.0473038093,-26603,263
1621586946121,1621586946161,40,0,89,7096.1663654599,-4200,7
1621586946260,1621586946280,20,0,40,2714.56766960774,-512,90
1621586946300,1621586946310,10,-1,32,2314.71583286624,-1,-1
1621586946320,1621586946330,10,-1,35,2520.3619187251,-1,-1
1621586946410,1621586946490,80,12,308,15246.8172990199,-12830,258
1621586946700,1621586946820,120,18,409,14971.3864844404,-15440,78
1621586946840,1621586946850,10,-1,38,2716.2250577059,-1,-1
1621586946860,1621586946910,50,1,84,4785.06767412815,-2570,101
1621586946940,1621586946960,20,0,54,3426.8352137922,-2186,252
1621586946980,1621586947000,20,0,76,4948.75473654527,-2252,276
1621586947040,1621586947060,20,0,59,4701.57464523132,-984,149
1621586947100,1621586947120,20,0,54,4081.0268035943,-1071,309
1621586947140,1621586947220,80,19,371,16502.0888210124,-12557,268
1621586947480,1621586947590,110,18,450,16807.5349293569,-19427,89
1621586947600,1621586947690,90,0,118,9159.12875473513,-5881,135
1621586947700,1621586947720,20,0,79,5255.69680205433,-3045,255
1621586948089,1621586948129,40,2,297,273.701988401464,-12957,13
1621586948239,1621586948259,20,0,38,2847.16964899949,-782,286
1621586948299,1621586948329,30,0,55,4017.97947528982,-942,137
1621586948419,1621586948429,10,-1,30,170.229014749235,-1,-1
1621586948679,1621586948699,20,0,36,1590.72917785048,-564,243
1621586949398,1621586949418,19,0,38,2678.80371848339,-1,270
1621586950368,1621586950378,10,-1,40,1905.60951772962,-1,-1
1621586950468,1621586950508,40,1,88,5316.12813195445,-3040,106
1621586950518,1621586950558,40,0,73,4773.08638126667,-2143,135
1621586950678,1621586950698,20,0,39,1707.81772304958,-700,123
1621586951677,1621586951687,10,-1,39,3244.99198453836,-1,-1
1621586952137,1621586952157,20,0,43,2968.62511713114,-981,0
1621586952697,1621586952706,9,-1,43,3513.83330645147,-1,-1
1621586953096,1621586953106,10,-1,30,2817.43955822401,-1,-1
1621586953296,1621586953316,20,0,57,4377.57361183778,-1349,10
1621586953456,1621586953606,150,0,832,62199.948860462,-35348,55
1621586953856,1621586953866,10,-1,35,2649.85415547554,-1,-1
1621586954865,1621586954875,10,-1,30,352.602546732402,-1,-1
1621586955575,1621586955585,10,-1,48,3556.15350401259,-1,-1
1621586955775,1621586955805,30,1,221,16506.4459504641,-1,164
1621586955925,1621586955954,29,2,160,-1.0,-4776,279
1621586955965,1621586955984,19,1,131,10674.2658822398,-1,71
1621586955994,1621586956004,10,-1,75,4614.73011519313,-1,-1
1621586956164,1621586956174,10,-1,64,4595.75439172605,-1,-1
1621586956224,1621586956284,60,3,133,7086.0480456423,-5794,146
1621586956474,1621586956494,20,0,54,3636.54950522167,-1838,23
1621586956544,1621586956574,30,2,144,8584.9246940977,-8158,97
1621586956594,1621586956614,20,0,41,2350.77592429967,-1041,23
1621586956644,1621586956654,10,-1,45,3851.07350560517,-1,-1
1621586956664,1621586956674,10,-1,61,3630.39101615016,-1,-1
1621586956984,1621586957034,50,5,190,9307.02596270047,-9233,309
1621586957264,1621586957304,40,3,115,7050.53240409257,-6660,155
1621586957574,1621586957633,59,3,166,8562.52929665109,-6686,79
1621586957643,1621586957653,10,-1,36,1304.69508755808,-1,-1
1621586957823,1621586957863,40,3,134,5882.97916552037,-6916,264
1621586958273,1621586958283,10,-1,50,4113.08747331045,-1,-1
1621586958293,1621586958303,10,-1,37,909.771273998762,-1,-1
1621586958433,1621586958503,70,2,146,7109.94881180047,-7904,70
1621586958573,1621586958593,20,0,57,4477.63916316712,-962,99
1621586958763,1621586958833,70,5,123,6593.6655212444,-4992,263
1621586959422,1621586959532,110,3,297,6506.05296264768,-20035,244
1621586959692,1621586959732,40,3,140,6027.47706456935,-3970,261
1621586960192,1621586960232,40,2,104,5111.66593967527,-4630,26
1621586960512,1621586960572,60,4,150,9628.09653717901,-5112,106
1621586960582,1621586960592,10,-1,77,5667.84266751483,-1,-1
1621586960792,1621586960862,70,2,107,6272.58960347132,-5962,88
1621586961001,1621586961071,70,7,329,19944.5855844643,-23214,252
1621586961151,1621586961181,30,1,83,5362.86212439442,-2763,46
1621586961401,1621586961481,80,6,206,13887.2693949643,-8659,42
1621586961491,1621586961511,20,0,39,1682.0433819982,-147,119
1621586961671,1621586961691,20,0,49,3973.02710696436,-751,296
1621586961731,1621586961781,50,6,220,13071.0193342788,-9858,305
1621586961801,1621586961821,20,0,55,3718.06809733961,-501,96
1621586961881,1621586961911,30,1,57,2508.37124920507,-1771,127
1621586961931,1621586962011,80,14,336,16750.1310949857,-11642,258
1621586962061,1621586962081,20,0,37,1638.75100304214,-1,125
1621586962231,1621586962291,60,10,291,12699.2446508963,-13639,98
1621586962411,1621586962431,20,2,417,27914.0687670657,-1,96
1621586962521,1621586962540,19,1,178,-1.0,-6782,249
1621586962550,1621586962560,10,-1,40,1310.12128519365,-1,-1
1621586962570,1621586962590,20,0,44,1639.73796166695,-1,94
1621586962630,1621586962640,10,-1,37,2417.21142436564,-1,-1
1621586962700,1621586962720,20,0,33,527.910928670519,-106,29
1621586962750,1621586962800,50,1,48,997.467714482047,-1333,53
1621586962880,1621586962890,10,-1,55,3444.46056586649,-1,-1
1621586962900,1621586962920,20,0,39,1243.0535544458,-782,288
1621586962930,1621586963060,130,8,126,5622.50819542676,-4589,237
1621586963090,1621586963110,20,0,38,2616.05508830431,-765,243
1621586963170,1621586963180,10,-1,36,2733.6537649004,-1,-1
1621586963210,1621586963230,20,0,84,5396.88645627208,-1,228
1621586963240,1621586963260,20,0,73,5984.44531525754,-3878,67
1621586963450,1621586963530,80,13,282,13053.0217021953,-8176,277
1621586963570,1621586963600,30,0,39,735.103234707805,-98,75
1621586963640,1621586963680,40,1,51,1294.51246134642,-2135,94
1621586963700,1621586963940,240,34,2814,194619.872066196,-219682,327
1621586963980,1621586964040,60,0,303,13526.0861735539,-16726,209
1621586964060,1621586964169,109,43,715,33890.0748802433,-39721,141
1621586964189,1621586964279,90,3,67,2117.64109194317,-2059,348
1621586964289,1621586964369,80,2,33,445.777581642436,-226,5
1621586964379,1621586964489,110,21,354,11853.5242461091,-11346,278
1621586964529,1621586964539,10,-1,32,1086.40777216204,-1,-1
1621586964599,1621586964649,50,8,972,55902.4727411276,-1141,67
1621586964739,1621586964809,70,12,595,18028.5197601174,-29020,91
1621586964819,1621586964909,90,3,49,1461.56626369692,-758,339
1621586964919,1621586964949,30,2,105,4483.65913645855,-4357,291
1621586965129,1621586965179,50,3,151,8576.16050830363,-6882,23
1621586965189,1621586965219,30,2,142,12854.1306226108,-7921,341
1621586965249,1621586965269,20,1,70,5494.74776910575,-1417,174
1621586965289,1621586965319,30,1,83,6227.36379225983,-991,40
1621586965329,1621586965349,20,2,129,8784.63217966182,-1,204
1621586965389,1621586965429,40,1,184,11984.1503170946,-2949,94
1621586965439,1621586965449,10,-1,121,9475.14701248807,-1,-1
1621586965459,1621586965549,90,2,124,4987.10698092199,-8544,226
1621586965559,1621586965579,20,0,51,1991.6282944652,-1,216
1621586965589,1621586965649,60,11,346,14847.7086114583,-16384,323
1621586965689,1621586965709,20,0,38,722.897506432576,-1,161
1621586965719,1621586965749,30,0,82,4592.95763698141,-1,176
1621586965759,1621586965799,40,1,94,6805.91533331819,-6265,192
1621586965818,1621586965918,100,9,272,10110.799090092,-12886,114
1621586965978,1621586966008,30,1,68,3731.73596827526,-1010,288
1621586966018,1621586966038,20,0,36,1638.16306081509,-555,216
1621586966148,1621586966218,70,9,248,12427.3136612803,-8077,255
1621586966248,1621586966258,10,-1,31,493.42684527097,-1,-1
1621586966268,1621586966318,50,2,199,9300.08165002614,-9427,98
1621586966538,1621586966698,160,18,1061,52694.0003697165,-10419,169
1621586966868,1621586967088,220,9,431,15655.0316769689,-12680,327
1621586967128,1621586967288,160,36,2223,116193.630418331,-25892,58
1621586967408,1621586967447,39,6,393,-1.0,-16399,6
1621586967537,1621586967657,120,14,943,56203.5715447403,-60755,168
1621586967677,1621586967807,130,18,610,25296.3503693699,-33698,177
1621586967817,1621586967847,30,1,89,7553.14332494349,-3973,14
1621586967857,1621586967917,60,2,91,2918.51132264418,-2480,3
1621586968057,1621586968147,90,23,1207,18287.9185528808,-59563,108
1621586968157,1621586968397,240,20,221,7375.86142384556,-5744,274
1621586968417,1621586968437,20,0,40,2840.29622765783,-1,280
1621586968457,1621586968467,10,-1,30,1940.79163513073,-1,-1
1621586968557,1621586968577,20,0,35,2052.25302330565,-392,23
1621586968627,1621586968667,40,1,91,6158.92674574854,-6010,31
1621586968727,1621586968967,240,26,642,37638.39882552,-20258,115
1621586968977,1621586969027,50,2,63,1469.57811134161,-2333,43
1621586969047,1621586969146,99,2,268,21533.7215985335,-19172,316
1621586969226,1621586969436,210,23,372,26697.9993132099,-24395,323
1621586969456,1621586969676,220,13,401,18646.5790495238,-19455,217
1621586969686,1621586969906,220,19,447,18758.6472210779,-12689,115
1621586969926,1621586969986,60,1,100,7218.27536965081,-4782,156
1621586970006,1621586970046,40,2,91,7496.72464941738,-4877,307
1621586970096,1621586970126,30,0,97,7283.07052511552,-5466,131
1621586970226,1621586970256,30,6,336,-1.0,-15985,300
1621586970356,1621586970416,60,1,2322,228418.482566191,-225722,162
1621586970436,1621586970466,30,2,114,8146.67684878039,-3017,93
1621586970526,1621586970546,20,0,37,1580.65509061096,-1,156
1621586970556,1621586970626,70,21,434,18725.5881111346,-14718,320
1621586970636,1621586970696,60,8,243,13608.8387870306,-8744,157
1621586970715,1621586970745,29,3,156,8912.08075062471,-7442,21
1621586970885,1621586970985,100,33,947,62298.1602993857,-69385,136
1621586971025,1621586971035,10,-1,30,1450.48568233608,-1,-1
1621586971095,1621586971125,30,1,78,3462.10319674643,-3242,41
1621586971145,1621586971155,10,-1,35,809.059473364426,-1,-1
1621586971165,1621586971235,70,8,251,16512.7084393421,-7904,77
1621586971285,1621586971305,20,0,34,852.05708585211,-107,344
1621586971325,1621586971455,130,20,483,19636.3399852617,-29886,302
1621586971475,1621586971555,80,4,119,3651.19531102947,-6157,103
1621586971565,1621586971675,110,15,398,21390.4347265289,-22670,178
1621586971695,1621586971755,60,2,231,17242.8063595021,-1206,122
1621586972105,1621586972145,40,7,399,-1.0,-15666,14
1621586972155,1621586972335,180,18,426,38905.4900542769,-754,188
1621586972434,1621586972494,60,16,714,41332.1340930197,-39790,291
1621586972904,1621586973224,320,27,2074,135750.608448464,-171061,185
1621586973354,1621586973574,220,6,875,71255.967466058,-45672,246
1621586973604,1621586973704,100,12,1258,123866.933969315,-87190,70
1621586973604,1621586973704,100,12,1258,123866.933969315,-87190,70
1621586973714,1621586973734,20,0,37,537.474631607213,-1,83
1621586973784,1621586974053,269,7,439,37626.7333452049,-25937,221
1621586974073,1621586974083,10,-1,30,226.407974488649,-1,-1
1621586974093,1621586974283,190,17,674,28943.2838196722,-56241,328
1621586974393,1621586974483,90,15,404,7465.66787485334,-8855,86
1621586974393,1621586974483,90,15,404,7465.66787485334,-8855,86
1621586974533,1621586974543,10,-1,32,2500.25273717307,-1,-1
1621586974563,1621586974653,90,6,168,13383.1162912234,-13293,100
1621586974663,1621586974743,80,4,695,63482.6333195185,-57911,143
1621586975023,1621586975133,110,2,333,5677.23745097914,-18823,242
1621586975253,1621586975263,10,-1,30,1991.73190825545,-1,-1
1621586975283,1621586975423,140,29,602,24246.4600390808,-20552,267
1621586975433,1621586975463,30,1,90,4774.35286935824,-4724,72
1621586975473,1621586975513,40,1,39,643.367041903779,-687,116
1621586975553,1621586975573,20,0,44,2331.42622540865,-544,77
1621586975583,1621586975603,20,0,48,3885.63709780752,-24,61
1621586975622,1621586975672,49,4,158,8211.54290780015,-7585,265
1621586975842,1621586975862,20,0,45,2569.91886660954,-598,111
1621586975972,1621586975992,20,1,69,3729.36082013561,-1,72
1621586976032,1621586976072,40,3,140,6801.30108334814,-6508,23
1621586976292,1621586976312,20,0,41,2090.8172765303,-1,0
1621586976332,1621586976342,10,-1,30,933.104563734814,-1,-1
1621586976452,1621586976492,40,1,52,1588.19001526666,-1845,357
1621586976532,1621586976542,10,-1,33,564.948892693733,-1,-1
1621586976632,1621586976672,40,1,38,1711.78586779295,-717,243
1621586976882,1621586976962,80,18,347,14659.5463399075,-15046,164
1621586977032,1621586977062,30,1,71,2298.78415177214,-2927,30
1621586977082,1621586977112,30,0,41,968.640351039616,-347,52
1621586977142,1621586977152,10,-1,44,1747.23261713283,-1,-1
1621586977182,1621586977192,10,-1,30,2042.20397617822,-1,-1
1621586977291,1621586977381,90,4,662,49264.8617563891,-13034,199
1621586977511,1621586977551,40,2,976,20.0001600068319,-80389,302
1621586977561,1621586977571,10,-1,61,3747.33221692681,-1,-1
1621586977661,1621586977781,120,22,541,22397.359290786,-28915,81
1621586977811,1621586977851,40,1,45,1614.36186366578,-897,332
1621586977861,1621586977891,30,2,120,5854.72016170496,-5878,246
1621586977901,1621586977941,40,0,59,4222.77218954891,-2728,311
1621586977961,1621586977971,10,-1,37,1470.39130300189,-1,-1
1621586977981,1621586978001,20,0,46,1699.6015623777,-794,33
1621586978011,1621586978061,50,4,149,7896.57789891652,-5689,321
1621586978091,1621586978141,50,1,176,13545.0161710613,-9013,54
1621586978181,1621586978201,20,0,37,1993.32442524161,-204,36
1621586978291,1621586978341,50,3,227,14922.1098939979,-12412,96
1621586978411,1621586978441,30,2,103,7126.45556880611,-4262,241
1621586978561,1621586978571,10,-1,40,2534.04535893995,-1,-1
1621586978581,1621586978721,140,12,268,15334.2869088817,-12845,350
1621586978731,1621586978741,10,-1,71,5819.33703792789,-1,-1
1621586978751,1621586978871,120,4,127,7640.87838045388,-6099,255
1621586978881,1621586978940,59,4,176,9417.45647738528,-7148,225
1621586978950,1621586978960,10,-1,33,812.155521793204,-1,-1
1621586978970,1621586979000,30,0,42,3026.53676615548,-826,201
1621586979010,1621586979360,350,10,1604,96615.6347728794,-95996,276
1621586979370,1621586979550,180,13,901,74821.3338204435,-47843,342
1621586979560,1621586979580,20,1,82,4179.67414315884,-1,189
1621586979590,1621586979640,50,2,203,15254.4181127526,-9385,131
1621586979680,1621586979700,20,0,46,3169.22972777235,-1,118
1621586979900,1621586979930,30,0,41,1494.85669331106,-1,225
1621586979940,1621586980000,60,1,101,5978.99087613616,-4504,216
1621586980040,1621586980120,80,3,127,7578.99713662736,-8989,17
1621586980130,1621586980180,50,4,107,5030.04368807078,-6030,338
1621586980220,1621586980230,10,-1,39,1548.86769220329,-1,-1
1621586980240,1621586980250,10,-1,41,2687.3476479311,-1,-1
1621586980400,1621586980450,50,1,553,20205.1525082923,-1,341
1621586980460,1621586980529,69,0,146,9128.0449842211,-10198,318
1621586980539,1621586980549,10,-1,60,4978.28457019058,-1,-1
1621586980569,1621586980599,30,2,81,4050.80113310076,-3934,303
1621586980619,1621586980639,20,0,33,1089.64380559086,-320,200
1621586980659,1621586980819,160,4,287,19506.4706172128,-14911,345
1621586980829,1621586980969,140,10,265,17432.7559741388,-10589,171
1621586980979,1621586981059,80,5,99,8670.44614891666,-4483,118
1621586981079,1621586981179,100,7,151,4320.58479882185,-6110,181
1621586981189,1621586981199,10,-1,35,566.260053792569,-1,-1
1621586981229,1621586981309,80,2,373,34919.754537466,-12176,73
1621586981319,1621586981329,10,-1,32,1866.15940643664,-1,-1
1621586981339,1621586981389,50,1,84,6026.90101993762,-4897,225
1621586981449,1621586981519,70,3,153,8504.97209765221,-7258,31
1621586981529,1621586981589,60,2,118,5239.26489810395,-4499,304
1621586981599,1621586981609,10,-1,69,4573.26910462678,-1,-1
1621586981619,1621586981709,90,18,358,13526.3464371696,-18783,151
1621586981789,1621586981809,20,0,48,1522.67051306496,-1,250
1621586981849,1621586981869,20,0,37,2172.29137842448,-441,275
1621586981899,1621586981909,10,-1,54,2547.36012004567,-1,-1
1621586981939,1621586981979,40,2,127,5734.96923771004,-3234,126
1621586982168,1621586982178,9,-1,33,2450.91911487656,-1,-1
1621586982208,1621586982268,60,9,277,11337.9287105619,-12642,83
1621586982458,1621586982518,60,13,329,14705.9968361652,-7039,172
1621586982628,1621586982648,20,0,64,-1.0,-3324,114
1621586982688,1621586982808,120,4,46,2686.45961117342,-1352,289
1621586982838,1621586982918,80,9,232,11689.4440363538,-6706,313
1621586982978,1621586982998,20,0,36,786.167253546604,-1,7
1621586983008,1621586983058,50,1,38,288.961188983532,-510,355
1621586983098,1621586983218,120,18,375,17100.5030007644,-12606,79
1621586983278,1621586983288,10,-1,37,1942.54668737791,-1,-1
1621586983298,1621586983308,10,-1,50,3649.52906465388,-1,-1
1621586983318,1621586983378,60,8,213,11160.7116280776,-11498,242
1621586983538,1621586983658,120,11,229,8624.39825842725,-7861,323
1621586983688,1621586983708,20,0,30,522.395899330397,-96,303
1621586983748,1621586983817,69,13,328,14276.432878304,-12884,187
1621586983867,1621586983927,60,2,90,4056.00756585114,-3091,80
1621586983937,1621586983947,10,-1,34,846.875523016805,-1,-1
1621586983957,1621586984017,60,5,176,10337.7148312805,-6823,344
1621586984067,1621586984247,180,22,409,11382.7968613144,-14676,3
1621586984267,1621586985017,750,20,540,39669.8853662187,-22270,212
1621586985027,1621586985047,20,0,57,3020.95733117636,-1,238
1621586985117,1621586985177,60,3,105,3625.75741335762,-3448,84
1621586985187,1621586985197,10,-1,32,575.990803590234,-1,-1
1621586985207,1621586985277,70,3,105,3455.03808170179,-5793,344
1621586985287,1621586985387,100,5,133,6450.87139797683,-5914,289
1621586985397,1621586985436,39,2,75,3225.04000175283,-4254,57
1621586985476,1621586985526,50,1,60,4588.79578313378,-1390,341
1621586985546,1621586985626,80,2,313,28051.4417688112,-19848,312
1621586985636,1621586985646,10,-1,38,1150.45978355335,-1,-1
1621586985676,1621586985886,210,8,140,7708.63756510549,-7417,352
1621586985896,1621586985906,10,-1,48,3983.55696074683,-1,-1
1621586985926,1621586985986,60,11,747,32234.7844397476,-4234,97
1621586986126,1621586986206,80,9,1069,2456.02900803357,-61589,194
1621586986246,1621586986276,30,3,146,11516.1525356458,-988,91
1621586986296,1621586986346,50,3,108,5302.27241414026,-3436,286
1621586986396,1621586986526,130,8,309,23878.8476655732,-12005,175
1621586986556,1621586986676,120,9,114,4690.08092095853,-7122,274
1621586986706,1621586986936,230,22,384,14884.1816013353,-12527,338
1621586986956,1621586986966,10,-1,33,905.336324676959,-1,-1
1621586987006,1621586987036,30,1,69,3121.7096306376,-2573,94
1621586987095,1621586987215,120,9,142,6595.01119154186,-5985,284
1621586987315,1621586987345,30,0,32,2205.4883130561,-203,80
1621586987355,1621586987365,10,-1,32,748.674895866926,-1,-1
1621586987425,1621586987435,10,-1,35,2214.23817791668,-1,-1
1621586987445,1621586987475,30,0,94,5690.61948026377,-1,90
1621586987595,1621586987645,50,5,247,5930.86450119815,-18855,317
1621586987765,1621586987835,70,2,128,9321.03409836824,-3724,312
1621586987855,1621586987875,20,0,76,5764.21378607688,-3709,241
1621586988025,1621586988055,30,0,37,1049.44026169913,-667,49
1621586988075,1621586988275,200,45,841,60231.4146880246,-57614,136
1621586988355,1621586988495,140,9,280,16093.8243009339,-16236,189
1621586988655,1621586988754,99,8,219,9548.88195277938,-13565,317
1621586988764,1621586988814,50,0,186,17383.2350053444,-12378,352
1621586989024,1621586989034,10,-1,46,3241.7518930731,-1,-1
1621586989124,1621586989164,40,5,415,8831.75921385465,-25867,263
1621586989174,1621586989184,10,-1,33,419.515977212325,-1,-1
1621586989204,1621586989284,80,2,101,9690.76448139217,-5904,50
1621586989394,1621586989434,40,3,114,7354.16304629486,-3345,213
1621586989444,1621586989454,10,-1,32,631.181944408475,-1,-1
1621586989554,1621586989614,60,2,49,730.510824963877,-338,354
1621586989624,1621586989714,90,17,364,15956.8912157562,-12429,265
1621586989744,1621586989804,60,2,58,3501.03295522748,-2123,28
1621586989834,1621586989844,10,-1,39,1178.09992511888,-1,-1
1621586989884,1621586989924,40,3,145,7741.50594148727,-8122,21
1621586990064,1621586990094,30,1,68,4080.35277443612,-2932,81
1621586990124,1621586990174,50,5,149,5926.06737829255,-7795,242
1621586990353,1621586990433,79,8,255,10342.8138039736,-11583,80
1621586990553,1621586990633,80,19,436,23572.5976626689,-9781,59
1621586990643,1621586990713,70,0,353,16976.0788499866,-22917,261
1621586990783,1621586990833,50,6,243,12628.2080259774,-8547,324
1621586990963,1621586991003,40,0,91,6629.03306695295,-4744,236
1621586991053,1621586991073,20,0,35,456.460494740374,-1,261
1621586991093,1621586991133,40,1,58,1989.86205116498,-1549,240
1621586991143,1621586991173,30,1,81,6234.39862412765,-1562,107
1621586991183,1621586991203,20,1,93,7011.86575297158,-2343,265
1621586991223,1621586991343,120,4,52,1314.33235536754,-922,166
1621586991703,1621586991723,20,0,45,1850.41525805034,-1363,286
1621586991923,1621586991983,60,10,313,15136.4302749816,-12410,145
1621586991992,1621586992002,9,-1,58,4849.84522965982,-1,-1
1621586992012,1621586992022,10,-1,80,6254.91555840982,-1,-1
1621586992032,1621586992112,80,5,111,9202.67120952878,-2409,11
1621586992142,1621586992192,50,3,282,12744.0245534777,-1,320
1621586992312,1621586992532,220,10,382,8018.41931082002,-26709,162
1621586992542,1621586992692,150,8,116,6994.94616213702,-6740,240
1621586992752,1621586992782,30,1,59,2308.0559010749,-820,65
1621586992792,1621586992842,50,1,47,1917.0319457572,-744,346
1621586992852,1621586992902,50,3,125,4471.05200023298,-4879,340
1621586992982,1621586992992,10,-1,37,1049.6911874041,-1,-1
1621586993042,1621586993062,20,0,66,4156.57899096579,-1,176
1621586993072,1621586993082,10,-1,41,2301.98248643747,-1,-1
1621586993132,1621586993152,20,0,37,875.446260791875,-724,309
1621586993162,1621586993192,30,0,46,1470.04712971262,-1293,53
1621586993372,1621586993382,10,-1,32,891.327459942523,-1,-1
1621586993412,1621586993462,50,0,185,12750.9165754834,-9283,60
1621586993502,1621586993522,20,0,43,1466.96883067678,-1,73
1621586993542,1621586993602,60,3,87,3266.28501897359,-1931,58
1621586993612,1621586993631,19,0,38,837.948026552513,-1,40
1621586993681,1621586993731,50,1,41,597.893180787769,-541,321
1621586993741,1621586993771,30,0,42,1166.27800295162,-934,246
1621586993831,1621586993851,20,0,40,2324.27354074773,-939,57
1621586993861,1621586993871,10,-1,30,869.553685143818,-1,-1
1621586993901,1621586993911,10,-1,35,873.308573795861,-1,-1
1621586993931,1621586993951,20,4,389,22170.5021170222,-1,155
1621586994081,1621586994111,30,8,601,-1.0,-26794,160
1621586994121,1621586994351,230,15,314,18141.005178837,-22530,343
1621586994371,1621586994451,80,4,156,6753.65065887351,-6526,327
1621586994521,1621586994541,20,1,88,7502.05443802825,-65,113
1621586994561,1621586994581,20,0,45,2933.51743566887,-1,300
1621586994591,1621586994621,30,1,74,4199.60842500066,-2138,293
1621586994641,1621586994701,60,15,387,16583.3508578201,-12275,260
1621586994861,1621586994911,50,4,128,7653.57769005314,-4989,190
1621586995101,1621586995171,70,17,382,14957.6160089322,-15784,62
1621586995460,1621586995520,60,6,189,9976.10192869049,-6361,9
1621586995660,1621586995700,40,1,90,5157.8636470953,-3855,338
1621586995710,1621586995730,20,0,113,10053.4112284548,-6266,38
1621586995830,1621586995850,20,0,73,4740.80127764788,-3906,225
1621586995880,1621586995970,90,18,352,11699.5255003845,-13455,169
1621586996150,1621586996160,10,-1,31,1426.45904703937,-1,-1
1621586996370,1621586996390,20,0,32,1110.35062195582,-1,33
1621586996420,1621586996480,60,2,83,2645.82669690461,-2686,8
1621586996530,1621586996550,20,0,59,4580.15572576233,-259,90
1621586996590,1621586996650,60,7,390,16584.2456789519,-3637,292
1621586996740,1621586996790,50,7,359,-1.0,-14734,294
1621586996800,1621586996820,20,0,48,3357.57460125919,-45,105
1621586996830,1621586996840,10,-1,33,1671.09553552685,-1,-1
1621586996890,1621586996949,59,6,225,10064.8535967904,-9169,156
1621586997179,1621586997199,20,0,43,1675.56210519722,-594,123
1621586997239,1621586997269,30,2,106,4826.95314853564,-3571,92
1621586997519,1621586997559,40,2,115,6068.95803271996,-4675,306
1621586997729,1621586997759,30,2,130,7334.8377670262,-6481,299
1621586997779,1621586997799,20,0,35,2962.52310087146,-208,264
1621586997939,1621586997969,30,0,44,930.64052684437,-619,163
1621586997979,1621586998568,589,30,584,39998.671473335,-34004,11
1621586998598,1621586998658,60,4,165,11105.0276144558,-8610,260
1621586998678,1621586998778,100,6,121,3754.54073858238,-3318,242
1621586998808,1621586998968,160,3,832,41954.4111432787,-52423,81
1621586999008,1621586999048,40,1,43,2192.983544839,-869,325
1621586999058,1621586999068,10,-1,31,433.764007754817,-1,-1
1621586999078,1621586999108,30,1,82,4050.91364820889,-3018,325
1621586999148,1621586999158,10,-1,33,2172.53445786108,-1,-1
1621586999208,1621586999218,10,-1,40,1788.07904510168,-1,-1
1621586999288,1621586999298,10,-1,32,1584.58451865346,-1,-1
1621586999418,1621586999428,10,-1,39,2793.02876778258,-1,-1
1621586999438,1621586999468,30,0,41,575.159414354577,-1,312
1621586999488,1621586999508,20,0,39,1111.5025882391,-1,315
1621586999518,1621586999548,30,0,69,2884.07420644069,-100,285
1621586999558,1621586999568,10,-1,33,1318.85668528849,-1,-1
1621586999578,1621586999608,30,1,71,4779.66066775336,-2413,338
1621586999688,1621586999718,30,1,51,3067.14038621846,-567,230
1621586999738,1621586999778,40,3,161,14355.7769872609,-5435,90
1621586999788,1621586999798,10,-1,109,8419.28857834879,-1,-1
1621586999908,1621586999918,10,-1,40,2179.6011968677,-1,-1
1621587000018,1621587000058,40,1,50,1575.47106067771,-161,159
1621587000068,1621587000078,10,-1,37,2343.11729294496,-1,-1
1621587000197,1621587000307,110,20,773,72181.7208133847,-44558,150
1621587000317,1621587000337,20,0,45,1680.59739245888,-292,59
1621587000377,1621587000567,190,23,708,40492.6357746343,-26038,139
1621587000607,1621587000627,20,1,90,4986.69193052072,-1,75
1621587000657,1621587000767,110,5,206,11005.1956440922,-8625,219
1621587000777,1621587000797,20,1,152,13267.6422181996,-8120,221
1621587000837,1621587000957,120,35,507,26051.5336600806,-18534,242
1621587001017,1621587001167,150,5,70,2964.50945597879,-1651,344
1621587001217,1621587001297,80,28,508,23480.482951162,-21876,50
1621587001387,1621587001407,20,0,42,1705.81275503061,-717,225
1621587001477,1621587001607,130,31,454,20636.5211361881,-17489,5
1621587001707,1621587001777,70,4,169,5701.32123510912,-11061,225
1621587001787,1621587001826,39,1,49,1751.57788035012,-1238,211
1621587001906,1621587002056,150,7,150,12307.7364535166,-5980,264
1621587002066,1621587002106,40,2,92,3797.16670677445,-3985,289
1621587002146,1621587002276,130,6,84,3904.27645870325,-3773,127
1621587002286,1621587002326,40,1,54,2112.61838248371,-804,309
1621587002506,1621587002516,10,-1,52,2912.58899304368,-1,-1
1621587002526,1621587002576,50,1,54,2548.41834385422,-1253,139
1621587002586,1621587002706,120,4,71,2210.00932243513,-2237,270
1621587002716,1621587002726,10,-1,34,1818.32682730349,-1,-1
1621587002746,1621587003046,300,38,496,31147.5427600631,-16739,129
1621587003106,1621587003176,70,12,357,11675.5468621952,-17551,286
1621587003316,1621587003326,10,-1,61,5604.07070537346,-1,-1
1621587003336,1621587003346,10,-1,150,12163.838823283,-1,-1
1621587003455,1621587003485,30,8,407,-1.0,-20537,165
1621587003515,1621587003575,60,2,98,8640.43033081581,-6679,8
1621587003585,1621587003595,10,-1,33,808.970968516353,-1,-1
1621587003605,1621587003625,20,0,56,3384.29767499761,-2284,352
1621587003645,1621587003665,20,0,59,3612.18591351063,-2133,12
1621587003675,1621587003695,20,0,32,1114.8992519607,-1,23
1621587003755,1621587004045,290,9,151,11140.2572187698,-8887,335
1621587004085,1621587004135,50,2,80,2279.23689158752,-3287,324
1621587004455,1621587004465,10,-1,37,1363.29966066175,-1,-1
1621587004755,1621587004815,60,11,328,15911.1157178758,-10372,150
1621587004865,1621587004885,20,0,66,3644.73663988892,-3147,248
1621587005184,1621587005214,30,1,56,2725.91127563678,-1272,74
1621587005234,1621587005284,50,1,86,5659.51088210087,-2972,56
1621587005464,1621587005534,70,12,305,14372.811240792,-9712,325
1621587006134,1621587006524,390,25,970,48606.3637715264,-60262,333
1621587006564,1621587006644,80,6,129,3593.37507035969,-3826,278
1621587006674,1621587006743,69,3,79,2393.60095229157,-2944,72
1621587006803,1621587006853,50,3,111,6154.52125718787,-5652,343
1621587006923,1621587006983,60,4,98,3009.23548473163,-2826,336
1621587007043,1621587007173,130,10,165,7278.24805191558,-9463,175
1621587007203,1621587007213,10,-1,34,1448.20464818317,-1,-1
1621587007223,1621587007283,60,7,559,32564.4578418185,-23561,335
1621587007303,1621587007363,60,6,177,13149.5951865451,-10377,143
1621587007403,1621587007453,50,2,83,2696.91332345129,-3700,350
1621587007463,1621587007583,120,11,206,15721.5647064377,-10494,180
1621587007603,1621587007643,40,25,1541,110252.659339585,-1,142
1621587008153,1621587008343,190,4,1163,10693.9546640299,-99900,305
1621587008352,1621587008522,169,39,771,65109.3720213553,-29744,153
1621587008542,1621587008632,90,2,40,1909.45313069977,-916,5
1621587008652,1621587008782,130,13,359,13062.1064002668,-15086,151
1621587008792,1621587008822,30,0,34,362.960165520947,-171,320
1621587008912,1621587008992,80,3,328,25139.7112321195,-24550,276
1621587009662,1621587009682,20,0,121,7811.21566346488,-1,80
1621587009822,1621587010001,179,18,643,34845.6827552646,-41092,323
1621587010011,1621587010031,20,1,114,10832.0677918459,-4908,246
1621587010041,1621587010081,40,1,67,5063.41110959188,-1227,145
1621587010091,1621587010251,160,8,126,5976.09453238071,-6171,158
1621587010261,1621587010271,10,-1,53,2686.98478028187,-1,-1
1621587010281,1621587010351,70,6,221,19685.2227332479,-12326,354
1621587010411,1621587010521,110,6,635,43961.9491319695,-42857,117
1621587010631,1621587010681,50,8,308,25121.7206174359,-20213,189
1621587010741,1621587010811,70,5,125,7462.09484582386,-6755,287
1621587010821,1621587010861,40,2,89,6767.61820595913,-1744,40
1621587010991,1621587011061,70,16,1156,-1.0,-61581,134
1621587011071,1621587011351,280,24,300,11995.5994445939,-10757,331
1621587011371,1621587011401,30,1,68,2805.79698552636,-236,60
1621587011461,1621587011491,30,0,55,2183.19054426936,-1,278
1621587011640,1621587011690,50,2,93,5328.50070421996,-2363,187
1621587011870,1621587011890,20,0,59,2640.01806336952,-1,61
1621587011940,1621587011990,50,6,213,10080.6635042671,-9092,165
1621587012250,1621587012270,20,0,50,2749.64672722451,-716,85
1621587012550,1621587012600,50,6,192,9686.14641815786,-7891,154
1621587012740,1621587012800,60,8,243,10129.610321858,-9770,336
1621587013070,1621587013120,50,7,243,12117.7853353204,-8104,158
1621587013429,1621587013489,60,9,258,14643.499469063,-7475,339
1621587013679,1621587013739,60,7,233,11135.2658530215,-9171,183
1621587013879,1621587013929,50,6,212,10546.4630577854,-8565,134
1621587013959,1621587013969,10,-1,82,6001.07268414601,-1,-1
1621587013979,1621587013999,20,0,94,8534.31599464624,-4435,240
1621587014039,1621587014229,190,6,206,17631.5541839012,-8204,5
1621587014249,1621587014349,100,4,103,6085.92975220759,-2830,322
1621587014359,1621587014379,20,0,58,4078.32148778199,-1129,83
1621587014479,1621587014549,70,2,103,4612.53547946096,-2812,31
1621587014619,1621587014629,10,-1,37,1272.2861632343,-1,-1
1621587014669,1621587014689,20,0,54,2700.66572866975,-1356,18
1621587014699,1621587014719,20,0,41,1779.71071240052,-177,21
1621587014729,1621587014799,70,2,95,7074.64196651535,-4250,71
1621587014958,1621587014968,10,-1,41,1642.93348801012,-1,-1
1621587015158,1621587015238,80,11,430,25032.4842631232,-19580,268
1621587015348,1621587015418,70,3,277,-1.0,-23151,257
1621587015438,1621587015468,30,1,68,3202.96024932627,-1983,71
1621587015648,1621587015678,30,0,35,1235.73758372634,-297,160
1621587015698,1621587015738,40,1,40,1133.85267257378,-434,150
1621587015748,1621587015798,50,1,100,5820.77187116502,-6068,167
1621587015808,1621587015898,90,2,38,656.615816825691,-685,162
1621587015908,1621587015938,30,1,65,2705.55297120799,-1859,158
1621587015948,1621587015978,30,1,59,2138.49300930172,-2354,153
1621587015988,1621587016148,160,8,59,1915.44583336297,-2195,192
1621587016168,1621587016178,10,-1,33,404.451584389858,-1,-1
1621587016258,1621587016358,100,9,369,16935.5706290803,-20609,100
1621587016368,1621587016418,50,6,387,18968.0691164655,-2940,13
1621587016667,1621587016837,170,5,631,28478.8422968191,-29593,268
1621587016847,1621587016877,30,1,92,7000.77306186849,-4579,253
1621587016887,1621587016967,80,1,183,15424.0557403133,-12338,229
1621587016997,1621587017007,10,-1,31,850.943780970153,-1,-1
1621587017037,1621587017057,20,0,51,2264.13100659475,-2050,104
1621587017097,1621587017137,40,3,127,5306.24347206072,-4866,77
1621587017237,1621587017247,10,-1,36,2074.80833500693,-1,-1
1621587017307,1621587017367,60,7,264,12423.9847978633,-18661,256
1621587017387,1621587017437,50,5,210,17639.1137668306,-6536,75
1621587017457,1621587017637,180,13,519,45187.6954676308,-46298,71
1621587017867,1621587018047,180,9,279,2661.04540903185,-15367,295
1621587018067,1621587018266,199,6,155,4179.89161945509,-5580,266
1621587018296,1621587018326,30,1,54,2077.26284678297,-1,5
1621587018366,1621587018406,40,1,53,2033.86554433077,-617,4
1621587018426,1621587018456,30,0,43,1689.47796072065,-215,28
1621587018466,1621587018546,80,20,390,11225.9944390087,-11312,176
1621587018566,1621587018606,40,1,51,2124.04558187919,-1527,335
1621587018666,1621587018676,10,-1,31,1254.67555641606,-1,-1
1621587018686,1621587018776,90,22,445,14355.3098600892,-15169,5
1621587018906,1621587018936,30,2,104,6247.98184881474,-6404,320
1621587019166,1621587019266,100,26,449,15170.5476828514,-18175,179
1621587019506,1621587019536,30,2,132,8274.83927736972,-6041,319
1621587019706,1621587019795,89,20,373,13603.0108764901,-10067,10
1621587020055,1621587020075,20,0,46,2000.91186794668,-255,90
1621587020295,1621587020325,30,1,66,4382.64571396261,-3533,272
1621587020615,1621587020695,80,16,321,11485.4270817939,-9133,168
1621587020815,1621587020885,70,7,187,8779.70566178488,-7449,205
1621587021405,1621587021414,9,-1,32,2699.6938775472,-1,-1
1621587021514,1621587021614,100,29,494,20177.3783205834,-16443,321
1621587021634,1621587021644,10,-1,37,1493.46920276248,-1,-1
1621587021664,1621587021754,90,16,1800,89882.6216399201,-2292,37
1621587021854,1621587022204,350,10,297,25946.9695951078,-22595,216
1621587022474,1621587022544,70,7,563,33629.8067654596,-47699,18
1621587022614,1621587022654,40,5,239,19004.769588073,-14684,178
1621587022854,1621587022884,30,1,92,6571.59216352663,-5609,270
1621587022944,1621587023004,60,7,568,36814.5727832389,-46773,23
1621587023044,1621587023093,49,6,305,23094.3661404129,-18385,202
1621587023253,1621587023303,50,3,112,5084.15148600114,-6891,199
1621587023443,1621587023503,60,7,519,31489.2172333581,-43542,24
1621587023583,1621587023623,40,6,281,20811.4540111824,-19363,205
1621587024732,1621587024762,30,5,452,21305.5484158548,-7466,113
1621587024912,1621587025032,120,23,2192,144866.051289492,-152307,260
1621587025042,1621587025132,90,1,106,7348.57306803536,-5277,172
1621587025142,1621587025152,10,-1,40,1498.816091728,-1,-1
1621587025162,1621587025292,130,29,543,21038.3080288023,-25041,331
1621587025472,1621587025482,10,-1,85,-1.0,-1,-1
1621587025632,1621587025692,60,4,116,9032.56957059616,-7914,165
1621587025702,1621587025742,40,1,56,3425.90735954241,-1995,28
1621587025752,1621587025922,170,19,398,15865.3410807371,-17431,104
1621587025932,1621587025972,40,3,155,7371.74442939035,-6748,48
1621587025992,1621587026012,20,0,54,1798.54083901097,-1,71
1621587026282,1621587026391,109,12,670,41058.3988526865,-33963,273
1621587026401,1621587026441,40,1,61,3280.54520538128,-1266,263
1621587026481,1621587026521,40,2,194,14823.8577462798,-12235,219
1621587026531,1621587026581,50,3,396,33427.6740884617,-23372,111
1621587026591,1621587026661,70,1,222,18871.5477518529,-13225,11
1621587026671,1621587026841,170,12,316,15538.3325268637,-12952,38
1621587027251,1621587027341,90,14,565,19192.8508095201,-18194,151
1621587027351,1621587027361,10,-1,56,3260.21210758464,-1,-1
1621587027371,1621587027561,190,2,204,9264.77075907711,-9980,86
1621587027571,1621587027581,10,-1,34,804.485566903321,-1,-1
1621587027591,1621587027711,120,2,218,8152.03265854525,-12577,313
1621587027721,1621587027751,30,1,62,2887.01916759674,-1947,246
1621587027851,1621587027951,100,8,358,18142.4823592932,-16363,359
1621587027960,1621587027980,19,0,39,1507.75465291548,-545,278
1621587028060,1621587028070,10,-1,45,2715.87793475007,-1,-1
1621587028080,1621587028260,180,18,446,22031.6891006893,-18390,177
1621587028290,1621587028340,50,2,94,4197.05163953194,-2930,321
1621587028410,1621587028420,10,-1,50,2715.00284454127,-1,-1
1621587028520,1621587028560,40,19,1073,86260.9960882939,-98928,343
1621587028570,1621587028580,10,-1,266,25599.2830567276,-1,-1
1621587028590,1621587028630,40,21,956,35911.0047775162,-24613,137
1621587028730,1621587028870,140,6,750,35320.1051570845,-49009,203
1621587028980,1621587029050,70,9,203,8789.37513679707,-7188,166
1621587029060,1621587029080,20,3,148,10716.4836060158,-1,334
1621587029120,1621587029140,20,2,147,7281.02607527564,-1,188
1621587029150,1621587029160,10,-1,104,8962.98988457243,-1,-1
1621587029360,1621587029370,10,-1,32,887.920592860075,-1,-1
1621587029420,1621587029460,40,4,165,8022.72824146975,-8992,293
1621587029749,1621587029789,40,6,239,11519.2717913958,-11423,23
1621587029829,1621587029849,20,0,45,1689.98492565323,-1042,63
1621587029889,1621587029919,30,0,36,665.184549617441,-465,86
1621587030059,1621587030079,20,0,35,1817.18652899101,-1,216
1621587030159,1621587030199,40,4,128,6764.46536609485,-5054,196
1621587030729,1621587030749,20,0,53,4350.66359365328,-495,218
1621587030929,1621587030969,40,6,219,11895.1311645762,-12224,133
1621587031228,1621587031288,59,7,203,8915.74610542614,-8471,335
1621587031458,1621587031518,60,7,232,11891.9268436987,-8209,14
1621587031818,1621587031848,30,1,56,2702.72951500306,-2439,25
1621587032048,1621587032108,60,2,53,2479.06862167892,-868,102
1621587032118,1621587032148,30,1,54,1989.15050902158,-1324,105
1621587032188,1621587032198,10,-1,41,1577.34980396079,-1,-1
1621587032228,1621587032248,20,0,48,2049.42866657577,-1118,195
1621587032268,1621587032398,130,7,97,3636.36582455734,-5827,115
1621587032408,1621587032428,20,2,183,10940.2473062722,-1,16
1621587032638,1621587032708,70,3,394,4250.50366933949,-22257,299
1621587032728,1621587032828,100,6,152,5808.72360413665,-7696,212
1621587032838,1621587032858,20,0,35,835.926263746364,-536,200
1621587032877,1621587032927,50,2,67,2074.57140268106,-1750,111
1621587033007,1621587033047,40,1,59,3473.49967578355,-1881,238
1621587033177,1621587033277,100,21,419,13425.4849521893,-13833,144
1621587033337,1621587033367,30,1,92,8490.95191251206,-3334,50
1621587033387,1621587033397,10,-1,39,2551.60983010929,-1,-1
1621587033497,1621587033517,20,0,68,4462.27940567035,-2175,36
1621587033547,1621587033557,10,-1,35,1438.50954917523,-1,-1
1621587033567,1621587033577,10,-1,96,7645.97893753828,-1,-1
1621587033587,1621587033627,40,1,96,8596.78202041914,-6006,243
1621587033637,1621587033787,150,34,434,15349.7116691766,-16245,328
1621587033907,1621587033927,20,0,39,2129.09214092331,-708,104
1621587033987,1621587034007,20,0,52,1509.7956205004,-1,339
1621587034067,1621587034107,40,1,48,2070.370673804,-1575,204
1621587034147,1621587034177,30,0,35,1174.39521865516,-517,121
1621587034297,1621587034307,10,-1,32,510.710646191631,-1,-1
1621587034337,1621587034347,10,-1,37,1114.58658957812,-1,-1
1621587034357,1621587034367,10,-1,34,830.874233385663,-1,-1
1621587034487,1621587034516,29,1,70,2912.09722742155,-1938,190
1621587034576,1621587034616,40,4,146,6817.82302794371,-6702,181
1621587034676,1621587034716,40,5,226,16992.352975954,-15231,124
1621587034766,1621587034826,60,6,260,18400.6128990416,-20591,318
1621587034996,1621587035016,20,1,212,15905.3558693207,-1,6
1621587035106,1621587035206,100,15,856,55387.9703305857,-28362,306
1621587035236,1621587035256,20,2,106,8770.92986735688,-1,189
1621587035336,1621587035426,90,3,197,15705.5546805529,-8052,330
1621587035486,1621587035646,160,39,628,27919.6809959665,-26071,139
1621587035676,1621587035716,40,5,244,16428.7181258254,-15650,257
1621587035726,1621587035796,70,7,198,8657.42078367167,-5300,353
1621587036086,1621587036195,109,13,317,9801.9490754028,-8991,306
1621587036205,1621587036225,20,0,58,4801.26708945433,-1979,240
1621587036375,1621587036425,50,4,131,6160.31038020071,-8038,246
1621587036445,1621587036455,10,-1,45,2813.53253544751,-1,-1
1621587036575,1621587036595,20,0,72,3902.43698475453,-1,200
1621587036645,1621587036655,10,-1,53,2712.25517046646,-1,-1
1621587036665,1621587036675,10,-1,43,2037.94001941114,-1,-1
1621587036785,1621587036935,150,17,527,39391.2704561158,-43673,357
1621587037065,1621587037075,10,-1,50,4224.04930708514,-1,-1
1621587037085,1621587037115,30,2,88,7260.85239382548,-4828,204
1621587037125,1621587037185,60,2,136,11255.433339434,-3898,287
1621587037255,1621587037315,60,3,100,5047.81646983554,-4212,148
1621587037325,1621587037345,20,1,84,5850.49220170239,-4783,281
1621587037355,1621587037395,40,1,97,6993.2115932127,-2606,193
1621587037485,1621587037535,50,3,227,2519.24447460508,-10625,230
1621587037575,1621587037595,20,0,50,2797.13819276004,-1761,274
1621587037615,1621587037635,20,0,34,2988.47302659624,-462,95
1621587037675,1621587037705,30,2,94,5989.10533630433,-2508,148
1621587037765,1621587037784,19,0,61,4482.12840507636,-2060,306
1621587037874,1621587037904,30,3,173,11162.7368689832,-10514,358
1621587038064,1621587038144,80,25,471,15858.9973644923,-18548,124
1621587038244,1621587038324,80,9,192,11403.7892537207,-6768,194
1621587038474,1621587038494,20,0,63,3426.63447064479,-1,322
1621587038764,1621587038824,60,8,248,9559.63355417677,-10350,276
1621587039004,1621587039074,70,4,107,6076.34527214804,-5233,321
1621587039264,1621587039314,50,6,220,10996.8554429738,-9559,141
1621587040033,1621587040063,30,1,80,4277.86642526323,-3871,132
1621587040833,1621587040933,100,17,319,10999.7380582029,-8517,333
1621587041502,1621587041522,20,0,37,2357.65059166181,-1,10
1621587041672,1621587041702,30,2,90,6012.00394563358,-5629,188
1621587041902,1621587041922,20,0,47,2333.94385877079,-1719,41
1621587042122,1621587042142,20,7,693,34821.9151715097,-1,110
1621587042242,1621587042322,80,20,892,-1.0,-40685,165
1621587042342,1621587042472,130,6,219,12302.4812704251,-14207,331
1621587042492,1621587042512,20,0,48,1799.21486668046,-1,275
1621587042542,1621587042582,40,4,161,8479.98326399679,-6287,352
1621587042681,1621587042751,69,19,583,24418.2335881915,-19248,55
1621587042771,1621587042871,100,4,161,8854.19913884691,-9531,245
1621587042881,1621587043021,140,0,293,22878.2632514197,-20705,353
1621587043041,1621587043051,10,-1,50,3700.28268486275,-1,-1
1621587043061,1621587043171,110,20,353,17352.4177977689,-10982,247
1621587043201,1621587043221,20,0,33,1685.91458661057,-216,333
1621587043501,1621587043511,10,-1,30,268.621472740803,-1,-1
1621587043581,1621587043681,100,8,252,11309.8855957334,-13675,56
1621587043911,1621587043921,10,-1,37,1955.2136172028,-1,-1
1621587044141,1621587044161,20,1,67,4741.65309530693,-800,120
1621587044271,1621587044311,40,1,49,1413.02203678052,-540,316
1621587044330,1621587044370,40,5,238,18606.9880451421,-16627,231
1621587044570,1621587044600,30,1,76,4581.01119083434,-1591,121
1621587044610,1621587044660,50,8,293,12033.1153801314,-10390,351
1621587044860,1621587044980,120,3,535,48858.8029018158,-30489,208
1621587044990,1621587045090,100,9,183,4257.91722954408,-5752,220
1621587045180,1621587045250,70,3,88,5607.52057322439,-4304,165
1621587045280,1621587045300,20,0,41,1693.62100975791,-445,155
1621587045320,1621587045330,10,-1,36,1381.43459520672,-1,-1
1621587045340,1621587045350,10,-1,31,1120.65554618719,-1,-1
1621587045400,1621587045410,10,-1,31,327.420303974625,-1,-1
1621587045460,1621587045470,10,-1,30,680.042821974075,-1,-1
1621587045560,1621587045570,10,-1,32,1723.2942619558,-1,-1
1621587045790,1621587045810,20,0,47,2403.20487639664,-1,204
1621587046039,1621587046059,20,0,60,3793.63133080265,-1621,59
1621587046119,1621587046219,100,30,507,16860.856802351,-14497,134
1621587046389,1621587046419,30,2,127,6181.57063548205,-5094,52
1621587046619,1621587046659,40,0,75,6224.49936369058,-2020,351
1621587046669,1621587046719,50,11,326,18002.8800972012,-9235,114
1621587046839,1621587046849,10,-1,38,-1.0,-1,-1
1621587046899,1621587046939,40,11,432,16216.8121629121,-1,326
1621587047059,1621587047119,60,9,438,-1.0,-14570,307
1621587047129,1621587047159,30,0,100,5934.49338310129,-2595,36
1621587047169,1621587047199,30,2,123,6423.93231876273,-7599,284
1621587047229,1621587047349,120,4,301,26750.3640047052,-15751,188
1621587047668,1621587047698,30,2,125,7772.31696775787,-8374,7
1621587047868,1621587047918,50,3,124,7864.90083745802,-9074,217
1621587048058,1621587048098,40,2,113,5345.38291509031,-3294,330
1621587048168,1621587048178,10,-1,30,60.6189683544194,-1,-1
1621587048388,1621587048408,20,0,65,2822.01051258208,-1,273
1621587048458,1621587048488,30,1,47,1119.7294822794,-635,228
1621587048498,1621587048518,20,0,44,1341.63337528536,-1,261
1621587048528,1621587048538,10,-1,64,3941.59547608934,-1,-1
1621587048558,1621587048598,40,3,103,4923.1992959505,-3393,282
1621587048608,1621587048648,40,6,489,25555.4014931156,-43559,24
1621587048698,1621587048708,10,-1,33,1205.58206991714,-1,-1
1621587048788,1621587048818,30,3,118,6663.44784262665,-3248,185
1621587048828,1621587048848,20,2,121,6196.01792587832,-1,241
1621587048918,1621587048948,30,2,206,19044.3974310662,-8925,48
1621587048988,1621587049018,30,1,70,3667.14245471147,-2396,162
1621587049048,1621587049068,20,0,42,1702.86202267575,-1,57
1621587049277,1621587049317,40,1,39,2821.79669269001,-886,95
1621587049647,1621587049717,70,1,93,4984.09190175033,-5062,208
1621587049927,1621587049937,10,-1,30,1167.3164977516,-1,-1
1621587050017,1621587050027,10,-1,36,1668.41284794138,-1,-1
1621587050117,1621587050127,10,-1,46,2671.97437112771,-1,-1
1621587050347,1621587050377,30,1,63,3063.58811715508,-2217,0
1621587050397,1621587050427,30,3,132,9136.08860992527,-8050,339
1621587050467,1621587050497,30,4,161,13717.8189778218,-13072,159
1621587050517,1621587050537,20,0,34,2005.01551376009,-9,276
1621587050557,1621587050567,10,-1,41,1675.87129087388,-1,-1
1621587050577,1621587050617,40,3,132,8991.54501682961,-9533,325
1621587050627,1621587050657,30,3,176,16814.6138521641,-12115,144
1621587050777,1621587050797,20,0,70,4026.69900918794,-2308,260
1621587050817,1621587050827,10,-1,34,706.41982005587,-1,-1
1621587050886,1621587050956,70,4,109,4874.04576615412,-7003,38
1621587050986,1621587051006,20,1,77,4462.09066000813,-1,255
1621587051026,1621587051046,20,1,75,3512.31013865364,-1,264
1621587051116,1621587051166,50,3,106,7537.25231942424,-6548,162
1621587051176,1621587051186,10,-1,34,2813.74911763419,-1,-1
1621587051326,1621587051386,60,2,189,15055.0108351001,-14514,58
1621587051396,1621587051406,10,-1,46,2605.55022746749,-1,-1
1621587051416,1621587051426,10,-1,82,5888.18624642145,-1,-1
1621587051556,1621587051586,30,2,211,-1.0,-12226,300
1621587051606,1621587051636,30,1,48,4338.5551868651,-427,194
1621587051666,1621587051686,20,1,55,4442.93034843905,-230,20
1621587051696,1621587051716,20,0,63,3174.27721414212,-1,246
1621587051796,1621587051816,20,0,49,2121.80686665126,-1,74
1621587051906,1621587051916,10,-1,34,927.622762737284,-1,-1
1621587051976,1621587051996,20,0,35,920.538836096669,-528,110
1621587052036,1621587052066,30,3,155,7994.63898219296,-8472,145
1621587052086,1621587052166,80,4,135,4361.92814089459,-5788,295
1621587052186,1621587052246,60,2,44,1628.17950417163,-1269,122
1621587052316,1621587052376,60,3,91,2291.17294097821,-3308,254
1621587052466,1621587052496,30,2,107,5006.892362655,-3782,37
1621587052585,1621587052615,30,1,85,4688.84999334965,-4218,263
1621587052625,1621587052635,10,-1,46,2098.46160645292,-1,-1
1621587052745,1621587052805,60,3,97,1298.72024160964,-2829,250
1621587052845,1621587052865,20,0,51,2718.91571890037,-1,298
1621587052925,1621587052935,10,-1,30,205.864626293231,-1,-1
1621587053115,1621587053125,10,-1,32,1149.22742966989,-1,-1
1621587053135,1621587053255,120,6,116,4343.97181905537,-4491,166
1621587053275,1621587053305,30,0,43,894.860207986355,-1,192
1621587053315,1621587053335,20,0,68,6352.72264459368,-3570,335
1621587053575,1621587053605,30,1,69,3345.09461774533,-2886,4
1621587053855,1621587053875,20,0,63,3231.62628521559,-1,36
1621587053985,1621587054015,30,2,118,2389.01451907971,-4184,126
1621587054065,1621587054105,40,1,35,1556.87639867576,-422,259
1621587054244,1621587054344,100,21,382,20403.6553641997,-14787,180
1621587054354,1621587054544,190,9,225,8220.86619319648,-12145,4
1621587054624,1621587054654,30,1,55,2095.77008461851,-146,56
1621587054764,1621587054784,20,1,189,10934.4687873665,-1,60
1621587054894,1621587054964,70,12,457,15240.6428845963,-15161,336
1621587054974,1621587055004,30,1,53,2211.20841733353,-269,169
1621587055014,1621587055024,10,-1,32,299.554758352367,-1,-1
1621587055064,1621587055344,280,4,421,20722.1467163087,-38376,218
1621587055464,1621587055504,40,2,201,14292.6627448392,-1278,84
1621587055604,1621587055644,40,2,245,4593.93660182519,-15712,227
1621587055654,1621587055664,10,-1,122,9910.74431344291,-1,-1
1621587055684,1621587055704,20,0,50,3009.11139872376,-1331,289
1621587055714,1621587055813,99,10,983,88873.8374558032,-78493,157
1621587055823,1621587055853,30,2,133,10356.9606638801,-7057,296
1621587055913,1621587055973,60,1,43,1561.1590439753,-818,187
1621587056233,1621587056253,20,0,60,3560.11895894647,-2738,288
1621587056303,1621587056333,30,2,98,4409.88724958013,-4792,175
1621587056343,1621587056363,20,0,44,2390.583388383,-1,204
1621587056493,1621587056553,60,2,342,19996.4680695926,-21158,69
1621587056643,1621587056703,60,4,176,5254.12186397861,-10078,268
1621587056733,1621587056753,20,0,34,2922.68414034063,-230,26
1621587056953,1621587056963,10,-1,34,1592.89836145856,-1,-1
1621587057033,1621587057073,40,8,339,16622.2985249516,-20740,18
1621587057313,1621587057323,10,-1,32,2786.30629785698,-1,-1
1621587057333,1621587057402,69,21,491,34559.5802839114,-14675,137
1621587057622,1621587057692,70,10,280,11546.9491295834,-8781,344
1621587057892,1621587057972,80,18,371,13896.6739629311,-11145,178
1621587058092,1621587058152,60,6,197,10270.1246442411,-5983,306
1621587058342,1621587058352,10,-1,45,1867.63939735686,-1,-1
1621587058622,1621587058662,40,4,167,9519.10460915439,-9046,90
1621587058872,1621587058912,40,3,152,8802.10096843483,-7824,178
1621587059411,1621587059481,70,2,47,1065.76387055923,-1240,68
1621587059491,1621587059501,10,-1,33,565.328491220567,-1,-1
1621587059521,1621587059621,100,20,430,15692.3942245419,-14047,336
1621587059801,1621587059821,20,0,54,2848.1033658314,-687,216
1621587059951,1621587059961,10,-1,31,763.756324232176,-1,-1
1621587059971,1621587059991,20,14,1323,67740.9604007354,-1,73
1621587060111,1621587060121,10,-1,71,5988.1671705577,-1,-1
1621587060131,1621587060241,110,4,246,17946.5881097199,-19917,94
1621587060261,1621587060341,80,3,66,2865.43914623519,-1130,283
1621587060411,1621587060441,30,1,67,2084.8862355982,-1895,94
1621587060451,1621587060471,20,0,39,1573.72220073274,-677,146
1621587060491,1621587060501,10,-1,37,1867.61098873432,-1,-1
1621587060521,1621587060551,30,2,123,6236.3875332545,-5942,203
1621587060641,1621587060750,109,5,63,1718.37330495862,-2172,51
1621587060800,1621587060910,110,6,96,4654.44991865722,-2348,291
1621587060970,1621587060980,10,-1,30,2151.69942012133,-1,-1
1621587060990,1621587061000,10,-1,32,330.961041726035,-1,-1
1621587061050,1621587061060,10,-1,31,328.035710297194,-1,-1
1621587061150,1621587061250,100,4,52,1621.5476103175,-1009,275
1621587061390,1621587061410,20,0,40,2651.64608962926,-1,30
1621587061650,1621587061660,10,-1,30,528.188583289268,-1,-1
1621587061690,1621587061710,20,5,510,25525.0919787801,-1,59
1621587061800,1621587061820,20,0,44,-1.0,-1057,254
1621587061830,1621587061850,20,1,115,5670.88160800622,-1,78
1621587061860,1621587061880,20,0,65,2355.29022089218,-1,139
1621587061890,1621587061900,10,-1,68,6403.99859836567,-1,-1
1621587062050,1621587062070,20,0,47,2442.59921402054,-1,184
1621587062319,1621587062419,100,5,117,5537.66539733596,-4242,322
1621587062489,1621587062549,60,3,94,3407.18938137068,-3853,157
1621587062839,1621587062949,110,29,579,35644.9398930729,-24312,136
1621587062969,1621587063029,60,1,88,5822.37324442913,-4161,271
1621587063119,1621587063229,110,11,280,13692.1115536736,-8089,313
1621587063269,1621587063279,10,-1,30,362.059283456648,-1,-1
1621587063319,1621587063479,160,22,616,30797.5339927792,-26907,329
1621587063489,1621587063509,20,0,108,9658.18385808759,-6911,245
1621587063719,1621587063739,20,1,73,3419.56424950378,-1,257
1621587064048,1621587064058,10,-1,57,2938.50006869802,-1,-1
1621587064188,1621587064218,30,3,320,-1.0,-18962,296
1621587064238,1621587064288,50,3,93,4392.13290621881,-5358,119
1621587064328,1621587064368,40,2,147,9409.66136816321,-9928,336
1621587064568,1621587064608,40,7,246,15238.9570946973,-10155,130
1621587064918,1621587065068,150,38,407,20288.9992870133,-14125,164
1621587065328,1621587065348,20,1,189,9200.30858439296,-1,338
1621587065458,1621587065577,119,6,1258,25851.2903111649,-106706,220
1621587065787,1621587065927,140,4,265,19331.6621126734,-13894,185
1621587065967,1621587066017,50,6,292,16751.5715656186,-17021,158
1621587066077,1621587066097,20,0,34,1694.18644384614,-1,237
1621587066247,1621587066317,70,1,279,14395.2726070705,-18486,136
1621587066327,1621587066367,40,4,195,12093.5560170157,-14311,326
1621587066537,1621587066567,30,10,1130,65755.840152386,-1,97
1621587066657,1621587066727,70,5,182,7486.97900897258,-12839,268
1621587067137,1621587067157,20,0,53,3319.18710552222,-1,219
1621587067356,1621587067366,10,-1,34,1733.54868945723,-1,-1
1621587067476,1621587067496,20,0,37,555.460033762377,-1,293
1621587067536,1621587067566,30,1,88,4363.26426877223,-4465,13
1621587067676,1621587067736,60,2,93,5437.86184362591,-4789,241
1621587067976,1621587068016,40,4,158,8368.97754459749,-6432,0
1621587068166,1621587068196,30,0,37,888.523222482723,-237,280
1621587068246,1621587068256,10,-1,31,2056.77853139135,-1,-1
1621587068466,1621587068526,60,5,201,11396.0961877105,-10950,133
1621587068796,1621587068816,20,0,56,1684.55798875184,-1,42
1621587068845,1621587068855,10,-1,43,1759.13522690036,-1,-1
1621587068865,1621587068885,20,2,270,14195.6734427019,-1,107
1621587068995,1621587069055,60,2,252,3333.43252226621,-16849,306
1621587069165,1621587069185,20,0,47,2348.23083372459,-1661,302
1621587069385,1621587069415,30,1,56,3501.87862063004,-2145,296
1621587069605,1621587069645,40,7,232,12731.7451748392,-14985,133
1621587069665,1621587069715,50,6,241,13945.9440149588,-10932,314
1621587069795,1621587069825,30,2,120,7468.94972724453,-2618,101
1621587069905,1621587070025,120,5,169,9274.64281393847,-9008,295
1621587070105,1621587070185,80,2,148,9396.52690611273,-10570,74
1621587070285,1621587070305,20,0,33,2176.03252539313,-147,264
1621587070325,1621587070355,30,1,72,3875.82754061052,-4063,237
1621587070385,1621587070455,70,4,200,10940.1608543855,-10935,78
1621587070554,1621587070624,70,3,129,8225.35555892509,-7280,60
1621587070764,1621587070804,40,8,385,15539.5716428158,-1,161
1621587071884,1621587071984,100,14,495,19407.121219901,-22958,302
1621587072034,1621587072083,49,4,144,4839.97912761013,-6188,293
1621587072113,1621587072153,39,0,102,9423.15817485264,-3119,122
1621587072243,1621587072343,100,24,487,15719.4143100627,-19448,148
1621587072653,1621587072683,30,2,133,9693.57408333666,-8310,107
1621587072713,1621587072733,20,0,58,3314.15580812429,-2838,65
1621587072823,1621587072833,10,-1,54,2992.16338513429,-1,-1
1621587072903,1621587072913,10,-1,34,1145.09438449315,-1,-1
1621587072923,1621587073003,80,12,239,8193.00387213573,-8899,299
1621587073063,1621587073083,20,0,56,4592.02042078168,-1114,282
1621587073143,1621587073233,90,20,396,12518.8555592398,-13295,183
1621587073463,1621587073483,20,1,249,13500.6949145594,-1,27
1621587073603,1621587073732,129,10,569,43597.3867984317,-37006,253
1621587073852,1621587073912,60,2,122,7672.61942247897,-2845,324
1621587073922,1621587073942,20,0,41,1172.97868702628,-1,94
1621587073992,1621587074112,120,5,612,51095.12052375,-37370,151
1621587074122,1621587074202,80,3,221,15569.8072645353,-17313,321
1621587074252,1621587074292,40,0,78,6596.08298913272,-3848,51
1621587074442,1621587074492,50,3,104,5400.44446461712,-4264,74
1621587074732,1621587074752,20,0,42,3308.31206826885,-1106,300
1621587074762,1621587074792,30,1,55,2400.19473114837,-2472,267
1621587075032,1621587075042,10,-1,40,1126.7103993257,-1,-1
1621587075072,1621587075092,20,0,41,2167.14960311567,-1,90
1621587075172,1621587075212,40,0,171,13132.9511565834,-58,95
1621587075361,1621587075381,20,1,80,-1.0,-2978,357
1621587075551,1621587075571,20,1,70,2714.70603853627,-1,119
1621587075761,1621587075811,50,4,173,-1.0,-5213,303
1621587075991,1621587076181,190,6,380,5992.96003971741,-13800,198
1621587076211,1621587076241,30,0,55,2862.60573866937,-1037,233
1621587076251,1621587076281,30,2,105,5299.3776570798,-5403,267
1621587076301,1621587076421,120,2,142,7762.20445832137,-6131,253
1621587076431,1621587076471,40,3,159,12230.4402168259,-6594,270
1621587076481,1621587076581,100,2,64,4169.77010036634,-3034,266
1621587076591,1621587076661,70,10,311,15945.366177396,-11309,306
1621587076731,1621587076741,10,-1,39,2212.87716793561,-1,-1
1621587076831,1621587076921,90,29,491,27017.6983424667,-23371,340
1621587076931,1621587077000,69,3,151,12293.0844905879,-4728,161
1621587077030,1621587077040,10,-1,40,2393.04206337273,-1,-1
1621587077050,1621587077100,50,15,574,40367.3216673215,-15796,116
1621587077110,1621587077210,100,11,440,42935.6678940685,-39068,292
1621587077250,1621587077260,10,-1,34,1962.2177640643,-1,-1
1621587077270,1621587077350,80,0,392,28982.9822335769,-26899,176
1621587077360,1621587077560,200,32,615,30176.5575715688,-23852,141
1621587077710,1621587077760,50,1,127,6563.74218954509,-3060,65
1621587077890,1621587077920,30,4,321,-1.0,-13678,314
1621587077970,1621587078030,60,2,325,22840.9815656773,-23179,241
1621587078080,1621587078090,10,-1,36,1275.98983079314,-1,-1
1621587078160,1621587078220,60,1,76,3767.58438447072,-4035,278
1621587078320,1621587078380,60,2,61,1776.44559138029,-2035,249
1621587078430,1621587078480,50,2,54,1196.93760521904,-1479,115
1621587078540,1621587078560,20,0,44,1670.83713828116,-1402,229
1621587078570,1621587078580,10,-1,43,1525.89788099141,-1,-1
1621587078739,1621587078779,40,1,46,1687.0100324401,-334,282
1621587078799,1621587078819,20,1,84,5759.42794818724,-1313,110
1621587079019,1621587079029,10,-1,33,1220.81967323383,-1,-1
1621587079039,1621587079219,180,32,1217,59149.7417517601,-59205,130
1621587079229,1621587079259,30,1,73,3340.98111435951,-2810,300
1621587079319,1621587079329,10,-1,32,1547.81706054371,-1,-1
1621587079359,1621587079529,170,6,138,8069.42291017759,-8412,282
1621587079539,1621587079579,40,1,130,8392.68115248948,-4791,320
1621587079589,1621587079599,10,-1,127,11088.5823756378,-1,-1
1621587079609,1621587079789,180,14,223,16725.6113816705,-11414,314
1621587079799,1621587079849,50,2,70,3639.74163047417,-2059,280
1621587079869,1621587079949,80,9,233,8846.96632749045,-9994,279
1621587079979,1621587080009,30,1,54,2405.90221354876,-1,264
1621587080069,1621587080119,50,1,59,2591.75702056044,-526,250
1621587080129,1621587080268,139,14,995,48344.1450896767,-3501,152
1621587080358,1621587080428,70,6,556,13809.9416963384,-24518,339
1621587080438,1621587080458,20,1,77,3883.90218108493,-1,317
1621587080488,1621587080558,70,2,357,14132.6755360972,-27897,130
1621587080598,1621587080628,30,2,110,5820.02190099612,-5523,229
1621587080998,1621587081098,100,2,238,14469.9752250717,-13469,55
1621587081178,1621587081228,50,2,66,3795.49224588976,-2299,5
1621587081338,1621587081358,20,0,35,1221.06309481155,-1,53
1621587081548,1621587081568,20,0,41,1435.87771001447,-686,315
1621587081688,1621587081698,10,-1,32,1224.27279873001,-1,-1
1621587081708,1621587081728,20,1,52,1493.27613558979,-1,117
1621587081748,1621587081828,80,4,55,2526.47429890852,-1614,79
1621587081927,1621587081957,30,1,55,1428.77179709884,-1,335
1621587081967,1621587082017,50,16,559,27381.7538995504,-8848,144
1621587082127,1621587082397,270,4,1001,8911.67647743186,-39109,109
1621587082407,1621587082417,10,-1,30,162.86947873993,-1,-1
1621587082437,1621587082517,80,3,51,1285.13080290768,-1029,282
1621587082577,1621587082627,50,2,71,2597.47381494139,-1619,76
1621587082677,1621587082747,70,5,154,8099.73754404908,-4581,223
1621587082827,1621587082847,20,0,38,1264.09927136867,-476,90
1621587082907,1621587082997,90,23,397,14389.5953540428,-16342,299
1621587083027,1621587083047,20,1,99,6633.49060872167,-1,91
1621587083087,1621587083536,449,37,1083,47702.8804115803,-59772,18
1621587083556,1621587083736,180,7,307,26720.0534100458,-11966,154
1621587083856,1621587083876,20,2,245,13884.2862965177,-1,212
1621587083886,1621587083956,70,4,223,20776.7440675595,-15331,319
1621587083966,1621587084016,50,1,90,5036.77351870765,-5849,270
1621587084036,1621587084056,20,2,257,17318.811988386,-1,187
1621587084066,1621587084116,50,3,279,26041.753462283,-10854,21
1621587084166,1621587084246,80,0,205,13490.5381718012,-13585,41
1621587084306,1621587084346,40,2,52,3088.20064749994,-1620,347
1621587084406,1621587084426,20,0,39,2838.83534560409,-346,108
1621587084456,1621587084536,80,4,108,6339.38423247149,-4382,289
1621587084596,1621587084726,130,10,151,7132.08871336834,-6236,54
1621587084746,1621587084756,10,-1,48,2392.99436839196,-1,-1
1621587084806,1621587084816,10,-1,41,1553.68628865141,-1,-1
1621587084836,1621587084866,30,1,50,2410.08801681012,-1920,229
1621587084936,1621587084946,10,-1,30,1389.20629747003,-1,-1
1621587084966,1621587085096,130,39,558,27721.4151725819,-19277,179
1621587085225,1621587085245,20,0,38,622.863383713083,-1,146
1621587085255,1621587085295,40,3,129,7112.89663883402,-6617,290
1621587085415,1621587085505,90,23,382,12391.6322588409,-17015,192
1621587085535,1621587085675,140,9,100,3961.61335613192,-2777,10
1621587085685,1621587086155,470,34,1511,71769.5734344397,-9128,11
1621587086385,1621587086395,10,-1,68,-1.0,-1,-1
1621587086425,1621587086455,30,2,98,5194.79491435027,-2987,281
1621587086475,1621587086505,30,1,48,1167.10392135286,-323,11
1621587086515,1621587086535,20,0,38,1627.94020014576,-701,278
1621587086565,1621587086655,90,19,367,13734.7514866155,-13078,273
1621587086685,1621587087034,349,35,1856,108243.444235624,-99971,323
1621587087044,1621587087104,60,1,194,11162.9402247125,-12919,231
1621587087124,1621587087184,60,19,406,13016.8000418366,-21380,5
1621587087204,1621587087224,20,1,46,2371.56158977915,-1,242
1621587087234,1621587087304,70,8,120,5405.76502277575,-5268,136
1621587087324,1621587087334,10,-1,35,2740.136909171,-1,-1
1621587087344,1621587087374,30,1,72,5194.12875360812,-2364,99
1621587087384,1621587087464,80,29,618,18522.586809042,-6690,168
1621587087564,1621587087744,180,17,601,44694.5396704418,-38026,160
1621587087754,1621587088044,290,8,522,39641.5648174438,-40739,236
1621587088084,1621587088384,300,38,709,46877.9764333706,-57774,30
1621587088413,1621587088443,30,1,71,4533.22880712454,-1308,234
1621587088453,1621587088583,130,6,104,4324.62549270338,-4577,240
1621587088613,1621587088623,10,-1,30,815.929205592935,-1,-1
1621587088653,1621587088693,40,1,69,2805.48985819208,-2582,188
1621587089033,1621587089103,70,1,63,5038.63745730437,-2142,346
1621587089113,1621587089123,10,-1,43,1797.83688167522,-1,-1
1621587089153,1621587089173,20,0,44,2866.2146273793,-640,145
1621587089233,1621587089243,10,-1,30,1931.68717666567,-1,-1
1621587089253,1621587089273,20,0,37,1235.64619195434,-1,322
1621587089373,1621587089393,20,0,87,5639.90363418818,-1,210
1621587089403,1621587089433,30,1,97,8489.08365292738,-3837,70
1621587089663,1621587089693,30,3,146,8191.20137143985,-4978,14
1621587089873,1621587089893,20,0,74,4458.86484244604,-1,228
1621587089903,1621587089913,10,-1,87,6702.35556495011,-1,-1
1621587089933,1621587089953,20,0,60,4755.84978228089,-1058,98
1621587090052,1621587090112,60,0,106,6718.83349319071,-6819,86
1621587090172,1621587090192,20,0,59,5737.00976950657,-1544,295
1621587090212,1621587090232,20,2,120,10136.227486625,-649,56
1621587090252,1621587090272,20,0,49,2061.96943439041,-1722,174
1621587090452,1621587090462,10,-1,31,1119.58379984393,-1,-1
1621587090552,1621587090562,10,-1,30,1699.21133908038,-1,-1
1621587090572,1621587090582,10,-1,42,2147.85200982217,-1,-1
1621587090592,1621587090602,10,-1,72,6011.78624514117,-1,-1
1621587090612,1621587090632,20,0,79,5092.02136385576,-2111,297
1621587090652,1621587090672,20,0,74,4232.47775754815,-1,261
1621587090682,1621587090732,50,1,136,6764.8029241558,-6885,139
1621587090742,1621587090782,40,1,112,7122.57765300622,-6874,42
1621587090852,1621587090892,40,1,45,2259.2310816115,-1437,148
1621587090942,1621587091062,120,2,425,23150.6725712864,-22949,336
1621587091132,1621587091152,20,0,38,501.070333561323,-1,228
1621587091322,1621587091382,60,1,377,21272.1558516669,-22827,272
1621587091462,1621587091502,40,5,244,13597.1230523207,-14479,276
1621587091522,1621587091612,90,7,318,14554.8895511828,-12826,113
1621587091672,1621587091731,59,2,99,7545.47967315895,-3071,98
1621587091751,1621587091761,10,-1,40,3321.72222197844,-1,-1
1621587091791,1621587091811,20,0,52,3884.98960163737,-880,47
1621587091831,1621587091881,50,3,128,10181.7590505013,-5680,74
1621587091891,1621587091901,10,-1,37,1522.41661886297,-1,-1
1621587092021,1621587092071,50,5,302,14872.1251842427,-9186,31
1621587092171,1621587092201,30,22,1345,59137.6441135347,-1,135
