start,end,duration,amplitude,peak_velocity,peak_acceleration,peak_deceleration,direction
1622101950798,1622101950818,20,1,174,12619.5139960807,-1,55
1622101950898,1622101950908,10,-1,67,-1.0,-1,-1
1622101952127,1622101952187,60,14,2400,171195.474374128,-110532,108
1622101952257,1622101952317,60,8,678,13986.2389061945,-55601,295
1622101953207,1622101953287,80,53,1813,87935.1103908316,-100016,141
1622101953347,1622101953397,50,7,670,-1.0,-39307,279
1622101953786,1622101953836,50,8,227,7843.25049265964,-1391,264
1622101954316,1622101954346,30,4,227,-1.0,-9820,41
1622101954516,1622101954706,190,10,1181,78570.6823442915,-98439,115
1622101955405,1622101955425,20,13,1707,92783.2953850607,-1,64
1622101955575,1622101955625,50,10,274,5029.31241137017,-16543,271
1622101955635,1622101955655,20,0,50,2115.8108371833,-1,153
1622101957824,1622101957844,20,1,180,10877.5221283686,-1,106
1622101957974,1622101958054,80,10,496,26823.0180965086,-34704,264
1622101958803,1622101958813,10,-1,32,1777.6049610277,-1,-1
1622101958893,1622101958903,10,-1,45,-1.0,-1,-1
1622101960223,1622101960362,139,8,910,61834.7299654676,-91487,82
1622101960372,1622101960472,100,7,173,7646.67847039568,-7738,267
1622101960542,1622101960552,10,-1,30,-1.0,-1,-1
1622101962591,1622101962601,10,-1,81,5223.43659707453,-1,-1
1622101962711,1622101962731,20,0,73,-1.0,-2468,75
1622101962811,1622101962901,90,1,425,20129.8794424971,-26615,182
1622101962961,1622101962981,20,0,190,-1.0,-14311,270
1622101963011,1622101963031,20,0,37,2187.94978804084,-423,57
1622101963161,1622101963181,20,0,34,1347.32687421847,-9,270
1622101963241,1622101963251,10,-1,54,-1.0,-1,-1
1622101963511,1622101963521,10,-1,30,775.284293426895,-1,-1
1622101963541,1622101963570,29,0,44,993.118827221708,-1285,279
1622101963830,1622101963850,20,1,258,19933.9378897313,-1,84
1622101964000,1622101964050,50,8,452,10697.5384134822,-31086,276
1622101964080,1622101964090,10,-1,32,364.084505093665,-1,-1
1622101964270,1622101964290,20,0,51,2844.71734139164,-315,111
1622101964780,1622101964790,10,-1,66,-1.0,-1,-1
1622101964810,1622101964830,20,0,46,1226.73412093913,-1,285
1622101965329,1622101965359,30,1,93,5299.87571034366,-3943,305
1622101965499,1622101965529,30,1,91,5928.56604603616,-5173,197
1622101965729,1622101965779,50,1,101,7138.65553998552,-2803,32
1622101965799,1622101965809,10,-1,34,2100.07148187766,-1,-1
1622101966779,1622101966789,10,-1,38,1655.7267808862,-1,-1
1622101966918,1622101966938,20,0,34,1864.66716744788,-307,113
1622101967318,1622101967348,30,3,310,15763.5111765618,-1,86
1622101967428,1622101967478,50,6,236,5911.15916818012,-4131,269
1622101967538,1622101967558,20,1,90,1391.10626194717,-1,287
1622101967708,1622101967718,10,-1,40,-1.0,-1,-1
1622101967748,1622101967768,20,0,35,1573.95399027611,-1,135
1622101967828,1622101967848,20,0,60,23.9967035617603,-1,129
1622101967858,1622101967868,10,-1,30,1476.40768331752,-1,-1
1622101968777,1622101968787,10,-1,33,1673.81756676144,-1,-1
1622101968967,1622101968977,10,-1,41,1437.0067673642,-1,-1
1622101969877,1622101970047,170,9,1157,42826.7566245628,-85426,277
1622101970067,1622101970087,20,1,120,7503.64816541096,-1,285
1622101970147,1622101970157,10,-1,33,-1.0,-1,-1
1622101970996,1622101971016,20,0,33,2515.90553336364,-330,122
1622101971985,1622101971995,10,-1,32,802.663525715496,-1,-1
1622101973445,1622101973455,10,-1,59,4181.08238671436,-1,-1
1622101973514,1622101973524,10,-1,40,-1.0,-1,-1
1622101974244,1622101974254,10,-1,40,-1.0,-1,-1
1622101974264,1622101974294,30,13,1098,62513.5680236653,-1,119
1622101974404,1622101974444,40,7,360,9420.77275098315,-1,299
1622101974454,1622101974464,10,-1,283,25951.507195071,-1,-1
1622101974664,1622101974734,70,5,527,45838.0785304784,-42720,255
1622101974804,1622101974814,10,-1,36,2680.95762082025,-1,-1
1622101974954,1622101974964,10,-1,34,745.759596537521,-1,-1
1622101975243,1622101975263,20,0,54,2591.07370677512,-2227,285
1622101975273,1622101975283,10,-1,35,670.908394345692,-1,-1
1622101975953,1622101976083,130,2,313,21515.6074419081,-6069,88
1622101976862,1622101976992,130,20,1759,129490.318344834,-97547,86
1622101977052,1622101977082,30,13,1726,3780.49083966851,-111760,85
1622101977142,1622101977202,60,3,751,67428.6478599622,-24375,42
1622101977272,1622101977332,60,5,318,11413.1521158511,-11843,237
1622101977412,1622101977422,10,-1,46,-1.0,-1,-1
1622101977462,1622101977482,20,0,97,4540.12084019825,-1,40
1622101977542,1622101977662,120,6,84,2289.0862201089,-3597,66
1622101977692,1622101977702,10,-1,45,1949.39082367309,-1,-1
1622101977722,1622101977762,40,1,77,2977.33838606371,-1,28
1622101977822,1622101977902,80,3,92,2957.76305066561,-2693,327
1622101977962,1622101977972,10,-1,52,-1.0,-1,-1
1622101978012,1622101978072,60,6,354,15070.567882704,-94,157
1622101978392,1622101978422,30,13,523,487.026453002875,-29560,236
1622101978432,1622101978452,20,1,83,5417.28597328955,-799,4
1622101978511,1622101978681,170,11,208,9916.28177221097,-10256,28
1622101978691,1622101978701,10,-1,34,1113.46864219469,-1,-1
1622101978711,1622101978731,20,0,41,1621.74654734938,-1,70
1622101978791,1622101978821,30,5,996,73389.1075521339,-1,60
1622101978901,1622101979001,100,5,470,28585.9782817333,-20788,230
1622101979101,1622101979271,170,39,784,38089.0616703601,-48967,84
1622101979361,1622101979421,60,2,253,928.116778742947,-19370,302
1622101979431,1622101979451,20,1,147,7440.27813725383,-1,298
1622101979511,1622101979591,80,29,825,43365.8387295161,-25414,311
1622101979691,1622101979721,30,2,182,-1.0,-6505,294
1622101980001,1622101980041,40,6,303,25161.7207064031,-18852,312
1622101980150,1622101980200,49,6,770,64402.3304934488,-34086,358
1622101980310,1622101980320,10,-1,362,-1.0,-1,-1
1622101980440,1622101980480,40,4,139,274.498151917229,-7748,130
1622101980510,1622101980530,20,1,227,11423.1203914469,-1,312
1622101980660,1622101980690,30,2,124,30.1191138445631,-6746,196
1622101980720,1622101980750,30,7,545,27115.542098879,-1,137
1622101980850,1622101981020,170,2,2843,135859.011221667,-275857,11
1622101981030,1622101981050,20,2,243,21595.9385682525,-65,32
1622101981110,1622101981370,260,53,944,80584.5553433952,-72844,216
1622101981430,1622101981760,330,6,576,45939.2085073128,-21694,153
1622101981799,1622101981819,20,6,507,29990.7205488898,-1,359
1622101981879,1622101981929,50,3,232,14080.8255137768,-2152,162
1622101981939,1622101982039,100,1,126,6173.17900872662,-4731,257
1622101982109,1622101982189,80,18,1329,110532.658693042,-121343,103
1622101982439,1622101982509,70,5,343,5159.7222916091,-23531,195
1622101982589,1622101982629,40,3,368,-1.0,-21549,237
1622101982659,1622101982679,20,1,107,4144.68242235727,-1,200
1622101982899,1622101982929,30,1,71,-1.0,-69,276
1622101982949,1622101983049,100,0,194,10711.1485709803,-10749,57
1622101983059,1622101983079,20,0,53,2656.88854165348,-1,285
1622101983159,1622101983229,70,3,82,2754.36120802989,-1397,133
1622101983289,1622101983309,20,0,207,-1.0,-16372,277
1622101983319,1622101983369,50,3,413,35229.4354950743,-2907,23
1622101983428,1622101983498,69,3,366,32099.2027783815,-21183,104
1622101983558,1622101983628,70,2,430,33978.0801466733,-31859,48
1622101983688,1622101983708,20,0,41,-1.0,-1125,90
1622101983758,1622101983778,20,0,43,2347.05327581059,-1,212
1622101983858,1622101983898,40,1,113,3326.67606404215,-7175,349
1622101983998,1622101984048,50,4,158,6527.79564295893,-5621,290
1622101984058,1622101984068,10,-1,62,4741.66997744135,-1,-1
1622101984128,1622101984198,70,7,468,22060.3763799851,-22737,37
1622101984268,1622101984338,70,4,112,9064.99784456477,-5626,11
1622101984348,1622101984368,20,0,74,4021.62530697644,-1,155
1622101984428,1622101984498,70,3,278,20712.5183729411,-10020,291
1622101984568,1622101984698,130,14,589,24330.6029968783,-29493,31
1622101984708,1622101984788,80,6,743,71795.4587492337,-50680,345
1622101984848,1622101984938,90,5,212,8306.37211026496,-11544,145
1622101985008,1622101985097,89,6,232,8541.9196255009,-8744,223
1622101985117,1622101985157,40,1,59,2637.01017371028,-1804,235
1622101985177,1622101985197,20,0,129,7028.58160939559,-1,218
1622101985257,1622101985267,10,-1,50,-1.0,-1,-1
1622101985277,1622101985287,10,-1,30,707.811302878545,-1,-1
1622101985307,1622101985347,40,1,98,5554.88044699516,-21,153
1622101985407,1622101985437,30,1,85,2359.40169662766,-52,237
1622101985447,1622101985457,10,-1,51,3350.5942297626,-1,-1
1622101985487,1622101985497,10,-1,30,252.398968519805,-1,-1
1622101985507,1622101985527,20,0,68,3903.57051910599,-1656,241
1622101985777,1622101985827,50,1,109,5448.11063718032,-7598,108
1622101985887,1622101985897,10,-1,33,1218.03887956036,-1,-1
1622101986147,1622101986157,10,-1,53,3047.54020395578,-1,-1
1622101986167,1622101986187,20,0,36,1169.33523390224,-103,291
1622101986247,1622101986317,70,6,734,69316.5277458077,-24155,97
1622101986377,1622101986397,20,0,61,-1.0,-2677,296
1622101986836,1622101986846,10,-1,37,1863.62908631817,-1,-1
1622101986956,1622101986966,10,-1,32,-1.0,-1,-1
1622101987256,1622101987266,10,-1,76,-1.0,-1,-1
1622101987516,1622101987566,50,2,104,3657.58946369813,-5563,2
1622101988276,1622101988296,20,0,45,2203.22286325201,-1302,95
1622101988306,1622101988316,10,-1,34,1960.22641882345,-1,-1
1622101988376,1622101988406,30,3,235,-1.0,-10709,18
1622101988445,1622101988555,110,2,81,4108.56640112467,-1880,44
1622101988595,1622101988615,20,2,467,33307.7754820485,-1,73
1622101988725,1622101988845,120,5,220,15655.8537980676,-16153,274
1622101988905,1622101988915,10,-1,74,-1.0,-1,-1
1622101988965,1622101988985,20,0,84,3652.12854086352,-1,352
1622101989045,1622101989065,20,2,381,-1.0,-28886,54
1622101989195,1622101989215,20,0,219,-1.0,-17976,342
1622101989355,1622101989415,60,1,842,2484.1347532274,-80102,216
1622101989425,1622101989445,20,2,238,12721.6444843811,-1,287
1622101989685,1622101989715,30,1,86,5646.18267501456,-3814,6
1622101989855,1622101989865,10,-1,84,6823.40844351503,-1,-1
1622101989925,1622101989965,40,2,407,30607.8887905826,-15749,196
1622101989975,1622101989995,20,0,73,4657.6551163316,-4169,84
1622101990005,1622101990064,59,1,66,4691.07393403035,-2474,139
1622101990124,1622101990144,20,1,192,8450.55348614619,-1,33
1622101990224,1622101990234,10,-1,40,-1.0,-1,-1
1622101990484,1622101990514,30,3,163,7602.48163928714,-7755,128
1622101990534,1622101990574,40,4,564,43268.3212062255,-45132,78
1622101990674,1622101990724,50,0,110,5314.77354572902,-353,231
1622101990834,1622101990864,30,3,332,16989.7782189363,-1,263
1622101990924,1622101990934,10,-1,183,-1.0,-1,-1
1622101990954,1622101990974,20,0,38,2650.33648231297,-1,250
1622101991114,1622101991124,10,-1,34,2735.96749033738,-1,-1
1622101991154,1622101991164,10,-1,40,2029.49028148797,-1,-1
1622101991234,1622101991254,20,0,38,899.829148485953,-669,274
1622101991344,1622101991434,90,16,415,15999.4435869857,-18935,215
1622101991494,1622101991504,10,-1,30,-1.0,-1,-1
1622101991654,1622101991674,20,0,72,3756.76940750433,-1,29
1622101991773,1622101991793,20,2,321,-1.0,-20577,1
1622101991903,1622101991973,70,6,174,7146.36763386434,-7294,52
1622101991983,1622101991993,10,-1,31,327.697478239799,-1,-1
1622101992193,1622101992203,10,-1,81,-1.0,-1,-1
1622101992713,1622101992723,10,-1,34,2093.93138230911,-1,-1
1622101992773,1622101992813,40,6,653,43362.5843201862,-1,190
1622101992873,1622101992883,10,-1,419,-1.0,-1,-1
1622101992893,1622101992943,50,0,1023,81222.2745227401,-94458,0
1622101992983,1622101993003,20,1,62,4204.12853074448,-1,79
1622101993063,1622101993083,20,0,43,2264.48968475858,-1177,48
1622101993133,1622101993193,60,7,194,7278.70696547329,-8360,19
1622101993213,1622101993233,20,0,39,1777.86380805817,-3,352
1622101993323,1622101993352,29,1,82,4093.38095165427,-3371,268
1622101993442,1622101993462,20,0,34,-1.0,-431,288
1622101993732,1622101993762,30,5,251,12799.3822538678,-11854,160
1622101993822,1622101993842,20,2,248,-1.0,-13322,343
1622101993882,1622101993912,30,1,274,20270.8072575527,-11003,321
1622101993982,1622101994062,80,5,356,19491.5265169411,-22291,282
1622101994962,1622101994982,20,0,54,-1.0,-434,52
1622101995091,1622101995121,30,5,281,13784.0789805907,-14903,151
1622101995151,1622101995161,10,-1,32,1679.34856435185,-1,-1
1622101995341,1622101995381,40,5,950,84909.9667399995,-19767,338
1622101995391,1622101995411,20,6,1298,127056.871418642,-99143,306
1622101995591,1622101995631,40,1,66,3573.8235362023,-658,239
1622101995681,1622101995701,20,0,34,1196.35314739408,-112,196
1622101995711,1622101995791,80,6,107,4156.03704363041,-3459,245
1622101995801,1622101995851,50,1,50,1641.11862861857,-774,191
1622101995911,1622101995921,10,-1,33,-1.0,-1,-1
1622101996081,1622101996101,20,0,767,71904.1397233894,-1,129
1622101996181,1622101996231,50,2,61,653.349314308836,-834,17
1622101996291,1622101996301,10,-1,31,-1.0,-1,-1
1622101996331,1622101996401,70,7,291,18342.8260251688,-19459,70
1622101996461,1622101996471,10,-1,128,-1.0,-1,-1
1622101996481,1622101996531,50,2,126,4836.27852786652,-6161,355
1622101996790,1622101996800,10,-1,51,2882.05751680088,-1,-1
1622101996920,1622101996930,10,-1,33,1805.58779047307,-1,-1
1622101996940,1622101996970,30,5,704,43502.9008954795,-1,31
1622101997030,1622101997040,10,-1,96,-1.0,-1,-1
1622101997160,1622101997220,60,4,118,3502.94832085436,-4580,150
1622101997350,1622101997370,20,0,375,33158.503947168,-1,167
1622101997430,1622101997450,20,1,560,-1.0,-46691,168
1622101997460,1622101997470,10,-1,37,1943.64397945402,-1,-1
1622101997480,1622101997570,90,0,745,73708.0125060545,-69354,47
1622101997600,1622101997610,10,-1,37,1089.28142357434,-1,-1
1622101997750,1622101997770,20,3,328,19334.9732367862,-1,293
1622101997830,1622101997870,40,2,221,5996.26249214987,-1,224
1622101997900,1622101997920,20,0,78,4390.95195255153,-1,284
1622101997980,1622101998020,40,3,171,12980.314125327,-1474,313
1622101998030,1622101998050,20,0,68,6273.08234189677,-3686,99
1622101998130,1622101998150,20,0,47,-1.0,-2,324
1622101998200,1622101998210,10,-1,53,4235.01853151302,-1,-1
1622101998339,1622101998369,29,17,967,22166.4416164276,-1,211
1622101998429,1622101998449,20,0,119,-1.0,-7454,50
1622101998459,1622101998479,20,1,128,6514.41924689317,-1,323
1622101998559,1622101998609,50,2,84,3639.19385971073,-2949,63
1622101998619,1622101998709,90,12,219,9623.71274820815,-9806,198
1622101998719,1622101998749,30,1,86,4930.36490134581,-3679,227
1622101998759,1622101998779,20,0,63,2201.38481038155,-1,189
1622101998849,1622101998859,10,-1,32,906.067204027955,-1,-1
1622101998869,1622101998889,20,1,124,6507.86572755425,-1,86
1622101998899,1622101998909,10,-1,52,2829.84861209918,-1,-1
1622101999279,1622101999289,10,-1,30,-1.0,-1,-1
1622101999329,1622101999389,60,20,666,38933.6189517729,-13379,355
1622101999569,1622101999609,40,2,74,4287.29621923405,-1,155
1622101999699,1622101999719,20,0,76,460.11852097073,-1,55
1622101999729,1622101999749,20,0,68,4919.88105234661,-1,205
1622101999819,1622101999899,80,28,840,18855.8087307266,-33256,169
1622101999959,1622102000068,109,4,81,2550.69309303214,-4570,7
1622102000128,1622102000328,200,6,148,7732.98477071732,-9338,0
1622102000388,1622102000398,10,-1,330,-1.0,-1,-1
1622102000408,1622102000418,10,-1,271,24732.7868839998,-1,-1
1622102000678,1622102000868,190,5,304,21871.5620447556,-19560,166
1622102000928,1622102000998,70,2,95,5559.65021991972,-1873,177
1622102001008,1622102001018,10,-1,38,1615.96769850174,-1,-1
1622102001088,1622102001098,10,-1,113,9493.28606423814,-1,-1
1622102001108,1622102001118,10,-1,144,12209.4152930223,-1,-1
1622102001258,1622102001298,40,2,142,5860.73717739543,-4595,304
1622102001358,1622102001388,30,2,432,25491.2132966214,-30279,47
1622102002257,1622102002347,90,30,1906,181319.704001925,-174069,99
1622102002687,1622102002747,60,20,995,47315.8512701221,-49268,281
1622102003037,1622102003057,20,0,165,-1.0,-10658,104
1622102003087,1622102003117,30,2,93,5266.8731445685,-1,58
1622102003267,1622102003296,29,3,208,-1.0,-6658,26
1622102003306,1622102003426,120,1,277,14293.7395548901,-19422,79
1622102003446,1622102003576,130,0,377,14777.6818404868,-15842,305
1622102003586,1622102003596,10,-1,60,4978.79802537793,-1,-1
1622102003656,1622102003736,80,1,146,5259.52987966086,-10995,242
1622102003956,1622102004006,50,7,337,8201.86863039432,-13992,344
1622102004106,1622102004136,30,3,167,12773.7128530193,-12764,76
1622102004246,1622102004256,10,-1,45,-1.0,-1,-1
1622102004276,1622102004316,40,9,666,41847.8228541621,-48598,166
1622102004626,1622102004646,20,0,33,2392.8774828214,-160,90
1622102004736,1622102004746,10,-1,45,3783.93933289644,-1,-1
1622102004826,1622102004866,40,1,63,1069.2515135943,-3251,326
1622102004926,1622102004936,10,-1,41,-1.0,-1,-1
1622102004985,1622102005045,60,5,208,7351.734805027,-806,135
1622102005105,1622102005115,10,-1,77,-1.0,-1,-1
1622102005425,1622102005445,20,1,172,8034.62859921306,-1,338
1622102005575,1622102005595,20,0,100,5471.08402053107,-1,57
1622102005715,1622102005825,110,9,600,23928.7968906433,-50061,266
1622102005925,1622102005955,30,3,157,4899.86739995018,-5964,44
1622102006055,1622102006065,10,-1,43,3015.57169514503,-1,-1
1622102006275,1622102006345,70,9,272,13828.5502965237,-11769,35
1622102006535,1622102006585,50,4,163,9623.17030375647,-5796,172
1622102006754,1622102006804,50,3,140,8510.03286786292,-8063,322
1622102007234,1622102007244,10,-1,79,5646.7857373768,-1,-1
1622102007254,1622102007284,30,0,89,5657.97767270809,-3350,231
1622102007474,1622102007484,10,-1,34,1520.10032826902,-1,-1
1622102007524,1622102007534,10,-1,38,1000.73609535747,-1,-1
1622102007834,1622102007844,10,-1,80,7714.21946609037,-1,-1
1622102007954,1622102008044,90,10,418,19282.2301338808,-29949,264
1622102008214,1622102008234,20,0,128,-1.0,-7798,143
1622102008393,1622102008403,10,-1,81,7202.26965552412,-1,-1
1622102008573,1622102008653,80,6,155,6671.73420613582,-7128,324
1622102009073,1622102009083,10,-1,57,3126.5347774042,-1,-1
1622102009623,1622102009683,60,7,271,10902.1979329247,-19287,161
1622102009763,1622102009773,10,-1,46,-1.0,-1,-1
1622102009793,1622102009813,20,2,459,32563.3178445499,-1,73
1622102009883,1622102009962,79,10,483,3494.06265573445,-38639,268
1622102010022,1622102010032,10,-1,40,-1.0,-1,-1
1622102010192,1622102010242,50,7,237,8443.66640221758,-14875,324
1622102010592,1622102010612,20,1,170,11074.1557143072,-1,233
1622102010722,1622102010742,20,0,72,-1.0,-3793,192
1622102010832,1622102010852,20,1,185,10240.5987577086,-1,299
1622102011012,1622102011052,40,25,849,2150.02034558897,-42237,306
1622102011132,1622102011162,30,2,181,7886.34300799438,-1,146
1622102011512,1622102011532,20,0,49,-1.0,-44,294
1622102011611,1622102011621,10,-1,210,-1.0,-1,-1
1622102011721,1622102011761,40,1,86,4679.4646066938,-2989,3
1622102011821,1622102011831,10,-1,34,-1.0,-1,-1
1622102012181,1622102012201,20,1,161,10263.4252939813,-1,316
1622102012291,1622102012331,40,0,80,187.068347868474,-4680,127
1622102012341,1622102012351,10,-1,48,2066.71048641027,-1,-1
1622102012361,1622102012411,50,7,303,12518.8370681357,-1,116
1622102012521,1622102012551,30,0,275,2334.06905655904,-24468,22
1622102012571,1622102012581,10,-1,60,3764.87487342524,-1,-1
1622102012711,1622102012721,10,-1,34,-1.0,-1,-1
1622102012831,1622102012841,10,-1,39,-1.0,-1,-1
1622102012851,1622102012861,10,-1,31,2725.26770352062,-1,-1
1622102013171,1622102013201,30,3,163,7762.08361523205,-8183,152
1622102014090,1622102014130,40,4,209,8933.92560427944,-8442,6
1622102014510,1622102014580,70,3,462,18348.624723613,-12095,4
1622102014640,1622102014650,10,-1,130,-1.0,-1,-1
1622102014670,1622102014730,60,3,145,7259.16774203223,-10332,57
1622102014810,1622102014830,20,0,82,-1.0,-2924,69
1622102014860,1622102014880,20,5,856,54463.0085870876,-1,231
1622102014939,1622102014959,20,0,101,-1.0,-5318,295
1622102014979,1622102015099,120,5,92,2906.51778763917,-1998,354
1622102015129,1622102015239,110,3,188,14341.9616483061,-8353,31
1622102015269,1622102015279,10,-1,52,3765.9233115373,-1,-1
1622102015339,1622102015349,10,-1,30,-1.0,-1,-1
1622102015409,1622102015449,40,0,70,3806.72073694979,-2745,50
1622102015459,1622102015489,30,1,253,16219.0424159416,-1,83
1622102015609,1622102015669,60,4,244,6002.60107012783,-15902,282
1622102015779,1622102015799,20,0,66,-1.0,-3171,307
1622102015829,1622102015889,60,18,542,23006.5523305653,-21400,107
1622102016039,1622102016119,80,6,285,7346.21884554908,-13155,275
1622102016209,1622102016219,10,-1,63,-1.0,-1,-1
1622102016259,1622102016269,10,-1,31,2822.61899472187,-1,-1
1622102016289,1622102016399,110,9,214,12168.5050033292,-13733,281
1622102016608,1622102016688,80,0,300,23198.3750841078,-18634,212
1622102016718,1622102016748,30,1,79,3870.12634350885,-3716,196
1622102016838,1622102016978,140,2,610,32830.0054753405,-55162,336
1622102016988,1622102017098,110,21,1453,88634.1496922676,-8928,83
1622102017178,1622102017308,130,1,386,34408.6748796433,-31520,337
1622102017478,1622102017588,110,5,519,24349.9128567229,-41482,9
1622102017658,1622102017668,10,-1,333,-1.0,-1,-1
1622102017728,1622102017788,60,5,212,8808.41179059998,-5997,211
1622102017888,1622102017948,60,2,338,6510.16820584943,-23629,212
1622102018008,1622102018088,80,2,398,28861.45082155,-24102,143
1622102018158,1622102018178,20,1,126,68.3442878345602,-1,87
1622102018188,1622102018197,9,-1,180,16991.6738842282,-1,-1
1622102018257,1622102018267,10,-1,483,-1.0,-1,-1
1622102018287,1622102018347,60,1,492,45213.8965307767,-35288,46
1622102018447,1622102018467,20,0,63,2707.92148304781,-1,15
1622102018477,1622102018497,20,2,179,11409.014247598,-1,194
1622102018557,1622102018587,30,1,721,-1.0,-66022,221
1622102018617,1622102018627,10,-1,33,786.146608227303,-1,-1
1622102018797,1622102018847,50,7,234,17157.8264322496,-6770,300
1622102018857,1622102018917,60,4,284,17489.429928026,-15605,259
1622102018997,1622102019017,20,3,407,-1.0,-23035,142
1622102019027,1622102019177,150,18,836,30512.9586011381,-2999,296
1622102019447,1622102019517,70,3,938,6897.94470833083,-67340,4
1622102019707,1622102019737,30,3,310,14140.8367894861,-9584,139
1622102019846,1622102019876,30,7,399,-1.0,-7758,258
1622102019966,1622102020156,190,11,355,18034.6695469059,-19561,11
1622102020276,1622102020326,50,4,125,5919.55394070264,-4026,166
1622102020356,1622102020386,30,7,339,16889.9067563271,-10379,124
1622102020506,1622102020586,80,6,213,9389.0044058337,-8040,102
1622102020646,1622102020656,10,-1,383,-1.0,-1,-1
1622102020806,1622102020816,10,-1,425,-1.0,-1,-1
1622102021046,1622102021146,100,13,547,5609.20840444765,-44224,351
1622102021206,1622102021286,80,4,91,3822.94617202593,-5700,338
1622102021326,1622102021406,80,8,202,6310.07696607611,-2119,187
1622102021625,1622102021685,60,9,607,48318.9579925667,-4357,70
1622102021775,1622102021885,110,16,350,4498.75057591379,-16111,197
1622102021945,1622102022145,200,31,398,15389.9947164017,-17018,309
1622102022205,1622102022215,10,-1,52,-1.0,-1,-1
1622102022235,1622102022255,20,0,39,1835.778697044,-495,124
1622102022395,1622102022415,20,3,450,30848.1022431714,-1,162
1622102022475,1622102022505,30,2,203,63.7155178570893,-9406,122
1622102022515,1622102022565,50,4,456,31973.5757998818,-37150,50
1622102022625,1622102022715,90,14,300,14404.0845661383,-19933,65
1622102022775,1622102022785,10,-1,98,-1.0,-1,-1
1622102022795,1622102022865,70,10,227,7877.71210007907,-240,284
1622102022925,1622102022965,40,9,594,28581.3447604463,-8574,200
1622102023204,1622102023394,190,13,813,31750.5990876405,-61864,305
1622102023474,1622102023694,220,6,1116,81992.4054787447,-34560,139
1622102023774,1622102023784,10,-1,332,-1.0,-1,-1
1622102023794,1622102023924,130,13,222,11533.1000679361,-8676,309
1622102023944,1622102024004,60,4,158,5283.21104989154,-3818,333
1622102024064,1622102024224,160,9,174,14218.9673366638,-9792,107
1622102024234,1622102024254,20,1,105,9179.25984761363,-2758,252
1622102024404,1622102024414,10,-1,35,1936.38423267604,-1,-1
1622102024474,1622102024484,10,-1,34,-1.0,-1,-1
1622102024644,1622102024853,209,37,583,56930.0038180621,-38512,23
1622102024883,1622102024983,100,4,284,15087.7393139713,-12272,105
1622102025103,1622102025143,40,6,662,-1.0,-43925,325
1622102025153,1622102025253,100,16,241,10042.2842909949,-4271,198
1622102025313,1622102025393,80,8,553,37444.6724455205,-37308,180
1622102025483,1622102025493,10,-1,113,10034.431051798,-1,-1
1622102025503,1622102025613,110,5,483,33017.0234488769,-15848,146
1622102025743,1622102025833,90,4,669,61141.9269178039,-52242,150
1622102025943,1622102025963,20,0,53,2693.45288287253,-1,270
1622102026023,1622102026053,30,1,78,4081.95794414877,-2884,334
1622102026193,1622102026243,50,1,99,6866.12799648295,-980,79
1622102026323,1622102026343,20,0,102,-1.0,-5731,176
1622102026383,1622102026393,10,-1,38,1893.56897039333,-1,-1
1622102026562,1622102026632,70,1,110,5505.68873617565,-3563,162
1622102026742,1622102026752,10,-1,58,-1.0,-1,-1
1622102026802,1622102026812,10,-1,38,2277.71078341491,-1,-1
1622102026852,1622102026872,20,2,1236,113544.771378427,-1,107
1622102027022,1622102027072,50,4,448,8787.83806817508,-32846,331
1622102027082,1622102027112,30,2,234,13702.581794552,-1,157
1622102027172,1622102027192,20,1,112,-1.0,-3990,109
1622102027222,1622102027232,10,-1,66,4581.30912343925,-1,-1
1622102027242,1622102027252,10,-1,90,6372.3444755126,-1,-1
1622102027592,1622102027602,10,-1,34,2266.01677101524,-1,-1
1622102027942,1622102027952,10,-1,83,-1.0,-1,-1
1622102027962,1622102028122,160,9,1239,41713.0695543679,-68261,24
1622102028131,1622102028151,19,0,63,2046.91288072978,-1,24
1622102028211,1622102028221,10,-1,61,-1.0,-1,-1
1622102028231,1622102028251,20,1,91,4859.44091461231,-1,293
1622102028311,1622102028351,40,1,76,1036.76020523497,-159,177
1622102028361,1622102028491,130,8,165,11015.9670836528,-10861,279
1622102028501,1622102028561,60,3,72,2503.70864584969,-2361,270
1622102028621,1622102028661,40,5,202,10104.7794335991,-9067,329
1622102028671,1622102028681,10,-1,39,2304.61916203611,-1,-1
1622102028741,1622102028751,10,-1,380,-1.0,-1,-1
1622102028761,1622102028821,60,6,426,37261.5588805074,-27890,88
1622102028911,1622102028951,40,4,306,23544.3715452329,-8869,281
1622102028961,1622102029011,50,2,58,2893.75228141558,-2766,105
1622102029021,1622102029031,10,-1,35,856.301441921484,-1,-1
1622102029041,1622102029061,20,0,58,2617.2222339877,-1,84
1622102029161,1622102029231,70,4,178,6041.83225229861,-1162,264
1622102029291,1622102029361,70,7,218,13132.5063780273,-8481,275
1622102029900,1622102030080,180,33,565,18786.5655124386,-25840,76
1622102030140,1622102030230,90,2,376,27737.1180475337,-24925,115
1622102030260,1622102030310,50,1,247,19350.7328484158,-13820,213
1622102030320,1622102030350,30,3,197,17194.7374112469,-8706,24
1622102030410,1622102030520,110,12,541,34118.2153365823,-25646,257
1622102030580,1622102030610,30,1,79,2189.76595839548,-1344,285
1622102030650,1622102030670,20,0,111,7621.55262672823,-1,201
1622102030730,1622102030760,30,4,443,-1.0,-22200,229
1622102030890,1622102030970,80,4,124,1467.12497227942,-5026,86
1622102031010,1622102031020,10,-1,40,1968.79359211724,-1,-1
1622102031150,1622102031160,10,-1,34,904.723455769089,-1,-1
1622102031240,1622102031330,90,11,292,4987.02629771912,-12930,120
1622102031390,1622102031459,69,4,154,11886.7340479905,-7282,92
1622102031539,1622102031619,80,6,160,6092.41688848477,-6272,280
1622102031719,1622102031849,130,15,590,6219.08744364634,-29038,289
1622102031859,1622102031899,40,1,356,31107.6682577135,-2287,90
1622102031959,1622102031979,20,3,337,-1.0,-17521,113
1622102031989,1622102032319,330,20,810,34150.1910567425,-47478,184
1622102032349,1622102032379,30,2,130,6271.03006362715,-7371,255
1622102032399,1622102032549,150,22,978,45193.8739529612,-65043,59
1622102032569,1622102032599,30,3,155,6553.16071349603,-8884,219
1622102032689,1622102032699,10,-1,33,2168.92818523862,-1,-1
1622102032709,1622102032749,40,1,93,4600.78102995442,-1488,236
1622102032809,1622102032899,90,11,883,50242.1975736745,-2741,292
1622102032959,1622102032989,30,4,198,3492.03451523413,-9042,283
1622102032999,1622102033049,50,2,56,2611.651294805,-972,120
1622102033078,1622102033148,70,2,397,19433.3909810191,-1316,335
1622102033208,1622102033278,70,3,105,2785.06234473942,-6735,112
1622102033358,1622102033368,10,-1,30,296.902480858608,-1,-1
1622102033418,1622102033478,60,9,431,22143.1850357735,-19416,320
1622102033528,1622102033578,50,4,98,4245.99758169444,-1684,126
1622102033638,1622102033678,40,6,702,28072.0896961468,-14971,82
1622102033788,1622102033808,20,1,280,-1.0,-18231,171
1622102033848,1622102033868,20,0,101,5702.73102085021,-1,97
1622102033928,1622102033988,60,9,554,42825.7409903203,-1673,317
1622102034088,1622102034098,10,-1,124,-1.0,-1,-1
1622102034108,1622102034118,10,-1,67,4365.06271903987,-1,-1
1622102034128,1622102034148,20,2,191,16210.3931609654,-4602,115
1622102034158,1622102034178,20,0,51,2213.98931409405,-1,193
1622102034188,1622102034248,60,10,308,17973.005149405,-1576,19
1622102034378,1622102034398,20,0,71,-1.0,-2142,339
1622102034408,1622102034448,40,5,240,16364.1407016933,-20072,209
1622102034508,1622102034598,90,0,307,12060.834440729,-23448,166
1622102034688,1622102034698,10,-1,287,-1.0,-1,-1
1622102034708,1622102034717,9,-1,109,9527.90094087801,-1,-1
1622102034777,1622102034807,30,1,73,3107.60056790169,-1823,93
1622102034827,1622102034897,70,0,69,3972.80740742147,-3217,268
1622102034907,1622102034987,80,14,430,24826.6504334658,-23292,236
1622102035227,1622102035277,50,0,82,1492.60584565141,-3037,29
1622102035297,1622102035317,20,0,58,3630.58024283958,-1,263
1622102035417,1622102035437,20,3,357,20513.5372458347,-1,114
1622102035497,1622102035517,20,0,76,-1.0,-4390,246
1622102035537,1622102035567,30,4,216,10118.6621026718,-24,288
1622102035737,1622102035767,30,5,256,12995.6580861164,-435,74
1622102036067,1622102036117,50,10,612,24052.4673709204,-21436,277
1622102036197,1622102036307,110,3,136,4081.89592974917,-5061,206
1622102036197,1622102036307,110,3,136,4081.89592974917,-5061,206
1622102036337,1622102036347,10,-1,43,2457.89974055377,-1,-1
1622102036357,1622102036367,10,-1,77,5704.58952399834,-1,-1
1622102036396,1622102036416,20,0,159,10883.6336385889,-1,49
1622102036476,1622102036526,50,13,535,37409.3644237162,-31003,223
1622102036566,1622102036616,50,1,56,1963.88479945216,-1685,32
1622102036636,1622102036646,10,-1,39,1507.9617046043,-1,-1
1622102036656,1622102036676,20,0,81,4432.31601885743,-1,90
1622102036756,1622102036806,50,5,950,43534.3761912093,-16139,144
1622102036826,1622102036836,10,-1,41,1445.77483257595,-1,-1
1622102036966,1622102037076,110,11,222,8753.78472136028,-7518,270
1622102037156,1622102037236,80,9,364,6901.75959513404,-18769,267
1622102037296,1622102037306,10,-1,41,-1.0,-1,-1
1622102037326,1622102037346,20,0,44,1728.40197217733,-397,0
1622102037496,1622102037516,20,1,276,-1.0,-3715,357
1622102037746,1622102037776,30,2,101,4883.54142109318,-4537,168
1622102037786,1622102037796,10,-1,51,3042.68247137382,-1,-1
1622102037876,1622102037886,10,-1,72,-1.0,-1,-1
1622102037946,1622102037976,30,3,161,8944.71188932379,-6940,7
1622102038035,1622102038055,20,0,50,2180.10545712842,-718,138
1622102038155,1622102038165,10,-1,106,-1.0,-1,-1
1622102038225,1622102038235,10,-1,36,-1.0,-1,-1
1622102038295,1622102038375,80,6,125,3402.31368472185,-6373,340
1622102038595,1622102038665,70,4,512,30137.6886042566,-39278,188
1622102038725,1622102038795,70,10,201,5055.0799839354,-933,10
1622102038875,1622102038915,40,2,78,839.448546502433,-3725,60
1622102038925,1622102038945,20,1,233,14394.8530883965,-1,11
1622102039075,1622102039085,10,-1,307,-1.0,-1,-1
1622102039145,1622102039245,100,12,313,7052.43279799961,-11507,176
1622102039305,1622102039325,20,0,91,-1.0,-5518,11
1622102039335,1622102039345,10,-1,52,2650.23030768175,-1,-1
1622102039375,1622102039405,30,1,72,3837.32763899689,-666,234
1622102039445,1622102039455,10,-1,35,777.595043679221,-1,-1
1622102039515,1622102039535,20,0,93,5599.17027754443,-1,172
1622102039595,1622102039675,80,34,768,28097.3048252105,-25729,331
1622102039744,1622102039794,50,5,308,5817.66022770921,-16579,224
1622102039854,1622102039914,60,2,60,1629.54643615094,-2351,185
1622102039934,1622102039944,10,-1,50,4039.71213716498,-1,-1
1622102039954,1622102039964,10,-1,57,2825.88715088496,-1,-1
1622102040024,1622102040044,20,0,30,-1.0,-6,338
1622102040144,1622102040154,10,-1,44,3097.81763833227,-1,-1
1622102040194,1622102040204,10,-1,40,2500.2144485619,-1,-1
1622102040314,1622102040334,20,0,44,2834.91934515045,-1,35
1622102040414,1622102040464,50,4,124,3453.0154745036,-3235,279
1622102040474,1622102040494,20,0,57,3191.61505359842,-1,310
1622102040934,1622102040954,20,0,73,4365.5038338178,-1,180
1622102041034,1622102041064,30,4,374,17190.1976690067,-1,88
1622102041144,1622102041214,70,16,2250,85500.3328099769,-164655,319
1622102041503,1622102041523,20,0,39,2981.55819588612,-1,188
1622102041623,1622102041633,10,-1,32,2563.01105966112,-1,-1
1622102042013,1622102042023,10,-1,74,-1.0,-1,-1
1622102042133,1622102042153,20,3,362,-1.0,-18914,302
1622102042163,1622102042203,40,4,196,12408.3808521538,-6645,263
1622102042453,1622102042513,60,3,194,11304.3834427587,-9046,158
1622102042523,1622102042533,10,-1,57,4276.66011263654,-1,-1
1622102042813,1622102042863,50,1,43,2085.8774052625,-725,75
1622102042873,1622102042883,10,-1,128,11294.7948957556,-1,-1
1622102043042,1622102043162,120,10,394,14740.7653007701,-29204,242
1622102043172,1622102043212,40,1,63,3890.25031054733,-2457,52
1622102043272,1622102043302,30,1,224,15463.6991732869,-8453,17
1622102043362,1622102043412,50,18,914,-1.0,-49750,151
1622102043422,1622102043432,10,-1,97,7089.46839801939,-1,-1
1622102043492,1622102043532,40,1,50,82.6759688537784,-750,320
1622102043552,1622102043612,60,2,52,1449.13078479022,-1873,349
1622102043652,1622102043842,190,38,1186,49273.4773375427,-47632,335
1622102043922,1622102043982,60,3,79,1936.97290974088,-1357,170
1622102043992,1622102044012,20,15,1911,117927.195131093,-1,119
1622102044092,1622102044152,60,12,597,28288.7767900952,-21165,289
1622102044212,1622102044312,100,5,81,2569.35880303141,-2880,256
1622102044622,1622102044671,49,2,98,2384.2123847427,-4187,47
1622102044681,1622102044821,140,9,225,11392.4134249682,-3882,46
1622102045041,1622102045061,20,9,1282,-1.0,-84449,128
1622102045071,1622102045131,60,6,411,19603.6293395758,-24846,289
1622102045191,1622102045211,20,1,134,-1.0,-4106,352
1622102045231,1622102045261,30,1,191,10125.2942883311,-1,238
1622102045321,1622102045351,30,5,836,-1.0,-57242,68
1622102045451,1622102045531,80,12,605,19218.0853480582,-16677,319
1622102045611,1622102045701,90,11,292,10779.1715482946,-15048,171
1622102045761,1622102045811,50,4,111,19.1599886632332,-547,149
1622102045911,1622102045921,10,-1,101,9287.73210858898,-1,-1
1622102045931,1622102045941,10,-1,84,5928.83779424491,-1,-1
1622102045971,1622102045981,10,-1,444,41681.4185606591,-1,-1
1622102046041,1622102046261,220,3,413,17502.7729038149,-35438,7
1622102046320,1622102046380,60,11,584,-1.0,-28691,61
1622102046600,1622102046680,80,16,430,20488.0522745034,-31962,163
1622102046740,1622102046780,40,3,174,6367.04042953136,-1,21
1622102046890,1622102047100,210,18,342,19212.9661237859,-18320,308
1622102047180,1622102047220,40,3,201,486.653558627882,-10572,158
1622102047330,1622102047380,50,15,591,-1.0,-12885,317
1622102047460,1622102047500,40,3,202,12733.9982157377,-11629,188
1622102047520,1622102047530,10,-1,173,15282.7065648901,-1,-1
1622102047590,1622102047610,20,0,91,-1.0,-5690,259
1622102047670,1622102047680,10,-1,42,1424.81228256463,-1,-1
1622102047790,1622102047830,40,1,84,3390.96161652935,-23,292
1622102047910,1622102047930,20,0,61,-1.0,-2001,287
1622102047940,1622102047979,39,2,98,4228.31264519273,-1,80
1622102048039,1622102048049,10,-1,47,-1.0,-1,-1
1622102048069,1622102048129,60,8,239,10506.9367779443,-8959,307
1622102048189,1622102048269,80,3,2626,8145.5023650737,-256087,61
1622102048329,1622102048399,70,2,1168,90489.5078193269,-5012,143
1622102048489,1622102048509,20,2,122,4933.55102677886,-1,326
1622102048519,1622102048549,30,0,130,9731.82449796508,-5662,100
1622102048559,1622102048609,50,12,595,28206.684998821,-1,167
1622102048799,1622102048869,70,28,670,2665.14107951151,-16665,143
1622102048929,1622102048999,70,13,293,15368.7150809675,-9910,320
1622102049059,1622102049149,90,7,266,11440.3239276848,-6545,299
1622102049309,1622102049319,10,-1,96,7852.90794481353,-1,-1
1622102049459,1622102049539,80,6,254,18981.293050923,-6582,282
1622102049638,1622102049728,90,8,302,8478.33088903855,-14133,220
1622102049808,1622102049958,150,9,204,8798.45527537485,-8244,32
1622102049998,1622102050018,20,1,147,6743.04124915354,-1,282
1622102050088,1622102050098,10,-1,73,5180.82177848305,-1,-1
1622102050118,1622102050128,10,-1,59,3050.45285121646,-1,-1
1622102050238,1622102050308,70,8,483,16970.3204819384,-34035,266
1622102050328,1622102050398,70,2,81,5573.54414851326,-4559,250
1622102050488,1622102050518,30,1,56,2696.81404648953,-1,118
1622102050528,1622102050538,10,-1,46,3509.35865087567,-1,-1
1622102050548,1622102050558,10,-1,76,7069.79152990684,-1,-1
1622102050588,1622102050618,30,1,80,5117.96238736957,-2515,78
1622102050678,1622102050688,10,-1,101,-1.0,-1,-1
1622102050698,1622102050708,10,-1,56,3586.2499355628,-1,-1
1622102050788,1622102050808,20,0,86,-1.0,-3266,299
1622102050958,1622102051018,60,3,97,2561.13280830356,-410,211
1622102051078,1622102051098,20,0,77,-1.0,-4305,194
1622102051128,1622102051148,20,0,62,2706.24425241761,-1,143
1622102051208,1622102051218,10,-1,354,-1.0,-1,-1
1622102051337,1622102051387,50,7,230,3319.56902679164,-9038,282
1622102051487,1622102051547,60,3,83,1717.53455532453,-234,250
1622102051627,1622102051657,30,1,84,5258.09729407059,-4956,257
1622102051837,1622102051847,10,-1,67,4780.68782013672,-1,-1
1622102051857,1622102051917,60,1,35,1163.98245778203,-348,67
1622102052007,1622102052017,10,-1,34,725.522684764763,-1,-1
1622102052057,1622102052087,30,0,49,2113.45383260536,-1842,51
1622102052247,1622102052447,200,21,215,7424.20767003281,-10154,116
1622102052537,1622102052567,30,1,63,8.40295329324903,-1,355
1622102052657,1622102052747,90,9,218,3132.08112805955,-9263,278
1622102052827,1622102052857,30,0,71,3804.46226750894,-1,131
1622102052867,1622102052896,29,2,328,21793.2035292472,-1,271
1622102052956,1622102053106,150,2,310,14281.3987909161,-19484,46
1622102053116,1622102053146,30,1,130,6661.42654567774,-1416,49
1622102053276,1622102053286,10,-1,37,-1.0,-1,-1
1622102053356,1622102053366,10,-1,34,1910.10617756862,-1,-1
1622102053376,1622102053436,60,2,233,18830.4623713764,-14943,279
1622102053456,1622102053496,40,1,41,1054.05631308891,-1,252
1622102053506,1622102053586,80,4,178,9868.66056118414,-3598,238
1622102053656,1622102053686,30,1,89,5796.57942838123,-4831,258
1622102053716,1622102053736,20,1,160,9151.29272463024,-1,231
1622102053796,1622102053846,50,5,205,10992.8268330286,-13482,22
1622102053856,1622102053866,10,-1,35,1427.56637404754,-1,-1
1622102053946,1622102053956,10,-1,32,-1.0,-1,-1
1622102053986,1622102054146,160,4,433,19901.0540070528,-19641,335
1622102054216,1622102054246,30,1,80,3970.05383061259,-3206,280
1622102054426,1622102054436,10,-1,71,5305.80781458637,-1,-1
1622102054496,1622102054506,10,-1,43,-1.0,-1,-1
1622102054655,1622102054665,10,-1,46,3623.23749085734,-1,-1
1622102054795,1622102054805,10,-1,46,-1.0,-1,-1
1622102055085,1622102055125,40,1,43,806.097628531719,-630,106
1622102055265,1622102055275,10,-1,130,-1.0,-1,-1
1622102055285,1622102055315,30,2,144,11846.4140458621,-5810,253
1622102055405,1622102055415,10,-1,61,4432.81162457004,-1,-1
1622102055475,1622102055495,20,1,239,-1.0,-17300,130
1622102055525,1622102055565,40,2,132,5524.22877995179,-3451,357
1622102055615,1622102055695,80,6,179,6450.45489325609,-12241,172
1622102055795,1622102055915,120,2,261,14011.2648825443,-17370,135
1622102055935,1622102055975,40,2,301,17785.9288004458,-10112,149
1622102056224,1622102056284,60,0,184,6255.99243616027,-10856,13
1622102056344,1622102056374,30,1,224,17762.9254472092,-1,190
1622102056644,1622102056694,50,13,1030,27725.400580669,-82046,208
1622102056754,1622102056844,90,3,326,25006.723853921,-28332,226
1622102057004,1622102057094,90,2,313,19900.9742430369,-15186,309
1622102057154,1622102057244,90,6,293,21436.0758255894,-12530,104
1622102057394,1622102057454,60,21,801,32369.2859306108,-42400,278
1622102057464,1622102057524,60,8,332,14991.0896379589,-13484,275
1622102057604,1622102057624,20,2,107,1074.85151437478,-1,271
1622102057644,1622102057674,30,2,147,6131.14202459693,-1,79
1622102057754,1622102057903,149,18,365,18491.6467269471,-30811,101
1622102057913,1622102057933,20,1,160,7889.85824778774,-1,327
1622102058013,1622102058103,90,12,305,5313.57529499733,-12470,263
1622102058123,1622102058173,50,0,84,2820.43328343074,-1,241
1622102058183,1622102058213,30,1,223,15120.3285100928,-1,38
1622102058273,1622102058363,90,5,115,4273.1712184433,-2420,67
1622102058453,1622102058703,250,20,819,52182.5800327648,-40955,126
1622102058713,1622102058723,10,-1,123,11202.1839759433,-1,-1
1622102058733,1622102058743,10,-1,186,15938.7092898715,-1,-1
1622102058823,1622102058893,70,4,289,7475.92317706537,-21383,68
1622102059073,1622102059183,110,11,399,19993.1531072975,-10061,267
1622102059263,1622102059283,20,0,138,-1.0,-8662,251
1622102059403,1622102059433,30,1,69,4547.17358807248,-3560,182
1622102059642,1622102059652,10,-1,33,-1.0,-1,-1
1622102060152,1622102060212,60,3,73,3039.31269570291,-2034,300
1622102060232,1622102060282,50,2,79,2855.77693520309,-2770,277
1622102060292,1622102060312,20,2,235,13538.9783177439,-1,286
1622102060372,1622102060392,20,0,75,-1.0,-3703,270
1622102060402,1622102060432,30,0,93,5269.44128534945,-1,180
1622102060512,1622102060562,50,1,91,21.5300722029269,-2763,114
1622102060992,1622102061012,20,0,81,4783.7265083474,-1,100
1622102061092,1622102061112,20,0,52,-1.0,-1482,130
1622102061142,1622102061201,59,4,182,13091.4671328786,-8117,6
1622102061301,1622102061321,20,0,34,1261.22271238281,-1,140
1622102061421,1622102061451,30,1,61,2294.44341704875,-1,178
1622102061511,1622102061521,10,-1,31,-1.0,-1,-1
1622102061591,1622102061651,60,2,65,1730.96887775949,-1868,89
1622102061671,1622102061681,10,-1,33,977.072693031367,-1,-1
1622102061691,1622102061701,10,-1,43,3107.91314751337,-1,-1
1622102061711,1622102061731,20,0,68,4120.10971423308,-34,64
1622102061791,1622102061801,10,-1,118,-1.0,-1,-1
1622102061821,1622102061841,20,0,50,2780.81601351182,-471,279
1622102061941,1622102061951,10,-1,134,-1.0,-1,-1
1622102061961,1622102061971,10,-1,47,3151.11522588096,-1,-1
1622102062081,1622102062161,80,9,580,38215.9333344998,-28852,300
1622102062171,1622102062181,10,-1,220,19073.8253238161,-1,-1
1622102062241,1622102062251,10,-1,42,-1.0,-1,-1
1622102062281,1622102062301,20,0,76,3917.1234074779,-1,137
1622102062361,1622102062381,20,0,53,26.5116770074293,-1,67
1622102062391,1622102062421,30,1,65,4895.93857947518,-2103,277
1622102062441,1622102062461,20,0,80,4144.97090053223,-1,278
1622102062541,1622102062571,30,1,63,-1.0,-1374,294
1622102062581,1622102062601,20,2,507,42291.0588023946,-1,90
1622102062671,1622102062681,10,-1,625,-1.0,-1,-1
1622102062751,1622102062761,10,-1,73,-1.0,-1,-1
1622102062781,1622102062820,39,3,300,13296.5821290724,-1,333
1622102062830,1622102062880,50,3,233,21229.3815284585,-16497,254
1622102062940,1622102063000,60,3,191,12736.9928262013,-8936,26
1622102063010,1622102063030,20,8,483,40312.4965068414,-1,234
1622102063090,1622102063110,20,0,171,-1.0,-13196,21
1622102063120,1622102063140,20,0,33,1419.56485224401,-113,29
1622102063220,1622102063230,10,-1,49,-1.0,-1,-1
1622102063250,1622102063280,30,1,54,1745.31955426696,-1413,280
1622102063310,1622102063350,40,4,133,8741.15459687478,-427,114
1622102063360,1622102063370,10,-1,50,2855.37528632439,-1,-1
1622102063430,1622102063450,20,0,32,1042.28325087562,-1,247
1622102063530,1622102063580,50,0,232,12599.5010957557,-18814,333
1622102063810,1622102063820,10,-1,88,-1.0,-1,-1
1622102063830,1622102063880,50,1,149,10089.4739248142,-5102,108
1622102063940,1622102063950,10,-1,30,1029.69386718829,-1,-1
1622102064090,1622102064150,60,4,275,14586.1683256063,-16255,115
1622102064230,1622102064250,20,1,219,-1.0,-17169,162
1622102064270,1622102064320,50,3,199,11627.3247361264,-3874,353
1622102064509,1622102064539,30,1,167,-1.0,-8251,93
1622102064559,1622102064589,30,0,70,4985.20632633755,-3701,98
1622102064679,1622102064709,30,3,485,34436.7387056917,-1,256
1622102064779,1622102064869,90,4,301,12734.1883851271,-24435,94
1622102064929,1622102064999,70,2,72,886.623887886839,-3127,236
1622102065099,1622102065169,70,4,339,13609.2307220537,-15551,138
1622102065229,1622102065239,10,-1,104,-1.0,-1,-1
1622102065249,1622102065279,30,2,249,22353.7885116407,-11736,315
1622102065359,1622102065369,10,-1,36,-1.0,-1,-1
1622102065409,1622102065449,40,3,268,20704.5758243958,-8718,118
1622102065469,1622102065559,90,0,159,11321.1735286537,-10834,249
1622102065659,1622102065719,60,1,234,14554.4730689007,-4813,91
1622102065779,1622102065819,40,1,62,1763.21954151867,-705,254
1622102065829,1622102065999,170,6,349,16160.3427446217,-14499,72
1622102066059,1622102066089,30,1,295,-1.0,-21618,163
1622102066109,1622102066138,29,2,111,4748.73535528124,-3576,242
1622102066148,1622102066178,30,1,61,2232.72858332331,-2330,173
1622102066228,1622102066278,50,0,100,7369.452662831,-4042,310
1622102066348,1622102066438,90,1,165,9630.87743486742,-9329,351
1622102066558,1622102066698,140,11,1190,16119.1038212258,-64093,282
1622102066788,1622102066848,60,33,1372,88424.2893106301,-102311,314
1622102066908,1622102066918,10,-1,32,-1.0,-1,-1
1622102066928,1622102066938,10,-1,30,228.441631179447,-1,-1
1622102066948,1622102066978,30,0,47,1056.58198403449,-1,277
1622102067238,1622102067248,10,-1,31,1563.8377229672,-1,-1
1622102067328,1622102067348,20,0,48,-1.0,-1879,187
1622102067398,1622102067428,30,3,172,7759.59381575016,-6573,145
1622102067538,1622102067548,10,-1,52,2617.7735311131,-1,-1
1622102067608,1622102067618,10,-1,41,-1.0,-1,-1
1622102067678,1622102067688,10,-1,81,6383.5638889862,-1,-1
1622102067797,1622102067827,29,2,711,17866.4210149737,-63809,196
1622102067907,1622102067947,40,1,94,1700.31144343934,-5075,333
1622102068007,1622102068017,10,-1,32,-1.0,-1,-1
1622102068027,1622102068047,20,0,47,1692.46050641624,-1,293
1622102068137,1622102068147,10,-1,35,1664.77993264544,-1,-1
1622102068157,1622102068177,20,1,95,5250.30341318473,-1,206
1622102068307,1622102068347,40,0,288,14013.0032462435,-12785,70
1622102068437,1622102068467,30,1,85,3173.32854299204,-1,322
1622102068637,1622102068647,10,-1,41,1898.81280765663,-1,-1
1622102068757,1622102068767,10,-1,42,1333.92636052967,-1,-1
1622102068857,1622102068867,10,-1,98,-1.0,-1,-1
1622102068907,1622102068947,40,1,83,3562.04463910173,-478,85
1622102069037,1622102069067,30,1,460,39805.8086545724,-1,78
1622102069167,1622102069217,50,1,313,11071.8288873591,-1,270
1622102069277,1622102069287,10,-1,56,-1.0,-1,-1
1622102069337,1622102069357,20,0,52,2749.05629900993,-1593,102
1622102069427,1622102069466,39,0,198,8005.68175245842,-14569,181
1622102069516,1622102069546,30,1,62,2640.19631500711,-1,104
1622102069596,1622102069636,40,10,867,40614.0971987043,-1,3
1622102069696,1622102069736,40,0,50,1847.93646978364,-292,58
1622102069746,1622102069766,20,1,206,14588.3485427354,-1,145
1622102069826,1622102069896,70,12,629,4305.92984907956,-25627,75
1622102069956,1622102069966,10,-1,96,-1.0,-1,-1
1622102069976,1622102070036,60,23,1394,59341.537883525,-121951,265
1622102070096,1622102070116,20,0,52,-1.0,-12,24
1622102070166,1622102070186,20,1,176,8772.34306089248,-1,279
1622102070246,1622102070256,10,-1,30,-1.0,-1,-1
1622102070466,1622102070586,120,7,127,6619.11832965038,-7606,175
1622102070596,1622102070666,70,4,167,7314.15984991962,-11921,312
1622102070976,1622102070986,10,-1,32,1033.91151036031,-1,-1
1622102071006,1622102071016,10,-1,31,2202.38670671051,-1,-1
1622102071145,1622102071165,20,1,538,-1.0,-31356,171
1622102071225,1622102071245,20,0,48,-1.0,-420,280
1622102071285,1622102071295,10,-1,52,3246.99213842771,-1,-1
1622102071425,1622102071435,10,-1,39,1475.04868825869,-1,-1
1622102071495,1622102071535,40,1,39,731.312857980424,-675,272
1622102071685,1622102071695,10,-1,34,1876.18965884354,-1,-1
1622102071835,1622102071965,130,15,839,27385.6003432356,-49642,302
1622102072035,1622102072055,20,0,70,4120.19485984838,-997,109
1622102072075,1622102072115,40,1,58,2021.65835106404,-138,120
1622102072175,1622102072235,60,15,589,35094.5866830335,-37235,133
1622102072245,1622102072295,50,2,84,3867.6894350371,-2560,309
1622102072325,1622102072395,70,1,103,7257.15497180899,-935,282
1622102072475,1622102072485,10,-1,53,-1.0,-1,-1
1622102072495,1622102072525,30,0,42,1240.7775297588,-738,266
1622102072625,1622102072645,20,1,205,13969.7689989038,-1,201
1622102072705,1622102072714,9,-1,61,-1.0,-1,-1
1622102072794,1622102072804,10,-1,34,-1.0,-1,-1
1622102072874,1622102072884,10,-1,122,11324.7419107639,-1,-1
1622102072944,1622102072984,40,1,55,2453.10296273306,-2239,297
1622102072994,1622102073014,20,1,180,11584.7891691355,-1,259
1622102073094,1622102073104,10,-1,72,-1.0,-1,-1
1622102073144,1622102073164,20,0,207,16006.4267272901,-1,53
1622102073364,1622102073464,100,8,164,11410.8085436991,-8358,153
1622102073514,1622102073544,30,3,140,6659.19109047859,-6484,282
1622102073704,1622102073714,10,-1,34,1418.57000379159,-1,-1
1622102073744,1622102073784,40,3,161,7435.7824575236,-1,319
1622102073794,1622102073864,70,12,787,41692.9067580985,-5767,154
1622102073794,1622102073864,70,12,787,41692.9067580985,-5767,154
1622102073944,1622102074034,90,2,223,14727.5498135518,-19065,30
1622102074094,1622102074154,60,4,343,15056.051957177,-2918,40
1622102074244,1622102074264,20,1,401,-1.0,-32882,105
1622102074324,1622102074334,10,-1,91,-1.0,-1,-1
1622102074344,1622102074354,10,-1,61,4529.24214641989,-1,-1
1622102074374,1622102074433,59,2,380,29019.5414142953,-22967,255
1622102074493,1622102074513,20,0,57,-1.0,-1502,245
1622102074553,1622102074563,10,-1,40,1991.82758516772,-1,-1
1622102074643,1622102074723,80,25,814,40900.7067149989,-35753,238
1622102074743,1622102074753,10,-1,31,1375.02557759049,-1,-1
1622102074783,1622102074833,50,2,124,7726.45381848064,-2662,30
1622102074913,1622102074983,70,5,193,11213.4157082984,-11869,94
1622102075063,1622102075083,20,1,165,-1.0,-10099,49
1622102075283,1622102075333,50,5,210,8589.98267190445,-10298,86
1622102075363,1622102075413,50,5,427,22536.5945365673,-35658,62
1622102075473,1622102075483,10,-1,32,-1.0,-1,-1
1622102075493,1622102075613,120,6,429,15988.2080539908,-22378,59
1622102075623,1622102075653,30,5,228,20041.1000220275,-18501,243
1622102075793,1622102075833,40,3,287,19091.3131486544,-15290,270
1622102075893,1622102075983,90,3,497,14257.2588401873,-45253,285
1622102076042,1622102076062,20,2,172,-1.0,-4922,225
1622102076072,1622102076092,20,1,136,8435.17174114917,-1,260
1622102076162,1622102076252,90,0,267,15708.4705020512,-11592,222
1622102076312,1622102076352,40,2,102,4312.67440893469,-3940,43
1622102076492,1622102076522,30,1,62,1894.88759621813,-1,272
1622102076672,1622102076792,120,6,307,11143.2434785294,-18915,243
1622102076912,1622102076932,20,1,170,9725.69939430998,-1,227
1622102076992,1622102077002,10,-1,161,-1.0,-1,-1
1622102077012,1622102077022,10,-1,33,2289.27170439649,-1,-1
1622102077042,1622102077142,100,2,226,18436.4467143279,-18913,98
1622102077162,1622102077182,20,1,225,15930.7152066086,-1,229
1622102077262,1622102077332,70,2,232,10747.6509887494,-10753,354
1622102077392,1622102077422,30,2,184,3689.50375238045,-4504,216
1622102077542,1622102077562,20,0,34,-1.0,-189,330
1622102077622,1622102077652,30,2,104,6220.57087175487,-70,95
1622102077821,1622102077861,40,2,172,-1.0,-6341,289
1622102077871,1622102077881,10,-1,67,6223.85386914222,-1,-1
1622102077961,1622102078031,70,2,61,1083.83789619888,-2834,303
1622102078221,1622102078241,20,0,61,-1.0,-2113,288
1622102078281,1622102078301,20,0,36,1564.30756573872,-253,276
1622102078491,1622102078541,50,1,49,1847.1870043358,-917,253
1622102078591,1622102078601,10,-1,69,4792.7675349538,-1,-1
1622102078641,1622102078681,40,1,89,5009.7318634182,-4425,143
1622102078911,1622102078951,40,0,89,3192.27411082042,-1,82
1622102078991,1622102079011,20,0,51,2552.49548491378,-1985,85
1622102079031,1622102079111,80,4,97,6037.72787334184,-4655,85
1622102079750,1622102079780,30,5,233,12061.78669756,-13072,347
1622102079790,1622102079810,20,2,224,10974.1938786465,-1,198
1622102080780,1622102080800,20,0,121,8762.08422974402,-1,336
1622102080880,1622102080950,70,13,663,31532.2747862419,-31253,72
1622102081119,1622102081169,50,3,1011,3044.68226034826,-95150,291
1622102081239,1622102081249,10,-1,118,9643.90169900173,-1,-1
1622102081329,1622102081339,10,-1,61,-1.0,-1,-1
1622102081419,1622102081489,70,10,328,13831.109867338,-14317,180
1622102081499,1622102081509,10,-1,32,873.096029045497,-1,-1
1622102081609,1622102081619,10,-1,37,-1.0,-1,-1
1622102081689,1622102081709,20,0,133,9951.55885025378,-1,65
1622102081909,1622102081939,30,0,105,85.415623438734,-7154,320
1622102082109,1622102082129,20,0,69,3126.62487382538,-1,309
1622102082339,1622102082349,10,-1,129,-1.0,-1,-1
1622102082449,1622102082519,70,11,1433,83364.887085946,-16479,271
1622102082529,1622102082539,10,-1,312,30040.4151350033,-1,-1
1622102082629,1622102082658,29,2,99,99.2374788971865,-4042,117
1622102082888,1622102082918,30,1,50,1379.61083309143,-29,280
1622102082968,1622102082978,10,-1,57,4506.16428587796,-1,-1
1622102083038,1622102083048,10,-1,123,-1.0,-1,-1
1622102083138,1622102083148,10,-1,43,2948.11946733602,-1,-1
1622102083638,1622102083698,60,3,468,27588.8988035036,-31355,306
1622102083828,1622102083848,20,0,50,2228.83375290724,-1,144
1622102083908,1622102083928,20,3,313,-1.0,-16401,178
1622102083978,1622102084018,40,3,191,12070.204226653,-5146,27
1622102084028,1622102084058,30,3,206,18508.3169530414,-11378,207
1622102084068,1622102084128,60,6,167,6756.50481833015,-35,163
1622102084208,1622102084287,79,3,660,40813.7880476174,-53171,112
1622102084407,1622102084447,40,8,458,25337.6889384182,-30062,279
1622102084507,1622102084557,50,4,170,9261.96987171839,-8305,328
1622102084657,1622102084687,30,3,236,11143.576175021,-1,85
1622102084797,1622102084897,100,7,336,12917.1627772,-20483,333
1622102084907,1622102084977,70,6,323,18755.6080583758,-21131,35
1622102085067,1622102085247,180,19,528,30553.4557340918,-35785,179
1622102085337,1622102085357,20,2,205,11230.1550982426,-1,81
1622102085477,1622102085517,40,0,329,6024.71181069554,-29991,90
1622102085547,1622102085557,10,-1,34,2553.18684085591,-1,-1
1622102085597,1622102085627,30,3,143,8479.3883683495,-10209,139
1622102085647,1622102085697,50,2,474,31566.61355311,-7901,192
1622102085777,1622102085807,30,1,260,-1.0,-18810,325
1622102085907,1622102085937,30,6,481,16556.3579265569,-9912,111
1622102085996,1622102086066,70,22,1202,72123.2911676821,-68108,335
1622102086226,1622102086236,10,-1,104,8637.06896219197,-1,-1
1622102086306,1622102086326,20,1,149,-1.0,-9013,334
1622102086366,1622102086426,60,12,376,25937.5679456056,-18204,172
1622102086446,1622102086456,10,-1,32,2412.52295967336,-1,-1
1622102086616,1622102086636,20,0,178,14260.6094554628,-1,75
1622102086756,1622102086796,40,6,212,12285.8668294292,-3684,268
1622102086856,1622102086866,10,-1,83,-1.0,-1,-1
1622102087006,1622102087016,10,-1,154,-1.0,-1,-1
1622102087026,1622102087076,50,10,381,20299.1143491626,-17081,184
1622102087146,1622102087166,20,0,33,2225.98273824267,-6,305
1622102087246,1622102087256,10,-1,74,5451.03103830602,-1,-1
1622102087376,1622102087456,80,11,976,89949.7383244584,-71391,279
1622102087496,1622102087506,10,-1,38,3130.23509312032,-1,-1
1622102087536,1622102087556,20,1,53,3456.19749110372,-1,285
1622102087615,1622102087635,20,0,126,8324.88401296413,-1,180
1622102087695,1622102087755,60,5,465,30503.5575977098,-22469,97
1622102087855,1622102087985,130,4,757,39295.4863631178,-49977,22
1622102088185,1622102088195,10,-1,681,-1.0,-1,-1
1622102088275,1622102088345,70,6,168,1140.85512442239,-8393,343
1622102088405,1622102088485,80,24,533,8806.57348735606,-32115,174
1622102088545,1622102088625,80,3,101,4872.71238485821,-3993,337
1622102088735,1622102088775,40,7,878,2224.64157330903,-51827,338
1622102088855,1622102088885,30,1,116,-1.0,-4493,217
1622102088895,1622102088905,10,-1,31,138.732739817886,-1,-1
1622102088925,1622102088935,10,-1,36,1620.1261892061,-1,-1
1622102088965,1622102088985,20,0,40,2491.97931821438,-1,146
1622102089025,1622102089035,10,-1,34,2570.24218421261,-1,-1
1622102089125,1622102089135,10,-1,509,-1.0,-1,-1
1622102089205,1622102089235,30,5,250,13025.7872084771,-445,271
1622102089294,1622102089304,10,-1,86,-1.0,-1,-1
1622102089314,1622102089354,40,1,71,3145.13279131697,-2622,283
1622102089504,1622102089514,10,-1,50,2783.06115590985,-1,-1
1622102089574,1622102089624,50,5,559,30460.8653459949,-1,50
1622102089844,1622102089884,40,4,534,16222.9159185777,-6536,196
1622102089994,1622102090014,20,1,124,-1.0,-9016,278
1622102090024,1622102090054,30,6,322,29257.5478891991,-4965,61
1622102090144,1622102090154,10,-1,53,-1.0,-1,-1
1622102090274,1622102090294,20,1,264,-1.0,-18200,250
1622102090414,1622102090454,40,10,542,20102.3535246898,-1,102
1622102091673,1622102091763,90,11,532,26820.794705901,-28536,169
1622102091773,1622102091783,10,-1,367,34113.7122779001,-1,-1
1622102091843,1622102091933,90,15,443,13135.3987009016,-27740,277
1622102092163,1622102092203,40,3,142,5714.9155460945,-6904,93
1622102092213,1622102092233,20,0,341,30872.9467739573,-1,354
1622102092313,1622102092343,30,3,285,-1.0,-14041,190
1622102092513,1622102092553,40,3,745,53466.4839405679,-11665,57
1622102092612,1622102092702,90,4,224,7311.78657451079,-8941,91
1622102092722,1622102092772,50,5,182,17201.5101476178,-5386,301
1622102092992,1622102093072,80,16,550,24335.5387288802,-28231,134
1622102093142,1622102093382,240,23,305,16626.9834783073,-18691,264
1622102093402,1622102093502,100,9,160,6590.02836467631,-8396,267
1622102093572,1622102093632,60,3,112,4646.34079743869,-511,229
1622102093692,1622102093712,20,0,35,-1.0,-18,250
1622102093882,1622102093932,50,6,754,52878.2062530793,-1,98
1622102094072,1622102094082,10,-1,96,-1.0,-1,-1
1622102094102,1622102094162,60,3,88,2790.86400904906,-534,63
1622102094221,1622102094311,90,3,81,4590.26268562232,-2519,54
1622102094391,1622102094531,140,11,206,7912.31644702865,-6610,87
1622102095091,1622102095141,50,8,250,12277.5475030936,-9363,0
1622102095241,1622102095281,40,2,200,3477.25974795384,-14660,321
1622102095291,1622102095361,70,7,193,8384.84837318096,-8920,150
1622102095371,1622102095401,30,0,125,8905.57216708115,-3809,303
1622102095481,1622102095561,80,0,256,19985.8389974678,-13104,330
1622102095621,1622102095641,20,0,43,-1.0,-652,180
1622102095771,1622102095791,20,0,54,2092.59199312095,-1,340
1622102095801,1622102095821,20,0,122,8073.11062982266,-1,32
1622102096190,1622102096220,30,11,581,-1.0,-39919,111
1622102096230,1622102096360,130,3,839,45627.210107613,-8900,38
1622102096760,1622102096830,70,2,688,35067.999597939,-9171,6
1622102096890,1622102097090,200,4,310,15407.5573648377,-11605,325
1622102097100,1622102097110,10,-1,68,4106.68607051628,-1,-1
1622102097170,1622102097210,40,2,260,283.159229196453,-15089,3
1622102097230,1622102097270,40,1,43,1347.48088292131,-264,300
1622102097330,1622102097380,50,1,70,2359.00554872795,-1,282
1622102097440,1622102097450,10,-1,81,-1.0,-1,-1
1622102097579,1622102097589,10,-1,62,-1.0,-1,-1
1622102097719,1622102097809,90,22,583,38365.4218234621,-22400,146
1622102097889,1622102097919,30,1,179,-1.0,-12440,15
1622102097989,1622102098079,90,3,309,18614.4222108588,-15283,160
1622102098139,1622102098189,50,7,405,25004.7192759747,-6664,10
1622102098209,1622102098229,20,0,38,2835.30948561342,-20,76
1622102098289,1622102098299,10,-1,83,-1.0,-1,-1
1622102098319,1622102098339,20,0,33,1777.07460260298,-1,293
1622102098349,1622102098429,80,4,75,3097.09716366794,-2001,275
1622102098439,1622102098459,20,0,39,850.131104186562,-1,286
1622102098469,1622102098519,50,2,102,4488.03585218507,-1,260
1622102098599,1622102098609,10,-1,30,1022.39772816414,-1,-1
1622102098619,1622102098629,10,-1,49,4275.20134822518,-1,-1
1622102098639,1622102098669,30,3,765,59452.6666533994,-1,93
1622102098889,1622102098929,40,4,682,56994.7530536677,-16333,320
1622102099009,1622102099029,20,1,306,-1.0,-21111,45
1622102099039,1622102099228,189,25,774,40818.7217386798,-30402,194
1622102099308,1622102099318,10,-1,63,-1.0,-1,-1
1622102099448,1622102099488,40,2,115,2615.42641859531,-7028,150
1622102099598,1622102099668,70,4,773,17018.3500334096,-30909,36
1622102099728,1622102099778,50,4,132,1056.98288701117,-3898,159
1622102099858,1622102099868,10,-1,46,-1.0,-1,-1
1622102099878,1622102099888,10,-1,40,2095.95486861697,-1,-1
1622102099898,1622102099908,10,-1,45,2384.72517379395,-1,-1
1622102099918,1622102100068,150,13,223,10735.2135562135,-11732,275
1622102100128,1622102100288,160,7,199,5583.07918499219,-10970,71
1622102100298,1622102100348,50,6,162,6171.68110898227,-394,306
1622102100408,1622102100418,10,-1,78,-1.0,-1,-1
1622102100468,1622102100478,10,-1,46,2217.33846907916,-1,-1
1622102100558,1622102100638,80,4,203,2119.65382645488,-11778,61
1622102100728,1622102100778,50,4,708,5824.76739525192,-57752,228
1622102100837,1622102100907,69,5,138,1332.26279674136,-3132,4
1622102100917,1622102100927,10,-1,50,2629.89923705286,-1,-1
1622102101007,1622102101077,70,6,169,8725.48569244301,-9369,236
1622102101107,1622102101117,10,-1,46,2029.0022279279,-1,-1
1622102101297,1622102101317,20,3,283,14557.7509908808,-1,83
1622102101407,1622102101467,60,2,512,7212.60861030509,-31803,329
1622102101527,1622102101607,80,4,76,1977.11482783357,-1347,196
1622102101687,1622102101777,90,2,96,3974.02787147096,-2073,267
1622102101847,1622102101887,40,1,39,1260.87485377508,-691,252
1622102101897,1622102101907,10,-1,35,702.299916507999,-1,-1
1622102102037,1622102102067,30,0,699,68430.527475716,-66415,335
1622102102127,1622102102187,60,10,553,26548.4513596057,-7838,201
1622102102347,1622102102377,30,4,175,3990.89750765848,-8673,14
1622102102397,1622102102496,99,3,122,8935.60923385901,-6057,56
1622102102526,1622102102546,20,0,43,2835.57512283443,-23,208
1622102102556,1622102102616,60,2,69,1749.95898874041,-31,273
1622102102956,1622102103076,120,6,132,2197.9933569331,-4801,48
1622102103096,1622102103116,20,1,80,4822.66056044706,-1,197
1622102103136,1622102103196,60,7,192,6432.7182901931,-394,273
1622102103276,1622102103336,60,8,203,5566.18500160923,-4039,270
1622102103696,1622102103736,40,3,326,11231.2327303203,-25947,185
1622102103796,1622102103896,100,6,163,7696.24569803531,-10845,94
1622102103926,1622102103996,70,0,84,4547.00460977934,-3138,90
1622102104076,1622102104165,89,30,907,31565.9557522489,-48653,250
1622102105125,1622102105135,10,-1,119,-1.0,-1,-1
1622102105195,1622102105245,50,2,76,210.390755259694,-3050,247
1622102105325,1622102105485,160,21,933,57768.8860025131,-56971,156
1622102105505,1622102105515,10,-1,39,2476.51530097039,-1,-1
1622102105525,1622102105535,10,-1,113,8499.65190047315,-1,-1
1622102105745,1622102105755,10,-1,287,-1.0,-1,-1
1622102105765,1622102105814,49,2,277,19795.8312117041,-2980,119
1622102105874,1622102105944,70,2,222,11192.9157775174,-18605,352
1622102106024,1622102106044,20,0,41,1334.57517634482,-338,32
1622102106064,1622102106084,20,0,80,3663.50078403103,-1,39
1622102106194,1622102106204,10,-1,35,1925.07142714068,-1,-1
1622102106224,1622102106234,10,-1,37,1960.90124223499,-1,-1
1622102106374,1622102106384,10,-1,34,1665.1291568312,-1,-1
1622102106424,1622102106474,50,6,827,50632.21153727,-1,54
1622102106604,1622102106644,40,5,236,5691.6188691224,-8321,284
1622102106704,1622102106714,10,-1,71,-1.0,-1,-1
1622102106754,1622102106794,40,2,98,3008.61877776897,-1,291
1622102106854,1622102106984,130,7,150,5013.23573269347,-8670,281
1622102107014,1622102107034,20,0,33,2049.36510357631,-1,270
1622102107064,1622102107084,20,3,367,21412.8458050793,-1,203
1622102107144,1622102107164,20,0,62,-1.0,-18,220
1622102107174,1622102107184,10,-1,35,2815.96961391669,-1,-1
1622102107433,1622102107443,10,-1,34,1249.95833881864,-1,-1
1622102107553,1622102107583,30,0,149,11581.9529898347,-9212,138
1622102107613,1622102107623,10,-1,35,1886.96597558312,-1,-1
1622102107653,1622102107693,40,22,745,37960.4981596048,-1785,95
1622102107873,1622102107903,30,6,1693,-1.0,-136719,311
1622102107943,1622102107993,50,12,893,45723.2557962016,-1,81
1622102108273,1622102108283,10,-1,141,-1.0,-1,-1
1622102108943,1622102108963,20,1,111,-1.0,-4333,112
1622102109142,1622102109182,40,11,865,349.594833603447,-48489,354
1622102109242,1622102109262,20,3,1239,-1.0,-106944,273
1622102109272,1622102109292,20,1,68,5585.44631634613,-1,140
1622102109302,1622102109332,30,1,75,3812.39012194415,-1,225
1622102109432,1622102109452,20,2,214,11450.1796325123,-1,140
1622102109512,1622102109552,40,2,69,1339.99299340866,-2701,121
1622102109592,1622102109602,10,-1,44,2381.91883957433,-1,-1
1622102109792,1622102109822,30,1,62,2631.31345946462,-3036,262
1622102109912,1622102109932,20,0,47,1847.47039038326,-1644,220
1622102109992,1622102110002,10,-1,31,1567.47729303318,-1,-1
1622102110092,1622102110122,30,4,796,57838.2422274993,-1,85
1622102110252,1622102110282,30,1,352,-1.0,-27758,41
1622102110302,1622102110342,40,10,440,23342.5814359613,-21765,78
1622102110352,1622102110382,30,3,150,6647.40233636184,-359,49
1622102110442,1622102110532,90,3,230,15532.5214128431,-11250,254
1622102110592,1622102110682,90,4,200,12298.0346537383,-8109,276
1622102110781,1622102110801,20,1,128,6866.30594489967,-1,203
1622102110861,1622102110901,40,10,1292,56923.0527694842,-2774,189
1622102111021,1622102111071,50,2,494,6239.77085406442,-41578,216
1622102111201,1622102111301,100,13,401,4461.83114941986,-12819,290
1622102111721,1622102111761,40,2,84,2164.70713214134,-2545,112
1622102111911,1622102111921,10,-1,40,1411.28650249543,-1,-1
1622102112301,1622102112331,30,2,116,7822.44848191882,-3333,163
1622102112530,1622102112560,30,0,43,1987.26084589525,-962,287
1622102112610,1622102112630,20,0,38,1550.14978536098,-2,270
1622102112740,1622102112760,20,0,125,8713.487965405,-1,96
1622102112940,1622102113010,70,8,610,19522.0650843934,-36993,167
1622102113070,1622102113160,90,7,441,28287.2660144227,-35640,131
1622102113240,1622102113280,40,1,257,7776.04950914773,-20956,53
1622102113290,1622102113310,20,1,59,2296.56554247278,-1,72
1622102113330,1622102113430,100,14,1460,52361.8114868793,-142308,248
1622102113490,1622102113550,60,26,829,24333.3190571604,-43581,161
1622102113640,1622102113780,140,8,232,1817.94233153348,-14358,342
1622102113800,1622102113830,30,1,57,3448.73426269644,-981,333
1622102113840,1622102113860,20,2,162,7775.83205370307,-1,316
1622102113940,1622102113950,10,-1,101,-1.0,-1,-1
1622102114089,1622102114109,20,0,40,-1.0,-566,308
1622102114169,1622102114179,10,-1,72,4489.12271489973,-1,-1
1622102114239,1622102114269,30,1,205,14064.6431600499,-1,73
1622102114379,1622102114429,50,5,917,2.71454432167459,-68106,280
1622102114439,1622102114469,30,0,36,524.045021259304,-420,93
1622102114519,1622102114699,180,23,910,75184.0736888027,-80214,8
1622102114799,1622102114879,80,15,341,446.579158474614,-8995,182
1622102114939,1622102114979,40,3,358,-1.0,-20370,307
1622102114989,1622102115009,20,17,1772,102489.296233079,-1,149
1622102115079,1622102115169,90,7,375,12720.8157773054,-21236,334
1622102115229,1622102115319,90,8,271,11090.5946951904,-1889,315
1622102115379,1622102115499,120,3,119,4029.618528041,-5880,0
1622102115509,1622102115609,100,5,266,18476.1897280925,-15098,147
1622102115728,1622102115838,110,10,802,37018.4836579026,-12715,103
1622102115938,1622102116018,80,10,738,9250.12988504843,-45708,313
1622102116078,1622102116128,50,2,349,1309.63419181062,-27878,12
1622102116188,1622102116218,30,0,41,775.447995616204,-1,41
1622102116268,1622102116278,10,-1,43,1911.44936189075,-1,-1
1622102116288,1622102116298,10,-1,131,11679.9535092105,-1,-1
1622102116378,1622102116428,50,2,175,5338.81213414119,-10377,258
1622102116488,1622102116528,40,2,376,31066.1603168242,-3314,253
1622102116658,1622102116668,10,-1,338,-1.0,-1,-1
1622102116678,1622102116698,20,0,59,2794.59676184653,-1,101
1622102116718,1622102116848,130,18,358,19335.6461834308,-7807,263
1622102117058,1622102117128,70,4,156,3938.90720526747,-8939,356
1622102117338,1622102117407,69,5,305,13764.8650987885,-19404,310
1622102117507,1622102117517,10,-1,59,-1.0,-1,-1
1622102117527,1622102117547,20,0,44,2298.85121756385,-663,270
1622102117627,1622102117637,10,-1,38,3279.61596182028,-1,-1
1622102117647,1622102117677,30,3,289,13055.7433360109,-1,38
1622102117827,1622102118047,220,30,762,35834.8119704983,-46023,163
1622102118107,1622102118127,20,0,48,16.9068558060772,-1,99
1622102118137,1622102118157,20,0,78,6314.50872870849,-1,307
1622102118657,1622102118667,10,-1,247,-1.0,-1,-1
1622102118677,1622102118707,30,1,115,4806.69672152441,-1,155
1622102118787,1622102118877,90,21,646,35274.0661252101,-33483,175
1622102118937,1622102118996,59,0,164,5031.74838981963,-8318,206
1622102119226,1622102119266,40,3,164,8666.09886551363,-12,336
1622102119866,1622102119886,20,0,45,-1.0,-1425,111
1622102120216,1622102120236,20,3,507,33539.5940251311,-1,96
1622102120306,1622102120376,70,14,734,18984.0865608197,-31162,260
1622102120416,1622102120426,10,-1,66,4952.11957949821,-1,-1
1622102120536,1622102120586,50,5,161,8140.81696619424,-164,198
1622102121285,1622102121315,30,2,286,16725.632374165,-1,171
1622102121935,1622102121995,60,8,156,1274.88720212474,-2492,56
1622102122055,1622102122065,10,-1,109,-1.0,-1,-1
1622102122085,1622102122145,60,7,214,7185.97472186652,-1,219
1622102122474,1622102122544,70,3,433,4570.39721615919,-19564,217
1622102122604,1622102122614,10,-1,32,-1.0,-1,-1
1622102122624,1622102122644,20,4,543,31915.6635619428,-1,90
1622102122774,1622102122814,40,8,354,-1.0,-22458,271
1622102122824,1622102122844,20,0,52,4147.0633988483,-1,74
1622102122904,1622102122914,10,-1,88,-1.0,-1,-1
1622102122934,1622102122944,10,-1,37,1576.14884346911,-1,-1
1622102123194,1622102123214,20,0,40,2757.65992899041,-851,288
1622102123754,1622102123764,10,-1,358,-1.0,-1,-1
1622102123914,1622102123963,49,3,346,27199.9221114528,-21702,269
1622102124053,1622102124203,150,24,511,31107.1338834227,-21675,318
1622102124483,1622102124513,30,3,216,7300.53508914336,-1,158
1622102124573,1622102124583,10,-1,37,-1.0,-1,-1
1622102124623,1622102124643,20,0,55,1654.86457160801,-1,199
1622102124703,1622102124723,20,1,71,-1.0,-2158,226
1622102124733,1622102124743,10,-1,75,6731.24000016989,-1,-1
1622102124893,1622102125023,130,25,614,37248.6086084731,-44033,330
1622102125103,1622102125133,30,4,279,-1.0,-13951,189
1622102125253,1622102125313,60,7,601,43030.3161636574,-31918,227
1622102125373,1622102125383,10,-1,101,-1.0,-1,-1
1622102125423,1622102125433,10,-1,41,2260.20293535557,-1,-1
1622102125443,1622102125463,20,3,277,14459.2500634654,-1,69
1622102125523,1622102125612,89,12,577,43681.1535942531,-20233,81
1622102125672,1622102125762,90,13,367,22083.0921065257,-15233,286
1622102125822,1622102125892,70,4,576,8962.35321693396,-21451,212
1622102125902,1622102125972,70,1,207,7836.28980794906,-15633,153
1622102125982,1622102126032,50,2,85,4082.09714926316,-1751,103
1622102126092,1622102126152,60,1,358,15161.5356417185,-32753,339
1622102126172,1622102126182,10,-1,41,2011.65696187043,-1,-1
1622102126272,1622102126292,20,1,62,3192.65962111908,-1,270
1622102126382,1622102126432,50,7,899,66541.8801658762,-3916,99
1622102126512,1622102126582,70,5,305,15482.8527711483,-21520,301
1622102126592,1622102126602,10,-1,154,12767.9168974286,-1,-1
1622102126662,1622102126712,50,3,103,6016.83404171546,-3993,289
1622102126722,1622102126732,10,-1,459,43833.5405382263,-1,-1
1622102126792,1622102126862,70,8,191,5460.37792537256,-10560,276
1622102126952,1622102127002,50,4,200,8304.20190979782,-1491,112
1622102127062,1622102127082,20,0,56,-1.0,-6,234
1622102127092,1622102127122,30,1,471,39777.6148187762,-2107,80
1622102127371,1622102127401,30,14,681,-1.0,-46110,203
1622102127471,1622102127491,20,0,164,-1.0,-13025,342
1622102127501,1622102127561,60,11,1055,57549.9724866685,-11739,272
1622102127621,1622102127631,10,-1,811,-1.0,-1,-1
1622102127641,1622102127701,60,2,783,75699.2070612008,-74536,28
1622102127771,1622102127861,90,9,282,8565.24411725272,-438,45
1622102128071,1622102128141,70,1,244,13066.9742796253,-3941,301
1622102128241,1622102128261,20,1,122,-1.0,-6330,155
1622102128341,1622102128351,10,-1,43,-1.0,-1,-1
1622102128381,1622102128411,30,1,202,15134.6443896898,-8461,345
1622102128521,1622102128531,10,-1,195,-1.0,-1,-1
1622102128541,1622102128551,10,-1,54,2516.11286141725,-1,-1
1622102128561,1622102128571,10,-1,37,2723.02401471064,-1,-1
1622102128611,1622102128631,20,0,40,2384.86996340052,-5,38
1622102128701,1622102128711,10,-1,89,6065.73401745072,-1,-1
1622102128831,1622102128861,30,1,68,4486.63904054635,-2716,219
1622102128880,1622102128950,69,33,2267,111067.715478939,-176676,205
1622102129020,1622102129090,70,3,103,2363.75338261359,-3436,21
1622102129170,1622102129180,10,-1,53,-1.0,-1,-1
1622102129190,1622102129220,30,5,209,13767.3291495012,-5319,228
1622102129250,1622102129270,20,1,65,4069.77325264815,-1,71
1622102129370,1622102129390,20,1,183,13113.4448860816,-1,343
1622102129510,1622102129560,50,5,167,6785.35552509359,-9239,344
1622102130500,1622102130510,10,-1,35,1216.978353648,-1,-1
1622102130520,1622102130540,20,3,251,17122.7996613736,-1,294
1622102131329,1622102131349,20,0,318,-1.0,-26736,86
1622102131399,1622102131419,20,1,275,18106.8652083137,-1,110
1622102131479,1622102131489,10,-1,55,-1.0,-1,-1
1622102131629,1622102131639,10,-1,57,-1.0,-1,-1
1622102131889,1622102131929,40,7,270,10718.1018911561,-11882,235
1622102132079,1622102132099,20,1,199,11163.7950536315,-1,100
1622102132368,1622102132378,10,-1,363,-1.0,-1,-1
1622102132438,1622102132488,50,3,130,5587.79127244006,-7069,280
1622102132498,1622102132518,20,3,257,15532.6591494132,-1,287
1622102132578,1622102132658,80,8,246,17087.317548699,-8564,222
1622102132748,1622102132788,40,1,336,16174.883147022,-21166,339
1622102132868,1622102132948,80,2,138,9826.80173615548,-8167,191
1622102133118,1622102133128,10,-1,43,2151.97313058728,-1,-1
1622102133298,1622102133318,20,0,39,1382.05878204227,-6,233
1622102133358,1622102133388,30,0,43,1359.09317522047,-1265,204
1622102133398,1622102133418,20,0,54,3513.61427383182,-1,147
1622102133508,1622102133558,50,11,705,27598.3299654213,-1,135
1622102133668,1622102133837,169,6,613,41594.6579691455,-34634,314
1622102133927,1622102134087,160,3,282,20524.1533310018,-23960,270
1622102134097,1622102134147,50,6,1196,93537.2899733356,-2295,175
1622102134497,1622102134527,30,9,2227,-1.0,-184305,266
1622102134637,1622102134697,60,9,468,14352.831163668,-25170,141
1622102134887,1622102134917,30,2,152,937.292108837561,-5482,194
1622102136336,1622102136376,40,12,431,4771.03304648105,-8918,297
1622102136436,1622102136466,30,1,58,-1.0,-1014,196
1622102136476,1622102136526,50,1,64,2433.86795226305,-729,98
1622102136586,1622102136636,50,23,896,47418.2786837186,-29836,240
1622102136776,1622102136786,10,-1,735,-1.0,-1,-1
1622102137006,1622102137066,60,10,332,11947.1002095529,-17989,336
1622102137076,1622102137175,99,7,325,23836.7254732272,-23083,91
1622102137305,1622102137395,90,9,221,7224.62202970921,-9183,97
1622102137455,1622102137565,110,8,633,45703.2832534417,-4089,154
1622102137645,1622102137725,80,24,1025,11386.7303249593,-46207,338
1622102137745,1622102137795,50,2,232,22083.2923354296,-6707,121
1622102137805,1622102137845,40,4,244,19572.5764915125,-1765,271
1622102137925,1622102137975,50,2,252,20226.0619138733,-9808,157
1622102137985,1622102138055,70,7,240,17380.311967665,-19331,323
1622102138065,1622102138135,70,4,328,23590.8245377073,-22569,182
1622102138195,1622102138215,20,0,182,-1.0,-13733,184
1622102138245,1622102138265,20,1,176,13278.3036100235,-1,347
1622102138325,1622102138375,50,5,382,9483.61550499629,-18112,316
1622102138385,1622102138395,10,-1,56,2794.42094314097,-1,-1
1622102138455,1622102138545,90,5,351,31257.5692244688,-29864,257
1622102138605,1622102138675,70,4,366,11528.3360389991,-28290,349
1622102138804,1622102138944,140,9,710,30876.1212594727,-31755,126
1622102139004,1622102139094,90,13,345,4761.45543886881,-15787,322
1622102139154,1622102139364,210,22,628,39037.0073638665,-56860,188
1622102139444,1622102139464,20,0,99,-1.0,-5945,34
1622102139494,1622102139594,100,31,839,24766.408201006,-38578,6
1622102139614,1622102139644,30,1,87,2919.14331197172,-1,146
1622102139704,1622102139754,50,5,379,19955.7854820584,-3506,56
1622102139904,1622102139974,70,26,527,18669.1040580246,-27841,184
1622102140124,1622102140204,80,10,292,4161.58650053974,-7516,315
1622102140304,1622102140463,159,11,307,20444.3338275665,-12555,338
1622102140523,1622102140563,40,1,138,834.053888219314,-8531,270
1622102140583,1622102140593,10,-1,35,2228.32320218927,-1,-1
1622102140693,1622102140743,50,13,522,21590.6067636468,-23506,214
1622102140823,1622102140883,60,2,54,718.872717889154,-781,34
1622102140893,1622102140913,20,0,70,2827.37468699685,-1,17
1622102140983,1622102141013,30,0,38,1833.20662346304,-508,356
1622102141023,1622102141053,30,3,352,17317.688004359,-1,30
1622102141143,1622102141203,60,9,440,9830.54563164795,-28120,277
1622102141303,1622102141493,190,16,969,39766.1412550404,-34564,262
1622102141553,1622102141633,80,6,554,38745.9698069751,-44867,72
1622102141713,1622102141773,60,6,745,44501.6801958823,-53672,288
1622102141843,1622102141883,40,2,343,4318.47586097604,-29475,338
1622102141893,1622102142003,110,4,104,4513.8988115713,-1393,203
1622102142013,1622102142043,30,2,496,47559.9762875878,-36582,170
1622102142122,1622102142172,50,4,212,8375.13160589933,-3436,175
1622102142182,1622102142192,10,-1,104,7504.50029764384,-1,-1
1622102142272,1622102142282,10,-1,39,2725.43704512826,-1,-1
1622102142292,1622102142332,40,3,97,5680.71155223412,-4317,236
1622102142392,1622102142582,190,14,518,31746.0022564489,-9209,19
1622102142702,1622102142732,30,10,640,-1.0,-25580,39
1622102142792,1622102142882,90,11,318,17049.4099515424,-22941,175
1622102142942,1622102142972,30,2,446,31278.4178123778,-34489,86
1622102142982,1622102143032,50,0,398,37992.0332591727,-34127,135
1622102143092,1622102143122,30,1,49,562.740494655075,-1,290
1622102143152,1622102143202,50,12,431,16188.249213696,-2559,18
1622102143422,1622102143452,30,11,534,20828.8040226242,-1,185
1622102143462,1622102143562,100,7,393,22225.0199623216,-20600,23
1622102143642,1622102143751,109,6,361,5759.51375738499,-25302,3
1622102143811,1622102143841,30,1,110,-1.0,-4482,311
1622102143941,1622102144031,90,4,194,3266.63735925176,-9784,306
1622102144041,1622102144071,30,2,103,4570.04448915634,-5979,298
1622102144091,1622102144261,170,8,254,19614.9466235655,-20206,267
1622102144321,1622102144331,10,-1,37,-1.0,-1,-1
1622102144341,1622102144351,10,-1,47,3312.22285252386,-1,-1
1622102144361,1622102144381,20,0,48,1994.43440321428,-1,287
1622102144391,1622102144411,20,1,60,2246.01448542171,-1,92
1622102144521,1622102144591,70,4,288,20709.0774683969,-7018,83
1622102144661,1622102144691,30,7,361,17001.0527737248,-7160,272
1622102144771,1622102144781,10,-1,31,-1.0,-1,-1
1622102144911,1622102144941,30,0,58,1164.69801976567,-1709,266
1622102144951,1622102144981,30,0,265,21899.7959429958,-1,90
1622102145041,1622102145061,20,0,145,-1.0,-9933,61
1622102145111,1622102145131,20,0,33,1073.7515719289,-1,98
1622102145161,1622102145201,40,2,103,3954.7917502943,-32,97
1622102145221,1622102145261,40,1,57,5120.71185630445,-1988,109
1622102145341,1622102145361,20,0,97,-1.0,-5438,108
1622102145390,1622102145440,50,2,56,1172.67095887614,-27,94
1622102145450,1622102145470,20,0,78,5598.0088425101,-4316,257
1622102145480,1622102145530,50,4,142,7278.06973640862,-4062,73
1622102145590,1622102145650,60,0,273,13169.1207117967,-11415,28
1622102145780,1622102145800,20,1,148,6135.049451741,-1,75
1622102145810,1622102145830,20,1,135,12348.4955217579,-5169,271
1622102145850,1622102145880,30,3,167,9662.27126323124,-9784,270
1622102146020,1622102146110,90,0,391,17487.3710999907,-23818,280
1622102146190,1622102146200,10,-1,50,3838.32047675818,-1,-1
1622102146390,1622102146400,10,-1,56,4189.86991758011,-1,-1
1622102146410,1622102146510,100,3,427,25984.1063769597,-31717,43
1622102146570,1622102146590,20,1,124,-1.0,-5076,4
1622102146610,1622102146660,50,3,190,16054.8732892936,-11964,174
1622102146770,1622102146800,30,1,65,3192.68096024342,-1,244
1622102146860,1622102146890,30,2,111,2028.91653507907,-4858,260
1622102146910,1622102146930,20,1,196,13247.4731418688,-1,257
1622102147010,1622102147019,9,-1,107,-1.0,-1,-1
1622102147099,1622102147169,70,11,459,30447.2997316303,-23483,74
1622102147179,1622102147209,30,2,119,5190.82296340737,-165,90
1622102147269,1622102147279,10,-1,84,-1.0,-1,-1
1622102147399,1622102147429,30,5,238,18064.4069821148,-15665,248
1622102147459,1622102147499,40,6,277,14169.4944664092,-12260,73
1622102147529,1622102147629,100,7,521,38172.7937918208,-16207,230
1622102147709,1622102147779,70,10,209,3156.26509667274,-7239,285
1622102147839,1622102147889,50,1,252,20490.1070063239,-19419,63
1622102147949,1622102148009,60,21,733,27977.3319790268,-44827,162
1622102148169,1622102148219,50,18,727,42201.4903501414,-42008,355
1622102148289,1622102148309,20,0,41,2621.76685566117,-1099,135
1622102148469,1622102148499,30,1,93,4028.69195432055,-1,197
1622102148559,1622102148658,99,24,1157,76524.7803807158,-49138,359
1622102148728,1622102148778,50,38,2271,100424.392598915,-174187,309
1622102148868,1622102149008,140,11,404,5582.67240822376,-29613,170
1622102149038,1622102149048,10,-1,32,972.227441086777,-1,-1
1622102149278,1622102149308,30,0,86,-1.0,-4579,276
1622102149328,1622102149348,20,0,96,5379.78505575243,-1,320
1622102149408,1622102149438,30,1,120,-1.0,-5875,40
1622102149448,1622102149458,10,-1,46,1820.07310293484,-1,-1
1622102149478,1622102149518,40,1,57,3223.53961028095,-1847,354
1622102149558,1622102149568,10,-1,37,2324.02173292501,-1,-1
1622102149648,1622102149808,160,21,2210,114242.320243761,-18715,64
1622102149818,1622102149858,40,28,2250,222940.708508075,-109890,156
1622102150078,1622102150118,40,7,774,43613.6935758322,-3404,131
1622102150387,1622102150417,30,9,836,36477.7058610322,-1,88
1622102151117,1622102151297,180,8,443,31157.5588037137,-24805,112
1622102151377,1622102151447,70,5,238,9495.7904985824,-16255,90
1622102151477,1622102151497,20,0,35,841.858034945387,-8,10
1622102151507,1622102151567,60,1,454,33487.9796714726,-33317,79
1622102151637,1622102151717,80,5,629,54888.8238241219,-40541,231
1622102151797,1622102151837,40,8,903,-1.0,-49230,48
1622102151957,1622102151976,19,0,52,2409.86250156093,-1,176
1622102152086,1622102152116,30,2,102,5520.43140048124,-1,61
1622102152126,1622102152136,10,-1,59,3774.90666061901,-1,-1
1622102152526,1622102152546,20,3,278,59.0162245360489,-1,327
1622102152636,1622102152676,40,13,377,8523.21508050443,-4806,239
1622102152756,1622102152806,50,3,396,16079.7167144812,-32178,71
1622102153286,1622102153336,50,6,343,16392.4596181186,-22051,90
1622102153396,1622102153466,70,2,546,36412.9040803103,-24808,329
1622102153476,1622102153566,90,2,313,29214.8774848241,-23084,272
1622102153576,1622102153626,50,2,102,8666.03094744606,-7160,213
1622102153636,1622102153655,19,2,296,19951.8993723037,-1,49
1622102153725,1622102153795,70,2,186,14646.5316770237,-15432,182
1622102153855,1622102153885,30,4,193,14791.6166151147,-144,153
1622102153895,1622102153915,20,0,119,9715.49773242737,-6860,247
1622102153975,1622102154065,90,3,244,13289.6148068311,-12979,291
1622102154155,1622102154215,60,3,462,34868.8709807277,-37614,359
1622102154275,1622102154325,50,4,303,24056.6256628887,-13497,207
1622102154335,1622102154355,20,3,348,18817.8635335494,-1,46
1622102154715,1622102154735,20,1,83,6091.78716671863,-3488,127
1622102154745,1622102154765,20,6,861,55439.3495372763,-1,92
1622102154865,1622102154905,40,2,540,14665.0777797826,-47602,162
1622102154995,1622102155225,230,18,590,29769.6288687949,-33914,173
1622102155304,1622102155314,10,-1,76,-1.0,-1,-1
1622102155324,1622102155444,120,11,233,12157.4805993133,-10856,357
1622102155454,1622102155494,40,1,324,26431.2481764219,-341,15
1622102155554,1622102155724,170,8,380,4760.22040254638,-16816,82
1622102155764,1622102155774,10,-1,37,1492.89293607616,-1,-1
1622102155854,1622102155884,30,2,132,704.059398031521,-8114,273
1622102155894,1622102155904,10,-1,32,2023.87495397208,-1,-1
1622102155914,1622102155944,30,0,77,4350.80199029892,-223,65
1622102156004,1622102156084,80,44,953,44527.8245411876,-19790,242
1622102156144,1622102156184,40,3,281,630.212501002043,-19986,46
1622102156254,1622102156324,70,4,119,3432.38188698943,-1143,1
1622102156404,1622102156424,20,0,64,-1.0,-2608,4
1622102156494,1622102156554,60,2,122,5388.27199191586,-8308,315
1622102156574,1622102156634,60,1,510,40445.8641249324,-25798,26
1622102156694,1622102156714,20,0,39,-1.0,-601,35
1622102156744,1622102156764,20,0,42,917.133752933727,-1,53
1622102156864,1622102156874,10,-1,31,1904.69315276058,-1,-1
1622102156884,1622102156914,30,6,1260,93737.1647240341,-1,70
1622102156973,1622102157043,70,4,655,10948.9791224554,-46361,205
1622102157143,1622102157163,20,0,43,1751.70587305499,-1,254
1622102157233,1622102157323,90,45,1224,46988.4927061166,-56975,238
1622102157403,1622102157433,30,3,476,-1.0,-29678,322
1622102157603,1622102157633,30,1,175,11573.1914067455,-1,166
1622102157803,1622102158023,220,10,632,10235.1300770995,-19970,207
1622102158103,1622102158173,70,3,727,14940.0928323985,-57348,309
1622102158253,1622102158263,10,-1,30,-1.0,-1,-1
1622102158283,1622102158303,20,5,219,20586.6308264098,-1,227
1622102158373,1622102158463,90,0,479,29419.0790630963,-31173,119
1622102158493,1622102158563,70,18,1282,77341.5406017448,-49548,126
1622102158622,1622102158712,90,8,164,5491.29244757187,-7164,269
1622102158722,1622102158732,10,-1,83,6537.88896307085,-1,-1
1622102158792,1622102158832,40,5,503,-1.0,-31955,232
1622102158942,1622102159012,70,5,120,8107.60634339516,-6673,263
1622102159072,1622102159122,50,2,161,4416.56791705366,-11294,334
1622102159202,1622102159312,110,10,599,28714.2977602771,-37042,139
1622102159372,1622102159532,160,13,389,17600.2611865329,-17057,38
1622102159542,1622102159582,40,0,80,7084.00619714453,-3268,104
1622102159592,1622102159612,20,0,43,1226.77442461812,-1,330
1622102159622,1622102159702,80,5,282,16757.300118839,-14782,334
1622102159762,1622102159832,70,4,91,4472.75068736289,-2942,50
1622102159892,1622102159902,10,-1,289,-1.0,-1,-1
1622102160002,1622102160112,110,3,229,12266.8391427653,-16661,130
1622102160182,1622102160251,69,2,283,17383.255548558,-9067,4
1622102160311,1622102160411,100,3,209,12645.2165060568,-14206,233
1622102160451,1622102160531,80,2,285,22266.1875980776,-9933,26
1622102160591,1622102160661,70,1,272,15623.9795749458,-11133,13
1622102160691,1622102160771,80,7,266,8845.71046800967,-15490,72
1622102160871,1622102160901,30,3,240,-1.0,-12097,200
1622102161041,1622102161061,20,1,136,8318.2838294573,-1,280
1622102161121,1622102161151,30,2,266,-1.0,-14461,163
1622102161321,1622102161331,10,-1,30,1998.76519365242,-1,-1
1622102161391,1622102161431,40,5,196,9840.76720598982,-11993,133
1622102161461,1622102161511,50,2,70,2420.37867327546,-1861,316
1622102161521,1622102161611,90,12,487,23192.4711161804,-22703,339
1622102161671,1622102161681,10,-1,34,-1.0,-1,-1
1622102161691,1622102161721,30,2,110,7778.8592264062,-2875,110
1622102161821,1622102161910,89,8,382,14347.5414713205,-27331,244
1622102161980,1622102162000,20,1,88,6222.65302897191,-1172,121
1622102162010,1622102162040,30,1,77,3805.24644359608,-3545,273
1622102162090,1622102162110,20,0,34,1228.02833038403,-1,302
1622102162120,1622102162140,20,0,48,2053.26236668459,-1805,349
1622102162170,1622102162180,10,-1,32,1112.45267233612,-1,-1
1622102162210,1622102162280,70,5,140,5744.00479646121,-8189,251
1622102162310,1622102162330,20,1,169,10053.5703150962,-1,108
1622102162390,1622102162400,10,-1,30,-1.0,-1,-1
1622102162450,1622102162470,20,1,336,23784.0400394526,-1,84
1622102162560,1622102162630,70,3,252,6301.39791159769,-18202,103
1622102162690,1622102162730,40,1,62,155.967641676215,-1308,234
1622102162740,1622102162750,10,-1,57,2983.30653047896,-1,-1
1622102162870,1622102162880,10,-1,33,788.382730654995,-1,-1
1622102162910,1622102163010,100,5,100,1983.8884528836,-364,212
1622102163100,1622102163140,40,4,257,-1.0,-8836,19
1622102163150,1622102163310,160,3,451,35332.575655257,-23977,189
1622102163380,1622102163599,219,36,894,43093.7987253732,-27489,204
1622102163679,1622102163819,140,19,277,8531.57105274587,-7629,344
1622102163839,1622102163859,20,0,58,2475.89675267711,-1,298
1622102163939,1622102163959,20,1,166,-1.0,-5481,305
1622102163969,1622102164059,90,2,368,28738.4528720839,-16645,217
1622102164069,1622102164079,10,-1,96,8375.54582694555,-1,-1
1622102164099,1622102164159,60,3,108,3483.00899054297,-1019,161
1622102164289,1622102164409,120,15,931,9894.60627019704,-36899,259
1622102164469,1622102164519,50,1,92,1383.34488894037,-4626,187
1622102164529,1622102164549,20,3,202,10510.1495355283,-1,83
1622102164609,1622102164639,30,1,190,2087.38456624452,-13053,87
1622102164649,1622102164699,50,4,156,10089.8661185068,-7854,124
1622102164759,1622102164809,50,1,43,395.56669468299,-796,102
1622102164919,1622102164929,10,-1,72,-1.0,-1,-1
1622102164959,1622102164969,10,-1,53,2517.55513010427,-1,-1
1622102165079,1622102165089,10,-1,38,1454.86023157963,-1,-1
1622102165119,1622102165129,10,-1,32,2005.13961726677,-1,-1
1622102165188,1622102165218,30,4,484,24443.8772803468,-1,79
1622102165288,1622102165568,280,3,427,31759.9812489841,-26523,181
1622102165628,1622102165698,70,20,830,50402.9145341554,-35223,295
1622102165778,1622102165898,120,7,129,5029.67698056986,-7632,328
1622102165928,1622102165978,50,8,572,23426.8152733863,-1,215
1622102166038,1622102166048,10,-1,1902,-1.0,-1,-1
1622102166158,1622102166178,20,0,48,-1.0,-1414,188
1622102166188,1622102166238,50,6,737,36511.3914349686,-11333,50
1622102166308,1622102166398,90,12,623,36000.6581417869,-42515,151
1622102166458,1622102166528,70,3,224,11463.9061707637,-12452,19
1622102166538,1622102166798,260,8,272,16461.137942489,-22720,348
1622102166838,1622102166917,79,1,449,24004.2888904178,-3428,9
1622102166987,1622102167197,210,11,789,22699.8714390627,-47308,189
1622102167277,1622102167357,80,7,186,10655.1877887017,-10482,261
1622102167377,1622102167417,40,0,53,3496.08162583451,-1789,187
1622102167457,1622102167467,10,-1,49,3936.73319574343,-1,-1
1622102167487,1622102167507,20,0,37,1692.31154454908,-379,237
1622102167537,1622102167547,10,-1,56,3117.1584751916,-1,-1
1622102167577,1622102167597,20,1,148,7540.61213528621,-1,116
1622102167657,1622102167667,10,-1,40,-1.0,-1,-1
1622102167707,1622102167717,10,-1,34,761.287476124203,-1,-1
1622102167987,1622102168067,80,4,98,2360.80581263903,-2444,226
1622102168077,1622102168177,100,4,87,3056.95072857704,-2238,95
1622102168197,1622102168217,20,1,79,3763.04989269994,-1,78
1622102168277,1622102168297,20,0,243,-1.0,-19572,77
1622102168307,1622102168367,60,0,438,37591.6126717504,-1297,180
1622102168447,1622102168496,49,1,63,3231.84420260769,-2612,78
1622102168576,1622102168606,30,0,162,8183.95547196727,-12958,67
1622102168656,1622102168666,10,-1,33,1605.67648906661,-1,-1
1622102168756,1622102168766,10,-1,30,-1.0,-1,-1
1622102169016,1622102169066,50,8,372,16500.7888203602,-491,142
1622102169126,1622102169136,10,-1,194,-1.0,-1,-1
1622102169166,1622102169186,20,0,244,20258.7961383449,-1,111
1622102169436,1622102169476,40,6,499,23861.9593479937,-11176,276
1622102169536,1622102169566,30,1,66,-1.0,-1381,309
1622102169576,1622102169606,30,1,1796,172268.884250378,-165475,285
1622102169696,1622102169726,30,0,95,8777.49865131052,-6509,145
1622102169986,1622102170066,80,3,95,2732.2819960113,-49,71
1622102170125,1622102170195,70,2,375,34116.4521076595,-33741,36
1622102170285,1622102170305,20,0,116,-1.0,-5920,263
1622102170325,1622102170345,20,0,108,6265.82808216453,-1,244
1622102170405,1622102170415,10,-1,72,-1.0,-1,-1
1622102170585,1622102170605,20,0,63,-1.0,-3359,321
1622102170635,1622102170705,70,4,88,4067.77768398137,-2908,275
1622102170725,1622102170755,30,1,77,3308.353288287,-4048,263
1622102170765,1622102170795,30,1,67,3050.92287386371,-2472,300
1622102170855,1622102170935,80,25,1651,101689.905059338,-86530,89
1622102170995,1622102171045,50,3,1595,44.0909210522406,-146398,276
1622102171055,1622102171075,20,0,39,3660.43113447756,-787,296
1622102171175,1622102171185,10,-1,403,-1.0,-1,-1
1622102171215,1622102171235,20,1,105,5602.17938852752,-1,284
1622102171305,1622102171325,20,0,61,5620.40788825378,-929,285
1622102171365,1622102171385,20,1,154,7594.0756784861,-1,247
1622102171485,1622102171515,30,1,120,4678.96933187642,-1,133
1622102171575,1622102171685,110,10,279,11890.2265633589,-3294,104
1622102171844,1622102171914,70,24,904,654.433618317518,-42509,160
1622102171984,1622102172064,80,9,370,31391.1846550926,-24168,299
1622102172144,1622102172214,70,1,301,15951.7758509206,-6235,321
1622102172274,1622102172304,30,1,269,5755.74840335465,-19795,151
1622102172314,1622102172374,60,3,75,4709.36636268067,-1202,327
1622102172454,1622102172504,50,1,191,2044.77126516844,-10055,10
1622102172534,1622102172554,20,0,33,1651.22818432181,-1,39
1622102172594,1622102172614,20,0,31,830.425033953728,-1,39
1622102172634,1622102172644,10,-1,37,1102.56700136403,-1,-1
1622102172704,1622102172714,10,-1,30,-1.0,-1,-1
1622102172734,1622102172814,80,2,290,15074.7514118399,-14750,64
1622102172874,1622102172884,10,-1,32,-1.0,-1,-1
1622102173054,1622102173094,40,2,312,11905.698595727,-1,43
1622102173154,1622102173204,50,4,267,1297.88662387081,-12398,241
1622102173304,1622102173314,10,-1,37,-1.0,-1,-1
1622102173354,1622102173364,10,-1,37,1582.10504814104,-1,-1
1622102173493,1622102173533,40,2,129,8762.69996014307,-1857,16
1622102173593,1622102173603,10,-1,36,-1.0,-1,-1
1622102173753,1622102173813,60,2,239,15676.8055077816,-530,75
1622102173873,1622102173933,60,4,132,3590.70435075211,-4669,104
1622102173943,1622102173973,30,2,105,3978.53172242235,-4642,150
1622102173993,1622102174063,70,3,68,2099.5619518059,-415,146
1622102174163,1622102174173,10,-1,59,5337.18898666616,-1,-1
1622102174243,1622102174253,10,-1,36,-1.0,-1,-1
1622102174363,1622102174383,20,1,152,4215.47766960406,-1,204
1622102174463,1622102174563,100,3,378,9757.63816843215,-19240,274
1622102174583,1622102174623,40,3,160,8318.46994090171,-7037,347
1622102174723,1622102174763,40,2,562,36599.3890728611,-29106,10
1622102174823,1622102174843,20,3,300,-1.0,-13008,270
1622102174893,1622102174923,30,0,80,6124.78097992432,-4543,102
1622102175003,1622102175043,40,2,110,2528.59253340962,-1233,150
1622102175102,1622102175112,10,-1,37,-1.0,-1,-1
1622102175152,1622102175182,30,2,184,8020.38009118347,-1,232
1622102175542,1622102175592,50,2,84,3235.21623934382,-2874,308
1622102175652,1622102175742,90,4,250,14291.0511075557,-16891,301
1622102175802,1622102175862,60,5,227,7307.19758085694,-11795,289
1622102175922,1622102176022,100,9,592,40096.4050608062,-37712,231
1622102176342,1622102176412,70,9,243,76.0588971989535,-7157,280
1622102176522,1622102176562,40,2,290,25716.9892803278,-16425,153
1622102176642,1622102176652,10,-1,43,-1.0,-1,-1
1622102176662,1622102176731,69,8,320,19468.6925247428,-12496,276
1622102176981,1622102177061,80,8,157,9302.04643360669,-3641,99
1622102177381,1622102177411,30,9,590,30302.4749151321,-1,286
1622102177771,1622102177791,20,1,59,1559.01596327925,-1,107
1622102177961,1622102177981,20,0,52,1979.83037955584,-1,116
1622102178021,1622102178031,10,-1,36,1103.55443820984,-1,-1
1622102178111,1622102178121,10,-1,43,1815.47554966273,-1,-1
1622102178171,1622102178181,10,-1,34,587.773604759664,-1,-1
1622102178221,1622102178231,10,-1,58,4624.10217792949,-1,-1
1622102178311,1622102178331,20,0,53,-1.0,0,219
1622102178350,1622102178400,49,7,290,17705.2251978446,-15650,357
1622102178520,1622102178550,30,0,43,1635.68041982834,-8,103
1622102178610,1622102178710,100,36,645,25374.781662998,-48510,310
1622102178720,1622102179030,310,22,513,46289.5147338602,-34734,65
1622102179090,1622102179300,210,10,299,21901.5761302262,-24211,150
1622102179360,1622102179410,50,3,138,7562.39793412344,-5289,312
1622102179420,1622102179430,10,-1,41,2886.13347595634,-1,-1
1622102179520,1622102179560,40,1,119,6822.57879284861,-1,175
1622102179640,1622102179650,10,-1,76,-1.0,-1,-1
1622102179730,1622102179760,30,0,48,1132.20628184294,-1,219
1622102179780,1622102179860,80,4,163,7786.87955876133,-3565,260
1622102179940,1622102179960,20,0,167,-1.0,-12340,273
1622102180109,1622102180129,20,0,47,2317.54501577403,-1140,221
1622102180299,1622102180309,10,-1,32,1435.49948345312,-1,-1
1622102180409,1622102180429,20,1,177,13218.8628745931,-1,135
1622102180489,1622102180499,10,-1,98,-1.0,-1,-1
1622102180549,1622102180569,20,4,540,29238.1105993916,-1,83
1622102180659,1622102180809,150,16,300,5854.34636963407,-18641,275
1622102180839,1622102180849,10,-1,44,1664.88555867335,-1,-1
1622102180909,1622102180929,20,0,31,140.009136242892,-1,306
1622102181049,1622102181079,30,0,51,2442.72712781019,-1,317
1622102181389,1622102181399,10,-1,74,5509.9024196626,-1,-1
1622102181529,1622102181549,20,0,53,3646.37191738086,-1461,221
1622102181678,1622102181698,20,0,159,11601.4325962167,-1,64
1622102181768,1622102181808,40,4,144,7695.40811182735,-8067,106
1622102182128,1622102182148,20,12,1209,60497.221899507,-1,92
1622102182238,1622102182258,20,6,567,2391.69106522043,-1,264
1622102182338,1622102182368,30,3,271,-1.0,-12191,280
1622102183198,1622102183218,20,3,582,41933.059006956,-1,94
1622102183327,1622102183377,50,10,578,20134.5016565823,-10325,273
1622102183437,1622102183457,20,0,110,-1.0,-6160,265
1622102183497,1622102183507,10,-1,46,4144.79163019271,-1,-1
1622102183517,1622102183527,10,-1,33,949.053410556711,-1,-1
1622102183587,1622102183597,10,-1,33,-1.0,-1,-1
1622102183677,1622102183717,40,4,211,8941.29351830816,-1,78
1622102183877,1622102183947,70,7,565,26333.7975577314,-38912,274
1622102184007,1622102184017,10,-1,46,-1.0,-1,-1
1622102184057,1622102184077,20,0,75,3441.2399434489,-1,327
1622102184137,1622102184147,10,-1,40,-1.0,-1,-1
1622102184167,1622102184177,10,-1,40,1413.33985792535,-1,-1
1622102184497,1622102184507,10,-1,43,2430.88960612915,-1,-1
1622102184747,1622102184757,10,-1,36,1562.86872170534,-1,-1
1622102184867,1622102184887,20,0,61,5365.00842367936,-2205,122
1622102185416,1622102185456,40,3,123,7652.20919900166,-5206,290
1622102185656,1622102185726,70,4,374,17399.4000234561,-19477,21
1622102185806,1622102185876,70,34,870,47316.5428664984,-28673,221
1622102185886,1622102186136,250,21,838,32118.0842358709,-9814,30
1622102186825,1622102186875,50,15,1459,126028.816604974,-122656,82
1622102186955,1622102186975,20,2,152,-1.0,-1196,249
1622102187105,1622102187165,60,34,1262,64902.0390613036,-72827,77
1622102187355,1622102187375,20,1,126,-1.0,-202,63
1622102187385,1622102187395,10,-1,58,5318.62045985724,-1,-1
1622102187405,1622102187455,50,3,99,4039.32019230036,-1973,34
1622102187535,1622102187595,60,21,615,12353.9043077503,-33554,190
1622102187675,1622102187765,90,7,171,5847.96530163658,-2465,350
1622102187895,1622102188045,150,2,1363,7804.19600577884,-81759,280
1622102188065,1622102188115,50,4,106,4952.75627161404,-2258,326
1622102188135,1622102188155,20,0,58,2739.29741995433,-1,318
1622102188214,1622102188284,69,4,426,37567.1521681412,-1,335
1622102188414,1622102188424,10,-1,51,2790.56302434914,-1,-1
1622102188504,1622102188534,30,8,678,34710.4456911506,-1,5
1622102188614,1622102188674,60,17,557,13713.7775601423,-35176,328
1622102188684,1622102188734,50,21,714,33153.8628620567,-15118,179
1622102188794,1622102188884,90,4,220,3405.98518626415,-17102,172
1622102188944,1622102188994,50,3,138,7537.0988149983,-7544,135
1622102189014,1622102189034,20,1,217,14442.2369464508,-1,49
1622102189094,1622102189114,20,0,73,42.5006108870022,-1,215
1622102189124,1622102189134,10,-1,59,3768.36180997594,-1,-1
1622102189154,1622102189164,10,-1,34,1753.00229520883,-1,-1
1622102189204,1622102189214,10,-1,35,1022.25125775632,-1,-1
1622102189224,1622102189234,10,-1,30,167.234353627501,-1,-1
1622102189244,1622102189314,70,1,311,16780.9407088755,-8292,348
1622102189374,1622102189384,10,-1,56,-1.0,-1,-1
1622102189394,1622102189454,60,2,273,18900.0597138936,-2214,305
1622102189524,1622102189564,40,30,1012,9559.01253392258,-19006,300
1622102189824,1622102189884,60,4,630,14970.2378494505,-51651,32
1622102189953,1622102190143,190,35,709,31772.5583239002,-25933,189
1622102190223,1622102190313,90,6,366,26144.288769468,-6655,104
1622102190393,1622102190483,90,5,175,1167.73434340341,-8959,346
1622102190543,1622102190593,50,9,432,22976.3187605671,-34900,347
1622102190603,1622102190613,10,-1,579,55371.7463643531,-1,-1
1622102190693,1622102190763,70,29,918,47161.3020327507,-33893,295
1622102191273,1622102191293,20,3,377,-1.0,-15090,119
1622102191303,1622102191333,30,1,107,9349.87631427586,-1864,331
1622102191393,1622102191483,90,4,1082,55839.8497825766,-9024,116
1622102191552,1622102191592,40,3,691,5026.40410657956,-57539,269
1622102191652,1622102191742,90,4,258,21498.1417566618,-19260,322
1622102191802,1622102191842,40,2,103,6631.79563370333,-5044,258
1622102191852,1622102191872,20,0,80,4272.92592922319,-1,274
1622102191952,1622102191972,20,0,54,-1.0,-2224,303
1622102191992,1622102192002,10,-1,43,1747.42647300342,-1,-1
1622102192442,1622102192462,20,0,55,2637.41331799945,-2276,228
1622102192482,1622102192522,40,2,470,37843.9367650119,-1,162
1622102192652,1622102192732,80,6,1121,64034.2531867901,-33993,207
1622102192792,1622102192832,40,0,374,6425.16217553457,-32244,308
1622102192922,1622102192952,30,1,62,2511.1507541267,-2067,111
1622102192982,1622102192992,10,-1,47,2414.86348779047,-1,-1
1622102193002,1622102193012,10,-1,93,7895.38315028519,-1,-1
1622102193072,1622102193082,10,-1,65,-1.0,-1,-1
1622102193251,1622102193271,20,0,37,1975.47860012186,-143,339
1622102193281,1622102193351,70,2,171,11116.8866669271,-2635,308
1622102193361,1622102193401,40,3,202,18315.737109103,-6702,323
1622102193411,1622102193481,70,8,156,10616.2475249458,-4779,247
1622102193501,1622102193511,10,-1,39,3150.74610241068,-1,-1
1622102193601,1622102193611,10,-1,30,1072.36261373863,-1,-1
1622102193661,1622102193681,20,1,60,3949.727426372,-1,339
1622102193791,1622102193981,190,9,1220,35451.4840736225,-87237,248
1622102194041,1622102194061,20,2,283,-1.0,-18364,182
1622102194091,1622102194111,20,1,156,7621.43667871672,-1,310
1622102194191,1622102194241,50,4,356,13989.9059601114,-25597,295
1622102194321,1622102194411,90,2,316,15226.4273046,-14027,135
1622102194471,1622102194561,90,9,158,3116.58365729447,-5032,53
1622102194621,1622102194651,30,2,117,7688.93298709633,-1,32
1622102194671,1622102194711,40,2,118,5336.34777237809,-1904,26
1622102194771,1622102194860,89,2,123,721.437078854736,-4598,327
1622102194960,1622102194980,20,1,81,-1.0,-1900,32
1622102195090,1622102195100,10,-1,35,1470.90654650141,-1,-1
1622102195120,1622102195140,20,1,159,10562.471450943,-1,236
1622102195220,1622102195250,30,4,378,-1.0,-16790,184
1622102195320,1622102195330,10,-1,45,-1.0,-1,-1
1622102195360,1622102195410,50,2,135,6271.0552021327,-774,200
1622102195470,1622102195480,10,-1,31,-1.0,-1,-1
1622102195500,1622102195530,30,4,886,68668.5483051508,-1,13
1622102195590,1622102195690,100,6,510,13711.0385304778,-32965,3
1622102195780,1622102195810,30,0,50,1924.16609117837,-1,285
1622102195900,1622102195920,20,0,54,2437.91859699246,-1,81
1622102196050,1622102196100,50,1,48,1429.02913160463,-1515,245
1622102196190,1622102196200,10,-1,37,2063.41158815912,-1,-1
1622102196210,1622102196230,20,3,621,46588.5194657834,-1,34
1622102196340,1622102196430,90,9,284,10984.2870096339,-12973,286
1622102196939,1622102196949,10,-1,44,1761.41513371716,-1,-1
1622102197049,1622102197059,10,-1,36,2645.02309955544,-1,-1
1622102197139,1622102197149,10,-1,31,-1.0,-1,-1
1622102197319,1622102197339,20,0,80,3818.14193979046,-1,23
1622102197689,1622102197759,70,3,267,13910.3117480608,-11975,112
1622102197769,1622102197779,10,-1,43,3804.98344910989,-1,-1
1622102197839,1622102197909,70,9,344,19431.0288078016,-16540,269
1622102197919,1622102197989,70,3,71,1988.86947545294,-1745,235
1622102198019,1622102198029,10,-1,100,7061.14052131777,-1,-1
1622102198119,1622102198148,29,2,214,1169.71788266326,-9803,200
1622102198158,1622102198208,50,5,181,8363.66524627603,-8416,268
1622102198268,1622102198288,20,0,45,-1.0,-1461,257
1622102198338,1622102198348,10,-1,33,1798.71017124231,-1,-1
1622102198488,1622102198498,10,-1,63,4521.54012950722,-1,-1
1622102198558,1622102198578,20,0,53,408.69198024029,-1,142
1622102198618,1622102198628,10,-1,63,3554.34029988229,-1,-1
1622102198708,1622102198768,60,5,231,11652.3773757382,-12128,5
1622102198978,1622102198998,20,1,60,5670.82152601451,-953,94
1622102199028,1622102199068,40,0,44,2167.104119281,-1397,106
1622102199228,1622102199248,20,2,242,-1.0,-313,110
1622102199258,1622102199328,70,4,232,22050.8378834641,-19805,270
1622102199398,1622102199438,40,2,108,4445.35435536081,-4097,271
1622102199448,1622102199478,30,1,58,2697.20973212178,-2151,232
1622102199498,1622102199528,30,1,60,2849.94579846962,-1548,255
1622102200127,1622102200197,70,14,524,32561.4114502882,-26029,320
1622102200207,1622102200257,50,1,70,4512.76094547859,-1492,114
1622102200337,1622102200367,30,9,438,22454.0569585858,-1,265
1622102201417,1622102201526,109,2,246,19950.0158156239,-17626,150
1622102201546,1622102201576,30,1,65,2419.94911268978,-239,169
1622102201636,1622102201746,110,17,706,13667.2265006959,-32421,124
1622102201826,1622102201836,10,-1,55,-1.0,-1,-1
1622102201846,1622102202046,200,22,527,29477.8600484989,-28086,74
1622102202106,1622102202146,40,0,153,8061.33281800356,-10915,172
1622102202186,1622102202226,40,2,72,5813.69506496756,-1869,255
1622102202246,1622102202276,30,1,76,4568.63385414866,-2020,250
1622102202286,1622102202346,60,1,34,392.195487389708,-306,256
1622102202406,1622102202416,10,-1,31,751.686191613625,-1,-1
1622102202496,1622102202516,20,0,45,3862.52294880825,-847,259
1622102202536,1622102202566,30,1,65,4319.53430593296,-1273,259
1622102202576,1622102202616,40,1,77,4280.6870475271,-2776,270
1622102202786,1622102202796,10,-1,30,708.556220649447,-1,-1
1622102203016,1622102203036,20,1,225,16199.1977123417,-1,78
1622102203125,1622102203155,30,10,506,27153.2405476709,-19781,269
1622102203275,1622102203295,20,0,40,-1.0,-764,282
1622102203465,1622102203475,10,-1,66,4046.14227591839,-1,-1
1622102203945,1622102203965,20,0,33,1977.09021844313,-1,262
1622102204045,1622102204055,10,-1,32,488.00682487933,-1,-1
1622102204075,1622102204095,20,0,66,3206.27263092145,-1,270
1622102204335,1622102204345,10,-1,58,4198.46137625085,-1,-1
1622102204415,1622102204425,10,-1,43,3341.01579460343,-1,-1
1622102204435,1622102204465,30,0,71,3559.96481515411,-1,90
1622102204525,1622102204535,10,-1,46,-1.0,-1,-1
1622102204724,1622102204744,20,0,279,22685.3066924329,-1,67
1622102204824,1622102204914,90,4,146,1793.94528953286,-9043,263
1622102204974,1622102205004,30,1,55,657.87311871045,-745,289
1622102205024,1622102205044,20,0,66,3044.52853516165,-1,306
1622102205124,1622102205144,20,0,41,148.915360217289,-1,276
1622102205184,1622102205194,10,-1,43,2926.77183763677,-1,-1
1622102205254,1622102205284,30,1,108,-1.0,-6219,168
1622102205324,1622102205344,20,0,105,5099.90622550051,-1,266
1622102206733,1622102206743,10,-1,32,-1.0,-1,-1
1622102206873,1622102206893,20,0,66,-1.0,-2204,117
1622102207053,1622102207113,60,13,587,5367.48494487364,-33488,274
1622102207643,1622102207683,40,1,236,14668.086851494,-1,51
1622102207873,1622102207883,10,-1,73,-1.0,-1,-1
1622102209422,1622102209442,20,3,613,46472.2002680446,-1,103
1622102209572,1622102209612,40,9,362,-1.0,-19280,268
1622102209642,1622102209661,19,0,62,4151.06245661982,-47,268
1622102209831,1622102209841,10,-1,39,2601.24810124301,-1,-1
1622102210331,1622102210351,20,0,38,1715.31371372073,-1,153
1622102210841,1622102210851,10,-1,255,-1.0,-1,-1
1622102210911,1622102210921,10,-1,81,-1.0,-1,-1
1622102211211,1622102211281,70,7,211,10356.1762444825,-7596,94
1622102211360,1622102211410,50,9,286,19133.999685059,-10013,282
1622102211740,1622102211750,10,-1,59,-1.0,-1,-1
1622102212020,1622102212050,30,9,1007,-1.0,-54083,125
1622102212140,1622102212190,50,10,689,24986.0855443773,-55278,286
1622102212230,1622102212280,50,2,64,2487.71101054541,-43,321
1622102212300,1622102212350,50,2,81,5265.08243710155,-2637,301
1622102212410,1622102212420,10,-1,37,-1.0,-1,-1
1622102213149,1622102213199,50,4,134,4921.2777772202,-5656,334
1622102213409,1622102213459,50,10,403,19978.8723437222,-17752,284
1622102213509,1622102213539,30,1,64,3047.747573325,-2868,320
1622102213559,1622102213579,20,0,42,876.921295237503,-1,294
1622102214159,1622102214179,20,0,56,-1.0,-413,95
1622102214189,1622102214279,90,0,251,13599.7407347017,-19587,347
1622102214708,1622102214818,110,4,240,13658.045884794,-15062,35
1622102214828,1622102214878,50,6,153,10190.0304908256,-7373,120
1622102214888,1622102214898,10,-1,65,4407.2395913989,-1,-1
1622102214958,1622102215018,60,7,282,11889.5888134527,-12221,317
1622102215028,1622102215058,30,1,99,8251.14286238846,-3809,74
1622102215118,1622102215128,10,-1,39,-1.0,-1,-1
1622102215328,1622102215338,10,-1,32,1278.89416401637,-1,-1
1622102215428,1622102215458,30,4,1005,77456.4317615045,-1,87
1622102215558,1622102215658,100,11,547,23104.2142909328,-45344,274
1622102215668,1622102215688,20,0,32,771.210362710668,-62,263
1622102215858,1622102215878,20,2,256,13699.3037533148,-1,147
1622102215958,1622102215968,10,-1,34,-1.0,-1,-1
1622102216028,1622102216078,50,1,40,1300.07881858232,-833,275
1622102216118,1622102216138,20,0,35,862.880928515191,-1,288
1622102216168,1622102216188,20,0,39,850.377904079209,-1,302
1622102217077,1622102217087,10,-1,299,-1.0,-1,-1
1622102218836,1622102218906,70,3,619,25326.9990613919,-51176,260
1622102218976,1622102218986,10,-1,89,-1.0,-1,-1
1622102219036,1622102219046,10,-1,30,90.1803348010322,-1,-1
1622102219056,1622102219066,10,-1,51,2945.08913434022,-1,-1
1622102219126,1622102219136,10,-1,39,-1.0,-1,-1
1622102219456,1622102219476,20,1,286,23284.7735138228,-1,113
1622102219615,1622102219885,270,29,1286,23839.1954722045,-37611,193
1622102220155,1622102220175,20,2,208,7956.94021145011,-1,31
1622102220255,1622102220445,190,20,354,15097.3499588835,-24638,358
1622102220505,1622102220585,80,5,106,2143.6235802722,-4943,54
1622102220595,1622102220735,140,10,342,28902.1077457937,-23569,214
1622102220805,1622102220855,50,10,557,13444.5756917741,-28676,277
1622102220865,1622102220915,50,4,129,4587.75746187528,-20,56
1622102221005,1622102221015,10,-1,38,1006.90233433751,-1,-1
1622102221085,1622102221095,10,-1,33,767.265240178063,-1,-1
1622102221175,1622102221274,99,14,657,32526.3808309395,-33278,208
1622102221354,1622102221374,20,0,248,-1.0,-21428,11
1622102221414,1622102221474,60,8,245,13893.5109015412,-669,150
1622102221484,1622102221494,10,-1,108,9739.12409403067,-1,-1
1622102221644,1622102221664,20,0,33,218.557406865159,-1,116
1622102221684,1622102221694,10,-1,30,1024.6941693778,-1,-1
1622102221754,1622102221764,10,-1,33,-1.0,-1,-1
1622102221834,1622102221864,30,7,627,29731.7309167406,-1,352
1622102221924,1622102221964,40,2,124,5397.83094168952,-4337,82
1622102221984,1622102221994,10,-1,61,5284.74318614229,-1,-1
1622102222074,1622102222084,10,-1,55,-1.0,-1,-1
1622102222104,1622102222134,30,1,259,17337.114296923,-1,8
1622102222204,1622102222254,50,2,151,12647.6273404623,-6303,27
1622102222474,1622102222524,50,6,197,-1.0,-5482,184
1622102222544,1622102222564,20,1,205,13569.2596574266,-1,143
1622102222644,1622102222664,20,0,99,-1.0,-3897,36
1622102222804,1622102222863,59,4,149,5479.32862275253,-2734,86
1622102222943,1622102222983,40,1,85,4710.6172061601,-2111,155
1622102223043,1622102223063,20,0,43,9.12774128418548,-1,6
1622102223073,1622102223083,10,-1,44,1887.77985778812,-1,-1
1622102223113,1622102223133,20,0,35,1237.64576506918,-1,270
1622102223223,1622102223263,40,3,171,6594.83043500666,-1,32
1622102223473,1622102223513,40,5,350,12126.9666312857,-1,32
1622102223573,1622102223583,10,-1,100,-1.0,-1,-1
1622102223593,1622102223653,60,2,52,1628.83822953927,-1497,212
1622102223713,1622102223773,60,4,141,10189.2809250354,-7187,64
1622102223843,1622102223863,20,0,97,5699.78145942967,-1,190
1622102223923,1622102223963,40,3,154,1569.03412389323,-10767,66
1622102224053,1622102224193,140,20,684,46968.5020993891,-34642,254
1622102224203,1622102224233,30,1,73,3991.46403802991,-21,300
1622102224393,1622102224413,20,4,794,58050.980799195,-1,97
1622102224502,1622102224562,60,5,179,11530.1991472591,-6923,319
1622102224652,1622102224662,10,-1,93,6823.02971144828,-1,-1
1622102224992,1622102225022,30,0,361,31934.7549746766,-15,83
1622102225182,1622102225242,60,12,387,8938.06479029103,-20515,269
1622102225302,1622102225352,50,2,89,2552.1447163969,-2566,258
1622102225362,1622102225422,60,1,149,9320.12927074027,-8923,182
1622102225512,1622102225572,60,3,91,4049.42233696538,-2312,277
1622102225582,1622102225662,80,9,241,14234.4058821222,-7345,245
1622102225832,1622102225862,30,1,57,3162.78039842478,-2570,190
1622102225972,1622102225992,20,0,58,2276.4661135493,-1,270
1622102226052,1622102226092,40,2,80,2529.32050772677,-2621,245
1622102226391,1622102226411,20,1,343,25554.6880706264,-1,43
1622102226471,1622102226511,40,7,526,-1.0,-20771,68
1622102226621,1622102226701,80,25,682,39160.4333595919,-16258,237
1622102226821,1622102226831,10,-1,53,4271.0862227618,-1,-1
1622102227341,1622102227361,20,0,77,-1.0,-4336,19
1622102228340,1622102228400,60,7,310,5104.47198443406,-19187,43
1622102228460,1622102228520,60,3,394,17176.5892005127,-29659,346
1622102228530,1622102228550,20,1,219,14505.666081579,-1,47
1622102228610,1622102228670,60,9,300,13077.080632934,-11273,179
1622102228890,1622102228980,90,13,477,32358.57644724,-18426,185
1622102229040,1622102229050,10,-1,162,-1.0,-1,-1
1622102229060,1622102229090,30,1,99,7331.93492294965,-3154,229
1622102229170,1622102229250,80,7,306,24542.2526675688,-13380,257
1622102229310,1622102229320,10,-1,31,-1.0,-1,-1
1622102229330,1622102229360,30,1,54,2280.51674204997,-1280,223
1622102229539,1622102229549,10,-1,45,1961.84523545244,-1,-1
1622102229589,1622102229599,10,-1,30,1076.40059000668,-1,-1
1622102229769,1622102229779,10,-1,58,4241.65782884406,-1,-1
1622102229889,1622102229969,80,0,260,8837.3560335329,-12899,210
1622102229979,1622102229999,20,0,36,2944.68977019857,-1,95
1622102230069,1622102230129,60,4,113,6659.70587402951,-2729,84
1622102230139,1622102230179,40,5,221,15050.7194265273,-5011,103
1622102230549,1622102230589,40,1,472,43651.2265939471,-10,92
1622102231158,1622102231208,50,13,767,-1.0,-25965,271
1622102231288,1622102231328,40,3,340,15977.7920359726,-7884,93
1622102231408,1622102231468,60,9,346,14244.934345179,-29976,267
1622102231558,1622102231568,10,-1,46,2486.38319431517,-1,-1
1622102231618,1622102231628,10,-1,45,2969.12843600628,-1,-1
1622102231708,1622102231748,40,1,104,5108.18073855084,-3395,216
1622102231758,1622102231768,10,-1,131,12252.0643509828,-1,-1
1622102231778,1622102231788,10,-1,101,8672.04814902548,-1,-1
1622102231888,1622102231908,20,0,61,2800.38387675973,-1,317
1622102231918,1622102231948,30,1,366,34845.8894280121,-29822,94
1622102232008,1622102232018,10,-1,113,-1.0,-1,-1
1622102232038,1622102232048,10,-1,31,2407.6522172023,-1,-1
1622102232058,1622102232068,10,-1,69,6126.17188194037,-1,-1
1622102232158,1622102232208,50,7,338,14488.1808837933,-6322,290
1622102232298,1622102232318,20,1,59,4171.56971201067,-1,126
1622102232348,1622102232378,30,1,72,3894.7544199526,-3081,94
1622102232398,1622102232528,130,6,182,9061.35746256793,-11697,113
1622102232548,1622102232598,50,1,51,1749.72505643192,-1439,111
1622102232628,1622102232757,129,52,816,53631.595342179,-25157,339
1622102232767,1622102232817,50,6,399,37813.3337083339,-16852,234
1622102232877,1622102232937,60,3,82,2386.55759619354,-3576,276
1622102233317,1622102233357,40,2,51,112.055915553695,-886,95
1622102233367,1622102233377,10,-1,48,3559.84875849952,-1,-1
1622102233527,1622102233607,80,2,717,10628.2709967677,-35743,126
1622102233677,1622102233767,90,9,375,18064.3331611866,-22039,300
1622102233847,1622102233877,30,1,81,3853.19670626156,-1386,292
1622102233977,1622102233997,20,0,38,1622.234156332,-360,305
1622102234017,1622102234097,80,23,794,59816.4724150257,-46876,133
1622102234107,1622102234127,20,0,33,1702.86881811011,-1,8
1622102234157,1622102234177,20,0,46,1590.45789452376,-1,330
1622102234277,1622102234386,109,19,469,11587.3987359495,-19062,298
1622102234396,1622102234406,10,-1,72,5892.03010568542,-1,-1
1622102234416,1622102234426,10,-1,114,9706.18607399518,-1,-1
1622102234486,1622102234496,10,-1,36,-1.0,-1,-1
1622102234676,1622102234696,20,8,806,39737.8634433232,-1,87
1622102234786,1622102234846,60,10,491,15099.1024366042,-36677,266
1622102234926,1622102234946,20,0,83,-1.0,-5080,54
1622102235106,1622102235126,20,0,33,1212.68278312038,-1,81
1622102235186,1622102235196,10,-1,40,-1.0,-1,-1
1622102235236,1622102235246,10,-1,65,5149.03619765193,-1,-1
1622102235306,1622102235356,50,1,72,1382.34030833653,-2321,100
1622102235366,1622102235376,10,-1,101,8845.91439435164,-1,-1
1622102235626,1622102235656,30,1,93,-1.0,-4073,275
1622102235806,1622102235816,10,-1,40,2957.6680187003,-1,-1
1622102236205,1622102236245,40,2,253,21047.8667657656,-18727,130
1622102236305,1622102236315,10,-1,54,-1.0,-1,-1
1622102236795,1622102236805,10,-1,65,4385.71293398133,-1,-1
1622102236915,1622102237045,130,14,316,19039.1232820846,-10763,261
1622102237994,1622102238014,20,3,462,27977.7145807107,-1,83
1622102238164,1622102238174,10,-1,109,-1.0,-1,-1
1622102238244,1622102238274,30,1,105,9466.0675945225,-5465,270
1622102238434,1622102238484,50,2,219,18032.3271662545,-17322,136
1622102238544,1622102238554,10,-1,40,-1.0,-1,-1
1622102238854,1622102238864,10,-1,30,-1.0,-1,-1
1622102239184,1622102239194,10,-1,54,2704.25846123892,-1,-1
1622102239254,1622102239264,10,-1,119,-1.0,-1,-1
1622102239823,1622102239843,20,0,60,-1.0,-2646,245
1622102239913,1622102239943,30,2,113,5668.61930226263,-80,106
1622102240003,1622102240023,20,0,66,2064.58522718365,-1,278
1622102240033,1622102240053,20,0,42,2186.88180395532,-1157,21
1622102240243,1622102240253,10,-1,46,-1.0,-1,-1
1622102240263,1622102240283,20,1,106,7712.26506727028,-61,107
1622102240293,1622102240303,10,-1,54,4461.61662832276,-1,-1
1622102240463,1622102240573,110,13,299,15969.3803928885,-22483,297
1622102240743,1622102240763,20,0,42,2147.43315741951,-1,121
1622102241132,1622102241172,40,14,583,31567.2616774883,-25702,120
1622102241582,1622102241622,40,3,123,7946.04750814734,-4811,180
1622102241992,1622102242062,70,16,522,20071.2388967826,-27543,313
1622102242152,1622102242162,10,-1,98,7074.49969821903,-1,-1
1622102242222,1622102242232,10,-1,46,-1.0,-1,-1
1622102242372,1622102242382,10,-1,36,2510.16801577022,-1,-1
1622102242392,1622102242412,20,4,428,22493.829381072,-1,109
1622102242522,1622102242581,59,5,469,17642.9330137435,-42953,261
1622102242592,1622102242611,19,0,37,1178.76757030654,-9,92
1622102242621,1622102242721,100,2,229,19883.2155792444,-13464,275
1622102243911,1622102243971,60,34,965,51733.3678776745,-26196,232
1622102244650,1622102244660,10,-1,81,-1.0,-1,-1
1622102244670,1622102244680,10,-1,56,2952.20020354825,-1,-1
1622102244750,1622102244760,10,-1,67,5096.39073226119,-1,-1
1622102244810,1622102244830,20,0,55,3459.68942513989,-2589,153
1622102244950,1622102244960,10,-1,46,3043.7556034739,-1,-1
1622102245040,1622102245080,40,4,129,7321.99447408939,-3505,20
1622102245440,1622102245580,140,30,1263,100579.155082309,-96798,37
1622102245590,1622102245680,90,1,513,43696.9277661679,-8540,351
1622102245770,1622102245810,40,16,544,10733.3442454573,-31089,149
1622102245889,1622102245959,70,13,388,22582.4503733871,-22125,343
1622102246039,1622102246119,80,3,187,6443.74241658216,-7386,338
1622102246219,1622102246429,210,13,463,28525.2823139505,-28027,338
1622102246489,1622102246499,10,-1,115,-1.0,-1,-1
1622102246529,1622102246549,20,0,54,3286.83246408239,-1,119
1622102246609,1622102246669,60,2,68,523.58484395909,-1877,123
1622102246679,1622102246689,10,-1,31,474.844318605382,-1,-1
1622102246839,1622102246849,10,-1,64,-1.0,-1,-1
1622102246909,1622102246929,20,1,79,-1.0,-703,258
1622102247179,1622102247199,20,0,42,1444.16319991373,-7,28
1622102247219,1622102247229,10,-1,34,1641.99062753299,-1,-1
1622102247289,1622102247319,30,4,504,-1.0,-30193,220
1622102247409,1622102247419,10,-1,34,850.449367352297,-1,-1
1622102247568,1622102247618,50,1,275,1783.92159484095,-19229,130
1622102247638,1622102247658,20,0,40,2022.11021263035,-8,131
1622102247718,1622102247768,50,3,249,9494.3699979994,-5497,131
1622102247878,1622102247908,30,0,92,6563.74340085314,-4674,105
1622102247968,1622102248028,60,4,251,7788.94078435005,-16041,158
1622102248038,1622102248048,10,-1,155,12888.4355143074,-1,-1
1622102248148,1622102248178,30,13,606,-1.0,-4223,297
1622102248288,1622102248328,40,4,441,-1.0,-25527,206
1622102248448,1622102248478,30,1,76,1910.2485282127,-1,146
1622102248548,1622102248558,10,-1,30,173.615091828425,-1,-1
1622102248568,1622102248588,20,1,95,7837.39172506268,-2851,308
1622102248918,1622102249028,110,22,718,48106.740831327,-29796,105
1622102249088,1622102249138,50,4,140,4027.50930818913,-4352,315
1622102249217,1622102249227,10,-1,224,-1.0,-1,-1
1622102249247,1622102249367,120,7,483,22164.929462856,-26991,192
1622102249627,1622102249677,50,3,227,14950.3886144075,-4085,12
1622102249687,1622102249697,10,-1,209,18825.1344234136,-1,-1
1622102249757,1622102249907,150,6,525,27217.2187216989,-45856,94
1622102249927,1622102250007,80,4,228,14210.0034568479,-16365,315
1622102250027,1622102250077,50,2,254,11517.6729454785,-20655,167
1622102250097,1622102250107,10,-1,30,997.912936498646,-1,-1
1622102250187,1622102250197,10,-1,36,-1.0,-1,-1
1622102250227,1622102250267,40,7,341,17335.563234511,-15090,23
1622102250297,1622102250367,70,0,239,14459.6596149029,-16921,219
1622102250387,1622102250517,130,3,191,17912.0656131522,-14714,225
1622102250717,1622102250727,10,-1,53,2585.74428264673,-1,-1
1622102250856,1622102250886,30,5,518,25006.0325620259,-1,11
1622102250976,1622102251026,50,17,504,1535.61278926152,-29650,355
1622102251086,1622102251176,90,11,421,16815.5590385126,-29344,147
1622102251306,1622102251326,20,0,287,-1.0,-20113,208
1622102251386,1622102251406,20,0,30,2.41746767802411,-1,230
1622102251456,1622102251466,10,-1,33,2738.65328425987,-1,-1
1622102251606,1622102251616,10,-1,46,3002.72693349544,-1,-1
1622102251676,1622102251756,80,3,56,560.808766253498,-1776,95
1622102251836,1622102251846,10,-1,31,-1.0,-1,-1
1622102251886,1622102251896,10,-1,52,2986.61232402931,-1,-1
1622102251936,1622102251956,20,0,42,1775.29039605557,-701,149
1622102252166,1622102252176,10,-1,79,5145.99193098915,-1,-1
1622102252246,1622102252286,40,0,84,8167.82525516414,-2275,123
1622102252505,1622102252575,70,1,296,13959.4070759161,-16313,30
1622102252635,1622102252655,20,3,438,30459.6643253473,-1,76
1622102252835,1622102252875,40,5,348,7474.95161047242,-18601,80
1622102252935,1622102252945,10,-1,162,-1.0,-1,-1
1622102253115,1622102253145,30,3,263,12909.0485786904,-1,168
1622102253205,1622102253235,30,1,89,3145.79429210994,-1997,107
1622102253265,1622102253295,30,1,78,6250.13928212865,-2595,121
1622102253355,1622102253445,90,25,697,39070.5006413358,-21179,239
1622102253535,1622102253595,60,1,106,4615.87752889205,-104,352
1622102253675,1622102253685,10,-1,50,-1.0,-1,-1
1622102253705,1622102253745,40,4,177,7916.76982182848,-4843,70
1622102253865,1622102253875,10,-1,68,4758.75692333266,-1,-1
1622102253935,1622102253945,10,-1,639,-1.0,-1,-1
1622102254085,1622102254114,29,3,317,-1.0,-15326,294
1622102254284,1622102254294,10,-1,411,-1.0,-1,-1
1622102254354,1622102254374,20,0,89,-1.0,-5668,96
1622102254674,1622102254724,50,9,383,21409.2905391446,-21695,346
1622102254784,1622102254804,20,0,297,-1.0,-24995,282
1622102254864,1622102254874,10,-1,38,1774.33219242532,-1,-1
1622102254964,1622102255044,80,1,164,13588.8572029653,-11145,136
1622102255064,1622102255094,30,0,40,1347.71114827335,-1,306
1622102255294,1622102255394,100,6,407,36168.7521463705,-25493,130
1622102255414,1622102255434,20,0,63,3293.33426775873,-1,173
1622102255494,1622102255514,20,0,65,-1.0,-2654,265
1622102255544,1622102255564,20,0,52,1814.65570621005,-1,217
1622102255654,1622102255694,40,2,282,20932.7315542429,-15595,68
1622102255754,1622102255783,29,3,222,-1.0,-13145,232
1622102256033,1622102256073,40,8,337,19837.818230155,-19368,82
1622102256083,1622102256123,40,1,215,16733.2999117822,-13263,77
1622102256203,1622102256233,30,1,64,2940.94324910376,-2541,102
1622102256323,1622102256343,20,0,81,4129.86930368778,-1,85
1622102256353,1622102256363,10,-1,61,4566.09596309312,-1,-1
1622102256373,1622102256423,50,10,891,41872.2160186867,-1,148
1622102256643,1622102256713,70,5,160,7001.02181321222,-8180,273
1622102256793,1622102256843,50,3,245,11816.0721493629,-13781,327
1622102256923,1622102256953,30,2,228,-1.0,-11254,178
1622102257343,1622102257373,30,3,578,-1.0,-40606,258
1622102257383,1622102257412,29,1,81,4288.18731613528,-426,277
1622102257472,1622102257482,10,-1,40,-1.0,-1,-1
1622102257532,1622102257562,30,1,61,2952.81222271241,-1,167
1622102257702,1622102257712,10,-1,31,2014.99392805687,-1,-1
1622102258002,1622102258012,10,-1,93,7167.4914707581,-1,-1
1622102258072,1622102258092,20,0,62,17.6647840891341,-1,214
1622102258252,1622102258262,10,-1,78,-1.0,-1,-1
1622102258402,1622102258422,20,0,44,2027.07622066764,-552,246
1622102258432,1622102258492,60,2,68,1830.45577031957,-2463,276
1622102258532,1622102258562,30,2,162,11414.7592948087,-1,116
1622102258572,1622102258632,60,2,128,11742.0230337891,-6965,294
1622102258642,1622102258722,80,1,210,14184.7354821118,-14511,231
1622102259161,1622102259171,10,-1,31,2537.2831374945,-1,-1
1622102259641,1622102259651,10,-1,31,1593.88679616179,-1,-1
1622102259811,1622102259841,30,3,151,7394.51497464271,-7042,160
1622102259961,1622102259971,10,-1,214,21487.83351774,-1,-1
1622102260051,1622102260191,140,19,479,22866.7718135319,-29058,270
1622102260241,1622102260261,20,0,106,5052.69974245319,-1,70
1622102260371,1622102260431,60,0,277,19348.6493639482,-10930,135
1622102260441,1622102260451,10,-1,34,821.971535229526,-1,-1
1622102260481,1622102260541,60,1,312,17571.3092509139,-25953,62
1622102260671,1622102260730,59,6,313,23696.9089354898,-20233,62
1622102260790,1622102260840,50,2,135,4130.50413612493,-8108,343
1622102260870,1622102260880,10,-1,78,7871.17487421524,-1,-1
1622102260940,1622102261000,60,0,313,9996.45615230155,-13743,247
1622102261090,1622102261150,60,3,216,14898.370524401,-9578,168
1622102261160,1622102261180,20,1,127,9790.88747542846,-5645,96
1622102261200,1622102261300,100,1,274,13527.1941162018,-13449,286
1622102261360,1622102261400,40,2,209,12059.9912764346,-3105,162
1622102261410,1622102261460,50,10,415,30231.5926589482,-13380,155
1622102261650,1622102261680,30,16,2638,188633.410138231,-30258,228
1622102262349,1622102262409,59,5,859,15116.4643589143,-78951,73
1622102262469,1622102262549,80,2,847,34121.0931338656,-70054,316
1622102263199,1622102263239,40,3,403,28171.7651147595,-25218,299
1622102263319,1622102263359,40,1,121,221.299398339899,-5377,117
1622102263369,1622102263389,20,0,58,3198.82934717568,-813,205
1622102263429,1622102263459,30,0,40,806.106691083861,-1,186
1622102263479,1622102263549,70,0,116,6585.56649596028,-4409,86
1622102263609,1622102263639,30,5,353,-1.0,-20706,57
1622102263669,1622102263819,150,2,423,30117.6849302219,-32329,100
1622102263889,1622102263899,10,-1,71,-1.0,-1,-1
1622102263929,1622102263969,40,7,322,26791.8267129889,-4265,246
1622102263988,1622102264098,109,2,526,37363.6154792192,-31183,355
1622102264158,1622102264168,10,-1,226,-1.0,-1,-1
1622102264208,1622102264218,10,-1,38,1477.74134012526,-1,-1
1622102264238,1622102264278,40,0,44,3146.74152873442,-1063,277
1622102264288,1622102264308,20,0,41,3077.51674513451,-1,168
1622102264338,1622102264358,20,1,95,4034.61483215949,-1,38
1622102264368,1622102264378,10,-1,71,6017.41209764568,-1,-1
1622102264628,1622102264678,50,1,79,4040.25514743952,-361,347
1622102264738,1622102264778,40,1,54,7.31919169238466,-1264,231
1622102264918,1622102264948,30,1,91,5748.18787626948,-1,225
1622102265008,1622102265018,10,-1,56,-1.0,-1,-1
1622102265438,1622102265478,40,2,138,11545.1851605836,-3597,236
1622102265538,1622102265627,89,2,299,7598.56925811025,-18949,292
1622102265687,1622102265737,50,2,96,-1.0,-2954,271
1622102265757,1622102265777,20,0,42,2446.32441623655,0,156
1622102265907,1622102266047,140,1,298,11831.0475757362,-12432,159
1622102266057,1622102266077,20,1,157,10726.2470613278,-1,274
1622102266137,1622102266167,30,2,297,-1.0,-16524,178
1622102266217,1622102266227,10,-1,36,2342.65862664169,-1,-1
1622102266287,1622102266337,50,0,71,4023.51296257933,-2932,256
1622102266527,1622102266567,40,3,132,7967.62055265198,-5831,11
1622102266757,1622102266777,20,1,149,9065.45245150727,-1,274
1622102266907,1622102266947,40,6,327,15714.0495546215,-17782,270
1622102266977,1622102267007,30,1,94,4343.29234236898,-4761,259
1622102267356,1622102267446,90,1,193,14697.057571266,-5986,186
1622102267506,1622102267516,10,-1,71,-1.0,-1,-1
1622102267616,1622102267656,40,4,146,7044.77738966573,-7632,6
1622102267676,1622102267726,50,0,104,9038.17795140661,-2632,0
1622102267806,1622102267826,20,0,61,-1.0,-10,0
1622102267836,1622102267846,10,-1,51,3259.82995019545,-1,-1
1622102267856,1622102267876,20,0,87,5625.21664995553,-1,180
1622102267936,1622102267946,10,-1,44,-1.0,-1,-1
1622102268166,1622102268316,150,11,185,3444.77643029088,-6870,265
1622102268566,1622102268576,10,-1,48,3493.106406319,-1,-1
1622102268636,1622102268646,10,-1,33,-1.0,-1,-1
1622102268836,1622102268846,10,-1,86,5907.75783227171,-1,-1
1622102269115,1622102269145,30,2,139,7422.76920983198,-5106,161
1622102269565,1622102269575,10,-1,93,7221.48969250109,-1,-1
1622102269655,1622102269755,100,30,758,33647.9811834641,-32270,259
1622102269785,1622102269805,20,1,67,4664.86378349072,-412,78
1622102269935,1622102269945,10,-1,31,1546.04281508261,-1,-1
1622102269975,1622102270075,100,27,619,34266.3373858451,-35491,69
1622102270734,1622102270774,40,4,332,-1.0,-18365,274
1622102270804,1622102270814,10,-1,38,1566.30531883663,-1,-1
1622102270904,1622102270944,40,1,367,23836.435380204,-11769,92
1622102271004,1622102271014,10,-1,51,-1.0,-1,-1
1622102271154,1622102271164,10,-1,81,-1.0,-1,-1
1622102271174,1622102271194,20,0,64,5305.37991204469,-1839,299
1622102271304,1622102271314,10,-1,42,1272.92932434498,-1,-1
1622102271354,1622102271374,20,0,53,2839.2992506506,-1,123
1622102271644,1622102271654,10,-1,43,2453.7092685816,-1,-1
1622102271784,1622102271814,30,5,294,4780.12180309653,-3264,265
1622102271884,1622102271904,20,0,79,6179.05472368287,-4114,225
1622102272024,1622102272064,40,3,130,8336.05947514946,-6728,283
1622102272353,1622102272373,20,0,76,4877.80027580296,-1507,279
1622102272563,1622102272593,30,2,104,5078.58740297732,-5880,307
1622102272693,1622102272713,20,0,92,5925.80504109626,-1,70
1622102272873,1622102272893,20,2,261,103.374427881073,-1,273
1622102272953,1622102272963,10,-1,144,-1.0,-1,-1
1622102273033,1622102273083,50,8,385,24260.8997059421,-21701,87
1622102273153,1622102273163,10,-1,78,5329.08175010626,-1,-1
1622102273263,1622102273293,30,2,100,5327.95116283364,-4544,171
1622102273763,1622102273773,10,-1,552,-1.0,-1,-1
1622102273832,1622102274002,169,5,310,19966.2815249794,-19358,259
1622102274042,1622102274082,40,16,1518,74430.4442647009,-1,231
1622102274392,1622102274442,50,6,292,18976.4234430528,-12922,20
1622102274452,1622102274462,10,-1,76,5722.84068000326,-1,-1
1622102274542,1622102274552,10,-1,111,-1.0,-1,-1
1622102274782,1622102274802,20,4,539,32907.3097550906,-1,70
1622102274892,1622102274942,50,7,480,17433.2720939492,-40668,280
1622102274952,1622102275142,190,16,320,16657.0915168359,-22756,83
1622102275202,1622102275312,110,10,300,3785.4297089145,-20716,249
1622102275392,1622102275432,40,4,401,-1.0,-23599,276
1622102275442,1622102275462,20,1,200,13398.0416729595,-1,225
1622102275671,1622102275761,90,3,53,1326.03320856036,-1081,298
1622102275821,1622102275911,90,8,135,3780.70372723249,-5138,75
1622102275991,1622102276041,50,11,666,28486.6382844712,-1003,192
1622102276291,1622102276391,100,2,436,13460.6440301201,-30543,315
1622102276411,1622102276461,50,1,222,12373.1285672773,-2883,139
1622102276521,1622102276531,10,-1,187,-1.0,-1,-1
1622102276541,1622102276741,200,20,412,35822.0533236073,-21089,233
1622102276821,1622102276871,50,2,82,1876.42502265015,-209,68
1622102277440,1622102277460,20,5,382,-1.0,-2720,73
1622102277670,1622102277860,190,17,517,24366.5181625346,-29604,259
1622102277920,1622102277930,10,-1,44,-1.0,-1,-1
1622102277980,1622102278040,60,6,166,10240.0765047435,-6348,288
1622102278110,1622102278130,20,1,101,4847.91196337947,-1,302
1622102278210,1622102278270,60,3,137,3962.04789874252,-4571,330
1622102278280,1622102278290,10,-1,46,2471.70397003594,-1,-1
1622102278420,1622102278430,10,-1,44,1755.73405656879,-1,-1
1622102278440,1622102278530,90,7,224,8046.06854148818,-16781,245
1622102278640,1622102278670,30,1,58,2055.76719133455,-1,307
1622102278839,1622102278859,20,0,109,6912.18910235347,-1,86
1622102278919,1622102278929,10,-1,44,-1.0,-1,-1
1622102278999,1622102279009,10,-1,41,1288.09777704184,-1,-1
1622102279079,1622102279119,40,4,488,23279.505850952,-1581,176
1622102279339,1622102279359,20,0,157,-1.0,-4480,21
1622102279369,1622102279399,30,7,355,34395.8806446631,-17707,334
1622102279409,1622102279419,10,-1,57,3372.4523365045,-1,-1
1622102279429,1622102279439,10,-1,41,2582.70882850969,-1,-1
1622102279449,1622102279529,80,10,204,9978.26240628144,-6538,10
1622102279609,1622102279629,20,0,31,-1.0,-4,310
1622102279639,1622102279649,10,-1,32,2642.09287135327,-1,-1
1622102279739,1622102279749,10,-1,30,2113.32427656334,-1,-1
1622102279779,1622102279829,50,19,593,26464.0109916705,-1,67
1622102279939,1622102279999,60,14,488,5674.26550471624,-30677,262
1622102280009,1622102280109,100,6,199,10504.4220093222,-7927,204
1622102280219,1622102280249,30,10,296,4702.77585935353,-14493,147
1622102280319,1622102280359,40,3,204,1836.00574921792,-13021,192
1622102280379,1622102280399,20,0,110,7115.87186464304,-1,166
1622102280458,1622102280528,70,1,162,3009.04968141401,-5240,253
1622102280588,1622102280608,20,1,63,-1.0,-882,135
1622102280768,1622102280778,10,-1,44,2563.14155504967,-1,-1
1622102280858,1622102280908,50,1,60,1808.18365832669,-1048,61
1622102280918,1622102280928,10,-1,37,1441.05227624479,-1,-1
1622102281008,1622102281048,40,6,647,-1.0,-37497,9
1622102281128,1622102281168,40,6,308,12831.9814911277,-3308,192
1622102281718,1622102281738,20,5,391,-1.0,-17525,116
1622102281758,1622102281768,10,-1,46,3011.97786767114,-1,-1
1622102281878,1622102281908,30,4,369,-1.0,-15680,281
1622102281988,1622102282058,70,7,347,17215.9689389911,-1054,91
1622102282147,1622102282157,10,-1,620,-1.0,-1,-1
1622102282767,1622102282807,40,4,142,6227.16075173516,-1,236
1622102282937,1622102282957,20,35,2109,77220.850467192,-1,310
1622102283037,1622102283067,30,4,221,499.79541971862,-1,118
1622102283227,1622102283237,10,-1,51,2693.65383214073,-1,-1
1622102283247,1622102283277,30,1,45,2599.23556420373,-19,237
1622102284006,1622102284046,40,10,491,19616.394232623,-33815,317
1622102284136,1622102284206,70,6,241,11493.7518502798,-11338,107
1622102284286,1622102284346,60,5,209,14435.2617318728,-4195,169
1622102284416,1622102284486,70,16,837,58730.467793621,-50353,96
1622102284756,1622102284846,90,9,214,2015.66688095173,-9907,28
1622102284896,1622102284906,10,-1,31,676.840768258569,-1,-1
1622102284956,1622102284966,10,-1,48,3236.23522992185,-1,-1
1622102285116,1622102285146,30,2,94,5484.40553453277,-88,98
1622102285156,1622102285186,30,1,165,11263.632189114,-5454,303
1622102285316,1622102285495,179,22,333,19834.9206794183,-8377,233
1622102285515,1622102285595,80,1,121,8770.87407165711,-4563,155
1622102285825,1622102285845,20,1,191,-1.0,-168,25
1622102285955,1622102286035,80,6,672,26337.3318578385,-58605,264
1622102286075,1622102286095,20,0,37,1855.49101105662,-521,259
1622102286695,1622102286705,10,-1,32,2537.96183051496,-1,-1
1622102287054,1622102287094,40,1,290,15767.1369265323,-24305,303
1622102287334,1622102287374,40,6,373,-1.0,-21324,228
1622102287684,1622102287694,10,-1,41,2546.4927906163,-1,-1
1622102287804,1622102287864,60,8,343,15939.6442575077,-21359,53
1622102287924,1622102287944,20,0,46,-1.0,-7,113
1622102288394,1622102288474,80,7,262,7234.5454077856,-22971,270
1622102288494,1622102288504,10,-1,66,6405.88987331604,-1,-1
1622102288933,1622102288993,60,7,258,12157.8429692314,-10418,301
1622102289833,1622102289843,10,-1,39,2702.37038726468,-1,-1
1622102289923,1622102289933,10,-1,56,-1.0,-1,-1
1622102289953,1622102289973,20,0,60,3857.17330619971,-35,128
1622102290113,1622102290143,30,2,225,10446.8670023618,-3251,242
1622102290203,1622102290233,30,1,184,-1.0,-9756,259
1622102290243,1622102290273,30,1,62,3198.36934939299,-1,280
1622102290582,1622102290632,50,5,187,9722.6699979495,-6384,193
1622102290642,1622102290652,10,-1,59,3517.23153247259,-1,-1
1622102290822,1622102290832,10,-1,30,1456.99508893712,-1,-1
1622102291082,1622102291142,60,5,132,4189.1961790138,-1,64
1622102291202,1622102291292,90,14,343,9746.98117228881,-17925,274
1622102291352,1622102291392,40,2,96,482.921697575031,-3162,15
1622102291402,1622102291422,20,0,50,2745.91644614269,-1539,75
1622102291432,1622102291442,10,-1,38,861.315694575072,-1,-1
1622102291612,1622102291632,20,0,36,1086.54995497515,-1,74
1622102291702,1622102291782,80,4,222,15264.5858446069,-16334,75
1622102291842,1622102291892,50,4,279,27123.611043659,-16434,263
1622102291902,1622102291921,19,0,63,3458.79850028877,-2987,132
1622102292001,1622102292011,10,-1,35,1519.08944734524,-1,-1
1622102292211,1622102292231,20,1,72,5775.20144374161,-1658,235
1622102292311,1622102292351,40,4,180,9494.57030917344,-7534,1
1622102292711,1622102292731,20,1,169,9720.18068208026,-1,150
1622102292791,1622102292801,10,-1,30,-1.0,-1,-1
1622102292851,1622102292861,10,-1,36,1916.08549516842,-1,-1
1622102293431,1622102293471,40,9,367,21250.8254544837,-21315,296
1622102293700,1622102293730,30,1,77,-1.0,-3095,271
1622102293860,1622102293890,30,1,160,9254.23356508404,-1,95
1622102293950,1622102294000,50,5,379,17615.7026740926,-8882,215
1622102294240,1622102294310,70,11,400,29232.8622057461,-31838,53
1622102294370,1622102294380,10,-1,163,-1.0,-1,-1
1622102294460,1622102294510,50,0,135,5882.94925095259,-2441,80
1622102294640,1622102294650,10,-1,35,2493.15715027706,-1,-1
1622102295090,1622102295130,40,3,152,2327.55418809201,-6171,357
1622102295279,1622102295299,20,1,93,5711.44693183853,-1,95
1622102295379,1622102295469,90,14,534,24830.2573196111,-43425,265
1622102295489,1622102295499,10,-1,34,2026.29911651676,-1,-1
1622102295619,1622102295639,20,1,108,-1.0,-5557,8
1622102295799,1622102295809,10,-1,66,6632.37404652156,-1,-1
1622102296319,1622102296329,10,-1,55,-1.0,-1,-1
1622102296509,1622102296529,20,1,182,-1.0,-279,269
1622102296609,1622102296629,20,1,79,3197.36677166262,-1,284
1622102296739,1622102296769,30,1,66,28.8225305839447,-1504,117
1622102296799,1622102296829,30,0,96,6837.10920879529,-5484,298
1622102296839,1622102296849,10,-1,842,84005.5663174891,-1,-1
1622102296908,1622102296918,10,-1,55,-1.0,-1,-1
1622102296938,1622102296948,10,-1,606,59219.6664592475,-1,-1
1622102297228,1622102297238,10,-1,259,25247.2333979843,-1,-1
1622102297328,1622102297448,120,9,191,14753.2386479161,-7116,196
1622102297458,1622102297478,20,0,48,1720.14238089345,-1,98
1622102297668,1622102297708,40,14,699,6299.28942555592,-33173,269
1622102297768,1622102297798,30,1,74,1682.81053867863,-1,164
1622102297818,1622102297848,30,2,104,6138.82584513128,-67,239
1622102297938,1622102297948,10,-1,35,1230.77195920882,-1,-1
1622102297958,1622102297968,10,-1,35,1534.5084589093,-1,-1
1622102298058,1622102298108,50,2,75,2787.68731520824,-3397,151
1622102298188,1622102298198,10,-1,30,-1.0,-1,-1
1622102298218,1622102298238,20,1,76,6744.39720954423,-3616,121
1622102298308,1622102298318,10,-1,35,1330.14265519728,-1,-1
1622102298328,1622102298378,50,1,309,23764.1512294001,-1288,65
1622102298567,1622102298647,80,9,293,5321.97007227599,-13746,173
1622102298717,1622102298797,80,4,180,8397.0020800114,-5547,165
1622102298857,1622102298867,10,-1,67,-1.0,-1,-1
1622102298907,1622102298947,40,2,251,20762.0417273805,-18511,144
1622102299007,1622102299047,40,1,441,17848.6213322268,-30416,264
1622102299067,1622102299137,70,7,194,10344.9870136981,-11247,328
1622102299187,1622102299207,20,4,357,18396.2625085993,-1,146
1622102299317,1622102299537,220,11,903,35432.3827117321,-55117,67
1622102299547,1622102299657,110,7,464,25922.6767032289,-33353,327
1622102299717,1622102299727,10,-1,295,26678.9562569129,-1,-1
1622102299857,1622102299907,50,3,111,5601.84144323321,-5143,141
1622102299917,1622102299927,10,-1,104,9681.72155292839,-1,-1
1622102300107,1622102300127,20,1,61,5144.93584962771,-1,272
1622102300146,1622102300166,19,1,50,1921.17597442497,-1,158
1622102300436,1622102300476,40,1,60,2138.72597776787,-1325,13
1622102300676,1622102300706,30,1,219,4409.72034626653,-16558,249
1622102300716,1622102300736,20,0,61,5419.78295827517,-1221,117
1622102300866,1622102300896,30,4,245,5484.24332714459,-750,279
1622102300976,1622102300996,20,1,78,5208.43697439722,-2774,282
1622102301506,1622102301596,90,12,610,40685.71825125,-55512,269
1622102301676,1622102301716,40,1,134,11.1137510099972,-7845,39
1622102301855,1622102301875,20,0,91,6034.53291612841,-1,70
1622102302075,1622102302085,10,-1,141,-1.0,-1,-1
1622102302095,1622102302105,10,-1,795,78298.7816110292,-1,-1
1622102302115,1622102302125,10,-1,785,75675.2731103144,-1,-1
1622102302135,1622102302145,10,-1,50,3300.16798453032,-1,-1
1622102302585,1622102302595,10,-1,41,2860.28101396784,-1,-1
1622102303185,1622102303265,80,8,528,25691.3964898213,-30710,275
1622102303474,1622102303504,30,1,84,4369.37988688902,-3404,229
1622102303514,1622102303524,10,-1,30,745.650996853781,-1,-1
1622102303854,1622102303864,10,-1,50,4476.77213976485,-1,-1
1622102303924,1622102303934,10,-1,39,-1.0,-1,-1
1622102304094,1622102304114,20,4,899,66281.8599047315,-1,90
1622102304204,1622102304274,70,15,565,9041.89779787501,-31726,275
1622102304544,1622102304564,20,0,30,1463.83538527142,-1,9
1622102304944,1622102304964,20,4,619,39210.8390448819,-1,84
1622102305064,1622102305143,79,15,461,22216.2404780687,-16837,265
1622102305213,1622102305223,10,-1,36,757.580254454127,-1,-1
1622102305293,1622102305323,30,1,44,1408.80847551272,-1044,214
1622102305643,1622102305683,40,2,115,6354.76493059735,-5422,349
1622102305863,1622102305883,20,2,338,23629.4125877911,-1,83
1622102305953,1622102306063,110,10,388,24947.6510097971,-30827,295
1622102306123,1622102306133,10,-1,52,-1.0,-1,-1
1622102306553,1622102306573,20,0,45,1738.24467258362,-727,29
1622102307172,1622102307212,40,6,224,15056.4722685742,-13949,331
1622102307372,1622102307382,10,-1,31,-1.0,-1,-1
1622102307392,1622102307402,10,-1,36,919.728457497411,-1,-1
1622102307412,1622102307462,50,2,159,12103.6113411523,-7438,160
1622102307642,1622102307652,10,-1,188,-1.0,-1,-1
1622102307792,1622102307812,20,0,47,2620.23668133286,-525,65
1622102307902,1622102307962,60,11,516,26887.5430506434,-46883,137
1622102308022,1622102308042,20,0,79,-1.0,-4520,84
1622102308052,1622102308062,10,-1,36,897.82987341539,-1,-1
1622102308222,1622102308242,20,1,130,7284.58200861558,-1,155
1622102308302,1622102308312,10,-1,46,-1.0,-1,-1
1622102308461,1622102308481,20,1,60,4017.33222296035,-222,203
1622102308621,1622102308641,20,0,34,1472.20785570447,-1,278
1622102308701,1622102308711,10,-1,34,-1.0,-1,-1
1622102308801,1622102308881,80,2,74,4707.54318869024,-1526,161
1622102308891,1622102308901,10,-1,37,2650.6464887556,-1,-1
1622102309051,1622102309071,20,0,53,2425.58238250651,-1,51
1622102309161,1622102309231,70,10,345,31068.2123983846,-18304,276
1622102309741,1622102309831,90,8,414,25347.3255563183,-36230,326
1622102309901,1622102309921,20,0,101,7422.68648736323,-5868,293
1622102310010,1622102310070,60,17,668,31304.1079792105,-28259,135
1622102310200,1622102310210,10,-1,45,3239.02299657262,-1,-1
1622102310480,1622102310490,10,-1,52,2733.84376144751,-1,-1
1622102311110,1622102311140,30,7,392,19292.4282211304,-80,86
1622102311290,1622102311310,20,0,125,-1.0,-8562,237
1622102311320,1622102311340,20,0,44,1774.37795517538,-665,246
1622102311759,1622102311779,20,0,118,8451.19096341716,-1,138
1622102311849,1622102311879,30,0,86,3.19192415595282,-5327,300
1622102311889,1622102311909,20,0,33,2773.7318708865,-5,139
1622102312429,1622102312449,20,0,36,2532.68792317363,-6,136
1622102312659,1622102312779,120,15,321,9677.97018830716,-10675,269
1622102312839,1622102312879,40,2,113,1922.35760636849,-3546,230
1622102312889,1622102312999,110,40,711,24321.6386287506,-22433,48
1622102313219,1622102313298,79,7,180,6582.93840286785,-8799,261
1622102313358,1622102313408,50,2,233,9121.01341649892,-16464,256
1622102313498,1622102313558,60,2,78,2751.12827011287,-1899,223
1622102313728,1622102313758,30,0,42,1044.23368726015,-2,78
1622102313768,1622102313848,80,4,175,13205.0623389886,-9166,107
1622102313998,1622102314078,80,11,536,27274.7722714959,-43438,277
1622102314088,1622102314098,10,-1,54,3614.95860912387,-1,-1
1622102314108,1622102314128,20,0,46,1928.84021855084,-1,171
1622102314188,1622102314198,10,-1,42,-1.0,-1,-1
1622102314248,1622102314308,60,3,237,11393.2401415536,-3427,311
1622102314318,1622102314338,20,0,79,7148.44704301698,-4069,261
1622102314348,1622102314408,60,5,208,10120.5160444559,-13321,110
1622102314468,1622102314548,80,32,848,30390.5523100481,-33797,274
1622102314608,1622102314628,20,0,46,-1.0,-1378,144
1622102314648,1622102314698,50,5,255,12023.2370602177,-464,198
1622102314758,1622102314768,10,-1,47,-1.0,-1,-1
1622102314788,1622102314798,10,-1,48,1937.32514642635,-1,-1
1622102314818,1622102314828,10,-1,65,3923.92344980643,-1,-1
1622102314908,1622102314918,10,-1,76,-1.0,-1,-1
1622102314947,1622102314957,9,-1,49,3274.928406196,-1,-1
1622102315017,1622102315107,90,4,77,2214.3430218946,-3790,67
1622102315177,1622102315187,10,-1,30,1526.87417064008,-1,-1
1622102315347,1622102315397,50,2,70,2440.91982886446,-41,273
1622102315457,1622102315467,10,-1,55,-1.0,-1,-1
1622102315617,1622102315627,10,-1,88,6125.30811947996,-1,-1
1622102315737,1622102315807,70,8,473,11336.0569823265,-26157,70
1622102315867,1622102315957,90,7,211,2604.03281384155,-12138,277
1622102316017,1622102316107,90,8,307,9670.5265116309,-27401,267
1622102316177,1622102316247,70,5,125,7583.18683257057,-4840,268
1622102316317,1622102316377,60,2,64,4714.51714395385,-1367,274
1622102316626,1622102316676,50,18,746,29788.800448634,-1,97
1622102316736,1622102316816,80,12,583,39904.0709374334,-35659,265
1622102316826,1622102316846,20,0,33,2141.0842766006,-1,54
1622102316876,1622102316906,30,2,113,6380.301217686,-5466,93
1622102316936,1622102316996,60,3,81,1748.94821355315,-1,73
1622102317066,1622102317096,30,0,45,1013.34620304588,-1,114
1622102317166,1622102317176,10,-1,32,342.029773056227,-1,-1
1622102317326,1622102317356,30,3,176,8624.63746092437,-243,303
1622102317416,1622102317436,20,0,85,-1.0,-3884,326
1622102317626,1622102317646,20,1,169,9238.66355415209,-1,202
1622102317726,1622102317766,40,6,300,92.4657102851711,-10777,86
1622102317906,1622102317956,50,4,586,998.376639804404,-36480,298
1622102318036,1622102318106,70,1,95,3254.48539694994,-4561,347
1622102318126,1622102318136,10,-1,37,2828.40546967687,-1,-1
1622102318146,1622102318206,60,5,188,10142.5187552452,-4806,143
1622102318225,1622102318245,20,2,207,12177.2799926507,-1,142
1622102318325,1622102318375,50,2,849,61273.8535650247,-1,276
1622102318615,1622102318645,30,1,53,1717.50621510907,-75,303
1622102318725,1622102318775,50,2,112,3177.76652815088,-7185,25
1622102318885,1622102318965,80,29,696,29436.3697803417,-44274,23
1622102319025,1622102319095,70,6,318,17863.4381289629,-20459,253
1622102319175,1622102319245,70,4,178,3528.63490961887,-6663,49
1622102319335,1622102319355,20,0,36,1420.64590634831,-375,213
1622102319455,1622102319525,70,1,394,27519.2448509463,-34832,144
1622102319585,1622102319595,10,-1,42,-1.0,-1,-1
1622102319635,1622102319645,10,-1,37,2247.88995683963,-1,-1
1622102319655,1622102319735,80,0,478,17799.9090552255,-34821,264
1622102319805,1622102319815,10,-1,71,4791.72545007366,-1,-1
1622102319924,1622102319944,20,0,61,3086.24988376768,-1,114
1622102320004,1622102320044,40,1,47,525.900390602651,-918,108
1622102320374,1622102320404,30,6,632,30676.476971649,-1,123
1622102320494,1622102320574,80,12,496,10569.5138355243,-45106,277
1622102320684,1622102320694,10,-1,31,1912.39098296178,-1,-1
1622102320784,1622102320804,20,0,42,3024.85802136228,-999,21
1622102321074,1622102321114,40,3,166,9175.29865540773,-1,152
1622102321364,1622102321484,120,32,994,41103.6701499532,-78150,86
1622102321583,1622102321593,10,-1,65,-1.0,-1,-1
1622102321603,1622102321633,30,0,53,3506.74194044123,-1732,293
1622102321643,1622102321653,10,-1,35,1984.1923359699,-1,-1
1622102321883,1622102321933,50,9,921,3040.35223975377,-51606,271
1622102321983,1622102321993,10,-1,37,2344.34197364943,-1,-1
1622102322073,1622102322093,20,0,225,18732.6827451247,-1,165
1622102322153,1622102322163,10,-1,54,-1.0,-1,-1
1622102322243,1622102322293,50,0,171,6770.49079672926,-1347,63
1622102322603,1622102322673,70,28,849,33400.5985106071,-27438,182
1622102322733,1622102322803,70,2,134,2128.69730824987,-5302,67
1622102322883,1622102322933,50,2,395,32395.6225321817,-33623,193
1622102322943,1622102322963,20,1,105,9055.3470011666,-4269,110
1622102323053,1622102323073,20,1,245,17191.998897987,-1,332
1622102323212,1622102323242,30,1,110,-1.0,-4744,298
1622102323302,1622102323362,60,2,154,7472.12013587854,-8231,322
1622102323442,1622102323652,210,8,341,19012.4069713064,-28460,208
1622102323742,1622102323772,30,4,522,-1.0,-30500,246
1622102323792,1622102323812,20,6,706,43036.5511469523,-1,232
1622102324192,1622102324252,60,4,563,51927.2249039625,-35677,278
1622102324262,1622102324292,30,2,99,7318.16084259966,-5026,284
1622102324302,1622102324312,10,-1,30,1381.58881604724,-1,-1
1622102324322,1622102324342,20,1,92,4735.5932245152,-1,351
1622102324422,1622102324472,50,4,149,-1.0,-4025,104
1622102324522,1622102324572,50,4,181,13195.6918577547,-8915,218
1622102324582,1622102324632,50,2,48,3052.23450496896,-320,81
1622102324692,1622102324702,10,-1,39,-1.0,-1,-1
1622102324752,1622102324762,10,-1,63,3535.31282043063,-1,-1
1622102324841,1622102324851,10,-1,341,-1.0,-1,-1
1622102324891,1622102324911,20,3,551,39171.9657035841,-1,109
1622102325091,1622102325171,80,7,243,5549.15943308644,-12435,271
1622102325441,1622102325461,20,0,61,2528.47814966218,-1,192
1622102325561,1622102325611,50,0,152,11501.0193380636,-11093,300
1622102326021,1622102326041,20,0,76,5134.74541669474,-2114,347
1622102326550,1622102326830,280,16,537,41630.9991238104,-38849,5
1622102326840,1622102326860,20,0,55,1506.17766118059,-1,273
1622102327000,1622102327010,10,-1,34,478.155336996108,-1,-1
1622102327030,1622102327050,20,1,83,6269.13818651567,-2592,340
1622102327240,1622102327250,10,-1,59,-1.0,-1,-1
1622102327290,1622102327340,50,2,77,4421.53333956873,-1816,238
1622102327400,1622102327410,10,-1,42,-1.0,-1,-1
1622102327440,1622102327460,20,0,110,7447.03321935866,-1,249
1622102327680,1622102327710,30,1,53,3643.30839239776,-1416,219
1622102328089,1622102328129,40,1,51,2581.42569681667,-1,71
1622102328299,1622102328309,10,-1,45,-1.0,-1,-1
1622102328349,1622102328359,10,-1,33,1636.44282233465,-1,-1
1622102328429,1622102328449,20,0,39,915.295255458312,-1,167
1622102328469,1622102328489,20,0,39,1159.23862810751,-14,294
1622102328699,1622102328709,10,-1,30,-1.0,-1,-1
1622102329009,1622102329039,30,5,243,11998.4760722394,-12760,168
1622102329059,1622102329069,10,-1,30,1765.3155597495,-1,-1
1622102329868,1622102329958,90,2,465,39079.5160680748,-30263,137
1622102329998,1622102330018,20,2,267,14289.1615641356,-1,76
1622102330188,1622102330208,20,1,1652,-1.0,-120735,273
1622102330268,1622102330278,10,-1,63,-1.0,-1,-1
1622102330288,1622102330328,40,7,276,21685.374326618,-14329,244
1622102330338,1622102330348,10,-1,65,3913.99126452252,-1,-1
1622102330408,1622102330478,70,10,317,11733.9992103853,-14881,273
1622102330498,1622102330588,90,4,123,5135.10096651699,-8188,273
1622102330598,1622102330608,10,-1,30,213.985229686115,-1,-1
1622102330638,1622102330648,10,-1,30,1413.94672423617,-1,-1
1622102330708,1622102330718,10,-1,64,-1.0,-1,-1
1622102330758,1622102330778,20,6,806,47873.074953141,-1,329
1622102330938,1622102330998,60,5,618,4000.75155706883,-42300,255
1622102331008,1622102331018,10,-1,32,776.434538995616,-1,-1
1622102331038,1622102331058,20,0,100,4950.82592392752,-1,98
1622102331118,1622102331128,10,-1,33,-1.0,-1,-1
1622102331777,1622102331797,20,11,953,57461.3193534959,-1,105
1622102331887,1622102331977,90,15,678,24732.8094554346,-53590,282
1622102332417,1622102332427,10,-1,63,4032.34501794884,-1,-1
1622102332607,1622102332647,40,2,88,3764.61144088308,-2146,167
1622102332986,1622102332996,10,-1,34,1134.38050500416,-1,-1
1622102333066,1622102333126,60,4,91,3374.49683653379,-2670,303
1622102333436,1622102333456,20,3,364,19276.0918753047,-1,72
1622102333526,1622102333606,80,3,363,30008.6383919051,-29218,248
1622102333626,1622102333646,20,0,43,3155.77532181375,-1,94
1622102333736,1622102333746,10,-1,30,-1.0,-1,-1
1622102333996,1622102334056,60,8,336,16137.97388794,-16669,106
1622102334636,1622102334646,10,-1,45,3199.92280867282,-1,-1
1622102334705,1622102334745,40,2,119,3900.19562443683,-6610,129
1622102334965,1622102335025,60,0,254,12747.0967493308,-14316,311
1622102335085,1622102335155,70,7,186,7842.10178680566,-8420,295
1622102335185,1622102335195,10,-1,44,3213.93205524227,-1,-1
1622102335405,1622102335525,120,5,284,11124.5069646064,-14184,274
1622102335575,1622102335595,20,1,158,9728.75875724206,-1,250
1622102335655,1622102335675,20,0,93,-1.0,-44,67
1622102335685,1622102335695,10,-1,63,4594.69546290393,-1,-1
1622102335725,1622102335745,20,1,72,4679.45262763533,-1,100
1622102335855,1622102335865,10,-1,36,2179.35664200401,-1,-1
1622102335925,1622102335955,30,1,81,847.27675582614,-1874,293
1622102336005,1622102336025,20,1,128,7668.16962866338,-1,289
1622102336085,1622102336095,10,-1,40,-1.0,-1,-1
1622102336225,1622102336235,10,-1,30,-1.0,-1,-1
1622102336364,1622102336374,10,-1,31,1006.87367581528,-1,-1
1622102336384,1622102336404,20,0,67,3136.99999696675,-1,280
1622102336484,1622102336494,10,-1,164,-1.0,-1,-1
1622102336584,1622102336624,40,12,410,1482.82991255511,-30538,267
1622102336634,1622102336694,60,6,218,13843.3288114739,-11197,275
1622102336924,1622102336984,60,6,234,13101.0427986123,-9198,246
1622102337004,1622102337014,10,-1,41,1798.14596013886,-1,-1
1622102337184,1622102337194,10,-1,34,1105.30003370145,-1,-1
1622102337214,1622102337254,40,10,412,24819.8627841942,-14996,292
1622102337354,1622102337364,10,-1,41,3944.52786559443,-1,-1
1622102337374,1622102337394,20,0,123,8387.18677579501,-1,79
1622102337474,1622102337484,10,-1,73,-1.0,-1,-1
1622102337544,1622102337594,50,10,304,15259.502688987,-9,88
1622102337684,1622102337744,60,3,194,9372.14293762564,-9479,226
1622102337754,1622102337774,20,0,41,3460.63522518424,-1,282
1622102337943,1622102337993,50,5,153,9512.55582809228,-3190,85
1622102338133,1622102338233,100,4,313,11045.9347632067,-13555,324
1622102338243,1622102338263,20,2,237,20656.5968693968,-1,246
1622102338273,1622102338343,70,1,193,16866.2818711466,-12844,343
1622102338403,1622102338413,10,-1,41,-1.0,-1,-1
1622102338453,1622102338473,20,1,124,7461.8292290636,-1,267
1622102338603,1622102338723,120,6,192,7425.62037990534,-13325,276
1622102339033,1622102339113,80,8,228,8877.79792564078,-12187,307
1622102339373,1622102339393,20,0,41,-1.0,-893,302
1622102339453,1622102339463,10,-1,35,1748.52777208514,-1,-1
1622102339493,1622102339592,99,8,265,12279.4621139873,-10373,277
1622102339652,1622102339662,10,-1,41,-1.0,-1,-1
1622102339682,1622102339702,20,0,34,1220.32962280721,-65,164
1622102339722,1622102339732,10,-1,34,575.932457537252,-1,-1
1622102339842,1622102339852,10,-1,60,-1.0,-1,-1
1622102339932,1622102339962,30,1,134,-1.0,-8150,292
1622102339972,1622102339982,10,-1,30,366.779096548389,-1,-1
1622102339992,1622102340012,20,0,58,3050.38555729595,-1,138
1622102340132,1622102340142,10,-1,30,826.331477993903,-1,-1
1622102340572,1622102340582,10,-1,50,2898.01405893634,-1,-1
1622102340652,1622102340672,20,3,289,13769.5215181418,-1,106
1622102340782,1622102340862,80,3,648,5844.78482559938,-32222,111
1622102340872,1622102340892,20,0,37,1358.92451088318,-1,264
1622102340932,1622102340992,60,2,278,12073.5779327064,-15868,87
1622102341022,1622102341032,10,-1,39,1059.43804624207,-1,-1
1622102341092,1622102341162,70,3,314,17988.915944118,-11620,336
1622102341221,1622102341281,60,3,235,573.49207986062,-11112,239
1622102341531,1622102341561,30,1,85,8056.94685604603,-1954,271
1622102341571,1622102341661,90,3,139,10810.2259139597,-7757,280
1622102341691,1622102341821,130,1,352,14432.0748499172,-29631,324
1622102341961,1622102341981,20,1,205,15195.2809691902,-1,60
1622102342041,1622102342051,10,-1,72,-1.0,-1,-1
1622102342061,1622102342111,50,1,211,18301.9713036301,-12885,225
1622102342191,1622102342251,60,1,292,16883.3350969064,-17404,112
1622102342261,1622102342311,50,7,195,11501.2316961608,-358,26
1622102342441,1622102342461,20,1,296,-1.0,-20525,245
1622102342491,1622102342501,10,-1,36,1227.2284715667,-1,-1
1622102342601,1622102342661,60,13,713,2734.68709653241,-25230,111
1622102342771,1622102342781,10,-1,43,3196.1936691355,-1,-1
1622102342840,1622102342910,69,1,100,6116.13552262624,-1,152
1622102343330,1622102343410,80,2,257,18428.3985046023,-19785,256
1622102343420,1622102343510,90,1,155,11941.9939108759,-5832,43
1622102343570,1622102343620,50,2,311,9335.18678827504,-18892,68
1622102343630,1622102343640,10,-1,31,496.929574880996,-1,-1
1622102343680,1622102343720,40,0,241,15728.3650763313,-11264,30
1622102343870,1622102343900,30,3,298,13252.6480017381,-1,316
1622102344020,1622102344070,50,9,421,-1.0,-11529,238
1622102344080,1622102344110,30,1,78,4297.96541868521,-1059,299
1622102344140,1622102344200,60,2,217,13101.2974876553,-14822,346
1622102344320,1622102344410,90,7,312,18451.5993607622,-21539,303
1622102344479,1622102344489,10,-1,33,1920.83166705786,-1,-1
1622102344569,1622102344629,60,8,259,9407.72960510344,-14186,279
1622102344749,1622102344779,30,4,198,10790.3899658993,-216,284
1622102344839,1622102344849,10,-1,66,-1.0,-1,-1
1622102344869,1622102344939,70,2,57,1428.21708896311,-1448,101
1622102344959,1622102345189,230,8,505,43177.6136283715,-29587,251
1622102345249,1622102345259,10,-1,88,-1.0,-1,-1
1622102345269,1622102345329,60,3,97,4906.41435119376,-3532,73
1622102345389,1622102345409,20,0,35,497.687871407967,-1,68
1622102345569,1622102345619,50,5,345,14537.422657802,-7017,286
1622102345699,1622102345709,10,-1,56,-1.0,-1,-1
1622102346428,1622102346528,100,7,293,19503.1584707617,-26037,55
1622102346668,1622102346688,20,3,411,21738.0095585757,-1,109
1622102346788,1622102346818,30,4,482,-1.0,-25597,262
1622102346828,1622102346858,30,3,183,8104.86989882895,-3837,261
1622102346948,1622102346958,10,-1,60,4406.45486731487,-1,-1
1622102346968,1622102346978,10,-1,77,5353.70478200239,-1,-1
1622102346988,1622102346998,10,-1,55,3134.48227256958,-1,-1
1622102347108,1622102347128,20,2,305,18652.2154137424,-1,134
1622102347188,1622102347208,20,2,179,-1.0,-7098,87
1622102347248,1622102347278,30,6,826,54802.6607370725,-1,274
1622102347358,1622102347428,70,0,435,21597.3898868228,-30557,23
1622102347458,1622102347538,80,4,247,11858.7869094335,-6555,347
1622102347618,1622102347678,60,0,151,9520.20281734343,-11060,246
1622102347728,1622102347797,69,0,231,9511.68780805937,-18575,315
1622102347997,1622102348087,90,8,244,13216.5887090372,-12671,269
1622102348187,1622102348227,40,2,231,7350.19749105099,-15298,228
1622102348367,1622102348427,60,0,307,21274.351418028,-24119,86
1622102348457,1622102348527,70,1,310,16963.9569417814,-12503,133
1622102348547,1622102348577,30,3,271,12128.6983175433,-1,308
1622102348637,1622102348727,90,3,375,17388.9896198684,-15339,17
1622102348787,1622102348837,50,1,216,3016.10825873399,-6085,79
1622102348847,1622102348857,10,-1,73,5484.12734857588,-1,-1
1622102348927,1622102349047,120,7,422,24992.0496238085,-13928,59
1622102349167,1622102349247,80,11,345,21842.8499044029,-27066,271
1622102349257,1622102349297,40,0,101,8291.72026325299,-5744,67
1622102349536,1622102349556,20,1,234,16325.8159221762,-1,108
1622102349656,1622102349756,100,7,327,17999.7290558416,-16264,293
1622102349766,1622102349786,20,0,33,530.40539509216,-1,98
1622102349806,1622102349816,10,-1,56,3507.26414940786,-1,-1
1622102349826,1622102349856,30,1,160,14189.1940551201,-9361,297
1622102349936,1622102350016,80,17,681,34943.7258659489,-32475,73
1622102350366,1622102350436,70,2,154,10538.8981941643,-7846,102
1622102350546,1622102350556,10,-1,32,1605.85473008208,-1,-1
1622102350576,1622102350656,80,3,261,23651.9085681268,-16642,190
1622102350676,1622102350686,10,-1,70,5555.5364824643,-1,-1
1622102350866,1622102350876,10,-1,38,-1.0,-1,-1
1622102351505,1622102351545,40,6,428,17891.9830963011,-24439,195
1622102351605,1622102351635,30,1,97,-1.0,-4737,302
1622102351995,1622102352015,20,0,49,-1.0,-1192,153
1622102352035,1622102352065,30,3,166,14898.5121780841,-6339,132
1622102352075,1622102352095,20,0,46,2161.30920649554,-1,140
1622102352105,1622102352125,20,0,39,972.075534897184,-5,235
1622102352205,1622102352245,40,6,306,18061.6252932669,-1771,146
1622102352295,1622102352345,50,2,120,10883.6188729187,-6256,255
1622102352355,1622102352425,70,3,418,30220.5317353016,-22463,99
1622102352495,1622102352525,30,1,219,19961.5048958383,-14791,356
1622102352545,1622102352565,20,5,230,20101.3892539172,-1133,333
1622102352615,1622102352665,50,7,294,19042.2735251424,-15898,159
1622102353204,1622102353234,30,2,87,3423.63193666844,-1638,272
1622102353254,1622102353274,20,2,156,9153.41473689753,-1,296
1622102353384,1622102353444,60,9,754,50421.7967391698,-41256,98
1622102353524,1622102353644,120,2,184,11416.9233934777,-5729,193
1622102353704,1622102353714,10,-1,41,3321.6719491774,-1,-1
1622102353934,1622102354014,80,1,317,7042.06812141818,-24467,199
1622102354074,1622102354134,60,2,129,4286.48819816421,-6308,357
1622102354204,1622102354403,199,10,478,27466.3554649132,-43631,309
1622102354413,1622102354423,10,-1,68,4817.66312983498,-1,-1
1622102354483,1622102354503,20,0,37,-1.0,-496,320
1622102354553,1622102354573,20,0,55,4223.05679459996,-1232,290
1622102354823,1622102354843,20,0,37,2289.28886764325,-1,153
1622102354903,1622102354913,10,-1,41,-1.0,-1,-1
1622102354973,1622102354993,20,0,161,12060.303484697,-1,270
1622102355053,1622102355073,20,1,157,-1.0,-7460,303
1622102355203,1622102355213,10,-1,39,-1.0,-1,-1
1622102355273,1622102355293,20,2,502,38635.9783237948,-1,67
1622102355483,1622102355533,50,2,230,4908.13452959477,-18553,225
1622102355803,1622102355863,60,4,229,11721.9218997698,-13112,130
1622102356042,1622102356062,20,0,53,2638.31634908325,-1654,221
1622102356372,1622102356392,20,1,206,13371.2816955614,-1,97
1622102356522,1622102356562,40,18,772,47327.3584324385,-995,277
1622102356572,1622102356602,30,1,321,30773.4836376208,-24788,271
1622102356612,1622102356642,30,2,123,5496.9960807679,-1,95
1622102356702,1622102356712,10,-1,92,-1.0,-1,-1
1622102356722,1622102356762,40,18,760,51828.6664108381,-36316,283
1622102356832,1622102356902,70,4,234,3906.61260725509,-11506,91
1622102356982,1622102357062,80,6,238,15099.7354303002,-11296,97
1622102357122,1622102357222,100,11,380,14770.8659012061,-17167,259
1622102357242,1622102357292,50,3,91,5022.18072053689,-3672,102
1622102357302,1622102357422,120,7,197,14201.9598130818,-13884,208
1622102357542,1622102357552,10,-1,47,-1.0,-1,-1
1622102357601,1622102357621,19,1,110,9410.72437473537,-4430,111
1622102357631,1622102357681,49,1,137,6668.19524784296,-3736,62
1622102357951,1622102357961,10,-1,113,-1.0,-1,-1
1622102358031,1622102358071,40,14,749,39668.3200837814,-49645,181
1622102358091,1622102358111,20,0,40,1516.23816981837,-1,123
1622102358121,1622102358131,10,-1,48,2344.01918406174,-1,-1
1622102358221,1622102358261,40,2,82,2871.16511914885,-2262,88
1622102358351,1622102358371,20,0,100,6935.39991661701,-1,180
1622102358381,1622102358391,10,-1,115,10429.0424907199,-1,-1
1622102358421,1622102358431,10,-1,344,31607.9860031761,-1,-1
1622102358651,1622102358661,10,-1,365,-1.0,-1,-1
1622102358741,1622102358751,10,-1,31,1541.29370452819,-1,-1
1622102358791,1622102358811,20,0,59,3615.43805764578,-1,266
1622102358821,1622102358881,60,3,104,6537.16981007706,-544,274
1622102358941,1622102358951,10,-1,71,-1.0,-1,-1
1622102358981,1622102358991,10,-1,31,1732.11709625101,-1,-1
1622102359280,1622102359290,9,-1,37,1783.95588674034,-1,-1
1622102359350,1622102359360,10,-1,41,-1.0,-1,-1
1622102359370,1622102359390,20,0,61,3058.54737484822,-1,317
1622102359400,1622102359410,10,-1,33,2087.85765259282,-1,-1
1622102359440,1622102359490,50,1,1009,97611.0902100289,-608,83
1622102359640,1622102359700,60,8,1088,2539.79653388751,-93908,278
1622102359710,1622102359730,20,5,361,27296.5181567858,-1,268
1622102359790,1622102359810,20,1,151,8843.14033279395,-1,221
1622102359920,1622102359950,30,1,56,2578.67637439488,-1238,270
1622102359960,1622102359970,10,-1,30,375.861271617248,-1,-1
1622102359980,1622102360090,110,38,802,39023.1449771494,-24090,188
1622102360110,1622102360140,30,5,189,8881.51266783594,-13128,9
1622102360290,1622102360310,20,1,67,2986.71464742382,-1,338
1622102360340,1622102360390,50,3,246,15992.1557273076,-8852,43
1622102360500,1622102360520,20,1,260,-1.0,-18769,313
1622102360530,1622102360570,40,4,213,18583.7155384888,-8624,247
1622102360590,1622102360610,20,0,53,1327.99794406734,-1,251
1622102360700,1622102360740,40,1,48,1444.74468583135,-699,268
1622102360840,1622102360850,10,-1,37,-1.0,-1,-1
1622102360979,1622102361009,30,0,40,1975.23097614993,-1,123
1622102361019,1622102361029,10,-1,57,4354.20678545698,-1,-1
1622102361039,1622102361059,20,0,30,1534.02404020906,-1,117
1622102361079,1622102361089,10,-1,41,1547.57153999544,-1,-1
1622102361199,1622102361209,10,-1,35,-1.0,-1,-1
1622102361229,1622102361339,110,37,956,44278.7059044867,-39624,352
1622102361469,1622102361539,70,7,178,1528.81009064278,-5790,152
1622102361619,1622102361679,60,4,440,35416.8641887328,-11153,110
1622102361739,1622102361759,20,0,41,-1.0,-814,139
1622102361889,1622102361899,10,-1,31,-1.0,-1,-1
1622102361919,1622102361959,40,0,162,14466.9134313598,-11075,33
1622102362049,1622102362089,40,1,111,7537.95582037244,-7731,176
1622102362109,1622102362139,30,3,190,17773.6046291815,-5636,116
1622102362229,1622102362239,10,-1,33,-1.0,-1,-1
1622102362439,1622102362459,20,0,89,7684.95190631795,-53,257
1622102362469,1622102362479,10,-1,76,5211.17295234391,-1,-1
1622102362558,1622102362578,19,4,589,38289.6423099129,-1,168
1622102362668,1622102362818,150,13,209,10775.8621967059,-14841,304
1622102362918,1622102363108,190,5,535,17174.632098365,-40835,20
1622102363188,1622102363198,10,-1,109,-1.0,-1,-1
1622102363328,1622102363348,20,0,37,675.715230830289,-1,303
1622102363398,1622102363408,10,-1,144,13872.7590844375,-1,-1
1622102363488,1622102363568,80,2,86,1432.38823918528,-4614,293
1622102363728,1622102363848,120,5,350,12677.0467416879,-22460,264
1622102363908,1622102363918,10,-1,54,-1.0,-1,-1
1622102364008,1622102364028,20,0,34,1207.17067903833,-1,8
1622102364048,1622102364098,50,7,766,37215.4127992431,-2441,189
1622102364917,1622102364937,20,10,1123,-1.0,-36122,72
1622102365017,1622102365257,240,22,395,30465.4098572554,-33772,246
1622102365347,1622102365377,30,1,63,5328.34809073335,-1,265
1622102365457,1622102365547,90,2,170,5940.80244330323,-4097,20
1622102365607,1622102365657,50,1,58,2705.64356002123,-1098,93
1622102365667,1622102365677,10,-1,51,2857.35621272383,-1,-1
1622102365687,1622102365697,10,-1,75,4569.42509387124,-1,-1
1622102365757,1622102365767,10,-1,190,-1.0,-1,-1
1622102365777,1622102365856,79,5,128,6869.37674538605,-4589,98
1622102365876,1622102365966,90,8,426,26128.4207719631,-3459,84
1622102366946,1622102366996,50,3,602,18046.1666552282,-46210,123
1622102367056,1622102367086,30,1,97,-1.0,-2443,273
1622102367096,1622102367146,50,2,577,28735.2155139111,-4838,6
1622102367206,1622102367226,20,4,628,-1.0,-36060,270
1622102367236,1622102367276,40,1,83,6173.56118905275,-1508,93
1622102367346,1622102367386,40,7,864,53558.9354160522,-1,103
1622102367495,1622102367525,30,7,823,-1.0,-50636,278
1622102368075,1622102368125,50,19,757,25653.5812075795,-1,93
1622102368185,1622102368275,90,10,591,15031.5824709459,-50774,270
1622102368545,1622102368595,50,11,352,14134.7639961696,-882,262
1622102368805,1622102368845,40,1,57,2752.72667944152,-15,193
1622102368905,1622102368915,10,-1,40,-1.0,-1,-1
1622102369055,1622102369065,10,-1,88,-1.0,-1,-1
1622102369384,1622102369414,30,10,468,35552.3632252124,-43696,283
1622102369664,1622102369684,20,3,459,31897.4698366304,-1,284
1622102370294,1622102370384,90,8,239,4050.49993632388,-8130,265
1622102370394,1622102370414,20,0,109,9131.40426880265,-6863,12
1622102370484,1622102370524,40,5,232,6743.92089326923,-1,7
1622102370584,1622102370634,50,9,295,-1.0,-15004,358
1622102370644,1622102370684,40,6,240,8876.57437821309,-13146,344
1622102370793,1622102370823,30,3,478,34196.3483460101,-8671,141
1622102370883,1622102370973,90,15,539,6730.35312631168,-18387,210
1622102371053,1622102371063,10,-1,154,-1.0,-1,-1
1622102371073,1622102371123,50,6,255,20489.3635514425,-4338,125
1622102371333,1622102371343,10,-1,356,-1.0,-1,-1
1622102371473,1622102371493,20,0,130,9860.12990425227,-1,215
1622102371733,1622102371753,20,0,95,-1.0,-5897,128
1622102371863,1622102371893,30,3,160,7540.80616074751,-9177,169
1622102372133,1622102372153,20,0,129,8892.35120073777,-1,105
1622102372283,1622102372323,40,10,430,-1.0,-19887,317
1622102372372,1622102372422,49,8,303,11632.5803562409,-1,169
1622102372702,1622102372732,30,1,42,-1.0,-24,270
1622102372742,1622102372772,30,1,71,3279.95402057374,-73,147
1622102373032,1622102373092,60,44,1096,36806.9305111868,-15928,48
1622102373152,1622102373192,40,2,354,8478.55566135208,-24289,91
1622102373252,1622102373262,10,-1,113,-1.0,-1,-1
1622102373382,1622102373402,20,3,683,49377.2228689661,-1,95
1622102373522,1622102373572,50,5,651,19463.6834886805,-48293,252
1622102373632,1622102373652,20,1,468,-1.0,-40469,317
1622102373742,1622102373792,50,2,72,2535.09225665826,-3772,194
1622102373922,1622102373982,60,35,920,55351.2401298098,-19654,97
1622102374051,1622102374291,240,20,442,31198.905024804,-37849,289
1622102374371,1622102374391,20,0,144,-1.0,-10780,73
1622102374401,1622102374441,40,1,69,2576.26649770256,-145,268
1622102374521,1622102374531,10,-1,51,-1.0,-1,-1
1622102374721,1622102374731,10,-1,56,3267.52115100557,-1,-1
1622102374741,1622102374761,20,0,33,1522.7512514784,-1,95
1622102374821,1622102374841,20,0,112,8155.74308381806,-1,293
1622102375071,1622102375081,10,-1,59,3599.53360590616,-1,-1
1622102375191,1622102375231,40,5,319,-1.0,-14753,108
1622102375361,1622102375411,50,4,141,8610.25406962077,-5421,164
1622102375541,1622102375581,40,4,754,56946.4263815882,-6,79
1622102375720,1622102375760,40,6,496,33576.8200575065,-12881,261
1622102375900,1622102375910,10,-1,52,3255.14523955569,-1,-1
1622102375970,1622102375980,10,-1,39,2189.15274133379,-1,-1
1622102376120,1622102376130,10,-1,33,1633.39809845581,-1,-1
1622102376490,1622102376510,20,0,41,8.92985819877978,-1,199
1622102376590,1622102376620,30,1,82,4531.4774886751,-1279,143
1622102376820,1622102376830,10,-1,44,2657.59123857395,-1,-1
1622102376900,1622102376920,20,1,334,25066.2208630925,-1,109
1622102377020,1622102377130,110,11,238,8785.45286146636,-10071,267
1622102377190,1622102377210,20,0,60,-1.0,-2444,39
1622102377399,1622102377409,10,-1,33,2765.98475255991,-1,-1
1622102377499,1622102377559,60,9,534,30852.3883563571,-31191,157
1622102377619,1622102377639,20,3,414,-1.0,-24335,228
1622102377689,1622102377709,20,1,208,12593.424704681,-1,278
1622102377769,1622102377839,70,0,288,22181.1498250593,-18653,91
1622102377919,1622102377929,10,-1,71,-1.0,-1,-1
1622102377969,1622102378109,140,18,450,21115.8766977352,-15235,339
1622102378169,1622102378259,90,6,592,38478.6253729893,-26766,45
1622102378339,1622102378409,70,7,335,5362.77830911816,-8191,208
1622102378479,1622102378499,20,0,33,355.449979985828,-1,330
1622102378549,1622102378559,10,-1,30,1116.90381628758,-1,-1
1622102378589,1622102378609,20,1,202,12512.223703498,-1,277
1622102378669,1622102378679,10,-1,360,-1.0,-1,-1
1622102378749,1622102378839,90,3,139,4577.6274118101,-9669,182
1622102378919,1622102378948,29,3,152,10508.2215972787,-8593,276
1622102378968,1622102378978,10,-1,32,1101.1435806145,-1,-1
1622102379008,1622102379108,100,1,132,8892.84375643764,-9725,190
1622102379198,1622102379208,10,-1,40,2447.77631955088,-1,-1
1622102379308,1622102379338,30,1,54,2108.71980615515,-1252,225
1622102379348,1622102379358,10,-1,35,1232.71395108253,-1,-1
1622102379448,1622102379558,110,25,879,65736.3090981846,-52127,171
1622102379568,1622102379578,10,-1,43,3000.68357679702,-1,-1
1622102379588,1622102379598,10,-1,30,552.576738479835,-1,-1
1622102379608,1622102379618,10,-1,31,646.073749284399,-1,-1
1622102379718,1622102379928,210,28,541,22567.6881539344,-20964,357
1622102379938,1622102379978,40,1,51,3645.85190097977,-711,223
1622102380008,1622102380028,20,0,37,781.566114200792,-1,237
1622102380078,1622102380138,60,1,69,5092.38497177816,-1277,248
1622102380148,1622102380168,20,3,296,15709.0655733829,-1,147
1622102380258,1622102380298,40,2,566,31635.5982228098,-4534,252
1622102380408,1622102380418,10,-1,158,-1.0,-1,-1
1622102380498,1622102380548,50,1,133,8832.55824300594,-8149,149
1622102380568,1622102380647,79,2,273,15149.866357531,-7481,82
1622102380707,1622102380757,50,1,251,12135.8101097464,-20539,256
1622102380767,1622102380807,40,2,114,7122.28320556791,-3957,266
1622102380817,1622102380827,10,-1,44,3244.57819074992,-1,-1
1622102380837,1622102380877,40,1,46,4027.53485323505,-1099,265
1622102380887,1622102380947,60,0,144,7912.73691792864,-3632,52
1622102380957,1622102380987,30,2,114,10390.5804311098,-5482,254
1622102381057,1622102381067,10,-1,30,1153.29735357436,-1,-1
1622102381277,1622102381307,30,4,390,16243.9198258749,-19087,227
1622102381367,1622102381387,20,0,74,-1.0,-2319,254
1622102381517,1622102381567,50,1,114,5277.80792506824,-6894,111
1622102381657,1622102381677,20,1,54,5431.43113240899,-509,270
1622102381717,1622102381727,10,-1,51,3042.81153416439,-1,-1
1622102381827,1622102381837,10,-1,70,5363.56118594204,-1,-1
1622102381967,1622102381977,10,-1,376,-1.0,-1,-1
1622102382037,1622102382077,40,0,111,3403.61037548917,-1,272
1622102382246,1622102382276,30,3,158,7452.23887447362,-30,62
1622102382336,1622102382356,20,0,134,-1.0,-9953,243
1622102382366,1622102382416,50,4,211,11766.4845562997,-14804,215
1622102382556,1622102382576,20,1,126,6030.36686665118,-1,71
1622102382686,1622102382726,40,6,262,15058.6822746217,-8792,5
1622102382736,1622102382756,20,0,40,1644.24541802096,-1,244
1622102382856,1622102382876,20,0,45,2245.19918288323,-1,96
1622102383006,1622102383096,90,11,561,33.9740734060598,-25477,256
1622102383106,1622102383136,30,1,93,5441.36281252929,-1955,90
1622102383146,1622102383156,10,-1,61,4984.34466007434,-1,-1
1622102383236,1622102383246,10,-1,114,-1.0,-1,-1
1622102383276,1622102383296,20,0,56,3509.48732103626,-5,19
1622102383356,1622102383396,40,2,129,7254.11029007853,-5854,233
1622102383466,1622102383476,10,-1,31,1976.19787152557,-1,-1
1622102383696,1622102383716,20,0,69,4563.83769209411,-2529,254
1622102383786,1622102383806,20,1,215,13686.7699539005,-1,100
1622102383915,1622102384005,90,16,354,13889.8115418984,-9983,280
1622102384075,1622102384095,20,0,55,1895.20111349061,-1,243
1622102384365,1622102384445,80,7,388,20471.9929449543,-20140,172
1622102384735,1622102384745,10,-1,39,2336.89357346592,-1,-1
1622102384905,1622102385015,110,7,351,25849.2613931539,-24569,281
1622102385215,1622102385285,70,6,256,14885.0444102327,-10420,181
1622102385445,1622102385465,20,7,897,50515.0210350336,-1,84
1622102385584,1622102385644,60,10,375,16038.2077631685,-24356,266
1622102386044,1622102386054,10,-1,36,1518.3817636755,-1,-1
1622102386164,1622102386184,20,10,1027,51313.8377137167,-1,81
1622102386254,1622102386334,80,19,606,31047.3516106353,-27908,236
1622102386434,1622102386444,10,-1,88,-1.0,-1,-1
1622102386584,1622102386644,60,8,295,14210.0663458292,-9083,159
1622102386664,1622102386714,50,2,100,6400.47142386031,-5456,308
1622102386824,1622102386834,10,-1,56,-1.0,-1,-1
1622102386994,1622102387014,20,0,127,9436.74804828807,-1,109
1622102387143,1622102387223,79,7,145,3805.41449668751,-8513,279
1622102387423,1622102387483,60,5,267,16943.6353492952,-16370,160
1622102387903,1622102387913,10,-1,97,7621.05895055874,-1,-1
1622102387973,1622102388013,40,0,78,4712.38204741852,-4766,270
1622102388183,1622102388273,90,0,360,29010.0323443584,-30960,284
1622102388343,1622102388433,90,11,287,13874.5490243273,-15522,332
1622102388583,1622102388613,30,5,257,13050.1883763925,-10,163
1622102388673,1622102388693,20,0,113,-1.0,-8050,212
1622102389012,1622102389042,30,1,70,3467.11185082544,-25,105
1622102389152,1622102389352,200,10,291,7411.24577551367,-15450,257
1622102389642,1622102389692,50,4,167,10085.8304752099,-6657,326
1622102389722,1622102389742,20,0,55,3145.01964032782,-1670,277
1622102389752,1622102389792,40,2,154,10983.4586128448,-4993,47
1622102389852,1622102389922,70,4,308,15857.7991566,-6192,245
1622102389962,1622102390032,70,3,156,10059.3922114932,-12199,48
1622102390042,1622102390092,50,4,198,11563.035075591,-5099,222
1622102390172,1622102390202,30,3,305,-1.0,-15099,153
1622102390242,1622102390292,50,4,120,6380.30712785847,-907,9
1622102390302,1622102390332,30,3,182,16017.1763574596,-3902,119
1622102390342,1622102390382,40,2,162,13666.070414513,-10188,199
1622102390392,1622102390501,109,2,241,16339.6763483324,-12229,347
1622102390701,1622102390781,80,18,357,15175.9937260216,-7560,279
1622102391031,1622102391081,50,4,188,12986.3996753854,-7698,57
1622102391211,1622102391241,30,3,508,31629.4634102821,-1,158
1622102391321,1622102391371,50,4,192,9949.45980651175,-9583,110
1622102391391,1622102391401,10,-1,42,2043.37490359593,-1,-1
1622102391431,1622102391561,130,4,460,37382.6024551284,-22618,346
1622102391621,1622102391711,90,1,217,7754.01235898876,-10442,325
1622102391721,1622102391731,10,-1,164,14575.5923992699,-1,-1
1622102391791,1622102391811,20,1,132,-1.0,-4245,174
1622102391931,1622102391951,20,2,207,11011.656507738,-1,26
1622102391961,1622102392011,50,3,138,11370.2823346011,-6197,191
1622102392120,1622102392160,40,8,525,26379.2490023445,-1,244
1622102392220,1622102392270,50,3,109,2622.89293005671,-3442,315
1622102392280,1622102392290,10,-1,75,4844.58611399878,-1,-1
1622102392350,1622102392360,10,-1,147,-1.0,-1,-1
1622102392390,1622102392410,20,2,218,10676.6903119776,-1,232
1622102392490,1622102392500,10,-1,92,-1.0,-1,-1
1622102392510,1622102392520,10,-1,50,3515.69220729788,-1,-1
1622102392570,1622102392620,50,5,221,12353.4212621176,-11769,190
1622102392830,1622102392840,10,-1,31,1556.16299442465,-1,-1
1622102392900,1622102392930,30,2,113,4946.67066930659,-5010,37
1622102392940,1622102392990,50,3,164,7573.95646286817,-9214,122
1622102393220,1622102393250,30,2,197,-1.0,-8163,266
1622102393260,1622102393300,40,2,108,4868.53713881765,-4396,265
1622102393360,1622102393420,60,0,425,32207.2961670618,-23976,326
1622102393490,1622102393510,20,0,57,-1.0,-1787,281
1622102393530,1622102393610,80,13,807,36634.7889528953,-49036,124
1622102393620,1622102393689,69,1,186,16374.9197021959,-14380,14
1622102393749,1622102393819,70,2,433,31331.7537346106,-30076,244
1622102393909,1622102393949,40,0,95,6711.40325116006,-4702,270
1622102393959,1622102393979,20,0,115,7534.40279754154,-1,293
1622102394039,1622102394069,30,2,296,-1.0,-16813,241
1622102394219,1622102394279,60,0,128,9535.10863651837,-8682,147
1622102394289,1622102394389,100,2,304,26729.1482182515,-12042,103
1622102394449,1622102394459,10,-1,45,-1.0,-1,-1
1622102394469,1622102394489,20,1,124,10747.1972812406,-3188,132
1622102394569,1622102394679,110,5,461,33753.3416974874,-18388,83
1622102394739,1622102394769,30,2,586,14214.3743396051,-45109,286
1622102394819,1622102394839,20,0,47,2242.12148996997,-20,84
1622102394849,1622102394859,10,-1,41,3419.49848860384,-1,-1
1622102394869,1622102394919,50,2,197,6870.64594628995,-16113,25
1622102395049,1622102395159,110,5,379,20211.2485804354,-33399,243
1622102395608,1622102395638,30,11,549,28059.3444181762,-24466,290
1622102395738,1622102395748,10,-1,38,-1.0,-1,-1
1622102395768,1622102395788,20,0,60,4122.22716852266,-2727,265
1622102395848,1622102395938,90,4,160,8767.43183524132,-8449,154
1622102396398,1622102396438,40,3,402,-1.0,-26607,263
1622102396448,1622102396518,70,10,374,22603.6156907956,-19432,16
1622102396588,1622102396648,60,3,143,7255.44828435548,-1,180
1622102396708,1622102396728,20,0,91,-1.0,-5730,116
1622102396778,1622102396788,10,-1,37,2452.29637069686,-1,-1
1622102396868,1622102396908,40,1,397,4.2965929443497,-29953,211
1622102396918,1622102396928,10,-1,54,2750.56371061313,-1,-1
1622102397007,1622102397017,10,-1,98,-1.0,-1,-1
1622102397247,1622102397267,20,1,53,4823.56533197101,-329,84
1622102397427,1622102397437,10,-1,53,3051.3266685355,-1,-1
1622102397587,1622102397617,30,0,554,52063.2597681326,-13,305
1622102397687,1622102397777,90,17,640,13094.3063898705,-35126,282
1622102397857,1622102397867,10,-1,36,-1.0,-1,-1
1622102397897,1622102397917,20,0,31,2372.57611584884,-2,285
1622102398017,1622102398037,20,0,60,-1.0,-925,296
1622102398117,1622102398137,20,0,35,990.976937414596,-288,291
1622102398187,1622102398207,20,0,56,3109.89525083008,-1,100
1622102398267,1622102398347,80,3,565,48945.0876098053,-4346,99
1622102398407,1622102398477,70,8,344,22804.4600185553,-20075,279
1622102398547,1622102398607,60,3,93,2730.76645857953,-802,109
1622102398686,1622102398696,10,-1,45,-1.0,-1,-1
1622102398716,1622102398726,10,-1,35,857.263515489127,-1,-1
1622102398736,1622102398776,40,1,65,1848.39688921688,-1639,88
1622102398856,1622102398866,10,-1,72,-1.0,-1,-1
1622102399036,1622102399046,10,-1,50,2734.05848674221,-1,-1
1622102399096,1622102399126,30,0,49,1887.80037385188,-5,126
1622102399156,1622102399176,20,3,308,14524.4674541885,-1,346
1622102400176,1622102400225,49,19,655,15490.8736364157,-20452,117
1622102400305,1622102400435,130,11,634,3615.51523746083,-44621,343
1622102400455,1622102400515,60,3,82,3192.45752773711,-2991,325
1622102400525,1622102400575,50,2,72,3316.01747819094,-1316,279
1622102400595,1622102400695,100,6,93,4159.46247595473,-3558,303
1622102400705,1622102400745,40,1,53,1280.08481194409,-460,299
1622102400775,1622102400825,50,9,284,10650.1293098711,-24,227
1622102400885,1622102400905,20,0,78,-1.0,-3457,37
1622102400915,1622102401055,140,9,133,6314.45604019973,-3156,273
1622102401115,1622102401145,30,8,537,-1.0,-30455,92
1622102401155,1622102401195,40,1,53,2305.83046370355,-722,254
1622102401565,1622102401595,30,2,142,7517.68686213474,-1503,54
1622102402014,1622102402044,30,1,76,577.770774728337,-25,288
1622102402074,1622102402154,80,5,116,3243.41838330511,-7196,282
1622102402174,1622102402224,50,3,130,5412.91402744279,-675,287
1622102402284,1622102402344,60,1,290,4652.66645426766,-24325,339
1622102402354,1622102402364,10,-1,87,7155.06909760954,-1,-1
1622102402424,1622102402444,20,0,43,-1.0,-1274,270
1622102402464,1622102402494,30,12,1882,130339.5034896,-1,159
1622102402584,1622102402764,180,23,684,32474.9239540957,-47998,263
1622102402884,1622102402894,10,-1,131,10267.05243806,-1,-1
1622102402954,1622102402964,10,-1,66,-1.0,-1,-1
1622102402994,1622102403004,10,-1,46,3327.61930706219,-1,-1
1622102403044,1622102403074,30,1,60,2802.05700965464,-2891,158
1622102403094,1622102403114,20,0,48,1474.52209938074,-1,127
1622102403124,1622102403194,70,4,133,6944.3883647645,-5360,100
1622102403264,1622102403284,20,0,40,2171.57606489565,-472,128
1622102403334,1622102403344,10,-1,30,1805.46930510087,-1,-1
1622102403374,1622102403404,30,4,636,42996.9626583149,-1,77
1622102403534,1622102403553,19,0,81,-1.0,-5401,275
1622102403563,1622102403583,20,0,40,2279.38983031596,-889,248
1622102403703,1622102403723,20,0,35,2663.86057170217,-2,29
1622102403733,1622102403753,20,0,47,3012.91191939155,-1650,270
1622102403803,1622102403823,20,0,38,1619.64462520296,-1,190
1622102403893,1622102403913,20,0,49,1929.22398607409,-1,230
1622102403973,1622102403983,10,-1,51,-1.0,-1,-1
1622102404033,1622102404043,10,-1,38,1408.46425630574,-1,-1
1622102404143,1622102404193,50,2,88,4585.66458103934,-1128,256
1622102404263,1622102404283,20,0,40,2702.4613339937,-1,36
1622102404513,1622102404593,80,1,840,31741.8282173832,-72206,305
1622102404603,1622102404623,20,0,44,3610.95377734215,-1,105
1622102404693,1622102404703,10,-1,33,2993.34837995049,-1,-1
1622102404743,1622102404753,10,-1,31,564.935196089424,-1,-1
1622102404903,1622102404913,10,-1,32,815.889061315201,-1,-1
1622102405013,1622102405043,30,0,36,1818.90850751775,-456,98
1622102405053,1622102405063,10,-1,37,813.430595721989,-1,-1
1622102405123,1622102405143,20,0,50,687.230728834949,-1,59
1622102405163,1622102405172,9,-1,34,1034.65328976665,-1,-1
1622102405252,1622102405302,50,8,360,-1.0,-16434,276
1622102405322,1622102405352,30,2,120,8151.89488265035,-4226,76
1622102405372,1622102405422,50,2,77,3573.23055410806,-3965,95
1622102405552,1622102405562,10,-1,59,-1.0,-1,-1
1622102405632,1622102405652,20,0,40,2783.56616143601,-684,108
1622102405692,1622102405742,50,2,73,4481.68409350956,-3352,85
1622102405772,1622102405782,10,-1,72,4672.55294666467,-1,-1
1622102405842,1622102405932,90,3,125,8475.01707769296,-6125,108
1622102405972,1622102406022,50,1,41,962.200191879723,-238,20
1622102406102,1622102406112,10,-1,344,31704.1068776858,-1,-1
1622102406222,1622102406242,20,2,324,-1.0,-5441,34
1622102406302,1622102406322,20,0,63,-1.0,-1568,265
1622102406362,1622102406372,10,-1,32,524.598457567737,-1,-1
1622102406522,1622102406612,90,10,402,23150.0622453444,-28911,266
1622102406622,1622102406632,10,-1,90,6576.70522065201,-1,-1
1622102406642,1622102406782,140,8,759,53904.2831204945,-71216,93
1622102406921,1622102407051,130,1,527,38316.5182048875,-24765,63
1622102407131,1622102407141,10,-1,150,-1.0,-1,-1
1622102407291,1622102407331,40,2,356,31298.9928164821,-21832,309
1622102407421,1622102407471,50,6,312,17985.9959446089,-20630,267
1622102407481,1622102407561,80,4,194,8276.85119376067,-7735,44
1622102407591,1622102407611,20,1,177,9304.93083956358,-1,249
1622102407621,1622102407631,10,-1,98,8548.65524545133,-1,-1
1622102407701,1622102407741,40,0,41,919.971621043689,-513,52
1622102407751,1622102407781,30,1,84,7490.77548097484,-1927,51
1622102407841,1622102407911,70,9,654,51492.4573325234,-32262,265
1622102407981,1622102408021,40,1,109,128.080989671831,-3061,312
1622102408041,1622102408071,30,0,113,7830.15581017971,-637,82
1622102408151,1622102408161,10,-1,101,-1.0,-1,-1
1622102408171,1622102408211,40,1,85,3831.79035315677,-1,268
1622102408271,1622102408361,90,6,427,31230.5962002369,-34227,92
1622102408441,1622102408490,49,1,1085,-1.0,-84227,351
1622102408550,1622102408640,90,5,591,33478.6593420834,-42039,76
1622102408700,1622102408710,10,-1,116,-1.0,-1,-1
1622102408720,1622102408850,130,23,706,21947.2511361724,-65936,81
1622102408920,1622102408950,30,1,127,6571.96366241517,-2777,355
1622102409060,1622102409180,120,16,627,36865.3090671763,-32099,273
1622102409190,1622102409210,20,1,98,9444.37439145307,-2965,147
1622102409220,1622102409230,10,-1,69,4058.4524456929,-1,-1
1622102409300,1622102409340,40,2,82,4737.93260305017,-2680,37
1622102409360,1622102409390,30,1,50,1377.3827805602,-1796,14
1622102409410,1622102409480,70,14,522,16548.388989013,-21062,89
1622102409540,1622102409760,220,23,285,11164.1698384877,-13880,282
1622102409820,1622102409880,60,7,220,-1.0,-5535,272
1622102410149,1622102410219,70,8,198,204.817220583539,-4296,66
1622102410229,1622102410239,10,-1,33,975.813416787521,-1,-1
1622102410249,1622102410259,10,-1,33,1193.43245045882,-1,-1
1622102410269,1622102410309,40,6,222,8834.62250843566,-547,263
1622102410389,1622102410399,10,-1,177,-1.0,-1,-1
1622102410409,1622102410479,70,9,926,45900.1972958277,-71114,132
1622102410729,1622102410739,10,-1,1633,-1.0,-1,-1
1622102410799,1622102410869,70,1,302,4290.42981287942,-21867,281
1622102410879,1622102410909,30,4,207,9847.78961778827,-371,36
1622102410979,1622102410999,20,0,33,658.734509608879,-159,304
1622102411029,1622102411049,20,1,218,15292.9601561962,-1,74
1622102411129,1622102411169,40,22,1252,-1.0,-47543,285
1622102411239,1622102411359,120,11,207,4514.72546479166,-6154,74
1622102411369,1622102411379,10,-1,50,2948.04326769327,-1,-1
1622102411399,1622102411409,10,-1,37,2156.07412403211,-1,-1
1622102411439,1622102411449,10,-1,35,726.672916304415,-1,-1
1622102411549,1622102411589,40,1,123,886.452533210031,-7638,285
1622102411599,1622102411629,30,2,154,6511.37440057027,-1,129
1622102411689,1622102411719,30,1,263,-1.0,-16790,128
1622102411868,1622102411888,20,0,85,-1.0,-4660,206
1622102411898,1622102411908,10,-1,30,1155.02721770104,-1,-1
1622102411938,1622102412138,200,31,736,39794.045057,-22926,274
1622102412148,1622102412208,60,6,270,11793.3385259246,-698,161
1622102412218,1622102412308,90,6,1048,47784.3964878101,-22301,58
1622102412388,1622102412468,80,6,312,7693.90559008166,-23393,292
1622102412488,1622102412648,160,14,497,24375.8448427808,-20880,75
1622102412658,1622102412678,20,0,68,4853.34587066596,-1798,287
1622102412688,1622102412708,20,1,85,6307.31383056215,-3252,108
1622102412798,1622102412808,10,-1,128,-1.0,-1,-1
1622102412818,1622102412858,40,0,96,6604.18934826724,-3349,151
1622102412938,1622102413028,90,21,685,22890.461322158,-32077,279
1622102413088,1622102413108,20,0,543,-1.0,-50288,235
1622102413118,1622102413148,30,1,54,2326.02897722716,-2319,77
1622102413168,1622102413188,20,0,57,3561.34775680583,-29,308
1622102413198,1622102413288,90,23,1069,36090.126318318,-71579,88
1622102413367,1622102413407,40,3,162,1894.04633908331,-4261,273
1622102413417,1622102413497,80,0,187,17793.3822458861,-11811,236
1622102413527,1622102413557,30,5,262,13192.9879342611,-178,28
1622102413617,1622102413637,20,0,80,-1.0,-5019,248
1622102413657,1622102413667,10,-1,34,1962.78649268675,-1,-1
1622102413777,1622102413797,20,0,43,2823.96927058089,-1,214
1622102413827,1622102413847,20,0,129,8377.84642926643,-1,93
1622102413907,1622102413947,40,1,89,4326.36959614479,-5636,100
1622102413987,1622102413997,10,-1,688,67024.0469378035,-1,-1
1622102414057,1622102414067,10,-1,67,-1.0,-1,-1
1622102414077,1622102414097,20,0,49,1848.89695374093,-1,123
1622102414117,1622102414147,30,1,504,41815.9254269643,-1,79
1622102414207,1622102414277,70,3,301,21261.1183493841,-13911,239
1622102414337,1622102414347,10,-1,141,-1.0,-1,-1
1622102414367,1622102414537,170,6,736,34658.8397274531,-37151,221
1622102414617,1622102414697,80,1,122,7631.74875685713,-3990,34
1622102414767,1622102414777,10,-1,105,9528.91458790013,-1,-1
1622102414937,1622102414977,40,1,88,4744.94687334434,-3042,180
1622102415036,1622102415046,10,-1,71,-1.0,-1,-1
1622102415066,1622102415076,10,-1,33,699.73331281586,-1,-1
1622102415156,1622102415206,50,19,651,49445.0238117983,-35622,91
1622102415336,1622102415406,70,3,345,1003.28220466603,-24321,247
1622102415466,1622102415476,10,-1,41,-1.0,-1,-1
1622102415486,1622102415516,30,1,69,5572.05112015712,-3529,252
1622102415526,1622102415546,20,1,157,7358.72968646587,-1,65
1622102415606,1622102415636,30,1,136,-1.0,-6451,120
1622102415656,1622102415696,40,1,37,1526.41983976109,-1,108
1622102415736,1622102415796,60,6,337,21130.2871147933,-20584,166
1622102415916,1622102415966,50,2,78,2723.5622573545,-3362,285
1622102416006,1622102416036,30,2,111,7877.37450624572,-7540,348
1622102416066,1622102416106,40,5,237,10237.5993230701,-180,320
1622102416216,1622102416276,60,6,334,25799.8174882625,-30184,268
1622102416356,1622102416406,50,0,220,210.005382801574,-17780,188
1622102416486,1622102416526,40,1,108,5043.08587310559,-6115,152
1622102416566,1622102416576,10,-1,33,2085.78847070663,-1,-1
1622102416626,1622102416635,9,-1,149,14275.2452192506,-1,-1
1622102416645,1622102416685,40,3,504,31246.6982826385,-4913,47
1622102416775,1622102416845,70,21,1528,71622.8796653487,-111127,317
1622102416915,1622102416935,20,0,61,2971.52370281541,-1,281
1622102416945,1622102416955,10,-1,35,2097.44132905524,-1,-1
1622102417015,1622102417035,20,0,49,-1.0,-1866,270
1622102417075,1622102417125,50,6,197,11237.3946456898,-6386,71
1622102417275,1622102417375,100,15,900,85066.7819515133,-36312,15
1622102417435,1622102417445,10,-1,61,-1.0,-1,-1
1622102417625,1622102417655,30,0,45,2958.96297138148,-1,150
1622102417715,1622102417775,60,9,271,11584.1148727053,-15738,345
1622102417840,1622102417925,85,4,210,14914.7214863967,-16906,147
1622102417965,1622102418035,70,22,2170,173033.064220692,-187755,186
1622102418045,1622102418125,80,2,368,33744.8967790831,-16076,9
1622102418145,1622102418205,60,5,892,46564.9208552852,-210,221
1622102418304,1622102418504,199,17,804,23222.1617239644,-27508,237
1622102418554,1622102418584,30,1,66,3253.18340462762,-2608,6
1622102418594,1622102418604,10,-1,123,9772.55972720232,-1,-1
1622102418664,1622102418754,90,6,95,2149.74598579456,-3352,42
1622102418814,1622102418834,20,0,64,-1.0,-3318,306
1622102418844,1622102418954,110,8,134,4686.06852996732,-3494,277
1622102419064,1622102419114,50,4,869,61725.1048947411,-1,93
1622102419254,1622102419304,50,3,181,11226.6883261323,-10378,173
1622102419384,1622102419444,60,3,387,17311.3171607227,-30725,260
1622102419524,1622102419614,90,12,647,13989.9946733954,-22530,86
1622102419674,1622102419684,10,-1,39,-1.0,-1,-1
1622102419694,1622102419764,70,0,180,11691.917638614,-3022,188
1622102419824,1622102419943,119,29,839,41110.1097282887,-37516,274
1622102419963,1622102419993,30,2,110,6356.11073845811,-6527,96
1622102420023,1622102420043,20,0,41,2467.932194136,-1,68
1622102420103,1622102420193,90,5,146,5658.68960910838,-6032,91
1622102420203,1622102420283,80,1,214,9756.82075821242,-14270,71
1622102420293,1622102420323,30,3,327,15978.3776664962,-1,75
1622102420383,1622102420613,230,7,1020,71553.0441920349,-24578,312
1622102420673,1622102420713,40,4,542,20215.1785178993,-7293,86
1622102420993,1622102421003,10,-1,75,-1.0,-1,-1
1622102421023,1622102421063,40,10,486,41545.9473414517,-15766,116
1622102421123,1622102421193,70,6,388,24801.4082078064,-26694,110
1622102421253,1622102421343,90,4,1212,45531.2448372666,-109890,225
1622102421403,1622102421493,90,4,501,40996.8052000515,-620,119
1622102421552,1622102421622,70,4,173,4107.22706406073,-9347,80
1622102421682,1622102421902,220,13,426,29431.1578060475,-14340,92
1622102422032,1622102422172,140,20,559,6377.76642234158,-25490,282
1622102422182,1622102422192,10,-1,338,32383.9235418525,-1,-1
1622102422262,1622102422282,20,11,1134,58969.4230903273,-1,45
1622102422572,1622102422642,70,4,413,25571.7066193911,-32308,88
1622102422722,1622102422792,70,5,618,30558.8688263228,-53621,46
1622102422872,1622102422882,10,-1,302,-1.0,-1,-1
1622102422892,1622102423002,110,1,488,40829.7085136964,-28418,93
1622102423012,1622102423062,50,5,283,17941.7240967381,-4548,304
1622102423122,1622102423191,69,4,328,19778.7597925225,-24387,33
1622102423251,1622102423411,160,1,363,6316.89345197938,-10815,66
1622102424371,1622102424451,80,34,3430,330214.617646835,-245749,141
1622102424541,1622102424561,20,4,375,-1.0,-17944,247
1622102424591,1622102424761,170,43,2164,110345.010229876,-167860,347
1622102424771,1622102424811,40,7,447,14804.203019729,-1,141
1622102424821,1622102424870,49,5,446,42575.6140997297,-30746,329
1622102424920,1622102424990,70,6,297,25054.3714501155,-25755,156
1622102425050,1622102425160,110,5,355,21150.8214617202,-26001,115
1622102425170,1622102425240,70,5,237,9658.76739917475,-3005,305
1622102425350,1622102425530,180,33,749,15562.5407025265,-40303,177
1622102425590,1622102425600,10,-1,87,-1.0,-1,-1
1622102425630,1622102425660,30,2,96,3474.85938281738,-1,70
1622102425730,1622102425790,60,5,124,7809.20499967164,-3292,38
1622102425850,1622102425880,30,3,217,-1.0,-8975,14
1622102426000,1622102426020,20,0,45,-1.0,-811,282
1622102426040,1622102426070,30,0,41,2215.27650702317,-1,231
1622102426220,1622102426260,40,10,645,23142.3844458333,-38230,264
1622102426320,1622102426380,60,2,105,896.165201315412,-4912,1
1622102426390,1622102426410,20,2,423,31950.6855750849,-1,238
1622102426609,1622102426669,60,8,310,23142.6349270906,-20315,346
1622102426679,1622102426689,10,-1,61,5061.5273347303,-1,-1
1622102426919,1622102426939,20,3,325,11566.6516991633,-1,65
1622102426999,1622102427029,30,2,203,610.34185153617,-10675,182
1622102427039,1622102427069,30,2,124,6792.09991946827,-7752,187
1622102427079,1622102427109,30,1,84,4676.94165592826,-2905,157
1622102427189,1622102427219,30,2,95,4450.74850957069,-5323,315
1622102427319,1622102427339,20,0,38,-1.0,-257,63
1622102427349,1622102427359,10,-1,41,1694.50909077729,-1,-1
1622102427389,1622102427439,50,4,109,7499.42277977136,-1651,155
1622102427449,1622102427459,10,-1,39,1969.36353346423,-1,-1
1622102427469,1622102427539,70,4,108,6786.54797906722,-3135,0
1622102427639,1622102427719,80,3,508,5230.48006871155,-28607,42
1622102427739,1622102427789,50,3,106,5907.12043947009,-5722,324
1622102427799,1622102427839,40,4,161,8180.79829110205,-7020,145
1622102428368,1622102428508,140,19,679,33518.1528177046,-29908,59
1622102428598,1622102428638,40,4,186,-1.0,-7662,200
1622102428918,1622102428938,20,0,35,443.455452408247,-1,281
1622102429048,1622102429148,100,20,339,6816.77366848539,-12535,274
1622102429178,1622102429188,10,-1,39,2888.9250070781,-1,-1
1622102429228,1622102429238,10,-1,51,3629.70757727152,-1,-1
1622102429298,1622102429318,20,2,144,-1.0,-4083,127
1622102429458,1622102429468,10,-1,38,1615.75899282969,-1,-1
1622102429478,1622102429488,10,-1,78,5436.02899551444,-1,-1
1622102429598,1622102429737,139,5,193,6121.53142124429,-13371,140
1622102429887,1622102430087,200,11,285,9162.32973108194,-21490,185
1622102430147,1622102430227,80,8,199,6105.84940611422,-7345,286
1622102430287,1622102430297,10,-1,130,-1.0,-1,-1
1622102430307,1622102430317,10,-1,94,8554.77380252994,-1,-1
1622102430867,1622102430917,50,2,120,5521.75600432661,-748,356
1622102431127,1622102431167,40,2,117,18.7151890453229,-4765,3
1622102431816,1622102431856,40,7,575,161.464653149133,-28670,68
1622102431936,1622102431976,40,3,474,8198.18180409476,-35220,240
1622102432066,1622102432156,90,7,341,18954.7605037276,-14505,105
1622102432256,1622102432266,10,-1,192,-1.0,-1,-1
1622102432416,1622102432456,40,8,272,6521.5376673639,-8215,137
1622102432556,1622102432576,20,0,63,3096.62172017402,-1,196
1622102432646,1622102432666,20,1,78,3336.45120917305,-1,285
1622102432686,1622102432706,20,0,92,4048.16724886136,-1,158
1622102432766,1622102432806,40,1,56,2118.77593744386,-126,36
1622102432866,1622102432996,130,8,449,38850.3383015059,-1,297
1622102433225,1622102433275,50,2,76,816.939062108754,-3469,88
1622102433445,1622102433455,10,-1,33,1449.85238242338,-1,-1
1622102433585,1622102433595,10,-1,68,4203.27022379159,-1,-1
1622102433655,1622102433675,20,0,43,1136.59687531049,-1,130
1622102433825,1622102433895,70,20,582,15975.1897766561,-25635,267
1622102433955,1622102433975,20,0,177,-1.0,-12002,270
1622102434005,1622102434025,20,1,224,16241.9548823448,-1,107
1622102434085,1622102434145,60,5,141,3020.6445992545,-6166,97
1622102434155,1622102434165,10,-1,41,1439.63340233208,-1,-1
1622102434185,1622102434205,20,0,39,1475.84420959015,-7,2
1622102434215,1622102434285,70,4,268,18005.1354784125,-7069,248
1622102434545,1622102434704,159,5,227,18338.6375937925,-8910,43
1622102435064,1622102435074,10,-1,99,-1.0,-1,-1
1622102435084,1622102435134,50,6,261,13694.775484651,-14488,181
1622102435244,1622102435344,100,18,565,41250.4638296738,-21337,94
1622102435504,1622102435594,90,6,396,15350.3815652674,-29244,47
1622102435654,1622102435744,90,2,237,17031.9347949704,-16204,2
1622102435804,1622102435814,10,-1,81,-1.0,-1,-1
1622102435824,1622102435874,50,3,131,4917.23024107285,-1,275
1622102435934,1622102435994,60,2,126,4583.59964536874,-6230,294
1622102436034,1622102436044,10,-1,58,3304.36131884979,-1,-1
1622102436104,1622102436114,10,-1,42,-1.0,-1,-1
1622102436234,1622102436304,70,8,427,20559.783365708,-30628,236
1622102436373,1622102436383,10,-1,42,-1.0,-1,-1
1622102436443,1622102436473,30,8,399,18966.005729292,-556,69
1622102436673,1622102436733,60,1,716,2364.58310368375,-60427,260
1622102436783,1622102436813,30,1,58,3038.05828853259,-1769,262
1622102436833,1622102436853,20,0,63,4600.24822095387,-1170,291
1622102437013,1622102437023,10,-1,30,1015.29683561444,-1,-1
1622102437313,1622102437333,20,0,64,3249.04490789281,-1,189
1622102437483,1622102437523,40,3,126,5690.57890690593,-1,288
1622102437563,1622102437583,20,0,51,1544.53789001067,-1,90
1622102437603,1622102437653,50,2,56,1758.08982384208,-1193,81
1622102437673,1622102437693,20,2,146,9459.93348006875,-1,98
1622102437703,1622102437743,40,2,351,23798.6538654671,-1050,97
1622102437873,1622102437923,50,1,142,7560.823262394,-9943,4
1622102437992,1622102438022,30,16,970,-1.0,-25621,288
1622102438082,1622102438142,60,7,492,9659.62600873599,-18449,281
1622102438202,1622102438252,50,3,148,2662.46743075222,-10588,205
1622102438272,1622102438302,30,2,112,6333.96305814262,-3666,129
1622102438342,1622102438412,70,3,88,5789.95471345731,-4606,213
1622102438512,1622102438562,50,1,93,5769.87180179882,-4462,235
1622102438782,1622102438822,40,5,216,9689.22600379115,-9992,344
1622102438842,1622102438872,30,1,79,3601.37994878047,-1,86
1622102438952,1622102438972,20,0,120,-1.0,-7622,69
1622102439012,1622102439062,50,4,180,10130.2038320342,-6971,188
1622102439142,1622102439162,20,0,52,2374.25146909905,-21,351
1622102439312,1622102439422,110,4,543,26897.7574645839,-40740,143
1622102439482,1622102439532,50,0,70,2420.39652046936,-3269,276
1622102439681,1622102439721,40,1,412,1525.27508919221,-35889,292
1622102439801,1622102439861,60,1,230,15206.9681055913,-7284,150
1622102439921,1622102439981,60,8,338,11624.5196717024,-19462,279
1622102440121,1622102440141,20,0,154,12362.3006315433,-1,128
1622102440201,1622102440251,50,2,87,0.0831242840774848,-2594,265
1622102440481,1622102440501,20,2,621,-1.0,-48306,77
1622102440811,1622102440841,30,3,329,16515.1363785744,-1,299
1622102440901,1622102440951,50,2,97,-1.0,-3068,279
1622102440981,1622102440991,10,-1,40,2201.12268411309,-1,-1
1622102441181,1622102441211,30,2,139,4581.99316560543,-6569,273
1622102441270,1622102441310,40,1,68,4256.14784967563,-2916,217
1622102441320,1622102441330,10,-1,33,855.72766068977,-1,-1
1622102441340,1622102441360,20,0,45,2288.31867130449,0,259
1622102441370,1622102441460,90,15,346,14582.9587745115,-12474,262
1622102441470,1622102441510,40,2,96,5271.11717754733,-2761,96
1622102441520,1622102441560,40,1,64,2678.8189385484,-981,55
1622102441590,1622102441640,50,2,68,2757.35619758171,-1091,263
1622102441750,1622102441760,10,-1,39,1341.27778927735,-1,-1
1622102441790,1622102441800,10,-1,33,771.73174584364,-1,-1
1622102441810,1622102441830,20,4,546,30640.8728548315,-1,74
1622102441950,1622102441960,10,-1,494,-1.0,-1,-1
1622102442030,1622102442110,80,8,352,23575.9805162877,-14375,149
1622102442170,1622102442250,80,7,161,1958.55395518271,-3365,189
1622102442889,1622102442939,50,4,470,1532.0791978468,-25342,251
1622102442949,1622102442959,10,-1,161,13596.6666339721,-1,-1
1622102443039,1622102443069,30,1,203,-1.0,-12466,331
1622102443079,1622102443139,60,10,299,13066.2078280991,-13353,278
1622102443199,1622102443239,40,2,156,-1.0,-7437,6
1622102443339,1622102443379,40,5,486,43919.2641534654,-12037,108
1622102443449,1622102443469,20,3,2181,-1.0,-185097,31
1622102443899,1622102443959,60,15,1215,12310.32562449,-82601,281
1622102444319,1622102444389,70,1,263,15886.9219975433,-18524,234
1622102444469,1622102444479,10,-1,141,-1.0,-1,-1
1622102444488,1622102444748,259,20,721,68385.25456215,-28118,26
1622102444898,1622102444908,10,-1,36,-1.0,-1,-1
1622102444988,1622102445168,180,23,939,32006.8990742736,-90721,1
1622102445198,1622102445218,20,0,56,1991.07707425517,-1,158
1622102445298,1622102445378,80,14,456,27880.2860713306,-16399,201
1622102445488,1622102445508,20,1,105,5699.64318073167,-1,223
1622102445678,1622102445758,80,15,630,12620.7187008627,-38777,97
1622102445868,1622102445878,10,-1,33,-1.0,-1,-1
1622102445928,1622102445938,10,-1,112,9327.6563263963,-1,-1
1622102445998,1622102446088,90,7,133,3562.68534710715,-3710,150
1622102446118,1622102446137,19,0,35,688.91429294434,-2,210
1622102446187,1622102446207,20,0,32,1443.48914097823,0,288
1622102446337,1622102446357,20,8,734,13962.1573056084,-1,253
1622102446437,1622102446527,90,18,766,47258.9009810907,-44998,176
1622102446587,1622102446677,90,12,833,43219.8713810085,-45926,349
1622102446737,1622102446837,100,3,368,16943.1646218035,-5758,135
1622102446917,1622102447097,180,9,341,23320.4931308849,-16979,193
1622102447107,1622102447117,10,-1,62,4133.65427894615,-1,-1
1622102447127,1622102447137,10,-1,97,7077.0527175275,-1,-1
1622102447217,1622102447327,110,12,251,8522.26376987336,-14313,107
1622102447337,1622102447347,10,-1,45,2200.54916007346,-1,-1
1622102447357,1622102447407,50,5,150,9587.31442933904,-1265,288
1622102447507,1622102447557,50,44,1377,55858.6835981501,-75443,224
1622102447687,1622102447707,20,0,81,-1.0,-66,326
1622102448476,1622102448486,10,-1,926,-1.0,-1,-1
1622102448776,1622102448826,50,2,158,9944.59226360761,-6685,66
1622102448836,1622102448886,50,3,74,5262.67500756169,-2007,295
1622102448896,1622102448926,30,47,2308,228670.582167174,-225286,138
1622102449026,1622102449056,30,5,554,31977.3704253541,-1,58
1622102449256,1622102449276,20,5,1792,-1.0,-123993,304
1622102449386,1622102449396,10,-1,231,-1.0,-1,-1
1622102449465,1622102449515,50,7,847,-1.0,-61042,24
1622102449615,1622102449655,40,8,1306,152.080615017542,-106791,224
1622102450495,1622102450505,10,-1,1035,-1.0,-1,-1
1622102450625,1622102450785,160,42,761,19173.8824907843,-34555,307
1622102450915,1622102450985,70,1,162,2647.51231437931,-9018,188
1622102451384,1622102451394,10,-1,180,-1.0,-1,-1
1622102451464,1622102451474,10,-1,40,2483.06475917767,-1,-1
1622102451484,1622102451574,90,5,109,5157.67911703481,-2075,277
1622102451594,1622102451694,100,5,364,30905.54393145,-18546,92
1622102451704,1622102451744,40,10,327,15737.6467475572,-9034,305
1622102451804,1622102451844,40,7,470,20971.0886636989,-1,110
1622102451934,1622102452024,90,12,424,19428.995106447,-22109,236
1622102452254,1622102452284,30,0,48,1364.5155798995,-1,280
1622102452444,1622102452464,20,0,51,2856.36962847256,-1527,255
1622102452514,1622102452584,70,14,584,28958.7301539321,-24161,94
1622102452673,1622102452803,129,18,491,19330.4856707404,-30290,281
1622102452823,1622102452843,20,0,56,3320.48331874204,-1,338
1622102452943,1622102453013,70,2,182,16919.4742614182,-12797,177
1622102453193,1622102453213,20,1,68,3919.77674180237,-1,80
1622102453333,1622102453353,20,0,44,2746.56787250607,-1,274
1622102453503,1622102453543,40,4,168,9280.93720508799,-9669,356
1622102453663,1622102453683,20,3,514,36092.2463836156,-1,96
1622102453793,1622102453953,160,14,1865,5934.44972416759,-139857,278
1622102454083,1622102454093,10,-1,59,3325.26447438893,-1,-1
1622102454662,1622102454732,70,3,133,8272.89293349344,-7348,356
1622102454742,1622102454752,10,-1,30,1871.89811504236,-1,-1
1622102454772,1622102454802,30,1,69,3827.0046306561,-3636,178
1622102454812,1622102454872,60,0,231,22413.8026101186,-6523,24
1622102455002,1622102455012,10,-1,114,-1.0,-1,-1
1622102455022,1622102455032,10,-1,159,13451.1164352855,-1,-1
1622102455142,1622102455172,30,0,797,76663.9561117935,-73104,296
1622102455272,1622102455292,20,2,446,-1.0,-33544,282
1622102455302,1622102455332,30,2,109,5281.27901028813,-4766,94
1622102455572,1622102455772,200,4,445,29767.3405880816,-27830,102
1622102455852,1622102455892,40,11,1746,117139.467123305,-1,135
1622102455951,1622102456051,100,20,942,6375.04671201733,-62369,315
1622102456141,1622102456161,20,0,52,1286.88608403772,-1,298
1622102456421,1622102456431,10,-1,43,2369.56251364685,-1,-1
1622102456441,1622102456451,10,-1,32,1661.38228245658,-1,-1
1622102456461,1622102456581,120,36,797,26030.0878565543,-49411,170
1622102456601,1622102456611,10,-1,30,454.958243882388,-1,-1
1622102456621,1622102456631,10,-1,39,1273.57465388436,-1,-1
1622102456691,1622102456751,60,3,179,11841.2590371724,-13664,313
1622102456871,1622102456901,30,1,131,5198.76955789267,-623,142
1622102457041,1622102457071,30,2,111,5597.28980364287,-4882,358
1622102457171,1622102457181,10,-1,30,-1.0,-1,-1
1622102457361,1622102457381,20,1,102,6470.07946076256,-1,49
1622102457471,1622102457521,50,7,251,2097.96344339217,-6624,277
1622102457580,1622102457590,9,-1,222,-1.0,-1,-1
1622102457600,1622102457630,30,0,41,1392.27491372787,-609,317
1622102457640,1622102457660,20,0,46,3035.71031365464,-31,223
1622102457720,1622102457810,90,3,216,12127.7008164749,-13759,330
1622102457920,1622102457940,20,0,70,2615.0358706008,-1,217
1622102458020,1622102458040,20,0,57,35.1255594725849,-1,115
1622102458050,1622102458090,40,13,902,49641.4945510283,-1,97
1622102458160,1622102458210,50,10,556,26766.1535617089,-46914,259
1622102458230,1622102458320,90,2,290,17219.4499270532,-16904,9
1622102458450,1622102458490,40,2,173,1898.2981117103,-12093,181
1622102458550,1622102458640,90,4,432,35954.2527851353,-30709,15
1622102458730,1622102458780,50,7,284,11802.5796712426,-1,192
1622102459010,1622102459160,150,9,457,26398.3833804492,-24691,353
1622102459389,1622102459469,80,9,143,3930.0240306485,-1727,19
1622102459549,1622102459579,30,3,156,9751.94909973075,-1233,170
1622102459589,1622102459609,20,0,48,3674.4461192777,-1031,285
1622102459679,1622102459829,150,15,1739,117170.077482478,-89186,105
1622102460099,1622102460179,80,4,187,9005.07215338462,-9585,61
1622102460239,1622102460289,50,3,100,919.03943823868,-3467,38
1622102460299,1622102460309,10,-1,69,4131.44952596776,-1,-1
1622102460389,1622102460399,10,-1,262,-1.0,-1,-1
1622102460469,1622102460479,10,-1,296,-1.0,-1,-1
1622102460539,1622102460619,80,9,646,38499.5082078674,-30849,245
1622102460868,1622102460888,20,2,249,-1.0,-8,284
1622102460968,1622102460998,30,22,1316,24409.9184335941,-1,109
1622102461168,1622102461208,40,5,364,20027.5221698092,-1838,75
1622102461268,1622102461318,50,4,143,233.420936911432,-3640,105
1622102461398,1622102461438,40,2,141,-1.0,-4748,106
1622102461448,1622102461488,40,1,116,4337.44091380595,-1,74
1622102461568,1622102461738,170,21,255,15490.4489817955,-13123,304
1622102461748,1622102461758,10,-1,308,28883.3222906374,-1,-1
1622102462118,1622102462178,60,1,299,16177.0479600731,-14831,102
1622102462238,1622102462358,120,8,137,10619.0573962124,-7058,66
1622102462388,1622102462458,70,5,315,17508.6395326322,-12608,282
1622102462537,1622102462617,79,9,374,23742.6090777657,-17292,223
1622102462837,1622102462857,20,2,202,-1.0,-450,317
1622102462967,1622102463057,90,3,156,7897.50854110627,-4187,6
1622102463117,1622102463157,40,7,433,18040.9462942284,-1,271
1622102463787,1622102463837,50,4,220,265.181008741381,-12203,309
1622102463917,1622102464097,180,19,239,12359.7424398225,-8404,189
1622102465076,1622102465126,50,9,339,27766.1350738823,-20846,247
1622102465186,1622102465196,10,-1,31,-1.0,-1,-1
1622102465206,1622102465316,110,9,224,9124.40656539261,-12023,266
1622102465586,1622102465656,70,7,206,10755.774920927,-5514,18
1622102465666,1622102465696,30,6,278,15846.8623036531,-6824,315
1622102465756,1622102465965,209,18,399,19695.129038082,-24785,120
1622102465975,1622102466135,160,34,948,46820.3644663313,-43417,129
1622102466215,1622102466295,80,6,208,13797.4039792303,-8368,258
1622102466635,1622102466655,20,0,50,2305.94673510677,-1022,275
1622102466705,1622102466755,50,2,88,5564.30697976649,-3251,193
1622102466915,1622102466935,20,0,40,-1.0,-912,299
1622102466975,1622102467025,50,8,358,20289.8988060175,-16903,67
1622102467035,1622102467055,20,0,53,3742.97009971485,-1,298
1622102467105,1622102467125,20,1,175,13332.4477584642,-1,30
1622102467185,1622102467195,10,-1,62,-1.0,-1,-1
1622102467375,1622102467404,29,0,65,2255.15423451851,-77,339
1622102467614,1622102467664,50,1,105,585.998005986632,-5863,294
1622102468064,1622102468104,40,4,188,11417.0526212547,-8007,285
1622102468164,1622102468174,10,-1,58,-1.0,-1,-1
1622102468314,1622102468324,10,-1,59,-1.0,-1,-1
1622102468364,1622102468394,30,1,77,4666.73407347059,-3538,154
1622102468724,1622102468804,80,15,409,22321.6576186766,-11799,270
1622102468814,1622102468834,20,1,74,5131.18744209341,-3405,145
1622102468954,1622102468964,10,-1,139,-1.0,-1,-1
1622102468984,1622102468994,10,-1,40,2869.05918408511,-1,-1
1622102469053,1622102469113,60,2,81,777.892128557354,-4885,313
1622102469123,1622102469143,20,0,40,964.204540761312,-1,293
1622102469233,1622102469273,40,1,73,3547.48446336794,-1529,228
1622102469833,1622102469873,40,2,250,5804.43187255269,-20699,201
1622102470083,1622102470103,20,1,111,-1.0,-2730,174
1622102470113,1622102470163,50,7,211,11273.5497631964,-6679,38
1622102470183,1622102470253,70,6,295,23562.6066440035,-12194,192
1622102470443,1622102470503,60,4,163,10397.2230463319,-9561,13
1622102470563,1622102470613,50,3,96,5457.99677738702,-1613,277
1622102470752,1622102470792,40,2,71,8.49922696547623,-2004,47
1622102470812,1622102470822,10,-1,30,1243.76789251006,-1,-1
1622102471072,1622102471082,10,-1,30,477.784896455635,-1,-1
1622102471222,1622102471242,20,1,72,5264.29887906176,-2894,262
1622102471422,1622102471542,120,8,428,29176.2064879719,-18358,296
1622102471602,1622102471612,10,-1,49,-1.0,-1,-1
1622102471642,1622102471672,30,2,200,8232.20153302827,-1,156
1622102471782,1622102471792,10,-1,31,1756.95470650565,-1,-1
1622102471992,1622102472012,20,0,35,845.724514620107,-1,69
1622102472022,1622102472052,30,12,1240,64465.3029562498,-1,95
1622102472182,1622102472232,50,4,382,7866.73130370814,-29367,310
1622102472292,1622102472341,49,3,323,29582.0297309822,-15365,180
1622102472431,1622102472461,30,0,37,427.931094046585,-16,294
1622102472731,1622102472781,50,1,515,32768.9406410327,-7354,105
1622102472891,1622102472961,70,9,286,4948.43097185637,-11358,284
1622102473031,1622102473061,30,2,83,6778.48600291286,-2791,349
1622102473151,1622102473191,40,4,161,7886.04411099404,-9698,165
1622102473211,1622102473221,10,-1,43,1958.72827700323,-1,-1
1622102473281,1622102473291,10,-1,48,-1.0,-1,-1
1622102473301,1622102473341,40,1,81,3037.50017860768,-1,270
1622102473511,1622102473541,30,0,99,20.7243869556088,-6405,99
1622102474290,1622102474310,20,0,204,17082.7674409307,-1,86
1622102474440,1622102474540,100,16,437,9874.43535712721,-26861,281
1622102474570,1622102474590,20,0,56,2393.70993692432,-1,276
1622102474620,1622102474690,70,26,834,49281.865385767,-66113,144
1622102474720,1622102474740,20,0,62,3867.4277594354,-1,291
1622102474800,1622102474810,10,-1,51,-1.0,-1,-1
1622102475130,1622102475140,10,-1,37,2020.10407465304,-1,-1
1622102475200,1622102475220,20,0,37,-1.0,-124,18
1622102475450,1622102475530,80,8,290,15014.6505212015,-8303,293
1622102475540,1622102475549,9,-1,99,7356.34232766009,-1,-1
1622102475649,1622102475669,20,0,84,-1.0,-3781,90
1622102475679,1622102475699,20,0,39,1354.31924569872,-1,129
1622102475709,1622102475789,80,7,186,8742.09021649145,-4686,117
1622102475799,1622102475819,20,0,74,3120.84970583383,-1,86
1622102475829,1622102475839,10,-1,35,1393.05696969589,-1,-1
1622102475879,1622102475889,10,-1,43,1750.73896377313,-1,-1
1622102475949,1622102476009,60,6,137,7977.16787824756,-5061,275
1622102476019,1622102476029,10,-1,50,2254.33465025523,-1,-1
1622102476209,1622102476269,60,18,550,27757.8116478029,-22293,151
1622102476279,1622102476289,10,-1,67,3913.78406427736,-1,-1
1622102476369,1622102476379,10,-1,33,-1.0,-1,-1
1622102476419,1622102476429,10,-1,39,2005.63565384352,-1,-1
1622102476469,1622102476479,10,-1,37,919.608894289725,-1,-1
1622102476519,1622102476559,40,10,535,24076.8390885012,-1,337
1622102476639,1622102476679,40,15,2042,140032.733540441,-1730,56
1622102476739,1622102476819,80,20,990,28147.2101559746,-77887,247
1622102476919,1622102476989,70,7,224,16584.6206392421,-12292,147
1622102477069,1622102477189,120,7,199,16664.4689843753,-8709,91
1622102477199,1622102477209,10,-1,59,5601.62645235787,-1,-1
1622102477248,1622102477288,40,2,85,6258.73002862608,-3624,305
1622102477358,1622102477398,40,7,286,-1.0,-10848,274
1622102477528,1622102477558,30,1,216,15108.256024533,-1,139
1622102477618,1622102477638,20,0,60,-1.0,-1958,73
1622102477678,1622102477708,30,1,76,4473.9173961745,-2355,273
1622102477728,1622102477828,100,8,602,18713.0134513346,-50282,281
1622102477948,1622102478018,70,3,71,1532.74511194164,-3616,91
1622102478048,1622102478058,10,-1,33,1550.05701746826,-1,-1
1622102478068,1622102478128,60,5,163,8456.21085473251,-4985,330
1622102478228,1622102478338,110,7,470,25955.5269721614,-23569,109
1622102478348,1622102478358,10,-1,45,2336.99849534571,-1,-1
1622102478408,1622102478418,10,-1,56,3681.07597253335,-1,-1
1622102478498,1622102478558,60,33,808,16065.4393517803,-25817,139
1622102478618,1622102478628,10,-1,182,-1.0,-1,-1
1622102478658,1622102478778,120,5,81,3651.72782811965,-1961,51
1622102478788,1622102478827,39,4,465,26733.498490671,-1,281
1622102478887,1622102478917,30,0,117,2679.05517915924,-8340,53
1622102478927,1622102478937,10,-1,35,1264.99298824894,-1,-1
1622102478947,1622102478967,20,1,90,5018.95409828879,-1,109
1622102479087,1622102479177,90,18,646,6469.99425803983,-18445,287
1622102479207,1622102479227,20,5,207,18156.5727074601,-12690,149
1622102479357,1622102479407,50,6,654,49347.3837501241,-31756,152
1622102479497,1622102479507,10,-1,162,-1.0,-1,-1
1622102479637,1622102479687,50,5,391,38608.6666866554,-17104,224
1622102479787,1622102479807,20,11,1715,116831.590493508,-1,35
1622102479887,1622102480027,140,8,481,4053.61268481117,-18540,303
1622102480087,1622102480157,70,2,187,6581.45422481058,-7126,169
1622102480217,1622102480227,10,-1,119,-1.0,-1,-1
1622102480666,1622102480686,20,0,117,7920.15480622087,-1,256
1622102480806,1622102480866,60,12,545,7284.03562038551,-20344,275
1622102480946,1622102480956,10,-1,158,-1.0,-1,-1
1622102481096,1622102481116,20,0,38,1551.78712773421,-1,315
1622102481236,1622102481266,30,2,195,-1.0,-7188,194
1622102482056,1622102482066,10,-1,195,-1.0,-1,-1
1622102482185,1622102482255,70,10,557,38490.962267601,-6183,271
1622102482335,1622102482355,20,1,128,-1.0,-6456,288
1622102482385,1622102482395,10,-1,51,2735.27822029746,-1,-1
1622102482415,1622102482455,40,5,235,18776.0654841942,-15773,324
1622102482485,1622102482525,40,1,40,1002.33325355321,-737,175
1622102482605,1622102482615,10,-1,170,-1.0,-1,-1
1622102482625,1622102482635,10,-1,110,8855.61163370301,-1,-1
1622102482645,1622102482655,10,-1,66,5903.75432244934,-1,-1
1622102482745,1622102482795,50,1,377,36099.7667281308,-33643,237
1622102482885,1622102482895,10,-1,56,-1.0,-1,-1
1622102482955,1622102483015,60,1,296,10152.589117662,-28,85
1622102483055,1622102483075,20,1,81,7197.01044851228,-1942,255
1622102483315,1622102483345,30,7,334,19851.6214727523,-13635,253
1622102483415,1622102483425,10,-1,71,-1.0,-1,-1
1622102483435,1622102483455,20,1,73,5850.78122394133,-882,263
1622102483635,1622102483675,40,2,120,8999.01187031225,-6576,201
1622102483914,1622102483944,30,1,125,2913.30431606045,-7403,111
1622102484084,1622102484124,40,4,176,8751.09402142045,-10279,348
1622102484154,1622102484164,10,-1,33,1467.15181686592,-1,-1
1622102484214,1622102484224,10,-1,78,5967.63127472885,-1,-1
1622102484304,1622102484314,10,-1,52,-1.0,-1,-1
1622102484324,1622102484354,30,13,1632,102748.783682832,-1,64
1622102484434,1622102484474,40,12,1328,6133.00046098059,-73736,247
1622102484604,1622102484614,10,-1,32,-1.0,-1,-1
1622102484624,1622102484644,20,0,42,3886.07161352685,-1,164
1622102484664,1622102484684,20,1,71,5598.53669873292,-1,316
1622102484764,1622102484774,10,-1,42,-1.0,-1,-1
1622102484844,1622102484864,20,1,84,5619.192315295,-595,316
1622102484874,1622102484894,20,1,83,6327.39881041571,-1,132
1622102484964,1622102484994,30,1,68,2958.88978790027,-1,167
1622102485054,1622102485074,20,0,44,-1.0,-1324,260
1622102485094,1622102485114,20,1,55,3662.6924085944,-1,284
1622102485124,1622102485144,20,0,35,440.509016267514,-1,315
1622102485314,1622102485344,30,1,73,3043.05450239784,-1,112
1622102485453,1622102485523,70,7,192,12088.6757328631,-7941,293
1622102486663,1622102486693,30,6,435,-1.0,-18225,256
1622102486703,1622102486733,30,1,76,5501.36158690079,-2272,77
1622102486753,1622102486823,70,1,437,32589.6198526743,-22303,38
1622102486923,1622102486943,20,1,126,-1.0,-7115,119
1622102487052,1622102487062,10,-1,33,1468.53285942425,-1,-1
1622102487172,1622102487182,10,-1,32,379.335393187179,-1,-1
1622102487342,1622102487362,20,0,65,2172.32634023338,-1,270
1622102487482,1622102487512,30,8,432,-1.0,-5108,273
1622102487572,1622102487582,10,-1,136,-1.0,-1,-1
1622102487712,1622102487732,20,1,56,2224.82329124655,-1,285
1622102487742,1622102487772,30,1,52,3311.90425949611,-1037,64
1622102487892,1622102487912,20,0,118,8025.77291041047,-1,324
1622102489481,1622102489511,30,7,864,-1.0,-49667,255
1622102489761,1622102489771,10,-1,435,-1.0,-1,-1
1622102489841,1622102489881,40,7,1282,65191.5108143959,-97645,307
1622102489951,1622102490031,80,6,405,23911.8538085669,-17420,164
1622102490041,1622102490051,10,-1,30,1187.37125555254,-1,-1
1622102490121,1622102490151,30,1,161,-1.0,-9312,349
1622102490251,1622102490310,59,2,100,4415.97832582691,-2211,106
1622102490320,1622102490470,150,8,338,15908.9400834572,-12026,63
1622102490550,1622102490560,10,-1,58,-1.0,-1,-1
1622102490680,1622102490740,60,0,136,10354.5547401233,-5717,350
1622102490830,1622102490920,90,4,326,18973.9269033343,-17457,18
1622102490980,1622102490990,10,-1,160,-1.0,-1,-1
1622102491000,1622102491060,60,2,150,12772.8835011189,-7001,212
1622102491310,1622102491320,10,-1,59,3966.80124523401,-1,-1
1622102491430,1622102491440,10,-1,33,1468.9873854552,-1,-1
1622102491490,1622102491510,20,0,41,2306.92637665993,-11,184
1622102491520,1622102491720,200,6,867,37402.6165609982,-13899,271
1622102491820,1622102491900,80,4,614,16775.7237751487,-28894,295
1622102491969,1622102491989,20,1,171,3.76946278215087,-1,214
1622102491999,1622102492039,40,2,226,11065.9630256973,-7410,352
1622102492379,1622102492419,40,2,105,3654.0837930754,-1,28
1622102492489,1622102492529,40,1,470,41491.7000113705,-1,67
1622102492669,1622102492689,20,1,263,-1.0,-22995,321
1622102492699,1622102492729,30,2,118,7942.65042894546,-8835,319
1622102492799,1622102492809,10,-1,115,-1.0,-1,-1
1622102492949,1622102492979,30,2,134,-1.0,-2390,324
1622102492989,1622102493039,50,3,258,22421.7515358031,-6349,136
1622102493219,1622102493279,60,2,268,18748.9962820689,-9572,292
1622102493289,1622102493309,20,0,47,2112.00446853312,-324,260
1622102493558,1622102493588,29,1,72,3998.37892156232,-3971,70
1622102493718,1622102493728,10,-1,35,2038.96801300614,-1,-1
1622102493948,1622102493968,20,1,198,-1.0,-10206,265
1622102494138,1622102494158,20,1,103,5073.76633074138,-1,5
1622102494218,1622102494238,20,1,123,-1.0,-8968,56
1622102494398,1622102494418,20,1,131,8128.45800564897,-1,180
1622102494498,1622102494508,10,-1,91,-1.0,-1,-1
1622102494658,1622102494708,50,0,55,2130.79646853043,-1194,95
1622102494808,1622102494838,30,0,39,2726.16073277392,-327,59
1622102494898,1622102494978,80,12,352,17727.7536358391,-15212,172
1622102495118,1622102495128,10,-1,65,4897.69214735308,-1,-1
1622102495317,1622102495327,10,-1,40,1269.6710694483,-1,-1
1622102495437,1622102495477,40,3,123,4853.99547827697,-1,67
1622102495577,1622102495617,40,6,290,-1.0,-10711,314
1622102495627,1622102495647,20,2,119,9082.40353341735,-4742,281
1622102495687,1622102495697,10,-1,32,288.343050187074,-1,-1
1622102495707,1622102495737,30,1,87,4063.58944245596,-1,49
1622102495747,1622102495777,30,0,68,4487.26877028956,-3084,205
1622102495947,1622102495967,20,0,59,-1.0,-1288,7
1622102495977,1622102495987,10,-1,34,1805.30730359123,-1,-1
1622102496077,1622102496127,50,5,325,16753.3326942619,-25013,155
1622102496237,1622102496257,20,5,237,23199.6853853371,-341,331
1622102496377,1622102496387,10,-1,58,3282.48518200953,-1,-1
1622102496527,1622102496637,110,12,437,20574.9283532146,-19948,293
1622102496747,1622102496817,70,3,293,22117.1090119447,-20257,199
1622102496836,1622102496886,50,2,51,2301.55821022569,-1332,282
1622102497296,1622102497346,50,12,316,-1.0,-10274,315
1622102497356,1622102497376,20,0,50,2539.16631759215,-1,128
1622102497436,1622102497446,10,-1,61,-1.0,-1,-1
1622102497506,1622102497516,10,-1,33,1639.87324066967,-1,-1
1622102497546,1622102497556,10,-1,32,1975.54274490111,-1,-1
1622102497606,1622102497626,20,0,48,3409.15702381182,-843,238
1622102497896,1622102497946,50,10,706,5198.59922893625,-45942,148
1622102498346,1622102498366,20,1,371,27741.8999484726,-1,119
1622102498485,1622102498625,140,14,671,27553.4657977944,-32898,283
1622102498635,1622102498655,20,2,164,12080.54566826,-1,232
1622102498715,1622102498725,10,-1,61,-1.0,-1,-1
1622102498755,1622102498825,70,34,880,26245.8549670922,-12099,155
1622102498885,1622102498915,30,1,114,-1.0,-6649,138
1622102499265,1622102499475,210,51,890,41524.0149083454,-31560,334
1622102499705,1622102499735,30,1,43,393.539723504585,-81,275
1622102499905,1622102499925,20,0,42,34.4619846006196,-1,122
1622102499985,1622102499995,10,-1,809,-1.0,-1,-1
1622102500474,1622102500494,20,4,529,17430.2100357534,-1,284
1622102500564,1622102500574,10,-1,77,-1.0,-1,-1
1622102500864,1622102500874,10,-1,100,-1.0,-1,-1
1622102500904,1622102500924,20,0,47,3789.4254452939,-657,246
1622102500944,1622102500954,10,-1,92,7407.82686397715,-1,-1
1622102501034,1622102501044,10,-1,59,-1.0,-1,-1
1622102501054,1622102501064,10,-1,31,1076.4097721282,-1,-1
1622102501324,1622102501384,60,0,226,-1.0,-15320,192
1622102501394,1622102501424,30,1,68,4015.32302258897,-2979,102
1622102501474,1622102501494,20,5,230,22310.5910346366,-246,338
1622102501514,1622102501534,20,0,79,4275.82611210146,-1,270
1622102501654,1622102501674,20,1,145,-1.0,-260,337
1622102501883,1622102501893,10,-1,51,-1.0,-1,-1
1622102502063,1622102502073,10,-1,486,-1.0,-1,-1
1622102502213,1622102502223,10,-1,213,-1.0,-1,-1
1622102502303,1622102502313,10,-1,115,-1.0,-1,-1
1622102502463,1622102502503,40,1,76,-1.0,-2079,247
1622102502613,1622102502693,80,5,315,15051.1639471066,-12335,50
1622102502753,1622102502763,10,-1,82,-1.0,-1,-1
1622102502773,1622102502853,80,6,153,4918.67807589203,-365,280
1622102503233,1622102503273,40,4,245,19346.1797320358,-11595,124
1622102503382,1622102503452,70,1,413,35290.3007509101,-35807,303
1622102503512,1622102503552,40,5,213,5692.99013285132,-7424,222
1622102503932,1622102504012,80,11,205,8659.90501524049,-4658,303
1622102504352,1622102504432,80,7,295,24256.9336163307,-22180,127
1622102504472,1622102504572,100,6,262,19765.6567307737,-4269,267
1622102504652,1622102504682,30,4,192,11789.1243631897,-11290,328
1622102504692,1622102504852,160,24,738,57291.762059194,-50320,123
1622102505221,1622102505271,50,17,665,42285.2532350781,-21323,17
1622102505351,1622102505461,110,5,327,2658.87934073703,-26571,308
1622102505471,1622102505501,30,0,457,41987.7265472984,-2856,0
1622102505681,1622102505711,30,3,233,9941.33564106063,-1,135
1622102505771,1622102505861,90,5,747,8183.18163323663,-70141,282
1622102506321,1622102506391,70,6,1028,95501.7688772022,-50650,136
1622102506471,1622102506491,20,0,193,-1.0,-14323,172
1622102506501,1622102506551,50,1,77,4569.00322857371,-3824,221
1622102506930,1622102506940,10,-1,300,-1.0,-1,-1
1622102506950,1622102506970,20,2,215,19958.5831092698,-1,129
1622102507040,1622102507080,40,1,284,13697.0129205261,-20336,330
1622102507530,1622102507540,10,-1,61,4444.84612360204,-1,-1
1622102508040,1622102508060,20,2,333,23047.5551808195,-1,90
1622102508180,1622102508230,50,5,288,8453.27790538875,-23217,303
1622102508509,1622102508539,30,2,113,7486.27258646942,-5643,199
1622102508669,1622102508739,70,11,379,19653.9462520909,-20170,157
1622102508889,1622102508919,30,1,67,3365.82633688507,-2466,345
1622102509049,1622102509079,30,10,840,38679.7639889398,-1,72
1622102509169,1622102509219,50,12,431,1053.45360841891,-15072,272
1622102509279,1622102509299,20,1,316,-1.0,-27612,290
1622102509639,1622102509679,40,3,129,6561.29240750864,-6785,193
1622102509928,1622102509938,9,-1,41,1456.81564446133,-1,-1
1622102510198,1622102510258,60,14,657,3279.65143940802,-28943,290
1622102510268,1622102510288,20,1,182,16293.5149601039,-13747,112
1622102510498,1622102510508,10,-1,78,5294.58620545693,-1,-1
1622102511068,1622102511178,110,19,369,15012.873133612,-16695,120
1622102511328,1622102511368,40,19,790,28137.1365389238,-1,150
1622102511448,1622102511458,10,-1,105,-1.0,-1,-1
1622102511617,1622102511667,50,6,411,23563.2558598585,-3146,59
1622102511747,1622102511777,30,7,352,17490.143609476,-7352,284
1622102511787,1622102511807,20,3,188,10817.5406212529,-1,309
1622102511887,1622102511897,10,-1,35,1996.28298768501,-1,-1
1622102511937,1622102511957,20,0,252,22116.8263908389,-1,11
1622102512017,1622102512027,10,-1,55,-1.0,-1,-1
1622102512377,1622102512387,10,-1,54,3802.70250379887,-1,-1
1622102512467,1622102512487,20,0,72,29.6709386088139,-1,157
1622102512497,1622102512507,10,-1,39,2911.57104196596,-1,-1
1622102512727,1622102512787,60,5,623,31821.9124568373,-42776,116
1622102512867,1622102512897,30,2,352,-1.0,-24342,311
1622102513216,1622102513236,20,1,99,5238.22421311547,-1,187
1622102513346,1622102513386,40,5,404,19427.5560600596,-923,86
1622102513596,1622102513676,80,18,466,28698.1328196387,-30269,282
1622102513916,1622102513926,10,-1,218,-1.0,-1,-1
1622102514036,1622102514226,190,21,685,24609.4993675351,-41123,252
1622102514286,1622102514296,10,-1,80,-1.0,-1,-1
1622102514336,1622102514356,20,1,200,12913.8817035255,-1,308
1622102514416,1622102514466,50,4,103,697.402689063723,-2796,285
1622102514496,1622102514616,120,12,236,14565.7614510978,-18496,101
1622102514626,1622102514656,30,0,292,24641.7624220038,-1,98
1622102514825,1622102514865,39,17,884,55752.3474569159,-78037,240
1622102514875,1622102514925,50,5,201,6661.35109870385,-1,87
1622102514985,1622102515105,120,12,176,7359.34786135629,-11103,269
1622102515585,1622102515625,40,3,363,14918.7302799509,-22892,310
1622102515685,1622102515745,60,7,205,8035.23480755019,-10647,269
1622102515885,1622102515895,10,-1,86,-1.0,-1,-1
1622102515975,1622102516115,140,5,369,18671.1618718772,-27764,194
1622102516135,1622102516155,20,6,869,58500.6297715898,-1,115
1622102516225,1622102516295,70,3,297,10622.0010161248,-14413,292
1622102516355,1622102516395,40,4,219,4056.57109536581,-10500,0
1622102516405,1622102516444,39,2,230,15305.794224423,-2893,226
1622102516514,1622102516574,60,11,364,17483.4086303784,-15976,285
1622102516704,1622102516714,10,-1,36,2171.53753589423,-1,-1
1622102516844,1622102516874,30,9,480,24148.2878891621,-767,282
1622102516954,1622102517014,60,2,287,15044.4714186691,-23197,308
1622102517024,1622102517034,10,-1,32,338.005068086378,-1,-1
1622102517074,1622102517104,30,1,68,3555.57331140471,-2142,107
1622102517114,1622102517174,60,5,233,11430.5749388481,-16373,20
1622102517524,1622102517584,60,1,137,9553.04508536743,-7134,327
1622102517714,1622102517724,10,-1,86,-1.0,-1,-1
1622102517824,1622102517854,30,6,424,14235.564297539,-1,334
1622102517934,1622102517944,10,-1,73,-1.0,-1,-1
1622102518073,1622102518083,9,-1,245,-1.0,-1,-1
1622102518153,1622102518173,20,0,172,-1.0,-10719,90
1622102518183,1622102518203,20,1,132,12263.5980787256,-248,305
1622102518503,1622102518523,20,3,213,4660.53623514605,-1,266
1622102518763,1622102518823,60,6,317,20660.1058973841,-25924,133
1622102518923,1622102518943,20,1,133,-1.0,-3922,130
1622102518963,1622102518973,10,-1,30,2873.89128778646,-1,-1
1622102519023,1622102519063,40,3,353,25458.1227114399,-114,237
1622102519223,1622102519253,30,2,336,-1.0,-22857,29
1622102519313,1622102519333,20,1,106,-1.0,-3048,272
1622102519353,1622102519393,40,0,293,19482.1011847988,-2253,306
1622102519473,1622102519653,180,17,639,36711.7104638094,-19569,270
1622102520082,1622102520142,60,3,362,25167.534608447,-23350,39
1622102520152,1622102520162,10,-1,89,8205.91327299029,-1,-1
1622102520212,1622102520232,20,0,84,3493.56447685976,-1,270
1622102520312,1622102520342,30,4,190,83.4693455020016,-1,187
1622102520682,1622102520732,50,0,100,2839.20705219198,-4850,40
1622102520992,1622102521012,20,0,46,399.556603848805,-1,228
1622102521022,1622102521082,60,4,119,7915.5286063946,-6390,92
1622102521112,1622102521152,40,6,506,24475.5340175595,-1,90
1622102521272,1622102521302,30,5,220,-1.0,-15026,273
1622102521312,1622102521322,10,-1,64,5013.35004330558,-1,-1
1622102521451,1622102521491,40,4,150,7203.5746956979,-7487,164
1622102521521,1622102521531,10,-1,42,1948.41522409255,-1,-1
1622102521841,1622102521911,70,10,493,33059.0503791136,-11469,327
1622102521971,1622102522061,90,19,477,14911.6636603107,-22830,158
1622102522121,1622102522151,30,1,87,803.105733535418,-4330,28
1622102522161,1622102522181,20,0,101,5143.32207014933,-1,192
1622102522321,1622102522431,110,24,546,37070.6197336067,-17450,255
1622102522631,1622102522641,10,-1,156,-1.0,-1,-1
1622102522661,1622102522741,80,9,420,32904.8325166103,-28462,70
1622102522801,1622102522811,10,-1,89,-1.0,-1,-1
1622102522821,1622102522881,60,4,176,11376.1097422638,-7517,208
1622102523290,1622102523450,160,25,983,8674.2045080513,-46420,283
1622102523530,1622102523550,20,0,43,903.733237525342,-1,302
1622102523560,1622102523640,80,8,473,29638.8693751697,-22115,138
1622102523650,1622102523660,10,-1,87,7443.01134043747,-1,-1
1622102523710,1622102523720,10,-1,39,1517.50411824431,-1,-1
1622102523780,1622102523870,90,3,494,28652.8431841453,-45976,213
1622102523940,1622102523970,30,1,71,3822.19188926658,-644,139
1622102523980,1622102524040,60,4,297,19611.8681764427,-19112,23
1622102524070,1622102524090,20,0,44,2075.92012785005,-1109,260
1622102524160,1622102524170,10,-1,43,2452.90360317974,-1,-1
1622102524250,1622102524270,20,6,620,30239.192296801,-1,111
1622102524400,1622102524410,10,-1,113,-1.0,-1,-1
1622102524420,1622102524460,40,1,88,6351.38746366907,-2527,32
1622102524540,1622102524580,40,3,120,6156.29103960186,-4275,214
1622102524590,1622102524649,59,8,159,7018.18019666646,-10940,277
1622102524659,1622102524669,10,-1,55,3065.40892304068,-1,-1
1622102524799,1622102524869,70,3,110,3459.27080866513,-631,90
1622102525009,1622102525019,10,-1,85,6807.03676505921,-1,-1
1622102525099,1622102525149,50,3,413,21471.764570223,-4975,194
1622102525229,1622102525259,30,1,236,-1.0,-16579,113
1622102525269,1622102525359,90,8,429,23266.1384252977,-20337,34
1622102525439,1622102525449,10,-1,736,-1.0,-1,-1
1622102525529,1622102525569,40,0,229,-1.0,-16988,233
1622102525669,1622102525739,70,4,161,7954.28688237185,-1323,119
1622102525819,1622102525839,20,0,30,1310.02606206264,-13,286
1622102525849,1622102525859,10,-1,41,2018.01714194657,-1,-1
1622102525949,1622102525969,20,0,91,-1.0,-5445,63
1622102525999,1622102526089,90,0,101,6266.940426827,-4300,106
1622102526438,1622102526458,20,0,117,8495.61246215638,-1,65
1622102526538,1622102526558,20,2,657,-1.0,-57342,330
1622102526828,1622102526868,40,14,1368,76516.8112671114,-1311,107
1622102526938,1622102527018,80,13,514,45680.5540214399,-33466,283
1622102527088,1622102527098,10,-1,34,-1.0,-1,-1
1622102527208,1622102527248,40,7,257,14309.2605119046,-12304,172
1622102527378,1622102527408,30,2,91,4702.51823342122,-112,287
1622102527488,1622102527508,20,0,67,-1.0,-2630,72
1622102527708,1622102527758,50,7,381,17775.9020352194,-124,334
1622102528447,1622102528477,30,1,82,5713.02177413092,-4878,186
1622102528727,1622102528737,10,-1,77,4804.163635897,-1,-1
1622102529267,1622102529327,60,2,141,10009.0285545954,-9541,268
1622102529437,1622102529636,199,2,281,17307.4243483508,-13623,171
1622102529726,1622102529786,60,3,109,7067.84743923951,-1575,291
1622102529796,1622102529806,10,-1,128,10123.9361505142,-1,-1
1622102530006,1622102530016,10,-1,30,1658.06746505737,-1,-1
1622102530056,1622102530066,10,-1,35,971.457437932398,-1,-1
1622102530076,1622102530086,10,-1,32,804.238857453149,-1,-1
1622102530096,1622102530126,30,1,50,1567.43654971971,-42,296
1622102530216,1622102530266,50,3,97,4409.30493979016,-2458,149
1622102530446,1622102530456,10,-1,36,-1.0,-1,-1
1622102530706,1622102530716,10,-1,30,468.34423002521,-1,-1
1622102531046,1622102531096,50,6,187,5541.94792904148,-5150,281
1622102531106,1622102531126,20,1,94,7077.50049652039,-1,88
1622102531136,1622102531146,10,-1,79,4910.48765742543,-1,-1
1622102531225,1622102531235,10,-1,87,8272.77355128966,-1,-1
1622102531315,1622102531355,40,1,63,2921.4763445925,-1714,223
1622102531385,1622102531405,20,0,78,2934.59314358643,-1,197
1622102531465,1622102531495,30,1,103,1350.03828461204,-4147,257
1622102531505,1622102531545,40,13,754,41155.8429795922,-50212,76
1622102531615,1622102531655,40,4,140,-1.0,-7108,228
1622102531745,1622102531765,20,0,70,-1.0,-3694,213
1622102531775,1622102531785,10,-1,45,1875.15390420781,-1,-1
1622102531825,1622102531855,30,-1,194,18425.39986541,-1,-1
1622102532105,1622102532175,70,22,3280,274044.468949692,-164104,282
1622102532215,1622102532225,10,-1,57,3077.67392519144,-1,-1
1622102533214,1622102533234,20,1,133,-1.0,-5224,358
1622102533244,1622102533284,40,1,284,21333.2153038032,-9900,321
1622102533394,1622102533424,30,1,158,1651.19141305328,-8592,281
1622102533574,1622102533584,10,-1,114,-1.0,-1,-1
1622102533594,1622102533644,50,2,69,4571.96697267704,-863,332
1622102533664,1622102533694,30,4,203,9437.08795880162,-9253,205
1622102533704,1622102533724,20,1,155,8384.2019212203,-1,10
1622102533794,1622102533844,50,1,66,2407.46674898118,-1134,119
1622102533984,1622102534004,20,0,65,2048.84936032645,-1,85
1622102534094,1622102534154,60,37,1895,185526.166197244,-126025,71
1622102534394,1622102534424,30,3,170,-1.0,-11335,292
1622102534673,1622102534743,70,12,956,3083.73739095574,-46021,101
1622102535203,1622102535243,40,1,85,876.868372886329,-2612,138
1622102535263,1622102535283,20,0,43,989.699600526833,-1,52
1622102535303,1622102535323,20,0,43,2599.90657626165,-29,291
1622102535343,1622102535373,30,0,37,3404.72731027384,-351,309
1622102535433,1622102535443,10,-1,81,7137.11966407086,-1,-1
1622102535563,1622102535573,10,-1,33,-1.0,-1,-1
1622102535603,1622102535653,50,2,107,5458.51464283065,-6135,84
1622102535663,1622102535673,10,-1,40,1742.28896249652,-1,-1
1622102535783,1622102535803,20,0,52,4423.78064270902,-1062,80
1622102535813,1622102535823,10,-1,30,1082.63319699211,-1,-1
1622102536192,1622102536222,30,8,774,40808.9366223637,-1,99
1622102536312,1622102536342,30,6,299,2757.35589907492,-1143,309
1622102536402,1622102536412,10,-1,168,-1.0,-1,-1
1622102536882,1622102536922,40,1,75,-1.0,-2556,235
1622102536962,1622102537012,50,1,216,18334.0450346294,-518,92
1622102537132,1622102537292,160,23,616,10983.9165749198,-39882,284
1622102537432,1622102537522,90,7,260,12629.9412456669,-3041,102
1622102538001,1622102538081,80,3,614,49293.0249740315,-42950,45
1622102538201,1622102538321,120,16,446,24615.7780135274,-16717,239
1622102538741,1622102538771,30,1,67,2556.17721223334,-3704,222
1622102538931,1622102538941,10,-1,34,1612.87457894224,-1,-1
1622102539850,1622102539860,10,-1,108,-1.0,-1,-1
1622102539950,1622102540070,120,6,338,23293.3260848575,-23843,272
1622102540180,1622102540190,10,-1,38,-1.0,-1,-1
1622102540330,1622102540340,10,-1,37,2240.95300713919,-1,-1
1622102541619,1622102541639,20,1,149,10110.3052408912,-1,326
1622102541739,1622102541759,20,3,377,19053.8624520971,-1,270
1622102541819,1622102541829,10,-1,138,-1.0,-1,-1
1622102542319,1622102542349,30,2,126,6169.62202489369,-6190,333
1622102542598,1622102542638,40,4,158,11505.8632610916,-8447,158
1622102543008,1622102543028,20,10,1590,107780.344315549,-1,182
1622102543198,1622102543208,10,-1,182,-1.0,-1,-1
1622102543488,1622102543568,80,5,256,14508.5658745887,-14478,235
1622102543648,1622102543728,80,7,201,5613.56922446872,-6199,239
1622102543818,1622102543838,20,2,174,7822.35497497843,-1,102
1622102543898,1622102543938,40,1,47,485.897430097578,-1158,50
1622102543948,1622102544038,90,8,133,5352.44206194333,-7424,299
1622102544058,1622102544098,40,1,53,1927.73899181231,-1930,252
1622102544237,1622102544317,80,9,355,24791.6083807813,-23507,265
1622102544357,1622102544377,20,1,184,9030.06926794997,-1,266
1622102544437,1622102544447,10,-1,64,-1.0,-1,-1
1622102544487,1622102544567,80,2,44,1135.14922677604,-363,74
1622102544757,1622102544797,40,4,484,31375.2876821465,-9909,171
1622102544927,1622102544937,10,-1,31,1852.94309906671,-1,-1
1622102545137,1622102545177,40,2,128,7032.5966399763,-5859,7
1622102545187,1622102545217,30,0,271,26232.2754151173,-23780,298
1622102545417,1622102545427,10,-1,39,-1.0,-1,-1
1622102545517,1622102545557,40,4,170,8719.63519550917,-8358,150
1622102545727,1622102545747,20,0,140,9814.31407187658,-1,356
1622102546086,1622102546306,220,24,794,44183.8389061828,-42746,109
1622102546366,1622102546456,90,0,207,11701.9034382545,-8604,345
1622102546466,1622102546516,50,1,86,7510.51188215251,-4818,57
1622102546546,1622102546576,30,0,60,2329.74148052039,-1,213
1622102546666,1622102546676,10,-1,32,1150.78684865491,-1,-1
1622102546756,1622102546776,20,0,30,1428.43492334377,-1,76
1622102546786,1622102546796,10,-1,36,3137.99871443979,-1,-1
1622102546806,1622102546846,40,3,167,9437.7492220546,-8709,26
1622102546976,1622102547076,100,33,489,21831.0515379722,-14483,328
1622102547226,1622102547236,10,-1,68,4568.72280504277,-1,-1
1622102547376,1622102547466,90,2,317,18236.0249456872,-13785,145
1622102547476,1622102547505,29,3,370,35972.5798796303,-22888,87
1622102547595,1622102547645,50,22,924,-1.0,-37408,120
1622102547665,1622102547685,20,0,53,2609.24755571569,-2000,311
1622102547895,1622102547925,30,1,80,4373.0584748454,-1,287
1622102548005,1622102548045,40,1,63,3476.92287969445,-2079,296
1622102548135,1622102548205,70,3,407,25248.8470415794,-10648,255
1622102548265,1622102548305,40,0,158,6368.33608537813,-1423,304
1622102548495,1622102548525,30,1,70,3222.35586064592,-12,178
1622102548585,1622102548595,10,-1,63,-1.0,-1,-1
1622102548755,1622102548825,70,13,278,15902.1745578316,-16294,272
1622102549075,1622102549094,19,2,224,12332.1485663749,-1,327
1622102549154,1622102549164,10,-1,49,-1.0,-1,-1
1622102549334,1622102549354,20,0,184,14688.5330071641,-1,116
1622102549474,1622102549504,30,2,574,31510.6069301289,-44698,116
1622102549564,1622102549614,50,2,74,1188.18985693817,-3893,301
1622102549654,1622102549704,50,1,196,15756.5630910422,-166,4
1622102549884,1622102549904,20,5,411,-1.0,-14103,133
1622102549964,1622102549984,20,1,95,-1.0,-4341,260
1622102549994,1622102550094,100,1,134,6759.75571033349,-5276,15
1622102550104,1622102550174,70,2,198,15702.315385048,-7319,265
1622102550234,1622102550334,100,4,142,5840.14295993821,-5017,161
1622102550424,1622102550434,10,-1,41,-1.0,-1,-1
1622102550444,1622102550454,10,-1,231,20357.5195823102,-1,-1
1622102551063,1622102551183,120,15,1045,36973.4370264232,-79320,68
1622102551253,1622102551323,70,1,171,3045.53066743134,-11269,45
1622102551253,1622102551323,70,1,171,3045.53066743134,-11269,45
1622102551423,1622102551453,30,2,213,-1.0,-11390,233
1622102552063,1622102552093,30,6,288,46.3280745756094,-99,286
1622102552572,1622102552772,200,10,843,34483.6064492317,-35128,54
1622102552832,1622102552902,70,3,187,10223.3821330909,-10834,218
1622102552962,1622102553042,80,7,345,26876.2286482149,-11219,36
1622102553102,1622102553152,50,2,152,2129.25579911981,-8094,282
1622102553172,1622102553322,150,12,410,20021.5078548239,-26757,16
1622102553392,1622102553442,50,1,230,13860.6246084598,-2502,347
1622102553502,1622102553522,20,0,164,-1.0,-13352,264
1622102553582,1622102553612,30,0,95,6739.19771532438,-6449,114
1622102553622,1622102553662,40,1,57,3388.60375825846,-1213,90
1622102553682,1622102553722,40,9,779,39269.7623639074,-1,206
1622102553782,1622102553872,90,1,372,21691.8194050914,-9814,159
1622102553932,1622102553942,10,-1,75,-1.0,-1,-1
1622102553962,1622102554001,39,5,244,18813.6122899669,-16172,257
1622102554141,1622102554171,30,2,129,6582.95931568964,-1,67
1622102554181,1622102554241,60,2,275,13779.3868418499,-4683,46
1622102554371,1622102554401,30,4,205,286.44126024403,-1,228
1622102554501,1622102554521,20,0,39,1602.73119811314,-421,18
1622102554531,1622102554551,20,0,52,3045.90830119146,-1,274
1622102554571,1622102554591,20,0,54,3017.49275645008,-1995,246
1622102554611,1622102554671,60,3,191,8167.60936793316,-9169,0
1622102554781,1622102554791,10,-1,158,-1.0,-1,-1
1622102554931,1622102554951,20,7,813,-1.0,-43288,272
1622102554971,1622102554991,20,0,51,2100.87348732793,-1,24
1622102555021,1622102555271,250,27,1012,56588.9153613898,-33738,102
1622102555331,1622102555421,90,24,931,47317.9225566874,-45359,267
1622102555481,1622102555491,10,-1,49,-1.0,-1,-1
1622102555501,1622102555511,10,-1,50,4032.11042197838,-1,-1
1622102555601,1622102555611,10,-1,231,-1.0,-1,-1
1622102555660,1622102555670,10,-1,31,508.932267072433,-1,-1
1622102555790,1622102555850,60,19,782,65469.5957039796,-54094,249
1622102555930,1622102555980,50,2,329,24953.2180168874,-24036,54
1622102556050,1622102556220,170,35,1034,62279.3578562737,-86751,83
1622102556320,1622102556520,200,19,890,49350.2064711944,-40029,62
1622102556580,1622102556800,220,18,467,16146.6854895483,-41679,333
1622102556950,1622102557030,80,15,624,56418.6013190001,-26790,177
1622102557070,1622102557120,50,6,222,12777.0428610941,-18409,7
1622102557479,1622102557509,30,3,147,3279.3653956887,-10378,32
1622102557539,1622102557579,40,0,116,9628.24130896793,-3558,151
1622102557599,1622102557659,60,10,494,22734.9845080251,-1493,32
1622102557799,1622102557869,70,5,572,6619.65319718695,-32871,223
1622102557929,1622102557989,60,18,583,21437.1131662171,-42376,344
1622102558259,1622102558269,10,-1,1397,-1.0,-1,-1
1622102558329,1622102558419,90,2,254,8908.51163516419,-7893,6
1622102558479,1622102558549,70,6,356,8151.62661157156,-18648,124
1622102558629,1622102558779,150,7,245,7111.38541897072,-7824,299
1622102558938,1622102558958,20,1,163,9205.42604438087,-1,94
1622102559018,1622102559108,90,23,868,36850.9434277657,-3805,315
1622102559768,1622102559778,10,-1,777,-1.0,-1,-1
1622102561517,1622102561527,10,-1,1986,-1.0,-1,-1
1622102568093,1622102568143,50,11,634,17393.6276736788,-29488,254
1622102568203,1622102568243,40,2,221,417.080196374418,-14024,312
1622102568383,1622102568403,20,0,174,-1.0,-12904,39
1622102568423,1622102568433,10,-1,31,2622.05382986839,-1,-1
1622102568553,1622102568583,30,12,925,-1.0,-29596,275
1622102568812,1622102568882,70,2,132,8866.90886202359,-3409,23
1622102568972,1622102569052,80,2,219,11960.8443623609,-10725,323
1622102569082,1622102569152,70,2,104,3598.55659068177,-6302,18
1622102569232,1622102569302,70,6,363,27436.0047768735,-11455,148
1622102569402,1622102569452,50,6,312,-1.0,-9714,182
1622102569532,1622102569602,70,5,357,18530.7151620941,-21236,151
1622102569662,1622102569752,90,2,202,12656.565548373,-11334,83
1622102569842,1622102569932,90,3,208,7216.02362636954,-10031,63
1622102569952,1622102570012,60,6,148,9374.81980437118,-7876,337
1622102570082,1622102570152,70,7,246,9938.1604083424,-2709,284
1622102570411,1622102570471,60,39,1633,58757.9050526877,-71793,153
1622102571041,1622102571201,160,32,1568,135435.895383274,-119304,54
1622102571271,1622102571321,50,6,190,8531.37997565655,-6116,303
1622102571341,1622102571371,30,1,65,2505.33503813873,-2321,336
1622102571381,1622102571421,40,2,152,6689.03602264148,-1,1
1622102571481,1622102571571,90,6,132,7221.97905335368,-2490,342
1622102571631,1622102571651,20,5,679,35535.8500652922,-1,82
1622102571731,1622102571861,130,8,797,36734.8462958362,-55334,312
1622102571921,1622102571941,20,0,45,60.4718209646187,-1,54
1622102571961,1622102571990,29,1,76,3290.82015476094,-2498,317
1622102572050,1622102572060,10,-1,40,-1.0,-1,-1
1622102572080,1622102572100,20,0,50,3354.1157092476,-1615,302
1622102572110,1622102572180,70,7,188,8653.0230631905,-7940,330
1622102572190,1622102572250,60,2,144,12398.4353681018,-10341,152
1622102572470,1622102572540,70,8,382,19370.4107709784,-24484,228
1622102572610,1622102572630,20,0,51,2519.74607419052,-1231,159
1622102572640,1622102572690,50,5,624,28129.0280249393,-1,131
1622102572750,1622102572780,30,4,511,14931.0964341783,-30788,96
1622102572800,1622102572810,10,-1,44,3537.75540109281,-1,-1
1622102572830,1622102572860,30,3,173,7716.79986595853,-212,30
1622102572920,1622102572950,30,1,53,384.231367374451,-2082,125
1622102572970,1622102572990,20,1,157,9907.92554884324,-1,58
1622102573050,1622102573070,20,4,461,18902.755083713,-1,84
1622102573220,1622102573240,20,0,64,-1.0,-1788,265
1622102573250,1622102573270,20,1,118,5706.1560046388,-1,249
1622102573330,1622102573360,30,2,363,21980.9176287768,-1,248
1622102573370,1622102573410,40,1,236,9447.81999502323,-2765,107
1622102573599,1622102573689,89,2,151,8063.56100261432,-7242,19
1622102573749,1622102573769,20,0,101,-1.0,-6095,218
1622102573779,1622102573809,30,2,100,3832.66537262563,-3694,196
1622102573819,1622102573839,20,12,895,57739.7169514745,-1,283
1622102573919,1622102573979,60,13,564,39111.3745556689,-39781,93
1622102574209,1622102574269,60,6,363,18890.1089064971,-21338,43
1622102575079,1622102575139,60,1,119,8014.95134926446,-5478,138
1622102575368,1622102575388,20,1,144,-1.0,-75,12
1622102575478,1622102575528,50,3,200,-1.0,-9156,34
1622102575548,1622102575598,50,3,92,3129.89903393942,-1157,248
1622102575738,1622102575918,180,20,416,7004.49315620946,-15343,232
1622102575978,1622102576018,40,9,881,46070.6824487614,-879,98
1622102576128,1622102576188,60,12,477,3311.69376309575,-15440,272
1622102576248,1622102576258,10,-1,47,-1.0,-1,-1
1622102576268,1622102576318,50,0,55,3833.12876010738,-2065,164
1622102576338,1622102576358,20,1,233,12298.7358224311,-1,97
1622102576418,1622102576468,50,19,861,49298.5719742412,-22796,205
1622102576678,1622102576718,40,15,896,59207.2907504946,-18857,33
1622102576828,1622102576838,10,-1,106,-1.0,-1,-1
1622102576848,1622102576877,29,2,111,9765.2657575824,-105,164
1622102577017,1622102577037,20,1,93,1378.09213348354,-1,102
1622102577097,1622102577147,50,2,62,1820.84786065101,-2441,31
1622102577247,1622102577297,50,3,164,4617.21456843539,-1,246
1622102577437,1622102577597,160,16,719,21405.0603891201,-53369,208
1622102577677,1622102577717,40,4,515,29167.2271544269,-3131,206
1622102577727,1622102577757,30,13,795,77518.2949743046,-35645,313
1622102577867,1622102577877,10,-1,602,-1.0,-1,-1
1622102577947,1622102578017,70,5,910,10045.446848592,-41451,187
1622102578087,1622102578157,70,8,428,21753.1838540341,-7855,64
