start,end,duration,amplitude,peak_velocity,peak_acceleration,peak_deceleration,direction
1621841985727,1621841985747,20,1,89,-1.0,-959,182
1621841985997,1621841986017,20,0,35,1581.21254090342,-1,135
1621841986027,1621841986107,80,14,331,18898.7823517546,-9068,295
1621841986127,1621841986197,70,1,445,30504.827613885,-38021,259
1621841986427,1621841986497,70,18,449,20114.3418458151,-16713,116
1621841986637,1621841986647,10,-1,50,3962.84759370314,-1,-1
1621841986657,1621841986807,150,5,1281,100965.427368201,-114520,39
1621841986817,1621841986867,50,3,117,6157.18298904237,-5459,270
1621841986897,1621841986917,20,0,48,4003.0299783975,-1618,300
1621841987097,1621841987147,50,8,292,15143.5638145806,-8636,293
1621841987167,1621841987187,20,1,61,1849.2810936725,-1,323
1621841987516,1621841987526,10,-1,66,6182.22919217471,-1,-1
1621841987536,1621841987546,10,-1,63,5062.58801429361,-1,-1
1621841987796,1621841987856,60,7,211,8244.23917706459,-13515,136
1621841987936,1621841987946,10,-1,41,2597.06250012003,-1,-1
1621841987956,1621841988236,280,19,484,23958.9178851498,-23664,145
1621841988256,1621841988496,240,15,164,8153.36191046324,-6510,334
1621841988516,1621841988566,50,2,126,7389.44486221483,-9092,68
1621841988586,1621841988606,20,0,39,1846.79818240298,-781,23
1621841988626,1621841988636,10,-1,35,1431.33470887663,-1,-1
1621841988726,1621841988796,70,21,561,23836.1589474885,-24616,20
1621841988806,1621841988965,159,9,583,28879.6863638924,-37421,349
1621841989055,1621841989215,160,22,265,11851.5369984258,-8756,218
1621841989235,1621841989375,140,2,138,13083.3718439868,-6088,142
1621841989385,1621841989405,20,15,1409,73406.3667183573,-1,149
1621841989495,1621841989815,320,18,491,32529.5007297878,-24748,311
1621841989825,1621841989855,30,1,53,3815.2377725393,-88,8
1621841989875,1621841989895,20,0,43,2094.35448399885,-1216,293
1621841989935,1621841989975,40,1,177,11032.6479793068,-1,5
1621841989985,1621841990015,30,1,82,6977.15580551454,-3158,45
1621841990055,1621841990095,40,3,144,10075.7238107867,-10612,77
1621841990105,1621841990115,10,-1,30,189.738187373921,-1,-1
1621841990125,1621841990145,20,0,42,1282.97431168488,-698,84
1621841990175,1621841990345,170,13,532,35158.7522153505,-26364,216
1621841990355,1621841990435,80,2,57,1718.69862240892,-1229,329
1621841990445,1621841990455,10,-1,84,7116.25143169319,-1,-1
1621841990465,1621841990485,20,0,48,1908.11011940727,-1,76
1621841990495,1621841990554,59,1,191,8088.84295037448,-3318,352
1621841990564,1621841990754,190,20,412,15358.6732723846,-26163,19
1621841990764,1621841990974,210,12,648,54448.2470364667,-56462,216
1621841990984,1621841990994,10,-1,30,2287.62840918715,-1,-1
1621841991144,1621841991184,40,4,183,9920.70852451041,-8244,116
1621841991204,1621841991224,20,0,66,4621.56809777996,-1047,283
1621841991234,1621841991264,30,4,251,23911.2211136534,-13297,272
1621841991274,1621841991284,10,-1,54,2670.29941905818,-1,-1
1621841991304,1621841991544,240,33,1301,120093.561234414,-113511,154
1621841991714,1621841991734,20,26,1251,124453.835118755,-1283,272
1621841991744,1621841991834,90,19,703,41183.876627426,-28373,357
1621841992084,1621841992133,49,5,135,1693.98359580869,-58,182
1621841992243,1621841992293,50,6,589,32436.2914357361,-14339,339
1621841992393,1621841992443,50,7,211,12520.0887639674,-4285,0
1621841992463,1621841992533,70,11,185,10426.3975880948,-4525,171
1621841992543,1621841992603,60,0,84,6413.10784905391,-2793,75
1621841992623,1621841992653,30,1,56,2752.81857029747,-1220,201
1621841993173,1621841993193,20,4,420,-1.0,-17836,184
1621841993203,1621841993453,250,15,462,23943.2926912692,-40977,8
1621841993483,1621841993533,50,2,85,3991.23416961401,-2592,331
1621841993623,1621841993633,10,-1,44,3731.30680777709,-1,-1
1621841993653,1621841993962,309,7,429,36006.3693093091,-21433,63
1621841994102,1621841994132,30,0,118,7939.84635751034,-1,79
1621841994232,1621841994282,50,5,673,-1.0,-37920,250
1621841994752,1621841994782,30,0,45,1633.22307915888,-1494,157
1621841995082,1621841995092,10,-1,30,3070.8092518062,-1,-1
1621841995401,1621841995411,10,-1,48,2336.11455592956,-1,-1
1621841995531,1621841995581,50,4,191,10911.1920215783,-7314,84
1621841995731,1621841995781,50,4,136,7645.84788186017,-5302,273
1621841996021,1621841996031,10,-1,40,2235.54114076839,-1,-1
1621841996771,1621841996911,140,0,614,32234.4074000461,-39193,180
1621841996921,1621841996931,10,-1,37,797.596376829833,-1,-1
1621841997380,1621841997430,50,4,136,9019.85407171065,-6983,68
1621841997590,1621841997610,20,0,43,1449.29099004969,-1,270
1621841997680,1621841997700,20,0,39,2014.97722742188,-1,84
1621841997840,1621841997850,10,-1,35,1099.84709824999,-1,-1
1621841997940,1621841998080,140,15,1694,106463.381963839,-95900,207
1621841998130,1621841998140,10,-1,32,662.58079449801,-1,-1
1621841998330,1621841998350,20,0,53,2630.62229501297,-2009,85
1621841998370,1621841998380,10,-1,31,2627.07897723986,-1,-1
1621841998689,1621841998699,10,-1,34,1939.11165899914,-1,-1
1621841998849,1621841998859,10,-1,33,1344.21562272106,-1,-1
1621841998869,1621841998899,30,2,306,17719.8343379186,-1,3
1621841998909,1621841999069,160,17,790,44902.0323872794,-42078,8
1621841999079,1621841999119,40,1,127,7194.74234398187,-8597,213
1621841999159,1621841999179,20,1,151,9815.55177570617,-1,9
1621841999189,1621841999199,10,-1,110,10079.4359166666,-1,-1
1621841999219,1621841999239,20,1,78,5439.72441088351,-270,237
1621841999319,1621841999359,40,1,116,5201.99406424552,-584,234
1621841999379,1621841999399,20,0,42,1367.12360780891,-1,217
1621841999589,1621841999599,10,-1,122,11927.8521449936,-1,-1
1621841999609,1621841999629,20,1,204,18746.401638162,-16621,96
1621841999649,1621841999679,30,0,109,6537.67988827827,-1757,236
1621841999689,1621841999699,10,-1,42,2099.03926455219,-1,-1
1621841999709,1621841999719,10,-1,40,2781.11871828633,-1,-1
1621841999729,1621841999739,10,-1,32,1174.78107703394,-1,-1
1621841999749,1621841999989,240,14,723,32097.8934052701,-26047,205
1621841999999,1621842000198,199,7,693,54991.8971325145,-39922,186
1621842000208,1621842000268,60,6,352,32257.2806441301,-11198,329
1621842000328,1621842000368,40,5,265,14134.2424927906,-15411,358
1621842000868,1621842000948,80,14,439,20114.945224804,-21954,73
1621842001268,1621842001328,60,6,236,17178.2255760896,-15874,50
1621842001408,1621842001628,220,32,762,47413.998426901,-28633,342
1621842001648,1621842001817,169,26,391,22412.8940280193,-24833,172
1621842001857,1621842001867,10,-1,35,1308.86567623738,-1,-1
1621842001927,1621842002297,370,15,1417,76186.6104869458,-66423,169
1621842002327,1621842002397,70,2,81,5341.78630835808,-3593,356
1621842002407,1621842002417,10,-1,31,1167.69199147897,-1,-1
1621842002427,1621842002457,30,0,71,4564.28488870428,-2553,319
1621842002497,1621842002517,20,0,45,3301.99709339501,-115,327
1621842002547,1621842002557,10,-1,40,3155.31452546367,-1,-1
1621842002567,1621842002577,10,-1,70,4498.59897549421,-1,-1
1621842002617,1621842002637,20,1,1266,120532.200458341,-1,169
1621842002757,1621842002897,140,12,261,7969.09223568833,-12508,28
1621842003017,1621842003087,70,19,609,17147.7715765503,-31393,18
1621842003097,1621842003157,60,2,63,4038.89986750418,-1708,204
1621842003217,1621842003247,30,0,35,863.115910562468,-334,218
1621842003257,1621842003337,80,6,252,21191.6583196876,-7274,148
1621842003377,1621842003466,89,2,265,15234.7180454816,-16350,106
1621842003556,1621842003666,110,4,1617,119991.208801815,-99543,292
1621842003726,1621842003766,40,3,124,6584.53650266444,-5341,258
1621842003816,1621842003856,40,1,147,8970.15833177915,-10842,96
1621842003876,1621842003916,40,1,73,6022.2175827824,-3247,263
1621842004016,1621842004026,10,-1,39,1486.87996993942,-1,-1
1621842004066,1621842004076,10,-1,39,3191.0782027165,-1,-1
1621842004086,1621842004126,40,1,52,2851.66533828149,-1412,281
1621842004206,1621842004216,10,-1,50,3973.78224418775,-1,-1
1621842004306,1621842004316,10,-1,642,63352.9887825505,-1,-1
1621842004326,1621842004336,10,-1,620,59846.9810724394,-1,-1
1621842004346,1621842004386,40,21,1486,58781.6029896739,-1,63
1621842004476,1621842004576,100,12,1175,114369.109561745,-100772,276
1621842004756,1621842004776,20,1,220,12750.6421447238,-1,125
1621842004866,1621842004956,90,8,373,1814.70263643689,-13120,255
1621842005065,1621842005125,60,7,199,9879.05508995888,-8908,287
1621842005135,1621842005155,20,0,53,3258.16897758756,-1995,7
1621842005185,1621842005195,10,-1,34,1894.86225322544,-1,-1
1621842005275,1621842005335,60,14,442,20445.8299810353,-20462,166
1621842005455,1621842005475,20,0,42,1022.37603668727,-1,310
1621842005595,1621842005605,10,-1,34,619.039532648664,-1,-1
1621842005865,1621842005875,10,-1,35,2547.6996801818,-1,-1
1621842005985,1621842006185,200,17,2204,110744.801169231,-130609,48
1621842006325,1621842006375,50,8,625,10704.1179507064,-37271,300
1621842006385,1621842006405,20,1,97,3873.11066520696,-1,236
1621842006415,1621842006505,90,12,262,14621.9862679262,-7481,103
1621842006515,1621842006575,60,9,493,24642.0892427659,-44086,289
1621842006595,1621842006634,39,2,652,54162.2153928645,-69026,242
1621842006664,1621842006684,20,0,33,1540.43196920602,-1,173
1621842007084,1621842007404,320,9,750,67608.0397384489,-54800,150
1621842007454,1621842007524,70,32,1477,127799.608030128,-1,164
1621842007534,1621842007814,280,38,394,26113.0667911407,-11886,331
1621842007824,1621842008034,210,8,610,31041.273298629,-19227,194
1621842008114,1621842008154,40,1,41,1254.39860920061,-392,14
1621842008194,1621842008433,239,14,1460,65831.5253587171,-116248,11
1621842008453,1621842008493,40,0,55,1562.86615554457,-290,18
1621842008503,1621842008563,60,2,58,1226.09792480487,-994,196
1621842008573,1621842008613,40,3,249,20611.2887037646,-10159,295
1621842008623,1621842008653,30,1,94,3912.53344271265,-1,106
1621842008683,1621842008743,60,3,93,3916.31416613904,-3107,169
1621842008793,1621842008823,30,0,44,966.806196111449,-1,141
1621842008833,1621842008863,30,1,57,1919.64462119376,-1680,160
1621842008883,1621842008913,30,8,388,19408.6499816626,-1519,335
1621842009033,1621842009173,140,22,194,6917.27817854189,-7701,181
1621842009233,1621842009253,20,0,40,1881.35925919229,-1,194
1621842009433,1621842009533,100,14,1206,52665.0876650133,-99,68
1621842009623,1621842009832,209,8,573,35356.7168559303,-18046,316
1621842009842,1621842009942,100,6,100,5940.73084796906,-3851,341
1621842009952,1621842009992,40,3,109,6917.94743660176,-3067,313
1621842010012,1621842010022,10,-1,53,3019.69108552933,-1,-1
1621842010032,1621842010042,10,-1,52,3229.77084261054,-1,-1
1621842010282,1621842010302,20,0,36,1583.22735074036,-12,285
1621842010452,1621842010492,40,1,77,3245.03914615162,-2713,252
1621842010522,1621842010532,10,-1,45,2400.22636719645,-1,-1
1621842010542,1621842010562,20,0,55,3298.98621435149,-1660,278
1621842010572,1621842010682,110,20,523,25025.8605731779,-16677,199
1621842010692,1621842010792,100,8,193,9667.02946932484,-9413,10
1621842010812,1621842010832,20,0,51,2378.96418903804,-414,340
1621842010842,1621842010852,10,-1,69,4597.3593695812,-1,-1
1621842010862,1621842010882,20,0,57,3583.62071372464,-1,348
1621842010892,1621842010902,10,-1,30,1093.66000717733,-1,-1
1621842011012,1621842011022,10,-1,33,701.961437668937,-1,-1
1621842011172,1621842011322,150,18,500,34767.2164829075,-13797,18
1621842011342,1621842011352,10,-1,35,2820.5758200065,-1,-1
1621842011392,1621842011451,59,2,705,38446.7047650279,-63308,266
1621842011481,1621842011591,110,2,95,6062.84561975702,-4898,163
1621842011621,1621842011721,100,2,91,6710.28685375782,-4374,333
1621842011841,1621842012051,210,19,990,56996.7089087297,-53280,177
1621842012141,1621842012171,30,0,42,1108.20352721478,-126,346
1621842012181,1621842012191,10,-1,30,792.208562460529,-1,-1
1621842012201,1621842012221,20,0,48,1928.46942735743,-5,331
1621842012411,1621842012511,100,16,464,24878.9503228764,-32294,90
1621842012701,1621842012791,90,17,412,18016.9227542781,-17194,333
1621842012901,1621842012951,50,2,74,2817.86970502486,-3386,308
1621842013130,1621842013150,20,0,50,2721.02555188636,-753,265
1621842013220,1621842013370,150,10,1077,40241.9664836089,-99747,188
1621842013380,1621842013390,10,-1,36,2753.13444965283,-1,-1
1621842013570,1621842013620,50,11,363,18212.9038901421,-20450,6
1621842013750,1621842013770,20,0,57,4475.33942987723,-1404,139
1621842013830,1621842013940,110,3,129,6329.25024546398,-6122,90
1621842014090,1621842014240,150,4,1367,80328.2892651596,-60197,276
1621842014420,1621842014430,10,-1,30,1523.91960641548,-1,-1
1621842014460,1621842014470,10,-1,37,1753.5475368928,-1,-1
1621842014520,1621842014530,10,-1,87,6816.65405965815,-1,-1
1621842014540,1621842014550,10,-1,89,8180.06569566953,-1,-1
1621842014600,1621842014660,60,14,362,19192.9564792227,-17512,173
1621842015149,1621842015209,60,8,284,16919.6591430243,-11283,216
1621842015739,1621842015749,10,-1,39,3391.04913193129,-1,-1
1621842015839,1621842016089,250,22,2466,140833.250521203,-134773,17
1621842016119,1621842016169,50,0,167,8995.1842800613,-8795,119
1621842016209,1621842016219,10,-1,70,4074.21138936798,-1,-1
1621842016229,1621842016249,20,2,111,6898.13268423646,-1,279
1621842016259,1621842016398,139,15,792,42234.752125785,-36337,69
1621842016418,1621842016968,550,25,614,44282.5639006495,-28709,238
1621842017178,1621842017228,50,6,253,11920.2933867869,-12642,113
1621842017268,1621842017318,50,14,503,25087.9762949144,-34318,0
1621842017348,1621842017498,150,3,173,7369.59937540906,-13014,241
1621842017508,1621842017538,30,0,38,1025.96030637577,-230,230
1621842017618,1621842017648,30,3,153,9650.75287437931,-6741,264
1621842017658,1621842017688,30,0,76,5123.13965316384,-3810,240
1621842017867,1621842017957,89,20,990,31628.4706162071,-83011,186
1621842017977,1621842018157,180,1,430,26672.9411269221,-24732,30
1621842018227,1621842018237,10,-1,31,2053.68078267386,-1,-1
1621842018247,1621842018267,20,0,44,1891.54495270253,-1,298
1621842018327,1621842018407,80,8,259,11348.6640631573,-11000,64
1621842018417,1621842018427,10,-1,74,4599.11479909869,-1,-1
1621842018437,1621842018467,30,0,134,10140.5303991314,-6044,327
1621842018577,1621842018747,170,6,1563,88690.3052403562,-124473,294
1621842018797,1621842018937,140,3,1267,61279.7144744426,-85449,344
1621842018957,1621842018977,20,0,40,3578.65668276471,-497,114
1621842019127,1621842019167,40,4,146,8000.37162982016,-5293,8
1621842019337,1621842019367,30,0,180,17160.7838401051,-13918,286
1621842019387,1621842019437,50,14,347,19357.7463207209,-4937,206
1621842019696,1621842019766,70,6,1257,4664.85701908881,-97110,335
1621842020176,1621842020236,60,16,471,24309.1814880854,-23605,180
1621842020256,1621842020266,10,-1,41,2602.54822028882,-1,-1
1621842020476,1621842020546,70,3,123,3825.52796778915,-5279,25
1621842020596,1621842020606,10,-1,50,2550.31207558606,-1,-1
1621842020616,1621842020646,30,3,143,6985.38207208791,-8135,231
1621842020696,1621842020706,10,-1,39,2227.52117517969,-1,-1
1621842020806,1621842020866,60,12,308,16631.9802777462,-9240,225
1621842021435,1621842021445,10,-1,35,3077.54217179245,-1,-1
1621842021565,1621842021585,20,0,37,1064.12526713207,-57,296
1621842021595,1621842021625,30,0,35,717.506902614106,-401,11
1621842021645,1621842021665,20,0,37,1268.0910614032,-695,263
1621842021805,1621842021815,10,-1,33,1615.27642078551,-1,-1
1621842021895,1621842021915,20,0,34,1522.48850827253,-1,87
1621842021985,1621842022025,40,2,64,3265.43116946235,-3114,197
1621842022185,1621842022195,10,-1,32,1573.06571963407,-1,-1
1621842022245,1621842022255,10,-1,53,2569.4798493432,-1,-1
1621842022265,1621842022275,10,-1,50,3018.49748785418,-1,-1
1621842022305,1621842022395,90,10,188,5535.91324499092,-8055,78
1621842022505,1621842022665,160,12,1608,108750.51928446,-102563,291
1621842022675,1621842022724,49,0,53,3065.97308386978,-1862,230
1621842022794,1621842022814,20,0,41,2170.14386035898,-286,38
1621842022834,1621842022864,30,2,101,6209.99612481638,-6265,85
1621842023044,1621842023064,20,0,67,4450.2164930823,-2577,312
1621842023084,1621842023104,20,0,36,2379.78602435557,-64,347
1621842023344,1621842023394,50,9,786,37667.8900450016,-1808,74
1621842023524,1621842023684,160,29,1205,77714.3151463233,-41181,315
1621842023814,1621842023884,70,10,827,14552.6081950372,-43623,338
1621842024134,1621842024343,209,7,815,43424.2050388645,-58634,130
1621842024373,1621842024393,20,0,37,1356.82998484519,-417,147
1621842024403,1621842024413,10,-1,31,529.694777077568,-1,-1
1621842024513,1621842024703,190,0,429,23034.2012138423,-22219,192
1621842024943,1621842025003,60,0,61,2691.80510500409,-1227,186
1621842025013,1621842025053,40,2,75,4804.52621766023,-4120,187
1621842025133,1621842025163,30,1,50,2223.42072525584,-1436,280
1621842025193,1621842025223,30,0,34,789.739386338613,-202,282
1621842025473,1621842025513,40,5,186,11432.5340384937,-9658,193
1621842025783,1621842025843,60,1,33,-1.0,-12,192
1621842026082,1621842026092,10,-1,483,-1.0,-1,-1
1621842026812,1621842026862,50,3,330,83.2479344514425,-24765,112
1621842028831,1621842028931,100,6,719,1597.72509564339,-46924,5
1621842029021,1621842029220,199,19,394,19746.5922367607,-18184,275
1621842030460,1621842030540,80,9,674,46714.4108200987,-57454,232
1621842030630,1621842030739,109,12,745,40459.6910721318,-63914,256
1621842030959,1621842031189,230,12,559,14230.3691895516,-14134,106
1621842031209,1621842031219,10,-1,30,225.979174385838,-1,-1
1621842031229,1621842031249,20,0,53,2717.2145614414,-2288,270
1621842031299,1621842031319,20,0,48,2144.41543773726,-1,122
1621842031329,1621842031529,200,15,528,22250.2077329232,-25454,2
1621842031539,1621842031619,80,5,226,18653.1356377251,-15749,181
1621842031629,1621842031649,20,0,54,3486.9255894095,-518,184
1621842031669,1621842031699,30,4,268,17682.317957285,-1,323
1621842031729,1621842031789,60,2,77,4068.11935467875,-3418,131
1621842031869,1621842031959,90,2,236,13824.5468141793,-17453,77
1621842031969,1621842032259,290,4,495,22368.2690942322,-22651,191
1621842032289,1621842032299,10,-1,67,5223.82192079435,-1,-1
1621842032309,1621842032319,10,-1,83,5774.64476298191,-1,-1
1621842032418,1621842032438,20,0,50,1980.64496588384,-1,156
1621842032478,1621842032598,120,14,1960,191955.656997058,-144467,356
1621842032608,1621842032808,200,4,212,9466.6464898738,-10044,162
1621842032848,1621842032938,90,17,448,20464.9423804785,-26376,145
1621842033078,1621842033158,80,3,148,7941.82367393066,-9366,313
1621842033178,1621842033198,20,0,39,2286.12215363505,-335,77
1621842033438,1621842033698,260,7,323,19935.6107112123,-24914,134
1621842033758,1621842034007,249,16,769,31342.904932825,-29627,299
1621842034067,1621842034207,140,17,572,56035.2964811973,-52550,164
1621842034227,1621842034257,30,1,76,2984.71886190845,-1217,16
1621842034277,1621842034287,10,-1,30,32.8053054898064,-1,-1
1621842034297,1621842034367,70,4,102,4452.56510041744,-2919,11
1621842034377,1621842034397,20,0,43,1517.09486631723,-250,354
1621842034437,1621842034467,30,0,39,1189.8714729961,-971,350
1621842034537,1621842034557,20,0,39,1014.04374437534,-1,278
1621842034707,1621842034907,200,8,467,31092.5029544402,-30852,331
1621842035237,1621842035247,10,-1,30,1007.63028401751,-1,-1
1621842035257,1621842035267,10,-1,41,1124.96186384485,-1,-1
1621842035487,1621842035497,10,-1,43,3482.67740780724,-1,-1
1621842035507,1621842035527,20,2,163,11057.1828314516,-1,84
1621842035616,1621842035656,40,9,528,-1.0,-17309,279
1621842035676,1621842035716,40,8,412,26581.3279359967,-1,102
1621842035806,1621842035956,150,16,331,17305.332749531,-15597,268
1621842035976,1621842035986,10,-1,35,781.073843265419,-1,-1
1621842036446,1621842036496,50,1,52,1201.55447245778,-30,300
1621842036506,1621842036636,130,5,143,7020.70767634149,-8838,105
1621842036676,1621842036696,20,1,60,2459.38651525924,-1,302
1621842036736,1621842036776,40,7,325,16239.7140006363,-5733,277
1621842036916,1621842037036,120,3,1960,71667.2103501697,-169238,38
1621842037325,1621842037335,10,-1,34,855.131988861836,-1,-1
1621842037365,1621842037375,10,-1,33,883.400380835606,-1,-1
1621842037405,1621842037445,40,2,91,3071.54484516995,-2841,66
1621842037465,1621842037505,40,1,40,1482.82162039899,-394,67
1621842037515,1621842037585,70,2,54,2032.54443621368,-1223,340
1621842037605,1621842037615,10,-1,65,4896.69973253793,-1,-1
1621842037625,1621842037635,10,-1,66,5222.83628504777,-1,-1
1621842037915,1621842038065,150,26,548,30325.1806908204,-22267,162
1621842038145,1621842038225,80,3,53,983.195666944107,-1558,15
1621842038235,1621842038595,360,23,740,53020.7639875374,-37928,81
1621842038665,1621842038695,30,1,69,3267.65830791337,-3681,276
1621842038725,1621842039114,389,34,775,54725.2891486411,-32823,325
1621842039124,1621842039214,90,9,232,21167.6167932139,-14655,190
1621842039224,1621842039444,220,7,91,4741.8413523371,-4673,193
1621842039554,1621842039584,30,1,75,5245.84939884367,-2034,339
1621842039594,1621842039834,240,24,676,28921.042087498,-27075,201
1621842039854,1621842040014,160,10,350,29194.2101689942,-22823,35
1621842040044,1621842040054,10,-1,33,497.852593197868,-1,-1
1621842040064,1621842040124,60,10,708,27793.2313102544,-1,146
1621842040224,1621842040643,419,47,743,38565.8569098498,-46357,15
1621842040653,1621842040853,200,18,642,47869.5650806843,-40951,153
1621842040943,1621842040973,30,5,254,16175.3489043758,-14830,124
1621842041023,1621842041113,90,3,73,2024.68141765623,-1926,257
1621842041123,1621842041443,320,27,1118,75610.9870096967,-45927,293
1621842041453,1621842041483,30,5,227,18702.6254377809,-18517,303
1621842041823,1621842041963,140,28,481,27328.9407798149,-26157,159
1621842042022,1621842042032,10,-1,32,1699.45915506366,-1,-1
1621842042142,1621842042252,110,21,665,26656.1674846762,-32543,76
1621842042262,1621842042302,40,1,82,4643.30831158425,-3519,243
1621842042312,1621842042352,40,2,95,5265.5753196503,-1,247
1621842042402,1621842042662,260,34,772,67301.5256798281,-50958,314
1621842042672,1621842042702,30,15,1497,80626.9058492186,-1,149
1621842042792,1621842042922,130,8,453,12329.1018953514,-22368,239
1621842043042,1621842043062,20,3,223,-1.0,-12657,152
1621842043072,1621842043282,210,31,361,30072.9865798453,-28391,331
1621842043302,1621842043322,20,0,49,1798.08348244152,-1,341
1621842043362,1621842043422,60,30,726,41758.2752380016,-5772,10
1621842043512,1621842043801,289,27,867,51974.5623988112,-60223,236
1621842043811,1621842043881,70,4,120,3833.43564816802,-6588,197
1621842043891,1621842043931,40,2,73,2691.43876666073,-1574,155
1621842044011,1621842044021,10,-1,32,394.641905592257,-1,-1
1621842044441,1621842044471,30,1,619,53426.7075643336,-24308,69
1621842044561,1621842044611,50,5,906,-1.0,-71387,275
1621842044661,1621842044861,200,2,2409,158468.981047269,-145463,266
1621842045061,1621842045071,10,-1,37,1012.96678912399,-1,-1
1621842045081,1621842045091,10,-1,35,2368.60331476092,-1,-1
1621842045101,1621842045270,169,6,455,14385.8620458817,-27646,11
1621842045990,1621842046030,40,9,1106,71752.371800466,-1,160
1621842046130,1621842046200,70,7,212,1425.45606058221,-10866,292
1621842046410,1621842046420,10,-1,32,2467.29579542131,-1,-1
1621842046510,1621842046520,10,-1,30,2117.09036293428,-1,-1
1621842046660,1621842046680,20,0,36,1178.57705116576,-184,180
1621842046959,1621842046969,10,-1,37,1344.01974754734,-1,-1
1621842047069,1621842047119,50,7,455,15249.1982639852,-1,1
1621842047209,1621842047279,70,15,916,1393.39028053529,-47666,297
1621842047299,1621842047329,30,1,52,1724.28612309774,-1926,150
1621842047389,1621842047439,50,2,62,2080.10570605473,-2602,138
1621842047539,1621842047559,20,0,30,953.882273151468,-1,122
1621842047809,1621842047819,10,-1,32,538.609662226207,-1,-1
1621842047999,1621842048119,120,3,63,2620.43936245248,-2314,234
1621842048299,1621842048319,20,0,49,3729.65800653091,-706,219
1621842048339,1621842048349,10,-1,33,1007.87448381331,-1,-1
1621842048359,1621842048478,119,2,524,24971.5277452194,-25678,248
1621842048498,1621842048518,20,0,47,1768.9988439879,-1,122
1621842048538,1621842048758,220,1,1194,66802.0107875566,-103299,141
1621842048848,1621842048888,40,0,81,7452.6482085576,-1347,11
1621842048908,1621842048928,20,0,56,4236.69768240995,-1510,273
1621842048988,1621842049028,40,0,61,4392.3862894627,-1127,99
1621842049138,1621842049308,170,1,270,14110.9712854864,-11688,119
1621842049338,1621842049358,20,0,41,1167.23028688857,-1,219
1621842049368,1621842049538,170,0,182,9767.58553144588,-6869,232
1621842049588,1621842049618,30,1,80,2976.9447233951,-2975,86
1621842049788,1621842049818,30,1,78,4692.87001953407,-4596,287
1621842049828,1621842049848,20,0,56,2682.66911268815,-1196,251
1621842049918,1621842050087,169,5,1192,81235.6232924034,-47382,42
1621842050177,1621842050187,10,-1,30,188.455179968071,-1,-1
1621842050257,1621842050267,10,-1,32,402.360837680992,-1,-1
1621842050307,1621842050317,10,-1,34,574.15731127313,-1,-1
1621842050357,1621842050367,10,-1,37,1358.44040807179,-1,-1
1621842050497,1621842050827,330,4,1123,72291.3273307826,-76609,131
1621842050837,1621842050857,20,0,57,3710.36747307596,-2270,168
1621842050997,1621842051007,10,-1,43,3616.95582385561,-1,-1
1621842051117,1621842051137,20,0,64,3230.96943923117,-1,75
1621842051177,1621842051387,210,3,3457,182853.602856702,-235096,322
1621842051407,1621842051557,150,3,913,78706.240538881,-44996,113
1621842051577,1621842051597,20,0,58,3496.51506862846,-1817,132
1621842051756,1621842051826,70,13,403,17156.0588088929,-23088,76
1621842052026,1621842052196,170,6,674,52837.5387436272,-29189,231
1621842052206,1621842052286,80,30,1105,99908.9760105271,-52486,156
1621842052426,1621842052526,100,10,195,6036.87746802858,-9970,296
1621842052536,1621842052596,60,2,97,4388.05572344579,-3978,243
1621842052616,1621842052696,80,4,99,6319.11629878861,-3357,289
1621842052706,1621842052726,20,0,38,1278.26168718517,-1,310
1621842052766,1621842052836,70,2,52,1655.99977416173,-1204,7
1621842052936,1621842053026,90,4,384,1206.88030539036,-19161,331
1621842053046,1621842053116,70,2,54,2337.91213558828,-2039,125
1621842053166,1621842053315,149,11,153,3330.00131980914,-7249,14
1621842053615,1621842054385,770,8,1026,90086.6569251362,-78830,236
1621842054815,1621842054825,10,-1,44,1597.23449716665,-1,-1
1621842054835,1621842054994,159,5,1622,90022.4058277054,-72452,333
1621842055004,1621842055024,20,0,46,2040.09936574814,-244,266
1621842055184,1621842055204,20,0,36,3618.77759564825,-226,180
1621842055214,1621842055254,40,1,79,4157.03819165692,-1,46
1621842055354,1621842055374,20,4,357,-1.0,-13989,189
1621842055384,1621842055444,60,3,82,6683.73291752273,-2228,5
1621842055484,1621842055554,70,2,65,2685.74253346579,-1951,22
1621842055784,1621842055964,180,27,1243,58435.988896426,-68361,343
1621842055974,1621842056014,40,2,90,3950.80342250902,-3185,174
1621842056044,1621842056064,20,0,44,1497.63847507302,-220,270
1621842056104,1621842056144,40,2,224,13910.1161371263,-111,108
1621842056374,1621842056543,169,22,412,7670.1859268248,-17493,130
1621842056553,1621842056583,30,3,154,8039.41851766303,-6760,121
1621842056813,1621842056843,30,2,97,6118.3155656424,-2756,53
1621842056853,1621842056873,20,1,155,8427.82310322356,-1,317
1621842057213,1621842057303,90,9,211,9068.00907787174,-11799,303
1621842057313,1621842057553,240,11,354,17023.886284371,-32371,264
1621842057653,1621842057663,10,-1,37,758.961628488328,-1,-1
1621842057673,1621842057763,90,3,91,4107.32388872158,-4931,132
1621842057773,1621842057803,30,1,54,1435.46322103741,-1,135
1621842057823,1621842057863,40,1,56,1229.98566381834,-1435,195
1621842057873,1621842057883,10,-1,31,357.41399757513,-1,-1
1621842057893,1621842057943,50,1,58,2117.56516380555,-1387,200
1621842057953,1621842058142,189,6,1453,78222.4078507508,-113048,208
1621842058152,1621842058172,20,3,340,17502.0113612583,-1,77
1621842058272,1621842058422,150,6,308,24988.6476783352,-21097,273
1621842058532,1621842058542,10,-1,31,656.395630752339,-1,-1
1621842058632,1621842058642,10,-1,31,2602.63579270991,-1,-1
1621842058772,1621842058782,10,-1,32,2024.30789972017,-1,-1
1621842058802,1621842058822,20,0,42,2513.11241155609,-1,261
1621842058882,1621842058902,20,1,96,7524.41542264704,-1227,271
1621842058922,1621842059002,80,9,235,16738.1281648408,-14710,114
1621842059012,1621842059072,60,5,509,30342.8689718911,-38377,270
1621842059102,1621842059272,170,1,1551,72731.4980093888,-117473,136
1621842059522,1621842059532,10,-1,32,1106.7132947652,-1,-1
1621842059831,1621842059861,30,3,141,7392.36990145709,-4590,318
1621842059971,1621842060021,50,2,228,13089.375933575,-1,152
1621842060311,1621842060321,10,-1,331,-1.0,-1,-1
1621842060411,1621842060421,10,-1,363,-1.0,-1,-1
1621842060441,1621842060501,60,4,150,8815.71967823446,-9978,43
1621842060531,1621842060711,180,13,143,9233.28138779751,-10632,77
1621842060731,1621842060741,10,-1,32,2065.30674217583,-1,-1
1621842060771,1621842061081,310,17,97,2715.79147558852,-2805,249
1621842061131,1621842061330,199,27,879,35018.2658103238,-52647,340
1621842061440,1621842061470,30,2,94,4141.37236677204,-3775,152
1621842061780,1621842061800,20,0,35,1925.57269847461,-362,296
1621842061810,1621842061840,30,2,100,5082.33666453248,-516,24
1621842061860,1621842061870,10,-1,41,1753.15599626066,-1,-1
1621842061880,1621842061890,10,-1,39,2066.99013502622,-1,-1
1621842061950,1621842061990,40,1,83,3858.94670295131,-4905,62
1621842062040,1621842062080,40,2,83,2958.29734853845,-1621,45
1621842062090,1621842062100,10,-1,51,2521.23166544182,-1,-1
1621842062110,1621842062150,40,2,89,5325.18680072269,-2604,256
1621842062340,1621842062450,110,13,275,13792.6358996589,-4003,102
1621842062540,1621842062720,180,12,262,2464.9260172526,-9752,269
1621842062730,1621842062750,20,0,38,2297.86214431136,-659,149
1621842062969,1621842063079,109,-1,31,125.160721622107,-1,-1
1621842063229,1621842063339,110,9,577,26827.8347364401,-28168,330
1621842063399,1621842063419,20,3,311,16117.2218666579,-1,122
1621842063509,1621842063519,10,-1,131,-1.0,-1,-1
1621842063989,1621842064199,210,16,863,6646.59457663307,-40693,271
1621842064209,1621842064249,40,15,506,25925.5373628782,-20472,209
1621842064339,1621842064758,419,28,622,29337.9965875106,-29107,69
1621842064768,1621842064848,80,4,77,2940.0073331789,-1,324
1621842064878,1621842064928,50,15,2112,147776.844090302,-1,30
1621842065028,1621842065218,190,19,752,16557.6260388579,-36585,215
1621842065228,1621842065498,270,29,678,28604.0687668048,-44259,286
1621842065578,1621842065618,40,2,102,6141.25184035585,-5228,148
1621842065718,1621842065728,10,-1,36,1534.52356138172,-1,-1
1621842065738,1621842065838,100,30,596,19446.449664298,-16339,164
1621842065878,1621842065898,20,0,33,917.921418745993,-1,347
1621842065948,1621842065978,30,1,48,1241.05369507422,-1321,343
1621842066847,1621842066927,80,17,300,12435.6266093065,-10258,77
1621842067097,1621842067167,70,18,430,17715.0321482085,-12183,263
1621842067177,1621842067187,10,-1,45,2740.67446348957,-1,-1
1621842067307,1621842067317,10,-1,43,1675.80409861877,-1,-1
1621842067327,1621842067437,110,20,344,18083.9602185037,-8894,341
1621842067567,1621842067577,10,-1,316,-1.0,-1,-1
1621842068136,1621842068146,10,-1,33,1880.23256127496,-1,-1
1621842068236,1621842068266,30,1,83,2689.7650105291,-1,80
1621842068276,1621842068296,20,1,106,8964.37703498376,-2759,278
1621842068316,1621842068366,50,2,74,4847.66089984751,-3069,110
1621842068406,1621842068456,50,2,54,2420.42658702571,-1,79
1621842068476,1621842068486,10,-1,42,3336.76133262231,-1,-1
1621842068496,1621842068516,20,0,32,1426.02535509653,-1,67
1621842068656,1621842068696,40,1,151,6013.69770805875,-1,251
1621842068846,1621842068876,30,1,129,10594.5948888691,-6613,226
1621842068886,1621842068896,10,-1,32,237.90646865693,-1,-1
1621842068956,1621842068966,10,-1,30,462.757673369387,-1,-1
1621842069266,1621842069296,30,1,46,1463.32533550709,-1057,111
1621842069425,1621842069445,20,0,60,4311.43786075167,-1,343
1621842069605,1621842069715,110,14,609,35932.0909303977,-4192,88
1621842069815,1621842069855,40,1,86,4492.09981789219,-3573,5
1621842069865,1621842069885,20,0,53,3118.25149457736,-1,61
1621842069895,1621842069975,80,2,248,21575.6308680584,-14395,298
1621842070005,1621842070125,120,13,183,10022.9257024416,-6545,282
1621842070165,1621842070285,120,8,129,8598.40763617294,-5686,262
1621842070295,1621842070445,150,10,150,11869.6265766561,-12000,274
1621842070895,1621842070905,10,-1,69,-1.0,-1,-1
1621842070915,1621842071034,119,8,100,2070.15097425991,-2543,86
1621842071044,1621842071364,320,26,1258,85534.3087591212,-71686,189
1621842071524,1621842071864,340,16,486,24141.3626932376,-21699,336
1621842072184,1621842072194,10,-1,35,1251.09422646138,-1,-1
1621842072593,1621842072623,29,1,49,3122.81827872378,-1862,69
1621842072723,1621842072783,60,19,1339,59263.749200166,-1,102
1621842072883,1621842072903,20,4,723,-1.0,-24287,189
1621842072913,1621842072943,30,0,361,33976.2178266498,-31378,297
1621842072953,1621842073213,260,23,202,5134.63234116888,-6504,286
1621842073223,1621842073243,20,0,36,667.198603758414,-1,302
1621842073253,1621842073263,10,-1,32,542.376712368031,-1,-1
1621842073273,1621842073303,30,1,86,8446.11341633245,-5465,270
1621842073433,1621842073453,20,0,40,2221.37734718551,-1,169
1621842073483,1621842073503,20,0,35,774.83747994787,-1,172
1621842073523,1621842073533,10,-1,35,729.84267901827,-1,-1
1621842073543,1621842073553,10,-1,56,3400.68447290163,-1,-1
1621842073643,1621842073973,330,3,540,18175.9232256864,-24815,186
1621842073993,1621842074083,90,3,45,1574.74502498623,-499,11
1621842074093,1621842074143,50,18,561,25526.7475012901,-788,211
1621842074582,1621842074812,230,12,541,7261.12302308386,-19391,47
1621842074832,1621842074952,120,8,132,4592.37735378408,-5201,346
1621842074962,1621842075032,70,8,423,20950.1846088471,-23050,171
1621842075042,1621842075162,120,6,89,1889.89423223388,-3469,343
1621842075192,1621842075202,10,-1,30,104.973008399029,-1,-1
1621842075452,1621842075472,20,0,41,912.822636044935,-1,263
1621842075622,1621842075702,80,12,306,12712.3890438443,-13819,0
1621842075712,1621842075752,40,1,44,1218.23899249801,-1253,182
1621842075772,1621842075802,30,0,44,1037.22478783214,-744,139
1621842075812,1621842075841,29,0,46,1348.19187418394,-441,153
1621842075861,1621842075881,20,0,35,1937.30974711815,-499,186
1621842075891,1621842075991,100,14,1252,71299.8580731095,-3240,11
1621842076081,1621842076101,20,5,457,-1.0,-22207,3
1621842076131,1621842076321,190,20,637,58522.1815275926,-47108,216
1621842076351,1621842076431,80,3,48,2052.63567321256,-863,183
1621842076531,1621842076551,20,1,61,3027.91374939985,-1,298
1621842076681,1621842076841,160,8,67,3729.39790001974,-1,160
1621842076931,1621842076971,40,13,459,8030.86453353978,-1274,167
1621842076981,1621842077181,200,34,371,14837.1695899155,-13597,357
1621842077361,1621842077371,10,-1,62,4032.48412130692,-1,-1
1621842077381,1621842077421,40,9,335,12888.7351419985,-9862,280
1621842077580,1621842077650,70,19,507,2346.19592946219,-20004,92
1621842077730,1621842077800,70,7,295,14235.6886647321,-11653,75
1621842077880,1621842077890,10,-1,35,802.057128361796,-1,-1
1621842077910,1621842077950,40,1,71,2756.54174025659,-378,245
1621842077960,1621842077970,10,-1,53,4216.74329316544,-1,-1
1621842078070,1621842078110,40,3,141,6358.74861369557,-3018,57
1621842078120,1621842078160,40,2,165,15223.6075962898,-11071,198
1621842078390,1621842078420,30,0,70,6156.25270751778,-2516,231
1621842078480,1621842078510,30,1,88,5299.61188396623,-2794,240
1621842078520,1621842078530,10,-1,33,1384.90946127313,-1,-1
1621842078750,1621842078770,20,0,70,4157.07455084232,-1818,54
1621842079000,1621842079029,29,1,116,7231.40126412406,-1136,18
1621842079039,1621842079059,20,1,132,12688.5077481214,-8277,249
1621842079239,1621842079299,60,1,207,18154.166563625,-10660,334
1621842079319,1621842079329,10,-1,198,18368.6270261272,-1,-1
1621842079339,1621842079409,70,4,286,26425.8451649242,-15819,240
1621842079509,1621842079889,380,16,473,41629.4025909567,-42046,293
1621842079899,1621842079929,30,1,53,2419.85038811099,-1123,209
1621842079939,1621842079949,10,-1,36,1018.96772276408,-1,-1
1621842079969,1621842080039,70,20,483,25948.1441167462,-22511,123
1621842080079,1621842080149,70,3,71,2555.39748527737,-1467,237
1621842080159,1621842080179,20,4,603,36582.4320599298,-1,80
1621842080269,1621842080309,40,3,129,5408.58392823399,-5264,4
1621842080349,1621842080389,40,1,52,1213.17171455049,-1170,205
1621842080399,1621842080409,10,-1,48,2216.04130325255,-1,-1
1621842080449,1621842080718,269,38,1413,81061.151436521,-80118,259
1621842080728,1621842080768,40,4,169,8375.67924117314,-7873,180
1621842080818,1621842080848,30,2,83,3620.75751335365,-1147,271
1621842081568,1621842081618,50,11,485,9775.57860723331,-20974,86
1621842081628,1621842081758,130,6,101,6114.33259922013,-4168,292
1621842081818,1621842081838,20,1,96,5772.55662744248,-1,271
1621842081918,1621842081958,40,2,100,6066.00398978245,-4134,55
1621842081968,1621842081978,10,-1,70,6251.33018420937,-1,-1
1621842081988,1621842082008,20,1,94,7065.80793198984,-2027,41
1621842082038,1621842082148,110,37,1061,60860.1837411782,-45819,315
1621842082407,1621842082617,210,23,755,23388.7904269772,-26685,105
1621842082837,1621842082957,120,20,1222,68228.4606253625,-67567,294
1621842083387,1621842083497,110,8,402,12991.0480625203,-25710,169
1621842083757,1621842083767,10,-1,88,-1.0,-1,-1
1621842084326,1621842084366,40,8,366,-1.0,-20172,127
1621842084566,1621842084776,210,11,148,11987.5631816567,-10919,292
1621842084926,1621842084946,20,0,36,1139.80713821243,-1,119
1621842084976,1621842084996,20,0,54,2094.84679385238,-1,122
1621842085166,1621842085196,30,2,109,7069.50788733657,-3364,285
1621842085236,1621842085356,120,14,1342,76335.2970737178,-80118,284
1621842086215,1621842086275,60,11,668,149.271005646318,-30433,122
1621842086295,1621842086365,70,3,70,3059.59395063092,-1439,307
1621842086385,1621842086425,40,2,78,2443.5114162283,-4748,3
1621842086435,1621842086485,50,3,136,6498.08969026532,-4682,63
1621842086505,1621842086595,90,2,53,1974.14109095791,-1688,20
1621842086645,1621842086745,100,26,615,30656.6227072012,-18157,280
1621842086755,1621842086765,10,-1,32,1475.6027864092,-1,-1
1621842086975,1621842086995,20,1,157,7728.25340539074,-1,120
1621842087095,1621842087124,29,4,447,-1.0,-26807,115
1621842087134,1621842087184,50,1,49,1663.36902301271,-775,283
1621842087374,1621842087394,20,0,101,7639.57502912889,-3866,281
1621842087464,1621842087524,60,3,155,7908.23044615167,-9207,85
1621842087654,1621842087684,30,0,39,1353.91644453315,-540,81
1621842087744,1621842087754,10,-1,44,3201.25897911242,-1,-1
1621842087764,1621842087794,30,1,54,3864.60164708242,-462,235
1621842087804,1621842087844,40,0,61,4008.48608272507,-2933,282
1621842087854,1621842087864,10,-1,35,1139.24920350923,-1,-1
1621842087894,1621842087904,10,-1,46,2513.16949651077,-1,-1
1621842087934,1621842087964,30,0,36,2372.7467229837,-68,282
1621842088414,1621842088444,30,3,159,7404.72594215052,-7356,190
1621842088504,1621842088554,50,2,320,14460.3670900308,-1,237
1621842088644,1621842088664,20,2,219,-1.0,-719,242
1621842088953,1621842088963,10,-1,36,-1.0,-1,-1
1621842088973,1621842089043,70,3,88,3796.82667347522,-3136,140
1621842090033,1621842090283,250,19,286,14342.0393762509,-13623,6
1621842090742,1621842090952,210,8,1144,76334.8649365583,-65905,39
1621842090972,1621842090982,10,-1,34,1858.7870273368,-1,-1
1621842090992,1621842091052,60,1,44,3256.74793423911,-1034,346
1621842091072,1621842091112,40,2,89,4596.83098635588,-3939,16
1621842091192,1621842091582,390,26,755,30217.6144266052,-27758,41
1621842091642,1621842091971,329,30,556,17547.1850194383,-13096,221
1621842092151,1621842092281,130,19,774,5383.10764861749,-16467,92
1621842092291,1621842092361,70,11,492,26259.8071098852,-27590,83
1621842092411,1621842092451,40,1,58,1879.76080719805,-2009,293
1621842092461,1621842092501,40,2,150,8062.93018957169,-7401,350
1621842092511,1621842092631,120,2,246,21683.1520795805,-13047,196
1621842092641,1621842092661,20,0,70,4445.45075270416,-3010,222
1621842092761,1621842092911,150,28,920,45598.8407940142,-33858,325
1621842093021,1621842093061,40,1,165,-1.0,-10631,236
1621842093201,1621842093540,339,9,466,23017.7657973373,-4778,190
1621842093640,1621842094060,420,20,476,10354.7101069674,-15866,172
1621842094090,1621842094130,40,2,91,4159.73574852237,-4191,138
1621842094150,1621842094180,30,0,39,1179.30418702192,-1,239
1621842094270,1621842094280,10,-1,46,1986.92592246716,-1,-1
1621842094640,1621842094800,160,20,479,30404.4044129005,-20856,281
1621842094890,1621842095120,230,19,634,13690.1763992331,-30001,357
1621842095149,1621842095179,30,1,61,2388.35379289036,-1678,344
1621842096299,1621842096309,10,-1,43,-1.0,-1,-1
1621842096758,1621842096768,10,-1,38,2127.50342573641,-1,-1
1621842096778,1621842096788,10,-1,37,3151.67260389039,-1,-1
1621842097348,1621842097368,20,0,35,2432.93143235759,-227,135
1621842097398,1621842097438,40,5,173,9059.68582445586,-6722,164
1621842097528,1621842097538,10,-1,43,2205.48410872885,-1,-1
1621842097648,1621842097658,10,-1,85,6494.68242696022,-1,-1
1621842097938,1621842097988,50,9,328,25025.9544985108,-16932,114
1621842098078,1621842098178,100,9,405,26687.6902393932,-33926,266
1621842098268,1621842098298,30,9,624,33166.7319508047,-1,0
1621842098517,1621842098667,150,4,971,15458.3052897695,-46040,279
1621842098687,1621842098747,60,2,107,5768.27675103181,-4253,81
1621842098817,1621842098827,10,-1,35,1118.00497102649,-1,-1
1621842098937,1621842098967,30,1,106,7815.65569898422,-4181,205
1621842098977,1621842099027,50,2,72,5156.54973553603,-2242,208
1621842099047,1621842099077,30,1,56,1545.11343371051,-1620,316
1621842099097,1621842099147,50,2,88,2369.02130121049,-1643,193
1621842099177,1621842099187,10,-1,35,969.166389193663,-1,-1
1621842099227,1621842099257,30,2,103,6519.72799027419,-3577,194
1621842099347,1621842099367,20,1,82,5674.38510884939,-1334,123
1621842099387,1621842099517,130,2,156,10479.8754639612,-9742,102
1621842099527,1621842099607,80,0,58,3543.22085799032,-2105,180
1621842099647,1621842099667,20,0,56,3880.54454959436,-1074,257
1621842099827,1621842099847,20,1,70,5076.5585083736,-1,113
1621842099857,1621842099877,20,0,51,3402.26198336238,-1342,290
1621842099927,1621842099946,19,0,41,3452.98867225208,-1059,304
1621842100076,1621842100096,20,0,56,3632.08222217187,-1879,230
1621842100216,1621842100226,10,-1,35,2299.20739397257,-1,-1
1621842100236,1621842100256,20,0,54,2841.76795001865,-673,49
1621842100276,1621842100296,20,1,82,6996.99196601779,-1258,244
1621842100426,1621842100456,30,4,241,10318.2673628921,-1,284
1621842102155,1621842102165,10,-1,814,-1.0,-1,-1
1621842103055,1621842103105,50,11,366,5975.06280217586,-15280,62
1621842103115,1621842103165,50,2,60,2279.69075160442,-1500,201
1621842103324,1621842103594,270,45,948,33129.8650675148,-66848,229
1621842103794,1621842103974,180,19,575,17725.551262129,-39081,173
1621842103984,1621842104044,60,1,330,21096.8399740055,-1193,215
1621842104154,1621842104364,210,18,239,14037.6686425278,-12554,311
1621842104394,1621842104404,10,-1,50,2641.98494403713,-1,-1
1621842104434,1621842104444,10,-1,32,692.113085539286,-1,-1
1621842104554,1621842104624,70,19,716,52283.4067115871,-27541,258
1621842104923,1621842104993,70,23,681,2659.57461204231,-22527,97
1621842105013,1621842105073,60,1,86,5617.11659348166,-5169,292
1621842105133,1621842105153,20,0,42,1715.67623965219,-1139,291
1621842105653,1621842105693,40,1,71,3577.17344293673,-2075,300
1621842105853,1621842105863,10,-1,30,99.2447976771878,-1,-1
1621842105883,1621842105903,20,0,33,594.601876024619,-1,278
1621842105913,1621842106043,130,5,94,3755.72949259446,-3130,290
1621842106063,1621842106133,70,5,109,4654.10955756973,-1467,288
1621842106173,1621842106243,70,4,277,23040.7045301897,-9124,119
1621842106283,1621842106313,30,6,302,23705.6943062515,-23484,289
1621842106333,1621842106343,10,-1,30,293.766564757934,-1,-1
1621842106363,1621842106382,19,0,34,353.525169904079,-1,296
1621842106402,1621842106422,20,0,39,1338.79279628852,-934,327
1621842106462,1621842106522,60,1,502,40327.3625766986,-39856,356
1621842106982,1621842106992,10,-1,32,1403.81209279178,-1,-1
1621842108631,1621842108641,10,-1,33,2535.89407423118,-1,-1
1621842108701,1621842108721,20,0,55,2674.43417412957,-1,74
1621842108741,1621842108791,50,20,569,28267.4898385261,-8344,56
1621842109730,1621842109760,30,18,835,-1.0,-40911,359
1621842109780,1621842109800,20,0,47,2906.5354301293,-1,137
1621842109820,1621842109840,20,0,46,1389.05800966892,-1,106
1621842109890,1621842109960,70,3,463,39215.8654854477,-37712,73
1621842110070,1621842110090,20,0,54,3812.35104116069,-995,244
1621842110140,1621842110150,10,-1,32,1301.90691030891,-1,-1
1621842110240,1621842110280,40,1,65,3783.50819631377,-1,184
1621842110310,1621842110460,150,40,524,24335.5220996854,-26494,178
1621842110470,1621842110550,80,8,219,13608.0152370645,-9905,17
1621842110640,1621842110680,40,5,246,12438.6055636805,-12442,352
1621842111100,1621842111130,30,2,128,6942.38805307519,-3665,62
1621842111299,1621842111309,10,-1,50,4318.65285147367,-1,-1
1621842111319,1621842111519,200,21,2022,152818.080141559,-125496,347
1621842111599,1621842111669,70,6,171,7232.09929598901,-8611,5
1621842111789,1621842111799,10,-1,31,1215.35362608766,-1,-1
1621842111809,1621842111839,30,6,515,24395.6409986134,-1,309
1621842112069,1621842112209,140,40,582,12257.7108394465,-35387,121
1621842112229,1621842112329,100,7,266,17630.7198406677,-13277,313
1621842112339,1621842112369,30,2,120,7104.48646681875,-1,122
1621842112379,1621842112469,90,4,85,2638.58691395582,-3373,274
1621842112489,1621842112499,10,-1,30,231.132231663857,-1,-1
1621842112759,1621842112818,59,12,626,22462.0458288961,-72,176
1621842112908,1621842113048,140,11,213,12255.8403154452,-10140,342
1621842113058,1621842113118,60,5,180,9459.97961974417,-8768,340
1621842113178,1621842113208,30,0,40,719.389914941555,-1,0
1621842113278,1621842113318,40,2,107,4952.22194527195,-5097,347
1621842113448,1621842113478,30,3,498,35666.5480364479,-1,210
1621842113608,1621842113658,50,3,136,3152.19621372059,-6900,68
1621842113678,1621842113888,210,0,424,25749.1157502711,-27677,45
1621842113898,1621842114088,190,40,721,21687.0785292621,-12347,2
1621842114188,1621842114238,50,6,320,18007.4593535528,-9027,216
1621842114717,1621842114757,40,6,388,-1.0,-11983,167
1621842114987,1621842115057,70,4,290,17706.8209590617,-550,115
1621842115197,1621842115217,20,2,708,-1.0,-56377,98
1621842115237,1621842115337,100,8,159,4938.02519236467,-12921,302
1621842115347,1621842115357,10,-1,62,4408.48653391737,-1,-1
1621842115367,1621842115387,20,1,97,8218.41180642858,-1558,243
1621842115407,1621842115457,50,2,90,6250.61434664444,-4215,251
1621842115537,1621842115567,30,1,86,5667.8276264759,-4489,162
1621842116066,1621842116086,20,1,263,18307.9282263124,-1,124
1621842116456,1621842116606,150,3,231,16125.1614019488,-11707,78
1621842116696,1621842116746,50,3,100,4199.80775681819,-4052,348
1621842116866,1621842117036,170,0,406,20548.5621264844,-19074,353
1621842117206,1621842117246,40,1,31,1661.35431997078,-17,230
1621842117446,1621842117456,10,-1,37,2063.81924660507,-1,-1
1621842117805,1621842117815,10,-1,30,1031.78609328847,-1,-1
1621842117835,1621842117855,20,1,128,8987.29800980268,-1,210
1621842118075,1621842118115,40,1,65,686.779040021514,-3059,6
1621842118185,1621842118195,10,-1,45,3855.2354576849,-1,-1
1621842118895,1621842118945,50,9,744,62695.3874103047,-44489,30
1621842119105,1621842119115,10,-1,79,5893.08349960683,-1,-1
1621842119284,1621842119324,40,6,673,37139.7467613473,-1,163
1621842120534,1621842120764,230,28,481,21083.9691031279,-20679,9
1621842120784,1621842120834,50,1,38,1274.89655127983,-434,149
1621842120844,1621842121073,229,31,470,17373.0220239218,-17495,110
1621842121113,1621842121133,20,0,46,1810.51030872603,-581,262
1621842121183,1621842121203,20,0,47,1152.69746842558,-1,249
1621842121213,1621842121273,60,1,40,2003.70912456439,-354,160
1621842121293,1621842121363,70,2,62,2568.18576769176,-1505,242
1621842121393,1621842121403,10,-1,30,1248.14467070696,-1,-1
1621842121473,1621842121483,10,-1,35,651.815473959658,-1,-1
1621842121503,1621842121553,50,3,108,4304.53637784407,-3174,252
1621842122193,1621842122243,50,1,47,844.355973874328,-937,74
1621842122313,1621842122323,10,-1,34,926.982131377164,-1,-1
1621842122393,1621842122433,40,1,58,2409.84880897513,-1640,65
1621842122453,1621842122463,10,-1,31,493.452447595428,-1,-1
1621842122832,1621842122872,40,9,379,22464.3464702699,-13482,216
1621842124411,1621842124501,90,6,417,21716.4876377947,-31229,13
1621842124741,1621842124751,10,-1,31,2381.8132663219,-1,-1
1621842124861,1621842124881,20,0,53,2947.58945639142,-1,145
1621842124901,1621842124921,20,0,56,2731.2868280447,-1,112
1621842124931,1621842125121,190,30,602,40289.8898738823,-50320,187
1621842125151,1621842125191,40,2,81,2529.97159580095,-1137,307
1621842125201,1621842125281,80,6,95,3384.45127028445,-2459,231
1621842125501,1621842125511,10,-1,35,-1.0,-1,-1
1621842125601,1621842125780,179,41,687,21922.7630106588,-30624,17
1621842125790,1621842125810,20,0,44,2018.69815937009,-978,213
1621842126010,1621842126220,210,15,624,23378.7199860168,-25421,18
1621842126260,1621842126590,330,23,376,18094.3054252689,-8752,122
1621842126640,1621842126800,160,33,1273,90302.0086530909,-48669,226
1621842127689,1621842127839,150,10,1352,3789.39042835278,-83354,124
1621842127849,1621842127909,60,2,107,6439.1821660632,-6080,333
1621842127929,1621842127969,40,1,44,1322.1364965741,-792,223
1621842128019,1621842128069,50,2,57,1615.34347249218,-1812,248
1621842128109,1621842128119,10,-1,43,3983.87012938463,-1,-1
1621842128259,1621842128269,10,-1,32,2215.438806953,-1,-1
1621842128349,1621842128359,10,-1,38,1305.76041571326,-1,-1
1621842128379,1621842128399,20,2,356,22047.4155597558,-1,94
1621842128509,1621842128599,90,13,375,12224.7325986092,-28256,270
1621842128639,1621842128699,60,1,83,4502.54856537586,-4352,267
1621842128719,1621842128779,60,1,107,6888.5704778173,-4053,279
1621842128799,1621842128819,20,0,51,4347.9097679475,-602,261
1621842129098,1621842129128,30,3,325,15317.307270631,-1,92
1621842129218,1621842129288,70,10,398,9732.30822935258,-16217,300
1621842129348,1621842129408,60,0,94,6283.52017366655,-3454,237
1621842129728,1621842129758,30,0,38,1519.75317325097,-415,252
1621842129768,1621842129808,40,0,276,20422.4247200652,-615,62
1621842129898,1621842129998,100,12,392,17904.858197533,-19806,269
1621842130078,1621842130248,170,2,168,11312.6633765977,-6861,264
1621842130268,1621842130288,20,0,39,1230.19146045,-570,243
1621842130308,1621842130318,10,-1,43,1516.50052096032,-1,-1
1621842130338,1621842130348,10,-1,31,766.719880314132,-1,-1
1621842130687,1621842130827,140,1,527,30068.2703335307,-29661,139
1621842131047,1621842131067,20,2,191,9113.55656936124,-1,79
1621842131157,1621842131227,70,14,736,1149.25958441798,-32594,250
1621842131287,1621842131437,150,10,719,55548.3606233484,-7558,100
1621842131927,1621842132087,160,21,444,13544.0404045125,-26248,234
1621842132126,1621842132166,40,2,124,5877.93290981138,-1,323
1621842132216,1621842132256,40,4,162,11733.985070658,-9360,14
1621842132326,1621842132336,10,-1,35,1240.9428200908,-1,-1
1621842132816,1621842132826,10,-1,31,-1.0,-1,-1
1621842132846,1621842132896,50,11,568,19900.0417746276,-1,66
1621842132986,1621842133026,40,3,336,-1.0,-16737,239
1621842133036,1621842133116,80,3,52,2090.19328991576,-964,280
1621842133126,1621842133166,40,1,84,4202.75778558661,-3120,305
1621842133176,1621842133196,20,1,78,7037.50734843853,-2629,202
1621842133286,1621842133326,40,1,262,13699.5913341635,-1,271
1621842133556,1621842133566,10,-1,48,-1.0,-1,-1
1621842133576,1621842133596,20,0,35,1280.99787960176,-147,98
1621842133845,1621842133865,20,0,33,1312.45887282084,-32,276
1621842133925,1621842133935,10,-1,155,13492.6129322307,-1,-1
1621842134235,1621842134255,20,0,41,-1.0,-768,201
1621842134765,1621842135075,310,26,827,19624.0817307945,-26721,113
1621842135085,1621842135095,10,-1,36,635.308364265769,-1,-1
1621842135215,1621842135245,30,4,235,13271.6675094962,-7693,250
1621842135524,1621842135664,140,20,525,1834.8296425887,-14451,88
1621842135674,1621842135784,110,4,54,705.80579544468,-1029,317
1621842135904,1621842135934,30,3,167,9871.47338739706,-11459,287
1621842137053,1621842137153,100,32,662,22062.1999567002,-34044,160
1621842137163,1621842137223,60,2,168,9672.94863374525,-8326,305
1621842137343,1621842137383,40,3,123,7224.41667390486,-7156,191
1621842137503,1621842137533,30,0,43,1144.15216687028,-93,244
1621842137563,1621842137593,30,1,62,2713.49810961361,-2094,263
1621842137673,1621842137713,40,1,45,1035.34936703682,-1033,310
1621842137723,1621842137753,30,1,66,3067.04137965418,-2383,297
1621842138043,1621842138053,10,-1,33,-1.0,-1,-1
1621842138233,1621842138263,30,2,129,7488.34266875736,-6456,352
1621842138483,1621842138493,10,-1,37,961.463670129573,-1,-1
1621842138662,1621842138702,40,4,156,10106.1313872057,-7642,192
1621842138772,1621842138782,10,-1,35,2081.09195898406,-1,-1
1621842138792,1621842138882,90,6,76,3818.32769311389,-1933,192
1621842138972,1621842139052,80,1,181,8230.90304759155,-13102,243
1621842139112,1621842139192,80,11,470,44720.0678500546,-18994,75
1621842139272,1621842139292,20,0,39,916.724583996552,-1,339
1621842139322,1621842139422,100,8,221,11847.7652958575,-14446,291
1621842139442,1621842139482,40,3,198,7026.05786782117,-1,267
1621842141511,1621842141551,40,3,368,3654.08994048875,-25908,309
1621842141591,1621842141661,70,0,145,10575.4591529066,-8291,300
1621842142120,1621842142180,60,8,319,22941.8354228763,-9824,207
1621842142300,1621842142480,180,6,351,22052.7050142009,-11900,9
1621842142580,1621842142600,20,1,170,-1.0,-8724,163
1621842142710,1621842142730,20,0,37,1106.80310812098,-654,320
1621842142790,1621842143110,320,32,435,16626.4332765576,-19751,66
1621842143120,1621842143130,10,-1,69,4059.32969866097,-1,-1
1621842143160,1621842143210,50,1,50,1613.69272762548,-1123,289
1621842143220,1621842143290,70,2,40,536.564957496051,-603,306
1621842143409,1621842143439,30,0,37,518.725528787809,-688,335
1621842143469,1621842143709,240,9,58,1200.28278338633,-1180,314
1621842143779,1621842143799,20,0,38,1133.03338041055,-456,306
1621842143859,1621842144049,190,10,92,3480.86583168825,-5180,274
1621842144069,1621842144079,10,-1,38,877.423154800333,-1,-1
1621842145048,1621842145148,100,3,79,1112.58872967362,-2924,180
1621842145168,1621842145198,30,1,84,3871.08012060114,-2752,116
1621842145218,1621842145238,20,2,132,10804.5885882662,-1151,98
1621842145278,1621842145368,90,4,61,3869.31452723347,-2319,104
1621842145388,1621842145428,40,1,49,1132.10339552593,-1589,131
1621842145448,1621842145478,30,0,47,780.910401575105,-1,100
1621842145498,1621842145518,20,0,39,1227.05941672272,-797,102
1621842145588,1621842145628,40,1,53,1536.86983484397,-2254,95
1621842145638,1621842145718,80,3,64,1497.0732508007,-2343,64
1621842145738,1621842145978,240,31,2732,174499.981871992,-192168,215
1621842146068,1621842146328,260,29,600,14343.8660997581,-30014,23
1621842146338,1621842146368,30,5,270,14814.2598790985,-9383,0
1621842146378,1621842146528,150,5,224,16003.5077513537,-2528,170
1621842146627,1621842146747,120,8,274,4675.97205422407,-13830,225
1621842146797,1621842146837,40,1,88,5432.21922818772,-2321,344
1621842147277,1621842147467,190,23,344,33715.4997939172,-21393,237
1621842147907,1621842148147,240,6,599,4804.39132563943,-22122,134
1621842148157,1621842148256,99,9,354,24292.6009687605,-26448,156
1621842148266,1621842148386,120,7,429,24688.1765644392,-37174,303
1621842148406,1621842148476,70,2,54,1873.52193292805,-1349,9
1621842148506,1621842148526,20,0,38,824.536311634298,-1,29
1621842148576,1621842148676,100,4,306,26614.0656306088,-7911,327
1621842148686,1621842148696,10,-1,117,9151.85964146226,-1,-1
1621842148896,1621842149256,360,11,1963,114473.270107037,-116039,347
1621842149266,1621842149276,10,-1,32,381.222760989816,-1,-1
1621842149326,1621842149606,280,40,792,45250.9755249509,-44813,98
1621842149626,1621842149706,80,5,144,6633.41012478326,-3989,289
1621842149736,1621842149816,80,5,185,10298.4255553376,-8126,255
1621842149826,1621842149835,9,-1,31,595.807650929746,-1,-1
1621842149845,1621842149855,10,-1,31,1189.03384148038,-1,-1
1621842149965,1621842150045,80,1,144,8204.48407113987,-11165,186
1621842150075,1621842150175,100,25,662,26497.251174543,-18171,278
1621842150565,1621842151055,490,16,448,27188.7120460373,-28389,22
1621842151065,1621842151215,150,8,116,5662.47205233233,-3839,229
1621842151285,1621842151345,60,1,460,42155.9964995017,-41881,223
1621842151904,1621842152474,570,30,586,42199.0831097773,-22089,169
1621842152484,1621842152654,170,12,133,10707.2579511853,-5008,6
1621842152664,1621842152694,30,1,86,5552.26593801186,-4231,350
1621842152704,1621842152894,190,7,423,23419.2053036489,-19891,57
1621842152924,1621842153063,139,5,51,1171.70579941023,-1841,78
1621842153103,1621842153123,20,0,43,1916.64613378837,-1,90
1621842153343,1621842153453,110,16,977,54409.2002906589,-20447,23
1621842153793,1621842153823,30,9,791,-1.0,-35152,246
1621842153833,1621842153843,10,-1,39,1284.03475156277,-1,-1
1621842153853,1621842153863,10,-1,119,10460.4600177192,-1,-1
1621842154313,1621842154792,479,21,606,36439.4516143396,-34068,294
1621842154992,1621842155062,70,8,394,22610.372831546,-2378,106
1621842155162,1621842155362,200,29,1127,10880.3978401055,-39128,221
1621842156791,1621842157031,240,9,1026,8714.58602029923,-55972,109
1621842157041,1621842157071,30,12,486,26420.1726541915,-2459,341
1621842157161,1621842157311,150,21,345,23109.764616138,-16744,193
1621842157361,1621842157811,450,37,679,30433.2226332732,-31745,147
1621842157821,1621842158000,179,7,70,4637.64605323306,-1650,338
1621842158190,1621842158240,50,7,260,12258.490041041,-12356,31
1621842158540,1621842158600,60,10,285,11472.9684402291,-12643,277
1621842159160,1621842159220,60,6,238,13144.6719931292,-9839,173
1621842159240,1621842159479,239,15,350,25898.5771251518,-21291,44
1621842159689,1621842159719,30,1,52,2126.12955182979,-1288,122
1621842159889,1621842159939,50,7,260,12441.9815103775,-11266,325
1621842160169,1621842160249,80,14,548,24008.8088007971,-28577,135
1621842160299,1621842160309,10,-1,36,764.190010277017,-1,-1
1621842160409,1621842160419,10,-1,30,1535.73463153142,-1,-1
1621842160429,1621842160489,60,6,216,10261.5187134868,-9866,188
1621842160539,1621842160569,30,0,34,659.240361954738,-126,327
1621842160579,1621842160629,50,4,160,8751.9763684,-5860,191
1621842160639,1621842160679,40,1,59,4208.97159640874,-1466,342
1621842160699,1621842160749,50,1,38,1008.08234322505,-84,345
1621842161009,1621842161029,20,0,42,2505.20831864062,-1,41
1621842161108,1621842161528,420,11,1330,114205.498092078,-63490,353
1621842161538,1621842161718,180,6,94,6212.80975660688,-5701,138
1621842161748,1621842161808,60,4,222,12172.9371700543,-8467,163
1621842162088,1621842162118,30,0,33,571.155660754289,-1,315
1621842162148,1621842162158,10,-1,34,1826.5385104944,-1,-1
1621842162298,1621842162308,10,-1,36,2000.59666153119,-1,-1
1621842162438,1621842162518,80,34,528,31974.4650732933,-22840,310
1621842162588,1621842162678,90,2,79,3163.91971697578,-2306,140
1621842162747,1621842162967,220,58,2229,119398.94255144,-132062,160
1621842162977,1621842163087,110,21,371,16768.7143394183,-15953,348
1621842163187,1621842163207,20,0,53,2296.01899081901,-1,334
1621842163297,1621842163417,120,15,515,30408.3448000736,-48396,207
1621842163507,1621842163517,10,-1,47,3660.03982505125,-1,-1
1621842163627,1621842163727,100,33,524,20802.0384503098,-19594,60
1621842163817,1621842163857,40,0,67,5897.25897534844,-764,308
1621842163917,1621842163927,10,-1,83,6656.81574839402,-1,-1
1621842164067,1621842164077,10,-1,63,4305.50416193628,-1,-1
1621842164097,1621842164117,20,0,46,3025.14787096029,-1053,131
1621842164217,1621842164436,219,34,700,22090.8648532552,-25469,237
1621842164446,1621842164516,70,4,91,2936.54571072685,-2499,30
1621842164536,1621842164616,80,15,365,15265.3354602731,-12690,76
1621842164626,1621842164666,40,1,40,910.8734138548,-177,12
1621842164696,1621842164716,20,0,33,1233.78894423627,-1,50
1621842164726,1621842164776,50,5,231,10801.0285792429,-12560,102
1621842164816,1621842164836,20,1,50,4327.4000586854,-255,109
1621842165036,1621842165046,10,-1,32,1006.67756510053,-1,-1
1621842165056,1621842165166,110,36,699,30658.2136573798,-4717,6
1621842165476,1621842165586,110,8,242,4726.65925798202,-12758,224
1621842165676,1621842165686,10,-1,673,-1.0,-1,-1
1621842165716,1621842165756,40,2,89,2660.82937430482,-3538,249
1621842165796,1621842165816,20,0,36,1030.46101802159,-1,180
1621842165826,1621842165876,50,1,47,1642.35021690606,-664,185
1621842165935,1621842165945,10,-1,71,5147.58481544235,-1,-1
1621842165955,1621842165985,30,2,143,6412.6021281709,-2143,126
1621842166385,1621842166405,20,0,33,790.432079585719,-24,261
1621842166425,1621842166465,40,1,250,15459.417206818,-1,130
1621842166575,1621842166645,70,7,480,27151.0464098672,-30310,259
1621842166695,1621842166755,60,2,176,7807.80175160087,-9572,352
1621842166765,1621842166815,50,2,92,5772.59688682486,-2445,239
1621842166825,1621842166845,20,0,46,2190.93042390451,-1,281
1621842167055,1621842167075,20,0,38,2002.17066102031,-1,288
1621842167085,1621842167105,20,0,30,475.537029448054,-1,285
1621842167205,1621842167215,10,-1,30,94.8073121880476,-1,-1
1621842167255,1621842167275,20,0,46,1534.74496301054,-1,280
1621842167385,1621842167395,10,-1,30,324.963771617165,-1,-1
1621842167415,1621842167435,20,0,34,954.034275259852,0,290
1621842167554,1621842167604,50,1,42,1836.97838791278,-950,82
1621842167664,1621842167674,10,-1,30,230.581220586176,-1,-1
1621842167844,1621842167884,40,4,201,11599.9297512474,-8986,108
1621842168204,1621842168244,40,4,155,7125.97260142396,-7318,268
1621842168284,1621842168304,20,0,30,2657.53741567689,-11,270
1621842168484,1621842168514,30,1,78,3696.55599314892,-2278,209
1621842168524,1621842168544,20,0,44,1622.91013319086,-1,259
1621842168554,1621842168584,30,1,76,4177.75792191136,-3001,264
1621842168694,1621842168724,30,1,55,1884.30695283746,-2051,241
1621842168744,1621842168774,30,0,65,5818.39785004737,-2509,64
1621842168964,1621842168974,10,-1,47,2070.59084056204,-1,-1
1621842168984,1621842169014,30,0,45,2656.25363294189,-1395,98
1621842169034,1621842169084,50,7,239,13388.1703567083,-10184,359
1621842169213,1621842169253,40,1,51,1984.28790005571,-655,275
1621842169263,1621842169313,50,8,279,12083.9164449863,-13985,125
1621842169543,1621842169613,70,5,125,5961.90426280506,-3461,269
1621842169623,1621842169633,10,-1,47,2536.73819798843,-1,-1
1621842169713,1621842169723,10,-1,35,927.363668721043,-1,-1
1621842169853,1621842169863,10,-1,31,2880.04952236862,-1,-1
1621842170023,1621842170033,10,-1,72,5097.14353177254,-1,-1
1621842170293,1621842170363,70,13,394,14123.7726092843,-17888,62
1621842170413,1621842170443,30,0,34,1365.06431236462,-267,94
1621842170593,1621842170643,50,5,202,9921.88782112182,-9438,179
1621842170703,1621842170972,269,36,413,29085.926005924,-23722,155
1621842170982,1621842171092,110,13,266,11180.6241644787,-11366,349
1621842171102,1621842171312,210,8,351,21763.466060405,-20837,315
1621842171322,1621842171472,150,7,72,2597.58119837462,-1850,12
1621842171482,1621842171512,30,1,74,4112.59658019445,-2835,23
1621842171532,1621842171562,30,0,64,3368.28173645458,-1270,194
1621842171802,1621842171812,10,-1,75,5929.40776927552,-1,-1
1621842171852,1621842171862,10,-1,32,385.129749066154,-1,-1
1621842171942,1621842172012,70,4,164,9661.83730042592,-5708,129
1621842172112,1621842172132,20,0,47,4245.71475342538,-1067,321
1621842172152,1621842172162,10,-1,45,3376.25406914979,-1,-1
1621842172172,1621842172192,20,0,43,1394.87721167618,-948,307
1621842172202,1621842172551,349,20,761,47729.0662167074,-56787,303
1621842172771,1621842172801,30,2,128,5413.43330411587,-4898,96
1621842172931,1621842172951,20,0,39,1047.35414863743,-704,284
1621842173171,1621842173211,40,2,106,3365.89915535828,-1,151
1621842173241,1621842173261,20,0,33,1969.02333167244,-256,33
1621842173331,1621842173391,60,5,187,7184.94130928299,-7746,356
1621842173551,1621842174040,489,15,433,25015.05543109,-16978,176
1621842174230,1621842174240,10,-1,30,215.4334882054,-1,-1
1621842174560,1621842174620,60,12,346,20077.7575765231,-12342,333
1621842174630,1621842174640,10,-1,30,80.927724194439,-1,-1
1621842174800,1621842174890,90,24,398,16980.7132151997,-12630,244
1621842174900,1621842174980,80,4,67,4640.93950493116,-1757,88
1621842174990,1621842175020,30,0,34,270.794002199996,-257,90
1621842175220,1621842175230,10,-1,53,3938.30858694677,-1,-1
1621842175310,1621842175330,20,0,33,1451.00783033011,-1,135
1621842175350,1621842175410,60,16,412,22335.4463685819,-15227,319
1621842175430,1621842175480,50,2,66,2918.39415634552,-1773,149
1621842175500,1621842175510,10,-1,36,1617.56300861939,-1,-1
1621842175549,1621842175569,19,0,41,1992.57145151452,-367,127
1621842175649,1621842175729,80,17,545,27397.1165717207,-28206,115
1621842175819,1621842175849,30,2,116,7596.34428694841,-7258,98
1621842175859,1621842175869,10,-1,30,876.206302264765,-1,-1
1621842176179,1621842176219,40,2,106,9167.5330654709,-4076,54
1621842176329,1621842176369,40,1,38,518.334044743607,-429,272
1621842176389,1621842176479,90,3,51,1552.13688000179,-1010,269
1621842176489,1621842176529,40,5,234,12738.543486551,-9611,39
1621842176549,1621842176589,40,1,62,2118.25957804159,-1802,252
1621842176619,1621842176639,20,0,67,4172.73563046161,-2547,162
1621842176679,1621842176699,20,0,54,2909.700412796,-1,282
1621842176859,1621842176939,80,12,322,16855.6526457575,-15533,233
1621842176959,1621842177009,50,1,41,1082.07285305316,-694,108
1621842177089,1621842177148,59,13,446,26020.8734940723,-19191,71
1621842177288,1621842177318,30,0,43,1542.3421962385,-1186,287
1621842177448,1621842177498,50,1,79,4756.71287263155,-713,98
1621842177568,1621842177588,20,0,32,1157.55659534351,-1,23
1621842177598,1621842177778,180,3,297,15506.3570338028,-12772,65
1621842177788,1621842177808,20,0,39,965.049441909855,-64,288
1621842177848,1621842178008,160,13,251,16660.0658079951,-18338,229
1621842178158,1621842178218,60,11,347,17359.5828756294,-13186,311
1621842178358,1621842178388,30,2,123,7027.34692938156,-5075,120
1621842178398,1621842178408,10,-1,36,1437.03570710795,-1,-1
1621842178418,1621842178428,10,-1,30,1792.3071977775,-1,-1
1621842178528,1621842179127,599,14,723,42640.4718375037,-44059,60
1621842179147,1621842179157,10,-1,31,258.82853763612,-1,-1
1621842179187,1621842179217,30,1,70,3366.55508306623,-2547,278
1621842179267,1621842179327,60,7,313,21537.7819612697,-20877,159
1621842179337,1621842179347,10,-1,30,1272.93398545638,-1,-1
1621842179507,1621842179517,10,-1,33,1783.05935167991,-1,-1
1621842179557,1621842179577,20,0,35,1042.41063601154,-113,305
1621842179637,1621842179667,30,0,41,1030.89427350482,-24,262
1621842179687,1621842179717,30,2,104,4848.01889834244,-3048,75
1621842179927,1621842179937,10,-1,30,643.881821810129,-1,-1
1621842180107,1621842180117,10,-1,33,954.801929350824,-1,-1
1621842180317,1621842180337,20,0,58,4700.24605186116,-1,132
1621842180946,1621842181116,170,2,710,36605.6886896061,-59081,277
1621842181196,1621842181226,30,1,53,2718.63657864785,-901,256
1621842181296,1621842181316,20,0,43,3961.33834567698,-244,280
1621842181376,1621842181396,20,0,42,2719.89939481912,-1,292
1621842181806,1621842181826,20,0,34,944.131239990163,-1,255
1621842181926,1621842181946,20,0,42,2064.07682088459,-685,270
1621842182005,1621842182015,10,-1,32,377.861346329999,-1,-1
1621842182425,1621842182435,10,-1,89,6718.71798702712,-1,-1
1621842182545,1621842182555,10,-1,31,1494.80852769694,-1,-1
1621842182725,1621842182765,40,4,146,8561.912305989,-7654,131
1621842183035,1621842183045,10,-1,39,2373.01559957547,-1,-1
1621842183455,1621842183485,30,2,98,6447.28926565996,-4613,327
1621842183575,1621842183624,49,4,291,16599.6635618941,-1247,95
1621842185014,1621842185034,20,0,64,-1.0,-2016,221
1621842185054,1621842185084,30,6,309,21174.4108223436,-5337,146
1621842185124,1621842185164,40,1,50,1033.60965085981,-1,283
1621842185183,1621842185203,19,0,36,1675.82381415887,-396,284
1621842186113,1621842186143,30,12,627,13717.9934369248,-25154,140
1621842186153,1621842186373,220,12,136,6610.79701341948,-4803,303
1621842186383,1621842186493,110,4,59,1191.60032821358,-1032,293
1621842186503,1621842186523,20,0,41,781.745876364791,-1,299
1621842186533,1621842186553,20,0,54,3597.56808087632,-1,97
1621842186573,1621842186583,10,-1,32,208.714293366638,-1,-1
1621842186633,1621842186653,20,0,34,1750.92419733082,-367,285
1621842186763,1621842186782,19,0,33,785.36003871876,-1,285
1621842187112,1621842187182,70,5,153,7459.01437087139,-5391,123
1621842187192,1621842187202,10,-1,31,2225.79838577902,-1,-1
1621842187292,1621842187352,60,8,219,11215.4581336466,-6382,320
1621842187662,1621842187692,30,2,96,5356.17515604535,-4063,7
1621842187832,1621842188282,450,41,3011,85910.7766346042,-281765,148
1621842188541,1621842188601,60,2,118,9287.11576964469,-3566,280
1621842188621,1621842188651,30,1,68,2742.18464597656,-1760,307
1621842188661,1621842188681,20,0,38,1432.05267878226,-1,221
1621842188761,1621842188891,130,22,418,13804.914020622,-21290,313
1621842188911,1621842188961,50,2,89,2989.6903785155,-2250,118
1621842189011,1621842189021,10,-1,32,1705.63396421716,-1,-1
1621842189071,1621842189141,70,6,174,7533.78100590236,-8489,103
1621842189311,1621842189321,10,-1,40,1478.64314935784,-1,-1
1621842189841,1621842189861,20,0,30,1370.12049461541,-1,23
1621842189921,1621842190011,90,27,494,29026.6419280128,-20307,95
1621842190020,1621842190130,109,5,115,5074.61622906812,-4055,284
1621842190150,1621842190270,120,6,436,35691.7620416169,-35202,131
1621842190290,1621842190320,30,3,175,9526.51943267574,-4695,85
1621842190330,1621842190430,100,33,714,20643.2592372944,-26747,273
1621842190470,1621842190500,30,1,47,1134.88667241921,-363,124
1621842190600,1621842190870,270,23,518,43161.0700555827,-39681,98
1621842190900,1621842190910,10,-1,33,1899.54485083882,-1,-1
1621842190940,1621842191050,110,32,575,35603.2378206201,-16706,270
1621842191070,1621842191110,40,2,79,2990.86190210798,-1832,91
1621842191120,1621842191140,20,0,287,23375.0829261212,-1,251
1621842191570,1621842191879,309,19,1075,74118.5517028503,-44624,86
1621842192099,1621842192109,10,-1,108,8569.20665578065,-1,-1
1621842192239,1621842192279,40,1,36,796.304112822381,-215,120
1621842192449,1621842192499,50,3,117,5430.11286258599,-4258,73
1621842192529,1621842192539,10,-1,31,517.973826270613,-1,-1
1621842192789,1621842192829,40,1,36,676.026534634772,-179,315
1621842192869,1621842192879,10,-1,42,1492.88090925772,-1,-1
1621842192929,1621842192979,50,1,49,2558.23331585272,-1524,341
1621842192989,1621842193089,100,3,308,15911.8739364955,-7147,102
1621842193238,1621842193338,100,12,187,4032.21470854995,-7840,339
1621842193348,1621842193758,410,11,312,18568.8859877018,-13524,9
1621842193848,1621842193918,70,10,462,22911.1927443554,-8428,311
1621842194048,1621842194338,290,24,472,30763.9562940923,-33514,199
1621842194538,1621842194548,10,-1,121,9540.57350012561,-1,-1
1621842194668,1621842194688,20,0,32,811.737159088009,-239,108
1621842194698,1621842194708,10,-1,30,220.750513120141,-1,-1
1621842194728,1621842194827,99,4,67,1802.2535817422,-1294,90
1621842194937,1621842195007,70,2,40,1538.87700183267,-514,268
1621842195017,1621842195037,20,0,33,657.709060214491,-1,270
1621842195067,1621842195117,50,1,49,1340.24582679422,-741,268
1621842195147,1621842195167,20,0,35,1835.07260325773,-1,255
1621842195187,1621842195217,30,0,43,1010.69593410831,-1005,270
1621842195287,1621842195297,10,-1,30,208.228517353669,-1,-1
1621842195417,1621842195427,10,-1,32,1511.27527802111,-1,-1
1621842195727,1621842195747,20,0,35,1480.76820931233,-416,296
1621842195757,1621842195767,10,-1,30,764.969991829032,-1,-1
1621842195817,1621842195837,20,0,36,1177.92852527026,-1,277
1621842195917,1621842195957,40,1,38,680.630112869613,-477,277
1621842195967,1621842195977,10,-1,32,267.675000111681,-1,-1
1621842196906,1621842196916,10,-1,32,954.088760401469,-1,-1
1621842197686,1621842197896,210,14,1416,15022.2980452485,-64305,144
1621842197906,1621842197976,70,2,104,5844.77777659792,-5832,78
1621842198205,1621842198265,60,6,447,29753.2307486012,-384,167
1621842198465,1621842198625,160,18,873,67993.9968101311,-54500,356
1621842198635,1621842198775,140,7,187,8730.18313145505,-8950,300
1621842198855,1621842198895,40,0,82,6251.51457418191,-2262,66
1621842198915,1621842198935,20,0,67,3678.52277621129,-1,345
1621842198945,1621842199035,90,3,177,13842.9331325653,-11745,156
1621842199205,1621842199225,20,1,230,-1.0,-12130,7
1621842199255,1621842199305,50,1,63,1679.27486277607,-437,264
1621842199345,1621842199365,20,0,37,856.934237583249,-679,243
1621842199415,1621842199445,30,2,115,8247.77139583463,-7697,70
1621842199455,1621842199475,20,1,96,6990.54110027378,-523,79
1621842199515,1621842199595,80,2,329,16004.2777519257,-25163,68
1621842199635,1621842199734,99,2,212,15750.716229082,-13249,311
1621842199764,1621842199824,60,3,111,3971.42130518168,-6466,213
1621842199834,1621842199854,20,0,100,8195.52681531783,-5306,213
1621842199864,1621842199884,20,0,93,4553.64172216646,-1,146
1621842199894,1621842199924,30,7,348,32888.2839846185,-29263,344
1621842199944,1621842200024,80,1,301,15056.6333520455,-877,310
1621842200124,1621842200384,260,23,348,22849.185979961,-16790,243
1621842200394,1621842200564,170,20,540,31416.6976903199,-26882,145
1621842200964,1621842200974,10,-1,47,3764.90027550909,-1,-1
1621842201114,1621842201154,40,1,41,1506.12281527262,-798,123
1621842201763,1621842201963,200,3,382,21736.0667740396,-11771,303
1621842201763,1621842201963,200,3,382,21736.0667740396,-11771,303
1621842201983,1621842202003,20,0,52,2335.67854295478,-1,261
1621842202243,1621842202313,70,2,35,1434.93226137809,-29,58
1621842202333,1621842202353,20,0,46,3506.1856321545,-1,58
1621842202363,1621842202373,10,-1,31,2255.83467311724,-1,-1
1621842202663,1621842202673,10,-1,30,455.407249857537,-1,-1
1621842202703,1621842202733,30,0,37,612.261024226415,-678,312
1621842202743,1621842202753,10,-1,36,732.247032840787,-1,-1
1621842202793,1621842202843,50,14,513,25191.1987354592,-7869,181
1621842203082,1621842203422,340,10,391,17367.4849795979,-18565,250
1621842203572,1621842203652,80,12,1244,97208.3467249677,-4560,290
1621842203822,1621842204172,350,48,680,50499.6462241809,-52756,175
1621842204182,1621842204272,90,4,59,1679.51444897589,-1129,338
1621842204292,1621842204372,80,25,545,26381.9212485265,-25844,177
1621842204382,1621842204711,329,25,197,14742.9031483472,-13952,341
1621842204721,1621842204911,190,33,1898,71374.9792262037,-118110,191
1621842204941,1621842204981,40,6,322,19290.5713735243,-17374,55
1621842204991,1621842205061,70,11,271,17100.5681142781,-13423,3
1621842205071,1621842205251,180,2,1311,129018.144634355,-60108,206
1621842205271,1621842205291,20,0,52,1672.67908430668,-1,298
1621842205301,1621842205451,150,5,172,11891.0127596581,-8186,260
1621842205491,1621842205501,10,-1,30,281.357840121001,-1,-1
1621842205921,1621842206100,179,6,49,1278.20417411323,-1149,13
1621842206110,1621842206120,10,-1,39,2249.69921558221,-1,-1
1621842208279,1621842208469,190,9,805,21720.8438765045,-37838,132
1621842208479,1621842208839,360,36,526,23905.5622670991,-13472,115
1621842208939,1621842209089,150,6,166,13063.7858319284,-12094,259
1621842209099,1621842209129,30,2,122,6020.40481571893,-5015,45
1621842209149,1621842209219,70,2,62,3705.01547322311,-1148,304
1621842209249,1621842209259,10,-1,32,538.12860867311,-1,-1
1621842209298,1621842209308,9,-1,30,1640.48223546161,-1,-1
1621842209578,1621842209618,40,1,61,2742.57707396016,-1612,65
1621842209728,1621842209918,190,8,64,1467.16214603466,-1829,266
1621842210088,1621842210098,10,-1,30,974.53786794163,-1,-1
1621842210148,1621842210168,20,0,64,3995.82861193807,-39,3
1621842210258,1621842210268,10,-1,30,181.963042485155,-1,-1
1621842210288,1621842210308,20,0,32,240.872887771965,-1,243
1621842210348,1621842210368,20,0,37,1243.63297225532,-352,234
1621842210418,1621842210478,60,2,39,509.385452070122,-724,253
1621842210498,1621842210538,40,2,103,3381.31859701913,-4538,254
1621842210558,1621842210578,20,1,60,4616.72736565524,-1,254
1621842210608,1621842210628,20,0,39,1519.31206211007,-1,270
1621842210728,1621842210788,60,4,155,7113.80710230677,-8958,169
1621842210907,1621842210917,10,-1,67,4297.56368790693,-1,-1
1621842210937,1621842210957,20,1,52,1970.27616342023,-1,214
1621842211187,1621842211327,140,16,1404,93478.2687105073,-3982,100
1621842212746,1621842212766,20,16,1797,68746.6964956041,-1,142
1621842212876,1621842213266,390,33,949,5857.15541785609,-67891,317
1621842213276,1621842213296,20,0,37,841.078715069549,-429,296
1621842213356,1621842213376,20,0,40,1547.54337266901,-1,299
1621842213396,1621842213406,10,-1,30,399.064283311587,-1,-1
1621842213596,1621842213636,40,1,38,1334.29471958513,-429,265
1621842213646,1621842213666,20,0,34,252.024381149744,-1,262
1621842213986,1621842213996,10,-1,32,717.70825992654,-1,-1
1621842214165,1621842214245,80,16,585,19096.8286512088,-2876,171
1621842214335,1621842214375,40,3,242,10493.3278373543,-1,142
1621842214385,1621842214765,380,25,321,17286.0187573582,-23194,15
1621842214785,1621842214825,40,1,52,1951.69246257596,-2142,9
1621842214865,1621842215035,170,8,365,27521.7649272225,-26030,142
1621842215055,1621842215075,20,5,449,26237.070091786,-1,336
1621842215175,1621842215455,280,13,613,7966.97061578055,-22585,221
1621842215465,1621842215485,20,0,49,1771.3313264454,-1,240
1621842215495,1621842215525,30,1,85,4136.86110759598,-5068,71
1621842215744,1621842215834,90,17,683,27330.6180462371,-3137,149
1621842215924,1621842216984,1060,41,818,31475.2884922172,-30249,338
1621842216994,1621842217104,110,6,75,4008.19308349524,-1241,184
1621842217124,1621842217164,40,5,168,7717.68958147393,-8385,270
1621842217224,1621842217234,10,-1,31,418.75424698369,-1,-1
1621842217304,1621842217333,29,8,578,27920.7301889894,-1,341
1621842217463,1621842217533,70,3,75,3382.39214512804,-3715,126
1621842217553,1621842217573,20,0,34,595.6057766794,-1,212
1621842217583,1621842217643,60,2,42,1236.56004506754,-997,132
1621842217663,1621842217703,40,6,252,10161.5887257407,-10047,350
1621842217723,1621842217783,60,2,50,2456.79499111782,-920,147
1621842217813,1621842217823,10,-1,31,1578.68412299488,-1,-1
1621842217943,1621842217953,10,-1,62,3456.06519743741,-1,-1
1621842217973,1621842218023,50,2,55,2426.63601595508,-2178,263
1621842218113,1621842218133,20,0,35,867.665622956363,-225,125
1621842218153,1621842218163,10,-1,33,498.699282043756,-1,-1
1621842218213,1621842218223,10,-1,33,929.570438522118,-1,-1
1621842218233,1621842218253,20,3,305,15580.171793292,-1,271
1621842218453,1621842218473,20,0,39,-1.0,-170,99
1621842218663,1621842218823,160,10,161,7293.02921670872,-11378,166
1621842218833,1621842218903,70,2,63,4294.2907382988,-2596,177
1621842218933,1621842218942,9,-1,33,353.905816169441,-1,-1
1621842219182,1621842219192,10,-1,39,2539.14251731994,-1,-1
1621842219292,1621842219342,50,2,86,3582.58657813003,-2871,270
1621842219352,1621842219362,10,-1,47,3921.26246167577,-1,-1
1621842220372,1621842220611,239,21,374,13384.4570150479,-21177,324
1621842220631,1621842220661,30,3,174,8729.09998762885,-9463,77
1621842220671,1621842220741,70,2,48,1343.38013920812,-811,310
1621842220791,1621842220931,140,6,120,5771.82925129304,-2692,255
1621842221091,1621842221201,110,11,1228,35244.6582317695,-105931,71
1621842221221,1621842221241,20,1,73,6052.60780975998,-887,52
1621842221251,1621842221261,10,-1,35,1964.06811834031,-1,-1
1621842221361,1621842221401,40,2,119,4616.97948662276,-6987,242
1621842221581,1621842221601,20,1,98,4648.7621210665,-1,228
1621842221621,1621842221701,80,20,623,24003.2578686205,-40909,215
1621842221711,1621842221751,40,2,82,3315.56036493874,-3559,77
1621842221771,1621842221871,100,2,473,29463.175717707,-21439,308
1621842222210,1621842222490,280,21,291,22793.0038786914,-20651,99
1621842222560,1621842222570,10,-1,31,323.559967389866,-1,-1
1621842222840,1621842222880,40,1,45,1301.95724246829,-1258,274
1621842222940,1621842223000,60,2,44,1398.20680616941,-718,307
1621842223060,1621842223070,10,-1,31,2145.56527318696,-1,-1
1621842223090,1621842223120,30,0,46,1893.39405873418,-1,190
1621842223370,1621842223400,30,1,55,3796.01110142594,-2236,315
1621842223490,1621842223520,30,1,50,1848.77241347712,-1703,109
1621842223550,1621842223560,10,-1,31,739.198490896671,-1,-1
1621842223620,1621842223630,10,-1,32,497.760468879744,-1,-1
1621842223660,1621842223670,10,-1,32,678.290792403192,-1,-1
1621842223680,1621842223710,30,1,54,1730.46155120809,-1502,74
1621842224559,1621842224599,40,2,121,6191.5390589432,-5568,101
1621842224919,1621842225049,130,6,89,2136.51897081702,-3095,226
1621842225059,1621842225259,200,12,90,3458.89679044608,-3755,247
1621842225269,1621842225289,20,0,39,898.964462357987,-1,241
1621842225408,1621842225428,20,0,61,-1.0,-2054,229
1621842225478,1621842225508,30,1,61,4101.04240040124,-2955,340
1621842225558,1621842225578,20,0,39,2436.06735696792,-1,335
1621842225618,1621842225628,10,-1,38,1371.57454834395,-1,-1
1621842226818,1621842226828,10,-1,86,-1.0,-1,-1
1621842226938,1621842227067,129,7,70,2504.33812571626,-2267,86
1621842227077,1621842227177,100,10,306,12698.3935932784,-12436,74
1621842227187,1621842227217,30,0,43,1024.63810185118,-1015,93
1621842227337,1621842227367,30,3,172,7687.15418743214,-8073,65
1621842227497,1621842227547,50,1,48,1545.54624605616,-838,264
1621842227737,1621842227767,30,1,97,5759.96250916874,-2747,66
1621842227777,1621842227797,20,0,36,688.560478837116,-204,104
1621842227907,1621842228147,240,4,413,27127.8720703369,-17111,274
1621842228557,1621842228586,29,4,225,12198.9488777243,-10552,165
1621842228756,1621842228906,150,11,225,8114.02243012023,-9246,342
1621842229036,1621842229056,20,0,34,578.014292745673,-1,150
1621842229106,1621842229116,10,-1,35,945.40587366849,-1,-1
1621842229396,1621842229406,10,-1,66,5129.07402923225,-1,-1
1621842229476,1621842229526,50,20,583,28940.7735827592,-3728,161
1621842229626,1621842229846,220,20,508,23758.0150751212,-26038,338
1621842229856,1621842229946,90,5,448,29794.2882066314,-33481,202
1621842229956,1621842229976,20,0,54,3097.11747523287,-1121,345
1621842229996,1621842230026,30,1,59,3631.63730136622,-2510,335
1621842230046,1621842230076,30,1,64,1964.66202580121,-2085,324
1621842230086,1621842230136,50,1,55,1664.59563958196,-1221,331
1621842230146,1621842230165,19,0,46,1732.15515534445,-1,331
1621842230175,1621842230215,39,4,227,12551.293907298,-13086,102
1621842230395,1621842230455,60,7,289,18218.9012422089,-10219,308
1621842230565,1621842230605,40,1,40,838.557326078322,-846,138
1621842230615,1621842230665,50,7,230,12430.5464889226,-9569,356
1621842230685,1621842230695,10,-1,33,1783.10398484373,-1,-1
1621842230715,1621842230905,190,9,155,8630.96078757785,-7039,144
1621842230975,1621842231085,110,8,108,2920.02580640762,-2610,136
1621842231095,1621842231565,470,29,619,19109.2377628256,-25006,316
1621842231804,1621842231814,9,-1,31,478.040129256628,-1,-1
1621842231854,1621842231874,20,0,32,1226.29510593043,-9,145
1621842232164,1621842232224,60,6,198,11730.6261271303,-6160,277
1621842232654,1621842232664,10,-1,35,3472.72582860632,-1,-1
1621842232764,1621842232794,30,2,130,6964.25660326381,-4692,129
1621842232984,1621842233034,50,3,135,6357.37201341439,-4758,68
1621842233054,1621842233074,20,0,30,448.283339145822,-1,98
1621842233214,1621842233264,50,3,141,6866.05077009179,-5373,258
1621842233803,1621842233923,120,16,383,17504.2139088367,-16728,265
1621842234573,1621842234583,10,-1,30,2183.08277962974,-1,-1
1621842234653,1621842234783,130,0,1186,82700.383539736,-42560,36
1621842234803,1621842234823,20,0,43,1188.51920886186,-1,90
1621842235062,1621842235162,100,29,669,32599.5204617326,-11491,87
1621842235262,1621842235562,300,16,217,7231.80755927234,-9434,286
1621842235582,1621842235632,50,3,110,6106.23789847509,-6879,28
1621842235662,1621842235672,10,-1,30,1229.73386108733,-1,-1
1621842235692,1621842235702,10,-1,31,1580.28103014566,-1,-1
1621842235762,1621842235802,40,14,736,44558.3531567701,-43209,166
1621842235912,1621842236152,240,26,2731,249613.838889796,-264614,138
1621842236172,1621842236192,20,0,64,4955.83941131401,-975,349
1621842236202,1621842236751,549,25,1046,45011.6567848968,-45552,333
1621842236761,1621842236771,10,-1,39,1911.47573531079,-1,-1
1621842236781,1621842236901,120,6,221,13653.3916484035,-10720,151
1621842236911,1621842236951,40,1,47,1267.42450309457,-990,172
1621842236981,1621842236991,10,-1,33,539.841854176029,-1,-1
1621842237011,1621842237041,30,2,121,5902.06388359477,-6415,122
1621842237101,1621842237111,10,-1,38,1995.41815314548,-1,-1
1621842237151,1621842237171,20,0,42,2878.95440690675,-1150,206
1621842237601,1621842237611,10,-1,30,135.213373088071,-1,-1
1621842237671,1621842238210,539,4,529,31358.8873250624,-29944,104
1621842238240,1621842238250,9,-1,32,1519.60548808551,-1,-1
1621842238450,1621842238550,100,4,77,2685.27771961071,-3085,60
1621842238610,1621842239150,540,25,818,41638.1153616923,-25641,284
1621842239330,1621842239350,20,0,47,2132.98529985253,-112,204
1621842239360,1621842239859,499,23,1163,62368.6590372075,-75882,76
1621842240109,1621842240159,50,2,106,9130.73760285368,-6179,214
1621842240199,1621842240209,10,-1,30,588.443771054606,-1,-1
1621842240219,1621842240249,30,0,38,804.077146097043,-301,241
1621842240259,1621842240299,40,1,57,1157.41266871465,-1367,246
1621842240309,1621842240469,160,6,120,4039.28517544372,-5001,227
1621842240479,1621842240639,160,7,65,3545.58885379972,-2156,268
1621842240659,1621842240669,10,-1,37,787.193290772735,-1,-1
1621842240689,1621842240769,80,4,87,3791.31645566945,-3313,268
1621842240819,1621842240839,20,0,47,2076.6838810816,-1218,251
1621842240899,1621842240909,10,-1,30,657.281001693283,-1,-1
1621842241968,1621842242168,200,11,1398,76367.1952780897,-66734,60
1621842242238,1621842242248,10,-1,36,1948.14504626296,-1,-1
1621842242258,1621842242358,100,6,168,7422.59654426132,-8260,84
1621842242468,1621842242538,70,2,123,8561.29343883381,-1,60
1621842242578,1621842242598,20,0,59,3949.40244218187,-1,63
1621842242778,1621842242788,10,-1,44,2795.45497359309,-1,-1
1621842242798,1621842243137,339,10,567,31349.5493173827,-30311,188
1621842243277,1621842243287,10,-1,35,1617.68519436453,-1,-1
1621842243317,1621842243347,30,0,44,1739.66420593844,-789,315
1621842243417,1621842243517,100,35,559,20336.184636407,-23140,351
1621842243527,1621842243637,110,5,103,4698.39404780399,-4912,128
1621842243697,1621842243747,50,5,269,19446.1451565876,-10166,251
1621842243887,1621842243897,10,-1,63,4714.36615784508,-1,-1
1621842244027,1621842244037,10,-1,45,2677.91585323617,-1,-1
1621842244047,1621842244107,60,0,138,8172.71416470057,-8653,155
1621842244117,1621842244127,10,-1,86,6435.56363291321,-1,-1
1621842244207,1621842244277,70,2,103,4356.85297564324,-5446,88
1621842244287,1621842244327,40,1,66,4165.79345941265,-1635,251
1621842244467,1621842244477,10,-1,43,2858.53752909931,-1,-1
1621842244487,1621842244507,20,1,72,2530.82169813274,-1,73
1621842244527,1621842244547,20,0,31,2644.88335634952,-38,275
1621842244577,1621842244617,40,1,45,937.039325529241,-1388,263
1621842244646,1621842244666,20,0,34,2294.90688348762,-1,232
1621842244736,1621842244876,140,32,555,20897.3630784893,-16592,194
1621842244896,1621842244906,10,-1,54,3192.43320281905,-1,-1
1621842245066,1621842245096,30,1,199,13872.9668215929,-1427,123
1621842245106,1621842245116,10,-1,148,12737.6113665469,-1,-1
1621842245126,1621842245146,20,1,75,3368.68062002916,-1,216
1621842245156,1621842245166,10,-1,45,1575.97869810584,-1,-1
1621842245196,1621842245216,20,0,49,2322.34310955053,-395,63
1621842245226,1621842245236,10,-1,32,2924.33427204597,-1,-1
1621842245256,1621842245286,30,1,57,2664.16409825604,-1757,342
1621842245296,1621842245326,30,1,60,2881.00412679841,-707,90
1621842245586,1621842245616,30,2,123,6659.29960531691,-6991,11
1621842245696,1621842245706,10,-1,31,2274.59287248236,-1,-1
1621842245716,1621842245726,10,-1,45,3363.47484666104,-1,-1
1621842245816,1621842246126,310,31,980,50146.4729246709,-53002,358
1621842246375,1621842246775,400,29,959,33874.1796025861,-53794,165
1621842246795,1621842246865,70,2,43,1534.21069570682,-851,288
1621842246895,1621842246935,40,1,43,1753.19371072291,-669,272
1621842247035,1621842247085,50,3,104,5290.34683436832,-4199,279
1621842247295,1621842247315,20,0,45,3325.37810383573,-487,274
1621842247565,1621842247735,170,11,1806,111195.320636322,-78360,96
1621842247755,1621842247785,30,0,52,2122.1738748852,-1,83
1621842247944,1621842247954,10,-1,70,5310.96796934327,-1,-1
1621842247984,1621842248024,40,1,62,2881.28637160422,-521,322
1621842248164,1621842248194,30,4,238,13313.0606861287,-12748,255
1621842248904,1621842248934,30,1,98,5751.25991149422,-2158,62
1621842249194,1621842249234,40,3,158,8075.67995302753,-9075,200
1621842249653,1621842249693,40,2,107,6615.26356889317,-7233,200
1621842249763,1621842249783,20,0,44,1551.45776746903,-669,217
1621842249943,1621842249963,20,0,42,2572.28965856055,-424,161
1621842249973,1621842250043,70,7,204,9887.52049816184,-7963,297
1621842250153,1621842250183,30,1,60,2628.80373009405,-2158,63
1621842250223,1621842250313,90,4,61,2948.2167151182,-2426,85
1621842250583,1621842250643,60,4,132,6770.7194266851,-2929,92
1621842250663,1621842250673,10,-1,30,1227.48766055241,-1,-1
1621842250703,1621842250723,20,0,40,1356.07684565631,-1,110
1621842250933,1621842250973,40,2,117,3911.95041631132,-1,305
1621842251132,1621842251152,20,0,101,7575.75221303723,-6384,315
1621842251272,1621842251322,50,2,62,3296.97413110989,-2136,247
1621842251332,1621842251342,10,-1,32,671.524314235719,-1,-1
1621842251422,1621842251442,20,1,62,4514.20774038033,-647,290
1621842251792,1621842251802,10,-1,31,1497.99020613611,-1,-1
1621842252392,1621842252402,10,-1,36,3165.44576818344,-1,-1
1621842252532,1621842252592,60,12,341,17037.3986483868,-11556,103
1621842252961,1621842252991,30,1,84,4344.29098690145,-2923,188
1621842253281,1621842253301,20,1,64,4263.16110045888,-1,351
1621842253311,1621842253461,150,2,1152,76062.5302917486,-79193,267
1621842253481,1621842253501,20,0,35,2270.36344005956,-505,157
1621842253841,1621842253861,20,0,65,3606.40449643173,-2851,255
1621842253941,1621842254131,190,3,543,25988.5226801149,-31892,43
1621842254340,1621842254370,30,3,254,13647.45569895,-1,266
1621842254640,1621842254820,180,12,255,11067.5473083192,-14768,96
1621842254830,1621842254870,40,5,219,16272.285014466,-13566,138
1621842254890,1621842254900,10,-1,49,3289.85275854231,-1,-1
1621842254930,1621842254960,30,1,48,2270.1826670593,-903,293
1621842254970,1621842255010,40,2,90,5346.08680346136,-2475,284
1621842255020,1621842255050,30,2,107,4631.84986418748,-1,292
1621842255060,1621842255170,110,7,269,18279.4906565959,-13566,270
1621842255510,1621842255520,10,-1,794,-1.0,-1,-1
1621842257159,1621842257209,50,4,104,6473.50505675053,-3683,186
1621842257229,1621842257239,10,-1,40,2600.73649310917,-1,-1
1621842258068,1621842258078,10,-1,42,-1.0,-1,-1
1621842258288,1621842258478,190,63,625,16859.0567603993,-28952,194
1621842258918,1621842259028,110,47,1900,114178.2590617,-50946,31
1621842259137,1621842259147,10,-1,280,-1.0,-1,-1
1621842259207,1621842259227,20,0,66,3330.19301513974,-1,213
1621842259267,1621842259297,30,3,146,7634.99748114372,-7437,353
1621842259357,1621842259407,50,4,184,7053.46289673398,-10921,209
1621842259457,1621842259517,60,11,386,23452.0367326132,-20232,151
1621842259547,1621842259627,80,1,64,2921.11591332628,-2789,342
1621842259677,1621842259707,30,1,59,2486.70153523327,-2867,26
1621842259867,1621842259877,10,-1,32,1115.456839128,-1,-1
1621842259897,1621842259927,30,2,100,5326.08351526742,-4233,193
1621842259937,1621842259947,10,-1,35,1942.93832459082,-1,-1
1621842260197,1621842260257,60,15,385,16169.1406550403,-15460,323
1621842260377,1621842260527,150,4,1795,127192.763646126,-97683,83
1621842260587,1621842260706,119,2,219,12800.3241036307,-15532,287
1621842261156,1621842261166,10,-1,31,997.550656558582,-1,-1
1621842261536,1621842261556,20,0,42,1427.55699857191,-15,226
1621842262086,1621842262126,40,4,174,9222.33355877341,-7671,43
1621842262465,1621842262625,160,3,1624,106249.232314813,-73805,273
1621842262635,1621842262665,30,1,85,4487.32329052092,-3742,276
1621842262685,1621842262695,10,-1,34,817.598783433752,-1,-1
1621842262785,1621842262795,10,-1,44,1690.40001600894,-1,-1
1621842262825,1621842262835,10,-1,32,1031.64466073146,-1,-1
1621842262845,1621842262865,20,0,42,2001.97889985975,-232,0
1621842263005,1621842263145,140,18,687,37944.9087010186,-42042,207
1621842263275,1621842263345,70,7,231,21290.2273112166,-15738,301
1621842263735,1621842263765,30,2,333,-1.0,-18744,76
1621842264534,1621842264604,70,7,1170,61860.6439798612,-29088,297
1621842268052,1621842268122,70,18,584,4743.58578077159,-35511,46
1621842268142,1621842268172,30,7,339,16465.2565085311,-16463,259
1621842268212,1621842268252,40,2,273,13605.1662691743,-1,248
1621842268262,1621842268312,50,2,895,88691.1524193275,-83296,177
1621842268452,1621842268722,270,46,803,36682.201643731,-52697,180
1621842268741,1621842268791,49,5,210,12109.6301664881,-9330,6
1621842268801,1621842268811,10,-1,33,1051.64319291642,-1,-1
1621842268821,1621842268881,60,2,59,2790.12759216457,-1524,8
1621842268911,1621842268951,40,6,232,13175.7296646426,-8882,18
1621842269071,1621842269121,50,10,338,23804.6587871597,-18858,166
1621842269441,1621842269461,20,0,33,2350.04623039942,-88,293
1621842269581,1621842269681,100,16,440,23178.6307261917,-21099,203
1621842269691,1621842269821,130,0,191,13417.1980248195,-7211,94
1621842269891,1621842269901,10,-1,41,1541.51008855764,-1,-1
1621842270101,1621842270111,10,-1,41,2634.40061124805,-1,-1
1621842270151,1621842270171,20,1,72,4786.87500823387,-2445,117
1621842270191,1621842270570,379,41,834,41788.5410649988,-31176,41
1621842270580,1621842270760,180,17,152,8690.78113885728,-2178,256
1621842270790,1621842270810,20,0,43,1436.03360389874,-594,264
1621842271040,1621842271050,10,-1,33,2850.39784594919,-1,-1
1621842271220,1621842271350,130,4,728,36964.2450822005,-37039,260
1621842271460,1621842271540,80,4,60,2642.0699743321,-454,306
1621842271560,1621842271570,10,-1,31,1195.07342727943,-1,-1
1621842271919,1621842272079,160,1,1394,96583.24397015,-58988,276
1621842272289,1621842272299,10,-1,123,10029.2418714143,-1,-1
1621842273139,1621842273169,30,7,537,26898.9208891646,-1,122
1621842273279,1621842273469,190,15,287,6719.74192790408,-15351,107
1621842273539,1621842273548,9,-1,36,2003.99229847805,-1,-1
1621842273588,1621842273598,10,-1,34,2389.0461287363,-1,-1
1621842273668,1621842273688,20,0,46,1969.23519262236,-1312,213
1621842273818,1621842274068,250,37,1180,48648.5184691368,-76565,177
1621842274088,1621842274118,30,1,54,3088.58775448542,-2226,338
1621842274128,1621842274158,30,1,59,2114.95013225957,-1394,313
1621842274188,1621842274298,110,15,355,17304.0548203315,-3951,252
1621842275787,1621842275847,60,1,734,13898.9518585008,-48597,106
1621842275857,1621842275887,30,2,106,4975.27187344393,-6981,245
1621842275937,1621842275957,20,0,36,1185.30046077851,-368,254
1621842276037,1621842276067,30,2,303,20587.8827478511,-7688,256
1621842276077,1621842276437,360,9,1083,85017.6680754158,-74243,165
1621842276477,1621842276497,20,1,80,5660.76042110976,-1,155
1621842276547,1621842276587,40,1,59,2158.60374557843,-1149,331
1621842276667,1621842276687,20,0,36,1865.94934346074,-1,216
1621842276717,1621842276756,39,4,559,32669.4190452485,-1,58
1621842276766,1621842276806,40,14,473,45190.2662649881,-2269,274
1621842277326,1621842277346,20,1,117,-1.0,-5928,335
1621842277396,1621842277416,20,1,40,1546.57180948719,-925,117
1621842277476,1621842277706,230,51,1709,121525.304281925,-105778,135
1621842277726,1621842277746,20,0,62,4245.88725107109,-1,147
1621842277756,1621842277816,60,3,110,5219.44776331361,-6384,283
1621842277836,1621842277846,10,-1,31,679.334425018865,-1,-1
1621842277856,1621842277866,10,-1,34,907.820421712455,-1,-1
1621842277876,1621842277886,10,-1,31,214.46962378735,-1,-1
1621842277966,1621842278016,50,4,159,8252.08797870024,-6077,284
1621842278076,1621842278086,10,-1,31,2084.12266455116,-1,-1
1621842278096,1621842278266,170,28,921,37597.6837703734,-44268,288
1621842278895,1621842279065,170,13,1281,124021.585367119,-85180,99
1621842279135,1621842279485,350,38,840,33314.9152271591,-28447,163
1621842279495,1621842279565,70,1,124,5912.44097897867,-8644,74
1621842279675,1621842279695,20,0,36,527.138411546129,-1,281
1621842279765,1621842279815,50,14,473,22025.1979358072,-1,293
1621842280254,1621842280384,130,7,205,13240.727720782,-12868,90
1621842280414,1621842280444,30,0,34,692.093865146872,-324,104
1621842280574,1621842280584,10,-1,35,2473.32563839892,-1,-1
1621842280594,1621842280984,390,34,612,27140.9417492802,-28530,158
1621842280994,1621842281014,20,0,43,2261.17508285133,-965,155
1621842281034,1621842281064,30,1,73,3243.28138554718,-2251,257
1621842281074,1621842281094,20,0,34,1386.98593192888,-1,284
1621842281264,1621842281284,20,0,45,3549.85203250852,-6,296
1621842281294,1621842281314,20,0,40,925.170851079872,-1,270
1621842281354,1621842281424,70,2,50,2534.88402300067,-695,262
1621842281534,1621842281603,69,2,43,1189.24994369724,-873,273
1621842281613,1621842281653,40,1,57,2203.52913496428,-1660,289
1621842281683,1621842281693,10,-1,30,958.326798242358,-1,-1
1621842281853,1621842281873,20,1,79,5133.18269748316,-2369,294
1621842282053,1621842282073,20,0,32,1693.88829841435,-1,54
1621842282133,1621842282143,10,-1,37,2577.27370301844,-1,-1
1621842282153,1621842282163,10,-1,43,2610.43226393984,-1,-1
1621842282193,1621842282203,10,-1,32,1835.42099473537,-1,-1
1621842282233,1621842282243,10,-1,33,752.5653015537,-1,-1
1621842282253,1621842282313,60,16,564,23844.6441070366,-8142,138
1621842282453,1621842282663,210,16,426,18924.1190389085,-27411,16
1621842282673,1621842282683,10,-1,30,1054.05445521982,-1,-1
1621842282693,1621842282783,90,8,318,19158.5157986184,-18099,197
1621842282873,1621842282933,60,9,412,19391.4227290132,-20696,340
1621842283073,1621842283113,40,1,82,5559.91279029049,-4680,75
1621842283142,1621842283222,79,2,164,10937.6669398545,-9550,30
1621842283242,1621842283292,50,10,394,24629.5135893668,-21345,143
1621842283302,1621842283352,50,2,102,5630.38134995622,-3852,36
1621842283362,1621842283382,20,1,105,9581.69100225738,-862,49
1621842283402,1621842283572,170,1,339,27655.5895546563,-9688,212
1621842283832,1621842284362,530,38,327,16221.862003997,-14537,187
1621842284392,1621842284452,60,2,47,1761.02262574683,-1213,280
1621842284572,1621842284592,20,0,44,1930.89890888302,-1,94
1621842284612,1621842284622,10,-1,47,3028.50276347853,-1,-1
1621842284632,1621842284642,10,-1,46,2119.72191611614,-1,-1
1621842285091,1621842285101,10,-1,69,4551.50326206265,-1,-1
1621842285171,1621842285251,80,6,199,9547.4551841966,-9384,93
1621842285361,1621842285551,190,10,82,3461.98565481676,-2305,89
1621842285591,1621842285621,30,1,84,4556.76178166614,-3204,61
1621842285721,1621842285851,130,7,93,2387.59990286438,-2313,280
1621842286351,1621842286361,10,-1,82,6404.43179922275,-1,-1
1621842286840,1621842286890,50,8,352,15481.2270699001,-1,170
1621842286990,1621842287290,300,20,463,25554.564510445,-23398,323
1621842287340,1621842288129,789,20,837,57022.1904718438,-32564,343
1621842288139,1621842288199,60,2,67,2112.31782584348,-2283,243
1621842288219,1621842288269,50,7,250,15246.7489788958,-12848,120
1621842288639,1621842288799,160,10,111,3870.49220694809,-3970,81
1621842289009,1621842289369,360,30,849,49311.8473621882,-44625,241
1621842289439,1621842289459,20,2,222,14830.2386904838,-1,194
1621842289748,1621842290178,430,34,1219,80977.9321578984,-64400,177
1621842290208,1621842290248,40,5,235,9431.5564600108,-10470,126
1621842290328,1621842290378,50,1,51,1886.08269190178,-2057,304
1621842290388,1621842290408,20,0,35,625.389487292576,-172,270
1621842290438,1621842290448,10,-1,35,1885.11578840749,-1,-1
1621842290518,1621842290558,40,1,64,2973.44233793847,-586,272
1621842290658,1621842290678,20,0,39,2992.48399226322,-1,355
1621842290698,1621842290708,10,-1,31,1594.39162244527,-1,-1
1621842290828,1621842290998,170,0,2042,113169.718783573,-106485,248
1621842291237,1621842291277,40,1,90,6519.01295294277,-1716,149
1621842292117,1621842292137,20,3,251,-1.0,-13083,106
1621842292207,1621842292317,110,6,570,36883.9816735955,-3390,95
1621842292427,1621842292457,30,8,478,-1.0,-18353,261
1621842294196,1621842294256,60,19,552,10276.7187540963,-18320,93
1621842294525,1621842294535,10,-1,34,1816.23106508197,-1,-1
1621842294545,1621842294575,30,4,214,9979.5427827994,-9997,120
1621842294835,1621842294855,20,2,350,24118.7892316497,-1,124
1621842294965,1621842295065,100,4,54,2273.35354511127,-1718,268
1621842295255,1621842295265,10,-1,44,3448.27787000987,-1,-1
1621842295355,1621842295515,160,8,154,12121.7291550255,-5167,81
1621842295525,1621842295595,70,11,392,29156.3959994888,-14640,270
1621842295675,1621842295695,20,0,45,1255.27121416749,-1,0
1621842295705,1621842295745,40,11,519,21741.4416104365,-9011,166
1621842295845,1621842296024,179,19,373,16516.4509072852,-21929,343
1621842296034,1621842296214,180,8,606,42841.9746445699,-45123,143
1621842296294,1621842296364,70,4,140,7894.93063448611,-8245,30
1621842296514,1621842296604,90,3,70,2858.2055431768,-1065,150
1621842296614,1621842296634,20,1,77,4903.49501635242,-2727,2
1621842296664,1621842296704,40,1,42,1087.36538380577,-368,142
1621842296724,1621842296774,50,2,163,13222.2530903321,-7649,355
1621842296784,1621842296794,10,-1,30,358.264798320129,-1,-1
1621842296854,1621842296884,30,8,369,20822.8331855609,-11723,345
1621842297004,1621842297374,370,37,584,27085.7091912142,-24360,230
1621842297504,1621842297524,20,0,41,1885.09458259315,-558,336
1621842297534,1621842297594,60,4,136,4952.92813196294,-2114,5
1621842297604,1621842297643,39,10,420,23446.2038480747,-18177,167
1621842297743,1621842297943,200,24,636,17725.5185266124,-35796,7
1621842297963,1621842298013,50,1,145,11570.4239604406,-3894,355
1621842298023,1621842298033,10,-1,36,2762.09470183382,-1,-1
1621842298063,1621842298103,40,1,43,1916.39401027168,-1268,154
1621842298213,1621842298233,20,1,72,5609.20988401291,-324,325
1621842298333,1621842298433,100,27,1087,49626.4434661394,-13163,350
1621842298783,1621842299133,350,12,1191,65698.9690835855,-55768,75
1621842299163,1621842299203,40,0,50,2807.31338927578,-1848,296
1621842299213,1621842299242,29,2,122,7381.20485296091,-4365,40
1621842299592,1621842299632,40,1,38,869.956015210998,-720,255
1621842299852,1621842299872,20,0,45,2021.03747543485,-1,73
1621842300362,1621842300392,30,1,149,10430.4699703676,-2337,305
1621842300632,1621842300672,40,4,165,6989.90425580787,-7233,107
1621842300732,1621842300772,40,3,108,4177.47936732699,-3106,134
1621842300802,1621842300812,10,-1,32,1016.45215085513,-1,-1
1621842300941,1621842300951,10,-1,31,313.530136860516,-1,-1
1621842300971,1621842301001,30,0,31,518.92045143289,-33,98
1621842301421,1621842301431,10,-1,32,1532.09241865334,-1,-1
1621842301721,1621842301731,10,-1,91,6752.28886378832,-1,-1
1621842301741,1621842301911,170,1,1525,133573.319423166,-119984,324
1621842302141,1621842302151,10,-1,69,6128.42095056748,-1,-1
1621842302440,1621842302550,110,34,568,25873.1882815137,-19721,96
1621842302660,1621842302670,10,-1,35,2346.77719751142,-1,-1
1621842302680,1621842302710,30,2,99,5097.17567275572,-4474,249
1621842302820,1621842302850,30,1,92,5367.39214330183,-1128,230
1621842303050,1621842303070,20,0,38,1651.52762209546,-1,296
1621842303460,1621842303510,50,4,230,12364.3815326136,-11983,56
1621842303630,1621842303650,20,1,196,17186.0715638703,-12475,220
1621842303700,1621842303720,20,0,32,858.442746957686,-172,251
1621842303740,1621842303750,10,-1,30,1921.66319409472,-1,-1
1621842304259,1621842304309,50,5,189,9457.99601074829,-6065,249
1621842304389,1621842304399,10,-1,35,2781.86243478329,-1,-1
1621842304509,1621842304539,30,5,336,20602.0353873663,-1,279
1621842304639,1621842304669,30,3,210,-1.0,-10848,300
1621842304939,1621842304959,20,0,36,1213.0354600883,-1,170
1621842305129,1621842305199,70,15,1873,116339.680286148,-1196,138
1621842307887,1621842307927,40,4,201,15823.296321274,-9454,116
1621842307937,1621842307997,60,4,266,13957.9852911385,-21632,257
1621842308047,1621842308147,100,26,592,25550.4778926239,-24024,357
1621842308557,1621842308577,20,3,305,15438.123874272,-1,91
1621842308667,1621842308737,70,14,410,1691.06700770433,-14286,275
1621842308956,1621842309066,110,28,1194,64956.7916864368,-90995,174
1621842309206,1621842309246,40,3,205,16883.222662506,-8634,183
1621842309256,1621842309276,20,1,112,8967.51756623099,-6233,39
1621842309316,1621842309446,130,4,354,18163.5349965532,-18157,199
1621842309636,1621842309686,50,12,436,26797.9481724207,-23232,346
1621842310176,1621842310226,50,12,437,19869.6723684345,-27181,161
1621842310535,1621842310575,40,4,124,4835.77759067567,-4708,152
1621842310595,1621842310615,20,1,61,3383.35316873484,-2286,124
1621842310655,1621842310755,100,8,107,5352.3891636682,-4696,151
1621842311025,1621842311305,280,12,300,16374.9514675478,-18339,305
1621842311325,1621842311655,330,19,170,7669.07812236254,-5619,10
1621842311765,1621842311785,20,0,36,1549.69614792253,-172,40
1621842312074,1621842312224,150,13,184,7004.79991081855,-8172,65
1621842312244,1621842312504,260,15,318,13151.3501826815,-23749,261
1621842312514,1621842312564,50,1,44,910.76840037129,-802,252
1621842312614,1621842312624,10,-1,31,335.411648760353,-1,-1
1621842312644,1621842312734,90,12,219,8975.03507403836,-4857,244
1621842312914,1621842312994,80,3,56,3034.05273855534,-1164,191
1621842313014,1621842313054,40,1,32,643.410006251126,-14,198
1621842313064,1621842313074,10,-1,49,2123.02269929561,-1,-1
1621842313354,1621842313424,70,18,431,16603.1204480115,-19191,23
1621842313713,1621842313763,50,1,42,1013.88585535572,-1040,246
1621842313963,1621842314183,220,13,123,8000.20817505922,-5504,211
1621842314193,1621842314343,150,4,102,5184.05439537205,-3978,20
1621842314353,1621842314363,10,-1,31,823.075233355495,-1,-1
1621842314413,1621842314423,10,-1,33,436.511867471431,-1,-1
1621842314433,1621842314443,10,-1,32,495.038771716832,-1,-1
1621842314453,1621842314463,10,-1,39,1440.84682025152,-1,-1
1621842314483,1621842314503,20,0,49,2431.08780692949,-360,273
1621842314683,1621842314743,60,3,77,3447.13912609377,-2821,345
1621842315272,1621842315282,10,-1,35,1110.53726523096,-1,-1
1621842315322,1621842315392,70,3,109,6957.24285248085,-7078,176
1621842315412,1621842315422,10,-1,372,34918.1862797661,-1,-1
1621842315692,1621842315772,80,26,542,9254.51551234041,-17246,78
1621842315782,1621842315792,10,-1,43,4027.3681982714,-1,-1
1621842315802,1621842315822,20,1,104,8845.45776308187,-4936,280
1621842315832,1621842315852,20,1,72,2362.40675261933,-1,243
1621842315862,1621842315892,30,1,52,2028.2394046116,-1085,290
1621842315972,1621842315992,20,0,36,761.422795203509,-255,278
1621842316022,1621842316032,10,-1,36,1035.01031998787,-1,-1
1621842316042,1621842316242,200,0,1533,81903.4453802138,-112359,135
1621842316262,1621842316292,30,2,105,6670.51554353124,-7118,267
1621842316662,1621842316901,239,10,808,62998.5603343848,-42404,244
1621842316971,1621842317131,160,1,294,9340.56186261589,-11589,180
1621842317141,1621842317161,20,0,45,2247.45670530671,-1,260
1621842317601,1621842317771,170,1,861,54116.0318522478,-46084,231
1621842317791,1621842317801,10,-1,32,1412.60881250432,-1,-1
1621842317811,1621842317971,160,1,479,29488.5800024835,-22371,236
1621842317991,1621842318011,20,0,60,3185.24544849705,-1579,55
1621842318051,1621842318061,10,-1,39,1268.42396700777,-1,-1
1621842319050,1621842319090,40,4,197,9658.31038882706,-9237,294
1621842319410,1621842319440,30,2,126,6199.06611699734,-6499,51
1621842319540,1621842319560,20,0,51,4135.54742846197,-522,119
1621842319590,1621842319620,30,1,160,8366.63533422272,-2124,306
1621842320399,1621842320409,10,-1,51,-1.0,-1,-1
1621842320619,1621842320649,30,0,44,2016.59326218556,-682,0
1621842321319,1621842321349,30,1,59,4003.49152339722,-2738,196
1621842321569,1621842321599,30,3,326,17092.5103571688,-1,72
1621842321688,1621842321778,89,11,310,4523.36565721213,-17809,292
1621842322208,1621842322238,30,1,72,3347.3413152499,-2276,334
1621842322378,1621842322388,10,-1,34,2782.08803773044,-1,-1
1621842322398,1621842322518,120,36,597,22764.1658902821,-42058,105
1621842322568,1621842322638,70,2,49,1657.37492771785,-1,234
1621842322738,1621842322748,10,-1,53,-1.0,-1,-1
1621842322758,1621842322778,20,0,48,1391.75148173819,-1,59
1621842322818,1621842322838,20,0,54,3615.97025848403,-1056,24
1621842322858,1621842322878,20,1,75,5794.54903613736,-1510,229
1621842323148,1621842323248,100,22,1615,74064.2826841638,-128077,288
1621842324167,1621842324207,40,7,610,-1.0,-25171,9
1621842324217,1621842324277,60,3,300,15598.4165298353,-8495,141
1621842324377,1621842324637,260,19,553,45772.592758044,-49862,271
1621842324657,1621842324667,10,-1,30,694.707201038201,-1,-1
1621842324757,1621842324777,20,0,40,1914.08066977986,-1,140
1621842324797,1621842324847,50,11,727,35792.8114385089,-1,98
1621842324966,1621842325136,170,9,700,16157.1079238603,-64159,210
1621842325196,1621842325216,20,2,73,6454.8026987867,-631,126
1621842325256,1621842325296,40,2,78,3866.13047189876,-3597,143
1621842325526,1621842325536,10,-1,35,3338.17548550695,-1,-1
1621842325546,1621842325566,20,0,46,3093.41268040211,-1007,132
1621842325596,1621842325606,10,-1,30,2572.32854498019,-1,-1
1621842325706,1621842325766,60,6,770,51596.6914408904,-387,80
1621842325886,1621842325966,80,16,1693,114597.420743114,-126696,261
1621842325996,1621842326116,120,34,464,14067.7190314536,-14571,85
1621842326126,1621842326406,280,20,133,3907.01323295747,-3219,289
1621842326485,1621842326585,99,2,140,10352.6027362209,-9641,277
1621842326685,1621842326695,10,-1,30,782.914520121082,-1,-1
1621842326705,1621842326745,40,3,129,6459.55727404015,-5186,147
1621842326925,1621842327125,200,7,1451,108308.050127512,-50793,245
1621842327245,1621842327305,60,2,53,2227.16590815776,-1340,277
1621842327335,1621842327345,10,-1,31,410.391761000395,-1,-1
1621842327515,1621842327555,40,4,146,7879.33155218277,-7322,125
1621842327845,1621842327855,10,-1,42,3365.24409391662,-1,-1
1621842328025,1621842328035,10,-1,160,14897.1610925619,-1,-1
1621842328554,1621842328574,20,0,101,-1.0,-6689,47
1621842328614,1621842328704,90,4,224,11891.1333079571,-11807,78
1621842328924,1621842329054,130,20,1347,64627.2652237375,-83414,347
1621842329064,1621842329104,40,2,90,4124.99478880777,-1055,102
1621842329124,1621842329144,20,0,35,1657.09714320086,-1,90
1621842329184,1621842329194,10,-1,46,1658.32264870374,-1,-1
1621842329214,1621842329314,100,6,89,3405.32495700984,-1884,67
1621842329344,1621842329374,30,0,49,1451.05879020231,-721,42
1621842329594,1621842329634,40,2,90,3457.3651621266,-2789,211
1621842330113,1621842330123,10,-1,42,2907.34259076531,-1,-1
1621842330263,1621842330293,30,0,77,5232.0002256303,-4402,293
1621842330653,1621842330773,120,30,411,23183.2345480402,-9907,94
1621842330793,1621842330953,160,10,132,8088.70224307933,-8685,244
1621842330963,1621842330973,10,-1,32,333.607647309541,-1,-1
1621842330983,1621842331003,20,0,58,2511.20312962195,-1,171
1621842331123,1621842331133,10,-1,41,3631.24418067691,-1,-1
1621842331203,1621842331213,10,-1,32,656.131736441966,-1,-1
1621842331223,1621842331552,329,35,370,23825.9919308319,-23925,287
1621842331582,1621842331602,20,0,58,2515.18722411454,-1,194
1621842331612,1621842331632,20,1,64,2540.97146861562,-1,185
1621842331642,1621842331742,100,4,58,1891.66786259447,-2204,202
1621842332182,1621842332192,10,-1,48,-1.0,-1,-1
1621842332242,1621842332252,10,-1,34,889.369505111521,-1,-1
1621842332342,1621842332352,10,-1,37,1133.24019970576,-1,-1
1621842332472,1621842332482,10,-1,40,1297.45746155826,-1,-1
1621842332682,1621842332892,210,33,480,15795.1729209103,-13508,89
1621842332902,1621842332961,59,4,137,7830.18629107592,-5386,288
1621842333021,1621842333051,30,3,176,9422.77089578521,-9356,234
1621842333061,1621842333081,20,0,46,1869.71605156225,-1,289
1621842333221,1621842333281,60,6,179,8713.82859839059,-6733,241
1621842333691,1621842333721,30,2,133,8396.72891578672,-7689,39
1621842334381,1621842334421,40,4,196,11949.857134769,-8987,109
1621842335010,1621842335130,120,25,437,26658.2083303416,-26424,279
1621842335470,1621842335500,30,1,61,3296.85741820007,-1881,95
1621842335520,1621842335570,50,5,456,27975.6974204147,-1,45
1621842335760,1621842335850,90,6,98,1876.706751045,-3147,119
1621842336119,1621842336129,10,-1,40,2840.47131225732,-1,-1
1621842336299,1621842336329,30,0,37,2328.13570522459,-263,0
1621842336359,1621842336409,50,2,98,4482.24372870859,-1,30
1621842336419,1621842336429,10,-1,90,7451.60941532268,-1,-1
1621842336459,1621842336609,150,37,1017,46174.9196815554,-50970,159
1621842336619,1621842336659,40,3,240,17815.1431027929,-19727,309
1621842336739,1621842336989,250,26,245,13491.3301405892,-18604,186
1621842336999,1621842337099,100,6,322,18044.0042761642,-11440,237
1621842337199,1621842337279,80,20,714,48638.2396963822,-39662,322
1621842337589,1621842337679,90,7,191,485.799577525425,-6434,156
1621842338288,1621842338668,380,30,457,37276.4474650281,-29960,4
1621842338678,1621842338688,10,-1,32,505.181348534054,-1,-1
1621842338698,1621842338788,90,4,86,1605.58393548469,-376,128
1621842338798,1621842338828,30,0,49,3079.92071070701,-1789,160
1621842338858,1621842338868,10,-1,36,962.305610854073,-1,-1
1621842339088,1621842339108,20,1,90,4609.55832550162,-1,357
1621842339517,1621842339637,120,5,848,37006.2341781878,-40064,94
1621842339837,1621842339977,140,7,412,32524.0416137217,-14556,269
1621842340147,1621842340177,30,0,57,2697.38092689655,-1,71
1621842340217,1621842340237,20,0,62,4511.6839683483,-2851,31
1621842340287,1621842340297,10,-1,37,1158.93907814762,-1,-1
1621842340307,1621842340347,40,1,91,3254.23104964889,-363,320
1621842340357,1621842340567,210,4,395,19541.3934450555,-23000,342
1621842340577,1621842340737,160,5,971,61718.4853586077,-56242,159
1621842340747,1621842340827,80,1,178,7178.92188349723,-13498,309
1621842340926,1621842341026,99,39,725,26393.800715737,-40454,153
1621842341036,1621842341306,270,37,699,32952.0954722379,-30226,219
1621842341316,1621842341456,140,18,200,9286.41334801054,-11715,347
1621842341466,1621842341476,10,-1,112,9036.29414739978,-1,-1
1621842341896,1621842341916,20,1,360,-1.0,-24430,55
1621842341926,1621842341936,10,-1,43,2270.09947255619,-1,-1
1621842342046,1621842342076,30,1,75,3503.29757589413,-4374,82
1621842342376,1621842342386,10,-1,30,1595.39236675117,-1,-1
1621842342396,1621842342406,10,-1,48,3466.14881635696,-1,-1
1621842342416,1621842342426,10,-1,45,2799.08527027701,-1,-1
1621842342585,1621842342625,40,3,119,7393.09615626887,-6329,184
1621842342835,1621842343085,250,20,187,12052.3901516279,-11258,226
1621842343355,1621842343475,120,17,513,10977.1088245474,-28722,78
1621842343485,1621842343505,20,1,176,15487.8067029444,-7233,298
1621842343535,1621842343555,20,1,64,5306.03410864916,-1295,117
1621842343585,1621842343625,40,0,71,3428.69531082707,-1919,216
1621842343645,1621842343675,30,0,47,2375.87932523711,-1137,282
1621842343695,1621842343875,180,9,73,2728.2079248155,-3251,270
1621842343885,1621842343905,20,0,69,2611.74098144939,-1,270
1621842343915,1621842344085,170,22,452,17054.5425640312,-19756,88
1621842344095,1621842344294,199,7,116,4139.15235772441,-3942,270
1621842344304,1621842344334,30,0,42,937.585158438285,-256,280
1621842344644,1621842344674,30,0,49,1836.40919762113,-1559,261
1621842344684,1621842344704,20,0,31,1045.4663449665,-95,278
1621842344714,1621842344794,80,5,119,4430.07052919882,-3431,268
1621842344804,1621842344984,180,36,342,16865.1525245182,-12216,82
1621842345014,1621842345084,70,2,211,11908.0554852353,-11531,268
1621842345114,1621842345124,10,-1,49,1979.04102755384,-1,-1
1621842345134,1621842345224,90,8,240,12983.9175971411,-8175,95
1621842345414,1621842345494,80,-1,47,-1.0,-1,-1
1621842345574,1621842345743,169,35,1037,58952.6074778979,-45329,280
1621842345893,1621842345903,10,-1,147,-1.0,-1,-1
1621842345933,1621842346063,130,9,86,2910.67820508298,-3971,92
1621842346173,1621842346203,30,1,73,2782.47315392641,-956,143
1621842346313,1621842346633,320,18,610,27997.724426026,-31770,84
1621842346823,1621842346863,40,1,68,4059.56585968809,-2584,311
1621842347013,1621842347143,130,13,1014,60839.5818750165,-25455,271
1621842347392,1621842347432,40,2,89,4518.3423695502,-1118,94
1621842347442,1621842347462,20,2,207,15614.0462671538,-1,346
1621842347642,1621842347842,200,14,174,6875.98004717896,-8956,122
1621842348152,1621842348202,50,2,98,6648.26137591849,-2785,323
1621842348222,1621842348252,30,1,68,3345.51080792921,-3568,84
1621842348462,1621842348502,40,9,1365,86365.8763247285,-1,131
1621842348592,1621842348742,150,1,495,13718.3110471223,-31283,352
1621842348752,1621842348762,10,-1,72,4807.31778011129,-1,-1
1621842348772,1621842348882,110,5,66,2239.383138551,-1305,289
1621842348892,1621842348902,10,-1,87,5900.21966107196,-1,-1
1621842348912,1621842348971,59,2,76,4977.26504733221,-3121,293
1621842348981,1621842349261,280,22,536,14010.2630133296,-19383,85
1621842348981,1621842349261,280,22,536,14010.2630133296,-19383,85
1621842349411,1621842349481,70,20,418,20429.6422994953,-4658,275
1621842349711,1621842349761,50,1,40,386.264490396599,-139,101
1621842349771,1621842349781,10,-1,81,5944.26875869969,-1,-1
1621842350031,1621842350181,150,1,631,30742.8054691666,-51724,175
1621842350201,1621842350211,10,-1,30,421.027363149695,-1,-1
1621842350221,1621842350241,20,2,336,21355.1866263815,-1,128
1621842350351,1621842350411,60,3,199,2644.69433519621,-10756,313
1621842350421,1621842350441,20,1,100,8710.01832742335,-2690,291
1621842351000,1621842351040,40,0,48,1860.80469244242,-1148,29
1621842351280,1621842351300,20,1,164,10550.9199053016,-1,57
1621842351390,1621842351430,40,10,437,-1.0,-26922,222
1621842351440,1621842351450,10,-1,31,1851.91583002461,-1,-1
1621842351460,1621842351610,150,0,1283,85504.2930123117,-32084,81
1621842351640,1621842351650,10,-1,33,885.607861306767,-1,-1
1621842351720,1621842351730,10,-1,45,3051.93948933831,-1,-1
1621842352429,1621842352439,10,-1,43,2164.6065868006,-1,-1
1621842352589,1621842352599,10,-1,34,757.773388621824,-1,-1
1621842352699,1621842352719,20,3,366,20055.4461221969,-1,339
1621842352989,1621842353139,150,35,982,36340.8073381498,-41573,163
1621842353249,1621842353259,10,-1,37,1232.0653484727,-1,-1
1621842353279,1621842353329,50,3,96,6287.66488033952,-4181,161
1621842353349,1621842353359,10,-1,35,1035.38410158928,-1,-1
1621842353379,1621842353399,20,1,75,3730.16065055233,-1,258
1621842353409,1621842353419,10,-1,51,4148.03781062916,-1,-1
1621842353489,1621842353509,20,0,41,2910.35413977024,-1092,67
1621842353898,1621842353908,10,-1,32,780.110749471755,-1,-1
1621842354638,1621842354668,30,1,47,3202.76080301879,-1152,293
1621842354678,1621842354698,20,3,636,45797.61502859,-1,123
1621842354808,1621842354948,140,3,311,6207.61781022158,-16276,316
1621842354958,1621842355078,120,5,96,3602.14122249095,-3534,281
1621842355098,1621842355148,50,2,151,8585.9009441709,-7776,293
1621842355158,1621842355258,100,2,168,7380.80315593749,-13202,62
1621842355268,1621842355278,10,-1,40,1988.65735947974,-1,-1
1621842355288,1621842355298,10,-1,34,1366.48981665503,-1,-1
1621842355367,1621842355377,10,-1,42,1653.00166640862,-1,-1
1621842355487,1621842355537,50,5,333,26543.1183119147,-9670,342
1621842355627,1621842355657,30,8,337,-1.0,-2979,317
1621842357106,1621842357206,100,38,570,4176.70423645731,-27493,75
1621842357216,1621842357276,60,2,137,5760.64166405549,-1718,266
1621842357286,1621842357376,90,2,52,2999.48462253516,-1991,291
1621842357386,1621842357456,70,4,93,5019.86549836614,-2469,314
1621842357476,1621842357556,80,2,87,2867.00519389293,-1013,167
1621842357566,1621842357656,90,3,56,2786.55884871231,-1835,307
1621842357856,1621842357946,90,6,124,5689.23094898267,-4109,302
1621842358066,1621842358246,180,32,1022,47106.0930490911,-39833,251
1621842358865,1621842359055,190,2,404,16227.189460966,-31630,207
1621842359105,1621842359165,60,2,57,2194.83024820791,-1782,138
1621842359175,1621842359185,10,-1,53,3760.0803531408,-1,-1
1621842359255,1621842359425,170,42,741,27708.2022144739,-29922,133
1621842359435,1621842359825,390,27,355,23183.5479995901,-19425,292
1621842359855,1621842359865,10,-1,37,1410.33654260181,-1,-1
1621842360574,1621842360604,30,3,292,15337.6690122609,-1,89
1621842360714,1621842360944,230,4,357,11818.5430817494,-23364,65
1621842360954,1621842360964,10,-1,35,741.441601630448,-1,-1
1621842361494,1621842361534,40,2,233,-1.0,-11054,279
1621842361554,1621842361644,90,3,72,2797.20391260222,-3441,248
1621842361654,1621842361893,239,12,93,4420.72840529359,-4342,282
1621842361913,1621842361933,20,0,46,1877.43087099258,-848,275
1621842362183,1621842362213,30,0,44,2635.65696196724,-496,98
1621842362283,1621842362483,200,5,1661,107157.929613434,-114956,96
1621842362513,1621842362543,30,0,41,2378.55902959153,-1014,244
1621842362623,1621842362653,30,1,62,2117.47555886521,-1828,328
1621842362743,1621842362803,60,21,575,25940.602907186,-17902,210
1621842363223,1621842363353,130,13,702,22791.5908160371,-53925,104
1621842363363,1621842363572,209,14,149,13197.5407843956,-7511,247
1621842363802,1621842363842,40,2,110,5575.43170913348,-5051,13
1621842364082,1621842364132,50,10,445,24486.6372389085,-12314,274
1621842364462,1621842364512,50,2,69,1322.50159968225,-1988,87
1621842364562,1621842364612,50,2,84,3655.89453362263,-4354,92
1621842364622,1621842364652,30,2,123,6475.63486654108,-3139,101
1621842364692,1621842364722,30,1,57,2062.65803792103,-1821,109
1621842364762,1621842364922,160,7,118,4122.73054428484,-4756,63
1621842365101,1621842365131,30,0,43,1518.66631912749,-797,274
1621842365231,1621842365401,170,26,470,19065.1337259754,-15168,87
1621842365441,1621842365501,60,2,73,2126.31583478549,-2978,325
1621842365521,1621842365591,70,3,61,1988.76870881345,-1143,255
1621842365601,1621842365631,30,2,118,5941.13785060508,-5753,279
1621842365651,1621842365671,20,0,40,1194.37479582743,-994,240
1621842365681,1621842365711,30,1,82,4979.93574341264,-2553,229
1621842365841,1621842366001,160,8,1198,80914.8985925639,-18997,223
1621842366091,1621842366101,10,-1,270,-1.0,-1,-1
1621842366151,1621842366191,40,2,332,18162.5488936428,-421,20
1621842366341,1621842366391,50,4,86,1870.08941781853,-1289,125
1621842366421,1621842366471,50,1,83,4270.89503283875,-4669,93
1621842366481,1621842366501,20,0,50,3389.85129059581,-1128,120
1621842366600,1621842366620,20,0,40,2920.30026097158,-1084,77
1621842366880,1621842366900,20,4,363,19249.5933727289,-1,129
1621842367010,1621842367240,230,8,670,7870.65436348857,-30229,257
1621842367260,1621842367270,10,-1,73,4750.60934502704,-1,-1
1621842367440,1621842367650,210,26,1618,56668.2274834315,-95869,274
1621842367860,1621842367890,30,1,46,1627.19145247106,-1404,84
1621842367910,1621842367960,50,2,57,2182.60284557301,-1715,102
1621842367970,1621842368020,50,2,63,3255.95309780069,-2380,99
1621842368030,1621842368319,289,32,1904,104479.965078096,-79183,3
1621842368379,1621842368409,30,1,258,17535.2469114444,-7905,265
1621842368529,1621842368739,210,4,559,5607.05603493648,-27082,272
1621842368759,1621842368939,180,9,108,4442.4349362424,-5861,286
1621842368999,1621842369019,20,0,31,497.489769567929,-86,260
1621842369029,1621842369089,60,1,44,940.756545156179,-798,263
1621842369269,1621842369329,60,9,345,20171.7368841663,-16502,279
1621842369948,1621842370018,70,7,119,1952.65154742493,-1433,124
1621842370028,1621842370048,20,1,112,9420.43793091873,-6526,293
1621842370058,1621842370108,50,6,162,7938.92335800176,-4959,156
1621842370478,1621842370498,20,0,46,2390.11508442492,-518,336
1621842370518,1621842370538,20,5,563,34296.6368079558,-1,93
1621842370668,1621842370688,20,5,799,-1.0,-53763,147
1621842370698,1621842370808,110,8,122,5922.60257867635,-3561,309
1621842370838,1621842371168,330,35,912,82168.2241153455,-37433,279
1621842371278,1621842371318,40,2,81,3206.9936830257,-3055,124
1621842371328,1621842371637,309,30,1132,73018.9335837572,-56566,355
1621842371697,1621842371707,10,-1,35,1467.90095005344,-1,-1
1621842371827,1621842371847,20,0,30,2437.8270239501,-23,251
1621842371977,1621842372547,570,37,714,26318.7966078756,-60543,150
1621842372567,1621842372597,30,0,34,342.766008770683,0,296
1621842372657,1621842372727,70,6,194,8247.7593949439,-8652,264
1621842373106,1621842373146,40,4,183,9911.93037884883,-7600,310
1621842373396,1621842373426,30,2,291,17561.7408142704,-1,287
1621842374695,1621842374745,50,2,58,1269.86507573092,-2566,127
1621842374785,1621842374795,10,-1,37,992.395314136431,-1,-1
1621842374805,1621842374825,20,1,105,7605.07671306756,-1,296
1621842374835,1621842374865,30,1,75,6331.99723512472,-2279,194
1621842374925,1621842374935,10,-1,34,780.851031758878,-1,-1
1621842374965,1621842374975,10,-1,32,1007.33805504132,-1,-1
1621842374985,1621842375045,60,11,1188,69738.8864569859,-1,108
1621842375135,1621842375475,340,24,869,14693.1091620174,-67342,298
1621842375515,1621842375555,40,2,81,5129.08566383284,-3912,307
1621842375865,1621842375895,30,5,448,21441.6118542375,-1,78
1621842375985,1621842376045,60,13,548,5751.01151258186,-27595,274
1621842376584,1621842376594,10,-1,56,3422.48763289579,-1,-1
1621842376624,1621842376634,10,-1,39,1997.13730372032,-1,-1
1621842376734,1621842376784,50,5,174,9035.23881119392,-6987,295
1621842376844,1621842376864,20,1,79,6726.35701618377,-471,222
1621842377164,1621842377184,20,0,32,1685.27611509622,-1,336
1621842377314,1621842377374,60,12,664,37633.8223084331,-2239,358
1621842378143,1621842378233,90,6,177,8373.63901827346,-1945,51
1621842378793,1621842379173,380,14,728,20971.7934300842,-60334,41
1621842379193,1621842379273,80,3,150,6492.0420415354,-10013,99
1621842379372,1621842379612,239,35,814,67716.3829615398,-70642,164
1621842379622,1621842379632,10,-1,31,1118.23773523609,-1,-1
1621842379652,1621842379802,150,6,179,10948.7002736124,-7241,52
1621842379882,1621842380042,160,25,525,21726.6275494527,-16457,229
1621842380062,1621842380102,40,2,71,3591.75132061676,-2056,289
1621842380112,1621842380132,20,0,42,1444.15522175028,-979,311
1621842380182,1621842380342,160,7,150,11237.4531577852,-6095,253
1621842380522,1621842380532,10,-1,534,-1.0,-1,-1
1621842380872,1621842380971,99,18,460,14463.6737440224,-15830,60
1621842380981,1621842381031,50,0,89,6485.03223833357,-3346,153
1621842381051,1621842381111,60,1,88,6436.17416335829,-4424,250
1621842381191,1621842381311,120,2,305,21176.9660557879,-13567,258
1621842381321,1621842381351,30,1,84,3344.05821076835,-5303,300
1621842381371,1621842381391,20,1,87,6651.38255206294,-1255,277
1621842381431,1621842381451,20,1,59,3912.30150080892,-1,270
1621842381621,1621842381631,10,-1,35,1840.63237185216,-1,-1
1621842381641,1621842381791,150,3,1029,65853.5584773027,-37809,287
1621842382191,1621842382251,60,6,507,17504.4283692085,-7126,98
1621842382561,1621842382570,9,-1,501,-1.0,-1,-1
1621842382580,1621842382620,40,3,172,9593.85235787936,-9717,288
1621842382640,1621842382700,60,2,59,2284.63736916388,-1381,302
1621842382710,1621842382720,10,-1,34,677.193747250419,-1,-1
1621842382770,1621842382830,60,11,456,24854.9816342957,-22825,178
1621842382850,1621842382860,10,-1,74,4839.65763626815,-1,-1
1621842382870,1621842382890,20,0,88,6895.77506070313,-5527,318
1621842382970,1621842383050,80,3,56,1668.90152650859,-1123,144
1621842383070,1621842383160,90,29,741,44329.4284178585,-37340,345
1621842383170,1621842383210,40,1,51,2289.42082328754,-1486,155
1621842383220,1621842383250,30,0,45,1209.83982538409,-913,128
1621842383680,1621842383790,110,4,442,6265.39264178037,-22048,142
1621842383800,1621842383810,10,-1,30,183.149217706563,-1,-1
1621842383820,1621842383980,160,7,274,20289.3808039445,-16253,222
1621842384719,1621842384799,80,23,518,15978.8340493217,-19542,197
1621842384919,1621842385219,300,22,1224,16745.3953841172,-101223,334
1621842385399,1621842385429,30,0,33,430.857824905913,-336,247
1621842385718,1621842385848,129,3,154,12383.142574246,-7672,258
1621842386228,1621842386278,50,8,321,14461.285882321,-16859,116
1621842386458,1621842386508,50,7,255,11763.8592979235,-7223,294
1621842386518,1621842386628,110,6,92,2592.55143794492,-1399,98
1621842386718,1621842386828,110,24,533,42779.1352310815,-14486,259
1621842386838,1621842387038,200,11,97,3759.44753881578,-3014,333
1621842387048,1621842387098,50,7,245,10240.0544299425,-11044,84
1621842387188,1621842387198,10,-1,42,1334.34925606556,-1,-1
1621842387687,1621842387757,70,6,130,5421.31454676504,-3287,270
1621842388207,1621842388247,40,3,155,8885.06747217948,-9195,54
1621842388377,1621842388397,20,0,48,1970.20492692867,-300,108
1621842388457,1621842388687,230,2,575,50689.149976331,-35006,191
1621842388727,1621842388787,60,7,297,16450.0557710604,-13135,169
1621842388967,1621842389026,59,9,276,12404.7651673833,-4993,296
1621842390536,1621842390576,40,2,157,-1.0,-8114,203
1621842390586,1621842390625,39,1,67,2486.13824475416,-2195,96
1621842390795,1621842390825,30,2,143,8099.56718448595,-8698,149
1621842390865,1621842390885,20,0,48,2273.38184086632,-229,342
1621842390905,1621842390915,10,-1,31,629.513957867511,-1,-1
1621842390945,1621842390985,40,1,36,698.31541449531,-2,311
1621842391015,1621842391065,50,1,42,1089.93866323391,-749,295
1621842391145,1621842391295,150,10,876,54030.4221676979,-39444,289
1621842392844,1621842392884,40,2,207,90.7834068110191,-11118,199
1621842392964,1621842392994,30,2,110,5760.84603705839,-4693,257
1621842393074,1621842393114,40,3,413,19947.0322736583,-1908,81
1621842393704,1621842393724,20,0,32,237.871822758551,-165,97
1621842394523,1621842394673,150,1,609,25450.1131383996,-32354,255
1621842395083,1621842395133,50,7,240,11758.8726718787,-10058,58
1621842395353,1621842395462,109,8,228,13928.9848559222,-8082,233
1621842395672,1621842395842,170,3,542,26867.9952855334,-23045,3
1621842395852,1621842395872,20,0,31,1884.68678024007,-53,233
1621842395892,1621842395902,10,-1,37,1031.93302720963,-1,-1
1621842396622,1621842396682,60,6,188,8776.43332210006,-7734,173
1621842396962,1621842396982,20,1,149,6762.06429358366,-1,309
1621842397721,1621842397761,40,4,159,7472.11386978729,-4962,142
1621842398051,1621842398191,140,6,1415,128529.774787509,-73325,2
1621842398650,1621842398710,60,13,446,28358.2468316823,-21835,119
1621842399130,1621842399180,50,12,355,15680.339332111,-9575,286
1621842399540,1621842399680,140,6,487,23873.0522839699,-26393,69
1621842399690,1621842399700,10,-1,31,159.387120554485,-1,-1
1621842399790,1621842399800,10,-1,88,6793.26159022252,-1,-1
1621842399900,1621842400020,120,3,164,13079.4678190688,-11568,112
1621842400399,1621842400409,10,-1,30,1926.22422492217,-1,-1
1621842400469,1621842400479,10,-1,32,842.703067761094,-1,-1
1621842400569,1621842400639,70,17,319,14205.2144270424,-14792,278
1621842400879,1621842400939,60,15,436,19934.6315424207,-18163,97
1621842400999,1621842401029,30,0,33,406.022257867534,-1,0
1621842401179,1621842401229,50,12,316,14587.4533530665,-14043,270
1621842401339,1621842401359,20,0,46,2753.8040256576,-590,94
1621842401389,1621842401429,40,1,44,1194.66373608306,-1069,91
1621842401439,1621842401459,20,0,59,3195.66440838779,-528,81
1621842401689,1621842401729,40,4,144,7431.50759217182,-5829,304
1621842402948,1621842403088,140,1,1627,119320.682455635,-145272,159
1621842403567,1621842403617,50,9,257,12146.8945890907,-9288,70
1621842403827,1621842403887,60,9,221,9051.59199973598,-9985,255
1621842404237,1621842404307,70,16,460,20796.054820841,-18029,115
1621842404637,1621842404647,10,-1,60,3763.32282197501,-1,-1
1621842404697,1621842404797,100,18,376,13194.6501221971,-10283,307
1621842404857,1621842404877,20,0,38,3370.78946140412,-554,94
1621842404897,1621842404907,10,-1,35,640.749245674664,-1,-1
1621842404937,1621842405216,279,7,535,19651.858603567,-24943,93
1621842405236,1621842405246,10,-1,35,1574.90221743962,-1,-1
1621842405346,1621842405376,30,6,283,16947.2562222448,-2782,278
1621842406286,1621842406386,100,18,204,9407.12581685296,-12035,138
1621842406396,1621842406486,90,7,159,5921.81275786698,-5786,141
1621842406615,1621842406715,100,16,466,26132.7309250437,-14233,149
1621842406795,1621842407075,280,6,536,47871.0609093962,-37193,227
1621842407255,1621842407315,60,21,444,20667.8951507162,-14812,288
1621842407615,1621842407635,20,0,54,1748.7390692977,-1,138
1621842407645,1621842407655,10,-1,66,5519.94053197605,-1,-1
1621842407795,1621842407905,110,6,719,16165.6751067233,-49389,104
1621842407935,1621842407965,30,0,39,1293.82746186848,-755,157
1621842408055,1621842408075,20,0,49,2598.6141070206,-1366,90
1621842408165,1621842408185,20,0,69,5020.05747074678,-3334,113
1621842408524,1621842408564,40,1,106,5603.59643645912,-6677,45
1621842408804,1621842408814,10,-1,31,1458.88558288029,-1,-1
1621842408944,1621842409044,100,5,215,11425.9902470337,-10090,279
1621842409054,1621842409074,20,0,84,5456.1328457504,-3269,254
1621842409494,1621842409584,90,-1,31,912.475913716522,-1,-1
1621842409674,1621842409843,169,42,512,32074.5621117046,-20532,156
1621842409853,1621842410123,270,25,177,10025.8499183138,-8125,320
1621842410173,1621842410213,40,1,46,788.030126777369,-1,322
1621842410223,1621842410253,30,3,165,9406.08065653397,-7329,116
1621842410273,1621842410473,200,12,90,3310.58260032472,-3595,343
1621842410503,1621842410523,20,0,30,269.49863059444,-5,344
1621842410573,1621842410633,60,8,234,9845.0669475878,-8306,344
1621842410643,1621842410653,10,-1,50,2528.64829889463,-1,-1
1621842410673,1621842410783,110,22,384,23597.812734674,-5387,250
1621842411223,1621842411422,199,27,499,23621.2296844765,-20658,48
1621842411472,1621842411572,100,5,129,3330.0642506766,-5596,203
1621842411582,1621842411602,20,0,46,1664.68438122357,-1,246
1621842411662,1621842411782,120,7,115,5776.00301097048,-3893,106
1621842411852,1621842411912,60,4,109,3533.73329219776,-3938,254
1621842411922,1621842412002,80,6,111,6498.69381067564,-2530,275
1621842412022,1621842412182,160,12,159,5736.50925719039,-3801,80
1621842412222,1621842412362,140,17,175,8787.00361389971,-8885,266
1621842412422,1621842412432,10,-1,249,23268.7783715813,-1,-1
1621842412532,1621842412592,60,20,700,26442.9504159404,-35989,97
1621842412612,1621842412762,150,6,54,1549.06549078048,-1317,284
1621842413041,1621842413081,40,2,97,5455.92487714646,-2500,307
1621842413161,1621842413201,40,10,371,22020.5811718068,-22458,94
1621842413531,1621842413731,200,30,345,20603.2325087029,-28609,286
1621842413741,1621842413751,10,-1,31,781.589433636226,-1,-1
1621842413841,1621842414121,280,16,647,47584.9526684035,-49984,127
1621842414161,1621842414221,60,0,183,15034.261420663,-10331,129
1621842414341,1621842414371,30,1,86,4948.01433554278,-1231,57
1621842414461,1621842414650,189,39,790,34635.9999255299,-44761,160
1621842414760,1621842414980,220,20,440,12890.841794151,-19492,299
1621842415020,1621842415060,40,1,37,813.731209532084,-212,315
1621842415230,1621842415250,20,0,64,4409.42544618557,-2835,296
1621842415300,1621842415360,60,13,412,19062.7889339169,-15549,271
1621842415960,1621842415990,30,2,104,5929.15025971559,-5261,35
1621842416349,1621842416369,20,0,38,971.575980001348,-1,243
1621842416379,1621842416409,30,1,46,1276.93665934909,-1042,258
1621842416419,1621842416549,130,9,138,6411.41336685097,-6568,247
1621842416559,1621842416569,10,-1,31,154.392493930527,-1,-1
1621842416899,1621842417029,130,11,127,3143.9659583671,-4369,78
1621842417129,1621842417139,10,-1,31,1082.78338842571,-1,-1
1621842417189,1621842417199,10,-1,42,3115.07512611816,-1,-1
1621842417419,1621842417429,10,-1,40,2822.29485569415,-1,-1
1621842417679,1621842417729,50,11,408,24205.8801474668,-16892,87
1621842417928,1621842417958,30,1,74,4425.69142012886,-3314,180
1621842418488,1621842418498,10,-1,31,291.63247623008,-1,-1
1621842418528,1621842418538,10,-1,30,1003.38785244661,-1,-1
1621842418568,1621842418658,90,5,318,17214.2751673924,-1544,95
1621842418758,1621842418848,90,5,216,8631.73239819711,-9766,274
1621842418978,1621842419008,30,1,85,6273.47263732585,-3495,239
1621842419038,1621842419058,20,0,69,4909.6173342987,-1836,331
1621842419038,1621842419058,20,0,69,4909.6173342987,-1836,331
1621842419158,1621842419178,20,0,57,4637.6297906434,-989,212
1621842419218,1621842419238,20,0,55,4391.97323427502,-1035,23
1621842419388,1621842419427,39,0,60,3660.94195205686,-1400,336
1621842419437,1621842419457,19,0,44,2159.73035526473,-1045,315
1621842419607,1621842419637,30,0,49,1277.94138315223,-1,273
1621842419647,1621842419687,40,3,132,7469.91706421033,-6155,108
1621842419697,1621842419757,60,2,50,4322.57924169123,-1048,251
1621842419777,1621842419867,90,4,57,4180.54267599304,-1321,262
1621842419957,1621842419967,10,-1,30,1089.27804988998,-1,-1
1621842420147,1621842420157,10,-1,37,2419.75900403692,-1,-1
1621842420437,1621842420697,260,17,540,34757.6518640344,-31504,7
1621842420737,1621842420787,50,2,89,3903.51242493415,-2432,112
1621842420807,1621842420947,140,7,105,4812.55335929538,-3329,265
1621842421336,1621842421516,180,10,692,49440.8379624118,-53670,147
1621842421526,1621842421856,330,17,298,25269.8982261345,-20994,293
1621842421926,1621842421956,30,1,95,6767.13787538623,-6303,307
1621842422066,1621842422156,90,23,853,53942.0058624285,-52533,96
1621842422326,1621842422406,80,6,279,15303.1401188468,-6473,317
1621842423045,1621842423055,10,-1,689,-1.0,-1,-1
1621842423145,1621842423525,380,44,1357,92971.8067481291,-35881,313
1621842423615,1621842423655,40,16,510,1384.03449421081,-150,308
1621842423745,1621842423825,80,24,501,10094.8793434726,-16789,123
1621842423835,1621842423935,100,4,92,4875.61107338777,-4644,311
1621842423955,1621842423965,10,-1,31,881.105906613778,-1,-1
1621842423975,1621842424354,379,23,2162,109182.162592783,-111451,339
1621842424364,1621842424544,180,16,454,31714.7484714322,-19598,307
1621842424594,1621842424614,20,0,39,2736.08784316296,-843,203
1621842424634,1621842424934,300,28,775,24994.5445915819,-31085,137
1621842424944,1621842425014,70,4,206,9774.53910182053,-14374,314
1621842425024,1621842425204,180,5,486,40153.7642455416,-16600,296
1621842425234,1621842425314,80,1,82,2998.48107037019,-4117,357
1621842425344,1621842425434,90,12,219,8436.51586375783,-6636,266
1621842425714,1621842425724,10,-1,35,2574.84589294353,-1,-1
1621842425833,1621842425883,50,2,89,5859.42712853162,-3516,108
1621842425893,1621842425993,100,5,459,28847.4865267915,-2243,86
1621842426083,1621842426153,70,12,435,-1.0,-20649,342
1621842426163,1621842426193,30,2,131,10489.7073939832,-6205,178
1621842426243,1621842426343,100,9,134,5564.63491678187,-2260,128
1621842426433,1621842426463,30,1,83,658.614693186829,-3718,133
1621842426513,1621842426543,30,4,204,18298.6276981576,-14267,93
1621842426553,1621842426583,30,1,89,6798.08604662023,-2998,235
1621842426613,1621842426643,30,2,99,7165.488734775,-3483,344
1621842426683,1621842426693,10,-1,31,1237.46089838181,-1,-1
1621842426873,1621842426893,20,1,44,3620.04408500402,-375,130
1621842426953,1621842426973,20,1,68,4295.73551602656,-1,124
1621842427153,1621842427163,10,-1,36,815.061991090729,-1,-1
1621842427273,1621842427492,219,19,750,37780.5756197365,-45464,168
1621842427592,1621842427602,10,-1,32,728.94859485605,-1,-1
1621842427612,1621842428122,510,20,557,19296.118461533,-16204,93
1621842428132,1621842428142,10,-1,60,4803.13378125804,-1,-1
1621842428152,1621842428172,20,0,82,6978.6034987895,-2737,222
1621842428292,1621842428352,60,17,460,23388.5007700811,-17296,286
1621842428362,1621842428552,190,18,737,31722.3409414478,-18624,331
1621842428662,1621842428822,160,10,135,5072.80508864037,-6020,183
1621842428992,1621842429021,29,1,44,1995.31988595665,-1,137
1621842430431,1621842430551,120,15,360,14869.4385810125,-17419,8
1621842430561,1621842430720,159,11,157,6400.37407178936,-6790,342
1621842430730,1621842430750,20,0,39,1356.89521498741,-324,286
1621842430930,1621842431150,220,28,784,53648.5034775631,-44766,336
1621842431160,1621842431190,30,1,58,2196.19733763441,-732,155
1621842431200,1621842431250,50,2,181,14188.4579484571,-6896,100
1621842431260,1621842431320,60,2,61,2173.76284439487,-2458,192
1621842431340,1621842431370,30,3,173,8955.24268898564,-8612,245
1621842431380,1621842431460,80,3,220,15327.2597006722,-17660,46
1621842431510,1621842431790,280,14,1002,71481.8745465008,-63921,107
1621842431510,1621842431790,280,14,1002,71481.8745465008,-63921,107
1621842431800,1621842431830,30,1,56,2170.81446545989,-2432,237
1621842432130,1621842432150,20,0,40,2538.57128064764,-1,135
1621842432160,1621842432200,40,9,1067,59149.1591476324,-1725,173
1621842432299,1621842432509,210,27,2167,68779.4930671199,-150623,314
1621842432529,1621842432549,20,0,30,240.884536118422,-1,348
1621842432659,1621842432679,20,0,42,1278.53444434822,-1078,309
1621842432739,1621842432749,10,-1,30,534.265070877788,-1,-1
1621842432779,1621842432829,50,1,43,936.884421371718,-1076,313
1621842433089,1621842433179,90,30,699,27277.2168560508,-29103,174
1621842433189,1621842433219,30,1,75,4594.77157387515,-1089,32
1621842433229,1621842433479,250,14,118,8928.90905342959,-5045,351
1621842433619,1621842433679,60,3,84,3238.21223786162,-806,152
1621842433689,1621842433719,30,7,421,28464.2019583305,-1,17
1621842433808,1621842434138,329,25,262,16102.7766868503,-14208,212
1621842434368,1621842434398,30,1,63,3729.75918530938,-2518,350
1621842434628,1621842434648,20,0,49,1999.70034550836,-1332,84
1621842434868,1621842434918,50,1,40,1342.29089297239,-798,151
1621842435208,1621842435308,100,3,146,11419.3881354864,-10356,289
1621842435328,1621842435358,30,2,124,6487.32509655236,-5323,183
1621842435497,1621842435517,20,0,34,773.963553758396,-1,83
1621842435617,1621842435647,30,1,91,5172.53788470055,-3233,327
1621842435847,1621842435867,20,0,34,647.432895358243,-1,50
1621842435957,1621842435967,10,-1,39,2542.59340014894,-1,-1
1621842436027,1621842436057,30,2,117,5603.81981877628,-3316,164
1621842436227,1621842436247,20,0,42,2295.08706295928,-814,246
1621842436297,1621842436327,30,1,63,3914.11100603901,-1416,324
1621842436607,1621842436637,30,0,37,718.506749538071,-598,32
1621842436657,1621842436787,130,1,925,50114.2927864484,-69860,52
1621842436897,1621842437026,129,1,878,67197.9871836752,-65619,92
1621842437036,1621842437086,49,1,37,1730.9707802566,-372,6
1621842437096,1621842437136,40,1,47,985.831290428737,-869,0
1621842437146,1621842437536,390,16,970,50910.2834748557,-46957,126
1621842437566,1621842437586,20,0,44,1419.96806536285,-1,307
1621842437746,1621842437826,80,9,269,17304.2957507705,-12875,329
1621842437996,1621842438006,10,-1,33,515.561620538737,-1,-1
1621842438016,1621842438106,90,17,353,17161.8323784797,-10655,243
1621842438116,1621842438136,20,0,50,3230.7171888991,-1,101
1621842438156,1621842438166,10,-1,39,1303.53572511216,-1,-1
1621842438186,1621842438356,170,2,692,54773.8554694539,-32160,212
1621842438366,1621842438386,20,0,43,958.562226193457,-1,120
1621842438486,1621842438496,10,-1,31,1925.3155596278,-1,-1
1621842438536,1621842438605,69,17,401,18305.5788046337,-961,350
1621842438725,1621842438805,80,5,82,1881.28695615847,-2795,181
1621842438815,1621842438835,20,0,40,1363.18264962357,-1,18
1621842438865,1621842438905,40,2,75,2471.93967123702,-1617,144
1621842438915,1621842438935,20,1,81,4029.01368744504,-1,112
1621842438955,1621842439005,50,1,40,558.029991008587,-510,159
1621842439075,1621842439085,10,-1,31,788.596623769517,-1,-1
1621842439365,1621842439375,10,-1,48,3564.88748421886,-1,-1
1621842439545,1621842439675,130,2,257,14974.8305104601,-9292,9
1621842439745,1621842439885,140,1,2253,85843.5561424307,-160838,121
1621842439965,1621842439985,20,1,289,22079.8169889836,-1,97
1621842440075,1621842440105,30,5,526,-1.0,-26902,300
1621842440324,1621842440334,10,-1,31,1007.2482419499,-1,-1
1621842440364,1621842440404,40,1,41,731.627954874119,-259,320
1621842440464,1621842440694,230,34,692,39469.2386719207,-27812,124
1621842440734,1621842440814,80,3,65,1630.45365488668,-2050,317
1621842440834,1621842440854,20,0,36,1402.73175952617,-1,302
1621842440884,1621842440904,20,0,41,1660.26501483247,-933,282
1621842440914,1621842440924,10,-1,33,926.882189599823,-1,-1
1621842440984,1621842440994,10,-1,32,1271.15699033556,-1,-1
1621842441104,1621842441164,60,7,237,5984.79579923565,-8215,283
1621842441294,1621842441464,170,4,308,24383.621705675,-14651,181
1621842441554,1621842441564,10,-1,50,3577.86211683155,-1,-1
1621842441574,1621842441704,130,32,536,21370.0562763616,-14039,313
1621842442013,1621842442023,10,-1,115,9056.21563958276,-1,-1
1621842442963,1621842443313,350,27,668,33704.1334344057,-19504,97
1621842443323,1621842443422,99,2,93,7547.19843232852,-3904,38
1621842443452,1621842443772,320,35,979,56619.2560617648,-53303,266
1621842444722,1621842444752,30,0,35,228.611585866591,-503,351
1621842444952,1621842445161,209,13,435,26522.6407346014,-34461,127
1621842445191,1621842445241,50,3,118,7641.49563639999,-5030,0
1621842445271,1621842445381,110,13,400,17496.6039016132,-28805,97
1621842445391,1621842445411,20,0,54,2280.61867303711,-1,12
1621842445461,1621842445471,10,-1,34,1553.78965694453,-1,-1
1621842445481,1621842445561,80,1,46,2458.70154384039,-932,319
1621842445571,1621842445661,90,1,85,3746.27481994115,-3225,1
1621842445791,1621842446061,270,30,535,35803.6877992098,-43174,305
1621842446081,1621842446111,30,1,42,1054.02084355094,-1170,124
1621842446221,1621842446231,10,-1,32,354.390324707796,-1,-1
1621842446241,1621842446261,20,0,37,951.128677725831,-644,243
1621842446281,1621842446301,20,0,49,2530.03654105546,-1282,230
1621842446690,1621842447060,370,15,2385,154280.510225737,-182985,63
1621842447180,1621842447220,40,0,227,19541.3438267205,-12830,79
1621842447250,1621842447330,80,3,54,1962.15677523193,-1245,277
1621842447360,1621842447370,10,-1,32,236.101074606593,-1,-1
1621842447450,1621842447470,20,0,72,4326.83086412759,-1257,132
1621842447900,1621842447940,40,1,61,4506.10244423872,-2060,330
1621842447990,1621842448070,80,33,735,26752.2041967691,-20354,132
1621842448080,1621842448120,40,5,161,15337.1440776995,-5345,328
1621842448130,1621842448269,139,14,177,6009.34612762498,-5399,347
1621842448349,1621842448439,90,15,381,16638.2617821547,-17438,286
1621842448449,1621842448729,280,10,1170,67152.9026271659,-57533,295
1621842448789,1621842448809,20,0,37,2174.50595113278,-149,112
1621842448889,1621842449069,180,28,912,39664.3227290491,-34900,123
1621842449109,1621842449139,30,2,112,5619.20758015791,-5533,160
1621842449169,1621842449189,20,0,45,1760.00794952687,-1203,141
1621842449279,1621842449529,250,17,202,6131.58389098507,-4296,335
1621842449599,1621842449639,40,2,95,4896.21027391878,-2795,113
1621842449649,1621842449838,189,12,466,33123.5039183227,-21585,221
1621842450038,1621842450068,30,2,160,13909.7284909438,-7008,177
1621842450178,1621842450278,100,22,517,27829.4854002509,-27493,319
1621842450738,1621842450868,130,11,525,2337.60038953745,-22734,123
1621842451008,1621842451018,10,-1,30,1302.49814287155,-1,-1
1621842451048,1621842451068,20,0,31,897.112636554928,-43,45
1621842451318,1621842451328,10,-1,53,3108.68408774947,-1,-1
1621842451368,1621842451388,20,1,56,4884.50458202834,-1056,33
1621842451407,1621842451427,19,0,50,2630.86226503862,-1,356
1621842451897,1621842451937,40,17,830,41794.9921684901,-43254,98
1621842451977,1621842452037,60,11,590,55045.350776401,-53021,183
1621842452067,1621842452187,120,5,156,8262.16883764345,-10916,306
1621842452217,1621842452237,20,0,44,1507.37579079856,-1,293
1621842452267,1621842452507,240,14,1749,165468.372846754,-118074,83
1621842452517,1621842452537,20,2,157,14995.1737177997,-4876,36
1621842452577,1621842452587,10,-1,37,2754.02052977456,-1,-1
1621842452597,1621842452677,80,17,418,17162.3338803144,-14944,257
1621842452957,1621842452997,40,2,97,5729.0465579082,-5074,6
1621842453206,1621842453266,60,8,240,11845.5277631399,-8623,260
1621842453316,1621842453406,90,7,479,25363.3084944728,-2292,137
1621842453506,1621842453556,50,7,181,5919.57144824946,-13897,209
1621842453566,1621842453826,260,31,364,17015.5936443119,-17471,355
1621842453836,1621842453946,110,5,59,2320.28979213673,-1350,2
1621842454246,1621842454256,10,-1,61,-1.0,-1,-1
1621842454486,1621842455015,529,8,676,43151.5983449478,-32891,33
1621842455045,1621842455065,20,0,54,1634.81502655325,-1,113
1621842455295,1621842455455,160,3,1874,122682.602199205,-83610,25
1621842455465,1621842455485,20,0,74,6152.17616236294,-3060,304
1621842455555,1621842455575,20,0,43,2151.51725757079,-172,349
1621842455625,1621842455645,20,0,30,594.652215968276,-63,293
1621842455665,1621842455675,10,-1,33,492.890384823501,-1,-1
1621842455685,1621842455925,240,8,475,39461.0383228472,-19180,57
1621842455955,1621842456045,90,8,142,9819.73329276672,-6611,274
1621842456324,1621842456374,50,6,459,20997.3432371166,-40607,318
1621842456554,1621842456574,20,0,57,1956.23346795356,-1,75
1621842456644,1621842456684,40,1,57,1647.26438904883,-2222,289
1621842456834,1621842456844,10,-1,31,1762.22432758828,-1,-1
1621842456954,1621842457014,60,1,52,2485.71470257687,-727,284
1621842457154,1621842457254,100,26,573,29231.1549210011,-38536,130
1621842457264,1621842457424,160,6,155,12426.1779768999,-4855,306
1621842457494,1621842457504,10,-1,32,1052.46097043689,-1,-1
1621842457644,1621842457774,130,35,784,41706.4550872114,-37341,325
1621842458983,1621842459003,20,0,98,5876.66728699443,-1,180
1621842459193,1621842459253,60,2,71,423.547176022881,-2589,97
1621842459263,1621842459283,20,0,56,3284.45834522843,-449,3
1621842459323,1621842459343,20,1,58,3210.34856011012,-1,291
1621842459353,1621842459383,30,1,56,2204.31652526848,-1834,263
1621842459582,1621842459592,10,-1,43,1438.61628329602,-1,-1
1621842459612,1621842459642,30,1,61,3037.14360484628,-2880,100
1621842459682,1621842459762,80,18,328,12062.7572381382,-16706,97
1621842459772,1621842459822,50,18,606,30066.5052143857,-18287,284
1621842459852,1621842459872,20,0,45,2062.45187470689,-1,80
1621842459882,1621842460052,170,3,1842,117106.452602878,-80275,309
1621842460072,1621842460172,100,4,63,2383.66595751874,-1333,66
1621842460252,1621842460282,30,1,66,2161.90528583586,-1685,281
1621842460462,1621842460472,10,-1,37,1035.48330453703,-1,-1
1621842460552,1621842460582,30,1,60,2197.48245530989,-2069,265
1621842460592,1621842460792,200,2,1206,94312.7141706067,-85667,193
1621842460882,1621842460932,50,7,383,359.77877365969,-21505,281
1621842461221,1621842461231,10,-1,44,3123.90697592555,-1,-1
1621842461351,1621842461491,140,2,196,12514.8371467736,-8405,327
1621842461911,1621842461931,20,0,36,1413.00599548905,-1,104
1621842461941,1621842461961,20,1,140,7379.0375776213,-1,50
1621842462081,1621842462111,30,2,134,-1.0,-5039,289
1621842462231,1621842462291,60,2,34,19.1358633709974,-1,96
1621842462301,1621842462341,40,1,107,7582.51189789166,-3810,290
1621842462700,1621842462750,50,26,1791,85697.0695057895,-1,54
1621842462840,1621842462920,80,33,1604,14044.3801863553,-47480,284
1621842463010,1621842463030,20,0,43,2985.24118061951,-715,103
1621842463050,1621842463240,190,1,914,61797.9233976516,-47982,38
1621842463250,1621842463270,20,0,79,5354.11132594335,-1,115
1621842463280,1621842463290,10,-1,65,3576.97197899573,-1,-1
1621842463300,1621842463390,90,5,90,3165.60967494712,-2925,104
1621842463540,1621842463560,20,0,32,1626.92652921774,-1,258
1621842463690,1621842463750,60,8,275,22686.6144692625,-13598,275
1621842463760,1621842463770,10,-1,34,1694.33120280741,-1,-1
1621842463790,1621842463810,20,9,1783,132533.298453644,-1,67
1621842463910,1621842463990,80,25,1184,58148.1129340156,-88866,249
1621842464130,1621842464170,40,2,85,4810.64946169498,-3277,159
1621842464339,1621842464359,20,0,60,2627.36976132644,-1,273
1621842464369,1621842464509,140,2,438,24819.5184867225,-22902,288
1621842464529,1621842464539,10,-1,30,692.586915698453,-1,-1
1621842464669,1621842464689,20,0,43,2233.63855869532,-1,57
1621842465149,1621842465309,160,0,1065,88564.7012811789,-62888,327
1621842465319,1621842465359,40,2,105,3578.760875019,-1,94
1621842465479,1621842465569,90,10,318,10865.7781187531,-13490,271
1621842465818,1621842465828,10,-1,33,2376.19516481735,-1,-1
1621842465838,1621842466008,170,0,507,27551.8818853007,-27054,166
1621842466018,1621842466028,10,-1,38,1082.17381993162,-1,-1
1621842466098,1621842466268,170,3,423,21919.0156727181,-19678,315
1621842466278,1621842466298,20,1,65,5307.98159044447,-2613,180
1621842466318,1621842466338,20,0,39,1390.51403011091,-1,90
1621842466568,1621842466588,20,0,43,1402.82007779763,-850,153
1621842466618,1621842466808,190,11,409,25575.9052820544,-1042,98
1621842466908,1621842466978,70,12,555,21917.5182900681,-30443,262
1621842467008,1621842467088,80,4,93,4972.27653504544,-3317,277
1621842467358,1621842467378,20,0,33,545.492661239929,-236,105
1621842467497,1621842467537,40,1,43,2309.33591589406,-675,218
1621842467617,1621842467627,10,-1,34,1225.53250028852,-1,-1
1621842467647,1621842467677,30,10,1253,75431.4821257868,-1,58
1621842467767,1621842467847,80,11,577,125.364858538421,-28496,268
1621842468077,1621842468087,10,-1,30,1415.53991979867,-1,-1
1621842468137,1621842468147,10,-1,39,2369.21153968213,-1,-1
1621842468407,1621842468497,90,4,295,27108.055955657,-9009,252
1621842468507,1621842468537,30,1,62,3357.12495786566,-1749,226
1621842468587,1621842468607,20,2,1242,108595.150484733,-1,104
1621842468697,1621842468767,70,10,949,1482.5534712355,-63693,272
1621842468887,1621842468907,20,0,32,2506.06313732357,-1,143
1621842469026,1621842469056,30,1,95,6207.03543596605,-6226,184
1621842469296,1621842469326,30,2,104,6052.64333559598,-4234,355
1621842469616,1621842469786,170,1,476,24870.0176102022,-37985,228
1621842469836,1621842469866,30,10,503,28342.7462100869,-19220,84
1621842469916,1621842470006,90,13,335,16328.6958352221,-22482,271
1621842470016,1621842470036,20,0,39,2868.38670619932,-1,104
1621842470226,1621842470256,30,1,46,1409.49724298233,-208,124
1621842470306,1621842470326,20,0,36,1037.17447939562,-1,126
1621842470436,1621842470446,10,-1,96,7065.15775522073,-1,-1
1621842470695,1621842470725,30,11,1526,97026.3300777889,-1,68
1621842470815,1621842470885,70,9,407,1388.37283629064,-15129,248
1621842471175,1621842471205,30,1,62,2008.83966250743,-1130,331
1621842472085,1621842472394,309,1,1387,102899.728694404,-81768,313
1621842472524,1621842472544,20,0,44,2213.40420447162,-496,174
1621842472874,1621842472904,30,1,91,5693.82942552339,-1166,352
1621842472974,1621842473014,40,1,44,2329.60841723984,-1168,270
1621842473104,1621842473204,100,3,48,1884.3167835504,-751,87
1621842473244,1621842473294,50,12,1258,72700.4399881575,-185,75
1621842473384,1621842473454,70,25,1065,-1.0,-47132,332
1621842473564,1621842473574,10,-1,30,-1.0,-1,-1
1621842473584,1621842473734,150,9,85,1992.92290789542,-1925,88
1621842473794,1621842473953,159,10,103,4794.93135380254,-3168,259
1621842474023,1621842474303,280,5,204,12525.809090433,-13558,70
1621842474313,1621842474433,120,5,53,3536.62363603056,-726,267
1621842474553,1621842474583,30,1,66,3382.50860189337,-236,81
1621842474603,1621842474643,40,13,1305,74307.9585301117,-1,70
1621842474883,1621842475143,260,29,841,6087.16466829854,-43514,87
1621842475173,1621842475442,269,29,436,23839.6909921952,-29328,265
1621842475462,1621842475562,100,6,86,2859.97757376526,-2897,89
1621842475602,1621842475752,150,13,114,3804.98097395088,-3898,267
1621842475762,1621842475872,110,8,164,5223.69065342322,-3297,86
1621842475982,1621842476082,100,13,378,7543.83090304619,-15133,284
1621842476282,1621842476322,40,1,49,955.019103687197,-1689,289
1621842476422,1621842476452,30,1,51,2223.04516091396,-1401,72
1621842476522,1621842476562,40,3,138,7604.36409985279,-6089,145
1621842476822,1621842477031,209,1,2954,245554.473661685,-82404,270
1621842477161,1621842477181,20,0,58,4279.48155121513,-323,45
1621842477341,1621842477541,200,1,1692,121735.145575801,-127133,14
1621842477711,1621842477741,30,1,75,4520.27128422518,-4372,163
1621842477861,1621842477881,20,0,38,2642.08735479732,-537,185
1621842477931,1621842477981,50,2,141,6806.00783157928,-5949,354
1621842478211,1621842478251,40,1,167,7581.81905734739,-1,68
1621842478341,1621842478421,80,8,495,15356.2341611379,-38556,283
1621842478431,1621842478461,30,0,75,6334.18190635475,-3528,110
1621842478620,1621842478640,20,0,79,5229.82999243671,-4235,203
1621842478850,1621842478990,140,1,1407,46925.0258115304,-101801,331
1621842479120,1621842479300,180,1,1402,97250.1365274707,-50207,38
1621842479310,1621842479320,10,-1,31,642.232979752246,-1,-1
1621842479500,1621842479530,30,2,110,5614.42943468174,-5102,160
1621842479720,1621842479880,160,1,422,26152.2553216481,-23405,85
1621842479980,1621842480000,20,3,547,37543.9763663922,-1,115
1621842480100,1621842480150,50,5,247,-1.0,-7889,262
1621842480519,1621842480529,10,-1,32,2062.5760735998,-1,-1
1621842480699,1621842480729,30,1,74,5060.46167398496,-4122,0
1621842480749,1621842480879,130,10,386,19639.3625350806,-4027,85
1621842480979,1621842481289,310,24,483,25352.0710765886,-30362,257
1621842481299,1621842481319,20,0,40,1579.88071882791,-648,119
1621842481439,1621842481489,50,2,58,1320.34107993098,-695,287
1621842481499,1621842481519,20,1,106,5298.85396555194,-1,239
1621842481579,1621842481599,20,3,485,34423.1876460626,-1,125
1621842481689,1621842481729,40,7,405,-1.0,-13065,217
1621842481799,1621842481808,9,-1,31,1788.14100963998,-1,-1
1621842481898,1621842481958,60,17,935,-1.0,-29440,270
1621842482148,1621842482168,20,0,62,3759.59505109312,-1853,77
1621842482188,1621842482198,10,-1,34,2569.32194516852,-1,-1
1621842482248,1621842482268,20,0,41,2381.36357246408,-1,201
1621842482448,1621842482498,50,1,89,4568.59178307889,-1,90
1621842482678,1621842482768,90,12,586,12039.2998891216,-25704,293
1621842482888,1621842482908,20,0,53,3558.74971389302,-1124,74
1621842482918,1621842482988,70,3,76,3942.19443715151,-1784,81
1621842483238,1621842483258,20,0,30,183.832795316208,-1,261
1621842483298,1621842483318,20,0,34,631.591886780537,-1,270
1621842483388,1621842483417,29,1,83,4130.85394637894,-1675,199
1621842483587,1621842483777,190,2,307,13629.4365459768,-12804,321
1621842483787,1621842483797,10,-1,38,1134.58044493441,-1,-1
1621842484057,1621842484097,40,2,99,5954.46939815173,-5029,148
1621842484337,1621842484367,30,1,84,5312.70628649549,-5223,349
1621842484637,1621842484757,120,4,267,20242.3070848147,-18692,259
1621842484767,1621842484777,10,-1,32,1061.17994124159,-1,-1
1621842485006,1621842485026,19,0,38,2130.08815119065,-752,324
1621842485366,1621842485406,40,2,79,3730.30713914241,-3868,165
1621842485686,1621842485736,50,5,412,23929.5017173843,-1,104
1621842486086,1621842486206,120,35,1011,11060.8087027297,-37236,216
1621842486216,1621842486306,90,4,83,4888.69483445082,-3167,90
1621842486326,1621842486336,10,-1,30,1578.22776123687,-1,-1
1621842486356,1621842486426,70,2,84,4590.86165815147,-1615,230
1621842486456,1621842486486,30,1,79,3359.68243824084,-3858,273
1621842486575,1621842486665,89,2,115,7358.05369450345,-7147,60
1621842486775,1621842486875,100,3,46,1111.86185266498,-966,271
1621842486965,1621842486995,30,1,71,3663.2627999001,-2559,170
1621842487155,1621842487225,70,3,72,1868.57095159945,-2060,299
1621842487245,1621842487255,10,-1,31,217.917863826974,-1,-1
1621842487315,1621842487375,60,2,60,1754.56186398145,-1169,99
1621842487635,1621842487745,110,5,95,3928.77245613788,-2574,78
1621842487755,1621842487875,120,4,219,17453.7394274287,-4663,280
1621842488234,1621842488284,50,10,482,-1.0,-26435,286
1621842488294,1621842488424,130,4,128,11088.127266668,-8814,106
1621842488504,1621842488584,80,3,92,2540.46909980514,-3145,253
1621842488654,1621842488684,30,1,60,3310.02172599677,-2256,118
1621842488814,1621842488854,40,2,87,5167.44627590026,-3483,181
1621842488884,1621842488904,20,0,30,509.677083739876,-12,288
1621842489004,1621842489194,190,3,1818,100342.818057361,-117135,322
1621842489364,1621842489394,30,1,73,4039.41891470785,-3259,59
1621842489564,1621842489584,20,1,60,4009.90921720893,-1,264
1621842489794,1621842489843,49,14,1753,114998.565244168,-4456,137
1621842489933,1621842489993,60,6,608,16784.1975608845,-55263,284
1621842490143,1621842490163,20,0,75,6608.35452461403,-3993,235
1621842490223,1621842490273,50,3,111,3823.65427953107,-4283,137
1621842490653,1621842490663,10,-1,63,4299.42430739643,-1,-1
1621842490673,1621842490903,230,35,1477,57293.8496368049,-80296,116
1621842490973,1621842491023,50,3,281,17799.8524278695,-13869,152
1621842491033,1621842491043,10,-1,40,1806.42409032691,-1,-1
1621842491053,1621842491073,20,0,57,2448.22397222304,-1,94
1621842491083,1621842491133,50,1,56,2532.59703857695,-2095,260
1621842491183,1621842491193,10,-1,40,1475.78033545669,-1,-1
1621842491223,1621842491382,159,39,627,37466.4337690945,-22330,303
1621842493631,1621842493691,60,2,36,-1.0,-10,213
1621842497768,1621842497868,99,11,338,11444.248596506,-28831,289
1621842497968,1621842498118,150,2,550,35436.9758871663,-41324,333
1621842498128,1621842498148,20,0,45,4065.4563122835,-503,292
1621842498588,1621842498758,170,0,217,12176.081693795,-9800,51
1621842498878,1621842498898,20,1,184,11517.3521667482,-1,95
1621842499008,1621842499058,50,4,338,6273.62695544843,-21161,259
1621842499138,1621842499148,10,-1,34,549.703073178839,-1,-1
1621842499497,1621842499557,60,16,1217,55740.6205398095,-296,108
1621842499677,1621842499917,240,11,618,14561.0185606943,-54418,0
1621842499937,1621842499947,10,-1,74,7489.94865249573,-1,-1
1621842499957,1621842499977,20,0,69,4174.10996676762,-2267,323
1621842500037,1621842500257,220,43,707,31176.5053972688,-24844,306
1621842500996,1621842501246,250,27,274,11249.1783809204,-10925,4
1621842501286,1621842501456,170,44,619,21130.9012226032,-15170,50
1621842501466,1621842501546,80,5,135,6690.01565281983,-3154,212
1621842501596,1621842501676,80,2,37,880.859374123992,-440,201
1621842501696,1621842501716,20,0,37,827.884909557872,-175,186
1621842501756,1621842501776,20,0,46,1529.92836419958,-1,147
1621842501806,1621842501816,10,-1,43,2374.23924309875,-1,-1
1621842501826,1621842501846,20,0,59,4465.23572476215,-2681,217
1621842501906,1621842501926,20,0,40,1913.32324581717,-195,111
1621842501936,1621842502066,130,38,1208,77226.7513041292,-33363,311
1621842502196,1621842502286,90,3,330,24788.0276690312,-13187,156
1621842502316,1621842502326,10,-1,31,586.316244917563,-1,-1
1621842502346,1621842502416,70,4,108,6769.99874696851,-33,114
1621842502426,1621842502446,20,1,88,4735.3967622936,-1,94
1621842502685,1621842502705,20,0,54,3778.58110625481,-759,76
1621842502815,1621842502825,10,-1,38,1917.27719967865,-1,-1
1621842502885,1621842502895,10,-1,33,771.3304107822,-1,-1
1621842503005,1621842503085,80,3,91,3388.67030024957,-5501,354
1621842503145,1621842503175,30,1,64,3036.14340799896,-2801,136
1621842503195,1621842503565,370,32,630,30506.0559843653,-36290,187
1621842503635,1621842503685,50,3,465,20362.3433548407,-7020,223
1621842503715,1621842504145,430,6,1391,55884.9457855622,-49870,350
1621842504244,1621842504424,180,11,82,3724.5371043971,-2498,6
1621842504454,1621842504474,20,0,52,2275.38078427278,-1,9
1621842504604,1621842504614,10,-1,30,228.567633510165,-1,-1
1621842504794,1621842504834,40,2,74,4483.46455026261,-2996,27
1621842504864,1621842504884,20,1,70,5089.31502650763,-1638,284
1621842505304,1621842505384,80,2,53,2798.20661074206,-1830,109
1621842505534,1621842505574,40,2,105,5431.45202934437,-4674,353
1621842505883,1621842505893,10,-1,35,1586.90663131555,-1,-1
1621842505903,1621842505953,50,27,968,37028.8827741631,-8171,187
1621842506093,1621842506693,600,34,1611,96745.9493172099,-137288,349
1621842506723,1621842506763,40,1,44,1371.31043193005,-951,254
1621842506803,1621842506823,20,0,38,1845.75026773932,-1,270
1621842506843,1621842506873,30,0,36,1087.50672249138,-598,263
1621842507203,1621842507223,20,1,117,-1.0,-5258,265
1621842507323,1621842507353,30,1,61,2079.8628743721,-1,54
1621842507382,1621842507512,130,3,1887,89389.395777834,-102773,320
1621842507542,1621842507552,10,-1,34,960.546393485023,-1,-1
1621842507642,1621842507652,10,-1,30,1941.66572365815,-1,-1
1621842507662,1621842507692,30,1,47,3981.80441132099,-337,297
1621842508102,1621842508132,30,1,47,1430.94495342176,-1258,111
1621842508142,1621842508162,20,0,40,1830.59356063665,-2,90
1621842508382,1621842508422,40,3,111,9756.64254152473,-6737,293
1621842508582,1621842508592,10,-1,62,3635.77056160113,-1,-1
1621842508642,1621842508802,160,20,1297,77241.1866544921,-83100,93
1621842508812,1621842508872,60,3,174,10303.7886335138,-3535,124
1621842508882,1621842508942,60,2,376,25823.1663791848,-6441,56
1621842509071,1621842509191,120,16,410,27324.3874173541,-23216,284
1621842509481,1621842509511,30,3,267,-1.0,-10265,256
1621842509521,1621842509541,20,0,105,8427.31163226834,-7323,113
1621842509601,1621842509611,10,-1,34,464.497781763558,-1,-1
1621842509621,1621842509691,70,3,129,6740.46592610234,-4666,245
1621842509831,1621842509871,40,1,63,3655.71881350013,-2710,112
1621842509881,1621842509941,60,5,476,28775.455437196,-2788,102
1621842510031,1621842510121,90,12,403,4611.87448040976,-17348,301
1621842510131,1621842510141,10,-1,43,2520.51085172482,-1,-1
1621842510161,1621842510171,10,-1,46,2939.34918492031,-1,-1
1621842510451,1621842510481,30,2,95,4885.62113842933,-3333,129
1621842510580,1621842510600,20,1,67,5032.67639778757,-1056,286
1621842510730,1621842510800,70,2,117,7120.54908682019,-2467,340
1621842510850,1621842510860,10,-1,34,1194.07954647944,-1,-1
1621842510940,1621842510980,40,4,610,43973.9892164512,-1,106
1621842511460,1621842511650,190,9,1606,112978.297483174,-69427,72
1621842511660,1621842511820,160,8,607,30842.3020551047,-33060,292
1621842511860,1621842511870,10,-1,53,4322.12497954709,-1,-1
1621842512030,1621842512040,10,-1,84,5879.19531549,-1,-1
1621842512189,1621842512219,30,1,291,24083.2290464898,-1,138
1621842512319,1621842512359,40,4,159,6438.85396193786,-11303,296
1621842512369,1621842512379,10,-1,37,1649.11913446747,-1,-1
1621842512389,1621842512399,10,-1,42,1837.78056597151,-1,-1
1621842512449,1621842512639,190,1,1157,83011.9121560143,-46805,82
1621842512879,1621842512889,10,-1,35,2519.87731715627,-1,-1
1621842512999,1621842513029,30,2,92,6210.53672577438,-2918,162
1621842513259,1621842513289,30,1,102,4117.74093088569,-1,54
1621842513399,1621842513429,30,4,282,-1.0,-8870,276
1621842513629,1621842513639,10,-1,43,2107.07569487175,-1,-1
1621842513689,1621842513699,10,-1,35,1012.7077591001,-1,-1
1621842514008,1621842514168,160,1,1463,74954.5322259966,-94416,187
1621842514388,1621842514398,10,-1,30,2545.19586374299,-1,-1
1621842514758,1621842514898,140,2,158,10688.4895587412,-12041,282
1621842515118,1621842515138,20,0,73,-1.0,-3660,144
1621842515168,1621842515178,10,-1,36,1554.75620082797,-1,-1
1621842515218,1621842515238,20,1,97,8461.10054640319,-1617,293
1621842515417,1621842515517,100,3,115,7596.46503548792,-3975,119
1621842515607,1621842515617,10,-1,147,-1.0,-1,-1
1621842515677,1621842515817,140,11,2138,124892.632291388,-175812,97
1621842515827,1621842515847,20,0,58,4305.2548557431,-6,113
1621842515857,1621842515877,20,0,37,661.702724238099,-1,122
1621842515927,1621842516267,340,18,158,11261.3755026476,-7207,86
1621842516277,1621842516497,220,13,87,2683.25616329706,-2217,90
1621842516547,1621842517006,459,45,268,16028.6630734275,-15526,272
1621842517626,1621842517646,20,0,50,1071.76087824618,-1,263
1621842517906,1621842517916,10,-1,34,3065.39091937073,-1,-1
1621842517926,1621842518046,120,15,358,20475.8791477058,-4045,86
1621842518166,1621842518436,270,14,1054,7928.49564792592,-88063,274
1621842518466,1621842518486,20,0,37,1059.72930134182,-391,270
1621842518615,1621842518625,10,-1,33,1499.78603969861,-1,-1
1621842518845,1621842518965,120,3,371,23102.7470564901,-21589,267
1621842518985,1621842518995,10,-1,32,993.133828781955,-1,-1
1621842519785,1621842519805,20,0,59,4129.27640076234,-1126,90
1621842519825,1621842519905,80,3,60,1694.16007556942,-2687,93
1621842519915,1621842519965,50,5,220,6900.9098572636,-1,83
1621842520164,1621842520244,80,14,427,22181.3362387997,-37612,278
1621842520344,1621842520354,10,-1,31,1780.51684534743,-1,-1
1621842520404,1621842520474,70,6,147,7257.40043705181,-4416,87
1621842520604,1621842520724,120,8,108,3422.84917679201,-3996,278
1621842520784,1621842520824,40,5,183,9501.52998314075,-11098,126
1621842520844,1621842520934,90,8,398,22570.7512388419,-5339,99
1621842521034,1621842521154,120,13,261,5906.32209368856,-8910,280
1621842521204,1621842521264,60,4,202,10139.4565120607,-1736,88
1621842521374,1621842521484,110,9,597,19005.3592828635,-32009,277
1621842521753,1621842521763,10,-1,34,2306.63567852675,-1,-1
1621842521913,1621842522093,180,0,1620,92315.5459434976,-108613,63
1621842522193,1621842522203,10,-1,31,1679.49079466812,-1,-1
1621842522493,1621842522523,30,1,82,4175.27582287499,-3838,161
1621842523023,1621842523203,180,2,533,30462.238695622,-37777,19
1621842523532,1621842523542,10,-1,45,3390.98984191489,-1,-1
1621842523872,1621842523902,30,1,78,4290.29247226873,-1801,9
1621842524712,1621842524752,40,8,333,16113.2098961155,-3846,294
1621842525451,1621842525771,320,8,169,7844.65777986139,-10485,2
1621842525811,1621842525921,110,6,96,4658.09179681077,-3947,71
1621842525931,1621842525961,30,1,51,1819.07340535152,-1819,58
1621842525981,1621842525991,10,-1,33,538.779536638372,-1,-1
1621842526011,1621842526131,120,7,97,2460.05672403014,-2518,279
1621842526181,1621842526251,70,5,116,4790.24705438233,-3495,96
1621842526261,1621842526271,10,-1,31,350.458058180246,-1,-1
1621842526381,1621842526391,10,-1,40,2374.78298196071,-1,-1
1621842526700,1621842526710,10,-1,50,2180.10830008909,-1,-1
1621842526720,1621842526870,150,0,787,48431.0359674055,-32331,0
1621842526880,1621842526930,50,2,59,3411.47593943872,-1674,92
1621842527030,1621842527050,20,0,34,1098.17717284863,-1,285
1621842527150,1621842527190,40,3,135,6192.85007031329,-5816,139
1621842527300,1621842527320,20,0,34,1639.84819610327,-322,293
1621842527330,1621842527350,20,0,42,1037.92654756223,-1,282
1621842527440,1621842527450,10,-1,30,56.4771667241406,-1,-1
1621842527480,1621842527500,20,0,71,2751.48349305761,-1,63
1621842527590,1621842527630,40,21,1795,62866.8167375446,-8328,213
1621842527640,1621842527690,50,6,208,11480.6640568643,-6622,255
1621842528050,1621842528070,20,1,69,5966.14479938091,-1,357
1621842528289,1621842528299,10,-1,34,624.188420789033,-1,-1
1621842528399,1621842528419,20,0,41,2018.23529275688,-1,138
1621842528459,1621842528469,10,-1,420,39034.9491218534,-1,-1
1621842528569,1621842528579,10,-1,244,-1.0,-1,-1
1621842528599,1621842528649,50,4,140,11991.1877866391,-4810,252
1621842528949,1621842529209,260,2,1900,98873.5159043689,-137406,275
1621842529569,1621842529579,10,-1,36,1492.60264127042,-1,-1
1621842529848,1621842530048,200,1,1459,72421.1912090358,-65322,120
1621842530358,1621842530568,210,1,1161,77462.3534906482,-60787,270
1621842530768,1621842530788,20,0,33,2052.11524489722,-314,153
1621842531417,1621842531467,50,7,257,8921.55406671805,-1539,262
1621842532107,1621842532207,100,18,447,18207.5296168046,-21163,281
1621842532277,1621842532407,130,10,151,6991.65885929774,-5401,103
1621842532697,1621842532707,10,-1,119,10078.7663481983,-1,-1
1621842532717,1621842532747,30,1,178,9117.25604604066,-1,99
1621842532976,1621842533066,90,18,726,12801.921939627,-25329,218
1621842533106,1621842533206,100,6,155,5479.68987654877,-9160,267
1621842533256,1621842533476,220,4,468,20915.7469541706,-28260,88
1621842533566,1621842533586,20,0,33,1394.41931541464,-148,160
1621842533876,1621842533956,80,20,1616,9829.16596357692,-98673,280
1621842534106,1621842534126,20,0,44,2562.28661555642,-1,161
1621842534645,1621842534665,20,1,170,8172.20711376166,-1,108
1621842534755,1621842534835,80,19,1362,-1.0,-62599,229
1621842535055,1621842535105,50,3,145,7467.77910812215,-8895,181
1621842535375,1621842535385,10,-1,38,1153.20230972905,-1,-1
1621842535745,1621842535755,10,-1,49,3823.93392602204,-1,-1
1621842535905,1621842536085,180,2,1420,70709.6875473208,-95642,303
1621842536274,1621842536294,20,3,171,14522.5931459737,-2269,174
1621842536334,1621842536364,30,1,53,1858.72134663666,-2045,61
1621842536394,1621842536404,10,-1,32,472.10259108778,-1,-1
1621842536564,1621842536584,20,1,236,16380.1572761323,-1,119
1621842536684,1621842536724,40,11,1279,69680.900781962,-13365,124
1621842536914,1621842537044,130,22,837,39690.2132956668,-65304,316
1621842537064,1621842537114,50,2,66,3519.46287129169,-2591,267
1621842537184,1621842537274,90,5,90,3365.58830276987,-3214,84
1621842537334,1621842537344,10,-1,36,2105.5874942582,-1,-1
1621842537394,1621842537404,10,-1,249,23171.8694724299,-1,-1
1621842537504,1621842537514,10,-1,133,-1.0,-1,-1
1621842537524,1621842537654,130,8,206,6984.37109664228,-1644,99
1621842537753,1621842537823,70,13,446,23331.2497863036,-16529,269
1621842537863,1621842537933,70,2,63,2017.52763905321,-2456,93
1621842537983,1621842538003,20,0,47,2855.68316752643,-1288,153
1621842538093,1621842538103,10,-1,31,495.057230765071,-1,-1
1621842538113,1621842538273,160,2,1542,85913.0030316291,-71780,242
1621842538663,1621842538773,110,12,422,27797.7615691633,-24305,103
1621842538783,1621842538883,100,13,557,20115.380377498,-27002,281
1621842539043,1621842539073,30,2,104,5109.47117068034,-3249,164
1621842539382,1621842539402,20,0,59,3703.9965194065,-1,338
1621842539672,1621842539682,10,-1,34,1076.98534131419,-1,-1
1621842539702,1621842539882,180,2,963,43801.9243319705,-64765,310
1621842540192,1621842540222,30,1,57,3809.8783970989,-2252,33
1621842540512,1621842540552,40,2,100,6333.25483138755,-4743,145
1621842540892,1621842540911,19,0,75,4663.64474133673,-4915,329
1621842541071,1621842541091,20,1,70,5233.417349928,-714,98
1621842541101,1621842541191,90,3,49,1838.06131535856,-1874,83
1621842541381,1621842541471,90,13,622,37505.04594702,-12086,58
1621842541941,1621842542101,160,32,2047,124648.172332958,-156996,341
1621842542191,1621842542331,140,8,160,10094.1285794917,-6398,257
1621842542431,1621842542441,10,-1,33,1169.08470897059,-1,-1
1621842542660,1621842542680,20,0,34,926.482623116009,-127,209
1621842542690,1621842542710,20,0,33,350.744872680643,-27,231
1621842542730,1621842542760,30,1,58,2218.30408941611,-1700,202
1621842542840,1621842542880,40,1,46,1209.03975209406,-63,180
1621842542890,1621842542970,80,18,590,38337.6417871766,-33554,42
1621842542990,1621842543040,50,2,71,2911.29317770936,-931,197
1621842543070,1621842543390,320,37,591,25938.6896456369,-27778,201
1621842543490,1621842543510,20,1,120,6423.83951973766,-1,240
1621842543520,1621842543620,100,22,454,31967.3579247848,-24820,74
1621842543790,1621842543960,170,5,201,8232.22592807033,-8265,358
1621842543970,1621842544000,30,1,54,2303.26849697468,-1721,341
1621842544030,1621842544060,30,0,38,886.248329808231,-327,333
1621842544090,1621842544119,29,0,34,657.439887651382,-412,4
1621842544179,1621842544929,750,23,810,49530.0314188316,-58456,347
1621842544969,1621842545079,110,10,496,33939.0413493417,-22985,14
1621842545089,1621842545129,40,1,176,16183.6975329265,-13441,155
1621842545139,1621842545159,20,1,70,3751.30013460605,-1,208
1621842545179,1621842545199,20,0,38,935.435090919192,-163,200
1621842545279,1621842545289,10,-1,81,5448.49267706147,-1,-1
1621842545379,1621842545659,280,13,1355,56213.1801777126,-115116,334
1621842545878,1621842546098,220,11,186,13534.0987478111,-1054,184
