start,end,duration,amplitude,peak_velocity,peak_acceleration,peak_deceleration,direction
1621845055387,1621845055547,160,11,505,2706.15926171299,-36858,349
1621845055557,1621845055587,30,3,165,8467.3759843858,-6999,197
1621845055607,1621845055647,40,1,54,2859.4453393403,-1438,320
1621845055677,1621845055727,50,1,55,1188.69861908838,-562,345
1621845055787,1621845055827,40,1,81,-1.0,-3435,336
1621845055847,1621845055877,30,1,202,14645.189898144,-1,349
1621845056007,1621845056167,160,7,1075,94781.6868484778,-83589,318
1621845056226,1621845056366,140,5,62,1577.12757378857,-1698,341
1621845056456,1621845056466,10,-1,31,967.8541031401,-1,-1
1621845056716,1621845056746,30,2,170,9421.63408122826,-1,162
1621845056826,1621845056836,10,-1,101,-1.0,-1,-1
1621845056916,1621845057026,110,15,269,19780.4695002778,-10847,101
1621845057196,1621845057206,10,-1,30,1092.65496776475,-1,-1
1621845057306,1621845057316,10,-1,45,1679.43092037254,-1,-1
1621845057416,1621845057506,90,17,356,15601.6157967281,-27599,329
1621845057686,1621845057756,70,26,774,38083.0406415264,-8051,28
1621845057836,1621845057925,89,6,355,4306.5519916569,-18682,263
1621845057985,1621845058005,20,0,49,2144.81029493,-1804,255
1621845058025,1621845058125,100,9,1637,145080.862640718,-122418,191
1621845058155,1621845058165,10,-1,31,639.129887442133,-1,-1
1621845058185,1621845058195,10,-1,33,1495.94203241747,-1,-1
1621845058205,1621845058215,10,-1,30,187.66142155614,-1,-1
1621845058225,1621845058245,20,0,74,3702.52894584133,-1,336
1621845058305,1621845058365,60,8,296,12055.7693371445,-13171,178
1621845058375,1621845058445,70,2,105,3564.71555353912,-2998,24
1621845058645,1621845058665,20,2,177,10749.5617718574,-1,246
1621845059045,1621845059055,10,-1,681,-1.0,-1,-1
1621845059305,1621845059325,20,0,37,1773.01964302457,-513,74
1621845059345,1621845059425,80,11,296,14963.7464342789,-11344,32
1621845059475,1621845059494,19,0,157,11710.9320661501,-1,23
1621845059554,1621845059634,80,4,217,9804.30084608593,-13682,66
1621845059644,1621845059664,20,1,76,5355.46179772285,-1477,4
1621845059684,1621845059724,40,1,90,4744.76888618196,-4685,327
1621845059734,1621845059774,40,2,145,7491.25508324095,-1582,41
1621845059854,1621845059874,20,0,108,-1.0,-7275,355
1621845059884,1621845059894,10,-1,30,1459.79808510143,-1,-1
1621845059914,1621845059934,20,0,76,4303.83719513608,-1,41
1621845060004,1621845060094,90,10,424,25637.1122550317,-37952,245
1621845060104,1621845060144,40,1,92,7460.87978784356,-4260,126
1621845060154,1621845060184,30,0,203,16825.121745891,-2964,165
1621845060244,1621845060254,10,-1,59,-1.0,-1,-1
1621845060274,1621845060314,40,1,43,989.90670410024,-191,182
1621845060324,1621845060414,90,8,318,20458.1281038147,-25945,341
1621845060434,1621845060464,30,1,150,7432.57895582514,-1,181
1621845060584,1621845060614,30,1,71,2503.79719387167,-3775,80
1621845060684,1621845060724,40,9,442,26466.7915122005,-11270,345
1621845060994,1621845061034,40,2,113,22.1589223786928,-4564,37
1621845061263,1621845061463,200,27,342,24729.0155795374,-21970,199
1621845061523,1621845061633,110,9,141,8754.84747229466,-2818,179
1621845061643,1621845061693,50,1,43,1324.09204230008,-695,197
1621845061703,1621845061753,50,1,44,953.103106903565,-558,169
1621845061813,1621845061833,20,0,36,832.130412235201,-1,200
1621845061843,1621845061863,20,0,41,737.042403930111,-1,180
1621845062223,1621845062413,190,27,808,51148.3057638838,-53565,14
1621845062473,1621845062663,190,36,775,62563.1314159968,-34534,195
1621845062673,1621845062693,20,0,65,2618.53043049733,-1,350
1621845062812,1621845062832,20,1,253,18685.4154220917,-1,202
1621845063042,1621845063132,90,5,101,5109.87914834425,-6646,353
1621845063142,1621845063182,40,1,71,4926.94193796191,-1893,20
1621845063242,1621845063262,20,1,221,14700.3976713905,-1,214
1621845063402,1621845063412,10,-1,38,1768.47695722189,-1,-1
1621845063472,1621845063502,30,1,51,-1.0,-1040,63
1621845063642,1621845063742,100,13,369,24651.0285923505,-15014,25
1621845063792,1621845063802,10,-1,33,830.180160158475,-1,-1
1621845063842,1621845063882,40,1,38,741.324704697792,-659,322
1621845064002,1621845064012,10,-1,35,-1.0,-1,-1
1621845064082,1621845064232,150,22,797,56130.7514695229,-74109,178
1621845064292,1621845064382,90,12,201,3072.56484198623,-5307,57
1621845064491,1621845064511,20,0,76,3807.60324244425,-1,270
1621845064611,1621845064741,130,18,467,18204.1363341893,-18976,154
1621845064751,1621845064791,40,1,73,2348.27263054031,-349,318
1621845064851,1621845064881,30,1,80,-1.0,-2138,18
1621845064891,1621845065051,160,8,257,18533.215362921,-21765,339
1621845065111,1621845065131,20,0,41,-1.0,-670,323
1621845065141,1621845065161,20,0,30,781.745751543067,-1,0
1621845065181,1621845065201,20,0,39,1051.52706775491,-1,39
1621845065231,1621845065251,20,0,49,2766.6544227816,-1,250
1621845065321,1621845065331,10,-1,52,2526.50807448651,-1,-1
1621845065681,1621845065691,10,-1,39,2019.8019750571,-1,-1
1621845065901,1621845065911,10,-1,55,3904.40498717129,-1,-1
1621845065921,1621845065941,20,0,39,995.542908461798,-802,225
1621845066031,1621845066050,19,0,104,7562.28395971551,-1,148
1621845066300,1621845066310,10,-1,51,2910.31740299832,-1,-1
1621845066390,1621845066400,10,-1,69,-1.0,-1,-1
1621845066410,1621845066420,10,-1,30,489.302297763031,-1,-1
1621845066640,1621845066660,20,0,56,-1.0,-1917,47
1621845066720,1621845066740,20,0,37,3437.57322537279,-1,70
1621845066790,1621845066820,30,1,51,1475.35732140167,-682,84
1621845066830,1621845066880,50,2,72,3520.6434423519,-1722,74
1621845066930,1621845066950,20,0,42,3490.62082179139,-346,239
1621845067360,1621845067380,20,0,40,333.295528667121,-1,240
1621845067909,1621845067939,30,2,101,5102.17540161527,-4370,52
1621845068139,1621845068179,40,1,52,3864.77977036773,-1148,255
1621845068389,1621845068399,10,-1,34,2002.18256378421,-1,-1
1621845068529,1621845068569,40,3,130,6017.87802587557,-5724,109
1621845068709,1621845068849,140,1,188,12478.4678300106,-6690,258
1621845069049,1621845069109,60,11,334,18599.8299182324,-11803,352
1621845069239,1621845069249,10,-1,43,2094.64730313602,-1,-1
1621845069318,1621845069378,60,12,398,14435.2839191549,-23398,355
1621845069388,1621845069418,30,1,83,5592.4115752994,-3595,203
1621845069438,1621845069478,40,1,88,4046.38343261378,-5777,109
1621845069508,1621845069528,20,0,38,2029.03308123665,-53,236
1621845069598,1621845069668,70,2,44,953.321185765414,-497,186
1621845069678,1621845069798,120,8,106,3883.20893112238,-4169,184
1621845069858,1621845069898,40,2,139,-1.0,-6060,171
1621845069908,1621845069928,20,0,90,4904.82119862569,-1,217
1621845070088,1621845070138,50,16,416,18670.2953647864,-25024,207
1621845070308,1621845070358,50,4,105,-1.0,-2961,17
1621845070388,1621845070428,40,1,58,3604.72875052985,-2120,15
1621845070448,1621845070498,50,2,87,4439.48534044236,-1343,2
1621845070558,1621845070658,100,4,183,6646.99103455881,-12002,315
1621845070668,1621845070698,30,1,47,1546.87799354542,-1264,92
1621845070838,1621845070928,90,2,472,2081.45645807436,-41023,102
1621845071087,1621845071117,30,1,54,2493.9593745585,-2085,300
1621845071257,1621845071287,30,1,74,3916.52038827189,-448,124
1621845071557,1621845071577,20,0,114,7758.96018649145,-1,19
1621845071657,1621845071697,40,3,152,-1.0,-7794,73
1621845071707,1621845071717,10,-1,37,1467.18221603765,-1,-1
1621845071727,1621845071747,20,0,60,2017.02196021613,-1,260
1621845071847,1621845071867,20,0,55,1842.20405122586,-1,186
1621845073216,1621845073276,60,11,266,10266.0807998667,-5599,16
1621845073356,1621845073366,10,-1,36,-1.0,-1,-1
1621845073376,1621845073506,130,6,71,5730.46325168905,-3147,168
1621845073516,1621845073536,20,0,63,4235.92406532351,-1757,247
1621845073546,1621845073556,10,-1,50,2231.72104986373,-1,-1
1621845073636,1621845073706,70,3,149,7379.21441028611,-7313,148
1621845074106,1621845074116,10,-1,58,3808.27209568885,-1,-1
1621845074325,1621845074445,120,25,519,24310.7216816061,-21620,40
1621845074455,1621845074625,170,5,226,13640.0734221712,-14058,206
1621845074655,1621845074665,10,-1,31,284.301964185276,-1,-1
1621845074675,1621845074725,50,1,35,369.105523488344,-50,187
1621845074885,1621845074895,10,-1,45,-1.0,-1,-1
1621845074935,1621845074945,10,-1,34,1361.85374034357,-1,-1
1621845075025,1621845075065,40,4,192,10920.127795814,-9170,171
1621845075285,1621845075315,30,0,31,1694.9605887917,-1,40
1621845075355,1621845075405,50,7,358,14081.0430409712,-19233,215
1621845075485,1621845075495,10,-1,2388,-1.0,-1,-1
1621845075555,1621845075575,20,0,297,-1.0,-26204,277
1621845075755,1621845075765,10,-1,31,698.735059430759,-1,-1
1621845075795,1621845075815,20,0,66,4253.29426376623,-1532,120
1621845076744,1621845076764,20,4,520,29359.0198907703,-1,235
1621845076844,1621845076884,40,2,115,5676.68191191422,-7612,41
1621845076894,1621845076984,90,3,60,4039.76495011278,-2004,356
1621845076994,1621845077014,20,0,36,822.503535642867,-1,14
1621845077334,1621845077414,80,5,102,4465.73610998692,-2355,87
1621845077424,1621845077444,20,0,33,1386.8658581767,-189,74
1621845077583,1621845077593,10,-1,30,1410.35532761164,-1,-1
1621845077753,1621845077763,10,-1,68,3980.95594169437,-1,-1
1621845078243,1621845078293,50,3,101,4307.03686817144,-4845,49
1621845078313,1621845078493,180,20,809,50475.1486698185,-33748,200
1621845078503,1621845078583,80,4,114,9575.63761845331,-4010,9
1621845078653,1621845078673,20,0,34,2254.3604523069,-195,289
1621845078963,1621845078983,20,1,133,8630.31829488799,-1,0
1621845079043,1621845079093,50,12,521,-1.0,-18280,13
1621845079113,1621845079153,40,1,44,921.768129336097,-945,163
1621845079162,1621845079252,89,3,90,3561.75612666043,-1543,172
1621845079352,1621845079382,30,0,54,-1.0,-1688,211
1621845079392,1621845079412,20,0,41,2573.92092120624,-1084,243
1621845079592,1621845079622,30,1,52,2259.14924191939,-767,169
1621845079922,1621845079932,10,-1,46,-1.0,-1,-1
1621845080182,1621845080232,50,14,476,18111.1610570152,-1,358
1621845080322,1621845080342,20,2,134,-1.0,-4645,338
1621845080352,1621845080472,120,17,270,12092.118176762,-6035,177
1621845080532,1621845080542,10,-1,54,2970.06240743535,-1,-1
1621845080602,1621845080612,10,-1,67,-1.0,-1,-1
1621845080632,1621845080642,10,-1,42,2001.36905017794,-1,-1
1621845080801,1621845080811,9,-1,95,10069.503939604,-1,-1
1621845080891,1621845080941,50,3,93,667.274113107795,-1719,73
1621845081001,1621845081091,90,5,92,2500.59134373879,-2366,288
1621845081151,1621845081161,10,-1,74,-1.0,-1,-1
1621845081171,1621845081181,10,-1,35,1296.60357240101,-1,-1
1621845081241,1621845081261,20,0,40,1895.22649142579,-1005,296
1621845081281,1621845081331,50,2,52,1693.13527107783,-1153,294
1621845081351,1621845081361,10,-1,38,1823.65618953861,-1,-1
1621845081391,1621845081451,60,5,131,6145.8785032649,-5003,308
1621845081731,1621845081871,140,3,629,4772.16440556897,-19774,68
1621845081881,1621845081911,30,2,129,7675.3992142867,-8840,183
1621845081921,1621845081961,40,1,50,1302.77187964114,-1,344
1621845082750,1621845082820,70,7,296,12098.1932998695,-24974,121
1621845083010,1621845083050,40,8,423,18385.4910661295,-6270,310
1621845083110,1621845083120,10,-1,34,-1.0,-1,-1
1621845083130,1621845083140,10,-1,32,1677.79787601231,-1,-1
1621845083400,1621845083580,180,16,484,22624.8253024822,-38250,31
1621845083860,1621845083870,10,-1,41,-1.0,-1,-1
1621845084010,1621845084239,229,11,339,22176.4759667417,-18046,200
1621845084339,1621845084359,20,0,48,2409.44320322455,-3,185
1621845085289,1621845085309,20,0,52,3980.12217636423,-2070,193
1621845085539,1621845085549,10,-1,37,2798.4568841642,-1,-1
1621845085559,1621845085569,10,-1,56,5084.90309811298,-1,-1
1621845086528,1621845086558,30,1,57,2143.74226117474,-1,1
1621845086568,1621845086588,20,0,37,824.748681702603,-254,19
1621845086608,1621845086638,30,0,44,845.79009409775,-1,11
1621845086808,1621845086828,20,0,38,2226.42258302165,-1,174
1621845087118,1621845087128,10,-1,31,962.315504381801,-1,-1
1621845087747,1621845087857,110,23,491,30211.9359988476,-24289,3
1621845087867,1621845087917,50,2,208,15007.7421032945,-9347,78
1621845087927,1621845087937,10,-1,44,3640.62634832764,-1,-1
1621845087977,1621845087987,10,-1,61,4307.79649970893,-1,-1
1621845087997,1621845088057,60,1,74,6592.89387676007,-4217,220
1621845088077,1621845088087,10,-1,33,1251.01218837067,-1,-1
1621845088097,1621845088147,50,2,116,8422.29167226713,-3383,333
1621845088167,1621845088197,30,2,113,7127.6952827624,-7637,220
1621845088207,1621845088227,20,0,33,324.995584949553,-1,246
1621845088237,1621845088247,10,-1,52,3885.78011919555,-1,-1
1621845088307,1621845088327,20,0,59,1994.06165182231,-1,24
1621845088367,1621845088427,60,18,749,35183.3283275692,-49973,183
1621845089756,1621845089776,20,1,210,-1.0,-7191,324
1621845089866,1621845089966,100,5,1175,110945.339802387,-106126,126
1621845089976,1621845090046,70,2,724,61840.0538577605,-59149,292
1621845090056,1621845090066,10,-1,60,3581.00712969431,-1,-1
1621845090346,1621845090366,20,1,55,2379.0305751277,-1,245
1621845090496,1621845090526,30,2,86,4060.98155322742,-142,313
1621845090536,1621845090546,10,-1,39,3720.42057604005,-1,-1
1621845090675,1621845090695,20,0,34,1807.27115060202,-1,119
1621845090785,1621845090835,50,2,120,238.429049963391,-7700,261
1621845090875,1621845090885,10,-1,33,2616.9565264059,-1,-1
1621845090925,1621845090935,10,-1,43,1546.11654014016,-1,-1
1621845091225,1621845091265,40,0,109,7193.68015083102,-6296,176
1621845091375,1621845091425,50,6,553,23273.5339868479,-1,178
1621845091795,1621845091805,10,-1,48,2646.71104159481,-1,-1
1621845091815,1621845091825,10,-1,80,6913.58223333172,-1,-1
1621845092055,1621845092075,20,0,119,-1.0,-6821,246
1621845092185,1621845092205,20,3,425,22311.6192629916,-1,272
1621845092274,1621845092284,10,-1,419,-1.0,-1,-1
1621845092374,1621845092384,10,-1,479,-1.0,-1,-1
1621845092494,1621845092514,20,7,329,1851.18489754594,-1,71
1621845092584,1621845092624,40,11,470,32223.2428358132,-42361,273
1621845092904,1621845092954,50,2,311,7254.85015208021,-1,301
1621845093024,1621845093054,30,5,227,13614.9391608292,-13019,126
1621845093094,1621845093364,270,1,481,29916.4285106957,-30565,235
1621845093424,1621845093464,40,3,538,-1.0,-41241,302
1621845093614,1621845093634,20,0,63,3178.02422560506,-1,239
1621845093694,1621845093714,20,1,63,5715.22077432927,-1,70
1621845093804,1621845093834,30,1,58,2113.56599424178,-28,307
1621845093844,1621845093854,10,-1,242,21605.0245069174,-1,-1
1621845093864,1621845093874,10,-1,201,19128.7342581951,-1,-1
1621845093973,1621845093983,10,-1,58,4263.43153150903,-1,-1
1621845094263,1621845094343,80,23,533,24110.1379607609,-34931,4
1621845094463,1621845094493,30,0,35,756.750197825902,-533,100
1621845094563,1621845094583,20,1,96,7457.75087370598,-1031,116
1621845094873,1621845094883,10,-1,42,-1.0,-1,-1
1621845094893,1621845094943,50,2,87,3531.70615775385,-131,222
1621845095103,1621845095133,30,0,33,8.19619831015004,-165,59
1621845095183,1621845095313,130,24,713,67306.3543499824,-38884,187
1621845095373,1621845095443,70,2,185,13054.7915690156,-4934,2
1621845095503,1621845095552,49,2,124,1551.09281477034,-4609,37
1621845095562,1621845095612,50,1,47,900.971104860319,-966,46
1621845095682,1621845095702,20,0,39,980.835780654043,-1,26
1621845095712,1621845095732,20,0,58,1793.48233556709,-1,34
1621845095872,1621845095892,20,0,35,689.676653067599,-11,251
1621845095942,1621845095982,40,0,44,1197.02190852455,-395,0
1621845096042,1621845096052,10,-1,32,-1.0,-1,-1
1621845096202,1621845096232,30,1,87,7333.99318397001,-2958,70
1621845096242,1621845096262,20,0,56,3617.48395373978,-1699,61
1621845096282,1621845096292,10,-1,49,2482.90601362917,-1,-1
1621845096352,1621845096362,10,-1,53,-1.0,-1,-1
1621845096372,1621845096442,70,3,114,5359.84842422675,-3945,169
1621845096462,1621845096542,80,4,95,6761.64810319599,-3944,141
1621845096592,1621845096632,40,1,57,3632.02845831947,-1092,261
1621845096662,1621845096712,50,2,65,2652.37399360477,-1203,343
1621845096732,1621845096762,30,0,42,1570.80061058508,-1034,7
1621845097221,1621845097231,10,-1,51,3241.12823561776,-1,-1
1621845097461,1621845097481,20,0,67,4525.50566693244,-2181,190
1621845097921,1621845098061,140,15,873,41943.1960271021,-43896,72
1621845098121,1621845098131,10,-1,42,-1.0,-1,-1
1621845098261,1621845098311,50,2,113,4731.77290156575,-1,235
1621845098391,1621845098411,20,1,75,6009.20236208041,-1919,233
1621845098431,1621845098451,20,0,30,1421.21958408269,-2,203
1621845098511,1621845098551,40,3,112,7458.44417989933,-6835,190
1621845098870,1621845098960,90,3,49,748.649586289557,-1135,221
1621845099050,1621845099070,20,0,49,2006.81111161735,-1,225
1621845099120,1621845099130,10,-1,60,3343.27186628095,-1,-1
1621845099260,1621845099280,20,1,177,14017.7661877848,-1,20
1621845099340,1621845099400,60,1,203,6355.31153430513,-13119,186
1621845099530,1621845099600,70,9,280,15428.7459276579,-8864,132
1621845099790,1621845099850,60,7,181,9286.16333529664,-4786,295
1621845100050,1621845100070,20,0,50,3168.53385792903,-1,216
1621845100080,1621845100130,50,2,319,27075.192924134,-12020,355
1621845100190,1621845100200,10,-1,66,-1.0,-1,-1
1621845100260,1621845100280,20,0,30,1797.08256363063,-1,53
1621845100989,1621845101009,20,1,127,6039.4849660248,-1,63
1621845101169,1621845101179,10,-1,43,-1.0,-1,-1
1621845101519,1621845101589,70,17,407,9495.67522659156,-893,353
1621845101709,1621845101779,70,6,311,18841.3394030085,-27032,359
1621845101789,1621845101809,20,0,66,3087.57443572842,-1,201
1621845101869,1621845101879,10,-1,63,-1.0,-1,-1
1621845102069,1621845102078,9,-1,43,1403.36250970923,-1,-1
1621845102088,1621845102098,10,-1,135,11429.6369107256,-1,-1
1621845102158,1621845102178,20,1,190,-1.0,-12036,21
1621845102198,1621845102218,20,0,42,994.666644938172,-1,251
1621845102238,1621845102338,100,3,54,2114.7775035457,-2486,167
1621845102418,1621845102428,10,-1,56,-1.0,-1,-1
1621845102448,1621845102498,50,8,249,13539.1107833894,-8521,329
1621845102508,1621845102518,10,-1,31,1847.72029913985,-1,-1
1621845102528,1621845102578,50,1,38,1130.66451212007,-420,141
1621845102668,1621845102678,10,-1,33,1216.10758008005,-1,-1
1621845102718,1621845102728,10,-1,30,718.589101008015,-1,-1
1621845102808,1621845102918,110,11,242,20845.2357378146,-8724,174
1621845103088,1621845103098,10,-1,57,-1.0,-1,-1
1621845103198,1621845103258,60,5,136,6871.90734982897,-5248,208
1621845103268,1621845103278,10,-1,31,1212.42669218731,-1,-1
1621845104097,1621845104157,60,14,400,15611.7780093421,-25585,4
1621845104217,1621845104227,10,-1,94,-1.0,-1,-1
1621845104477,1621845104527,50,3,188,7076.08838114192,-10474,12
1621845104657,1621845104677,20,0,38,2466.801502914,-1,74
1621845104697,1621845104717,20,1,202,13242.1879587504,-1,152
1621845104807,1621845104867,60,3,519,5136.6444669467,-25665,186
1621845104927,1621845104947,20,0,86,-1.0,-5102,345
1621845104977,1621845104997,20,1,176,9694.33104348934,-1,86
1621845105117,1621845105177,60,12,583,-1.0,-15913,193
1621845105187,1621845105237,50,2,84,2674.00309903244,-3923,298
1621845105257,1621845105297,40,1,57,1635.56493376034,-1309,299
1621845105307,1621845105376,69,7,334,14370.8525529199,-21258,202
1621845105396,1621845105406,10,-1,34,2418.12790284738,-1,-1
1621845105646,1621845105666,20,1,83,6781.27607048743,-1039,240
1621845105946,1621845105986,40,1,47,2190.04761714154,-654,5
1621845106396,1621845106436,40,10,647,25680.516520144,-1,18
1621845106536,1621845106656,120,6,382,11764.9138998102,-12513,300
1621845106676,1621845106686,10,-1,33,513.093904986865,-1,-1
1621845106696,1621845106706,10,-1,32,626.668527390502,-1,-1
1621845106726,1621845106796,70,2,50,1650.17365389973,-1214,162
1621845106806,1621845106816,10,-1,50,2201.98209715722,-1,-1
1621845106876,1621845106896,20,2,155,-1.0,-4743,267
1621845107375,1621845107425,50,6,248,10547.9234390186,-10242,13
1621845107615,1621845107665,50,9,262,16877.4912518851,-8704,339
1621845107695,1621845107775,80,4,134,5046.96953671229,-9453,172
1621845107855,1621845107875,20,1,139,-1.0,-7902,110
1621845107895,1621845107925,30,3,152,8328.90528372075,-6571,311
1621845107945,1621845107965,20,0,40,2462.09205856748,-1,265
1621845107975,1621845107995,20,1,77,6607.10767895704,-1121,276
1621845108025,1621845108035,10,-1,38,1822.6786067847,-1,-1
1621845108045,1621845108075,30,2,89,3326.85444873111,-4104,191
1621845108095,1621845108125,30,1,58,2365.35391531249,0,212
1621845108225,1621845108255,30,2,107,7336.24111971889,-1008,109
1621845108325,1621845108445,120,5,80,2337.88123523713,-3550,279
1621845108475,1621845108495,20,0,33,1027.29545918754,-16,267
1621845108525,1621845108545,20,0,40,1449.38935513036,-584,257
1621845108654,1621845108664,10,-1,153,-1.0,-1,-1
1621845109424,1621845109434,10,-1,151,14494.1018884905,-1,-1
1621845109624,1621845109654,30,1,70,3906.59158456748,-2293,90
1621845109844,1621845109874,30,0,257,22631.5364866795,-1,150
1621845109954,1621845109964,10,-1,51,-1.0,-1,-1
1621845110333,1621845110343,10,-1,34,3023.94142281212,-1,-1
1621845110433,1621845110443,10,-1,57,3937.77174644501,-1,-1
1621845110503,1621845110513,10,-1,66,-1.0,-1,-1
1621845110713,1621845110733,20,0,70,3194.37164541233,-1,18
1621845111143,1621845111493,350,8,422,19111.6229782042,-20548,39
1621845111593,1621845111613,20,0,39,1229.25203593851,-670,347
1621845111663,1621845111703,40,6,272,20093.8763846059,-17660,162
1621845111793,1621845111833,40,14,543,98.7895310285694,-9886,305
1621845111893,1621845111942,49,2,81,1133.58831420108,-3304,328
1621845111952,1621845111992,40,1,50,1283.0515533658,-1912,298
1621845112012,1621845112112,100,17,305,8385.42718330969,-7476,323
1621845112132,1621845112162,30,1,44,1250.18930278493,-434,112
1621845112172,1621845112372,200,4,447,17915.4945086275,-13068,77
1621845112382,1621845112472,90,6,88,6050.41237916663,-2608,161
1621845112482,1621845112542,60,2,44,917.951335965468,-1396,225
1621845112852,1621845112872,20,2,157,-1.0,-2332,283
1621845112892,1621845112992,100,4,99,6353.1709795759,-4432,127
1621845113012,1621845113022,10,-1,33,1689.09472520564,-1,-1
1621845113072,1621845113112,40,1,119,9803.89633147528,-4815,346
1621845113122,1621845113132,10,-1,36,859.091371699298,-1,-1
1621845113142,1621845113152,10,-1,30,356.706056950339,-1,-1
1621845113162,1621845113172,10,-1,40,1446.91361875923,-1,-1
1621845113182,1621845113192,10,-1,33,552.968373352714,-1,-1
1621845113252,1621845113262,10,-1,35,-1.0,-1,-1
1621845113352,1621845113362,10,-1,57,3383.73895648188,-1,-1
1621845113372,1621845113512,140,14,619,28967.2267535487,-37600,165
1621845113532,1621845113581,49,2,80,2993.6279750853,-4394,20
1621845113611,1621845113641,30,0,76,6110.53094294007,-2917,62
1621845113661,1621845113721,60,3,82,3839.30074381029,-1966,123
1621845113841,1621845113851,10,-1,37,-1.0,-1,-1
1621845114011,1621845114021,10,-1,32,1024.50974645378,-1,-1
1621845114181,1621845114491,310,7,516,46595.373575331,-41406,144
1621845114561,1621845114581,20,0,50,3454.56528617304,-1809,50
1621845114601,1621845114621,20,0,39,1808.05006641875,-831,45
1621845114641,1621845114661,20,0,40,1787.26961440911,-1,39
1621845114671,1621845114741,70,13,656,53511.0491984457,-40849,178
1621845114811,1621845114891,80,8,346,3660.12115476972,-18845,350
1621845114961,1621845114971,10,-1,34,828.689474567939,-1,-1
1621845115021,1621845115280,259,30,482,21221.0345752739,-20001,352
1621845115390,1621845115580,190,30,379,14076.9051853478,-12291,178
1621845115640,1621845115650,10,-1,56,-1.0,-1,-1
1621845115680,1621845115730,50,2,82,2171.45438767453,-3755,172
1621845115860,1621845115880,20,1,232,14677.7357227953,-1,132
1621845116150,1621845116160,10,-1,36,2050.09018807881,-1,-1
1621845116220,1621845116260,40,1,60,2001.49498565498,-1273,312
1621845116290,1621845116370,80,7,211,15286.2958024248,-15806,187
1621845116410,1621845116430,20,2,170,8120.76277376572,-1,331
1621845116510,1621845116520,10,-1,38,-1.0,-1,-1
1621845116700,1621845116829,129,5,121,7192.93126401355,-1,90
1621845116929,1621845116939,10,-1,31,600.851576661797,-1,-1
1621845116959,1621845116999,40,1,49,1252.60723331073,-391,253
1621845117249,1621845117329,80,11,290,11893.4550762452,-9238,319
1621845117339,1621845117349,10,-1,45,2325.42615373816,-1,-1
1621845117479,1621845117489,10,-1,35,1520.81181927514,-1,-1
1621845117509,1621845117549,40,3,149,8936.22524733944,-9520,211
1621845117669,1621845117679,10,-1,104,7590.86540304259,-1,-1
1621845117739,1621845117759,20,0,109,-1.0,-5694,247
1621845117789,1621845117829,40,0,45,2346.11900303455,-871,153
1621845117889,1621845117929,40,2,121,4749.61086364347,-5866,182
1621845118019,1621845118039,20,0,60,-1.0,-2574,56
1621845118089,1621845118199,110,29,473,21587.7390089163,-20897,342
1621845118209,1621845118259,50,4,110,5467.19886103632,-1950,167
1621845118319,1621845118359,40,1,73,650.706159924674,-1106,217
1621845118379,1621845118409,30,1,47,1573.66910657339,-1,148
1621845118419,1621845118468,49,1,50,2892.86492676115,-1254,92
1621845118508,1621845118518,10,-1,37,1596.37773658485,-1,-1
1621845118538,1621845118578,40,1,71,2175.72362976361,-24,225
1621845118658,1621845118668,10,-1,37,902.869677981155,-1,-1
1621845118858,1621845118868,10,-1,30,1008.75835924795,-1,-1
1621845119968,1621845119988,20,0,31,-1.0,-31,315
1621845119998,1621845120008,10,-1,30,906.042510760891,-1,-1
1621845120028,1621845120048,20,0,61,3229.70502633207,-839,35
1621845120857,1621845120877,20,3,516,35499.458522375,-1,179
1621845120937,1621845121007,70,10,245,7327.55278416626,-10029,151
1621845121157,1621845121227,70,7,239,2735.57394191796,-9050,291
1621845121287,1621845121297,10,-1,38,-1.0,-1,-1
1621845121357,1621845121407,50,10,305,11024.7903221273,-11889,351
1621845121417,1621845121457,40,1,44,885.942116380421,-545,161
1621845121487,1621845121517,30,0,40,1380.5611195161,-1037,187
1621845121527,1621845121597,70,2,52,1576.90046932618,-576,151
1621845121657,1621845121697,40,2,135,-1.0,-5966,200
1621845122006,1621845122106,100,24,500,21008.5209924077,-21636,333
1621845122116,1621845122316,200,13,159,9593.52524903816,-7247,175
1621845122346,1621845122396,50,1,39,1160.98930123706,-178,203
1621845122426,1621845122446,20,0,44,2919.31095256535,-476,81
1621845122516,1621845122526,10,-1,33,1741.71803085097,-1,-1
1621845122586,1621845122596,10,-1,44,-1.0,-1,-1
1621845122856,1621845122876,20,1,110,-1.0,-4188,5
1621845123066,1621845123086,20,0,33,643.583125533124,-316,248
1621845123166,1621845123236,70,2,52,1903.81142245495,-1051,353
1621845123256,1621845123266,10,-1,35,1138.1630028451,-1,-1
1621845123306,1621845123405,99,23,475,20377.5442370487,-17053,167
1621845123425,1621845123435,10,-1,42,2438.78939517546,-1,-1
1621845123465,1621845123475,10,-1,58,3239.3798554647,-1,-1
1621845123585,1621845123615,30,3,329,-1.0,-16956,38
1621845123625,1621845123735,110,4,92,6379.08727612372,-3759,160
1621845123745,1621845123775,30,0,49,1556.85367751683,-87,210
1621845123835,1621845123845,10,-1,40,-1.0,-1,-1
1621845123865,1621845123905,40,0,58,5524.4674449088,-2608,90
1621845124055,1621845124075,20,1,131,7424.98899854809,-1,285
1621845124135,1621845124165,30,6,578,-1.0,-28058,159
1621845124245,1621845124325,80,23,732,44156.1889992669,-46562,351
1621845124335,1621845124355,20,0,42,955.57825027626,-1,109
1621845124395,1621845124415,20,0,32,2085.33493339341,-8,247
1621845124495,1621845124515,20,0,85,5347.00990189386,-1,241
1621845124575,1621845124585,10,-1,33,-1.0,-1,-1
1621845124935,1621845125004,69,3,69,2057.56784776705,-2943,90
1621845125024,1621845125074,50,0,81,4187.11468844658,-2745,263
1621845125094,1621845125154,60,3,402,23076.2600489932,-1,204
1621845125274,1621845125424,150,8,249,12161.0037574338,-21406,3
1621845125454,1621845125464,10,-1,30,718.382230900388,-1,-1
1621845125534,1621845125614,80,13,411,20112.6513220232,-18125,351
1621845125764,1621845125774,10,-1,112,8394.6420173118,-1,-1
1621845125834,1621845126134,300,18,983,92032.7385036014,-38907,165
1621845126274,1621845126324,50,2,60,2154.54042681069,-910,242
1621845126364,1621845126394,30,0,44,1381.22390165919,-16,245
1621845126424,1621845126444,20,1,71,3592.46367636097,-1,244
1621845126584,1621845126623,39,2,387,23852.9142992073,-1,122
1621845126703,1621845126793,90,4,162,3888.73768488304,-9312,280
1621845126883,1621845126893,10,-1,32,717.406609313663,-1,-1
1621845126923,1621845126953,30,1,55,2798.31802064921,-2012,30
1621845126983,1621845126993,10,-1,33,1003.6298441264,-1,-1
1621845127173,1621845127193,20,3,620,42557.251553042,-1,326
1621845127253,1621845127333,80,1,633,21068.7781297687,-35532,156
1621845127393,1621845127473,80,2,72,3448.62752488213,-2319,148
1621845127493,1621845127533,40,1,48,2248.74479032799,-273,202
1621845127553,1621845127573,20,0,32,2258.34046095127,-212,249
1621845127583,1621845127593,10,-1,51,2266.74541592197,-1,-1
1621845127863,1621845127873,10,-1,37,2843.43422974179,-1,-1
1621845128163,1621845128183,20,0,34,1555.29017371843,-234,246
1621845129232,1621845129242,10,-1,40,1118.42010405417,-1,-1
1621845129462,1621845129582,120,20,537,25534.6325693969,-28806,184
1621845129662,1621845129782,120,8,311,13235.5768709723,-18728,350
1621845129812,1621845129842,30,0,39,775.836250994993,-1,316
1621845129901,1621845130011,110,9,141,3179.95159362436,-5783,306
1621845130201,1621845130211,10,-1,46,-1.0,-1,-1
1621845130251,1621845130291,40,1,64,2056.692575166,-2970,290
1621845130581,1621845130601,20,0,39,2724.60678660276,-138,131
1621845130871,1621845130901,30,1,88,7205.35502999802,-3211,6
1621845130971,1621845130991,20,0,35,2522.24904940173,-372,158
1621845132250,1621845132260,10,-1,31,1926.95598194376,-1,-1
1621845132620,1621845132630,10,-1,32,857.536872012278,-1,-1
1621845132820,1621845132830,10,-1,49,3425.48296846145,-1,-1
1621845132890,1621845132900,10,-1,32,-1.0,-1,-1
1621845133020,1621845133050,30,1,69,3777.30280441724,-3880,200
1621845133100,1621845133110,10,-1,109,10601.5444980641,-1,-1
1621845133199,1621845133389,190,38,653,23691.3345908756,-36253,11
1621845133469,1621845133519,50,16,569,35986.7360139509,-25551,341
1621845133529,1621845133659,130,13,248,11754.9464510284,-5876,199
1621845133719,1621845133779,60,1,83,5211.65908633904,-4530,277
1621845133789,1621845133809,20,0,33,1540.62379146882,-33,153
1621845133849,1621845133869,20,0,48,2260.03132194747,-1,50
1621845133929,1621845133949,20,1,483,42008.2000625688,-1,20
1621845134009,1621845134019,10,-1,79,-1.0,-1,-1
1621845134119,1621845134169,50,1,321,25910.3854774016,-28314,347
1621845134219,1621845134229,10,-1,104,8499.83345949846,-1,-1
1621845134289,1621845134299,10,-1,630,-1.0,-1,-1
1621845134389,1621845134519,130,2,386,8601.4245054088,-19149,183
1621845134559,1621845134569,10,-1,33,779.941326501568,-1,-1
1621845134639,1621845134719,80,10,310,12095.1724218393,-13478,348
1621845134888,1621845134918,30,0,50,2102.39258505327,-1,282
1621845135028,1621845135048,20,0,73,3888.95240120077,-1,112
1621845135148,1621845135188,40,1,45,1705.51457082158,-526,123
1621845135198,1621845135208,10,-1,30,478.047986016021,-1,-1
1621845135228,1621845135258,30,0,47,1497.71084495811,-1398,195
1621845135308,1621845135338,30,0,48,1765.60989310685,-1325,186
1621845135358,1621845135388,30,1,57,2442.14293994659,-1919,206
1621845135418,1621845135468,50,3,129,6683.33794524957,-6061,176
1621845135658,1621845135748,90,16,603,9131.79438181341,-28123,326
1621845135758,1621845135808,50,1,88,4479.4405279358,-4247,208
1621845135828,1621845135858,30,1,52,2726.40692931607,-1942,160
1621845135928,1621845135938,10,-1,33,991.105222448839,-1,-1
1621845135958,1621845135968,10,-1,32,272.595272359276,-1,-1
1621845135978,1621845135998,20,0,130,9618.93832632097,-1,90
1621845136008,1621845136028,20,0,104,7980.96483376595,-6576,150
1621845136088,1621845136118,30,1,56,2214.3040131495,-1836,135
1621845136128,1621845136178,50,2,50,2451.30428622544,-1213,135
1621845136418,1621845136428,10,-1,41,2847.23771538522,-1,-1
1621845136497,1621845136577,80,3,66,1799.51895154609,-2374,19
1621845136597,1621845136847,250,20,1152,59847.9871424694,-78435,115
1621845136907,1621845137147,240,12,234,6229.56662398798,-10173,311
1621845137217,1621845137227,10,-1,30,86.338564177051,-1,-1
1621845137287,1621845137357,70,17,471,21336.5262555546,-21922,351
1621845137397,1621845137697,300,13,468,35976.2603569976,-32981,4
1621845137787,1621845137807,20,0,54,2559.86704117865,-1219,262
1621845137827,1621845137847,20,0,96,5230.40060127198,-1,243
1621845137927,1621845137997,70,5,87,3958.82555162346,-2592,223
1621845138067,1621845138096,29,2,104,-1.0,-3283,180
1621845138126,1621845138156,30,1,98,3028.3546809436,-1,164
1621845138216,1621845138236,20,0,132,-1.0,-9359,216
1621845138256,1621845138266,10,-1,37,1206.16851720221,-1,-1
1621845138286,1621845138346,60,3,179,11084.5674571363,-10934,218
1621845138366,1621845138406,40,2,89,4192.67547383237,-2259,141
1621845138476,1621845138486,10,-1,37,834.372954054379,-1,-1
1621845138646,1621845138666,20,0,54,3158.7623647665,-1900,100
1621845138796,1621845138896,100,2,486,47774.7330784651,-22148,248
1621845138936,1621845138946,10,-1,67,4192.61237024868,-1,-1
1621845138996,1621845139016,20,0,63,5798.45510487272,-3169,77
1621845139026,1621845139046,20,0,51,2790.88421769559,-1,265
1621845139336,1621845139356,20,0,46,-1.0,-206,48
1621845139376,1621845139406,30,2,92,6031.51205535499,-2006,302
1621845139496,1621845139516,20,0,36,932.261158541549,-1,252
1621845139755,1621845139775,20,0,67,3102.44124203516,-1,94
1621845139785,1621845139855,70,2,137,10066.1716686861,-8278,124
1621845139865,1621845139875,10,-1,30,1283.38836479221,-1,-1
1621845139885,1621845139935,50,1,231,10023.7486335233,-7623,81
1621845139965,1621845139975,10,-1,64,4973.66263739743,-1,-1
1621845140065,1621845140075,10,-1,124,9633.00336078145,-1,-1
1621845140085,1621845140095,10,-1,117,9739.41312506447,-1,-1
1621845140105,1621845140115,10,-1,54,4324.27321823612,-1,-1
1621845140255,1621845140265,10,-1,30,802.331589169141,-1,-1
1621845140605,1621845140655,50,2,99,6941.09460392583,-2952,265
1621845140665,1621845140695,30,1,119,9011.1961939951,-5231,93
1621845140735,1621845140755,20,1,191,14535.9384873426,-1,303
1621845140765,1621845140815,50,0,263,24508.0163949176,-22833,261
1621845140875,1621845140885,10,-1,81,-1.0,-1,-1
1621845140955,1621845140965,10,-1,54,3215.87467634871,-1,-1
1621845141025,1621845141035,10,-1,70,-1.0,-1,-1
1621845141335,1621845141345,10,-1,66,4342.82854783559,-1,-1
1621845141404,1621845141424,20,1,129,-1.0,-4521,191
1621845141434,1621845141484,50,4,136,8986.52037542482,-4842,71
1621845141494,1621845141514,20,0,49,1851.4822678153,-1,147
1621845141544,1621845141564,20,0,56,3068.60773642058,-820,20
1621845141574,1621845141634,60,7,337,19806.7170111221,-1760,198
1621845141714,1621845141774,60,26,1923,-1.0,-89263,242
1621845141904,1621845141914,10,-1,42,1690.65233338856,-1,-1
1621845141984,1621845142004,20,0,38,1241.92102014279,-1,305
1621845142014,1621845142044,30,1,72,2306.17939536135,-3303,26
1621845142104,1621845142124,20,0,38,532.521001866077,-1,330
1621845142134,1621845142184,50,13,645,33378.3734211454,-27376,168
1621845142274,1621845142294,20,1,186,9466.99924378726,-1,291
1621845142364,1621845142404,40,1,48,2543.04020352906,-672,338
1621845142454,1621845142504,50,1,48,927.279333216715,-890,348
1621845142514,1621845142534,20,0,46,2059.82629168862,-809,348
1621845142544,1621845142564,20,0,72,4053.31027931913,-1,345
1621845142624,1621845142674,50,5,164,6432.45046495538,-6737,264
1621845142714,1621845142724,10,-1,38,1566.65560997784,-1,-1
1621845142734,1621845142744,10,-1,31,1275.9374483025,-1,-1
1621845142774,1621845142784,10,-1,34,705.064594450874,-1,-1
1621845142924,1621845142934,10,-1,30,-1.0,-1,-1
1621845142984,1621845143113,129,11,557,24127.6889682839,-24517,198
1621845143193,1621845143273,80,9,404,16551.1579187794,-30339,0
1621845143333,1621845143423,90,4,120,793.042312470315,-4201,329
1621845143433,1621845143453,20,1,94,8386.14104272014,-937,165
1621845143463,1621845143493,30,0,42,1482.99764569213,-672,286
1621845143553,1621845143563,10,-1,30,414.753557264406,-1,-1
1621845143573,1621845143603,30,1,45,1562.99785807481,-342,270
1621845143883,1621845143943,60,1,142,8799.00437246392,-11070,100
1621845144563,1621845144602,39,3,131,6693.5309810555,-5612,358
1621845144563,1621845144602,39,3,131,6693.5309810555,-5612,358
1621845144972,1621845145082,110,22,463,19360.8737688522,-19147,30
1621845145142,1621845145192,50,3,99,2588.85445359531,-1289,204
1621845145282,1621845145302,20,0,56,5139.92625114509,-592,216
1621845145312,1621845145332,20,0,135,8652.54019580014,-1,141
1621845145402,1621845145412,10,-1,34,2034.02605237358,-1,-1
1621845145452,1621845145472,20,0,60,2022.75874858235,-1,190
1621845145652,1621845145662,10,-1,30,530.006315616056,-1,-1
1621845145692,1621845145702,10,-1,37,1528.81193059336,-1,-1
1621845146252,1621845146261,9,-1,34,1266.8809295964,-1,-1
1621845146441,1621845146481,40,3,122,5322.57957941951,-62,170
1621845146491,1621845146501,10,-1,32,500.336058419839,-1,-1
1621845147051,1621845147071,20,0,60,4567.04414443234,-1484,21
1621845147371,1621845147411,40,4,168,8388.99942899876,-7593,312
1621845147561,1621845147591,30,2,100,6878.89266629917,-3063,248
1621845147621,1621845147631,10,-1,36,1503.3750338438,-1,-1
1621845147771,1621845147781,10,-1,34,1231.65154787886,-1,-1
1621845147811,1621845147831,20,0,44,3177.33529738313,-25,258
1621845147891,1621845147900,9,-1,53,-1.0,-1,-1
1621845147990,1621845148000,10,-1,35,1443.73802581535,-1,-1
1621845148030,1621845148050,20,0,35,1268.7169575418,-1,45
1621845148350,1621845148370,20,0,54,-1.0,-1841,147
1621845148420,1621845148450,30,0,36,971.212930878024,-420,273
1621845148510,1621845148530,20,0,69,3527.43485178703,-1,333
1621845148590,1621845148600,10,-1,42,-1.0,-1,-1
1621845150599,1621845150609,10,-1,30,903.193854608726,-1,-1
1621845150999,1621845151009,10,-1,71,4407.80557256308,-1,-1
1621845151069,1621845151218,149,28,494,23375.9996007617,-19315,359
1621845151228,1621845151238,10,-1,51,2418.35991605301,-1,-1
1621845151248,1621845151278,30,1,101,3321.52403027003,-1,184
1621845151358,1621845151408,50,2,72,2525.39940090617,-3541,194
1621845151418,1621845151508,90,17,324,18930.8273954368,-16929,10
1621845151518,1621845151548,30,4,241,12652.9097991295,-1,152
1621845151608,1621845151618,10,-1,55,-1.0,-1,-1
1621845151638,1621845151858,220,19,171,12243.4731611638,-8645,168
1621845151918,1621845151928,10,-1,30,-1.0,-1,-1
1621845152088,1621845152128,40,4,176,8995.27665093815,-931,92
1621845152468,1621845152518,50,4,187,7671.75085490297,-5166,216
1621845152638,1621845152658,20,2,301,17629.8555812934,-1,292
1621845152738,1621845152748,10,-1,67,-1.0,-1,-1
1621845152768,1621845152777,9,-1,48,2868.59001675604,-1,-1
1621845152857,1621845152957,100,3,212,12228.7625578427,-656,220
1621845153037,1621845153047,10,-1,52,-1.0,-1,-1
1621845153087,1621845153097,10,-1,45,3010.19450444168,-1,-1
1621845153157,1621845153177,20,0,88,-1.0,-5621,71
1621845153297,1621845153367,70,8,248,15338.762635264,-11349,188
1621845153377,1621845153497,120,7,132,4954.12210118487,-4119,3
1621845153507,1621845153587,80,13,373,18227.122735812,-18700,2
1621845153597,1621845153627,30,1,48,1648.37453854442,-529,111
1621845153857,1621845154157,300,27,524,21020.5109146476,-19901,184
1621845154187,1621845154247,60,3,65,3179.23639188186,-1278,259
1621845154686,1621845154716,30,2,109,5212.1121337938,-3989,196
1621845155106,1621845155156,50,7,223,11666.092708317,-8734,352
1621845156045,1621845156285,239,28,1865,136607.838822011,-93308,183
1621845156445,1621845156455,10,-1,158,15218.5539675123,-1,-1
1621845156635,1621845156725,90,24,530,27820.2955522496,-15132,44
1621845156825,1621845156835,10,-1,53,2393.87727706442,-1,-1
1621845156855,1621845156875,20,0,38,1106.17242028692,-783,194
1621845156915,1621845156955,40,1,43,1352.19132406871,-1254,218
1621845156965,1621845156975,10,-1,34,947.824695855337,-1,-1
1621845156985,1621845157035,50,7,220,14548.7586445784,-9803,311
1621845157335,1621845157365,30,1,54,2309.39266463922,-769,257
1621845157395,1621845157425,30,3,153,8445.09835636562,-4839,99
1621845157445,1621845157465,20,0,44,1462.26557709906,-555,104
1621845157475,1621845157535,60,3,74,2922.14338209818,-2007,249
1621845157575,1621845157665,90,3,101,3896.4153932544,-4178,105
1621845157684,1621845157694,9,-1,44,2304.90897309647,-1,-1
1621845157704,1621845157724,20,0,35,1406.16669194542,-306,53
1621845157764,1621845157814,50,2,103,4535.82663600424,-1607,21
1621845157874,1621845158014,140,18,642,23370.8764679384,-17913,174
1621845158024,1621845158094,70,6,168,5588.82699547855,-737,2
1621845158154,1621845158544,390,6,397,20543.4930892992,-15718,167
1621845158564,1621845158634,70,7,220,8763.48290830196,-10637,11
1621845158684,1621845158704,20,0,43,962.487142056752,-1,39
1621845158794,1621845158814,20,0,114,7223.39166890761,-1,3
1621845159044,1621845159094,50,2,109,6339.98816283582,-6468,162
1621845159194,1621845159214,20,0,36,1574.90102869094,-255,77
1621845159294,1621845159304,10,-1,31,509.907950922752,-1,-1
1621845159363,1621845159373,10,-1,31,772.735902477762,-1,-1
1621845159393,1621845159413,20,0,33,763.550038516048,-199,45
1621845159423,1621845159503,80,3,68,2402.31267700152,-1562,76
1621845159523,1621845159553,30,0,36,795.111759017979,-491,74
1621845159603,1621845159623,20,0,33,1555.40465130655,-1,140
1621845160243,1621845160253,10,-1,33,1274.69938188882,-1,-1
1621845160263,1621845160293,30,1,57,1850.89217396188,-2196,259
1621845160673,1621845160703,30,1,73,3207.01761190765,-2409,39
1621845161172,1621845161182,10,-1,30,459.783754716958,-1,-1
1621845162012,1621845162032,20,0,49,2614.34974482453,-1793,275
1621845162442,1621845162492,50,4,173,8184.30194267428,-5973,303
1621845162522,1621845162552,30,0,48,1309.81239885504,-1,83
1621845162562,1621845162572,10,-1,47,1816.16347315527,-1,-1
1621845162631,1621845162661,30,3,158,8190.46081007163,-5318,114
1621845162801,1621845162821,20,0,46,2071.62569194559,-1361,174
1621845162911,1621845162961,50,5,180,10144.5360017521,-7192,285
1621845163051,1621845163141,90,3,51,1459.51639208706,-1627,98
1621845163181,1621845163241,60,1,38,674.210966296959,-644,108
1621845163271,1621845163291,20,0,56,2157.9162042707,-1,126
1621845163351,1621845163441,90,3,183,11897.8676783786,-7439,62
1621845163451,1621845163481,30,0,43,2259.46079951499,-767,187
1621845163591,1621845163641,50,3,81,4721.69347098399,-4149,85
1621845163721,1621845163731,10,-1,30,271.351032196771,-1,-1
1621845163941,1621845163991,50,4,170,8934.85545815217,-9578,69
1621845164111,1621845164121,10,-1,38,1894.00851822985,-1,-1
1621845164520,1621845164560,40,3,150,8910.41360122115,-6182,300
1621845164900,1621845164910,10,-1,34,-1.0,-1,-1
1621845164980,1621845165020,40,5,209,8915.62514548433,-10630,42
1621845165230,1621845165240,10,-1,33,1801.79748240253,-1,-1
1621845165300,1621845165330,30,1,55,2394.39096162237,-1919,146
1621845165550,1621845165590,40,2,105,6579.3391954174,-7004,45
1621845165879,1621845165919,40,3,123,6956.55006467918,-8925,322
1621845166249,1621845166289,40,1,83,4027.86232194499,-4232,253
1621845166319,1621845166329,10,-1,60,3375.1537542182,-1,-1
1621845166609,1621845166649,40,1,61,3072.23044564103,-1,189
1621845166999,1621845167009,10,-1,54,2913.52495411202,-1,-1
1621845167169,1621845167179,10,-1,31,288.946338710426,-1,-1
1621845167359,1621845167389,30,4,256,-1.0,-12385,6
1621845167499,1621845167548,49,5,220,6997.72320730008,-1,111
1621845167668,1621845167718,50,2,113,1580.54744012139,-4298,228
1621845167748,1621845167768,20,0,42,2030.35060216755,-1,253
1621845168148,1621845168178,30,4,212,10802.384300944,-9141,106
1621845168198,1621845168218,20,0,38,2259.21555882741,-1,116
1621845168648,1621845168678,30,2,141,7903.58029406451,-3654,342
1621845169247,1621845169257,10,-1,31,2655.98548807012,-1,-1
1621845169727,1621845169777,50,4,162,7215.78652152985,-7820,172
1621845170167,1621845170197,30,3,164,-1.0,-6375,17
1621845170247,1621845170257,10,-1,41,1933.95270746338,-1,-1
1621845170347,1621845170357,10,-1,42,4075.92866726617,-1,-1
1621845170417,1621845170457,40,3,163,6166.72255960249,-6271,102
1621845170517,1621845170527,10,-1,32,1215.17011976001,-1,-1
1621845170776,1621845170786,9,-1,49,3142.80537425589,-1,-1
1621845170886,1621845170906,20,0,84,-1.0,-4768,239
1621845171186,1621845171236,50,4,164,9109.08236238498,-6585,11
1621845171386,1621845171406,20,0,39,2699.44952020314,-1,322
1621845171416,1621845171526,110,5,145,8402.54293292897,-4176,254
1621845171636,1621845171986,350,10,298,20673.827880695,-14240,102
1621845172016,1621845172046,30,0,124,8277.81969551928,-1,222
1621845172106,1621845172116,10,-1,34,-1.0,-1,-1
1621845172136,1621845172156,20,0,35,891.044662350834,-292,230
1621845172186,1621845172236,50,19,1756,111606.326106742,-1,332
1621845172296,1621845172336,40,4,113,614.263031805253,-1683,319
1621845173185,1621845173295,110,26,802,26031.5224301249,-37275,114
1621845173365,1621845173445,80,6,293,11522.3649284244,-1331,2
1621845173505,1621845173525,20,0,42,1087.03819481961,-1,349
1621845173565,1621845173575,10,-1,49,2375.13881017164,-1,-1
1621845173695,1621845173725,30,4,242,11822.1881095388,-12434,69
1621845173745,1621845173765,20,0,71,3310.07238357316,-1,277
1621845173885,1621845174074,189,16,475,12905.0033680137,-16363,198
1621845174124,1621845174134,10,-1,30,329.616603162573,-1,-1
1621845174164,1621845174224,60,8,239,11034.9490472481,-10238,295
1621845174234,1621845174274,40,2,85,3073.85184715459,-2672,64
1621845174354,1621845174374,20,0,37,686.698294211309,-1,74
1621845174414,1621845174464,50,7,258,11524.5211574208,-13016,27
1621845174514,1621845174524,10,-1,38,1499.96617511609,-1,-1
1621845174674,1621845174794,120,31,455,18255.0217411666,-11360,354
1621845175004,1621845175194,190,23,483,30345.9885759765,-24345,186
1621845175204,1621845175344,140,2,356,19684.8653277885,-20677,218
1621845175404,1621845175664,260,10,384,15148.9463315855,-22535,120
1621845175674,1621845175684,10,-1,34,1733.59023641997,-1,-1
1621845175693,1621845175773,79,4,121,4600.06801235308,-4362,117
1621845175793,1621845175833,40,4,188,8117.93924147757,-7609,184
1621845175883,1621845175893,10,-1,72,4410.62628466511,-1,-1
1621845176063,1621845176073,10,-1,34,1718.07897598667,-1,-1
1621845176083,1621845176133,50,5,188,9468.72075661279,-8874,244
1621845176283,1621845176413,130,1,91,5779.85373721892,-2824,6
1621845176443,1621845176463,20,0,33,1012.17549928561,-161,345
1621845176483,1621845176593,110,1,259,14045.6697296351,-5746,9
1621845176663,1621845176683,20,0,187,-1.0,-14944,120
1621845176693,1621845176863,170,11,118,3323.55341925092,-5488,348
1621845176923,1621845176993,70,3,85,1877.04451968232,-1592,349
1621845177063,1621845177073,10,-1,31,415.194837582672,-1,-1
1621845177173,1621845177203,30,1,79,4496.43496868323,-492,56
1621845177233,1621845177273,40,1,76,4541.50327541197,-2528,258
1621845177622,1621845177642,20,0,40,2043.26361343682,-26,84
1621845177672,1621845177682,10,-1,31,215.45259358872,-1,-1
1621845177692,1621845177742,50,1,39,796.215265304209,-494,142
1621845177772,1621845177782,10,-1,35,1710.20319216485,-1,-1
1621845177942,1621845177952,10,-1,79,5598.79973950203,-1,-1
1621845177962,1621845177972,10,-1,92,6395.21217491392,-1,-1
1621845178042,1621845178052,10,-1,41,2251.37932340987,-1,-1
1621845178062,1621845178082,20,0,33,917.079678530671,-1,333
1621845178172,1621845178202,30,1,56,2223.87885645472,-1977,257
1621845178232,1621845178312,80,1,195,9201.04922519025,-10374,160
1621845178322,1621845178382,60,1,95,4211.30863796857,-3376,106
1621845178462,1621845178472,10,-1,47,2434.34403670276,-1,-1
1621845178502,1621845178512,10,-1,33,1984.75584111886,-1,-1
1621845178602,1621845178632,30,1,70,3574.83430354896,-3272,147
1621845178652,1621845178662,10,-1,37,2644.35175733092,-1,-1
1621845179031,1621845179051,20,0,49,2956.73555748027,-634,146
1621845179061,1621845179081,20,1,138,7181.92559599785,-1,276
1621845179231,1621845179281,50,6,222,12693.3351775313,-7846,1
1621845179291,1621845179301,10,-1,35,1008.3132691758,-1,-1
1621845179471,1621845179481,10,-1,33,1815.86716758152,-1,-1
1621845179501,1621845179541,40,1,43,1255.14764702499,-1,207
1621845179581,1621845179701,120,5,103,2718.60009410757,-5717,195
1621845179851,1621845179871,20,1,133,-1.0,-6945,206
1621845180101,1621845180141,40,3,135,8920.47224674046,-6583,336
1621845180151,1621845180161,10,-1,45,2870.82434993367,-1,-1
1621845180221,1621845180271,50,2,60,1648.52509948406,-1873,77
1621845180281,1621845180361,80,1,109,7744.58172041972,-6676,113
1621845180541,1621845180640,99,5,517,4509.30726909726,-28859,257
1621845180670,1621845180700,30,0,37,925.351862169893,-407,66
1621845180720,1621845180760,40,1,64,1683.94277790792,-1,58
1621845180820,1621845180860,40,6,240,10791.1650033113,-13911,317
1621845180890,1621845180900,10,-1,31,1148.10685456359,-1,-1
1621845181020,1621845181080,60,2,62,1261.83067443582,-1644,89
1621845181120,1621845181170,50,3,247,12320.6544579819,-322,112
1621845181250,1621845181340,90,24,1819,40967.8928126973,-111306,258
1621845181450,1621845181460,10,-1,85,5797.12342713824,-1,-1
1621845181520,1621845181540,20,1,183,-1.0,-7343,350
1621845181820,1621845181860,40,4,186,10258.2328184067,-11263,74
1621845182090,1621845182100,10,-1,36,1703.14606262154,-1,-1
1621845182459,1621845182499,40,1,112,3861.86079061187,-40,90
1621845182599,1621845182629,30,4,294,8801.12158141166,-6855,252
1621845182689,1621845182699,10,-1,51,-1.0,-1,-1
1621845182949,1621845182969,20,0,93,-1.0,-5137,0
1621845183109,1621845183129,20,0,35,2472.21800671536,-302,55
1621845183509,1621845183519,10,-1,38,2724.18130144754,-1,-1
1621845184218,1621845184258,40,1,59,2374.82523290654,-2692,223
1621845184358,1621845184398,40,2,302,-1.0,-19710,283
1621845184618,1621845184648,30,3,182,13404.3619556001,-2363,30
1621845184988,1621845185018,30,2,91,4870.90221799421,-3126,124
1621845185488,1621845185507,19,0,47,3746.95629086983,-613,58
1621845186107,1621845186187,80,13,402,20455.2554039739,-11468,187
1621845186277,1621845186357,80,17,536,3487.34003807075,-31585,274
1621845186377,1621845186427,50,1,94,4792.57554187469,-6149,95
1621845186727,1621845186737,10,-1,44,1474.10753618042,-1,-1
1621845186747,1621845186757,10,-1,88,6227.23652066055,-1,-1
1621845186907,1621845186937,30,1,62,-1.0,-2123,246
1621845187466,1621845187476,10,-1,141,-1.0,-1,-1
1621845187896,1621845187906,10,-1,84,-1.0,-1,-1
1621845188156,1621845188336,180,14,513,17634.9387230829,-18522,112
1621845188456,1621845188516,60,0,327,26680.4883195399,-21779,195
1621845188526,1621845188606,80,4,185,13101.9542452263,-11707,233
1621845188746,1621845188775,29,3,145,9869.98161388351,-4912,41
1621845188795,1621845188805,10,-1,122,9775.42459208584,-1,-1
1621845188865,1621845188895,30,2,87,1366.86825564044,-304,243
1621845188915,1621845188955,40,1,169,14563.5843668727,-10879,234
1621845188985,1621845189025,40,3,148,9068.37535396244,-8336,42
1621845189035,1621845189085,50,15,577,23855.38843079,-1,347
1621845189195,1621845189305,110,18,610,15026.6808023722,-32585,343
1621845189315,1621845189345,30,2,96,4352.39738612875,-1046,191
1621845189355,1621845189365,10,-1,34,1366.39857234179,-1,-1
1621845189435,1621845189445,10,-1,41,1305.40666057275,-1,-1
1621845189465,1621845189475,10,-1,71,5502.13067646518,-1,-1
1621845189485,1621845189495,10,-1,91,8397.67060516914,-1,-1
1621845189555,1621845189615,60,2,71,405.569683811454,-2579,161
1621845189665,1621845189715,50,6,195,8196.59610777919,-8678,262
1621845190404,1621845190454,50,0,1181,103368.63509524,-41409,10
1621845195212,1621845195232,20,0,33,2575.23979037518,-18,298
1621845195242,1621845195252,10,-1,57,3004.62889832602,-1,-1
1621845195991,1621845196081,90,20,361,7795.82164943494,-9599,83
1621845196091,1621845196161,70,10,207,8069.63979410455,-8377,109
1621845196181,1621845196271,90,3,121,5094.8568338551,-4885,133
1621845196281,1621845196291,10,-1,59,3579.98390829381,-1,-1
1621845196371,1621845196461,90,7,121,2956.38212313851,-4779,260
1621845196481,1621845196521,40,1,39,793.347859608488,-582,259
1621845197390,1621845197420,30,1,117,11163.3286103087,-3131,311
1621845198649,1621845198659,10,-1,30,-1.0,-1,-1
1621845198989,1621845198999,10,-1,49,-1.0,-1,-1
1621845199339,1621845199349,10,-1,277,27186.6876412334,-1,-1
1621845200069,1621845200089,20,0,54,2508.93521759653,-33,281
1621845200099,1621845200109,10,-1,36,952.405700013425,-1,-1
1621845200119,1621845200139,20,0,44,1338.66020019001,-1,57
1621845200608,1621845200618,10,-1,35,2289.44665293188,-1,-1
1621845200638,1621845200678,40,12,729,33734.3573404441,-69271,270
1621845200688,1621845200728,40,19,610,31121.4487744399,-1246,170
1621845202007,1621845202077,70,25,575,-1.0,-13422,331
1621845202867,1621845202907,40,4,224,-1.0,-9190,171
1621845203197,1621845203287,90,20,510,24792.4209635555,-15010,348
1621845203297,1621845203337,40,1,45,1169.89264115844,-800,248
1621845203606,1621845203636,30,2,115,6356.27203535208,-3922,194
1621845204176,1621845204206,30,1,62,4302.50185488224,-2590,67
1621845204216,1621845204286,70,14,359,18572.7368350252,-12036,175
1621845204336,1621845204346,10,-1,31,2355.54179656445,-1,-1
1621845204506,1621845204606,100,23,354,14489.1698209383,-14401,174
1621845204616,1621845204636,20,0,60,3200.26086896278,-1535,31
1621845204646,1621845204686,40,1,65,1846.71264451315,-3348,332
1621845204756,1621845204766,10,-1,57,2905.00957320171,-1,-1
1621845204806,1621845204826,20,0,39,2972.98260019343,-1,327
1621845204836,1621845204846,10,-1,34,2363.90687082551,-1,-1
1621845204856,1621845204956,100,36,763,38875.390304058,-40200,355
1621845204966,1621845204976,10,-1,40,2323.13420516322,-1,-1
1621845205006,1621845205026,20,0,86,4878.22459353639,-1,225
1621845205086,1621845205096,10,-1,45,-1.0,-1,-1
1621845205145,1621845205205,60,10,500,27867.5711785095,-20258,339
1621845205405,1621845205415,10,-1,182,-1.0,-1,-1
1621845205445,1621845205455,10,-1,35,1657.176553644,-1,-1
1621845205835,1621845205885,50,1,268,12194.3111222156,-1,149
1621845206385,1621845206535,150,6,620,44900.4690418472,-48421,141
1621845206545,1621845206615,70,8,125,6938.84260512702,-2013,256
1621845206625,1621845206635,10,-1,59,3743.3251135756,-1,-1
1621845207234,1621845207254,20,2,231,17422.180175685,-1,31
1621845207334,1621845207594,260,10,617,46720.3198622225,-32451,210
1621845207704,1621845207754,50,10,439,1245.79492024916,-19637,9
1621845207764,1621845207814,50,2,68,2142.06383365675,-2172,165
1621845207884,1621845207904,20,0,46,-1.0,-18,160
1621845207924,1621845207944,20,0,86,4343.70907816298,-1,187
1621845208094,1621845208144,50,2,103,2963.95066940503,-6597,290
1621845208583,1621845208643,60,14,380,8054.08355465014,-13467,21
1621845208673,1621845208743,70,2,46,1210.26757408149,-589,218
1621845208753,1621845208773,20,0,38,837.89711283236,-1,212
1621845208783,1621845208823,40,1,80,3745.73032526056,-4685,214
1621845209023,1621845209093,70,10,847,12658.147956977,-67544,121
1621845209173,1621845209183,10,-1,53,-1.0,-1,-1
1621845209193,1621845209213,20,1,102,7746.34251431892,-716,119
1621845209223,1621845209263,40,1,98,2974.13840017238,-1,249
1621845209363,1621845209423,60,2,56,1726.0786548117,-1287,241
1621845209463,1621845209483,20,0,36,729.779835442521,-383,219
1621845209513,1621845209523,10,-1,30,792.555438075185,-1,-1
1621845209883,1621845209893,10,-1,37,2380.32768197704,-1,-1
1621845209913,1621845209943,30,1,55,2430.51121203667,-1311,62
1621845210222,1621845210302,80,2,44,1892.25178943576,-1191,283
1621845210312,1621845210362,50,2,89,4294.35083851726,-2718,263
1621845210402,1621845210412,10,-1,43,1636.24634921039,-1,-1
1621845210452,1621845210462,10,-1,39,1658.99156076465,-1,-1
1621845210952,1621845210972,20,0,36,1122.63968116855,-4,246
1621845211212,1621845211232,20,0,42,3651.51155347492,-396,250
1621845211292,1621845211312,20,0,51,2803.12616451165,-1,65
1621845211472,1621845211492,20,0,30,441.398263445089,-30,8
1621845211502,1621845211542,40,1,61,2617.26915341656,-1938,15
1621845211562,1621845211711,149,6,113,4541.2706331317,-1675,330
1621845211771,1621845211781,10,-1,51,-1.0,-1,-1
1621845211801,1621845211911,110,6,98,3066.59215917463,-3799,332
1621845211941,1621845211981,40,3,114,6334.55524462147,-3534,331
1621845212041,1621845212051,10,-1,44,-1.0,-1,-1
1621845212071,1621845212081,10,-1,33,1811.77496225512,-1,-1
1621845212101,1621845212141,40,0,97,7002.92228532154,-4116,321
1621845212281,1621845212711,430,25,186,13298.4738300089,-10750,128
1621845212831,1621845212841,10,-1,75,-1.0,-1,-1
1621845212941,1621845212961,20,1,256,-1.0,-16482,233
1621845212991,1621845213141,150,32,434,16382.2587308307,-18095,97
1621845213151,1621845213161,10,-1,36,1047.83341050417,-1,-1
1621845213171,1621845213420,249,14,114,3358.90263985173,-3586,270
1621845213470,1621845213480,10,-1,30,266.898469213295,-1,-1
1621845213500,1621845213510,10,-1,52,3100.39168706431,-1,-1
1621845213850,1621845213860,10,-1,50,-1.0,-1,-1
1621845213890,1621845214090,200,13,119,5637.20204472235,-3834,86
1621845214110,1621845214160,50,5,354,22056.28798183,-1,265
1621845214280,1621845214290,10,-1,736,-1.0,-1,-1
1621845214310,1621845214320,10,-1,70,4733.2386997231,-1,-1
1621845214400,1621845214410,10,-1,83,-1.0,-1,-1
1621845214710,1621845214750,40,3,131,7129.37060516696,-5871,3
1621845214989,1621845214999,10,-1,38,3275.70316239266,-1,-1
1621845215139,1621845215149,10,-1,76,-1.0,-1,-1
1621845215249,1621845215269,20,0,51,3644.15505964918,-1590,77
1621845215309,1621845215319,10,-1,40,2741.88262112141,-1,-1
1621845215469,1621845215559,90,10,325,19488.5107993027,-12503,269
1621845215689,1621845215749,60,8,308,19582.8836288664,-14184,346
1621845215849,1621845215859,10,-1,43,-1.0,-1,-1
1621845216149,1621845216169,20,0,40,2927.04177272507,-1,71
1621845216229,1621845216279,50,11,344,10969.8998850206,-16330,183
1621845216319,1621845216339,20,0,37,1724.38456528999,-698,309
1621845216349,1621845216419,70,2,1714,158252.057913274,-1591,23
1621845216758,1621845216838,80,2,189,6585.42659761665,-15374,295
1621845217308,1621845217358,50,9,287,18867.3433447213,-7575,167
1621845217518,1621845217578,60,6,385,30060.7399734845,-4871,268
1621845217638,1621845217648,10,-1,98,-1.0,-1,-1
1621845217668,1621845217678,10,-1,34,1794.64440955647,-1,-1
1621845217838,1621845217858,20,0,100,6786.78760281199,-1,30
1621845217918,1621845217938,20,1,242,-1.0,-14339,62
1621845217948,1621845217958,10,-1,32,491.656275683279,-1,-1
1621845217978,1621845217988,10,-1,34,889.86703358962,-1,-1
1621845218058,1621845218098,40,17,1672,85579.928317606,-1,52
1621845218287,1621845218347,60,8,445,4622.64773242923,-19693,93
1621845218377,1621845218667,290,24,378,36033.108433666,-12934,275
1621845218677,1621845218747,70,4,101,4697.16179465804,-1809,262
1621845218767,1621845218827,60,3,87,6509.9052330684,-2746,251
1621845219137,1621845219147,10,-1,32,972.324303029407,-1,-1
1621845219177,1621845219397,220,11,175,8335.22874411864,-1496,89
1621845219457,1621845219657,200,12,106,3382.307743212,-3129,81
1621845219737,1621845219816,79,3,338,16083.0886754255,-4825,180
1621845220016,1621845220036,20,3,420,-1.0,-26429,273
1621845220046,1621845220086,40,1,41,2365.93030543882,-940,90
1621845220306,1621845220336,30,3,157,10232.3561521193,-1,106
1621845220706,1621845220796,90,5,121,7538.53905657054,-4236,268
1621845221046,1621845221126,80,2,43,1106.57509274127,-808,8
1621845221266,1621845221286,20,0,65,-1.0,-3403,63
1621845221306,1621845221386,80,5,146,10641.564066564,-6276,177
1621845221575,1621845221595,20,0,61,3046.72639175685,-1,233
1621845221675,1621845221745,70,13,348,18059.3532757692,-8717,295
1621845222005,1621845222025,20,2,279,20129.0758179451,-1,177
1621845222105,1621845222165,60,1,212,1751.26321477575,-9846,180
1621845222315,1621845222325,10,-1,43,1888.84137390749,-1,-1
1621845222555,1621845222615,60,18,445,4506.64119690527,-15642,356
1621845222715,1621845222765,50,1,48,957.993937762706,-1117,217
1621845222785,1621845222795,10,-1,57,3330.19884706065,-1,-1
1621845223324,1621845223344,20,2,263,-1.0,-212,68
1621845223404,1621845223484,80,6,206,13771.8276966926,-8077,265
1621845223604,1621845223624,20,0,67,2940.68521630601,-1,63
1621845224124,1621845224154,30,2,106,6836.95704938116,-6338,84
1621845224394,1621845224404,10,-1,42,2474.06620174077,-1,-1
1621845225403,1621845225413,10,-1,38,2198.81397414895,-1,-1
1621845225633,1621845225663,30,1,51,1807.80602110934,-1548,267
1621845226013,1621845226053,40,1,667,55970.1416958033,-1276,149
1621845226722,1621845226742,20,0,45,3201.36172293609,-1,97
1621845226762,1621845226822,60,9,359,21797.492805248,-12271,62
1621845226992,1621845227042,50,7,227,12590.9010514921,-9498,158
1621845227422,1621845227482,60,13,316,6848.95001742757,-10204,307
1621845227522,1621845227552,30,1,64,3265.42358608305,-2517,102
1621845227602,1621845227692,90,11,392,23148.5491041186,-24797,358
1621845227702,1621845227712,10,-1,34,1446.98967833356,-1,-1
1621845227962,1621845228011,49,2,85,5110.59614216536,-3447,214
1621845228271,1621845228291,20,0,39,2991.238006654,-1,81
1621845229191,1621845229231,40,8,459,13760.510012617,-1,126
1621845229361,1621845229411,50,17,791,50235.9637563061,-63573,105
1621845229471,1621845229491,20,0,54,-1.0,-1821,319
1621845229511,1621845229521,10,-1,30,475.525686801237,-1,-1
1621845229531,1621845229561,30,1,60,1946.9800081997,-1511,272
1621845229581,1621845229660,79,4,80,1911.94367889636,-910,247
1621845229730,1621845229880,150,8,75,1906.58184675288,-1929,199
1621845229900,1621845229920,20,0,60,3229.70907521744,-1525,175
1621845229930,1621845229940,10,-1,84,6611.61008874894,-1,-1
1621845230000,1621845230140,140,8,79,1125.92700730119,-1293,23
1621845230210,1621845230230,20,0,62,3072.57195375368,-1,149
1621845230300,1621845230320,20,0,57,4255.81920760686,-699,64
1621845230340,1621845230370,30,0,48,1568.65148899389,-1,211
1621845230380,1621845230400,20,1,76,3953.30932285054,-1,75
1621845230410,1621845230430,20,0,32,1247.64774222122,-1,225
1621845230580,1621845230600,20,1,81,5982.83397562287,-1,46
1621845231040,1621845231060,20,0,62,-1.0,-1226,47
1621845231120,1621845231130,10,-1,31,865.069334595606,-1,-1
1621845231190,1621845231220,30,0,45,867.040558428582,-258,244
1621845231329,1621845231379,50,2,70,2783.83427292,-2455,263
1621845231399,1621845231439,40,1,47,1583.86926031062,-1309,244
1621845231509,1621845231529,20,0,90,5117.94504501911,-1,274
1621845231589,1621845231659,70,4,132,4149.26892612473,-259,260
1621845231719,1621845231769,50,1,47,1211.32790540517,-1146,250
1621845231789,1621845231809,20,0,80,3356.92476318663,-1,296
1621845232499,1621845232519,20,0,53,3369.53475509097,-1841,50
1621845232809,1621845232839,30,3,266,12346.8421541446,-1,87
1621845232958,1621845233018,60,5,214,-1.0,-9953,266
1621845233638,1621845233658,20,0,43,3116.35711632047,-225,71
1621845233698,1621845233718,20,0,38,2918.01166140066,-292,73
1621845233778,1621845233788,10,-1,64,5188.91388983162,-1,-1
1621845233868,1621845233878,10,-1,36,-1.0,-1,-1
1621845233958,1621845233968,10,-1,38,1521.10070064201,-1,-1
1621845234038,1621845234058,20,0,41,2154.65516261922,-1094,139
1621845234138,1621845234158,20,0,101,5535.38351681093,-1,90
1621845234218,1621845234278,60,2,208,10362.8896801919,-1070,122
1621845234458,1621845234497,39,4,172,-1.0,-3783,294
1621845234507,1621845234577,69,3,84,4325.74388251202,-1821,76
1621845234637,1621845234697,60,12,376,16132.9110474696,-14173,335
1621845234837,1621845234857,20,0,82,4386.18103338177,-1,107
1621845234927,1621845234987,60,3,144,5014.58854869603,-1515,97
1621845235117,1621845235157,40,3,152,2836.38484995612,-1,249
1621845235217,1621845235227,10,-1,42,-1.0,-1,-1
1621845235367,1621845235377,10,-1,30,-1.0,-1,-1
1621845235497,1621845235527,30,1,168,10645.7300522368,-1,56
1621845236077,1621845236127,50,5,301,10884.2081442038,-1709,265
1621845236186,1621845236196,10,-1,51,-1.0,-1,-1
1621845236376,1621845236396,20,0,39,2678.45788048048,-1,57
1621845236596,1621845236636,40,5,251,11303.761208479,-9910,129
1621845236666,1621845236676,10,-1,30,1770.60336160147,-1,-1
1621845237106,1621845237126,20,0,71,4090.7049452034,-1,264
1621845237196,1621845237216,20,0,44,1689.35831010454,-1350,249
1621845237246,1621845237256,10,-1,39,1220.26923500524,-1,-1
1621845237316,1621845237326,10,-1,31,-1.0,-1,-1
1621845237386,1621845237396,10,-1,34,1722.6957633437,-1,-1
1621845237456,1621845237496,40,1,36,27.3071225557921,-245,280
1621845237716,1621845237726,10,-1,170,-1.0,-1,-1
1621845237736,1621845237795,59,4,170,14929.3747143513,-5352,266
1621845237865,1621845237875,10,-1,41,-1.0,-1,-1
1621845238085,1621845238155,70,9,204,4799.25676835948,-9370,169
1621845238375,1621845238395,20,1,250,16426.7746693145,-1,330
1621845238455,1621845238465,10,-1,55,-1.0,-1,-1
1621845238515,1621845238535,20,1,69,4764.01747497772,-1214,69
1621845238605,1621845238625,20,0,54,3237.89805739897,-1,97
1621845238665,1621845238675,10,-1,37,1082.86339465643,-1,-1
1621845238735,1621845238755,20,0,67,-1.0,-1435,115
1621845238935,1621845238975,40,1,162,3.65930395116294,-9296,253
1621845239015,1621845239025,10,-1,39,1044.36265879882,-1,-1
1621845239075,1621845239095,20,0,63,2624.23259235053,-1,94
1621845239175,1621845239265,90,6,161,8667.83993309647,-6158,6
1621845239504,1621845239574,70,7,155,5152.61581430465,-4683,109
1621845239634,1621845239654,20,0,43,1852.85195028118,-562,108
1621845239664,1621845239674,10,-1,35,671.35856724312,-1,-1
1621845239874,1621845239894,20,1,266,16908.13353849,-1,79
1621845240124,1621845240144,20,0,166,-1.0,-13528,352
1621845240294,1621845240314,20,1,163,10955.4640564033,-1,349
1621845240374,1621845240484,110,5,79,2661.20440741269,-1950,273
1621845240604,1621845240624,20,0,80,4833.0578492395,-1,161
1621845240834,1621845240884,50,5,311,14678.454364052,-1,94
1621845241004,1621845241053,49,6,220,-1.0,-6561,248
1621845241273,1621845241323,50,12,384,21325.1321869886,-13155,338
1621845241683,1621845241713,30,3,152,8819.42263232301,-7785,117
1621845242593,1621845242623,30,6,335,-1.0,-8647,60
1621845242633,1621845242653,20,1,67,3918.57188093185,-378,296
1621845242663,1621845242692,29,2,122,8012.27746100278,-1,272
1621845242752,1621845242762,10,-1,33,-1.0,-1,-1
1621845242932,1621845242962,30,1,80,-1.0,-2944,119
1621845243032,1621845243062,30,1,55,2412.82230725202,-1,137
1621845243072,1621845243092,20,0,32,1942.34811985701,-1,297
1621845243102,1621845243142,40,4,148,7250.60698695592,-1,169
1621845243152,1621845243162,10,-1,56,5053.37172393684,-1,-1
1621845243422,1621845243472,50,3,125,4459.99507094069,-6260,341
1621845243552,1621845243582,30,0,48,1519.77967814951,-486,266
1621845243622,1621845243692,70,5,154,4909.60722904628,-49,342
1621845243752,1621845243762,10,-1,39,-1.0,-1,-1
1621845243792,1621845243842,50,2,76,2968.76387858642,-1293,100
1621845243932,1621845243982,50,7,257,15379.9267884565,-14391,211
1621845244461,1621845244481,20,1,323,-1.0,-23049,247
1621845244841,1621845244901,60,5,119,4494.22078666059,-7345,213
1621845245371,1621845245391,20,2,374,26067.7418065366,-1,358
1621845245451,1621845245471,20,0,329,-1.0,-29900,61
1621845245611,1621845245631,20,0,39,2198.49399702259,-951,232
1621845245641,1621845245651,10,-1,59,3018.96174999091,-1,-1
1621845246010,1621845246070,60,1,271,1592.60778279078,-14218,77
1621845246080,1621845246090,10,-1,47,4021.05279248898,-1,-1
1621845246210,1621845246220,10,-1,40,1205.93736998575,-1,-1
1621845246400,1621845246520,120,3,127,4294.02097418968,-4056,139
1621845246630,1621845246640,10,-1,30,1023.02994091388,-1,-1
1621845246650,1621845246660,10,-1,41,1166.38370024983,-1,-1
1621845246670,1621845246690,20,0,36,733.195453561121,-1,275
1621845246700,1621845246730,30,1,69,3816.2907296688,-2883,280
1621845246930,1621845246940,10,-1,42,2256.98737850303,-1,-1
1621845247020,1621845247090,70,5,234,12327.938378945,-9401,308
1621845247190,1621845247210,20,0,61,4865.88367066056,-361,130
1621845247350,1621845247380,30,1,61,2270.85611380327,-1,279
1621845247440,1621845247550,110,2,111,7841.38216230299,-3796,262
1621845247599,1621845247609,10,-1,52,2983.91794672086,-1,-1
1621845247619,1621845247659,40,5,222,7748.67596316089,-289,30
1621845247719,1621845247729,10,-1,103,-1.0,-1,-1
1621845247919,1621845247949,30,1,60,2042.68911188172,-1323,262
1621845247999,1621845248039,40,1,41,1494.87327488089,-664,272
1621845248049,1621845248059,10,-1,34,637.598051375467,-1,-1
1621845248079,1621845248209,130,10,186,11667.9334049929,-9016,195
1621845248299,1621845248339,40,4,167,10900.4069212507,-10934,69
1621845248719,1621845248749,30,1,96,5630.96949638438,-5118,131
1621845248889,1621845248909,20,0,33,-1.0,-288,78
1621845248919,1621845248929,10,-1,30,1806.06360394703,-1,-1
1621845248979,1621845249029,50,2,188,8880.39039639698,-2533,230
1621845249848,1621845249878,30,2,265,-1.0,-13728,33
1621845250128,1621845250138,10,-1,34,1953.94033440766,-1,-1
1621845250198,1621845250208,10,-1,207,-1.0,-1,-1
1621845250288,1621845250338,50,3,153,7848.06471741778,-8425,290
1621845250528,1621845250578,50,2,90,5049.88886396771,-613,168
1621845250638,1621845250648,10,-1,179,-1.0,-1,-1
1621845250957,1621845251017,60,6,288,10604.3015359424,-7739,186
1621845251067,1621845251177,110,0,628,33745.7423501743,-46466,215
1621845251337,1621845251407,70,1,353,31035.9367547198,-3229,216
1621845251467,1621845251527,60,4,150,939.241600825648,-5622,175
1621845251537,1621845251557,20,0,54,1924.99575293812,-1,143
1621845251907,1621845251927,20,2,420,-1.0,-29297,81
1621845251947,1621845252097,150,8,116,5214.26456580905,-4055,248
1621845252167,1621845252187,20,0,33,731.612044887336,-1,278
1621845252237,1621845252277,40,3,161,9909.84313521608,-10261,93
1621845252347,1621845252377,30,0,95,8483.18697466235,-6442,114
1621845252437,1621845252447,10,-1,38,-1.0,-1,-1
1621845252666,1621845252676,10,-1,32,1481.05406974204,-1,-1
1621845252926,1621845252946,20,3,398,26156.875259162,-1,212
1621845253146,1621845253366,220,13,393,6663.05000940572,-23653,21
1621845253396,1621845253726,330,13,404,16749.0651618506,-22738,320
1621845253736,1621845253756,20,0,73,5355.10291845672,-56,327
1621845253766,1621845253806,40,2,305,17394.0192357086,-1,211
1621845253946,1621845254135,189,18,300,4091.30623602031,-15454,3
1621845254235,1621845254255,20,0,38,1287.53564822959,-1,355
1621845254655,1621845254665,10,-1,35,1079.50672976147,-1,-1
1621845254685,1621845254705,20,1,70,4387.68353903878,-1,208
1621845254715,1621845254785,70,30,545,26400.9202668798,-11913,22
1621845254865,1621845254905,40,1,64,1887.1801168589,-1975,128
1621845255005,1621845255035,30,3,218,12092.8391499819,-1,258
1621845255115,1621845255175,60,1,469,29814.5702514304,-798,318
1621845256004,1621845256074,70,2,439,4626.96484973772,-32266,261
1621845256164,1621845256174,10,-1,35,1011.06923956495,-1,-1
1621845256204,1621845256264,60,13,397,19910.6609009605,-19821,214
1621845256384,1621845256574,190,7,406,18717.4132123592,-20934,160
1621845256634,1621845256694,60,9,388,27137.4987249683,-15197,222
1621845256814,1621845256834,20,0,150,5549.08595108307,-1,130
1621845256934,1621845256944,10,-1,263,-1.0,-1,-1
1621845256954,1621845257014,60,1,126,9741.33745163611,-6722,140
1621845257074,1621845257084,10,-1,57,-1.0,-1,-1
1621845257513,1621845257523,10,-1,38,1353.66352569469,-1,-1
1621845257533,1621845257583,50,19,471,20542.023442793,-1,355
1621845257683,1621845257893,210,6,897,45519.090181215,-53709,170
1621845257953,1621845257963,10,-1,59,-1.0,-1,-1
1621845258023,1621845258043,20,4,491,28687.4970253048,-1,210
1621845258113,1621845258133,20,0,92,7475.60316839333,-5676,215
1621845258143,1621845258153,10,-1,33,1084.49146982377,-1,-1
1621845258493,1621845258543,50,9,223,13437.0938447338,-9598,166
1621845258733,1621845258743,10,-1,32,722.90366353275,-1,-1
1621845259182,1621845259202,20,3,382,14293.9810070912,-1,25
1621845259522,1621845259562,40,7,751,43820.9466705908,-1,59
1621845259622,1621845259692,70,6,404,26509.9862767411,-12990,64
1621845259702,1621845259742,40,2,87,3061.65526333527,-55,121
1621845259752,1621845259822,70,3,128,10120.0965856608,-5842,271
1621845259842,1621845259862,20,1,167,10078.48935986,-1,235
1621845259922,1621845259932,10,-1,38,-1.0,-1,-1
1621845259962,1621845260002,40,1,66,3514.63431241945,-1028,231
1621845260012,1621845260042,30,3,149,9867.83146002584,-9011,77
1621845260072,1621845260152,80,0,206,16389.3513776081,-14181,104
1621845260162,1621845260192,30,1,45,1341.41062821156,-27,97
1621845260202,1621845260711,509,44,568,33938.0942779229,-14163,266
1621845261061,1621845261261,200,18,140,7288.39946667638,-7220,97
1621845261351,1621845261361,10,-1,48,2822.93525579337,-1,-1
1621845261371,1621845261421,50,1,61,1829.17481276106,-1625,321
1621845261431,1621845261441,10,-1,103,8672.27988641577,-1,-1
1621845261521,1621845261531,10,-1,38,-1.0,-1,-1
1621845261631,1621845261651,20,0,38,987.694026129062,-517,263
1621845261661,1621845261691,30,1,111,5430.08376281137,-1,259
1621845261751,1621845261921,170,14,134,5823.59860804516,-6620,261
1621845262171,1621845262181,10,-1,38,2233.57300126085,-1,-1
1621845262191,1621845262241,50,2,112,6300.69785530624,-4523,4
1621845262470,1621845262510,40,6,214,11535.1716343912,-2524,112
1621845262570,1621845262770,200,11,120,3724.55080926059,-2018,90
1621845262850,1621845262870,20,0,62,-1.0,-1376,90
1621845263030,1621845263060,30,1,113,4397.90759982635,-1,270
1621845263120,1621845263180,60,2,87,1971.12321057417,-2410,307
1621845263240,1621845263360,120,6,143,7369.14940120416,-6058,265
1621845263420,1621845263450,30,1,69,-1.0,-3452,235
1621845263460,1621845263660,200,12,108,4485.76551565661,-2642,238
1621845263680,1621845263700,20,0,41,629.454527366175,-1,292
1621845263989,1621845264019,30,1,62,50.444161040835,-1855,62
1621845264249,1621845264289,40,2,98,2918.0921182375,-4660,87
1621845264299,1621845264339,40,2,73,1878.68718277657,-2259,83
1621845264359,1621845264409,50,3,91,3270.99097768068,-3658,103
1621845264439,1621845264479,40,1,74,2098.15602805911,-1,126
1621845264539,1621845264789,250,12,83,2684.4224576321,-2370,76
1621845264849,1621845264879,30,1,80,-1.0,-447,88
1621845264939,1621845264949,10,-1,47,-1.0,-1,-1
1621845265009,1621845265039,30,1,95,5277.3366966927,-1,16
1621845265249,1621845265259,10,-1,32,1696.48790389841,-1,-1
1621845265279,1621845265309,30,1,76,2295.67422722514,-1,244
1621845265389,1621845265459,70,5,116,2469.26219386543,-1,263
1621845265519,1621845265588,69,3,105,1953.00633399248,-5916,226
1621845265968,1621845265998,30,1,65,3458.05577944984,-1246,115
1621845266188,1621845266208,20,0,31,1085.83416899316,-90,188
1621845266238,1621845266278,40,1,117,5786.85718287641,-683,190
1621845266338,1621845266378,40,1,55,1520.66948133076,-1793,183
1621845266408,1621845266438,30,3,158,7076.56630281845,-6989,276
1621845266538,1621845266558,20,0,89,3590.9915312458,-1,25
1621845266618,1621845266658,40,1,61,1919.14773385682,-1335,28
1621845266678,1621845266808,130,5,73,1967.83020224828,-1412,34
1621845266918,1621845267028,110,6,130,5188.48329723753,-5850,73
1621845267048,1621845267227,179,10,99,3041.65792820999,-3930,91
1621845267547,1621845267567,20,0,37,2041.63978487714,-550,251
1621845267577,1621845267587,10,-1,34,1023.87372737029,-1,-1
1621845267757,1621845267997,240,11,82,4345.55120421609,-2528,234
1621845268007,1621845268027,20,0,66,2268.63701653702,-1,260
1621845268467,1621845268727,260,21,119,4916.13508460962,-3929,267
1621845269196,1621845269276,80,10,242,8945.92923241796,-4804,72
1621845269196,1621845269276,80,10,242,8945.92923241796,-4804,72
1621845269346,1621845269586,240,15,235,8013.7231323918,-9040,57
1621845269626,1621845269706,80,1,120,9243.21572252426,-3686,27
1621845270126,1621845270146,20,0,94,4441.49533239037,-1,330
1621845270206,1621845270346,140,23,1232,46743.8915207075,-23768,178
1621845270615,1621845270645,30,1,118,-1.0,-3304,301
1621845270675,1621845270695,20,0,61,2182.33769208989,-1,284
1621845270795,1621845271025,230,13,211,9174.53297489693,-8339,279
1621845271045,1621845271055,10,-1,46,3391.8319457466,-1,-1
1621845271115,1621845271125,10,-1,106,8050.55840581787,-1,-1
1621845271205,1621845271215,10,-1,47,-1.0,-1,-1
1621845271525,1621845271555,30,3,153,7663.83467641867,-7192,192
1621845271615,1621845271625,10,-1,33,470.769666997627,-1,-1
1621845271655,1621845271675,20,0,51,2005.53922161851,-1,35
1621845271755,1621845271765,10,-1,30,470.486444828741,-1,-1
1621845271815,1621845271825,10,-1,46,1802.58314482955,-1,-1
1621845271885,1621845271915,30,2,192,-1.0,-7800,213
1621845272244,1621845272314,70,5,115,7458.46758988093,-3936,24
1621845272324,1621845272344,20,1,73,5514.19263241469,-1826,43
1621845272364,1621845272374,10,-1,40,2940.62469790533,-1,-1
1621845272434,1621845272444,10,-1,31,-1.0,-1,-1
1621845272484,1621845272504,20,0,41,2764.24217135831,-1,276
1621845272584,1621845272604,20,0,49,2831.03121680938,-1398,180
1621845272764,1621845272784,20,1,151,8387.95689320298,-1,27
1621845272884,1621845272904,20,0,88,-1.0,-4551,351
1621845273004,1621845273044,40,1,38,1701.75580162916,-641,221
1621845273054,1621845273074,20,0,90,5671.32846789819,-1,192
1621845273154,1621845273164,10,-1,41,-1.0,-1,-1
1621845273444,1621845273454,10,-1,30,2423.34537833499,-1,-1
1621845273753,1621845273763,10,-1,36,1304.91240824578,-1,-1
1621845273853,1621845273903,50,7,216,10057.8987874742,-8077,195
1621845274223,1621845274443,220,7,469,20366.6323190883,-17286,2
1621845274563,1621845274573,10,-1,38,2133.16187608481,-1,-1
1621845274623,1621845274703,80,7,247,15074.5744953926,-11208,8
1621845274723,1621845274733,10,-1,30,236.598439672663,-1,-1
1621845274783,1621845274793,10,-1,45,2077.85665565545,-1,-1
1621845274803,1621845274813,10,-1,35,951.83843444053,-1,-1
1621845274823,1621845274833,10,-1,32,411.250802272935,-1,-1
1621845274863,1621845274883,20,0,35,1971.95135338849,-507,90
1621845275163,1621845275183,20,0,50,2504.21566635689,-1728,225
1621845275432,1621845275472,40,5,208,10372.1875064463,-10941,153
1621845275672,1621845275722,50,7,202,12192.0907231577,-3467,179
1621845275732,1621845275742,10,-1,67,6088.45651220399,-1,-1
1621845275832,1621845275842,10,-1,31,1062.60245179194,-1,-1
1621845275922,1621845275942,20,0,101,5994.5293364518,-1,102
1621845276182,1621845276242,60,8,225,9771.02258345739,-9335,268
1621845276392,1621845276432,40,1,58,2672.89753641728,-1896,271
1621845276592,1621845276672,80,16,477,15707.8533686304,-27925,72
1621845276692,1621845276712,20,0,39,2296.45168895281,-1,32
1621845276762,1621845276792,30,1,66,2698.15484338017,-1,249
1621845276802,1621845276842,40,1,56,3223.15580484163,-1841,221
1621845276892,1621845276942,50,8,341,13403.1696777371,-1474,190
1621845277001,1621845277011,10,-1,43,-1.0,-1,-1
1621845277191,1621845277211,20,1,151,10312.648839583,-1,244
1621845277271,1621845277291,20,0,53,-1.0,-144,270
1621845277401,1621845277461,60,12,338,13516.0312140508,-16382,330
1621845277481,1621845277511,30,1,64,3041.29408343293,-1,117
1621845277711,1621845277761,50,7,276,13624.5672419539,-12709,170
1621845277891,1621845277901,10,-1,31,671.062740646659,-1,-1
1621845277911,1621845278041,130,24,370,16856.3064525759,-13799,34
1621845278051,1621845278091,40,3,120,5943.20684984503,-6193,182
1621845278121,1621845278151,30,0,42,1906.74186194796,-456,196
1621845278161,1621845278241,80,8,241,15934.3830885982,-8663,159
1621845278251,1621845278341,90,4,117,4662.35605382743,-4546,297
1621845278591,1621845278650,59,15,449,24782.5700501276,-15010,263
1621845278770,1621845278790,20,0,111,7317.17092706273,-1,187
1621845278870,1621845278890,20,0,60,2877.87223860958,-1,160
1621845279020,1621845279060,40,5,234,12348.5353283288,-12230,180
1621845279080,1621845279090,10,-1,33,539.243467059754,-1,-1
1621845279110,1621845279150,40,1,33,513.537776378077,-191,30
1621845279510,1621845279560,50,7,264,14357.3420471024,-10863,8
1621845279740,1621845279750,10,-1,35,2491.7085895186,-1,-1
1621845279860,1621845279870,10,-1,62,5653.08887328322,-1,-1
1621845279950,1621845279960,10,-1,34,-1.0,-1,-1
1621845280140,1621845280160,20,0,38,1483.99901351898,-1,234
1621845280299,1621845280329,30,1,94,4203.56540851428,-1106,168
1621845280389,1621845280419,30,0,67,604.823585010085,-3660,24
1621845280789,1621845280839,50,2,242,17025.0327623615,-1,202
1621845280899,1621845280909,10,-1,62,-1.0,-1,-1
1621845281749,1621845281779,30,1,96,4741.35380644846,-3024,352
1621845282068,1621845282088,20,0,88,5339.19368696485,-1,307
1621845282168,1621845282228,60,19,486,7875.19187991606,-25572,291
1621845282238,1621845282288,50,1,46,2387.51973989953,-1063,118
1621845282458,1621845282558,100,25,417,17160.4642848759,-12777,111
1621845282568,1621845282588,20,0,51,2334.37311826117,-1227,37
1621845282708,1621845282728,20,0,34,1311.365917042,0,224
1621845282738,1621845282768,30,2,109,5211.60591976355,-3150,81
1621845282878,1621845282908,30,0,37,2061.66177214095,-751,254
1621845283507,1621845283577,69,14,281,14292.7417873467,-15674,76
1621845283737,1621845283757,20,3,461,30939.8736782628,-1,266
1621845283887,1621845283987,100,6,223,8160.66494648593,-15395,94
1621845284007,1621845284017,10,-1,106,8331.88976638112,-1,-1
1621845284097,1621845284147,50,0,201,4195.39478434252,-12157,191
1621845284247,1621845284267,20,0,71,-1.0,-541,86
1621845284317,1621845284377,60,2,83,4066.3706522078,-3811,246
1621845284387,1621845284417,30,0,43,1214.26718612069,-547,263
1621845284497,1621845284507,10,-1,54,-1.0,-1,-1
1621845284577,1621845284587,10,-1,65,4569.1020165031,-1,-1
1621845284657,1621845284667,10,-1,32,1767.0901112717,-1,-1
1621845284707,1621845284727,20,0,46,1638.54775121085,-1,326
1621845284837,1621845284877,40,1,58,4190.78502184692,-2686,266
1621845284937,1621845285037,100,10,625,29340.1130526071,-24369,124
1621845285057,1621845285097,40,1,153,12743.5078293783,-4867,268
1621845285107,1621845285116,9,-1,77,4780.50732407477,-1,-1
1621845285126,1621845285146,20,3,505,33393.9367227949,-1,332
1621845285206,1621845285216,10,-1,83,-1.0,-1,-1
1621845285236,1621845285296,60,2,45,2785.37859809751,-662,121
1621845285366,1621845285386,20,0,60,2485.50458190015,-1,81
1621845285396,1621845285546,150,16,592,28248.2649985405,-29779,183
1621845285566,1621845285606,40,1,65,3775.91619088145,-1998,75
1621845285766,1621845285796,30,1,55,1804.16424509905,-1,296
1621845285806,1621845285906,100,11,268,9696.30197145528,-9736,67
1621845285936,1621845285966,30,0,43,1501.08816868355,-513,266
1621845286016,1621845286106,90,8,258,18251.2934426007,-7369,256
1621845286166,1621845286196,30,1,180,-1.0,-8454,270
1621845286206,1621845286246,40,1,51,4209.12074777254,-1152,152
1621845286356,1621845286376,20,0,129,8011.9452031056,-1,107
1621845286885,1621845286935,50,4,191,9462.28059512966,-11719,55
1621845287535,1621845287575,40,1,64,2559.64299549868,-2094,118
1621845287605,1621845287635,30,0,49,1803.27573017822,-287,138
1621845287715,1621845287835,120,5,294,8347.79302343301,-4622,2
1621845288045,1621845288155,110,9,579,15098.8842719321,-47608,240
1621845288195,1621845288265,70,9,310,13631.3412226892,-17198,159
1621845288295,1621845288315,20,0,43,3558.24644160188,-1042,161
1621845288464,1621845288474,10,-1,30,1604.39892820269,-1,-1
1621845288514,1621845288784,270,10,103,4095.25175370602,-5754,272
1621845288814,1621845288834,20,0,37,1246.67550350063,-1,255
1621845288944,1621845288964,20,0,62,3826.43737834087,-1,222
1621845289014,1621845289024,10,-1,30,1707.08747808339,-1,-1
1621845289054,1621845289084,30,1,60,1910.07626517585,-2516,77
1621845289384,1621845289414,30,2,117,8221.65027394383,-7840,83
1621845289754,1621845289774,20,0,31,2255.97131227641,-117,286
1621845290123,1621845290133,10,-1,32,453.223913862763,-1,-1
1621845290203,1621845290223,20,1,78,4267.3788465939,-1,39
1621845290253,1621845290263,10,-1,33,2325.88170729779,-1,-1
1621845290533,1621845290573,40,2,79,5643.68759523825,-633,184
1621845290583,1621845290593,10,-1,41,1743.71734959297,-1,-1
1621845290643,1621845290663,20,0,73,4185.58086297572,-1,239
1621845290813,1621845290823,10,-1,31,1534.75887195446,-1,-1
1621845291053,1621845291083,30,4,217,11385.1491200967,-8343,344
1621845291153,1621845291163,10,-1,52,-1.0,-1,-1
1621845291173,1621845291283,110,3,71,5795.70431585126,-3878,286
1621845291313,1621845291343,30,0,32,197.362780885121,-1,270
1621845291413,1621845291493,80,2,51,1472.96925930129,-1040,122
1621845291593,1621845291642,49,1,45,2529.51454562963,-1262,234
1621845291673,1621845291742,69,2,139,8590.31723383428,-2794,68
1621845291752,1621845291762,10,-1,110,9767.98685510266,-1,-1
1621845291822,1621845291852,30,1,64,249.482115240755,-266,2
1621845291892,1621845291962,70,3,134,7317.96767101346,-3315,161
1621845292182,1621845292192,10,-1,33,1484.71846855475,-1,-1
1621845292272,1621845292342,70,3,154,11152.2159200815,-5820,198
1621845292472,1621845292492,20,4,424,21654.0387483979,-1,184
1621845292572,1621845292592,20,9,908,-1.0,-4872,88
1621845292662,1621845292792,130,12,1309,23765.310477972,-121436,7
1621845292852,1621845292862,10,-1,74,-1.0,-1,-1
1621845292882,1621845292902,20,0,39,2042.02648335459,-1,282
1621845292992,1621845293052,60,17,551,30761.1902760592,-21782,356
1621845293122,1621845293341,219,17,597,37277.0956474596,-19397,307
1621845293401,1621845293771,370,9,191,9711.88006159797,-12232,133
1621845293811,1621845293871,60,12,306,14678.4130718076,-13780,180
1621845293931,1621845293941,10,-1,105,-1.0,-1,-1
1621845294081,1621845294121,40,5,245,11434.6418087405,-6970,105
1621845294151,1621845294161,10,-1,33,927.976214011985,-1,-1
1621845294231,1621845294241,10,-1,30,78.5300268894677,-1,-1
1621845294331,1621845294361,30,0,48,1955.16991115899,-1491,231
1621845295010,1621845295070,60,9,235,11579.5512444125,-11387,273
1621845295100,1621845295110,10,-1,37,2231.70645561282,-1,-1
1621845295470,1621845295490,20,0,55,-1.0,-2289,0
1621845295500,1621845295510,10,-1,30,1023.08660832878,-1,-1
1621845295620,1621845295660,40,1,90,3184.98523254754,-1,255
1621845295790,1621845295830,40,2,67,3130.58313084815,-2253,87
1621845295900,1621845295920,20,0,39,1010.28746560403,-1,129
1621845295930,1621845295990,60,5,242,12331.1826154105,-14512,26
1621845296000,1621845296090,90,4,74,3670.87847931249,-2636,202
1621845296100,1621845296190,90,3,205,9081.58115620902,-13185,169
1621845296270,1621845296280,10,-1,39,1207.66872767182,-1,-1
1621845296500,1621845296520,20,0,39,870.722061433566,-1,326
1621845296559,1621845296579,20,0,48,1316.19364742716,-1,333
1621845296609,1621845296649,40,6,296,15831.6056178767,-17375,180
1621845296659,1621845296729,70,2,51,1532.37713681376,-1637,27
1621845296889,1621845296899,10,-1,44,-1.0,-1,-1
1621845297069,1621845297079,10,-1,54,3625.96393337599,-1,-1
1621845297139,1621845297149,10,-1,56,-1.0,-1,-1
1621845297199,1621845297359,160,7,78,2207.38894193397,-2223,236
1621845297419,1621845297429,10,-1,35,-1.0,-1,-1
1621845297569,1621845297619,50,1,38,1023.98698607657,-444,313
1621845297879,1621845297949,70,16,340,14892.5930753849,-14047,112
1621845297989,1621845298029,40,1,51,1971.70246367775,-127,357
1621845298089,1621845298129,40,3,123,-1.0,-5240,16
1621845298288,1621845298308,20,0,49,2997.06378854066,-520,221
1621845298388,1621845298408,20,0,33,-1.0,-216,74
1621845298658,1621845298708,50,14,372,19943.877796294,-4616,268
1621845298818,1621845298838,20,0,45,3216.14026583201,-451,59
1621845298878,1621845298918,40,1,39,3306.40629527996,-379,70
1621845298998,1621845299048,50,2,58,1627.90439290257,-399,21
1621845299538,1621845299578,40,1,45,1726.99008693382,-555,236
1621845299668,1621845299688,20,0,35,989.600532612044,-1,104
1621845299897,1621845299937,40,3,149,9930.92424612703,-4807,218
1621845300067,1621845300087,20,0,50,2433.58019971024,-1,235
1621845300147,1621845300257,110,9,317,15157.1195625988,-15731,10
1621845300517,1621845300557,40,1,42,1434.07876906652,-1197,263
1621845300717,1621845300737,20,0,38,1465.12272858339,-242,57
1621845300827,1621845300847,20,0,34,1235.46145802898,-105,206
1621845300897,1621845300917,20,0,40,1167.77377956642,-523,233
1621845300937,1621845300977,40,3,140,6151.80350123839,-5390,127
1621845301067,1621845301107,40,1,51,2008.03198380699,-597,49
1621845301187,1621845301257,70,5,130,6039.56949767213,-3230,184
1621845301357,1621845301377,20,0,32,1076.52042493148,-2,312
1621845301407,1621845301456,49,2,88,3476.4697160007,-1503,22
1621845301556,1621845301716,160,2,248,13726.3867484778,-11455,32
1621845301886,1621845301976,90,10,454,40942.8072479315,-41769,42
1621845301986,1621845302026,40,1,118,5361.6902397027,-1020,318
1621845302086,1621845302146,60,4,348,16088.1523081841,-22383,184
1621845302156,1621845302176,20,1,164,7863.3478839455,-1,2
1621845302236,1621845302336,100,3,57,728.591557934828,-1780,18
1621845302346,1621845302496,150,11,264,12555.2101459042,-13688,351
1621845302506,1621845302586,80,12,316,12924.48145112,-12403,187
1621845302596,1621845302606,10,-1,39,2819.90362029333,-1,-1
1621845302626,1621845302636,10,-1,34,1377.93188654694,-1,-1
1621845302836,1621845302856,20,0,38,1010.87563777266,-1,32
1621845302986,1621845303066,80,3,75,2668.27445244619,-3624,270
1621845303076,1621845303105,29,1,64,2526.18226832934,-2979,284
1621845303255,1621845303295,40,2,81,4178.79673531785,-3670,137
1621845303425,1621845303505,80,18,376,20323.2016410724,-17459,100
1621845303515,1621845303545,30,1,76,3348.5481287121,-3560,339
1621845303625,1621845303655,30,3,155,8327.80524709386,-9476,160
1621845303665,1621845303745,80,11,439,17409.2158550259,-32091,332
1621845303755,1621845303815,60,2,49,1662.74332685816,-1211,278
1621845303885,1621845303905,20,0,41,1306.36662261932,-1012,275
1621845303915,1621845303935,20,0,61,3353.14743874061,-1623,236
1621845304165,1621845304195,30,0,33,1917.39026236392,-210,208
1621845304205,1621845304225,20,0,33,1305.35475313961,0,84
1621845304245,1621845304295,50,1,54,3000.69538395653,-2192,174
1621845304305,1621845304325,20,0,61,3552.8060615538,-2607,217
1621845304794,1621845304804,10,-1,40,1120.08430911975,-1,-1
1621845304954,1621845304994,40,1,58,3228.38577980123,-1885,253
1621845305334,1621845305364,30,3,269,11412.1803641383,-1,79
1621845305484,1621845305554,70,4,1062,11209.9315446832,-96436,236
1621845305704,1621845305754,50,3,127,6268.86414684253,-4643,196
1621845305764,1621845305794,30,1,88,2579.18429468817,-1,280
1621845305854,1621845305894,40,1,45,587.909265388124,-634,279
1621845305924,1621845305974,50,4,168,9529.62016679432,-2804,52
1621845305994,1621845306014,20,0,42,1890.5307682682,-1,30
1621845306034,1621845306044,10,-1,41,1920.52636850493,-1,-1
1621845306264,1621845306274,10,-1,34,2414.51437256946,-1,-1
1621845306284,1621845306294,10,-1,54,2873.19424627844,-1,-1
1621845306304,1621845306343,39,2,96,6481.41637692645,-3633,46
1621845306403,1621845306423,20,1,178,-1.0,-8146,230
1621845306453,1621845306493,40,1,39,2054.97744158716,-365,68
1621845306523,1621845306553,30,0,33,465.57160936408,-93,18
1621845306663,1621845306673,10,-1,31,834.657618770062,-1,-1
1621845306693,1621845306713,20,0,33,2528.58204610189,-261,270
1621845306803,1621845306873,70,6,254,14952.0556482281,-11012,99
1621845306883,1621845306903,20,0,49,1011.69083607993,-1,251
1621845306963,1621845307013,50,1,43,809.741847225831,-935,200
1621845307043,1621845307123,80,9,298,15797.187896229,-12182,250
1621845307383,1621845307413,30,2,162,-1.0,-7653,62
1621845307583,1621845307593,10,-1,34,2182.29914994209,-1,-1
1621845307653,1621845307863,210,4,325,5388.23199718299,-16794,166
1621845307883,1621845307893,10,-1,32,694.512242480417,-1,-1
1621845308072,1621845308132,60,10,306,15454.4351947198,-12380,194
1621845308192,1621845308232,40,1,33,379.298196180719,-242,5
1621845308242,1621845308272,30,1,54,2021.45276846105,-756,8
1621845308282,1621845308392,110,1,78,4364.83422726637,-4013,1
1621845308412,1621845308432,20,0,36,600.917100714815,-1,15
1621845308452,1621845308462,10,-1,31,763.570924310118,-1,-1
1621845308522,1621845308552,30,1,86,4565.56040607987,-4467,278
1621845308812,1621845308852,40,1,330,28963.9298207547,-3,36
1621845308932,1621845308942,10,-1,77,-1.0,-1,-1
1621845308962,1621845309042,80,3,282,15834.6005107293,-5696,157
1621845309102,1621845309142,40,2,228,16096.5752738884,-8190,256
1621845309202,1621845309322,120,5,117,5518.72726443185,-6594,116
1621845309342,1621845309362,20,0,32,523.045993528001,-153,129
1621845309372,1621845309392,20,0,32,327.719612583794,-1,206
1621845309452,1621845309512,60,2,55,3001.54396448552,-1791,287
1621845309601,1621845309641,39,4,173,9332.54899643431,-11386,283
1621845309661,1621845309861,200,10,94,3610.4578483583,-3551,119
1621845309921,1621845309941,20,0,140,-1.0,-10078,104
1621845309961,1621845310021,60,2,58,2121.19519706554,-2456,249
1621845310041,1621845310061,20,0,54,2577.9285897529,-984,265
1621845310101,1621845310121,20,0,31,838.391187304064,-41,230
1621845310201,1621845310231,30,2,131,6617.25591291776,-4516,123
1621845310261,1621845310281,20,0,48,2687.01369055662,-1,254
1621845310561,1621845310571,10,-1,38,1556.25058397849,-1,-1
1621845310621,1621845310641,20,0,63,4947.9856208379,-2166,200
1621845310661,1621845310671,10,-1,48,3619.3709479152,-1,-1
1621845310731,1621845310751,20,1,115,-1.0,-3437,253
1621845310811,1621845310821,10,-1,39,1740.66397010455,-1,-1
1621845311031,1621845311111,80,18,340,15943.5691874935,-7839,93
1621845311171,1621845311230,59,3,85,2925.08379108009,-2745,296
1621845311240,1621845311290,50,1,53,984.456536892595,-1915,263
1621845311320,1621845311370,50,4,214,15815.8175159911,-13300,43
1621845311380,1621845311390,10,-1,31,2116.24786667347,-1,-1
1621845311430,1621845311440,10,-1,30,372.830358909893,-1,-1
1621845311460,1621845311510,50,1,41,1175.58223831968,-895,150
1621845311530,1621845311550,20,0,46,1638.51775655827,-1109,163
1621845311570,1621845311590,20,0,33,450.184711710929,-48,113
1621845311600,1621845311610,10,-1,30,99.6150884091861,-1,-1
1621845311620,1621845311720,100,9,317,17905.2254246438,-11449,213
1621845311730,1621845311760,30,1,68,2852.5696520464,-2486,151
1621845311780,1621845311790,10,-1,45,3239.12073052961,-1,-1
1621845311870,1621845311910,40,1,326,-1.0,-20190,180
1621845311930,1621845311960,30,1,55,3005.23681284055,-2030,347
1621845311990,1621845312010,20,0,39,1400.18894987105,-1,315
1621845312040,1621845312070,30,0,55,1146.93366244054,-1,23
1621845312170,1621845312210,40,7,285,18303.807965539,-11343,192
1621845312270,1621845312290,20,0,195,-1.0,-13558,229
1621845312310,1621845312320,10,-1,30,1011.27705157729,-1,-1
1621845312330,1621845312340,10,-1,31,374.54480832117,-1,-1
1621845312430,1621845312480,50,6,297,16606.1089521421,-14952,49
1621845312500,1621845312510,10,-1,32,602.168418734276,-1,-1
1621845312600,1621845312620,20,1,121,6324.53455861916,-1,299
1621845312750,1621845312770,20,0,36,545.555861355174,-1,171
1621845312830,1621845312899,69,12,449,27442.5183071589,-17876,338
1621845313039,1621845313249,210,33,436,21989.5661117041,-26982,180
1621845313259,1621845313279,20,1,92,7724.52559465655,-3190,63
1621845313319,1621845313329,10,-1,45,2199.05813937893,-1,-1
1621845313389,1621845313459,70,2,67,1860.59407252283,-1905,98
1621845313799,1621845313809,10,-1,34,1589.38443543604,-1,-1
1621845313879,1621845313899,20,0,37,2973.20932760984,-234,60
1621845313919,1621845313939,20,0,42,1475.19017611235,-1119,77
1621845314409,1621845314429,20,0,38,1279.79952418528,-1,29
1621845314499,1621845314518,19,0,46,3299.33661498712,-1,254
1621845315218,1621845315238,20,1,99,5382.01211418019,-1,73
1621845315788,1621845315808,20,0,38,1711.94520267084,-164,249
1621845315838,1621845315898,60,2,47,700.883884611123,-309,267
1621845315918,1621845315928,10,-1,31,1158.86702209608,-1,-1
1621845315988,1621845316008,20,0,33,406.848936928574,-225,278
1621845316098,1621845316217,119,13,273,12112.740916247,-7230,207
1621845316247,1621845316267,20,0,44,2287.07222908093,-402,243
1621845316427,1621845316457,30,1,73,5116.46644344138,-3445,43
1621845316547,1621845316617,70,11,392,17628.0710563197,-17505,36
1621845316827,1621845316887,60,5,165,8596.79016300705,-7209,37
1621845317357,1621845317417,60,8,234,10958.9357088132,-8468,65
1621845317517,1621845317527,10,-1,36,1083.28716921067,-1,-1
1621845317637,1621845317687,50,5,222,12493.4033209238,-10559,163
1621845318236,1621845318296,60,9,248,10251.9484913783,-15236,274
1621845318596,1621845318626,30,1,83,-1.0,-4158,237
1621845318876,1621845318886,10,-1,49,4043.0422295833,-1,-1
1621845319216,1621845319256,40,2,111,7308.73098490499,-7120,202
1621845319595,1621845319635,40,3,149,9140.66602115252,-8747,353
1621845319755,1621845319765,10,-1,30,2279.32921323982,-1,-1
1621845320055,1621845320105,50,1,113,6736.15772831702,-1642,26
1621845320115,1621845320195,80,18,374,12058.1031590325,-8339,178
1621845320355,1621845320495,140,19,445,37311.6088558862,-20663,346
1621845320555,1621845320755,200,4,544,34312.6714118755,-18126,143
1621845320835,1621845320875,40,1,52,2463.34903456037,-1257,10
1621845320915,1621845320975,60,5,164,9781.48075397859,-2977,103
1621845320985,1621845321074,89,2,64,5352.76898389721,-2354,47
1621845321174,1621845321204,30,1,51,1623.63436403739,-1256,57
1621845321234,1621845321294,60,1,74,2630.59664415916,-3108,86
1621845321654,1621845321674,20,1,103,6306.19878898758,-1,129
1621845321684,1621845321714,30,0,47,2132.6508232001,-115,294
1621845321814,1621845321824,10,-1,36,-1.0,-1,-1
1621845321884,1621845321954,70,3,89,2152.53058660168,-59,258
1621845322014,1621845322024,10,-1,114,-1.0,-1,-1
1621845322094,1621845322104,10,-1,67,-1.0,-1,-1
1621845322564,1621845322574,10,-1,80,5141.97058886042,-1,-1
1621845322634,1621845322644,10,-1,51,-1.0,-1,-1
1621845322733,1621845322773,40,1,50,1626.14013760288,-963,267
1621845322793,1621845322823,30,1,88,5057.59014790942,-3822,25
1621845322833,1621845322853,20,0,70,4083.64939773117,-1,150
1621845322913,1621845323033,120,6,76,2041.19040080352,-1759,88
1621845323123,1621845323143,20,1,115,4809.43290565057,-1,293
1621845323223,1621845323233,10,-1,33,581.252887815471,-1,-1
1621845323483,1621845323563,80,6,176,2061.30470785481,-5301,354
1621845323843,1621845323853,10,-1,36,2374.12972481834,-1,-1
1621845323933,1621845323943,10,-1,49,-1.0,-1,-1
1621845323973,1621845324003,30,1,77,3913.40709239955,-3106,304
1621845324053,1621845324073,20,0,49,2057.14940685699,-1556,220
1621845324163,1621845324223,60,4,129,4158.88677230846,-6444,138
1621845324272,1621845324292,20,0,51,2966.61272455069,-1,287
1621845324322,1621845324332,10,-1,31,340.284135851782,-1,-1
1621845324382,1621845324392,10,-1,61,3481.0811770225,-1,-1
1621845324492,1621845324542,50,2,67,2077.05558297218,-2488,284
1621845324572,1621845324592,20,0,31,1465.75919103343,-1,261
1621845324682,1621845324702,20,0,45,1318.70965719845,-1,101
1621845324752,1621845324772,20,0,73,2719.94264269131,-1,63
1621845324852,1621845324862,10,-1,33,-1.0,-1,-1
1621845324892,1621845324922,30,1,254,16557.1081530011,-3960,309
1621845325002,1621845325052,50,6,409,-1.0,-15946,269
1621845325062,1621845325072,10,-1,55,2613.01560184535,-1,-1
1621845325162,1621845325262,100,2,107,6359.20910175158,-4871,127
1621845325272,1621845325292,20,0,36,1715.94767658376,-447,149
1621845325332,1621845325352,20,1,126,5742.78574715787,-1,102
1621845325432,1621845325492,60,2,88,2322.66761391474,-3625,86
1621845325592,1621845325622,30,1,90,2926.34666816964,-1,80
1621845325692,1621845325722,30,1,92,4937.12828312576,-2747,233
1621845325762,1621845325772,10,-1,50,3418.33247438287,-1,-1
1621845325832,1621845325842,10,-1,38,-1.0,-1,-1
1621845325862,1621845325872,10,-1,31,700.317599237682,-1,-1
1621845325911,1621845325941,29,1,101,4517.28351497601,-4739,315
1621845325961,1621845325981,20,0,50,2531.36702362222,-961,307
1621845326011,1621845326031,20,0,50,1207.65559777324,-1,264
1621845326371,1621845326391,20,0,60,4057.55470122176,-1,113
1621845326401,1621845326421,20,0,38,2267.45020275928,-759,289
1621845326581,1621845326591,10,-1,31,1333.82330663253,-1,-1
1621845326681,1621845326691,10,-1,60,4062.36527777244,-1,-1
1621845326751,1621845326761,10,-1,58,-1.0,-1,-1
1621845326771,1621845326811,40,1,115,8928.56962525516,-6958,152
1621845326911,1621845326961,50,6,283,17564.6885279176,-17237,29
1621845327151,1621845327201,50,1,61,1665.57906252946,-2681,284
1621845327301,1621845327331,30,0,48,2814.35786751269,-1762,145
1621845327351,1621845327361,10,-1,41,1718.55980242939,-1,-1
1621845327560,1621845327590,30,1,54,3099.72891989763,-1758,278
1621845327620,1621845327630,10,-1,30,327.253126002122,-1,-1
1621845327790,1621845327850,60,15,416,22599.5036896079,-14290,356
1621845327900,1621845327910,10,-1,31,461.480699993677,-1,-1
1621845328010,1621845328150,140,10,199,8538.87790846005,-10799,182
1621845328300,1621845328350,50,6,273,9868.8080505761,-1,206
1621845328430,1621845328470,40,1,109,-1.0,-4967,258
1621845328500,1621845328540,40,3,119,6076.46441297044,-5954,254
1621845328610,1621845328700,90,7,273,12921.4537455473,-9698,54
1621845328770,1621845328790,20,1,176,10101.6687332867,-1,102
1621845328850,1621845328890,40,4,168,7463.38556400492,-6881,106
1621845328950,1621845329000,50,1,72,3382.75451488996,-2879,340
1621845329120,1621845329209,89,15,623,31776.5277888669,-45753,290
1621845329269,1621845329279,10,-1,175,-1.0,-1,-1
1621845329329,1621845329339,10,-1,41,2741.79516883851,-1,-1
1621845329409,1621845329429,20,0,47,3988.71293020032,-1046,258
1621845329439,1621845329559,120,16,272,10053.6067500614,-10040,102
1621845329589,1621845329609,20,1,121,9753.55621634573,-2827,358
1621845329619,1621845329669,50,1,54,3329.81109730425,-1338,287
1621845329799,1621845329819,20,2,279,15473.3266361784,-1,321
1621845329929,1621845330029,100,6,554,26429.8298209783,-23293,163
1621845330099,1621845330159,60,11,1239,31666.5363049171,-62486,193
1621845330239,1621845330629,390,14,291,16739.3051585615,-15841,339
1621845330659,1621845330679,20,0,33,509.71283525759,-1,350
1621845330719,1621845330739,20,0,39,737.349288359697,-1,15
1621845330898,1621845330928,30,2,108,7481.3248476223,-678,192
1621845331168,1621845331198,30,4,202,11926.1505852621,-12718,113
1621845331368,1621845331378,10,-1,31,-1.0,-1,-1
1621845331458,1621845331488,30,0,43,1140.76347983687,-697,263
1621845331528,1621845331538,10,-1,36,986.185902287954,-1,-1
1621845331568,1621845331578,10,-1,59,4079.63880624776,-1,-1
1621845331638,1621845331688,50,9,360,17865.0764870884,-13346,30
1621845331818,1621845331858,40,3,1065,18757.188293071,-69664,84
1621845331918,1621845331938,20,1,119,-1.0,-3088,343
1621845331958,1621845332038,80,5,114,3119.31222711146,-2449,326
1621845332058,1621845332078,20,0,51,2609.86545966052,-1,312
1621845332088,1621845332158,70,2,53,1625.8574384472,-2126,342
1621845332178,1621845332278,100,12,444,25013.9876950916,-13981,145
1621845332338,1621845332408,70,5,102,2960.65650136557,-3182,357
1621845332647,1621845332667,20,0,33,470.542792533013,-207,171
1621845332697,1621845332737,40,3,124,6577.84733886556,-3802,258
1621845332747,1621845332787,40,1,49,2061.35709112752,-660,102
1621845333027,1621845333077,50,7,306,16304.5973515399,-13165,326
1621845333147,1621845333197,50,1,46,3034.00555162899,-1124,125
1621845333387,1621845333437,50,4,206,6775.23292721589,-9219,195
1621845333657,1621845333707,50,7,245,11677.9578904551,-11912,138
1621845333747,1621845333757,10,-1,33,764.694768985045,-1,-1
1621845333917,1621845333927,10,-1,39,1854.98863616037,-1,-1
1621845334266,1621845334316,50,9,298,14515.2635409691,-16025,139
1621845334406,1621845334426,20,0,40,1545.79636551475,-1,282
1621845334466,1621845334476,10,-1,30,562.047421030369,-1,-1
1621845334556,1621845334586,30,0,72,3583.44403662923,-1,123
1621845334596,1621845334606,10,-1,149,12905.7720150742,-1,-1
1621845334766,1621845334876,110,9,348,10840.2520188203,-25979,174
1621845334936,1621845335016,80,3,96,1862.0024265369,-3825,171
1621845335036,1621845335066,30,1,59,2222.98478756723,-2061,154
1621845335076,1621845335136,60,3,109,6720.14857681282,-6144,144
1621845335346,1621845335386,40,1,44,2448.23986893025,-726,97
1621845335406,1621845335486,80,3,55,1790.94243959696,-1095,82
1621845335636,1621845335695,59,2,64,4868.68451231398,-2342,284
1621845335705,1621845335735,30,1,56,2530.68396299038,-2226,280
1621845335835,1621845335845,10,-1,42,1484.06374351361,-1,-1
1621845336245,1621845336255,10,-1,41,2477.80563943472,-1,-1
1621845336275,1621845336295,20,1,109,5831.51434906715,-1,247
1621845336985,1621845337125,140,6,102,4242.94512217668,-1310,290
1621845337205,1621845337235,30,0,43,1123.2310870714,-1124,256
1621845337275,1621845337295,20,0,40,2502.6663188831,-309,303
1621845337504,1621845337694,190,9,92,4527.80425591659,-2505,106
1621845337724,1621845337804,80,3,59,3580.1452473285,-1055,86
1621845337854,1621845337874,20,0,33,1810.14774034415,-1,119
1621845338004,1621845338024,20,0,41,1584.69391312857,-409,249
1621845338064,1621845338164,100,4,68,2073.58163600209,-2624,260
1621845338194,1621845338204,10,-1,30,1160.38225184616,-1,-1
1621845338324,1621845338334,10,-1,33,1792.2127424955,-1,-1
1621845338384,1621845338424,40,3,147,8424.91168922705,-7597,317
1621845338774,1621845338814,40,4,171,9179.54030001806,-8136,117
1621845338834,1621845338854,20,0,31,627.107989616811,0,49
1621845339233,1621845339273,40,1,33,672.618228623867,-168,80
1621845339293,1621845339343,50,1,47,1874.7159747026,-1116,84
1621845339483,1621845339543,60,0,127,7962.41460309435,-6121,182
1621845339763,1621845339893,130,8,242,16485.6769949757,-10406,105
1621845339953,1621845339963,10,-1,59,-1.0,-1,-1
1621845339993,1621845340043,50,12,371,22141.7460809009,-14806,200
1621845340133,1621845340143,10,-1,31,322.019970184276,-1,-1
1621845340323,1621845340343,20,1,136,6946.87682515783,-1,291
1621845341152,1621845341202,50,20,712,-1.0,-23901,28
1621845341352,1621845341392,40,1,41,1312.32854445599,-864,245
1621845341552,1621845341632,80,21,489,18849.9766538781,-14294,209
1621845341642,1621845341662,20,0,57,4856.28628219445,-2233,159
1621845341762,1621845341772,10,-1,42,1680.04271628638,-1,-1
1621845341882,1621845341892,10,-1,59,-1.0,-1,-1
1621845342411,1621845342541,130,29,552,14705.3739367415,-23909,38
1621845342561,1621845342571,10,-1,30,1295.02501429171,-1,-1
1621845342661,1621845342671,10,-1,33,351.72182999898,-1,-1
1621845342731,1621845342771,40,9,348,17321.7348099214,-749,177
1621845342851,1621845342861,10,-1,61,-1.0,-1,-1
1621845343021,1621845343101,80,13,348,19795.0612466412,-16459,7
1621845343261,1621845343281,20,3,329,19838.9825643027,-1,102
1621845343421,1621845343471,50,0,76,3728.65593455809,-1010,116
1621845343571,1621845343601,30,1,50,1814.16405755123,-1043,246
1621845343900,1621845343950,50,5,199,9035.07408315794,-7931,140
1621845344790,1621845344840,50,4,137,7362.44977164493,-3095,153
1621845345180,1621845345220,40,1,35,907.638388000176,-123,264
1621845345230,1621845345240,10,-1,30,162.791099624871,-1,-1
1621845345250,1621845345340,90,3,61,2493.42558039425,-1846,268
1621845346129,1621845346139,10,-1,31,871.227896878979,-1,-1
1621845346549,1621845346619,70,10,612,28563.435298011,-23352,30
1621845347128,1621845347248,120,9,419,12296.9752554337,-17004,236
1621845347308,1621845347378,70,1,83,7502.63044535493,-1952,313
1621845347388,1621845347408,20,0,41,1393.30391793447,-1,329
1621845347428,1621845347438,10,-1,30,1923.3570915617,-1,-1
1621845347448,1621845347458,10,-1,36,1805.74489686251,-1,-1
1621845347648,1621845347658,10,-1,30,632.63162535551,-1,-1
1621845347888,1621845347898,10,-1,34,-1.0,-1,-1
1621845347908,1621845347918,10,-1,31,2755.02660489558,-1,-1
1621845347968,1621845347978,10,-1,44,2767.86391498849,-1,-1
1621845348268,1621845348278,10,-1,54,2676.60231224531,-1,-1
1621845348648,1621845348678,30,1,90,4352.76711281747,-2982,336
1621845349537,1621845349547,10,-1,32,873.115303015293,-1,-1
1621845349567,1621845349637,70,2,51,1753.88474525973,-1786,85
1621845349767,1621845349787,20,0,85,4163.63115326619,-1,83
1621845349797,1621845349807,10,-1,84,7604.85659219349,-1,-1
1621845349907,1621845349937,30,0,41,745.322750229555,-696,266
1621845349977,1621845349987,10,-1,34,1817.91440495441,-1,-1
1621845350217,1621845350237,20,1,75,5443.99841042305,-368,324
1621845350436,1621845350466,30,2,111,5324.14358812939,-3612,210
1621845350936,1621845350976,40,3,142,7218.40645403616,-9582,0
1621845351146,1621845351156,10,-1,55,4116.35249137051,-1,-1
1621845351336,1621845351346,10,-1,33,1050.09255257868,-1,-1
1621845351636,1621845351646,10,-1,33,606.626767833285,-1,-1
1621845351656,1621845351676,20,3,344,18235.1502539793,-1,96
1621845351786,1621845351886,100,10,214,7895.30957927226,-8549,268
1621845351896,1621845352055,159,6,128,4410.40293228743,-7278,252
1621845352065,1621845352075,10,-1,32,425.507945909395,-1,-1
1621845352085,1621845352095,10,-1,36,2132.95454471206,-1,-1
1621845352655,1621845352665,10,-1,31,649.690387169855,-1,-1
1621845352725,1621845352815,90,5,218,7934.41997021266,-1354,94
1621845352905,1621845353015,110,22,1681,9402.34798392751,-104579,169
1621845353125,1621845353145,20,0,46,2582.03957610042,-1293,97
1621845353265,1621845353305,40,1,91,3203.03618715699,-3107,172
1621845353355,1621845353385,30,0,47,1641.67785477246,-858,60
1621845353415,1621845353465,50,1,57,3536.28270705415,-1441,318
1621845353485,1621845353545,60,3,141,8545.28850868928,-4380,53
1621845353555,1621845353654,99,4,133,7296.23159064907,-7025,320
1621845353664,1621845353824,160,4,296,14197.3087839763,-3602,342
1621845353904,1621845353914,10,-1,115,-1.0,-1,-1
1621845354084,1621845354184,100,6,196,16547.4828750252,-9955,184
1621845354264,1621845354274,10,-1,33,1661.4333065462,-1,-1
1621845354434,1621845354754,320,13,230,14681.3811928058,-13384,259
1621845354784,1621845354794,10,-1,35,1238.03058495201,-1,-1
1621845355054,1621845355094,40,4,172,9380.63512413148,-9613,23
1621845355154,1621845355164,10,-1,32,2164.3013242204,-1,-1
1621845355503,1621845355513,10,-1,40,-1.0,-1,-1
1621845355623,1621845355673,50,5,185,12310.8063694569,-10009,318
1621845355813,1621845355823,10,-1,39,2395.91538750614,-1,-1
1621845355833,1621845355883,50,3,121,4177.03594861045,-5441,283
1621845356103,1621845356123,20,0,49,1656.86260418281,-1,237
1621845356133,1621845356153,20,1,104,9740.70990679176,-1355,3
1621845356163,1621845356213,50,4,107,4299.55422902729,-1287,143
1621845356823,1621845356853,30,5,531,25319.6536083271,-25559,230
1621845356922,1621845356942,20,0,61,4017.85442578552,-2052,270
1621845356952,1621845356972,20,0,44,1256.33110240998,-1,246
1621845357032,1621845357052,20,2,262,-1.0,-3337,94
1621845357182,1621845357222,40,2,171,-1.0,-8883,263
1621845357312,1621845357332,20,0,44,-1.0,-156,236
1621845357412,1621845357422,10,-1,53,3298.45330714444,-1,-1
1621845357482,1621845357532,50,9,354,20584.2312453195,-12341,1
1621845357612,1621845357632,20,0,37,25.0004746602819,-1,285
1621845358282,1621845358392,110,8,299,5896.3501148688,-17297,257
1621845358771,1621845358791,20,0,48,1362.10394275792,-1,63
1621845358961,1621845359021,60,5,243,14745.5467247372,-9960,264
1621845359331,1621845359391,60,5,168,6826.20690006969,-5542,313
1621845359501,1621845359541,40,0,85,4505.93831312171,-1523,33
1621845359661,1621845359731,70,7,518,836.868242280087,-23663,262
1621845359891,1621845359911,20,2,301,20576.348779882,-1,195
1621845359971,1621845359991,20,1,82,4557.91968787374,-1,161
1621845360001,1621845360031,30,2,94,5329.4539724883,-3720,285
1621845360051,1621845360071,20,0,47,1983.51480669279,-1296,11
1621845360110,1621845360120,9,-1,30,901.515543271475,-1,-1
1621845360300,1621845360320,20,3,400,25682.5423061093,-1,323
1621845360520,1621845360540,20,0,96,-1.0,-5588,35
1621845360600,1621845360640,40,1,34,2180.11578456135,-234,150
1621845360710,1621845360740,30,1,146,7900.72892623503,-1,216
1621845361330,1621845361340,10,-1,145,-1.0,-1,-1
1621845361350,1621845361360,10,-1,57,5250.13205695661,-1,-1
1621845361520,1621845361540,20,1,126,8248.71231799807,-1,216
1621845362779,1621845362789,10,-1,898,-1.0,-1,-1
1621845362959,1621845362989,30,1,120,-1.0,-4967,52
1621845362999,1621845363009,10,-1,30,315.621286742666,-1,-1
1621845363079,1621845363089,10,-1,32,564.569800500663,-1,-1
1621845363109,1621845363139,30,1,73,3352.13004157649,-3360,259
1621845363269,1621845363359,90,11,318,11004.9771040217,-13742,234
1621845363388,1621845363408,19,0,40,2738.53168113095,-190,77
1621845363428,1621845363438,10,-1,30,742.433631310043,-1,-1
1621845363448,1621845363488,40,9,303,12767.1866879403,-12039,275
1621845363538,1621845363568,30,0,41,2179.71591693094,-588,236
1621845363738,1621845363808,70,2,41,872.608088912468,-416,271
1621845364048,1621845364068,20,1,119,5171.23135525749,-1,59
1621845364248,1621845364328,80,1,601,14241.5830685761,-51643,254
1621845364968,1621845364988,20,0,98,3896.46634993094,-1,266
1621845365147,1621845365187,40,2,345,11322.8458160022,-26989,304
1621845365307,1621845365317,10,-1,30,1243.17859689104,-1,-1
1621845365387,1621845365447,60,14,434,18049.5794919042,-19531,6
1621845365487,1621845365497,10,-1,30,1427.81564343431,-1,-1
1621845365507,1621845365527,20,0,37,840.677978818829,-1,229
1621845365537,1621845365557,20,0,37,1190.16810509092,-1,264
1621845365577,1621845365617,40,2,91,5913.14308516297,-4018,286
1621845365677,1621845365727,50,2,353,24079.5334848504,-11752,75
1621845365847,1621845365877,30,3,208,-1.0,-7345,223
1621845366037,1621845366157,120,18,799,34342.4327632205,-73102,180
1621845366167,1621845366197,30,1,58,1983.0538779553,-2634,23
1621845366277,1621845366297,20,0,37,925.197663275066,-1,35
1621845366427,1621845366457,30,3,268,13837.0637104866,-1,21
1621845366716,1621845366806,90,5,277,9309.48684682788,-14611,263
1621845366826,1621845366896,70,2,48,1312.48659050673,-755,162
1621845366916,1621845366936,20,0,52,2846.20596242598,-1,104
1621845366956,1621845366966,10,-1,48,1819.58502988956,-1,-1
1621845366976,1621845367066,90,12,236,13702.897944923,-9238,264
1621845367516,1621845367556,40,3,117,7210.82649918215,-5143,242
1621845368186,1621845368196,10,-1,34,610.896648228884,-1,-1
1621845368355,1621845368455,100,6,172,5320.27016677364,-4640,274
1621845368495,1621845368515,20,0,39,1569.65227145028,-873,237
1621845368525,1621845368535,10,-1,33,1768.10445599324,-1,-1
1621845368565,1621845368575,10,-1,37,3061.22967393792,-1,-1
1621845368615,1621845368675,60,11,377,20855.0754659628,-14160,59
1621845368705,1621845368725,20,0,63,3329.85388158601,-2881,214
1621845369005,1621845369025,20,0,57,3193.97240592763,-1587,294
1621845369055,1621845369095,40,1,57,1364.08522626893,-1,267
1621845369115,1621845369165,50,6,225,15449.4666241506,-11390,189
1621845369335,1621845369375,40,3,157,8905.47087573764,-8470,21
1621845369615,1621845369625,10,-1,31,206.77857576821,-1,-1
1621845370004,1621845370034,30,3,155,6906.27385579248,-9127,117
1621845370204,1621845370224,20,0,55,4125.29418208922,-1637,79
1621845370254,1621845370284,30,1,79,4032.83688152784,-4305,150
1621845370404,1621845370484,80,2,129,9928.1985688372,-4497,72
1621845370494,1621845370504,10,-1,364,35635.6126621184,-1,-1
1621845370614,1621845370674,60,7,249,10988.8047191751,-14279,282
1621845370744,1621845370854,110,33,633,48497.7598800882,-43940,349
1621845370914,1621845370924,10,-1,127,-1.0,-1,-1
1621845370954,1621845370964,10,-1,48,2131.24391330626,-1,-1
1621845371054,1621845371144,90,8,131,4908.7440553696,-5758,146
1621845371204,1621845371214,10,-1,30,-1.0,-1,-1
1621845371274,1621845371334,60,7,615,32119.3570824259,-1,174
1621845371464,1621845371524,60,7,444,-1.0,-19667,233
1621845371533,1621845371543,9,-1,37,2044.32235449886,-1,-1
1621845371673,1621845371703,30,1,59,2129.84994185205,-2873,276
1621845371793,1621845371813,20,1,55,4567.86299984128,-1104,59
1621845371833,1621845371943,110,4,86,3478.3571172391,-1711,75
1621845372153,1621845372293,140,7,162,7300.92869073838,-6000,311
1621845372303,1621845372363,60,2,87,7684.37339366719,-4654,264
1621845372533,1621845372543,10,-1,44,2298.46588440003,-1,-1
1621845372713,1621845372753,40,4,189,9554.00825675563,-11667,96
1621845373702,1621845373752,50,9,472,22441.2058943538,-37045,269
1621845373862,1621845373912,50,9,422,-1.0,-11973,272
1621845374042,1621845374152,110,11,200,4037.55813814103,-8373,265
1621845374442,1621845374592,150,33,419,13611.6431922112,-10875,84
1621845374951,1621845374961,10,-1,31,-1.0,-1,-1
1621845375071,1621845375111,40,4,152,6953.85892410452,-7150,244
1621845375391,1621845375431,40,7,292,14492.9042808845,-15570,103
1621845375691,1621845375721,30,1,96,4848.28465177681,-2969,68
1621845375861,1621845375891,30,0,46,1303.595290424,-1286,263
1621845375921,1621845375941,20,0,43,1807.5190040424,-259,275
1621845376121,1621845376141,20,3,338,17435.5749136411,-1,281
1621845376550,1621845376590,40,2,82,2898.03263288246,-4184,230
1621845376800,1621845376850,50,12,356,14332.8439704319,-4788,281
1621845377590,1621845377650,60,13,396,2861.09332703969,-20355,14
1621845377820,1621845377840,20,2,229,13578.8454752181,-1,191
1621845377900,1621845377920,20,2,235,-1.0,-5023,192
1621845377980,1621845378019,39,1,68,-1.0,-1910,90
1621845378169,1621845378189,20,0,49,3373.17827941088,-324,66
1621845378209,1621845378379,170,7,74,3067.92249953519,-2731,351
1621845378469,1621845378489,20,0,50,3842.78720086454,-1004,61
1621845378519,1621845378589,70,14,338,15472.3756022871,-11757,18
1621845378629,1621845378659,30,0,42,1046.5934022141,-667,93
1621845378689,1621845378719,30,0,41,1279.00830254363,-561,143
1621845378749,1621845378829,80,15,371,13797.500163516,-13265,196
1621845379349,1621845379638,289,29,543,19400.6840354376,-17618,341
1621845379648,1621845379668,20,0,45,929.79389638162,-1,132
1621845379678,1621845379718,40,1,47,2206.78962728888,-1352,194
1621845379918,1621845379928,10,-1,31,1209.45081279822,-1,-1
1621845380018,1621845380068,50,8,1080,77674.6191289932,-1,193
1621845380198,1621845380248,50,7,385,222.103964731969,-16372,244
1621845380328,1621845380338,10,-1,35,-1.0,-1,-1
1621845380378,1621845380458,80,19,392,20988.2834993446,-21740,207
1621845380478,1621845380518,40,2,75,3607.51534573698,-2139,67
1621845380538,1621845380578,40,3,95,5415.41338185639,-22,319
1621845380648,1621845380698,50,4,267,2640.6370260284,-16511,294
1621845380718,1621845380738,20,0,58,4172.85002375307,-2236,342
1621845380768,1621845380828,60,5,213,11348.6484670473,-12667,135
1621845381208,1621845381238,30,5,313,-1.0,-10732,74
1621845381337,1621845381367,30,1,54,2212.90385415307,-1889,241
1621845381447,1621845381497,50,6,219,11207.2710214014,-11678,135
1621845381507,1621845381517,10,-1,30,352.155264735664,-1,-1
1621845381647,1621845381667,20,0,44,2842.54555496115,-675,245
1621845381767,1621845381827,60,2,59,1437.40869860587,-1455,235
1621845381897,1621845381907,10,-1,41,-1.0,-1,-1
1621845381987,1621845382057,70,19,372,26028.1775455643,-14040,7
1621845382137,1621845382177,40,1,44,1216.04480946005,-234,168
1621845382187,1621845382197,10,-1,32,349.615782437634,-1,-1
1621845382207,1621845382237,30,4,228,13445.2887477356,-13140,347
1621845382257,1621845382277,20,0,45,3367.39968908862,-558,102
1621845382307,1621845382377,70,3,71,2005.78524148633,-2828,123
1621845382527,1621845382547,20,2,223,-1.0,-11525,245
1621845382557,1621845382627,70,7,218,10270.7555215779,-12044,275
1621845382647,1621845382667,20,0,43,1384.39316771303,-1,191
1621845382697,1621845382727,30,1,82,3250.47527393984,-1,134
1621845382737,1621845382747,10,-1,45,3404.50679434725,-1,-1
1621845382956,1621845383066,110,10,276,-1.0,-9769,257
1621845384156,1621845384256,100,10,322,16044.6851456396,-14614,45
1621845384356,1621845384436,80,5,321,594.127035067582,-10526,244
1621845384575,1621845384585,10,-1,41,3033.60928254855,-1,-1
1621845384635,1621845384645,10,-1,39,2944.97592078117,-1,-1
1621845384735,1621845384745,10,-1,42,2038.20053882488,-1,-1
1621845384935,1621845385015,80,14,342,16352.0842252665,-9918,358
1621845385055,1621845385075,20,1,60,3831.56001308145,-318,318
1621845385095,1621845385115,20,0,50,2565.28633293695,-785,232
1621845385425,1621845385455,30,2,94,6817.83128725311,-4738,217
1621845385685,1621845385725,40,2,411,27449.1049568346,-1,156
1621845385865,1621845385945,80,31,2235,92949.8754968157,-215545,309
1621845386095,1621845386154,59,13,443,24720.3304836814,-22017,191
1621845386294,1621845386314,20,1,80,6492.94315132601,-3541,232
1621845386334,1621845386354,20,1,78,5208.09010781895,-1,51
1621845386504,1621845386524,20,1,81,7308.92356112505,-1,197
1621845386614,1621845386624,10,-1,32,536.27161345121,-1,-1
1621845386634,1621845386654,20,0,45,1297.34493427986,-1,34
1621845386724,1621845386744,20,1,80,5422.74897874777,-510,247
1621845386844,1621845386854,10,-1,31,1276.92713147736,-1,-1
1621845386914,1621845386994,80,4,115,4881.21980205074,-3111,340
1621845387264,1621845387294,30,1,192,10760.4253788767,-6594,282
1621845387354,1621845387554,200,13,123,7076.66787783545,-2890,343
1621845387634,1621845387654,20,0,101,-1.0,-7100,323
1621845387664,1621845387774,110,3,57,1935.23399088158,-1151,11
1621845387784,1621845387823,39,1,104,4786.88218005122,-1,10
1621845387883,1621845388063,180,19,325,11172.1307472983,-12574,267
1621845388213,1621845388253,40,4,176,10682.4367921645,-10153,345
1621845388333,1621845388423,90,4,77,1797.32607352919,-3303,150
1621845388453,1621845388503,50,1,45,1619.63741760297,-1280,153
1621845388563,1621845388613,50,5,203,11573.7831139843,-9539,38
1621845388623,1621845388643,20,0,40,1339.38085449376,-1,144
1621845388913,1621845388973,60,10,293,15926.2026054324,-9118,165
1621845389043,1621845389063,20,0,46,1578.33773523029,-1,333
1621845389173,1621845389233,60,7,256,11480.5374178492,-11003,347
1621845389313,1621845389353,40,1,67,2961.14960450843,-153,343
1621845389472,1621845389482,10,-1,33,699.234264552255,-1,-1
1621845389492,1621845389502,10,-1,47,2157.01142773831,-1,-1
1621845390282,1621845390312,30,2,136,7904.03297057681,-6606,287
1621845390452,1621845390472,20,0,121,8030.5679492088,-1,118
1621845390532,1621845390572,40,6,269,3949.05283041056,-10297,105
1621845390582,1621845390592,10,-1,46,1897.5763574176,-1,-1
1621845390622,1621845390642,20,0,39,2691.74024327017,-382,201
1621845390732,1621845390742,10,-1,55,3192.64317312292,-1,-1
1621845390872,1621845390912,40,5,207,12587.3931957246,-12650,162
1621845390992,1621845391002,10,-1,31,338.6594303489,-1,-1
1621845391191,1621845391281,90,12,242,7430.55791084364,-9960,285
1621845391361,1621845391371,10,-1,33,-1.0,-1,-1
1621845391401,1621845391421,20,0,59,2569.79221357566,-1,101
1621845391501,1621845391521,20,0,44,1761.82308881097,-1,75
1621845391531,1621845391591,60,4,129,9328.92934933301,-3253,243
1621845391601,1621845391621,20,0,55,3731.73311754719,-2,53
1621845391671,1621845391721,50,4,278,17349.672014814,-37,183
1621845391781,1621845391791,10,-1,53,-1.0,-1,-1
1621845391801,1621845391871,70,3,74,4572.252895,-766,359
1621845391961,1621845392011,50,6,395,18872.9819714145,-1,343
1621845392231,1621845392311,80,20,1021,10999.0388741579,-60859,196
1621845392371,1621845392441,70,4,330,17181.3854753372,-5344,156
1621845392521,1621845392611,90,2,186,6296.87487197812,-4558,273
1621845392670,1621845392720,50,1,88,3912.81651663573,-845,252
1621845392790,1621845392800,10,-1,34,2528.90456967853,-1,-1
1621845393290,1621845393340,50,2,58,1714.15478509868,-272,29
1621845393410,1621845393440,30,1,77,3069.6239388941,-3468,285
1621845393750,1621845393780,30,2,119,6526.44755494429,-5353,302
1621845393950,1621845393960,10,-1,44,2110.61747893092,-1,-1
1621845394060,1621845394090,30,2,115,7486.64436459286,-6866,224
1621845395019,1621845395049,30,1,77,1309.57038316482,-2791,145
1621845395069,1621845395079,10,-1,30,1240.37292414888,-1,-1
1621845395389,1621845395419,30,2,140,7443.16003958769,-8187,295
1621845395869,1621845395909,40,2,152,4819.77569189342,0,80
1621845396088,1621845396098,10,-1,31,1648.56289775138,-1,-1
1621845396148,1621845396168,20,0,50,2131.61939881536,-1389,275
1621845396188,1621845396208,20,0,44,1292.74308155674,-1,219
1621845396798,1621845396808,10,-1,32,452.159499090255,-1,-1
1621845397607,1621845397637,30,2,138,7371.30003535517,-5755,349
1621845397997,1621845398027,30,0,41,744.487555272262,-991,244
1621845398077,1621845398317,240,18,154,5870.90388706898,-8134,249
1621845398337,1621845398347,10,-1,30,65.139579623478,-1,-1
1621845399336,1621845399406,70,3,66,1428.9162227981,-2944,44
1621845399506,1621845399666,160,8,67,3036.38257916334,-3098,72
1621845399686,1621845399716,30,1,53,2162.0940725002,-1864,76
1621845399776,1621845399786,10,-1,31,1118.57624567841,-1,-1
1621845399886,1621845399926,40,1,50,268.917399235952,-575,163
1621845399956,1621845399976,20,0,47,2435.74250642295,-1,210
1621845399996,1621845400086,90,4,131,5959.29492654827,-734,218
1621845400176,1621845400216,40,1,71,3288.55995323723,-2747,231
1621845400236,1621845400256,20,0,34,1039.43587467561,-1,142
1621845400266,1621845400316,50,2,78,2548.17925994381,-1725,215
1621845400326,1621845400346,20,1,267,20874.7614224993,-1,109
1621845400406,1621845400476,70,2,152,11639.0748037617,-1,308
1621845400496,1621845400506,10,-1,55,2786.25282878791,-1,-1
1621845400516,1621845400566,50,2,62,2397.28297674844,-2708,188
1621845400696,1621845400706,10,-1,32,1319.1160578856,-1,-1
1621845401215,1621845401265,50,2,50,2534.94214063444,-1184,306
1621845403324,1621845403354,30,2,96,5120.3038515453,-2173,345
1621845403794,1621845403814,20,1,67,5439.02459682681,-580,243
1621845404063,1621845404113,50,3,131,8283.73216708118,-8901,61
1621845404543,1621845404573,30,2,93,5748.56814584713,-2734,78
1621845404793,1621845404863,70,7,199,5733.83449332797,-5935,187
1621845405153,1621845405213,60,3,790,1346.33362866723,-56800,28
1621845405233,1621845405283,50,2,211,19567.6569910678,-14746,313
1621845405293,1621845405373,80,7,377,19505.3003990364,-19937,184
1621845405433,1621845405603,170,6,277,19592.167944065,-15108,220
1621845405623,1621845405673,50,2,177,8630.15032675482,-11094,346
1621845405682,1621845405732,49,1,51,2824.98722897064,-1211,358
1621845405762,1621845405832,70,10,321,13867.3339265055,-12896,322
1621845406002,1621845406032,30,2,120,9202.72648988711,-8670,54
1621845406042,1621845406142,100,3,160,11116.725727174,-10566,271
1621845406152,1621845406162,10,-1,39,3207.34778157577,-1,-1
1621845406182,1621845406282,100,0,308,18229.1612135773,-6774,345
1621845406462,1621845406642,180,15,208,11210.0895542827,-11343,189
1621845406702,1621845406712,10,-1,51,-1.0,-1,-1
1621845406732,1621845406762,30,1,72,4138.06197833261,-3007,145
1621845406772,1621845406792,20,0,92,3821.767373832,-1,130
1621845406852,1621845406902,50,1,57,-1.0,-819,110
1621845407022,1621845407072,50,1,72,2078.59765636532,-1,263
1621845407152,1621845407192,40,2,101,3238.97140328316,-2538,303
1621845407341,1621845407351,10,-1,39,2182.40037544274,-1,-1
1621845407411,1621845407421,10,-1,460,-1.0,-1,-1
1621845407551,1621845407621,70,2,717,59854.3359575742,-18240,70
1621845407681,1621845407851,170,13,162,2351.79971987433,-3001,337
1621845407861,1621845407901,40,1,62,4196.18827963727,-1266,152
1621845408191,1621845408201,10,-1,56,2988.72785903376,-1,-1
1621845408261,1621845408281,20,0,70,-1.0,-2619,140
1621845408301,1621845408331,30,1,65,3573.23086393083,-1569,171
1621845408351,1621845408501,150,5,388,27818.2427776239,-12772,251
1621845408611,1621845408751,140,4,394,8369.27232209903,-14785,173
1621845408801,1621845408821,20,0,98,6250.61277328553,-1,111
1621845408940,1621845408950,10,-1,33,2082.64066041891,-1,-1
1621845409030,1621845409040,10,-1,34,544.153059946553,-1,-1
1621845409160,1621845409170,10,-1,32,1578.67592885723,-1,-1
1621845409200,1621845409220,20,0,31,939.558498512232,-1,239
1621845409360,1621845409370,10,-1,33,2338.97065359765,-1,-1
1621845409590,1621845409600,10,-1,31,788.368047853875,-1,-1
1621845409750,1621845409790,40,1,115,4363.80165037053,-1,86
1621845409990,1621845410000,10,-1,33,1023.7070145883,-1,-1
1621845410020,1621845410030,10,-1,30,1138.35326364095,-1,-1
1621845410250,1621845410260,10,-1,55,-1.0,-1,-1
1621845410400,1621845410410,10,-1,38,1145.46604069001,-1,-1
1621845410440,1621845410450,10,-1,30,1200.46758485705,-1,-1
1621845410460,1621845410470,10,-1,33,2558.63803792356,-1,-1
1621845410649,1621845410679,30,1,71,3502.81357006731,-730,319
1621845411019,1621845411209,190,11,138,6654.89624036718,-4154,84
1621845411279,1621845411489,210,10,97,2845.12596349935,-3763,247
1621845411549,1621845411559,10,-1,73,-1.0,-1,-1
1621845411689,1621845411699,10,-1,35,1326.3395968646,-1,-1
1621845412548,1621845412568,20,0,103,6982.02604758387,-1,274
1621845412648,1621845412658,10,-1,50,-1.0,-1,-1
1621845413318,1621845413328,10,-1,32,2664.47407593383,-1,-1
1621845414597,1621845414627,30,1,127,-1.0,-6055,110
1621845415357,1621845415397,40,3,142,7791.06290529955,-7356,302
1621845415776,1621845415806,30,1,74,4112.58093555509,-2259,143
1621845416246,1621845416276,30,3,171,12148.3514423039,-1,278
1621845416286,1621845416296,10,-1,59,3538.55876347965,-1,-1
1621845416416,1621845416476,60,6,401,-1.0,-12484,299
1621845416486,1621845416556,70,2,61,1511.7503206899,-627,83
1621845416576,1621845416656,80,7,219,6199.51513473666,-11438,154
1621845416676,1621845416696,20,0,53,1955.92828634572,-1,121
1621845417765,1621845417795,30,0,42,-1.0,-1275,266
1621845417805,1621845417815,10,-1,32,744.346301764375,-1,-1
1621845417845,1621845417935,90,4,86,3391.85560629625,-3081,269
1621845418265,1621845418295,30,0,142,10806.8268379897,-335,56
1621845418635,1621845418645,10,-1,88,-1.0,-1,-1
1621845418724,1621845418774,50,2,74,3990.36857732973,-2308,242
1621845418804,1621845418824,20,1,185,11800.2394733135,-1,225
1621845418884,1621845418894,10,-1,42,-1.0,-1,-1
1621845419064,1621845419104,40,4,196,10749.487515924,-9544,288
1621845419304,1621845419364,60,15,386,16115.7669745198,-13495,1
1621845419384,1621845419394,10,-1,42,1597.18949534532,-1,-1
1621845419504,1621845419574,70,2,90,5497.89630236262,-2088,113
1621845419764,1621845419834,70,3,384,21142.561435135,-27829,226
1621845419884,1621845419924,40,1,241,17413.7760645729,-1,194
1621845419994,1621845420004,10,-1,55,4644.55296224226,-1,-1
1621845420014,1621845420034,20,0,34,2629.34019119472,-1,245
1621845420184,1621845420194,10,-1,32,716.685456861938,-1,-1
1621845420254,1621845420314,60,14,317,14091.1050369942,-16323,19
1621845420473,1621845420513,40,4,370,16237.3414824485,-163,98
1621845420663,1621845420743,80,9,285,4976.2823377563,-9746,247
1621845421273,1621845421303,30,4,356,16970.6361434668,-1,355
1621845421363,1621845421413,50,2,181,8676.45631868391,-12281,349
1621845421683,1621845421703,20,1,125,-1.0,-5350,8
1621845422152,1621845422172,20,1,114,48.0411525205881,-1,155
1621845422232,1621845422252,20,0,154,-1.0,-11423,138
1621845422572,1621845422642,70,9,274,15019.6379577581,-23927,76
1621845422692,1621845422712,20,0,61,5592.15952312238,-1727,296
1621845422722,1621845422752,30,0,42,1073.48208920669,-1,286
1621845422772,1621845422792,20,0,43,1035.05162711982,-1,159
1621845422812,1621845422822,10,-1,84,7638.02529470228,-1,-1
1621845423082,1621845423132,50,2,533,958.887669666126,-32290,8
1621845423502,1621845423581,79,1,169,3278.09992326863,-12697,347
1621845423611,1621845423621,10,-1,43,2560.97810829154,-1,-1
1621845423821,1621845423871,50,9,659,14657.3758865223,-39555,243
1621845423941,1621845423961,20,0,70,6846.47820663438,-3617,286
1621845424011,1621845424101,90,11,215,11915.0679069722,-5330,247
1621845424641,1621845424701,60,3,453,14162.3257234446,-39400,287
1621845424861,1621845424921,60,4,119,2986.17427898241,-5350,344
1621845425440,1621845425460,20,1,258,16292.723336775,-1,88
1621845425570,1621845425630,60,10,310,22552.1475901738,-12016,273
1621845426300,1621845426330,30,4,248,14892.1817207484,-1,70
1621845426780,1621845426869,89,5,353,9247.13638171236,-24211,38
1621845426909,1621845426919,10,-1,34,644.252699595624,-1,-1
1621845426929,1621845427009,80,2,82,3264.029950334,-3097,234
1621845427029,1621845427049,20,1,86,7646.56047947291,-2204,138
1621845427469,1621845427509,40,7,302,17042.0297950476,-14189,10
1621845427549,1621845427559,10,-1,32,1514.30220302674,-1,-1
1621845427849,1621845427859,10,-1,39,1728.06835474257,-1,-1
1621845427919,1621845427959,40,4,162,9010.95723105696,-8011,212
1621845428019,1621845428049,30,1,78,4209.53607447669,-3897,144
1621845428209,1621845428259,50,14,413,23748.6530243218,-16047,351
1621845428399,1621845428419,20,0,36,2620.25274083353,-180,131
1621845428658,1621845428688,30,1,70,4597.83229667018,-3033,121
1621845428948,1621845428998,50,3,162,7957.2162898372,-5824,197
1621845429018,1621845429028,10,-1,39,3640.3191207308,-1,-1
1621845429178,1621845429318,140,11,249,8796.11295921498,-17087,188
1621845429368,1621845429388,20,0,36,2069.36110636457,-3,138
1621845429398,1621845429418,20,0,49,2694.66431803852,-41,97
1621845429438,1621845429458,20,1,81,6832.01202034187,-871,293
1621845429498,1621845429518,20,0,36,1684.24418336047,-4,121
1621845429568,1621845429588,20,0,103,4612.09469155343,-1,75
1621845430038,1621845430207,169,6,342,11890.8894628441,-19212,225
1621845430357,1621845430407,50,13,467,22642.9360159449,-37930,265
1621845430427,1621845430437,10,-1,47,3460.39287011925,-1,-1
1621845430577,1621845430587,10,-1,32,2487.69207853569,-1,-1
1621845430627,1621845430717,90,11,388,22821.436704657,-16205,2
1621845431017,1621845431067,50,2,58,4324.48261058512,-2609,295
1621845431097,1621845431107,10,-1,54,2905.52885340244,-1,-1
1621845431237,1621845431267,30,4,335,14842.6553309157,-1,66
1621845431337,1621845431407,70,23,680,26161.9686587517,-46724,266
1621845431417,1621845431437,20,0,42,3053.99904636562,-879,75
1621845431517,1621845431527,10,-1,36,2877.50540132733,-1,-1
1621845431537,1621845431577,40,5,202,13987.9625502792,-14244,280
1621845431587,1621845431597,10,-1,32,296.218869989048,-1,-1
1621845431696,1621845431706,10,-1,46,3063.03753885249,-1,-1
1621845431776,1621845431786,10,-1,84,-1.0,-1,-1
1621845431816,1621845431836,20,1,218,15659.5348405427,-1,28
1621845432116,1621845432126,10,-1,38,1403.75848856038,-1,-1
1621845432186,1621845432196,10,-1,37,-1.0,-1,-1
1621845432356,1621845432376,20,0,60,2380.51166645943,-1,111
1621845432436,1621845432446,10,-1,38,-1.0,-1,-1
1621845432516,1621845432556,40,4,224,14202.0528796379,-441,173
1621845432766,1621845432816,50,8,238,10096.4109654475,-12181,266
1621845432846,1621845432856,10,-1,31,269.409165330923,-1,-1
1621845432996,1621845433046,50,2,434,21775.1901809621,-4052,101
1621845433835,1621845433905,70,7,160,6593.34305395423,-12063,299
1621845434025,1621845434115,90,2,174,8589.39057325227,-8825,247
1621845434135,1621845434205,70,3,93,3631.41120744002,-1867,117
1621845434295,1621845434505,210,12,209,8530.47926165149,-7806,118
1621845434625,1621845434655,30,0,44,1315.59937508909,-1122,283
1621845434705,1621845434835,130,4,181,14769.1676906559,-7669,285
1621845434984,1621845434994,10,-1,147,-1.0,-1,-1
1621845435004,1621845435124,120,7,102,9359.16702695128,-4003,265
1621845435144,1621845435214,70,3,203,10645.7173592464,-9312,150
1621845436094,1621845436124,30,2,101,126.701483153765,-5925,310
1621845437473,1621845437523,50,12,369,19569.5725338957,-7074,235
1621845437533,1621845437583,50,10,547,33945.6807013297,-47205,271
1621845437603,1621845437623,20,1,72,2926.12541864557,-1,152
1621845437683,1621845437713,30,5,259,15790.8983805423,-5656,209
1621845438033,1621845438053,20,0,41,-1.0,-931,90
1621845438332,1621845438382,50,2,79,2771.3578874807,-1880,276
1621845438472,1621845438522,50,7,299,14428.4924381378,-1,94
1621845438632,1621845438772,140,7,125,5193.54199706865,-3689,278
1621845439172,1621845439242,70,7,219,12450.9826536446,-5998,226
1621845439392,1621845439442,50,4,133,7558.30728819199,-3254,298
1621845440411,1621845440441,30,25,1243,62209.4958561405,-1,81
1621845440561,1621845440651,90,1,313,12168.6541598325,-11648,303
1621845440671,1621845440691,20,0,35,996.521552978918,-11,180
1621845441011,1621845441061,50,4,170,7817.18944888128,-8118,255
1621845441301,1621845441351,50,3,139,4667.09668995003,-7026,332
1621845441520,1621845441700,180,15,483,27445.7584025385,-5016,70
1621845441910,1621845441940,30,7,531,-1.0,-17874,268
1621845442150,1621845442220,70,6,158,1395.84047382081,-4025,275
1621845442230,1621845442290,60,2,45,1357.23640147982,-384,241
1621845442300,1621845442320,20,0,33,547.256094554275,-1,240
1621845442370,1621845442390,20,0,43,2445.87836595971,-1,291
1621845442460,1621845442520,60,18,528,18957.5661848973,-23516,98
1621845442540,1621845442570,30,2,110,6376.94816454071,-6930,88
1621845442750,1621845442800,50,1,106,5497.91674545915,-7379,172
1621845443149,1621845443169,20,0,67,4625.46589248833,-168,321
1621845443509,1621845443559,50,6,179,8902.07483203935,-6250,241
1621845443819,1621845443869,50,6,200,13532.4328356256,-7210,351
1621845443949,1621845443959,10,-1,59,-1.0,-1,-1
1621845444119,1621845444149,30,2,106,5716.1619038023,-3789,2
1621845444669,1621845444718,49,8,295,15953.5585810591,-13226,179
1621845445298,1621845445338,40,4,170,5507.73491395205,-9425,4
1621845445708,1621845445768,60,6,200,6968.53887261981,-10117,124
1621845446527,1621845446557,30,4,205,-1.0,-11250,107
1621845446857,1621845446867,10,-1,83,5411.9489236741,-1,-1
1621845446967,1621845447087,120,41,1452,4044.86775990143,-60893,221
1621845447107,1621845447127,20,0,54,2020.80760430402,-1,138
1621845447227,1621845447237,10,-1,48,-1.0,-1,-1
1621845447247,1621845447297,50,6,236,13901.2851349154,-8354,230
1621845447677,1621845447717,40,6,284,15863.8285135963,-1,5
1621845447777,1621845447787,10,-1,65,-1.0,-1,-1
1621845447986,1621845448006,20,5,471,25039.4399536053,-1,191
1621845448076,1621845448086,10,-1,31,379.124777349267,-1,-1
1621845448186,1621845448226,40,0,109,8853.53184938562,-3020,82
1621845448246,1621845448266,20,1,73,5215.49728353311,-2015,75
1621845448296,1621845448386,90,16,365,14747.3860720836,-13494,23
1621845448496,1621845448506,10,-1,81,-1.0,-1,-1
1621845448626,1621845448716,90,6,91,3031.6511323222,-5870,280
1621845448816,1621845448836,20,1,178,14313.7507110636,-1,182
1621845449066,1621845449086,20,0,97,-1.0,-6193,199
1621845449146,1621845449156,10,-1,35,1554.00502189203,-1,-1
1621845449286,1621845449376,90,9,289,16687.1338437401,-10020,313
1621845449416,1621845449426,10,-1,30,712.580567916182,-1,-1
1621845449486,1621845449506,20,0,54,3260.29372214657,-1033,78
1621845449536,1621845449556,20,4,560,33282.1003242227,-1,202
1621845449615,1621845449655,39,0,93,1800.21757364798,-4949,165
1621845449835,1621845449855,20,1,170,13275.7797940607,-1,162
1621845449935,1621845449945,10,-1,51,-1.0,-1,-1
1621845449965,1621845450035,70,6,113,3185.30543865106,-4190,49
1621845450055,1621845450095,40,1,41,1712.2816232793,-885,40
1621845450115,1621845450125,10,-1,37,974.224020300674,-1,-1
1621845450375,1621845450455,80,2,139,8872.04960467332,-9649,10
1621845450655,1621845450675,20,0,47,1507.40851074656,-1,199
1621845450905,1621845450955,50,3,120,7887.15560226074,-6696,166
1621845451015,1621845451025,10,-1,39,-1.0,-1,-1
1621845451105,1621845451125,20,0,58,2612.06020494041,-1,274
1621845451174,1621845451204,30,0,42,3495.64721746357,-54,356
1621845451234,1621845451254,20,0,68,4068.74725524432,-1,225
1621845451264,1621845451284,20,0,35,1106.35849217922,-1,70
1621845451314,1621845451334,20,1,54,3799.64768259424,-1532,55
1621845451374,1621845451384,10,-1,73,4730.14279666869,-1,-1
1621845451394,1621845451404,10,-1,127,10328.8682793489,-1,-1
1621845451464,1621845451474,10,-1,33,-1.0,-1,-1
1621845451644,1621845451664,20,0,49,3129.33839498702,-1,171
1621845452034,1621845452084,50,8,261,14292.2047295868,-9843,342
1621845452264,1621845452274,10,-1,625,-1.0,-1,-1
1621845452384,1621845452484,100,6,719,26193.8095890663,-24025,166
1621845452584,1621845452604,20,0,30,164.475327505377,-24,180
1621845452903,1621845452923,20,0,71,3866.22312180463,-1,284
1621845453133,1621845453183,50,1,39,1929.04247479628,-761,90
1621845453323,1621845453423,100,3,137,8389.39772382726,-8222,278
1621845453433,1621845453483,50,0,49,2802.08832785059,-1410,284
1621845453543,1621845453573,30,1,85,-1.0,-4255,207
1621845453583,1621845453603,20,0,58,4015.04411265875,-1141,285
1621845453613,1621845453723,110,6,107,4118.59100543634,-3993,290
1621845453763,1621845453793,30,1,76,4719.04047794437,-3577,3
1621845454053,1621845454263,210,11,79,1618.44984523478,-1097,101
1621845454053,1621845454263,210,11,79,1618.44984523478,-1097,101
1621845454273,1621845454313,40,4,238,19805.7864791794,-4485,321
1621845454323,1621845454472,149,8,172,11555.2674829791,-11906,240
1621845454642,1621845454682,40,1,57,2080.20092434157,-1922,33
1621845454732,1621845454742,10,-1,64,3770.55770696164,-1,-1
1621845455072,1621845455102,30,2,122,6771.92726746785,-3286,180
1621845455162,1621845455172,10,-1,31,801.592784222902,-1,-1
1621845455562,1621845455582,20,0,51,3466.35851174693,-1,22
1621845455912,1621845455922,10,-1,38,-1.0,-1,-1
1621845457361,1621845457441,80,14,348,6260.78229380922,-13137,286
1621845458470,1621845458490,20,3,306,16192.5164561791,-1,357
1621845460749,1621845460829,80,10,908,17346.4440900326,-35888,143
1621845460839,1621845460919,80,5,120,3826.27669721855,-1042,264
1621845461008,1621845461038,30,6,336,20380.6905958919,-12580,86
1621845461118,1621845461138,20,0,40,1149.47397474185,-1,71
1621845461318,1621845461348,30,1,90,5209.55106992759,-3144,263
1621845462198,1621845462238,40,1,42,1559.95761487679,-4,66
1621845462408,1621845462458,50,3,191,8343.7198940669,-6,83
1621845462518,1621845462528,10,-1,35,-1.0,-1,-1
1621845462587,1621845462637,50,3,91,3273.8402195271,-2979,267
1621845462927,1621845463017,90,1,98,5974.07619506632,-2917,312
1621845463037,1621845463047,10,-1,37,815.671481895108,-1,-1
1621845463067,1621845463087,20,0,33,1151.38094243165,-1,246
1621845463497,1621845463517,20,0,33,643.906625607358,-1,270
1621845463567,1621845463607,40,2,133,9068.5243189732,-3230,4
1621845463767,1621845463807,40,3,150,7880.56987827387,-9008,223
1621845464366,1621845464396,30,1,84,4570.97574890002,-1863,23
1621845464546,1621845464556,10,-1,35,1689.76298427643,-1,-1
1621845464976,1621845465036,60,4,156,7068.89412043722,-7556,107
1621845465316,1621845465356,40,4,199,9394.60117258333,-9839,151
1621845465716,1621845465766,50,5,211,9869.65361422969,-11432,268
1621845466405,1621845466415,10,-1,37,1117.79330751969,-1,-1
1621845466475,1621845466485,10,-1,46,2325.75595617843,-1,-1
1621845466495,1621845466535,40,4,166,10644.5741808157,-48,91
1621845466545,1621845466555,10,-1,72,5675.35406619455,-1,-1
1621845466635,1621845466665,30,1,69,2279.98824558048,-1,341
1621845466675,1621845466685,10,-1,385,37522.800816289,-1,-1
1621845466845,1621845466885,40,8,838,8538.71486366979,-56648,11
1621845466945,1621845466995,50,2,111,-1.0,-3822,327
1621845467125,1621845467185,60,2,57,3283.49114639919,-1306,168
1621845467195,1621845467245,50,9,339,18760.2242246507,-1,337
1621845467335,1621845467474,139,5,1090,76255.3069912458,-74656,192
1621845467534,1621845467604,70,6,204,13725.8569702414,-8275,209
1621845467624,1621845467644,20,0,46,3595.99461163778,-1420,163
1621845467654,1621845467674,20,0,37,814.907137058611,-640,108
1621845467694,1621845467764,70,3,92,3786.04169245088,-1885,100
1621845467844,1621845467864,20,0,39,1233.64192991499,-442,296
1621845467874,1621845467934,60,2,51,1209.24615574266,-1439,293
1621845467954,1621845468004,50,2,65,1864.32150014252,-1642,277
1621845468034,1621845468054,20,0,32,465.322523729486,-123,260
1621845468084,1621845468124,40,1,44,1056.60727775273,-1353,262
1621845468224,1621845468284,60,7,232,11303.3299057512,-9556,279
1621845468344,1621845468354,10,-1,43,-1.0,-1,-1
1621845468674,1621845468724,50,4,176,10373.1575172071,-7742,89
1621845468824,1621845468834,10,-1,32,1285.94776046559,-1,-1
1621845468904,1621845468984,80,8,374,17699.0069709551,-16543,72
1621845469283,1621845469343,60,3,79,2550.30094419553,-2367,150
1621845469703,1621845469803,100,14,328,13071.5549541523,-12844,271
1621845470013,1621845470023,10,-1,31,1698.22810202429,-1,-1
1621845470143,1621845470163,20,0,135,-1.0,-8011,240
1621845470193,1621845470213,20,0,34,2467.35198743184,-117,53
1621845470583,1621845470623,40,3,159,8056.39772066459,-6007,27
1621845471092,1621845471112,20,0,56,3662.00263616724,-1046,90
1621845471262,1621845471272,10,-1,44,2052.4041839007,-1,-1
1621845471282,1621845471292,10,-1,32,651.498740527098,-1,-1
1621845471652,1621845471702,50,5,196,9385.13863901115,-7265,238
1621845471992,1621845472002,10,-1,30,1981.24659340974,-1,-1
1621845472092,1621845472112,20,0,36,1358.41339536693,-193,35
1621845472142,1621845472152,10,-1,30,266.903066492521,-1,-1
1621845472172,1621845472192,20,0,34,573.283718201822,0,33
1621845472222,1621845472262,40,4,173,7876.28433014294,-6771,2
1621845472301,1621845472321,19,0,32,1115.2893802758,-1,171
1621845472341,1621845472421,80,2,53,1876.73240066518,-1048,171
1621845472821,1621845472851,30,3,161,9469.75628446311,-7941,79
1621845473201,1621845473251,50,7,281,13535.6841045492,-13214,87
1621845473651,1621845473711,60,7,382,17419.0556686066,-19668,121
1621845473721,1621845473731,10,-1,31,2390.61789184779,-1,-1
1621845474040,1621845474060,20,0,55,4315.09535598003,-848,227
1621845474350,1621845474430,80,14,329,20149.90071352,-13173,272
1621845474470,1621845474510,40,1,41,1557.99574413431,-1018,104
1621845474690,1621845474700,10,-1,33,1022.68166947261,-1,-1
1621845474870,1621845474910,40,2,106,4829.52216264036,-3144,266
1621845475250,1621845475290,40,4,175,8097.76126935295,-7724,22
1621845475300,1621845475320,20,0,40,3048.92516292846,-714,239
1621845475599,1621845475619,20,1,167,11818.1754497929,-1,190
1621845475679,1621845475689,10,-1,31,-1.0,-1,-1
1621845475849,1621845475889,40,3,143,6690.08410110615,-6841,326
1621845476079,1621845476119,40,3,133,8208.16962367607,-7705,33
1621845476879,1621845476899,20,0,82,5226.95379022839,-1,131
1621845476999,1621845477019,20,0,74,-1.0,-2896,155
1621845477428,1621845477468,40,4,197,14348.7413773896,-13867,87
1621845477768,1621845477848,80,9,203,11317.7199898629,-9442,337
1621845477928,1621845477938,10,-1,31,-1.0,-1,-1
1621845478398,1621845478418,20,0,53,3135.06399166193,-1183,85
1621845478708,1621845478718,10,-1,45,3832.76208756342,-1,-1
1621845479787,1621845479817,30,1,69,3544.77725537717,-1,247
1621845479897,1621845479917,20,0,68,-1.0,-2159,265
1621845480387,1621845480436,49,3,132,5743.96640794456,-7605,204
1621845480866,1621845480896,30,1,70,3850.8134795641,-673,8
1621845481416,1621845481436,20,1,269,18010.4873154609,-1,90
1621845481626,1621845481736,110,4,465,11299.3989812655,-19287,216
1621845481796,1621845481856,60,0,141,8719.43586509745,-9882,90
1621845481916,1621845481936,20,1,87,4256.74913031853,-1,148
1621845481946,1621845481976,30,5,281,17772.5024295054,-9963,310
1621845482046,1621845482075,29,0,41,1612.64439396066,-1,132
1621845482245,1621845482255,10,-1,30,441.337154295708,-1,-1
1621845482345,1621845482355,10,-1,46,2065.4408523558,-1,-1
1621845482415,1621845482425,10,-1,33,789.663525730783,-1,-1
1621845482465,1621845482475,10,-1,33,479.026157368199,-1,-1
1621845482555,1621845482575,20,0,38,1920.67223068615,-1,167
1621845482705,1621845482725,20,0,87,4292.31064006483,-1,140
1621845482785,1621845482825,40,0,151,3544.31291332922,-10131,45
1621845482855,1621845482865,10,-1,219,19163.005359499,-1,-1
1621845482875,1621845482885,10,-1,294,27292.9377796969,-1,-1
1621845482945,1621845482985,40,2,173,6080.93335804779,-10627,313
1621845482995,1621845483045,50,2,126,11574.1584425417,-4139,304
1621845483055,1621845483125,70,1,110,4594.74601191189,-4597,132
1621845483135,1621845483165,30,1,100,6454.7347744586,-824,38
1621845483175,1621845483225,50,2,262,24602.5865795718,-8038,129
1621845483235,1621845483285,50,1,298,28109.2518722738,-11072,299
1621845483315,1621845483325,10,-1,42,1996.53052198765,-1,-1
1621845483664,1621845483674,10,-1,30,122.016468033125,-1,-1
1621845483734,1621845483844,110,1,98,5872.30057181758,-5019,280
1621845483854,1621845483924,70,1,96,6276.15104214912,-6127,306
1621845483934,1621845483954,20,0,53,2407.9191092423,-1,322
1621845484024,1621845484044,20,0,47,2987.42501257604,-1,311
1621845484064,1621845484074,10,-1,32,997.116593017862,-1,-1
1621845484094,1621845484124,30,2,131,6155.39932647045,-42,344
1621845484134,1621845484154,20,1,151,13562.7302322701,-6817,174
1621845484334,1621845484384,50,3,181,9218.53940630015,-6839,220
1621845484874,1621845484914,40,3,146,6658.706461566,-7467,356
1621845485084,1621845485104,20,0,36,1354.31795291852,-1,90
1621845485124,1621845485204,80,2,73,2697.18101897998,-3326,135
1621845485293,1621845485353,60,2,59,2124.11702454274,-837,188
1621845485533,1621845485563,30,1,59,2892.51664346376,-1391,77
1621845485663,1621845485673,10,-1,140,-1.0,-1,-1
1621845485963,1621845486033,70,5,660,1382.24926274365,-42231,204
1621845486063,1621845486083,20,0,40,1846.0469754633,-348,123
1621845486093,1621845486153,60,10,273,13668.6809294235,-3790,261
1621845486213,1621845486223,10,-1,55,-1.0,-1,-1
1621845486233,1621845486243,10,-1,43,1860.98934655384,-1,-1
1621845486363,1621845486403,40,1,62,3475.71917737842,-28,218
1621845486453,1621845486463,10,-1,30,476.277423473442,-1,-1
1621845486982,1621845487012,30,10,600,42723.3315228062,-1,95
1621845487222,1621845487252,30,6,372,20862.0293754553,-1,125
1621845487312,1621845487432,120,5,1113,19670.8112587071,-106548,249
1621845487512,1621845487522,10,-1,223,-1.0,-1,-1
1621845487552,1621845487572,20,1,79,6641.34015510278,-1,142
1621845487682,1621845487722,40,2,86,5600.70433582689,-4004,337
1621845488062,1621845488082,20,0,88,-1.0,-4436,147
1621845488142,1621845488202,60,1,152,11279.6328579342,-6856,143
1621845488941,1621845488951,10,-1,92,8163.68248759217,-1,-1
1621845489031,1621845489041,10,-1,43,-1.0,-1,-1
1621845489161,1621845489191,30,1,57,2659.11130993483,-246,147
1621845489211,1621845489241,30,0,50,3184.07380768664,-884,308
1621845489251,1621845489261,10,-1,60,5088.76812928896,-1,-1
1621845489311,1621845489341,30,1,70,5258.86773127229,-1300,10
1621845489401,1621845489431,30,0,118,7848.46913594784,-2085,108
1621845489441,1621845489461,20,0,111,8958.50880972659,-7130,236
1621845489481,1621845489501,20,0,48,3606.09811025005,-1282,47
1621845489541,1621845489571,30,0,46,1195.65835623145,-1,351
1621845489581,1621845489591,10,-1,36,1976.490284488,-1,-1
1621845489741,1621845489761,20,0,57,3758.39598267877,-1356,61
1621845489861,1621845489871,10,-1,32,-1.0,-1,-1
1621845489891,1621845489901,10,-1,40,2653.65584107009,-1,-1
1621845489911,1621845489951,40,0,137,11136.4961894854,-5292,15
1621845490031,1621845490051,20,0,52,2778.1668048299,-1251,126
1621845490081,1621845490091,10,-1,31,298.483741894668,-1,-1
1621845490101,1621845490121,20,0,53,3220.67587611457,-1307,170
1621845490180,1621845490210,30,0,44,1688.02504650567,-1,31
1621845490230,1621845490250,20,0,39,974.02903260979,-1,243
1621845490260,1621845490290,30,0,45,2326.01625838571,-1227,8
1621845490300,1621845490370,70,5,252,11737.5049662826,-11483,1
1621845490430,1621845490470,40,1,102,2712.20694636148,-6878,307
1621845490550,1621845490610,60,1,164,13238.957158426,-4542,295
1621845490620,1621845490640,20,2,257,13023.9864383239,-1,6
1621845490700,1621845490830,130,6,440,20855.9312579173,-18847,313
1621845491000,1621845491090,90,10,497,19271.7156386505,-21621,225
1621845491100,1621845491140,40,4,143,11150.3051507904,-6889,200
1621845491150,1621845491170,20,0,118,5831.47218701932,-1,45
1621845491250,1621845491440,190,25,1162,96550.7317914352,-91184,144
1621845491500,1621845491550,50,17,727,4601.89310238291,-31210,200
1621845491560,1621845491570,10,-1,31,732.816735587301,-1,-1
1621845491580,1621845491600,20,0,40,1341.51995269884,-886,54
1621845491650,1621845491690,40,1,42,1813.69886291824,-444,41
1621845491829,1621845491839,10,-1,38,2064.32258393296,-1,-1
1621845491969,1621845491999,30,2,125,9354.45988881778,-3696,126
1621845492019,1621845492089,70,3,100,4832.31456384679,-4687,309
1621845492099,1621845492169,70,3,118,6681.5052643831,-7784,291
1621845492189,1621845492289,100,6,95,3761.44121268274,-3251,290
1621845492349,1621845492419,70,12,343,4892.84501431292,-16665,329
1621845492479,1621845492549,70,6,142,7195.3953392312,-3265,169
1621845492639,1621845492649,10,-1,34,1798.22365781974,-1,-1
1621845492659,1621845492669,10,-1,30,1941.46461849105,-1,-1
1621845492809,1621845492819,10,-1,45,1636.36600509504,-1,-1
1621845492909,1621845492939,30,0,40,278.291717896001,-19,287
1621845492999,1621845493069,70,7,554,29020.3353649963,-3760,131
1621845493209,1621845493289,80,6,466,34159.7746539628,-34292,311
1621845493319,1621845493339,20,0,31,846.58705800551,-5,351
1621845493379,1621845493418,39,1,81,5508.19550405175,-1340,185
1621845493508,1621845493578,70,2,397,15625.1687293781,-28123,91
1621845493598,1621845493608,10,-1,32,719.535446277556,-1,-1
1621845493688,1621845493768,80,6,253,18413.2712262729,-9972,127
1621845493778,1621845493788,10,-1,30,820.85279443745,-1,-1
1621845493968,1621845493978,10,-1,34,578.59288045975,-1,-1
1621845494018,1621845494028,10,-1,31,731.561162829264,-1,-1
1621845494088,1621845494098,10,-1,30,357.748969921673,-1,-1
1621845494118,1621845494138,20,0,34,723.202661576648,-200,303
1621845494168,1621845494178,10,-1,30,498.79565399048,-1,-1
1621845494348,1621845494358,10,-1,39,-1.0,-1,-1
1621845494428,1621845494468,40,1,46,2525.64414536302,-598,172
1621845494488,1621845494508,20,0,60,4936.75553100396,-1,151
1621845494528,1621845494538,10,-1,47,2084.47371356817,-1,-1
1621845494548,1621845494658,110,4,162,10057.6993492738,-8343,86
1621845494688,1621845494808,120,16,471,20944.4172392054,-9205,308
1621845494978,1621845495037,59,2,279,2931.00061582902,-10297,295
1621845495067,1621845495087,20,0,62,3603.44278528484,-2174,186
1621845495097,1621845495137,40,4,150,8289.95553208095,-2223,170
1621845495287,1621845495307,20,0,70,3621.81746901403,-1,294
1621845495387,1621845495417,30,1,55,1779.63844946211,-2077,306
1621845495437,1621845495467,30,1,72,3141.07505290656,-2073,260
1621845495507,1621845495547,40,3,172,11277.0205920183,-7341,285
1621845495567,1621845495607,40,2,88,5320.01040095652,-5703,283
1621845495617,1621845495637,20,0,43,2093.16704137032,-410,131
1621845495737,1621845495767,30,2,104,5105.10700761236,-190,295
1621845495777,1621845495787,10,-1,47,3049.93251274635,-1,-1
1621845495957,1621845495977,20,0,36,653.166600771157,-1,60
1621845496097,1621845496107,10,-1,46,2682.11516738336,-1,-1
1621845496117,1621845496367,250,26,564,26364.5381142953,-22693,141
1621845496427,1621845496437,10,-1,60,-1.0,-1,-1
1621845496497,1621845496517,20,0,106,-1.0,-7601,318
1621845496537,1621845496577,40,14,704,28050.5769114353,-1,312
1621845497456,1621845497476,20,4,233,17113.8155902668,-1,113
1621845497486,1621845497496,10,-1,46,3671.80476473977,-1,-1
1621845497506,1621845497556,50,1,135,6692.00168971728,-4714,39
1621845497616,1621845497756,140,4,461,18653.4977842389,-10799,34
1621845497766,1621845497816,50,3,143,8900.47870990931,-5428,284
1621845497876,1621845497916,40,0,84,605.131603559054,-3939,297
1621845498026,1621845498066,40,1,45,1218.72535180234,-1126,136
1621845498106,1621845498136,30,2,117,5985.4993361799,-5373,198
1621845498166,1621845498206,40,0,77,5243.05629131781,-4535,178
1621845498226,1621845498266,40,2,68,2120.55513423235,-389,157
1621845498325,1621845498365,40,1,318,455.768155796234,-27001,136
1621845498395,1621845498405,10,-1,33,410.182157113394,-1,-1
1621845498485,1621845498505,20,0,59,2994.38740741921,-1,114
1621845498515,1621845498535,20,1,139,6984.84175012324,-1,239
1621845498605,1621845498795,190,15,176,4931.73842698027,-3068,123
1621845498905,1621845499095,190,17,201,8208.29979961872,-9217,273
1621845499115,1621845499135,20,2,143,9376.9216954992,-1,290
1621845499475,1621845499505,30,1,82,7021.65137566075,-3619,69
1621845499545,1621845499585,40,2,107,2470.74792039093,-1,291
1621845499725,1621845499865,140,10,234,6407.01710334337,-6965,102
1621845499994,1621845500044,50,2,66,2071.08445579114,-2544,273
1621845500054,1621845500104,50,4,145,4586.3907121062,-235,293
1621845500114,1621845500344,230,12,174,8911.68386966933,-6911,334
1621845500554,1621845500594,40,4,329,-1.0,-12681,68
1621845500604,1621845500614,10,-1,51,3054.71092182126,-1,-1
1621845500624,1621845500704,80,11,571,34784.5219626885,-40087,277
1621845500904,1621845501064,160,4,1173,10421.0156101671,-82902,266
1621845501144,1621845501154,10,-1,75,-1.0,-1,-1
1621845501184,1621845501224,40,5,206,13543.4759067197,-12193,273
1621845501254,1621845501284,30,0,42,1256.53384000118,-569,108
1621845501294,1621845501334,40,1,35,304.171734031275,-49,107
1621845501344,1621845501513,169,7,1752,120864.696459064,-48620,333
1621845501743,1621845501813,70,3,77,3986.8315332955,-2232,68
1621845501833,1621845501873,40,2,83,3254.12327887822,-3762,234
1621845501883,1621845501923,40,4,153,10974.9634488491,-9090,204
1621845501963,1621845502073,110,2,181,11341.0187549601,-11479,95
1621845502083,1621845502093,10,-1,85,6062.38983222131,-1,-1
1621845502253,1621845502273,20,1,66,3996.16133256396,-2503,325
1621845502283,1621845502323,40,1,70,5133.59227470343,-2823,72
1621845502423,1621845502433,10,-1,89,7494.11122625306,-1,-1
1621845502513,1621845502523,10,-1,30,152.133843267132,-1,-1
1621845502663,1621845502723,60,5,238,16671.8814947943,-9100,105
1621845502783,1621845502803,20,1,56,1448.2688436044,-1,64
1621845502813,1621845502863,50,1,69,2085.9046063711,-2709,204
1621845502873,1621845502893,20,0,59,1903.82793527098,-1,246
1621845502973,1621845502983,10,-1,67,4234.3831258416,-1,-1
1621845503063,1621845503502,439,29,1249,84986.1846176167,-79421,153
1621845503522,1621845503642,120,12,149,4163.8197206967,-4695,280
1621845503672,1621845503812,140,7,77,1695.2782938084,-1820,59
1621845503822,1621845503832,10,-1,31,1101.07961157055,-1,-1
1621845503912,1621845503952,40,1,61,894.709067100104,-1690,258
1621845504022,1621845504122,100,10,363,16150.4559012097,-12532,87
1621845504182,1621845504202,20,0,45,-1.0,-1555,239
1621845504212,1621845504282,70,2,59,1878.5882670375,-1548,23
1621845504332,1621845504392,60,1,48,1307.67807438877,-914,329
1621845504432,1621845504452,20,0,38,855.27219845997,-168,347
1621845504502,1621845504512,10,-1,30,316.444761400928,-1,-1
1621845504532,1621845504552,20,0,43,1685.1152154213,-1283,0
1621845504612,1621845504622,10,-1,40,1092.95118419029,-1,-1
1621845504702,1621845504732,30,1,88,4164.54510227333,-2805,285
1621845504891,1621845504931,40,1,53,2771.0829340584,-425,77
1621845504991,1621845505041,50,3,106,-1.0,-2301,81
1621845505081,1621845505191,110,7,110,4879.84461506224,-2732,268
1621845505211,1621845505221,10,-1,68,6201.80671890085,-1,-1
1621845505301,1621845505311,10,-1,112,-1.0,-1,-1
1621845505321,1621845505431,110,9,153,5374.47976057468,-7012,80
1621845505451,1621845505481,30,1,113,9585.88077466488,-1392,68
1621845505561,1621845505771,210,16,182,10875.5615512988,-5562,262
1621845505841,1621845505941,100,9,433,27960.4347815173,-15177,119
1621845506001,1621845506041,40,1,105,1002.43148067745,-4918,95
1621845506061,1621845506071,10,-1,36,968.770846999282,-1,-1
1621845506081,1621845506211,130,6,137,6788.70010905385,-10131,274
1621845506231,1621845506241,10,-1,42,2993.13860261991,-1,-1
1621845506271,1621845506321,50,15,363,15304.852590018,-15813,331
1621845506331,1621845506341,10,-1,85,7276.63435091415,-1,-1
1621845506480,1621845506520,40,6,183,5963.53503454622,-9378,123
1621845506530,1621845506550,20,0,60,3033.50191842121,-1,132
1621845506560,1621845506580,20,0,44,2830.36281613533,-1305,257
1621845506600,1621845506650,50,3,131,7254.09385178283,-5150,306
1621845506670,1621845506710,40,2,62,2655.62113226019,-1350,340
1621845506720,1621845506740,20,2,107,8674.19022789071,-1,141
1621845506750,1621845506810,60,4,110,7789.97310577551,-3147,70
1621845506860,1621845506900,40,4,159,7332.69047696256,-1,79
1621845506980,1621845507000,20,0,74,-1.0,-3940,250
1621845507040,1621845507100,60,2,67,1649.08465750677,-213,259
1621845507160,1621845507170,10,-1,39,1540.30976689782,-1,-1
1621845507210,1621845507230,20,0,45,1746.8903010634,-1389,8
1621845507240,1621845507280,40,1,67,2236.71663637774,-2356,59
1621845507350,1621845507420,70,5,162,11351.7276291846,-7808,98
1621845507430,1621845507440,10,-1,31,262.025295385722,-1,-1
1621845507460,1621845507480,20,1,53,2946.02914479538,-1,330
1621845507510,1621845507550,40,3,143,8531.10277951278,-7641,253
1621845507560,1621845507570,10,-1,123,10847.7839693475,-1,-1
1621845507580,1621845507660,80,21,499,14843.5582698725,-10656,164
1621845507730,1621845507820,90,12,265,16285.860427187,-9964,271
1621845507840,1621845507850,10,-1,140,11616.3974178327,-1,-1
1621845507910,1621845507960,50,2,91,2805.1704656374,-2433,64
1621845507979,1621845508019,40,4,180,9125.08099094561,-8749,270
1621845508049,1621845508119,70,3,183,8321.58621548779,-1553,129
1621845508179,1621845508219,40,2,81,2266.95750450737,-3223,87
1621845508259,1621845508369,110,4,85,2218.6714351694,-4415,283
1621845508379,1621845508399,20,0,104,7432.43555137262,-1,45
1621845508459,1621845508569,110,13,597,8382.66708253081,-16907,6
1621845508589,1621845508739,150,19,728,47558.5885797677,-32482,141
1621845509029,1621845509119,90,44,1257,13194.0657623466,-49636,42
1621845509179,1621845509299,120,8,520,9243.82773464123,-21045,0
1621845509319,1621845509369,50,4,188,9413.08536260799,-11284,213
1621845509389,1621845509399,10,-1,57,3917.41862362019,-1,-1
1621845509409,1621845509419,10,-1,47,2027.76445274373,-1,-1
1621845509539,1621845509599,60,12,316,21772.9527632168,-9252,335
1621845509738,1621845509748,10,-1,565,-1.0,-1,-1
1621845509808,1621845509818,10,-1,307,-1.0,-1,-1
1621845509898,1621845509938,40,0,94,4791.05723222804,-5300,275
1621845509948,1621845509968,20,1,139,7667.10231797411,-1,265
1621845510028,1621845510068,40,2,75,4163.83020395869,-792,239
1621845510078,1621845510118,40,2,148,7906.99806506712,-997,96
1621845510198,1621845510208,10,-1,309,-1.0,-1,-1
1621845510238,1621845510288,50,1,57,2284.56066867321,-1903,233
1621845510368,1621845510378,10,-1,34,1250.77815781717,-1,-1
1621845510388,1621845510418,30,1,85,3652.14902721028,-1,97
1621845510478,1621845510488,10,-1,37,-1.0,-1,-1
1621845510508,1621845510518,10,-1,30,2706.16507743967,-1,-1
1621845510578,1621845510588,10,-1,38,1499.56700270008,-1,-1
1621845510648,1621845510678,30,1,48,2329.2349836385,-1745,146
1621845510828,1621845510918,90,23,494,15968.1937185521,-24926,156
1621845510928,1621845510938,10,-1,30,600.497338491519,-1,-1
1621845510958,1621845511008,50,1,51,1738.59880513849,-968,4
1621845511038,1621845511148,110,9,141,3523.52669578085,-7381,359
1621845511158,1621845511168,10,-1,39,2358.93762139704,-1,-1
1621845511188,1621845511267,79,3,163,11084.9346384064,-8368,215
1621845511307,1621845511357,50,2,66,3025.73671667733,-1959,29
1621845511507,1621845511667,160,15,514,34423.6427374081,-23658,324
1621845511877,1621845511947,70,8,521,19468.9623146386,-4217,175
1621845512057,1621845512367,310,10,382,19129.8781029803,-17544,40
1621845512747,1621845512757,10,-1,35,1003.7008381018,-1,-1
1621845512787,1621845512797,10,-1,32,471.21535473032,-1,-1
1621845512847,1621845512926,79,13,353,15517.3574208679,-14696,54
1621845513026,1621845513096,70,2,81,1203.48052710943,-4295,184
1621845513106,1621845513116,10,-1,32,286.752327069805,-1,-1
1621845513376,1621845513456,80,11,284,9186.99603917422,-13912,236
1621845513476,1621845513486,10,-1,38,1526.05410003061,-1,-1
1621845513496,1621845513506,10,-1,35,610.714022300505,-1,-1
1621845513716,1621845513726,10,-1,30,-1.0,-1,-1
1621845513786,1621845513796,10,-1,33,460.009659239789,-1,-1
1621845513946,1621845513956,10,-1,33,691.533533025005,-1,-1
1621845513986,1621845514086,100,6,220,14301.1906521996,-9393,257
1621845514116,1621845514126,10,-1,38,1023.81920360336,-1,-1
1621845514166,1621845514186,20,0,40,1945.05758408712,-1,33
1621845514525,1621845514535,10,-1,34,1446.82393770571,-1,-1
1621845514545,1621845514555,10,-1,35,636.837030122981,-1,-1
1621845514575,1621845514615,40,0,68,6343.25400782382,-2211,209
1621845514675,1621845514695,20,0,34,-1.0,-385,138
1621845514715,1621845514735,20,0,33,1589.6901058703,-124,63
1621845514745,1621845514765,20,0,44,3120.61265837878,-1,303
1621845514865,1621845514915,50,3,104,5002.04219099578,-4157,16
1621845514975,1621845515065,90,8,549,31365.8489705779,-14630,331
1621845515195,1621845515335,140,5,423,16753.2795291294,-19806,121
1621845515415,1621845515585,170,20,185,6893.29609760447,-6475,191
1621845515595,1621845515605,10,-1,161,13902.6031893127,-1,-1
1621845515665,1621845515705,40,2,118,-1.0,-3880,11
1621845515965,1621845515975,10,-1,36,-1.0,-1,-1
1621845516025,1621845516035,10,-1,36,1143.49318582473,-1,-1
1621845516174,1621845516184,10,-1,59,3073.86277751496,-1,-1
1621845516404,1621845516464,60,1,100,7505.55694033712,-3854,82
1621845516564,1621845516584,20,0,50,3018.20387033667,-1,75
1621845516644,1621845516664,20,0,49,-1.0,-1714,78
1621845517064,1621845517074,10,-1,34,688.031870463552,-1,-1
1621845517164,1621845517174,10,-1,37,2271.44401540996,-1,-1
1621845517214,1621845517224,10,-1,32,1405.8464005242,-1,-1
1621845517244,1621845517384,140,8,128,5814.15991312771,-4101,272
1621845517414,1621845517434,20,0,38,1616.28601286445,-1,43
1621845517514,1621845517574,60,4,104,1219.73838235962,-345,64
1621845517664,1621845517773,109,7,160,6879.02514285381,-5341,246
1621845517783,1621845517793,10,-1,31,2284.11532318682,-1,-1
1621845517803,1621845517873,70,4,150,4903.71247844008,-1,80
1621845517933,1621845517993,60,3,75,1905.51693698333,-3406,55
1621845518013,1621845518133,120,13,151,3992.12689741174,-2027,272
1621845518213,1621845518313,100,7,83,2231.12396057564,-2031,93
1621845518783,1621845518833,50,3,112,5753.70536911631,-6284,265
1621845518843,1621845518853,10,-1,33,484.882896177606,-1,-1
1621845518893,1621845518953,60,2,58,2113.00934582593,-1872,77
1621845519043,1621845519053,10,-1,31,1179.4783362312,-1,-1
1621845519113,1621845519123,10,-1,33,741.189294887133,-1,-1
1621845519452,1621845519472,20,0,36,635.348939947225,-1,319
1621845519762,1621845519772,10,-1,34,609.092777110748,-1,-1
1621845520012,1621845520032,20,0,56,3433.68400574787,-43,322
1621845520042,1621845520082,40,0,68,4361.98788406242,-3871,350
1621845520302,1621845520312,10,-1,34,2239.06461620424,-1,-1
1621845520512,1621845520542,30,1,72,2551.82599135027,-3867,79
1621845520572,1621845520662,90,10,311,11566.182944374,-346,211
1621845520862,1621845520952,90,7,419,36150.6364478105,-23885,17
1621845521011,1621845521041,30,1,59,2657.38684605108,-1604,288
1621845521051,1621845521091,40,6,213,11001.6296784539,-11622,21
1621845521111,1621845521161,50,1,44,1248.09320398986,-706,40
1621845521191,1621845521271,80,2,37,1405.26702156828,-210,264
1621845521291,1621845521311,20,0,54,2346.4616965226,-1,243
1621845521321,1621845521381,60,27,759,26034.0436703696,-30218,32
1621845521401,1621845521431,30,2,142,12036.1612743727,-8651,81
1621845521441,1621845521551,110,18,1159,67563.8773294856,-18744,230
1621845521661,1621845521871,210,13,297,5254.86011280936,-23842,166
1621845521881,1621845521901,20,0,40,2165.51815821887,-1,275
1621845522021,1621845522041,20,0,58,4070.37405137678,-759,153
1621845522111,1621845522131,20,0,39,3060.52390489875,-4,265
1621845522650,1621845522660,10,-1,51,-1.0,-1,-1
1621845523920,1621845523970,50,5,600,30923.9719806608,-3126,129
1621845524040,1621845524060,20,1,290,-1.0,-18619,229
1621845524080,1621845524160,80,2,322,20666.7826271073,-22844,287
1621845524279,1621845524319,40,2,88,7469.7219404772,-3634,171
1621845524359,1621845524369,10,-1,32,467.075136579053,-1,-1
1621845525229,1621845525249,20,1,123,6223.15022390589,-1,283
1621845525309,1621845525329,20,0,103,-1.0,-6322,232
1621845525439,1621845525479,40,6,1056,72893.1752026214,-1,107
1621845525559,1621845525609,50,13,343,8988.48686577949,-11194,247
1621845525669,1621845525739,70,5,118,7760.05908702749,-4705,296
1621845525848,1621845525868,20,0,343,-1.0,-29645,77
1621845526088,1621845526198,110,22,587,31945.2874571024,-41771,8
1621845526248,1621845526258,10,-1,49,2822.55101303974,-1,-1
1621845526368,1621845526378,10,-1,46,2710.88133030824,-1,-1
1621845526458,1621845526478,20,0,196,-1.0,-16005,302
1621845526558,1621845526608,50,1,278,9577.03615159437,-1,170
1621845526628,1621845526678,50,5,285,13535.4834005521,-18181,35
1621845526688,1621845526738,50,4,163,7419.66738764192,-13145,205
1621845526768,1621845526788,20,0,50,2105.37730983499,-1,148
1621845526878,1621845526928,50,2,82,1244.17263398809,-5149,146
1621845526958,1621845526968,10,-1,32,1270.68281231503,-1,-1
1621845527178,1621845527228,50,7,287,15724.9406033397,-12378,345
1621845527298,1621845527308,10,-1,45,-1.0,-1,-1
1621845527428,1621845527458,30,1,74,-1.0,-1889,219
1621845527897,1621845527917,20,0,51,2915.28723347406,-983,109
1621845527937,1621845527957,20,0,55,2322.43911968372,-1,135
1621845528037,1621845528197,160,10,183,7914.11882442683,-7483,233
1621845528207,1621845528217,10,-1,35,681.644054151075,-1,-1
1621845528317,1621845528387,70,2,180,9067.06410828599,-9213,194
1621845528577,1621845528607,30,1,122,-1.0,-7289,230
1621845528617,1621845528677,60,4,134,8740.8880644071,-2667,50
1621845528687,1621845528717,30,0,48,2531.55336355855,-1185,82
1621845528727,1621845528787,60,8,418,22462.5447974605,-2777,20
1621845528847,1621845528897,50,1,78,2146.30178614319,-4703,289
1621845528907,1621845528957,50,2,79,1835.81924087072,-3639,273
1621845529057,1621845529096,39,4,182,10106.0827333675,-8413,243
1621845529116,1621845529136,20,1,52,4255.96541177461,-1,243
1621845529186,1621845529416,230,11,577,35456.3070514722,-21539,343
1621845529466,1621845529486,20,0,39,1124.09094726231,-1,95
1621845529496,1621845529556,60,2,220,18293.0105404897,-9233,13
1621845529606,1621845529626,20,0,45,1517.8315806839,-1,143
1621845529666,1621845530016,350,15,550,47275.8075044774,-12973,188
1621845530096,1621845530156,60,3,384,6270.10626720984,-25699,27
1621845530216,1621845530226,10,-1,83,-1.0,-1,-1
1621845530266,1621845530276,10,-1,32,348.570213040934,-1,-1
1621845530286,1621845530306,20,0,82,4087.43401101206,-1,315
1621845530436,1621845530456,20,0,59,3575.45931464283,-1,97
1621845530686,1621845530706,20,0,43,2179.63961517572,-1,265
1621845530735,1621845530785,50,1,49,1219.9928942293,-220,198
1621845530855,1621845530865,10,-1,69,5889.06527926408,-1,-1
1621845530945,1621845530955,10,-1,32,-1.0,-1,-1
1621845530995,1621845531085,90,6,504,46777.3931678823,-10289,183
1621845531195,1621845531235,40,3,413,-1.0,-28604,295
1621845531325,1621845531405,80,2,64,1107.41816789469,-387,337
1621845531545,1621845531555,10,-1,35,931.343751842523,-1,-1
1621845531565,1621845531665,100,4,339,12639.1730003328,-6976,15
1621845531765,1621845531805,40,6,401,-1.0,-20169,244
1621845531815,1621845531875,60,2,54,2879.05683937777,-1384,246
1621845531925,1621845531955,30,1,106,3703.53246107494,-1,293
1621845532095,1621845532105,10,-1,40,1566.61190263238,-1,-1
1621845532145,1621845532155,10,-1,34,1005.2134556727,-1,-1
1621845532295,1621845532325,30,0,34,1043.19692663898,-116,12
1621845532335,1621845532354,19,3,277,13466.8302377096,-1,117
1621845532434,1621845532514,80,8,572,16758.7558168489,-51341,299
1621845532614,1621845532624,10,-1,34,1621.17422706278,-1,-1
1621845532704,1621845532744,40,1,120,5917.99736104313,-1,47
1621845532874,1621845532884,10,-1,419,-1.0,-1,-1
1621845532964,1621845532984,20,0,50,-1.0,-1027,284
1621845533014,1621845533024,10,-1,33,1808.5030588575,-1,-1
1621845533324,1621845533394,70,8,175,9904.65637178142,-5472,220
1621845533404,1621845533414,10,-1,55,3285.17856032001,-1,-1
1621845533814,1621845533834,20,0,64,3984.32114355838,-2219,72
1621845533844,1621845533854,10,-1,31,313.223903198081,-1,-1
1621845533874,1621845533924,50,10,523,18105.0768131667,-1,61
1621845533983,1621845533993,10,-1,106,-1.0,-1,-1
1621845534103,1621845534143,40,3,129,9184.48245408047,-8073,110
1621845534163,1621845534173,10,-1,30,1441.7544700895,-1,-1
1621845534443,1621845534453,10,-1,31,1249.49854934072,-1,-1
1621845534583,1621845534673,90,10,192,5907.86996400574,-7884,265
1621845534833,1621845535003,170,6,61,1621.72478870315,-1646,144
1621845535063,1621845535093,30,2,106,5390.41000547921,-2391,229
1621845535113,1621845535173,60,2,56,1290.22418189413,-1231,15
1621845535243,1621845535303,60,2,339,28032.7918477209,-7674,252
1621845535363,1621845535383,20,0,38,89.8373123736256,-1,36
1621845535393,1621845535433,40,1,74,2574.01703894643,-2648,334
1621845535463,1621845535473,10,-1,31,868.134285776889,-1,-1
1621845535533,1621845535602,69,2,68,2194.53865682069,-1056,175
1621845535672,1621845535702,30,0,39,1136.75653513515,-285,277
1621845535822,1621845535862,40,4,200,10493.0293789627,-8954,318
1621845535872,1621845535882,10,-1,85,6156.98866056915,-1,-1
1621845535962,1621845536092,130,6,87,2843.21646955231,-2867,125
1621845536112,1621845536182,70,3,77,2485.91920169218,-2329,304
1621845536232,1621845536362,130,3,146,10161.898664732,-7831,169
1621845536422,1621845536462,40,1,56,1437.84605433769,-1795,305
1621845536482,1621845536512,30,1,52,1681.31104995321,-1571,299
1621845536522,1621845536542,20,0,32,557.908364376272,-152,326
1621845536582,1621845536612,30,0,40,739.844131785763,-769,3
1621845536622,1621845536702,80,2,57,1863.00793125653,-2183,51
1621845536762,1621845536862,100,12,162,4015.54666452794,-4216,150
1621845536902,1621845536972,70,9,517,28039.7308862014,-1445,4
1621845537032,1621845537191,159,10,194,5009.78513396036,-8149,215
1621845537212,1621845537251,39,1,117,5327.64172459969,-1,26
1621845537351,1621845537371,20,0,40,2556.17024453927,-1,221
1621845537461,1621845537521,60,5,132,3683.61547508095,-11,168
1621845537581,1621845537631,50,2,62,1993.93243476331,-971,307
1621845537651,1621845537661,10,-1,39,1045.79318798892,-1,-1
1621845537711,1621845537721,10,-1,33,423.243281156508,-1,-1
1621845537791,1621845537801,10,-1,39,2357.94354030146,-1,-1
1621845538081,1621845538101,20,0,33,772.314674393439,-270,261
1621845538111,1621845538141,30,0,36,729.51462452088,-555,278
1621845538181,1621845538191,10,-1,31,924.626249933359,-1,-1
1621845538291,1621845538331,40,1,67,2076.9439359279,-1225,128
1621845538341,1621845538361,20,4,354,22551.4254257552,-1,325
1621845538461,1621845538471,10,-1,110,-1.0,-1,-1
1621845538531,1621845538631,100,7,634,10560.3675188544,-57118,175
1621845538711,1621845538741,30,1,64,495.11755625626,-79,249
1621845538840,1621845538920,80,8,222,12278.6519787389,-9829,1
1621845538980,1621845538990,10,-1,31,1540.34391923206,-1,-1
1621845539110,1621845539120,10,-1,42,-1.0,-1,-1
1621845539140,1621845539180,40,1,43,1701.17141505773,-890,87
1621845539210,1621845539310,100,7,282,13259.3056268743,-23612,9
1621845539330,1621845539340,10,-1,47,2413.84154027289,-1,-1
1621845539380,1621845539400,20,0,41,3226.64614915675,-1,90
1621845539490,1621845539570,80,5,383,30241.5376327355,-15089,175
1621845539680,1621845539690,10,-1,52,2290.91281406012,-1,-1
1621845539710,1621845539740,30,11,680,33480.7777038355,-1,176
1621845539860,1621845539870,10,-1,245,-1.0,-1,-1
1621845539930,1621845540000,70,4,110,2337.46269496601,-4353,233
1621845540030,1621845540070,40,1,68,2862.81055770304,-1,335
1621845540090,1621845540100,10,-1,30,573.286451710608,-1,-1
1621845540120,1621845540130,10,-1,35,1068.83942403428,-1,-1
1621845540210,1621845540350,140,20,445,8769.91138358562,-18542,332
1621845540360,1621845540429,69,4,81,3531.17193733751,-1427,209
1621845540450,1621845540469,19,0,34,584.683084453694,-1,259
1621845540509,1621845540549,40,2,91,2603.56998563142,-1,84
1621845540609,1621845540619,10,-1,52,-1.0,-1,-1
1621845540659,1621845540699,40,2,141,5733.83685317629,-1,228
1621845540759,1621845540779,20,0,91,-1.0,-5007,259
1621845540809,1621845540839,30,1,46,1694.12411449391,-714,259
1621845541039,1621845541049,10,-1,43,2010.06308717077,-1,-1
1621845541059,1621845541089,30,2,104,3867.19621979007,-1,68
1621845541119,1621845541129,10,-1,36,1665.53325079649,-1,-1
1621845541209,1621845541319,110,5,256,9879.622170477,-3422,98
1621845541329,1621845541339,10,-1,30,281.43411683666,-1,-1
1621845541379,1621845541419,40,1,131,7231.00283266847,-1,226
1621845541539,1621845541619,80,12,1218,37671.6661705735,-99804,310
1621845541669,1621845541699,30,1,64,2223.76011932581,-1,259
1621845541719,1621845541819,100,4,257,17559.5900402499,-11,284
1621845541889,1621845541979,90,5,87,2715.48578108951,-2055,217
1621845542029,1621845542049,20,0,36,1973.282575168,-592,26
1621845542058,1621845542078,19,0,33,1204.98470546746,-246,135
1621845542158,1621845542178,20,0,31,87.2606756840565,-1,97
1621845542238,1621845542318,80,12,256,14555.1985169327,-12110,167
1621845542338,1621845542358,20,0,33,2271.25228817556,-1,57
1621845542378,1621845542418,40,1,47,1837.97722083311,-847,270
1621845542438,1621845542518,80,3,58,1784.40721090476,-871,202
1621845542568,1621845542598,30,2,126,6535.2634295624,-6402,182
1621845542608,1621845542668,60,2,97,2661.68522148734,-1002,37
1621845542728,1621845542798,70,2,59,2203.58197182849,-1462,353
1621845542818,1621845542918,100,13,422,21360.969711263,-16380,359
1621845543028,1621845543068,40,3,139,8217.23111950304,-7727,187
1621845543098,1621845543108,10,-1,31,766.890439522249,-1,-1
1621845543158,1621845543168,10,-1,33,823.574682559402,-1,-1
1621845543178,1621845543188,10,-1,30,363.732926323335,-1,-1
1621845543248,1621845543258,10,-1,41,2286.78803675357,-1,-1
1621845543298,1621845543318,20,0,58,3084.48452088693,-526,48
1621845543408,1621845543448,40,0,33,472.076453689006,-225,112
1621845543468,1621845543478,10,-1,31,599.787181565945,-1,-1
1621845543508,1621845543538,30,1,65,3647.17034582873,-2882,104
1621845543588,1621845543667,79,5,233,11172.0851736117,-84,186
1621845543727,1621845543757,30,1,89,-1.0,-4310,174
1621845543767,1621845543897,130,14,155,3869.00262825241,-2269,351
1621845544007,1621845544027,20,0,108,-1.0,-5184,186
1621845544067,1621845544157,90,5,93,3323.62678249545,-2130,8
1621845544177,1621845544217,40,5,279,14265.7426452187,-11598,317
1621845544297,1621845544357,60,2,72,2123.97826828514,-2547,176
1621845544397,1621845544437,40,1,77,4785.18361822251,-2472,20
1621845544447,1621845544467,20,0,50,1149.82103086849,-1,26
1621845544477,1621845544497,20,1,119,6117.86536120575,-1,206
1621845544697,1621845544787,90,13,402,18322.3394541156,-15017,172
1621845544847,1621845544937,90,4,73,2058.01033526198,-1912,350
1621845544967,1621845545007,40,3,119,7066.83437609716,-6340,167
1621845545117,1621845545177,60,15,406,17168.6593927814,-16725,1
1621845545257,1621845545326,69,3,77,2659.43966592014,-2567,179
1621845545446,1621845545456,10,-1,69,4863.0366535241,-1,-1
1621845545516,1621845545526,10,-1,34,-1.0,-1,-1
1621845545766,1621845545786,20,0,31,317.023295412871,0,128
1621845545866,1621845545886,20,1,329,24752.10917137,-1,311
1621845545946,1621845546156,210,4,326,9664.69096080395,-14712,183
1621845546166,1621845546196,30,0,45,1144.31931354453,-669,206
1621845546326,1621845546346,20,0,56,-1.0,-1779,61
1621845546366,1621845546386,20,1,81,6100.84750000412,-2773,230
1621845546446,1621845546466,20,1,67,4062.13711429197,-2475,255
1621845546476,1621845546516,40,1,50,3109.10097848426,-1767,265
1621845546536,1621845546546,10,-1,36,1519.15036685266,-1,-1
1621845546616,1621845546636,20,0,69,-1.0,-3759,257
1621845546656,1621845546666,10,-1,32,1885.26711976361,-1,-1
1621845547125,1621845547135,10,-1,30,1083.58133063016,-1,-1
1621845547355,1621845547385,30,2,112,7644.22572861709,-7494,4
1621845547495,1621845547515,20,0,35,1508.32366330369,-9,357
1621845547755,1621845547775,20,0,36,2176.86083671648,-1,194
1621845547865,1621845547915,50,1,121,10489.2615244246,-4915,282
1621845547965,1621845548015,50,1,67,3876.96839394991,-1570,171
1621845548025,1621845548075,50,0,181,16006.4119259991,-6195,83
1621845548105,1621845548145,40,0,631,59111.8034651406,-57403,341
1621845548155,1621845548205,50,4,219,14365.4661452344,-8050,19
1621845548215,1621845548295,80,5,181,8137.82410311683,-12614,204
1621845548475,1621845548485,10,-1,94,6628.52614010041,-1,-1
1621845548894,1621845548904,10,-1,30,484.522017806463,-1,-1
1621845549244,1621845549304,60,0,232,19173.6528795295,-17799,3
1621845549344,1621845549374,30,5,247,13388.2544831991,-9032,19
1621845549404,1621845549434,30,5,254,13986.9375551668,-9117,211
1621845549504,1621845549524,20,1,115,8767.72191345763,-5561,85
1621845549534,1621845549624,90,17,799,57437.637328136,-38142,173
1621845549824,1621845549844,20,1,155,9317.63765375061,-1,330
1621845549954,1621845550044,90,8,415,5268.56890247303,-24231,306
1621845550064,1621845550074,10,-1,31,1159.76026194184,-1,-1
1621845550084,1621845550104,20,0,44,1695.91542935239,-1,67
1621845550183,1621845550193,10,-1,45,1783.8243985795,-1,-1
1621845550203,1621845550233,30,0,47,1008.5754523154,-1,161
1621845550243,1621845550253,10,-1,38,2005.1743114279,-1,-1
1621845550273,1621845550283,10,-1,66,3883.5266933083,-1,-1
1621845550293,1621845550303,10,-1,130,12642.0586387454,-1,-1
1621845550313,1621845550323,10,-1,118,9982.59159097536,-1,-1
1621845550513,1621845550533,20,2,373,25739.1767344326,-1,158
1621845550593,1621845550633,40,3,155,11329.3236429992,-11400,138
1621845550963,1621845551143,180,34,649,24832.8140915483,-31337,322
1621845551153,1621845551173,20,1,148,11957.4739268814,-9440,291
1621845551223,1621845551253,30,3,130,8968.40782820021,-3756,116
1621845551283,1621845551353,70,0,145,11354.937688058,-8066,135
1621845551553,1621845551583,30,1,113,8372.17488344898,-3312,180
1621845551593,1621845551613,20,1,120,10887.7601697779,-6917,117
1621845551623,1621845551643,20,0,72,3926.85878741621,-1,291
1621845551882,1621845551982,100,1,139,9876.97050121343,-7077,104
1621845551992,1621845552012,20,1,81,7053.19969057111,-3188,102
1621845552102,1621845552132,30,2,93,4398.14855509881,-4501,297
1621845552142,1621845552192,50,1,144,10923.5848834124,-11102,143
1621845552202,1621845552232,30,2,97,4453.17701812774,-4611,120
1621845552252,1621845552332,80,1,243,19981.9478969016,-11445,123
1621845552342,1621845552352,10,-1,64,5366.12867449164,-1,-1
1621845552532,1621845552582,50,5,176,10133.6888939238,-5823,343
1621845552602,1621845552622,20,0,54,2979.7869341853,-34,265
1621845552932,1621845552962,30,0,128,9004.87244843732,-4145,115
1621845553062,1621845553082,20,1,143,9260.40441788039,-1,298
1621845553092,1621845553122,30,1,127,10576.4506738205,-7632,104
1621845553362,1621845553431,69,2,259,13383.6251725189,-21825,163
1621845553481,1621845553571,90,6,103,5446.47290977179,-5417,105
1621845553581,1621845553601,20,0,30,1463.47876396419,-2,237
1621845553621,1621845553721,100,4,445,36728.4776103175,-27998,161
1621845553761,1621845553811,50,2,68,1258.60367314894,-1209,233
1621845553821,1621845553851,30,1,72,2498.92770555458,-2675,256
1621845553911,1621845553921,10,-1,36,2649.39158092044,-1,-1
1621845553941,1621845553961,20,1,123,4859.93254498371,-1,36
1621845553971,1621845554061,90,5,117,8528.54567271711,-7053,61
1621845554141,1621845554151,10,-1,31,1306.49085053694,-1,-1
1621845554201,1621845554231,30,0,42,1218.82954736374,-27,292
1621845554241,1621845554251,10,-1,67,4603.42133274056,-1,-1
1621845554331,1621845554421,90,7,173,8652.15027943077,-7593,338
1621845554431,1621845554441,10,-1,30,1490.17570748768,-1,-1
1621845554451,1621845554571,120,11,175,4216.48736906029,-814,63
1621845554601,1621845554621,20,1,102,7574.71344659519,-4901,277
1621845554671,1621845554681,10,-1,32,2356.45993089564,-1,-1
1621845554761,1621845554801,40,1,40,2119.71780046208,-481,199
1621845554881,1621845554931,50,1,46,1455.47513910607,-695,113
1621845554941,1621845554951,10,-1,39,2382.39745083478,-1,-1
1621845555011,1621845555210,199,16,256,12259.3949242085,-22503,259
1621845555290,1621845555370,80,8,241,9353.83226408086,-9271,98
1621845555380,1621845555430,50,3,95,3908.00763731359,-3305,270
1621845555440,1621845555500,60,6,196,9809.03969453461,-6562,261
1621845555510,1621845555520,10,-1,112,9897.05407407257,-1,-1
1621845555580,1621845555620,40,11,462,15016.1291201755,-15564,154
1621845555710,1621845555800,90,8,404,-1.0,-16166,315
1621845555810,1621845555930,120,3,192,14396.8072631015,-1158,98
1621845556010,1621845556020,10,-1,385,-1.0,-1,-1
1621845556110,1621845556170,60,1,42,1526.68456563929,-962,153
1621845556180,1621845556220,40,8,379,14842.219749809,-1430,348
1621845556280,1621845556290,10,-1,101,-1.0,-1,-1
1621845556340,1621845556430,90,11,1025,92703.2715907606,-23413,189
1621845556570,1621845556749,179,10,256,5143.89496177587,-11939,353
1621845556769,1621845556789,20,1,100,4589.00660028244,-1,277
1621845556989,1621845557009,20,0,42,1984.6765226084,-424,81
1621845557129,1621845557139,10,-1,32,458.170648641029,-1,-1
1621845557159,1621845557169,10,-1,30,413.261684088791,-1,-1
1621845557179,1621845557189,10,-1,43,1732.90452265555,-1,-1
1621845557199,1621845557389,190,28,717,29843.3523647876,-17333,13
1621845557399,1621845557569,170,18,443,22257.1757325642,-4271,167
1621845557699,1621845557839,140,5,392,22063.3411895586,-12183,127
1621845557899,1621845557949,50,2,237,-1.0,-17307,5
1621845557989,1621845558019,30,1,52,1399.76008923903,-1346,315
1621845558059,1621845558069,10,-1,30,924.819263696604,-1,-1
1621845558079,1621845558119,40,5,538,26380.2717673706,-2532,263
1621845558688,1621845558708,20,1,157,-1.0,-2182,190
1621845559398,1621845559408,10,-1,178,-1.0,-1,-1
1621845559478,1621845559488,10,-1,102,-1.0,-1,-1
1621845559608,1621845559838,230,31,563,26633.678445553,-39237,21
1621845559917,1621845560047,129,9,422,24524.9098565236,-29224,285
1621845560057,1621845560067,10,-1,65,6029.18095334215,-1,-1
1621845560157,1621845560187,30,3,133,4740.85765261239,-9249,129
1621845560237,1621845560367,130,2,360,15830.6870408628,-30284,221
1621845560387,1621845560417,30,1,82,4827.88209808792,-3793,102
1621845560427,1621845560437,10,-1,39,1486.00471388542,-1,-1
1621845560447,1621845560467,20,0,60,3640.23697983645,-1,240
1621845560507,1621845560687,180,2,898,86326.8362360184,-84543,137
1621845560707,1621845560717,10,-1,40,1834.69451134479,-1,-1
1621845560727,1621845560737,10,-1,31,2012.71041350135,-1,-1
1621845560907,1621845560917,10,-1,238,21578.9140077017,-1,-1
1621845560977,1621845560987,10,-1,435,-1.0,-1,-1
1621845561107,1621845561167,60,17,472,-1.0,-12839,187
1621845561207,1621845561287,80,6,291,24974.5705342601,-11545,21
1621845561507,1621845561616,109,6,525,46911.5359619999,-47894,42
1621845561676,1621845561766,90,1,315,3266.82685650041,-8491,255
1621845561826,1621845561906,80,16,637,38485.5082275337,-49307,10
1621845561976,1621845562036,60,10,464,19035.5642184056,-30753,192
1621845562286,1621845562296,10,-1,456,-1.0,-1,-1
1621845562376,1621845562446,70,5,245,4356.60522343489,-14028,275
1621845562526,1621845562556,30,0,46,1142.64259422379,-1693,282
1621845562566,1621845562586,20,1,134,6282.51864939125,-1,248
1621845562646,1621845562656,10,-1,114,-1.0,-1,-1
1621845562666,1621845562686,20,0,67,4422.77928873237,-924,104
1621845562706,1621845562726,20,0,40,2046.70857867427,-679,90
1621845562846,1621845562866,20,0,51,2598.1939405991,-1120,270
1621845562876,1621845562886,10,-1,33,1372.32550817077,-1,-1
1621845562906,1621845562936,30,1,62,2170.22822620159,-1,87
1621845562946,1621845562966,20,0,34,1955.04087920167,-9,249
1621845563245,1621845563255,10,-1,39,2339.87010558479,-1,-1
1621845563285,1621845563315,30,1,64,2113.94168575274,-190,306
1621845563385,1621845563395,10,-1,30,1870.10152668099,-1,-1
1621845563435,1621845563465,30,0,102,7189.15063226683,-577,212
1621845563585,1621845563625,40,3,235,-1.0,-11333,276
1621845563635,1621845563725,90,2,404,25573.410448952,-23048,204
1621845563735,1621845563765,30,1,68,3566.17558443281,-3018,153
1621845563795,1621845563805,10,-1,44,2138.87651693359,-1,-1
1621845564435,1621845564465,30,5,246,16325.3528088541,-4398,60
1621845564605,1621845564625,20,4,189,18192.887439598,-174,230
1621845565214,1621845565264,50,7,415,2438.55627432117,-18578,131
1621845565294,1621845565314,20,0,40,593.275373106655,-1,336
1621845565524,1621845565564,40,3,135,7024.65532162953,-5742,61
1621845565824,1621845565854,30,1,89,2941.09877674674,-1,189
1621845566104,1621845566134,30,1,86,6096.09209662966,-5228,312
1621845566284,1621845566324,40,0,66,5318.01273901978,-2200,180
1621845566354,1621845566413,59,6,187,8444.72459636392,-8680,249
1621845566623,1621845566663,40,5,228,14638.1441219606,-7580,242
1621845566823,1621845566833,10,-1,66,4889.55408707954,-1,-1
1621845566893,1621845566933,40,13,1060,-1.0,-42153,343
1621845567053,1621845567093,40,3,202,744.497477572276,-7496,165
1621845567103,1621845567133,30,1,58,2063.12431036724,-1,190
1621845567143,1621845567223,80,1,140,6984.28438205467,-641,116
1621845567283,1621845567303,20,1,105,-1.0,-145,287
1621845567313,1621845567323,10,-1,68,5281.47315415258,-1,-1
1621845567843,1621845567873,30,2,107,4358.12319805387,-3855,1
1621845567973,1621845568012,39,0,51,1258.25145464492,-672,337
1621845568092,1621845568112,20,0,51,-1.0,-1221,245
1621845568202,1621845568232,30,1,57,2475.61875552957,-2472,251
1621845568372,1621845568392,20,1,95,7521.4795484721,-694,56
1621845568402,1621845568432,30,0,60,1647.58633457696,-1,0
1621845568442,1621845568452,10,-1,63,4211.60217703354,-1,-1
1621845568552,1621845568582,30,5,231,16951.6068813529,-3086,61
1621845568662,1621845568682,20,6,552,27736.2210650022,-1,28
1621845568822,1621845568862,40,10,488,41541.7171342985,-45594,5
1621845569082,1621845569102,20,0,62,3730.55205389053,-2406,219
1621845569362,1621845569372,10,-1,37,-1.0,-1,-1
1621845569941,1621845569971,30,0,37,2689.40329536145,-1,203
1621845570861,1621845570911,50,3,77,2780.45571697811,-620,354
1621845570921,1621845570941,20,3,189,16155.4623019898,-882,47
1621845570961,1621845571001,40,1,513,25133.3946110524,-11431,244
1621845571101,1621845571151,50,6,301,19880.2399755045,-25064,289
1621845571220,1621845571270,49,2,66,2337.00605126941,-1886,115
1621845571280,1621845571300,20,0,31,358.366414127342,-142,129
1621845571420,1621845571430,10,-1,39,1156.66702217603,-1,-1
1621845572220,1621845572230,10,-1,34,504.561301743459,-1,-1
1621845572530,1621845572550,20,0,52,2118.62426885154,-1,78
1621845573329,1621845573369,40,3,108,5755.91244973091,-5464,0
1621845573989,1621845574019,30,2,110,6188.15568162643,-6852,183
1621845574968,1621845575008,40,3,116,4485.19818982918,-4078,349
1621845575258,1621845575278,20,1,124,6926.84251592159,-1,118
1621845575348,1621845575408,60,3,176,4558.10819292779,-8209,273
1621845575528,1621845575538,10,-1,30,1338.97857523824,-1,-1
1621845575888,1621845575908,20,0,47,3303.8241248408,-524,70
1621845575918,1621845575928,10,-1,32,1148.75333604757,-1,-1
1621845576068,1621845576088,20,0,40,3355.75954865241,-1,59
1621845576117,1621845576147,30,2,99,6359.56053658036,-3323,342
1621845576317,1621845576347,30,1,50,2217.73797230287,-985,349
1621845576747,1621845576777,30,1,76,5731.73714734077,-4129,185
1621845576787,1621845576797,10,-1,39,1845.10354822899,-1,-1
1621845576857,1621845576867,10,-1,32,1411.56199833052,-1,-1
1621845576887,1621845576907,20,1,192,13090.0038181593,-1,106
1621845577027,1621845577067,40,4,249,1830.12433923599,-9864,216
1621845577077,1621845577087,10,-1,32,285.09780425462,-1,-1
1621845577097,1621845577217,120,0,244,15211.4669010614,-14103,343
1621845577297,1621845577397,100,24,393,19083.6658805405,-18139,324
1621845577477,1621845577487,10,-1,149,-1.0,-1,-1
1621845577527,1621845577567,40,1,53,3670.41947777811,-423,121
1621845578176,1621845578186,10,-1,33,1164.48060973153,-1,-1
1621845578366,1621845578376,10,-1,44,2011.66994370643,-1,-1
1621845580125,1621845580135,10,-1,50,3108.60622651252,-1,-1
1621845580395,1621845580415,20,0,50,2443.87029598104,-1,29
1621845580625,1621845580645,20,0,49,133.613548956649,-1,165
1621845581024,1621845581054,30,2,112,6769.97432351266,-6199,347
1621845581624,1621845581654,30,1,82,4444.17716392491,-2413,173
1621845582194,1621845582204,10,-1,52,-1.0,-1,-1
1621845582284,1621845582324,40,1,118,11265.9331201552,-4724,270
1621845582823,1621845582853,30,2,137,7235.70469136112,-7556,217
1621845583073,1621845583103,30,1,76,3673.30425430148,-3038,287
1621845583223,1621845583253,30,2,111,7402.30407616886,-1,87
1621845583383,1621845583413,30,2,159,-1.0,-5122,275
1621845583423,1621845583483,60,3,95,6039.91883268902,-2965,123
1621845583493,1621845583503,10,-1,30,50.4038516961867,-1,-1
1621845583563,1621845583633,70,5,242,10151.037724962,-716,260
1621845583693,1621845583713,20,0,40,-1.0,-913,287
1621845583763,1621845583783,20,0,62,3803.34435782457,-1178,258
1621845583843,1621845583853,10,-1,32,-1.0,-1,-1
1621845584013,1621845584073,60,4,113,6460.68348956278,-4380,262
1621845584083,1621845584093,10,-1,31,340.188568384425,-1,-1
1621845584173,1621845584193,20,0,44,1522.96716442095,-1310,60
1621845584203,1621845584252,49,2,68,2453.27293140975,-1603,75
1621845584342,1621845584392,50,2,62,3194.90357895068,-1265,284
1621845584432,1621845584442,10,-1,34,1922.41866474855,-1,-1
1621845584452,1621845584512,60,3,98,4855.8510573319,-5272,71
1621845585002,1621845585112,110,21,325,9921.75072552503,-12320,135
1621845585332,1621845585362,30,0,36,1350.94025605728,-235,245
1621845585492,1621845585502,10,-1,57,-1.0,-1,-1
1621845585512,1621845585552,40,3,133,6294.35544945772,-4923,248
1621845585652,1621845585772,120,25,530,22742.8718179819,-18580,324
1621845585911,1621845585951,40,1,44,1767.91258981792,-771,108
1621845585961,1621845586001,40,0,135,5328.20411437568,-588,205
1621845586051,1621845586121,70,2,108,4278.99247300377,-3060,240
1621845586201,1621845586281,80,1,432,32275.3831347564,-23263,32
1621845586291,1621845586341,50,2,112,7690.07840934049,-2656,174
1621845586361,1621845586371,10,-1,46,3467.33915921869,-1,-1
1621845586391,1621845586421,30,4,200,10100.2730635846,-26,38
1621845586431,1621845586461,30,4,217,20300.7972587722,-10787,225
1621845586531,1621845586601,70,0,160,10690.8540825302,-11232,66
1621845586641,1621845586681,40,1,265,16170.7012506686,-1,66
1621845586811,1621845586861,50,2,203,11616.3098581979,-11344,239
1621845586901,1621845586931,30,5,235,16431.406353395,-3735,61
1621845586941,1621845586951,10,-1,33,1682.59456681184,-1,-1
1621845587171,1621845587201,30,11,725,26715.4185260418,-1,45
1621845587311,1621845587351,40,1,334,3466.48459649017,-28921,299
1621845587371,1621845587381,10,-1,37,838.007639578072,-1,-1
1621845587431,1621845587460,29,0,35,1531.80957362581,-9,242
1621845587470,1621845587480,10,-1,53,4623.16357830629,-1,-1
1621845587490,1621845587500,10,-1,43,2939.5319540913,-1,-1
1621845587570,1621845587600,30,2,91,4242.83512108466,-4878,95
1621845587680,1621845587690,10,-1,31,419.622763751175,-1,-1
1621845587860,1621845587880,20,0,52,2634.49806236642,-1,63
1621845588160,1621845588180,20,0,40,2843.9997698236,-1,63
1621845588420,1621845588440,20,0,34,1757.94803384528,-169,52
1621845588580,1621845588600,20,0,46,1618.96157416316,-1,85
1621845588660,1621845588690,30,2,109,5488.13842991073,-4123,345
1621845589030,1621845589049,19,3,369,24156.0250696454,-1,186
1621845589109,1621845589119,10,-1,45,-1.0,-1,-1
1621845589249,1621845589289,40,3,134,7757.59241433314,-6996,347
1621845589299,1621845589319,20,0,48,3076.60484519043,-1,50
1621845589529,1621845589619,90,21,466,25508.9121445196,-13880,154
1621845589639,1621845589659,20,0,49,2436.75557918502,-1834,79
1621845589729,1621845589969,240,23,390,31115.8655827458,-19089,335
1621845591098,1621845591118,20,0,51,3005.16618836751,-1,94
1621845591128,1621845591148,20,0,87,5391.26926946444,-1,132
1621845591268,1621845591358,90,6,213,4597.13059077607,-11518,313
1621845591388,1621845591418,30,0,34,2048.26500518087,-1,153
1621845591498,1621845591528,30,2,89,5520.88600297161,-1208,157
1621845591818,1621845591828,10,-1,32,639.233888108502,-1,-1
1621845591918,1621845591948,30,1,59,1904.14574720845,-2500,78
1621845592078,1621845592098,20,0,39,1280.34602866477,-864,249
1621845592647,1621845592657,10,-1,32,389.548843529825,-1,-1
1621845592717,1621845592737,20,1,61,5705.04948801283,-1,67
1621845592787,1621845592807,20,3,268,13853.3812687453,-1,103
1621845592897,1621845592967,70,6,273,-1.0,-14318,266
1621845593027,1621845593047,20,0,67,-1.0,-3552,303
1621845593157,1621845593177,20,0,58,3778.88939876284,-1,319
1621845593267,1621845593367,100,4,79,4190.0723724395,-3097,97
1621845593377,1621845593387,10,-1,36,1681.96118771003,-1,-1
1621845593397,1621845593417,20,0,31,855.965175056651,-5,248
1621845593427,1621845593457,30,1,51,1868.78225936735,-1658,270
1621845593687,1621845593727,40,2,301,18203.2798112361,-1,123
1621845593897,1621845593936,39,5,210,5945.52102235608,-9068,287
1621845594026,1621845594046,20,0,33,994.475293896884,-1,270
1621845594456,1621845594476,20,0,41,3467.0321997867,-870,289
1621845594736,1621845594756,20,0,61,3676.92360728066,-674,101
1621845594856,1621845594876,20,0,48,2941.12160712066,-305,75
1621845594956,1621845594986,30,1,75,4619.44976814078,-2647,211
1621845595316,1621845595336,20,0,38,2886.59036456791,-659,26
1621845595555,1621845595565,9,-1,44,4718.91715610879,-1,-1
1621845595625,1621845595645,20,0,63,-1.0,-1556,228
1621845595935,1621845595965,30,1,60,2837.69258929432,-1825,59
1621845595995,1621845596015,20,0,39,2035.07733843493,-117,66
1621845596065,1621845596105,40,2,94,5688.65155966505,-1704,294
1621845596165,1621845596175,10,-1,42,-1.0,-1,-1
1621845596205,1621845596235,30,0,50,1212.60178217337,-1,81
1621845596245,1621845596275,30,0,43,1162.45532668051,-1382,90
1621845596365,1621845596385,20,1,84,5812.18182963472,-1,268
1621845596395,1621845596405,10,-1,48,1831.88400164367,-1,-1
1621845596435,1621845596515,80,0,124,7761.7640707589,-8672,249
1621845596525,1621845596535,10,-1,32,601.132970762565,-1,-1
1621845596615,1621845596635,20,0,42,1672.67022782771,-1,285
1621845596725,1621845596775,50,2,148,11853.5282290347,-5604,115
1621845596785,1621845596795,10,-1,42,1421.67942407766,-1,-1
1621845596805,1621845596815,10,-1,37,1502.20429497945,-1,-1
1621845596895,1621845596905,10,-1,31,513.07939043444,-1,-1
1621845597035,1621845597055,20,0,42,1249.68828174326,-1,72
1621845597274,1621845597294,20,0,53,-1.0,-1778,90
1621845597374,1621845597484,110,21,443,14634.1268894662,-16093,146
1621845597544,1621845597554,10,-1,67,-1.0,-1,-1
1621845597624,1621845597634,10,-1,31,1734.14353819238,-1,-1
1621845597714,1621845597734,20,1,146,-1.0,-4647,229
1621845597904,1621845597914,10,-1,47,1940.89628851687,-1,-1
1621845598054,1621845598064,10,-1,61,3564.9420217604,-1,-1
1621845598124,1621845598144,20,0,83,-1.0,-4100,57
1621845598354,1621845598404,50,5,195,10552.4804836056,-6723,243
1621845598484,1621845598504,20,0,101,7119.4990350244,-1,0
1621845598564,1621845598584,20,3,636,25286.9647128661,-1,353
1621845598724,1621845598753,29,2,530,-1.0,-41455,283
1621845598933,1621845598963,30,2,103,6535.912939371,-3899,102
1621845599053,1621845599103,50,2,222,11230.0798286949,-15744,9
1621845599223,1621845599303,80,2,560,34973.4580724627,-33626,154
1621845599313,1621845599323,10,-1,134,12191.1176852859,-1,-1
1621845599473,1621845599493,20,0,54,2406.46254182212,-1,326
1621845599503,1621845599523,20,1,104,10123.0054370054,-4186,76
1621845599733,1621845599753,20,0,68,3802.93462671094,-1,259
1621845599773,1621845599793,20,0,132,10035.7841822274,-1,75
1621845599803,1621845599813,10,-1,148,13756.5872691461,-1,-1
1621845600313,1621845600363,50,0,80,4880.44658017485,-3945,154
1621845600412,1621845600432,20,0,133,10307.1145354743,-1,63
1621845600442,1621845600452,10,-1,124,11306.2644107852,-1,-1
1621845600482,1621845600512,30,1,55,3086.11506623945,-2158,219
1621845600532,1621845600552,20,0,64,3169.26823451042,-1,250
1621845600592,1621845600612,20,0,79,4279.23068316475,-1,81
1621845600692,1621845600702,10,-1,43,-1.0,-1,-1
1621845600712,1621845600722,10,-1,32,2449.29798051617,-1,-1
1621845600752,1621845600772,20,1,73,4848.99473129684,-1,262
1621845600862,1621845600872,10,-1,99,-1.0,-1,-1
1621845600882,1621845600892,10,-1,127,11338.8241444782,-1,-1
1621845600902,1621845600912,10,-1,137,11742.9516546815,-1,-1
1621845600972,1621845600992,20,0,71,3687.54075229737,-1,324
1621845601132,1621845601172,40,5,1799,15634.4795984363,-172385,312
1621845601182,1621845601202,20,1,49,3176.44028368602,-133,348
1621845601212,1621845601242,30,1,74,2358.11172802167,-1,265
1621845601272,1621845601292,20,0,50,1681.81959239213,-1,278
1621845601342,1621845601382,40,1,68,1878.23001139213,-1,95
1621845601412,1621845601432,20,0,47,3179.66121770035,-1582,296
1621845601452,1621845601482,30,0,50,2578.49444890526,-686,282
1621845601542,1621845601552,10,-1,47,2967.96801046377,-1,-1
1621845602101,1621845602121,20,1,92,7499.5000814297,-1,99
1621845602231,1621845602251,20,1,78,5083.67067216871,-1,274
1621845602321,1621845602371,50,2,158,9681.06399670824,-11723,84
1621845602451,1621845602481,30,3,137,5772.89930238079,-9289,264
1621845602521,1621845602551,30,1,79,3628.94408073899,-1,65
1621845602561,1621845602581,20,0,47,1596.03955946494,-1,90
1621845602671,1621845602701,30,2,104,4530.85678886677,-5403,262
1621845602721,1621845602741,20,1,69,6467.30477317281,-1520,85
1621845602911,1621845602981,70,2,200,13058.7262374899,-6816,22
1621845603011,1621845603021,10,-1,34,1275.51710482751,-1,-1
1621845603101,1621845603121,20,0,36,2650.74033261042,-640,225
1621845603241,1621845603261,20,0,89,-1.0,-5242,214
1621845603391,1621845603461,70,14,362,21021.4700873683,-9945,82
1621845603630,1621845603680,49,14,368,16801.766275594,-14739,258
1621845603690,1621845603700,10,-1,69,5077.68244799312,-1,-1
1621845603760,1621845603780,20,0,68,70.7614076189998,-1,105
1621845603800,1621845603820,20,0,71,5405.09258779493,-3469,108
1621845603830,1621845603840,10,-1,40,1555.66252169516,-1,-1
1621845604080,1621845604120,40,9,492,44540.6546612038,-24736,359
1621845604230,1621845604260,30,1,80,3904.25197460669,-4183,197
1621845604300,1621845604380,80,4,235,12814.2010687955,-12008,162
1621845604790,1621845604850,60,2,457,23467.357134999,-36336,215
1621845604930,1621845604950,20,0,58,3467.47430760466,-1,266
1621845604970,1621845604990,20,0,36,2510.23275144572,-1,48
1621845605140,1621845605180,40,0,139,11014.1805192409,-6110,85
1621845605190,1621845605210,20,0,68,5102.98092454151,-3104,157
1621845605240,1621845605250,10,-1,54,3404.81648591931,-1,-1
1621845605389,1621845605399,10,-1,44,2943.93142718426,-1,-1
1621845605629,1621845605639,10,-1,35,779.367774120868,-1,-1
1621845605789,1621845605819,30,0,35,660.310204597957,-270,47
1621845605839,1621845605869,30,2,119,6014.53640492414,-8269,45
1621845606039,1621845606059,20,0,165,-1.0,-11782,288
1621845606089,1621845606109,20,1,65,4199.7061337568,-1,239
1621845606299,1621845606349,50,2,311,24598.8256566267,-7669,174
1621845606499,1621845606519,20,0,115,5329.40391992318,-1,113
1621845606529,1621845606539,10,-1,99,8318.38315040113,-1,-1
1621845606559,1621845606589,30,1,50,1010.98278272853,-1,116
1621845606629,1621845606639,10,-1,56,3391.98465937731,-1,-1
1621845606749,1621845606759,10,-1,40,-1.0,-1,-1
1621845606789,1621845606799,10,-1,33,1356.89270692976,-1,-1
1621845606809,1621845606829,20,0,48,4489.3641805559,-731,97
1621845606889,1621845606918,29,1,86,5265.68605769076,-4674,64
1621845607048,1621845607078,30,1,76,3647.86499440867,-2240,268
1621845607368,1621845607398,30,2,112,5281.17795290093,-5679,287
1621845607858,1621845607898,40,1,51,794.777637662539,-1565,86
1621845607938,1621845607958,20,0,63,3902.64080594618,-1789,90
1621845607998,1621845608058,60,2,49,1044.28796345342,-957,249
1621845608088,1621845608098,10,-1,63,4729.73245187312,-1,-1
1621845608158,1621845608188,30,0,104,4155.74581024937,-7244,48
1621845608198,1621845608218,20,0,80,6878.87072037915,-4722,77
1621845608278,1621845608318,40,1,46,1610.59271889898,-79,259
1621845608328,1621845608358,30,4,172,9732.0751359888,-6448,305
1621845608368,1621845608378,10,-1,32,1977.90058286484,-1,-1
1621845608418,1621845608458,40,1,56,3065.38015262454,-1954,75
1621845608577,1621845608617,40,1,45,1696.04771326033,-631,250
1621845608677,1621845608717,40,1,40,799.269983450856,-876,73
1621845608787,1621845608797,10,-1,30,456.197760246715,-1,-1
1621845609047,1621845609067,20,0,55,2773.42201114845,-1701,273
1621845609247,1621845609267,20,0,55,2261.99743755285,-1,270
1621845609627,1621845609657,30,2,109,5510.30238263896,-4539,122
1621845609677,1621845609717,40,1,84,6120.88777051487,-2421,213
1621845609847,1621845609867,20,0,102,5740.77878973415,-1,101
1621845610057,1621845610106,49,2,409,4323.73880468188,-37450,303
1621845610116,1621845610126,10,-1,40,2192.70823025928,-1,-1
1621845610146,1621845610166,20,0,61,4638.9657798062,-1360,315
1621845610246,1621845610266,20,0,41,1299.87405197877,-760,130
1621845610286,1621845610336,50,1,118,6269.29913915495,-6057,301
1621845610496,1621845610576,80,2,321,17593.9877536297,-20184,350
1621845611266,1621845611326,60,2,72,3520.09515812434,-2509,184
1621845611436,1621845611446,10,-1,30,595.668954533893,-1,-1
1621845611466,1621845611506,40,3,123,6777.92859749977,-6326,270
1621845612455,1621845612495,40,2,231,3707.60635784265,-16613,265
1621845612505,1621845612535,30,0,36,1614.03128469064,-213,240
1621845612565,1621845612585,20,1,51,2387.2920555926,-1,304
1621845612615,1621845612665,50,3,67,2719.54377495408,-1233,89
1621845612675,1621845612735,60,1,68,5326.55372654587,-2450,158
1621845612765,1621845612775,10,-1,36,2809.19482284372,-1,-1
1621845612795,1621845612805,10,-1,51,2511.17171131916,-1,-1
1621845612945,1621845612975,30,1,82,4697.35337337997,-3695,74
1621845613145,1621845613225,80,4,230,15440.5009225818,-6807,37
1621845613414,1621845613444,30,0,52,1280.00255475859,-1776,258
1621845613554,1621845613574,20,0,42,2919.41901422046,-1216,252
1621845614524,1621845614554,30,0,93,7473.59486931924,-5652,79
1621845614794,1621845614814,20,0,53,2666.2525345704,-1051,98
1621845615803,1621845615833,30,2,206,7378.11886216494,-1,57
1621845615953,1621845615993,40,2,93,3027.00264130125,-5401,291
1621845616243,1621845616303,60,2,47,2244.36405896659,-1156,268
1621845616343,1621845616353,10,-1,33,1914.02207829933,-1,-1
1621845616393,1621845616443,50,5,195,11961.4028921801,-9250,41
1621845616752,1621845616832,80,3,201,7553.00016746804,-12079,31
1621845616932,1621845616992,60,3,627,34334.358427091,-53666,169
1621845617012,1621845617052,40,7,330,27636.720592713,-17118,26
1621845617112,1621845617172,60,6,369,12599.9770319467,-25699,214
1621845617282,1621845617352,70,1,66,2438.34002458522,-1160,139
1621845617412,1621845617472,60,2,71,3502.97790912103,-1863,289
1621845617552,1621845617682,130,3,438,22122.8185808415,-19598,120
1621845617712,1621845617752,40,2,79,3779.68782414244,-2043,279
1621845617792,1621845617812,20,0,57,2756.01338289586,-1,246
1621845617822,1621845617852,30,2,112,5561.45804918161,-1,66
1621845617862,1621845617882,20,1,94,8406.49097334057,-79,250
1621845617892,1621845617922,30,0,98,6968.91473086591,-5816,93
1621845617932,1621845617952,20,0,48,3756.92862333769,-173,262
1621845618102,1621845618152,50,1,236,12778.3124447613,-3930,103
1621845618162,1621845618192,30,4,189,15882.1803930087,-9662,49
1621845618501,1621845618521,20,1,100,4807.02757626274,-1,274
1621845618631,1621845618641,10,-1,40,1141.18728764173,-1,-1
1621845618721,1621845618771,50,3,79,3968.91694980113,-3286,291
1621845618861,1621845618871,10,-1,32,782.405747079645,-1,-1
1621845618931,1621845618961,30,1,235,15785.1972648885,-1,152
1621845619131,1621845619181,50,6,322,2286.29376475977,-14902,291
1621845619261,1621845619271,10,-1,149,-1.0,-1,-1
1621845619281,1621845619301,20,1,60,3447.53805125298,-239,217
1621845619311,1621845619371,60,0,138,7310.39093581388,-7963,90
1621845619381,1621845619401,20,0,33,730.391619503253,-1,71
1621845619441,1621845619461,20,1,44,3052.09697520645,-595,304
1621845619531,1621845619581,50,3,122,466.690153287259,-5008,177
1621845619601,1621845619621,20,1,67,5354.4379653876,-342,75
1621845619681,1621845619701,20,0,47,-1.0,-1666,239
1621845619761,1621845619781,20,0,57,4758.84950730671,-2450,48
1621845619801,1621845619820,19,0,57,3629.96011480692,-1,244
1621845619841,1621845619870,29,1,71,3681.07417819523,-326,62
1621845619960,1621845619990,30,1,66,4598.52545660977,-3442,354
1621845620230,1621845620240,10,-1,31,1601.21871873699,-1,-1
1621845620370,1621845620390,20,0,46,2649.17567455016,-206,94
1621845620590,1621845620640,50,0,73,3794.66451595305,-2191,59
1621845620720,1621845620730,10,-1,48,2783.854687475,-1,-1
1621845620790,1621845620800,10,-1,41,-1.0,-1,-1
1621845620880,1621845620890,10,-1,30,999.829832473264,-1,-1
1621845622139,1621845622149,10,-1,36,1261.30901107181,-1,-1
1621845622249,1621845622279,30,1,70,3179.3808385243,-36,250
1621845622289,1621845622329,40,0,179,15852.3928492243,-9361,73
1621845622339,1621845622349,10,-1,31,2454.34414814567,-1,-1
1621845622769,1621845622789,20,0,60,4444.25213413695,-754,83
1621845622909,1621845622919,10,-1,31,1958.16179419431,-1,-1
1621845623039,1621845623048,9,-1,31,1039.32895989457,-1,-1
1621845623208,1621845623218,10,-1,120,10479.1346897401,-1,-1
1621845623228,1621845623238,10,-1,139,11752.3660299081,-1,-1
1621845623408,1621845623608,200,27,431,27117.0923149683,-18337,144
1621845623618,1621845623638,20,0,59,2836.83074739453,-1,247
1621845623878,1621845623908,30,3,170,9303.79753674157,-6664,170
1621845624398,1621845624408,10,-1,34,-1.0,-1,-1
1621845624488,1621845624498,10,-1,33,973.894423736445,-1,-1
1621845624747,1621845624787,40,0,33,891.679185643423,-279,227
1621845624797,1621845624857,60,7,354,17356.7585246624,-3,328
1621845624977,1621845625017,40,3,164,8340.32313567579,-535,206
1621845625087,1621845625107,20,0,63,2797.53266963848,-1,243
1621845625247,1621845625277,30,1,59,2150.0975907643,-1149,83
1621845625307,1621845625317,10,-1,32,1041.77835927602,-1,-1
1621845625387,1621845625397,10,-1,30,2264.23163504275,-1,-1
1621845625527,1621845625537,10,-1,39,1011.82194609053,-1,-1
1621845625907,1621845625927,20,0,38,938.476470184225,-620,329
1621845626197,1621845626227,30,0,43,995.108060584354,-1,263
1621845626346,1621845626366,20,0,43,-1.0,-77,84
1621845626476,1621845626516,40,0,88,7163.47136172323,-3096,338
1621845626556,1621845626596,40,0,82,7253.75944721932,-3275,333
1621845627096,1621845627116,20,1,95,6882.26832783525,-3450,56
1621845627136,1621845627156,20,0,37,2021.52141382669,-1,255
1621845627376,1621845627386,10,-1,36,2969.11928941858,-1,-1
1621845627396,1621845627416,20,0,67,4334.55141086321,-2614,50
1621845627436,1621845627456,20,0,41,2609.1660628961,-1,244
1621845627616,1621845627626,10,-1,31,2357.84706833585,-1,-1
1621845627696,1621845627726,30,1,62,5091.57139337323,-3092,68
1621845627736,1621845627806,70,2,102,5757.57473927308,-7133,175
1621845627816,1621845627836,20,0,43,1821.63537602079,-729,239
1621845627975,1621845628015,40,9,758,38384.9018215109,-1,127
1621845628155,1621845628185,30,2,458,-1.0,-33388,328
1621845628195,1621845628225,30,1,44,2753.94059406511,-1338,248
1621845628275,1621845628295,20,0,37,2964.67350879606,-1,306
1621845628415,1621845628495,80,11,361,19493.7126499066,-1411,40
1621845628555,1621845628575,20,1,182,-1.0,-11093,125
1621845628645,1621845628655,10,-1,51,4110.70217191366,-1,-1
1621845628705,1621845628765,60,10,265,12531.3748198043,-11577,333
1621845628845,1621845628855,10,-1,45,-1.0,-1,-1
1621845628915,1621845628955,40,4,166,9880.07929556572,-9300,202
1621845629285,1621845629315,30,1,67,2825.6124828536,-1651,82
1621845629405,1621845629435,30,3,151,10246.3782927827,-10113,102
1621845629584,1621845629634,50,9,300,17750.4944860958,-10568,227
1621845629734,1621845629784,50,7,225,14463.1858102315,-11968,227
1621845629944,1621845629954,10,-1,34,992.354476057022,-1,-1
1621845630294,1621845630314,20,0,36,2863.11356291968,-1,41
1621845630364,1621845630384,20,0,35,1316.85751561182,-206,161
1621845631014,1621845631054,40,3,109,5857.90583766783,-668,45
1621845631064,1621845631074,10,-1,44,4004.86515030358,-1,-1
1621845631183,1621845631193,10,-1,35,583.763055742949,-1,-1
1621845631323,1621845631333,10,-1,38,-1.0,-1,-1
1621845631353,1621845631383,30,1,66,2433.60272435563,-1417,83
1621845631463,1621845631493,30,2,134,7643.88809422259,-9185,216
1621845631553,1621845631563,10,-1,44,2099.43225261622,-1,-1
1621845631623,1621845631643,20,0,66,-1.0,-1933,274
1621845631733,1621845631793,60,3,112,5060.85942464291,-6849,86
1621845631803,1621845631813,10,-1,32,1322.18383613968,-1,-1
1621845631953,1621845631983,30,1,96,4586.08615937768,-1,266
1621845632073,1621845632093,20,0,128,8179.27910236671,-1,99
1621845632173,1621845632193,20,0,145,-1.0,-9780,63
1621845632253,1621845632283,30,1,54,2358.31289143889,-1797,279
1621845632453,1621845632473,20,0,31,2302.12677316012,-1,29
1621845632503,1621845632553,50,2,53,1493.57731282823,-1175,301
1621845632623,1621845632643,20,1,75,5220.50288712322,-1,92
1621845632693,1621845632802,109,0,412,35296.9498055202,-25438,322
1621845632912,1621845632942,30,1,60,1429.58556536213,-1,100
1621845633022,1621845633032,10,-1,31,-1.0,-1,-1
1621845633062,1621845633092,30,0,37,1606.90414585021,-517,285
1621845633172,1621845633182,10,-1,33,-1.0,-1,-1
1621845633192,1621845633222,30,2,106,7528.36230423592,-2727,82
1621845633322,1621845633332,10,-1,43,-1.0,-1,-1
1621845633592,1621845633612,20,0,65,4057.32864311261,-1,261
1621845633682,1621845633702,20,1,101,7481.81541621525,-1,90
1621845633812,1621845633842,30,1,74,4111.57948263508,-4326,270
1621845633992,1621845634022,30,1,49,1632.69224719915,-1858,68
1621845634202,1621845634242,40,2,67,4793.96941630245,-2669,288
1621845634551,1621845634561,10,-1,39,3644.84752789466,-1,-1
1621845634641,1621845634651,10,-1,239,-1.0,-1,-1
1621845634761,1621845634801,40,0,115,5347.21015070444,-1,153
1621845634901,1621845634921,20,1,129,-1.0,-6392,311
1621845634931,1621845634961,30,1,81,4639.88420906829,-1,289
1621845635291,1621845635331,40,3,115,7262.60494124814,-7270,50
1621845635591,1621845635641,50,4,148,9217.67787399981,-5808,199
1621845635671,1621845635691,20,0,44,2482.97001903028,-1317,90
1621845636700,1621845636760,60,6,247,10944.3323863291,-18767,52
1621845636830,1621845636850,20,1,73,4354.94144976005,-1,270
1621845637010,1621845637070,60,4,104,4704.35256099766,-4246,249
1621845637080,1621845637090,10,-1,34,1982.15838900383,-1,-1
1621845637110,1621845637120,10,-1,30,895.962236095384,-1,-1
1621845637390,1621845637550,160,3,340,22769.119349357,-18144,90
1621845637649,1621845637689,40,1,56,2597.01446906798,-1661,59
1621845637799,1621845637839,40,1,54,2239.21768542403,-1074,265
1621845637879,1621845637899,20,1,133,7246.98077279246,-1,94
1621845638019,1621845638089,70,5,133,8623.55688509988,-7246,275
1621845638099,1621845638109,10,-1,36,801.906942641409,-1,-1
1621845638179,1621845638199,20,0,48,-1.0,-1837,90
1621845638219,1621845638239,20,0,39,919.544943392659,-1,106
1621845638259,1621845638289,30,1,79,4362.68302830851,-4888,122
1621845638309,1621845638319,10,-1,33,420.892728738396,-1,-1
1621845638439,1621845638549,110,6,321,23728.0319431151,-15417,8
1621845638559,1621845638629,70,6,329,19262.3090010547,-17034,183
1621845638699,1621845638709,10,-1,34,1075.97435147498,-1,-1
1621845638729,1621845638749,20,0,60,3156.65428861582,-338,71
1621845638759,1621845638789,30,1,84,5648.19205948359,-4231,331
1621845638799,1621845638849,50,0,274,10324.6054711576,-1,296
1621845638869,1621845638889,20,0,30,1832.12446411721,-7,270
1621845638909,1621845638949,40,1,179,12401.4420066666,-1,70
1621845639029,1621845639039,10,-1,49,-1.0,-1,-1
1621845639069,1621845639099,30,1,67,3132.04279725775,-3452,254
1621845639388,1621845639428,40,0,197,14703.3372348172,-1,161
1621845639538,1621845639628,90,7,438,21327.9497040616,-21477,318
1621845639718,1621845639748,30,3,126,10002.3634136057,-4624,295
1621845639858,1621845639868,10,-1,457,-1.0,-1,-1
1621845639908,1621845639938,30,1,62,4854.1200342357,-2771,281
1621845640078,1621845640128,50,4,116,4929.45705343697,-2739,163
1621845640138,1621845640158,20,0,47,2065.19998109817,-845,103
1621845640508,1621845640518,10,-1,61,-1.0,-1,-1
1621845640658,1621845640678,20,1,95,6532.50500558738,-2775,109
1621845640798,1621845640808,10,-1,35,-1.0,-1,-1
1621845640867,1621845640917,49,3,173,12433.9223529927,-6730,108
1621845640927,1621845640937,10,-1,35,2790.2259701138,-1,-1
1621845641007,1621845641017,10,-1,59,3883.37696691942,-1,-1
1621845641117,1621845641137,20,0,58,3714.64986935289,-1415,90
1621845641147,1621845641177,30,1,56,2517.34294502068,-2456,92
1621845641247,1621845641267,20,1,95,7030.29178260962,-1,270
1621845641317,1621845641337,20,2,105,8548.57061967676,-1756,104
1621845641627,1621845641647,20,0,49,1805.55168284433,-1,274
1621845641677,1621845641717,40,1,43,3784.63315819145,-755,86
1621845641737,1621845641747,10,-1,39,1844.26201076891,-1,-1
1621845641847,1621845641867,20,4,506,30241.4608176767,-1,155
1621845641927,1621845641977,50,11,416,2397.11723990522,-18394,121
1621845642157,1621845642217,60,6,218,9327.61274890349,-12279,57
1621845642257,1621845642267,10,-1,37,1650.75749885243,-1,-1
1621845642337,1621845642596,259,8,187,8840.76612889168,-10886,266
1621845642616,1621845642726,110,7,100,2978.1224124126,-3383,103
1621845642796,1621845642836,40,1,57,1528.27061779874,-1,61
1621845643096,1621845643116,20,0,33,1113.72078282005,-1,299
1621845643136,1621845643216,80,4,102,2882.50339933468,-4210,266
1621845643226,1621845643296,70,9,265,11178.6059015229,-11939,257
1621845643306,1621845643316,10,-1,33,1546.55395636324,-1,-1
1621845643336,1621845643466,130,7,74,2699.31077432775,-2948,103
1621845643486,1621845643496,10,-1,30,1457.54290735081,-1,-1
1621845643576,1621845643786,210,19,666,39676.2671964662,-32769,238
1621845643846,1621845643946,100,10,172,6301.64174066692,-3347,237
1621845644076,1621845644115,39,4,170,13422.2690232472,-2235,81
1621845644135,1621845644305,170,3,130,4751.22240869657,-7130,317
1621845644325,1621845644335,10,-1,42,2763.78976195732,-1,-1
1621845644395,1621845644455,60,3,98,2324.26266475889,-1907,87
1621845644475,1621845644485,10,-1,30,1633.52403435094,-1,-1
1621845644515,1621845644635,120,6,141,7030.83085662885,-6857,273
1621845644805,1621845644835,30,0,50,2442.32753197187,-1340,100
1621845644895,1621845644955,60,2,65,4264.05502546981,-2868,265
1621845644965,1621845644995,30,1,49,1743.51906741921,-41,253
1621845645025,1621845645035,10,-1,37,3490.37032426721,-1,-1
1621845645095,1621845645115,20,2,167,-1.0,-7140,34
1621845645215,1621845645235,20,0,40,1387.33048389922,-108,245
1621845645245,1621845645275,30,0,35,497.775621770157,-268,280
1621845645285,1621845645295,10,-1,39,2788.58141234976,-1,-1
1621845645375,1621845645535,160,11,109,2464.3732197798,-5250,183
1621845645565,1621845645595,30,1,80,3020.3621949811,-1,14
1621845645655,1621845645695,40,2,104,-1.0,-4498,51
1621845645804,1621845645824,20,4,780,-1.0,-36350,4
1621845645914,1621845646034,120,4,242,13308.1188295002,-18383,48
1621845646094,1621845646124,30,1,60,526.597618286217,-2963,94
1621845646134,1621845646164,30,2,114,7041.87684134351,-6506,152
1621845646184,1621845646204,20,1,152,9089.63951448609,-1,257
1621845646264,1621845646284,20,0,92,-1.0,-6249,225
1621845646394,1621845646454,60,1,45,658.627950545015,-1405,304
1621845646464,1621845646474,10,-1,32,528.866531320862,-1,-1
1621845646574,1621845646784,210,8,345,12682.5625162963,-16735,69
1621845646864,1621845646874,10,-1,148,-1.0,-1,-1
1621845646884,1621845646894,10,-1,42,1987.74313521796,-1,-1
1621845646904,1621845646934,30,2,115,6500.07885004628,-2794,113
1621845646944,1621845646994,50,2,84,6075.36356559463,-2482,271
1621845647014,1621845647034,20,0,39,1850.11502732489,-1,258
1621845647054,1621845647204,150,39,596,24112.3662422476,-16713,220
1621845647264,1621845647343,79,2,130,1262.35587184478,-8539,16
1621845647363,1621845647393,30,2,83,3300.99675613033,-4324,45
1621845647643,1621845647713,70,17,557,11005.4524957071,-34120,23
1621845647723,1621845647763,40,1,79,4921.23605680699,-2198,221
1621845647813,1621845647823,10,-1,45,1774.3000323329,-1,-1
1621845647893,1621845647913,20,2,225,12449.148323161,-1,8
1621845648033,1621845648183,150,11,355,18201.0161359797,-19671,64
1621845648243,1621845648253,10,-1,78,-1.0,-1,-1
1621845648303,1621845648343,40,1,69,1911.49892140882,-1768,131
1621845648363,1621845648433,70,4,109,5129.30228157545,-3859,119
1621845648443,1621845648463,20,0,33,972.460691302876,-1,231
1621845648813,1621845648873,60,4,148,6720.05140609455,-5900,68
1621845648942,1621845649182,240,11,761,50388.2634462089,-4850,273
1621845649242,1621845649272,30,2,399,-1.0,-28414,46
1621845649362,1621845649462,100,4,319,16229.0758319866,-15974,205
1621845649522,1621845649612,90,7,143,8430.34657219986,-4697,211
1621845649632,1621845649722,90,4,93,2325.71255154547,-3116,234
1621845649852,1621845649872,20,0,51,2478.53731090593,-779,65
1621845649912,1621845649952,40,1,39,1554.17635419576,-200,60
1621845649962,1621845650052,90,22,959,56373.1896250553,-41346,205
1621845650062,1621845650132,70,6,135,9187.33650396969,-6470,46
1621845650362,1621845650392,30,1,55,2018.39198121138,-1505,54
1621845650482,1621845650492,10,-1,34,553.490020927221,-1,-1
1621845650532,1621845650552,20,0,66,2828.08406838716,-1,7
1621845650562,1621845650641,79,19,498,25507.666918919,-15759,191
1621845650791,1621845650811,20,1,158,-1.0,-8436,303
1621845650821,1621845650831,10,-1,306,29326.4489993531,-1,-1
1621845650891,1621845650921,30,3,148,-1.0,-5597,359
1621845650931,1621845650981,50,1,243,18038.9325975435,-6987,334
1621845651041,1621845651081,40,2,140,9513.94087784227,-6212,345
1621845651101,1621845651111,10,-1,175,14708.7709189757,-1,-1
1621845651191,1621845651361,170,6,352,14887.7485052105,-17605,262
1621845651381,1621845651401,20,1,120,5914.9596485153,-1,340
1621845651461,1621845651551,90,6,126,4831.36721140481,-1689,350
1621845651641,1621845651721,80,19,859,61802.9730715368,-20537,332
1621845651931,1621845652081,150,14,317,12454.6715158162,-15141,190
1621845652151,1621845652230,79,5,110,6478.26642288287,-3047,205
