start,end,duration,amplitude,peak_velocity,peak_acceleration,peak_deceleration,direction
1621585516833,1621585517103,270,18,458,22570.1550644922,-28688,2
1621585517283,1621585517323,40,3,711,34761.0763811575,-52551,256
1621585517333,1621585517523,190,24,380,19944.9071219789,-16596,277
1621585517533,1621585517573,40,1,68,4342.57889509879,-2678,48
1621585517603,1621585517633,30,3,170,7411.6969070303,-1,63
1621585517743,1621585517763,20,3,257,7337.02437281698,-1,332
1621585517773,1621585517813,40,1,76,5555.21337297572,-2675,151
1621585517883,1621585518023,140,6,187,8504.45463647789,-10368,73
1621585518063,1621585518073,10,-1,46,1909.83466764359,-1,-1
1621585518213,1621585518223,10,-1,37,1840.50427925158,-1,-1
1621585518253,1621585518303,50,7,281,14377.3115589107,-13142,117
1621585518462,1621585518592,130,5,135,10486.8647723503,-7209,3
1621585518662,1621585518702,40,1,81,5248.72163451469,-2223,68
1621585518952,1621585518982,30,9,463,-1.0,-2181,157
1621585519422,1621585519512,90,5,369,7783.04432046978,-23861,254
1621585519552,1621585519572,20,1,80,4521.09686045629,-1,126
1621585519742,1621585519872,130,8,396,7456.50158534174,-30210,47
1621585519882,1621585519981,99,4,264,18147.2315474958,-16223,273
1621585520111,1621585520121,10,-1,33,1455.16368845689,-1,-1
1621585520141,1621585520151,10,-1,33,477.428757734289,-1,-1
1621585520161,1621585520171,10,-1,55,3274.2840314256,-1,-1
1621585520341,1621585520561,220,17,921,33975.1672957006,-88374,314
1621585520611,1621585520631,20,1,85,5785.01895137062,-2221,32
1621585520661,1621585520701,40,1,37,440.722168963195,-568,59
1621585520731,1621585520761,30,2,99,4871.08293932878,-4823,297
1621585520801,1621585520821,20,1,78,5102.62173398328,-1,290
1621585520881,1621585520971,90,2,128,5888.23571046047,-8700,10
1621585521101,1621585521141,40,7,307,19401.3455374136,-19445,5
1621585521151,1621585521221,70,1,152,7901.28854368595,-5619,296
1621585521231,1621585521291,60,3,198,11771.6309433759,-13284,13
1621585521321,1621585521421,100,18,369,17308.326594347,-10552,174
1621585521451,1621585521461,10,-1,39,1284.41967330593,-1,-1
1621585521501,1621585521541,40,5,224,10188.7005234661,-11854,174
1621585521571,1621585521590,19,0,58,3965.0111790877,-72,101
1621585521700,1621585521720,20,1,105,4607.9121042273,-1,247
1621585522170,1621585522220,50,6,267,4719.65113288152,-21518,36
1621585522560,1621585522590,30,6,412,-1.0,-18702,233
1621585522630,1621585522640,10,-1,35,971.336426114254,-1,-1
1621585522670,1621585522700,30,0,41,1177.28139665263,-826,86
1621585522720,1621585522770,50,2,58,2231.43276868488,-1110,73
1621585522780,1621585522800,20,0,175,13596.9893294731,-1,129
1621585522930,1621585522960,30,0,38,222.088993308617,-741,86
1621585522990,1621585523020,30,1,43,1320.55598408679,-699,87
1621585523050,1621585523070,20,0,39,1349.46125589321,-538,106
1621585523080,1621585523170,90,5,135,10018.3000932806,-6277,325
1621585523180,1621585523239,59,3,129,5062.71544009678,-5407,172
1621585523259,1621585523299,40,1,40,1616.96564569305,-1,35
1621585523429,1621585523459,30,1,106,-1.0,-6011,72
1621585523479,1621585523509,30,2,133,7871.32036255995,-5708,30
1621585523529,1621585523549,20,1,103,7983.10211743142,-4975,207
1621585523559,1621585523589,30,2,122,6547.79669741562,-4452,28
1621585523599,1621585523749,150,22,873,73997.9874444675,-43537,162
1621585523869,1621585523899,30,2,136,10247.8438448531,-10276,143
1621585523969,1621585523989,20,0,34,2365.98836090102,-1,101
1621585523999,1621585524019,20,1,280,18635.9847076455,-1,146
1621585524199,1621585524449,250,12,722,25757.7956091456,-44338,295
1621585524459,1621585524599,140,5,135,6450.01274798414,-7439,161
1621585524629,1621585524759,130,9,496,26316.9462314056,-35430,166
1621585524769,1621585524799,30,0,32,1052.13661830475,-5,261
1621585524878,1621585524898,20,1,84,4096.62975100222,-1,262
1621585525058,1621585525078,20,0,66,-1.0,-3077,257
1621585525178,1621585525208,30,1,80,4553.47435015131,-3737,118
1621585525328,1621585525388,60,0,60,4023.20855708608,-2344,315
1621585525408,1621585525448,40,1,41,2484.94280613956,-1,74
1621585525588,1621585525598,10,-1,34,1275.70630950109,-1,-1
1621585525798,1621585525818,20,2,279,-1.0,-14552,333
1621585525858,1621585525878,20,1,56,1974.73924716909,-1,325
1621585525928,1621585525938,10,-1,48,2104.91776330876,-1,-1
1621585525988,1621585526038,50,4,175,5766.31417831193,-11721,203
1621585526238,1621585526358,120,34,585,46459.0325804151,-29050,161
1621585526368,1621585526378,10,-1,31,934.60636476584,-1,-1
1621585526388,1621585526418,30,1,67,3534.52240107276,-1539,333
1621585526458,1621585526487,29,0,39,686.497715359148,-300,333
1621585526507,1621585526537,30,1,80,4674.73082664872,-2371,301
1621585526727,1621585526777,50,6,692,-1.0,-48844,268
1621585526787,1621585526817,30,1,52,2125.55649670265,-1,183
1621585526917,1621585526937,20,1,186,-1.0,-8682,86
1621585527077,1621585527187,110,7,202,4958.33395834244,-14733,29
1621585527217,1621585527257,40,2,132,8329.0025082061,-6126,52
1621585527357,1621585527367,10,-1,43,1433.25101773265,-1,-1
1621585527427,1621585527507,80,4,245,20033.7587714891,-17324,192
1621585527977,1621585528017,40,16,1491,70973.7522239093,-1537,58
1621585528027,1621585528126,99,20,2035,200530.968942265,-149914,247
1621585528426,1621585528596,170,12,508,22487.5641437698,-43687,338
1621585528606,1621585528736,130,15,1521,78477.0456447859,-111139,99
1621585528866,1621585528976,110,11,165,7263.87466218971,-6758,197
1621585529106,1621585529296,190,17,538,42032.8146381959,-47607,185
1621585529306,1621585529316,10,-1,44,2537.71866175679,-1,-1
1621585529386,1621585529396,10,-1,318,30864.5366683698,-1,-1
1621585529526,1621585529576,50,2,396,18435.1657034863,-27693,16
1621585529586,1621585529606,20,1,70,6198.38992939684,-1376,90
1621585529616,1621585529636,20,0,35,542.643052110721,-1,98
1621585529646,1621585529656,10,-1,38,972.378883308167,-1,-1
1621585529686,1621585529706,20,0,44,1857.4184060865,-1,81
1621585529726,1621585529736,10,-1,34,649.488154717808,-1,-1
1621585529746,1621585529845,99,12,174,6446.24181215018,-8257,0
1621585529855,1621585529925,70,4,76,4499.24738526065,-3396,216
1621585529985,1621585530035,50,10,411,19233.499973944,-18702,0
1621585530055,1621585530145,90,4,100,5098.78526714759,-3341,112
1621585530195,1621585530215,20,0,45,2317.92913721323,-1374,189
1621585530305,1621585530345,40,9,429,36451.3147635809,-21754,177
1621585530355,1621585530425,70,3,115,5001.34226180344,-4636,108
1621585530475,1621585530495,20,4,244,23979.737333199,-740,287
1621585530515,1621585530675,160,15,552,31927.8461805107,-25850,181
1621585530705,1621585530965,260,11,438,30386.0570748176,-39400,347
1621585533193,1621585533223,30,9,359,-1.0,-2573,190
1621585534872,1621585534882,10,-1,452,-1.0,-1,-1
1621585535432,1621585535472,40,4,147,-1.0,-4761,20
1621585535502,1621585535582,80,6,124,2726.40409554269,-2219,74
1621585535592,1621585535612,20,0,343,28573.0418565279,-1,284
1621585535932,1621585536012,80,5,243,13268.1188240686,-18502,353
1621585536072,1621585536082,10,-1,33,876.007155481705,-1,-1
1621585536152,1621585536182,30,1,80,5150.25567849924,-102,254
1621585536192,1621585536232,40,3,92,7853.3412882633,-5465,86
1621585536262,1621585536282,20,2,169,7005.45822510782,-1,259
1621585536292,1621585536301,9,-1,131,10672.9133620039,-1,-1
1621585536311,1621585536451,140,1,137,12991.4932555455,-10048,98
1621585536491,1621585536621,130,6,254,21538.4313451455,-21606,34
1621585536631,1621585536681,50,5,228,7214.98879153402,-14085,229
1621585536741,1621585536781,40,0,338,26161.0822104537,-11417,47
1621585536791,1621585536801,10,-1,350,34146.1691554051,-1,-1
1621585536811,1621585536821,10,-1,299,27209.6236588698,-1,-1
1621585536831,1621585536901,70,1,306,29524.4638649016,-18986,53
1621585537001,1621585537101,100,4,359,26879.3422799937,-14185,268
1621585537491,1621585537501,10,-1,39,2495.99837857424,-1,-1
1621585537621,1621585537641,20,1,155,8638.13634079227,-1,208
1621585537651,1621585537681,30,0,161,15050.2498008923,-11985,19
1621585537691,1621585537721,30,0,65,5437.72526183543,-2264,22
1621585537731,1621585537741,10,-1,41,1856.15967216551,-1,-1
1621585537751,1621585537901,150,4,207,14115.8413832537,-10056,150
1621585538330,1621585538430,100,3,702,8179.37550444088,-61745,299
1621585538630,1621585538650,20,2,404,-1.0,-28364,151
1621585538660,1621585538810,150,16,314,14068.9074893928,-11415,209
1621585538990,1621585539270,280,32,602,20757.0621001078,-24395,2
1621585539450,1621585539490,40,2,199,-1.0,-8701,265
1621585539500,1621585539520,20,1,82,7276.28680368596,-4470,95
1621585539629,1621585539669,40,4,177,10940.5640044883,-5553,133
1621585539739,1621585539799,60,5,701,21501.7330908371,-63479,241
1621585539819,1621585539829,10,-1,34,1195.856831816,-1,-1
1621585539839,1621585539999,160,2,460,38935.135016636,-40086,217
1621585540019,1621585540199,180,9,369,29362.3834219303,-22991,173
1621585540329,1621585540479,150,2,501,14366.4527173568,-39953,316
1621585540499,1621585540529,30,6,269,13535.2951164548,-14451,323
1621585541228,1621585541368,140,8,740,67942.8481450075,-55745,8
1621585541528,1621585541588,60,10,1155,72468.1742831723,-85712,259
1621585541718,1621585541738,20,0,42,3010.8585082807,-956,248
1621585541758,1621585541808,50,6,250,16678.8293101325,-1679,311
1621585541908,1621585541938,30,3,359,-1.0,-18850,257
1621585542028,1621585542078,50,0,183,13476.3802983106,-12673,164
1621585542118,1621585542148,30,2,99,4536.41455957507,-5124,226
1621585542208,1621585542348,140,8,370,29234.9440081172,-6197,179
1621585542398,1621585542438,40,1,285,18643.2567670602,-15858,64
1621585542598,1621585542638,40,3,115,6552.55584868359,-7568,263
1621585542708,1621585542867,159,13,361,21190.5030746877,-25946,227
1621585543247,1621585543307,60,48,2544,129596.520539477,-131015,42
1621585543567,1621585543647,80,0,129,5009.99256283193,-7970,180
1621585543687,1621585543817,130,7,248,19155.8764861893,-17715,339
1621585543827,1621585543857,30,2,123,7954.70665898974,-2578,65
1621585544037,1621585544107,70,7,251,11872.4710285339,-14383,158
1621585544217,1621585544227,10,-1,37,2538.36539080273,-1,-1
1621585544387,1621585544516,129,3,1137,109987.568822581,-45582,230
1621585544536,1621585544566,30,2,137,10798.5283429098,-2477,169
1621585544576,1621585544656,80,0,152,9873.75419232534,-11152,33
1621585544676,1621585544696,20,0,52,5022.58533915108,-1886,204
1621585544736,1621585544766,30,1,72,3457.75937477,-3270,82
1621585544796,1621585544976,180,17,475,32951.831790401,-33738,340
1621585545096,1621585545156,60,5,500,23298.0785506486,-374,36
1621585545166,1621585545236,70,0,212,13285.2649865429,-11331,119
1621585545316,1621585545356,40,3,224,16248.9270567905,-11025,183
1621585545486,1621585545516,30,1,227,17623.4943235962,-1,332
1621585545686,1621585545726,40,1,87,2791.20451925131,-8,239
1621585545776,1621585545786,10,-1,43,2850.35698927835,-1,-1
1621585546016,1621585546066,50,0,82,1852.33829747926,-1703,61
1621585546475,1621585546485,10,-1,42,2668.01103073442,-1,-1
1621585546635,1621585546725,90,4,172,12530.3315594442,-8384,138
1621585546735,1621585546745,10,-1,59,3007.29356954588,-1,-1
1621585546895,1621585546925,30,5,762,-1.0,-50599,230
1621585546995,1621585547035,40,1,97,6725.6831884339,-5140,276
1621585547135,1621585547195,60,17,627,60480.8703122885,-44501,19
1621585547455,1621585547555,100,0,113,6199.25531176256,-5442,146
1621585547575,1621585547595,20,1,164,11933.0396467376,-1,225
1621585547605,1621585547635,30,1,158,14861.3988096049,-9009,52
1621585547675,1621585547695,20,0,41,2384.99299301987,-1,75
1621585547874,1621585547904,30,1,202,2798.64474163022,-11442,141
1621585548094,1621585548124,30,8,357,11948.2429645232,-6339,299
1621585548164,1621585548184,20,0,62,4018.84339902816,-2482,123
1621585548314,1621585548484,170,21,390,20539.9149328242,-26559,186
1621585548494,1621585548504,10,-1,36,1394.55186354194,-1,-1
1621585548554,1621585548604,50,5,313,21979.7763472503,-17996,11
1621585548744,1621585548804,60,13,1422,56721.41262838,-64428,270
1621585548814,1621585548884,70,19,1926,190194.791284985,-96496,258
1621585548924,1621585549064,140,8,191,10668.0637648297,-14402,96
1621585549134,1621585549284,150,16,386,11651.1315278201,-11191,337
1621585549294,1621585549304,10,-1,37,1138.95434182804,-1,-1
1621585549334,1621585549373,39,1,48,2894.62387116297,-1731,279
1621585549384,1621585549523,139,2,343,21962.8455548308,-30671,169
1621585549583,1621585549623,40,3,96,4786.40271827536,-53,278
1621585549633,1621585549663,30,0,50,4184.79752234423,-1097,9
1621585549753,1621585549773,20,0,46,3164.98448216664,-1,211
1621585549943,1621585549963,20,0,52,4020.84310865487,-459,322
1621585550083,1621585550173,90,2,459,3496.28270922522,-26877,269
1621585550193,1621585550213,20,1,41,866.487003344552,-1,126
1621585550243,1621585550263,20,0,48,2396.52282110205,-1,34
1621585550273,1621585550313,40,3,163,9233.30453595559,-10064,329
1621585550343,1621585550573,230,11,1314,125851.403753576,-111341,168
1621585550593,1621585550603,10,-1,30,927.287391721549,-1,-1
1621585550613,1621585550623,10,-1,62,4523.4885882624,-1,-1
1621585550633,1621585550653,20,6,392,29604.3525400789,-1,218
1621585550753,1621585550973,220,29,1646,101123.037999837,-81440,69
1621585550983,1621585551292,309,11,452,36224.1638450587,-39584,243
1621585551482,1621585551522,40,3,104,21.1407430599863,-6099,159
1621585561216,1621585561236,20,4,376,33990.6516402748,-1,80
1621585566153,1621585566213,60,12,553,21665.4102146496,-37341,98
1621585566343,1621585566373,30,27,1396,9353.14524068074,-7474,109
1621585567073,1621585567133,60,8,581,19.2106827432461,-26917,277
1621585567143,1621585567183,40,14,579,27814.3267328754,-15914,199
1621585567293,1621585567323,30,11,551,-1.0,-1050,148
1621585567462,1621585567802,340,27,1309,89856.6377563525,-102256,117
1621585567842,1621585567902,60,1,1151,114164.357896003,-35071,225
1621585568712,1621585568802,90,20,700,34906.3260116818,-14084,256
1621585568992,1621585569111,119,18,663,39401.6319607719,-52384,21
1621585569211,1621585569311,100,17,822,66568.9578391763,-67448,215
1621585569451,1621585569471,20,1,113,48.6413474099791,-1,18
1621585569481,1621585569511,30,1,77,6706.75946971187,-2039,145
1621585569561,1621585569581,20,1,85,5243.59780453537,-1,270
1621585569751,1621585569821,70,6,314,9238.17116784811,-17740,316
1621585569971,1621585570061,90,7,926,89293.5442442752,-38877,70
1621585570071,1621585570281,210,11,340,19125.7130566987,-15649,6
1621585570291,1621585570311,20,1,94,7266.03349097908,-4045,313
1621585570361,1621585570441,80,14,492,22641.0835276205,-27987,157
1621585570650,1621585570680,30,3,219,-1.0,-15252,270
1621585570890,1621585570910,20,1,245,-1.0,-15201,49
1621585570920,1621585571010,90,4,207,14928.5218650208,-9164,267
1621585571030,1621585571080,50,10,447,22499.1217752093,-22357,5
1621585571100,1621585571170,70,6,222,9124.6752084505,-14113,220
1621585571180,1621585571190,10,-1,41,3093.10814273581,-1,-1
1621585571270,1621585571290,20,3,155,13841.2889034733,-1,59
1621585571340,1621585571350,10,-1,35,2536.71599101613,-1,-1
1621585571420,1621585571440,20,3,302,14478.1843151176,-1,209
1621585571590,1621585571650,60,0,133,9885.47430349351,-8383,198
1621585571660,1621585571670,10,-1,58,3948.67111372973,-1,-1
1621585571680,1621585571710,30,1,73,4308.47232285078,-1,55
1621585571800,1621585571870,70,0,108,5464.16137491414,-3455,265
1621585571880,1621585571900,20,0,31,1225.85847784737,-1,55
1621585571920,1621585572010,90,2,430,20162.050659382,-1,64
1621585572080,1621585572309,229,10,282,21470.2100507918,-20001,164
1621585572479,1621585572489,10,-1,434,-1.0,-1,-1
1621585572499,1621585572509,10,-1,53,2600.95270494867,-1,-1
1621585572519,1621585572549,30,1,62,2487.65164117494,-1749,92
1621585572749,1621585572809,60,4,314,15993.1251322046,-22126,353
1621585572869,1621585572959,90,13,340,22369.9244871902,-18612,348
1621585572979,1621585572989,10,-1,39,1060.51882042303,-1,-1
1621585572999,1621585573009,10,-1,83,6017.45859930091,-1,-1
1621585573019,1621585573039,20,0,83,7636.01206099799,-3809,57
1621585573569,1621585573579,10,-1,91,-1.0,-1,-1
1621585573589,1621585573599,10,-1,30,165.627545405122,-1,-1
1621585574048,1621585574058,10,-1,37,1826.02267492745,-1,-1
1621585574078,1621585574218,140,7,291,17248.5082975744,-9974,142
1621585574438,1621585574478,40,2,218,11869.5250556623,-16333,332
1621585574618,1621585574728,110,16,359,20512.6457905436,-15145,352
1621585574768,1621585574788,20,1,156,9804.92994259856,-1,68
1621585575098,1621585575138,40,3,122,10056.1912586719,-4721,261
1621585575148,1621585575328,180,13,621,17582.6591799286,-54014,235
1621585575348,1621585575428,80,8,320,16365.6419161463,-11652,64
1621585575567,1621585575597,30,1,537,1730.9709684778,-48907,247
1621585575607,1621585575637,30,3,167,7563.4273182689,-9719,145
1621585575687,1621585575707,20,1,180,13069.6966386147,-1,323
1621585575717,1621585575737,20,1,181,16399.4808004172,-11776,141
1621585575807,1621585575887,80,13,295,11815.1681136716,-11387,10
1621585575977,1621585576007,30,1,193,16870.8667598275,-10862,61
1621585576207,1621585576217,10,-1,40,-1.0,-1,-1
1621585576227,1621585576247,20,1,69,3254.72151470987,-1,255
1621585576317,1621585576337,20,0,42,4053.12173862902,-520,61
1621585576367,1621585576527,160,13,337,18096.5438669896,-19722,179
1621585576537,1621585576547,10,-1,78,7051.38052788683,-1,-1
1621585576707,1621585576717,10,-1,70,-1.0,-1,-1
1621585576827,1621585576947,120,15,668,53668.5427571439,-31765,356
1621585576957,1621585577057,100,0,172,5770.98421319763,-3698,18
1621585577356,1621585577386,30,0,152,11172.4953090414,-1,79
1621585577546,1621585577646,100,3,317,8400.13371135015,-25051,290
1621585577736,1621585577806,70,0,130,6529.24484874412,-9600,195
1621585577866,1621585577906,40,6,266,15383.1692736347,-14127,121
1621585578026,1621585578086,60,8,434,21075.5615439759,-39975,175
1621585578286,1621585578306,20,0,47,1959.07275652211,-1,163
1621585578676,1621585578716,40,0,258,2421.7629056235,-21499,198
1621585578766,1621585578795,29,3,179,8877.68532634856,-10094,313
1621585578865,1621585578895,30,1,91,4330.542102754,-3247,236
1621585579005,1621585579025,20,1,172,11972.0711894177,-1,131
1621585579185,1621585579205,20,1,190,-1.0,-10953,318
1621585579425,1621585579465,40,2,197,86.6807396890703,-10706,330
1621585579485,1621585579615,130,27,572,26369.1644614047,-20969,14
1621585579635,1621585579675,40,3,184,11508.0697990862,-12323,176
1621585579685,1621585579715,30,1,84,4046.49876461311,-3508,229
1621585579735,1621585579855,120,12,342,13075.4104337102,-17639,238
1621585579865,1621585579875,10,-1,39,1936.20974724323,-1,-1
1621585580065,1621585580125,60,5,171,13554.3352797855,-11377,272
1621585580165,1621585580275,110,1,160,11456.5684728222,-11474,115
1621585580385,1621585580564,179,16,498,29170.0281207156,-13052,169
1621585580574,1621585580614,40,0,380,36714.8123631389,-31286,108
1621585580824,1621585580864,40,4,240,3519.2025262906,-20962,319
1621585580944,1621585580954,10,-1,36,644.943938164034,-1,-1
1621585580984,1621585581054,70,7,347,22516.3487445744,-15782,96
1621585581244,1621585581284,40,2,112,-1.0,-6244,164
1621585581344,1621585581364,20,0,176,14152.1716532591,-1,132
1621585582044,1621585582063,19,0,96,-1.0,-5828,345
1621585582113,1621585582143,30,2,118,7335.09591431454,-5741,286
1621585582673,1621585582783,110,6,662,60926.6704752261,-43456,270
1621585582983,1621585583053,70,13,368,15131.4719710449,-20085,168
1621585583093,1621585583103,10,-1,81,5587.37774954334,-1,-1
1621585583323,1621585583343,20,1,131,-1.0,-6577,280
1621585583613,1621585583633,20,0,43,2686.60965101369,-1059,163
1621585584302,1621585584312,10,-1,90,6682.24678915798,-1,-1
1621585584462,1621585584522,60,1,46,1179.85909568956,-928,292
1621585584532,1621585584662,130,11,273,15716.5038636127,-10975,30
1621585584812,1621585584872,60,8,271,13593.3947984381,-15275,295
1621585585112,1621585585152,40,4,594,22439.1892580766,-37007,279
1621585585162,1621585585202,40,1,54,1771.3539139158,-492,114
1621585585431,1621585585491,60,1,37,1740.98385887882,-90,45
1621585585561,1621585585581,20,0,56,3887.1765619076,-1251,289
1621585585601,1621585585681,80,21,631,30393.2343864604,-29756,188
1621585585931,1621585585941,10,-1,52,3788.72804379543,-1,-1
1621585586161,1621585586191,30,1,214,-1.0,-12851,57
1621585586211,1621585586311,100,13,268,14931.5473701419,-6904,178
1621585586331,1621585586501,170,6,55,1159.27089437885,-614,324
1621585586731,1621585586761,30,8,425,-1.0,-16473,173
1621585586881,1621585586891,10,-1,647,-1.0,-1,-1
1621585587180,1621585587360,180,9,540,11916.0517597909,-28577,344
1621585587400,1621585587560,160,6,434,34891.9889764131,-15938,182
1621585587570,1621585587580,10,-1,50,2942.8826164688,-1,-1
1621585587590,1621585587600,10,-1,56,3969.48470546834,-1,-1
1621585587620,1621585587680,60,2,109,5843.36493578947,-6754,244
1621585587690,1621585587700,10,-1,40,2375.62413137247,-1,-1
1621585587760,1621585587840,80,9,593,50756.0259806694,-36631,173
1621585587890,1621585587920,30,1,199,11586.6474596837,-1,91
1621585588290,1621585588390,100,1,140,10743.8000549828,-7923,51
1621585588400,1621585588440,40,1,92,5769.35715653447,-4972,322
1621585588450,1621585588490,40,1,41,1230.8651534386,-1,311
1621585588510,1621585588530,20,0,36,1522.86505525917,-1,0
1621585588999,1621585589009,10,-1,54,-1.0,-1,-1
1621585589099,1621585589109,10,-1,39,-1.0,-1,-1
1621585589229,1621585589239,10,-1,34,2188.60840638096,-1,-1
1621585589279,1621585589339,60,0,93,6578.87498650951,-5601,339
1621585589349,1621585589359,10,-1,44,1457.52880003829,-1,-1
1621585589429,1621585589449,20,0,51,3253.59213482625,-1876,48
1621585589549,1621585589559,10,-1,39,2032.77971142341,-1,-1
1621585589589,1621585589699,110,9,894,48220.0462783316,-2551,83
1621585590049,1621585590318,269,14,797,16015.1229714994,-55274,338
1621585590328,1621585590338,10,-1,54,2604.58613036118,-1,-1
1621585590378,1621585590418,40,4,244,17678.3476375613,-18449,144
1621585590698,1621585590708,10,-1,33,899.345624292041,-1,-1
1621585591028,1621585591058,30,0,38,1003.82819312813,-192,291
1621585591068,1621585591158,90,6,114,3206.38500640345,-3898,337
1621585591198,1621585591338,140,7,92,2826.27572175098,-1710,123
1621585591678,1621585591907,229,24,648,29952.4080027144,-28487,243
1621585591947,1621585591987,40,1,54,1353.4600636456,-1874,26
1621585592037,1621585592097,60,2,304,23161.2128264187,-17979,274
1621585592317,1621585592357,40,1,343,30099.8641185471,-19857,93
1621585592617,1621585592737,120,3,407,15469.4805597508,-28015,14
1621585592747,1621585592777,30,1,92,8182.11813661147,-3364,295
1621585592867,1621585592897,30,0,55,3106.82270664527,-2552,138
1621585593007,1621585593167,160,4,866,19103.5574199747,-56546,211
1621585593177,1621585593257,80,5,153,8846.85057858253,-1606,306
1621585593267,1621585593307,40,3,126,6077.29256098956,-4373,99
1621585593357,1621585593387,30,3,153,10480.7065840511,-10534,287
1621585593437,1621585593487,50,2,88,2216.40369888833,-4421,1
1621585593497,1621585593526,29,2,140,6721.57748729763,-7573,108
1621585593586,1621585593606,20,4,201,19124.4738346268,-1033,297
1621585593636,1621585593706,70,2,308,19828.0505789445,-14792,129
1621585593726,1621585593736,10,-1,171,16933.6529262609,-1,-1
1621585593916,1621585594036,120,1,245,4740.58046439115,-12509,316
1621585594056,1621585594076,20,1,69,4906.13632966478,-1,248
1621585594166,1621585594306,140,25,506,23408.2470772635,-18279,344
1621585594316,1621585594486,170,13,133,8527.53035251627,-5545,166
1621585594496,1621585594526,30,0,74,3948.07697298522,-2013,345
1621585594536,1621585594556,20,1,67,4823.7281288521,-912,67
1621585594676,1621585594686,10,-1,52,2526.53137249684,-1,-1
1621585594846,1621585594906,60,1,82,3789.94742241254,-1702,326
1621585594916,1621585595046,130,26,635,19213.7769909051,-30362,148
1621585595056,1621585595155,99,9,408,17631.9242134237,-10742,52
1621585595165,1621585595215,50,3,366,34815.0553660719,-32057,252
1621585595225,1621585595255,30,1,172,9838.12105576921,-1,69
1621585596495,1621585596655,160,7,499,23596.4813120152,-36599,308
1621585596874,1621585597074,200,14,834,55721.5542787936,-77628,302
1621585596874,1621585597074,200,14,834,55721.5542787936,-77628,302
1621585598633,1621585598813,180,11,1209,32525.6023233912,-96621,327
1621585599173,1621585599313,140,13,1416,125344.831754016,-115582,252
1621585599323,1621585599353,30,3,150,8414.07491905309,-5245,244
1621585599393,1621585599423,30,2,177,16246.6275097271,-9418,51
1621585599503,1621585599523,20,21,1031,100307.153583774,-1,75
1621585599583,1621585599683,100,10,515,26673.795748928,-19344,257
1621585599693,1621585599843,150,3,519,38373.1475829858,-37227,213
1621585600172,1621585600192,20,0,66,-1.0,-2074,52
1621585600492,1621585600612,120,9,157,25.4101510262586,-4621,24
1621585600652,1621585600682,30,0,36,1036.88068967655,-1,315
1621585600742,1621585600802,60,2,55,1655.0585454084,-755,185
1621585601552,1621585601602,50,6,142,-1.0,-220,303
1621585601771,1621585601851,80,12,737,38023.6658040801,-58300,221
1621585601861,1621585602151,290,5,914,47718.4246473189,-47450,17
1621585602611,1621585602741,130,14,360,12038.9519795898,-19250,331
1621585602861,1621585602911,50,1,75,6300.95707649212,-3589,13
1621585603061,1621585603121,60,1,438,23618.5158173374,-23114,213
1621585603131,1621585603171,40,1,156,6646.5482236198,-1,96
1621585603181,1621585603231,50,3,93,2692.24741583634,-3716,103
1621585603241,1621585603410,169,10,1133,103298.785950081,-67043,36
1621585603420,1621585603440,20,20,1202,98702.9661773823,-1,54
1621585603450,1621585603510,60,21,430,35217.0883171849,-1,231
1621585604050,1621585604120,70,2,246,17875.7248875022,-12965,20
1621585604130,1621585604150,20,5,235,19837.2115813519,-1,244
1621585604500,1621585604580,80,13,1139,60094.3156983191,-89480,41
1621585604590,1621585604650,60,4,316,15043.5170290561,-19108,294
1621585604660,1621585604690,30,1,101,7976.06781473496,-5282,291
1621585604700,1621585604730,30,0,35,2617.35537921123,-1,273
1621585604760,1621585604780,20,0,38,2232.6856157457,-337,41
1621585604969,1621585604999,30,3,371,-1.0,-19154,175
1621585605659,1621585605889,230,8,885,44528.6441294836,-46409,31
1621585605949,1621585606019,70,6,440,42094.9198103653,-31931,70
1621585606099,1621585606119,20,0,52,4132.08371547798,-2004,104
1621585606219,1621585606239,20,0,52,3041.5646108103,-1902,68
1621585606269,1621585606339,70,12,355,14946.7065142713,-14641,183
1621585606349,1621585606389,40,0,64,3644.22790578319,-1316,116
1621585606419,1621585606439,20,0,87,5813.23141853722,-2796,327
1621585606469,1621585606568,99,6,195,9929.55297503342,-7830,200
1621585606578,1621585606608,30,3,256,9561.32763926377,-1,96
1621585606928,1621585606978,50,4,258,14568.1066734746,-12188,269
1621585606988,1621585607008,20,2,255,22935.25148869,-13545,290
1621585607118,1621585607148,30,3,175,10625.7382194461,-12198,37
1621585607488,1621585607568,80,2,1208,71149.5360823226,-100317,265
1621585607578,1621585607658,80,4,570,46948.4539718111,-51618,224
1621585607668,1621585607768,100,7,276,25636.5490120049,-17810,241
1621585607788,1621585607818,30,2,98,5157.03660987313,-4058,287
1621585607848,1621585607878,30,1,71,4115.94594936247,-3759,294
1621585607938,1621585608068,130,36,1758,108701.853814649,-89730,73
1621585608257,1621585608437,180,2,499,15006.1733070756,-40066,130
1621585608447,1621585608467,20,0,81,5537.06953358374,-4852,302
1621585608647,1621585608667,20,0,92,5064.62583459393,-1,40
1621585609027,1621585609097,70,8,497,11405.5267570716,-24436,284
1621585609167,1621585609197,30,2,131,6663.05936417755,-6448,267
1621585609257,1621585609267,10,-1,31,1243.88514085595,-1,-1
1621585609307,1621585609337,30,1,70,3185.19803500321,-3938,255
1621585609846,1621585609886,39,1,101,8.51298897828059,-2733,325
1621585610016,1621585610086,70,5,622,34487.3808155746,-19164,96
1621585610306,1621585610396,90,0,702,15427.3676152086,-45890,116
1621585610426,1621585610456,30,3,132,7183.77492224979,-5829,314
1621585610496,1621585610516,20,0,60,3918.13118177952,-1446,319
1621585610526,1621585610546,20,1,124,10516.2242100212,-6998,274
1621585610606,1621585610646,40,2,85,5030.10623812327,-4215,100
1621585610656,1621585610666,10,-1,47,2061.44662905875,-1,-1
1621585610686,1621585610706,20,0,87,5155.25467438411,-1,144
1621585611146,1621585611216,70,15,383,8472.27470565893,-18307,263
1621585611226,1621585611246,20,0,43,1141.42118946563,-1,248
1621585611635,1621585611685,50,5,228,14471.7468833511,-13463,61
1621585611725,1621585611735,10,-1,74,5575.92184828371,-1,-1
1621585611745,1621585611755,10,-1,284,26342.9447613582,-1,-1
1621585612045,1621585612155,110,3,1451,101704.996078137,-58458,333
1621585612215,1621585612255,40,1,63,5871.55295798316,-1369,316
1621585612415,1621585612425,10,-1,32,3040.02572447682,-1,-1
1621585612435,1621585612455,20,0,32,1527.81479455454,-1,147
1621585612465,1621585612555,90,6,335,9191.27353236857,-23489,209
1621585612625,1621585612685,60,8,222,14181.7368348441,-6772,34
1621585612905,1621585612965,60,1,179,10270.5209051283,-14623,195
1621585612995,1621585613114,119,3,156,9537.60782922158,-9980,111
1621585613134,1621585613214,80,4,129,5928.01741611218,-6108,289
1621585613224,1621585613254,30,0,68,4089.83655646803,-2301,184
1621585613264,1621585613314,50,2,213,12936.0124866372,-10504,323
1621585613524,1621585613694,170,15,715,35275.265370216,-29309,204
1621585613764,1621585613944,180,16,460,29424.1850786897,-21732,358
1621585614104,1621585614114,10,-1,576,-1.0,-1,-1
1621585614404,1621585614434,30,5,767,-1.0,-49923,161
1621585614484,1621585614594,110,5,96,6254.69037336944,-4017,26
1621585614624,1621585614654,30,0,37,2015.04568088589,-285,299
1621585614674,1621585614753,79,21,1087,65582.093385846,-79323,48
1621585614763,1621585614813,50,6,362,33504.1663779631,-28672,256
1621585615573,1621585615783,210,12,1288,116850.897301928,-120134,316
1621585615793,1621585615893,100,13,1031,58061.016045558,-79287,243
1621585615903,1621585615913,10,-1,161,13807.2672135031,-1,-1
1621585616263,1621585616313,50,9,341,22072.5036180111,-4929,359
1621585616323,1621585616512,189,8,118,6123.83228918125,-6806,313
1621585618521,1621585618621,100,7,442,30238.4450814475,-32922,294
1621585618631,1621585619161,530,1,411,30129.1005763485,-22996,14
1621585620100,1621585620120,20,10,482,47493.8275221248,-1,296
1621585620160,1621585620250,90,16,892,77599.2343839091,-80953,154
1621585620260,1621585620290,30,6,1061,74098.5335415558,-29062,309
1621585620460,1621585620520,60,2,537,15096.1492650064,-46199,289
1621585620530,1621585620550,20,2,254,13250.5156346252,-1,288
1621585620560,1621585620580,20,2,267,25997.5988706277,-12647,110
1621585620620,1621585620730,110,8,438,30028.6510400661,-23726,74
1621585621000,1621585621010,10,-1,66,-1.0,-1,-1
1621585621549,1621585621599,50,1,439,1176.10838823536,-35342,60
1621585621619,1621585621639,20,0,33,2056.47041200387,-1,180
1621585621659,1621585621669,10,-1,44,3195.34564766725,-1,-1
1621585621999,1621585622049,50,1,113,5158.37901081163,-8095,69
1621585622129,1621585622149,20,0,47,1933.0510986642,-1,315
1621585622159,1621585622179,20,1,70,6077.63993414942,-517,149
1621585622199,1621585622229,30,2,96,5524.63678729281,-5711,294
1621585622269,1621585622289,20,2,191,9918.41734159563,-1,49
1621585622399,1621585622469,70,8,502,9675.66707713202,-22957,281
1621585622569,1621585622579,10,-1,103,-1.0,-1,-1
1621585622589,1621585622749,160,1,207,16376.4504310664,-10799,85
1621585622759,1621585622938,179,7,222,16731.2523763657,-14794,132
1621585622968,1621585623008,40,2,310,28133.931084201,-7328,165
1621585623188,1621585623238,50,4,266,13711.8121953497,-19316,332
1621585623248,1621585623438,190,2,383,23160.0699177591,-28897,352
1621585623548,1621585623718,170,10,1877,107883.96196597,-108699,84
1621585623738,1621585623758,20,5,259,23279.4105896891,-1,274
1621585623898,1621585623958,60,3,1084,8215.88097587696,-86346,256
1621585624108,1621585624148,40,2,93,3365.94093153592,-5256,53
1621585624498,1621585624518,20,1,220,-1.0,-12853,68
1621585624528,1621585624557,29,0,47,2429.54956445681,-971,266
1621585624567,1621585624577,10,-1,43,1661.76940589065,-1,-1
1621585624587,1621585624717,130,2,331,19954.848590599,-17773,234
1621585624977,1621585625037,60,2,61,4454.92664470188,-1108,140
1621585625277,1621585625357,80,13,404,19364.404988505,-36831,248
1621585625507,1621585625627,120,5,437,17197.6017587485,-19721,29
1621585626626,1621585626686,60,7,534,6338.78140965099,-27767,257
1621585626716,1621585626796,80,3,115,7798.1597188076,-4569,28
1621585626846,1621585626876,30,0,50,1977.88535769371,-1428,24
1621585626886,1621585626896,10,-1,38,885.695088140823,-1,-1
1621585626936,1621585627036,100,2,427,39048.6581043045,-36268,15
1621585627046,1621585627056,10,-1,31,682.962747462942,-1,-1
1621585627106,1621585627126,20,1,184,13229.305099417,-1,243
1621585627136,1621585627156,20,1,215,19654.9870699808,-14031,53
1621585627166,1621585627206,40,1,69,2209.74749171735,-64,85
1621585628245,1621585628495,250,3,466,25848.7210752992,-36195,142
1621585628525,1621585628635,110,4,552,43582.3702657426,-38917,179
1621585628665,1621585628675,10,-1,39,3393.21718537836,-1,-1
1621585628685,1621585628715,30,1,105,5549.50627969139,-2686,143
1621585628825,1621585629075,250,39,1541,108182.90495514,-116979,114
1621585629095,1621585629145,50,1,45,2039.45546145608,-1334,310
1621585629225,1621585629255,30,1,76,3113.9514142604,-1214,302
1621585629285,1621585629295,10,-1,48,2506.34506874058,-1,-1
1621585630024,1621585630074,50,4,180,-1.0,-5147,18
1621585630114,1621585630164,50,0,50,1974.24509338962,-417,197
1621585630174,1621585630204,30,1,69,2082.64450732338,-1,123
1621585630234,1621585630344,110,36,791,45453.2065011973,-56237,279
1621585630354,1621585630384,30,2,99,5938.17223833112,-2599,114
1621585630404,1621585630434,30,4,217,12882.9850073643,-10944,30
1621585630514,1621585630544,30,1,94,4712.21813451934,-5027,99
1621585630684,1621585630714,30,3,171,14320.7367238519,-8440,228
1621585630824,1621585630944,120,6,454,21943.5213588373,-42210,116
1621585631173,1621585631213,40,1,43,1781.96775963166,-853,169
1621585631233,1621585631253,20,1,98,4455.93608749172,-1,301
1621585631263,1621585631613,350,10,205,12544.2840037207,-14277,11
1621585631643,1621585631783,140,9,122,5681.17957634883,-3443,180
1621585632033,1621585632263,230,9,519,11144.8429677053,-20308,245
1621585632603,1621585632673,70,9,178,7555.24394381628,-89,85
1621585632892,1621585632942,50,4,614,58600.4227338127,-39363,346
1621585632962,1621585633142,180,11,457,42277.0328624175,-36829,106
1621585633192,1621585633332,140,12,406,15827.0921248584,-2170,83
1621585633452,1621585633462,10,-1,107,-1.0,-1,-1
1621585633472,1621585633582,110,8,220,7070.29186379554,-12174,245
1621585633592,1621585633772,180,16,1005,64239.5812263051,-7141,79
1621585633862,1621585633872,10,-1,792,-1.0,-1,-1
1621585634002,1621585634032,30,1,71,20.7006337321005,-1,194
1621585634322,1621585634371,49,10,254,1074.81049051104,-1613,167
1621585634621,1621585634671,50,1,344,714.364868881842,-24516,334
1621585634691,1621585634711,20,0,36,691.119064124939,-1,90
1621585634811,1621585634841,30,1,61,2159.85136995714,-2196,233
1621585634851,1621585634921,70,2,66,3962.37479412409,-2379,253
1621585634931,1621585634951,20,2,762,59573.8010001505,-1,84
1621585635091,1621585635361,270,12,494,10315.3459916063,-15863,347
1621585635701,1621585635741,40,0,70,2830.47937776053,-1,264
1621585635771,1621585635791,20,1,107,7896.24672496787,-1,306
1621585635831,1621585635851,20,0,30,1296.80075810096,-1,70
1621585635891,1621585635931,40,1,41,775.951670657569,-1,293
1621585635981,1621585636010,29,1,74,4280.83160102135,-3169,274
1621585636160,1621585636210,50,4,194,10752.3096088589,-11222,120
1621585636340,1621585636350,10,-1,44,2033.01911511222,-1,-1
1621585636650,1621585636680,30,1,66,3107.70958098392,-2723,166
1621585636700,1621585636750,50,1,67,4099.17164763258,-3294,164
1621585636770,1621585636870,100,18,514,25650.0665373245,-17455,31
1621585636880,1621585636910,30,1,80,4345.01924558179,-2955,231
1621585636950,1621585637010,60,1,195,11478.9174192341,-13326,201
1621585637050,1621585637070,20,0,53,2490.11185234635,-1,241
1621585637150,1621585637170,20,1,122,5123.2877478128,-1,121
1621585637280,1621585637320,40,4,319,6251.69710542477,-24234,303
1621585637340,1621585637430,90,3,200,10019.1353488587,-9274,98
1621585637480,1621585637490,10,-1,30,1410.0381559084,-1,-1
1621585637659,1621585637689,30,2,124,7288.7534791017,-1796,201
1621585637839,1621585637849,10,-1,433,-1.0,-1,-1
1621585637879,1621585638019,140,3,377,16942.5137979324,-32653,18
1621585638119,1621585638139,20,0,49,3814.66252857097,-1,126
1621585638439,1621585638489,50,2,63,3504.30007348248,-1,290
1621585638499,1621585638509,10,-1,41,2375.21654977181,-1,-1
1621585638619,1621585638669,50,17,507,16823.4706442225,-16192,36
1621585638799,1621585638869,70,1,77,4091.43669337322,-1931,226
1621585638889,1621585638929,40,1,48,2248.2289322704,-4,323
1621585639079,1621585639159,80,1,433,1211.7457488082,-24431,107
1621585639199,1621585639229,30,1,43,1281.64577958529,-367,293
1621585639278,1621585639298,20,0,31,1247.418571212,-108,309
1621585639368,1621585639418,50,1,30,92.0166879470017,-52,287
1621585639478,1621585639498,20,0,44,2422.61729860513,-1,318
1621585639588,1621585639668,80,3,126,6555.60793031576,-5239,153
1621585639738,1621585639758,20,0,41,3076.42210654226,-1,300
1621585639888,1621585639948,60,4,122,1374.79400028094,-3609,262
1621585640208,1621585640218,10,-1,50,3808.50744910572,-1,-1
1621585640308,1621585640318,10,-1,34,2450.98900142586,-1,-1
1621585640328,1621585640348,20,1,174,11136.3975045422,-1,81
1621585640478,1621585640558,80,6,420,900.468029671877,-19372,282
1621585640648,1621585640708,60,2,63,4318.30672272607,-1251,199
1621585640718,1621585640728,10,-1,39,1726.67641943928,-1,-1
1621585640748,1621585640788,40,4,213,14198.1558564756,-11626,9
1621585641047,1621585641137,90,8,585,2267.89122898991,-33612,263
1621585641317,1621585641407,90,7,410,21798.6607514122,-23808,32
1621585641567,1621585641707,140,26,548,25285.044672003,-27250,105
1621585641837,1621585641857,20,0,48,2682.40820799812,-1,120
1621585641987,1621585641997,10,-1,305,29978.4702033967,-1,-1
1621585642137,1621585642207,70,4,123,1250.7951492882,-2897,251
1621585642237,1621585642277,40,1,71,3301.43975333764,-2450,270
1621585642297,1621585642317,20,0,116,8016.61150719692,-1,97
1621585642546,1621585642566,20,1,312,-1.0,-24561,270
1621585642706,1621585642876,170,27,643,17528.7266768188,-24232,75
1621585642926,1621585642946,20,0,41,2777.23059131485,-1,182
1621585642986,1621585643006,20,8,720,35644.0340865871,-1,134
1621585643106,1621585643146,40,5,441,-1.0,-20073,254
1621585643196,1621585643266,70,1,90,5771.70293300442,-4133,346
1621585643276,1621585643316,40,2,112,5232.45483271176,-5736,103
1621585643486,1621585643576,90,20,469,23071.5301553872,-17279,184
1621585643626,1621585643696,70,4,221,18803.5366460617,-14293,313
1621585643716,1621585643736,20,0,43,1623.31495625255,-206,19
1621585643756,1621585643836,80,23,1142,52758.5326387005,-96323,16
1621585643856,1621585643876,20,0,42,1929.02320885575,-385,119
1621585643926,1621585643936,10,-1,32,1409.42600105692,-1,-1
1621585643946,1621585643956,10,-1,38,2168.02013615391,-1,-1
1621585644155,1621585644195,40,3,172,-1.0,-4826,160
1621585644205,1621585644265,60,2,118,4674.61234009019,-7048,256
1621585644455,1621585644505,50,5,281,13148.6435853267,-14820,271
1621585644535,1621585644565,30,1,70,5708.59613418024,-3666,83
1621585644605,1621585644625,20,0,62,2350.22253447451,-1,93
1621585644805,1621585644835,30,2,110,6282.84979339772,-5536,69
1621585644865,1621585644885,20,0,46,3191.48551199867,-4,63
1621585644925,1621585645025,100,16,244,10985.3365679779,-4151,130
1621585645245,1621585645385,140,11,226,14781.0746668316,-8304,295
1621585645435,1621585645505,70,1,211,14466.1405653327,-1887,76
1621585645515,1621585645575,60,3,201,8237.62832708636,-16118,59
1621585645585,1621585645725,140,9,1353,128480.809622536,-97472,120
1621585645924,1621585645964,40,3,221,-1.0,-7422,223
1621585645994,1621585646134,140,8,247,19775.9518347742,-13657,113
1621585646294,1621585646314,20,0,68,3748.6629812248,-1,90
1621585646414,1621585646424,10,-1,445,-1.0,-1,-1
1621585646544,1621585646554,10,-1,37,-1.0,-1,-1
1621585646614,1621585646764,150,23,549,39851.2681857086,-30045,274
1621585646814,1621585646914,100,29,705,44774.4192404376,-37679,92
1621585646814,1621585646914,100,29,705,44774.4192404376,-37679,92
1621585646954,1621585646974,20,0,53,3030.84357300201,-1,104
1621585647044,1621585647054,10,-1,44,2629.35742840178,-1,-1
1621585647064,1621585647134,70,4,132,6839.64671222606,-8260,86
1621585647833,1621585647843,10,-1,98,7059.70881810403,-1,-1
1621585648023,1621585648123,100,11,359,12764.9380793013,-21020,272
1621585648153,1621585648253,100,21,619,22335.7457799597,-20587,247
1621585648373,1621585648553,180,10,526,41719.7938978059,-32064,102
1621585648563,1621585648593,30,5,308,14625.456985025,-1,356
1621585648703,1621585648753,50,6,191,6106.14096622922,-4625,299
1621585648763,1621585648803,40,1,32,190.201724039433,-1,75
1621585648823,1621585648843,20,9,413,38116.0417029013,-1,307
1621585648993,1621585649112,119,5,61,2635.8118130154,-1501,111
1621585649212,1621585649232,20,0,48,2498.18012656654,-1,64
1621585649332,1621585649432,100,7,184,4295.76191643684,-9661,93
1621585649472,1621585649502,30,0,35,2526.35489251556,-249,254
1621585649632,1621585649682,50,0,102,5636.78279547412,-1225,353
1621585649692,1621585649702,10,-1,37,1331.47886411652,-1,-1
1621585650152,1621585650162,10,-1,32,844.328369441081,-1,-1
1621585650292,1621585650322,30,1,168,68.2493415048114,-7766,302
1621585650402,1621585650422,20,6,675,34992.8813240669,-1,122
1621585650532,1621585650582,50,11,702,33136.3775698537,-2405,224
1621585650711,1621585650751,40,1,369,4718.35283072774,-32264,250
1621585650861,1621585650931,70,12,402,23914.1938974501,-21745,70
1621585651111,1621585651121,10,-1,36,2177.03597312884,-1,-1
1621585651551,1621585651561,10,-1,56,4353.68086473106,-1,-1
1621585651741,1621585651801,60,3,200,-1.0,-12921,158
1621585651911,1621585651921,10,-1,74,4869.07743870671,-1,-1
1621585652071,1621585652101,30,1,168,63.5649950276701,-10102,277
1621585652241,1621585652261,20,1,184,15005.9966552742,-1,68
1621585652390,1621585652430,40,4,144,113.676409672664,-1464,283
1621585652440,1621585652480,40,2,92,6770.85092924669,-80,88
1621585652630,1621585652680,50,4,257,7915.2000172847,-17605,280
1621585652820,1621585652930,110,12,291,13014.3563792527,-7891,298
1621585652940,1621585652960,20,2,220,20467.3380493714,-3879,171
1621585653080,1621585653150,70,7,240,11893.226846117,-9100,297
1621585653290,1621585653380,90,12,403,26370.0262976869,-25292,148
1621585653390,1621585653440,50,2,112,5682.68640097966,-1602,338
1621585653590,1621585653650,60,5,286,15229.7811871754,-11487,124
1621585653780,1621585653880,100,14,321,18858.5152176087,-11504,243
1621585653890,1621585653900,10,-1,57,4150.42055319566,-1,-1
1621585653910,1621585653930,20,0,69,5377.4398393273,-1,280
1621585654249,1621585654289,40,3,109,6887.20789423209,-4020,97
1621585654329,1621585654459,130,2,109,7468.08071701256,-5852,272
1621585654569,1621585654699,130,5,299,13404.2769488642,-20254,51
1621585654709,1621585654799,90,1,257,24775.421893617,-21657,93
1621585654929,1621585654969,40,12,712,-1.0,-26710,82
1621585655029,1621585655039,10,-1,34,458.112550191025,-1,-1
1621585655089,1621585655099,10,-1,41,1258.08967926589,-1,-1
1621585655129,1621585655149,20,1,84,5529.09053366965,-690,259
1621585655239,1621585655259,20,1,85,6872.94099193914,-1385,143
1621585655399,1621585655409,10,-1,123,10864.768565656,-1,-1
1621585655598,1621585655628,30,3,156,5590.66376712588,-9195,279
1621585655678,1621585655698,20,0,54,3264.96418052722,-844,254
1621585655968,1621585655978,10,-1,37,2224.18380159012,-1,-1
1621585656038,1621585656048,10,-1,170,15530.3955352291,-1,-1
1621585656168,1621585656258,90,3,168,10305.9922494691,-2234,291
1621585656368,1621585656378,10,-1,165,-1.0,-1,-1
1621585656718,1621585656768,50,6,198,1495.7732105059,-7742,256
1621585656778,1621585656788,10,-1,102,8860.68720726622,-1,-1
1621585656798,1621585656818,20,0,87,7445.83137261318,-4858,261
1621585657098,1621585657108,10,-1,45,-1.0,-1,-1
1621585657697,1621585657787,90,3,154,11760.8442651275,-5793,243
1621585657937,1621585657957,20,0,40,2803.86272736488,-991,86
1621585657987,1621585658017,30,1,62,2138.40292458068,-1,344
1621585658387,1621585658467,80,4,195,9649.80276272649,-5204,338
1621585658477,1621585658507,30,2,115,6899.14353528708,-5434,176
1621585658627,1621585658647,20,0,53,3770.43984415802,-1114,98
1621585658657,1621585658697,40,5,223,16157.6843006815,-12827,358
1621585659036,1621585659046,10,-1,113,-1.0,-1,-1
1621585659266,1621585659286,20,0,48,-1.0,-4,188
1621585659296,1621585659306,10,-1,42,2818.72717019249,-1,-1
1621585659326,1621585659346,20,0,42,3366.69697692099,-486,308
1621585659696,1621585659726,30,2,111,521.400228745107,-6367,280
1621585659786,1621585659796,10,-1,32,501.952590849048,-1,-1
1621585659966,1621585659986,20,0,56,2703.12510094658,-1898,237
1621585659996,1621585660036,40,3,143,5290.5124917087,-6982,277
1621585660046,1621585660086,40,1,65,3677.28954562385,-1858,250
1621585660096,1621585660106,10,-1,30,255.464088566493,-1,-1
1621585660146,1621585660176,30,1,71,3383.51274061329,-4078,283
1621585660266,1621585660346,80,2,238,13884.5353714302,-12371,152
1621585660356,1621585660376,20,0,108,8201.71708822693,-6373,108
1621585660396,1621585660406,10,-1,38,2117.7366524246,-1,-1
1621585660436,1621585660446,10,-1,33,690.659954862417,-1,-1
1621585660535,1621585660555,20,0,40,602.445086819998,-1,276
1621585660575,1621585660665,90,1,222,9799.22841903726,-14577,241
1621585660785,1621585660825,40,2,80,4063.32354328639,-1648,35
1621585660845,1621585660895,50,2,54,2408.91723922093,-13,335
1621585661045,1621585661065,20,0,56,2958.99984205173,-163,343
1621585661075,1621585661125,50,3,242,19079.9772564309,-16711,344
1621585661275,1621585661345,70,17,297,-1.0,-13476,80
1621585661545,1621585661705,160,33,874,24687.7506220758,-52093,263
1621585661735,1621585661765,30,1,72,3845.50227961643,-1,136
1621585661795,1621585661805,10,-1,31,174.343508664998,-1,-1
1621585661895,1621585661955,60,3,324,27071.3073041637,-7011,338
1621585661965,1621585661985,20,1,233,20719.5061971809,-17170,327
1621585662025,1621585662075,50,4,624,37238.209695167,-1,325
1621585662224,1621585662234,10,-1,304,-1.0,-1,-1
1621585662594,1621585662634,40,0,1159,6667.88649984207,-97780,326
1621585662644,1621585662714,70,20,908,77937.3403675593,-59173,239
1621585662744,1621585662894,150,4,1059,90349.2316538954,-100335,261
1621585662934,1621585663014,80,21,1368,91673.1247646706,-63234,60
1621585663054,1621585663074,20,0,50,3686.90541264553,-1618,50
1621585663084,1621585663154,70,22,512,25807.0944039763,-22787,243
1621585663164,1621585663174,10,-1,30,508.26104581907,-1,-1
1621585663184,1621585663234,50,1,307,22280.105820535,-21342,329
1621585663294,1621585663364,70,4,125,7214.07687950989,-5184,30
1621585663424,1621585663434,10,-1,30,581.539590360409,-1,-1
1621585663474,1621585663534,60,4,118,3988.11249283925,-2177,164
1621585663674,1621585663684,10,-1,186,-1.0,-1,-1
1621585663704,1621585663724,20,2,233,11501.1575950244,-1,68
1621585663733,1621585663753,19,0,117,12581.4735197222,-5486,6
1621585663763,1621585663773,10,-1,36,763.142821716428,-1,-1
1621585663813,1621585663833,20,1,83,5790.33761092962,-1,316
1621585663843,1621585663883,40,1,47,1473.1717236501,-913,329
1621585663893,1621585663933,40,2,75,2781.61305874739,-2789,49
1621585663963,1621585664003,40,0,59,2500.46692514564,-2428,296
1621585664023,1621585664033,10,-1,41,2085.53432371949,-1,-1
1621585664083,1621585664113,30,1,62,3159.41785491139,-290,276
1621585664123,1621585664143,20,1,64,4028.85759738031,-1,66
1621585664243,1621585664253,10,-1,31,1819.17662804688,-1,-1
1621585664373,1621585664383,10,-1,242,22221.7865327065,-1,-1
1621585664433,1621585664443,10,-1,249,24202.7212210144,-1,-1
1621585664453,1621585664533,80,0,339,15711.0452934641,-24895,251
1621585664583,1621585664593,10,-1,38,2757.76304668037,-1,-1
1621585664663,1621585664693,30,6,284,16101.5228215794,-12829,132
1621585664783,1621585664883,100,3,292,14683.2920738997,-20282,253
1621585664893,1621585665003,110,3,380,25909.1437453641,-21884,50
1621585665013,1621585665063,50,3,134,9897.18525222588,-4534,345
1621585665073,1621585665133,60,3,205,16533.3393228333,-13942,106
1621585665143,1621585665193,50,4,116,5887.03713302264,-3440,266
1621585665233,1621585665253,20,0,58,3351.33769556827,-1,263
1621585665293,1621585665313,20,4,190,15926.3877996832,-1,95
1621585665353,1621585665412,59,5,126,7176.60712466558,-9351,306
1621585665422,1621585665432,10,-1,30,1029.07457896062,-1,-1
1621585665492,1621585665582,90,39,1919,165097.922894759,-155244,102
1621585665672,1621585665782,110,6,1322,6391.36281369276,-125382,349
1621585665812,1621585665822,10,-1,39,1883.89568364856,-1,-1
1621585665842,1621585665922,80,3,129,7699.61423217491,-8803,95
1621585665932,1621585665952,20,4,204,16618.0726874842,-1,85
1621585665962,1621585666042,80,6,348,22819.1357846243,-20031,259
1621585666052,1621585666122,70,3,153,14869.2504663205,-9456,234
1621585666202,1621585666222,20,2,212,11891.280391291,-1,59
1621585666232,1621585666252,20,1,135,10555.418320438,-1,315
1621585666262,1621585666302,40,1,160,14204.2000755298,-9973,234
1621585666312,1621585666332,20,1,66,2689.13154560041,-1,14
1621585666342,1621585666362,20,1,84,3984.34800291223,-1,318
1621585666462,1621585666492,30,3,168,8877.49110618369,-8574,79
1621585666512,1621585666552,40,1,52,4025.87729503233,-1638,343
1621585666632,1621585666652,20,0,36,1914.95312911384,-680,40
1621585666682,1621585666702,20,0,37,1510.81204500463,-390,186
1621585666742,1621585666772,30,1,60,3126.18223247362,-1562,54
1621585666822,1621585666832,10,-1,36,691.239920845016,-1,-1
1621585666922,1621585666932,10,-1,34,580.998238934999,-1,-1
1621585666971,1621585667051,79,1,198,16372.6832386048,-15826,229
1621585667071,1621585667101,30,1,62,3860.6536235981,-2812,35
1621585667161,1621585667171,10,-1,62,3593.93329873275,-1,-1
1621585667281,1621585667291,10,-1,33,2006.24970471223,-1,-1
1621585667371,1621585667381,10,-1,37,1506.4454634445,-1,-1
1621585667391,1621585667451,60,1,134,10490.9453537705,-5447,286
1621585667531,1621585667591,60,0,174,14140.4688317737,-4757,301
1621585667681,1621585667741,60,1,249,3929.710275232,-10328,172
1621585668061,1621585668081,20,0,109,7315.13164681495,-1,135
1621585668351,1621585668451,100,13,749,15640.9741345083,-39693,124
1621585668481,1621585668551,70,7,127,4226.86929714613,-66,13
1621585668670,1621585668880,210,12,626,18200.2870936692,-28012,92
1621585668910,1621585669000,90,0,371,28372.4342086951,-15588,213
1621585669020,1621585669040,20,0,46,2860.16439693134,-1,90
1621585669070,1621585669100,30,1,98,5681.25373284851,-3065,70
1621585669300,1621585669330,30,1,98,4629.48870944855,-1,105
1621585669750,1621585669830,80,3,88,2016.52254480894,-3498,119
1621585669910,1621585670000,90,5,138,9313.19439933665,-5037,24
1621585670030,1621585670050,20,0,50,3677.06340879488,-1221,288
1621585670140,1621585670160,20,0,41,1567.70457401071,-1,251
1621585671289,1621585671319,30,2,164,-1.0,-5733,253
1621585671649,1621585671729,80,6,176,3964.8111723048,-307,276
1621585671739,1621585671769,30,4,270,18721.6640864048,-2041,235
1621585671779,1621585672078,299,35,1232,100126.023397145,-87314,22
1621585672088,1621585672158,70,25,1185,105452.933440269,-100304,179
1621585672168,1621585672228,60,2,693,51039.351359059,-12730,127
1621585672238,1621585672268,30,1,431,40543.0512547601,-35783,313
1621585672488,1621585672558,70,32,664,19170.6412606615,-28990,348
1621585672798,1621585672858,60,9,153,5429.18063736451,-6685,165
1621585672898,1621585673058,160,44,662,19198.0935868591,-25159,167
1621585673068,1621585673088,20,1,130,6193.95566985842,-1,136
1621585673098,1621585673188,90,1,165,6223.2533461201,-11261,317
1621585673228,1621585673248,20,1,249,17362.411975208,-1,149
1621585673258,1621585673358,100,3,351,33599.9940751168,-31948,270
1621585673478,1621585673488,10,-1,509,-1.0,-1,-1
1621585673647,1621585673657,10,-1,125,-1.0,-1,-1
1621585674147,1621585674207,60,0,257,7456.56764830585,-58,84
1621585674247,1621585674297,50,6,179,16395.0397986578,-8828,310
1621585674347,1621585674387,40,4,175,11392.5661951734,-6057,260
1621585674507,1621585674517,10,-1,40,1781.05026499852,-1,-1
1621585674527,1621585674667,140,6,951,40435.8065824808,-91366,112
1621585674807,1621585675037,230,22,2040,170581.710313144,-128982,13
1621585675047,1621585675236,189,10,439,23908.9343959314,-29277,105
1621585675246,1621585675276,30,0,45,1518.82255776707,-955,119
1621585675456,1621585675486,30,1,235,2906.26627989631,-16969,318
1621585675646,1621585675686,40,2,115,5882.20301011229,-5382,276
1621585675736,1621585675746,10,-1,35,755.729532101283,-1,-1
1621585675756,1621585675766,10,-1,47,3802.90431050011,-1,-1
1621585675776,1621585675796,20,2,149,13906.8237466132,-5234,291
1621585675836,1621585675856,20,1,81,6019.24949488215,-1582,64
1621585675886,1621585675906,20,0,77,3228.68418607926,-1,276
1621585675916,1621585676286,370,4,404,30598.2116267043,-16120,261
1621585676296,1621585676326,30,3,171,14567.1185954356,-12040,146
1621585676476,1621585676486,10,-1,158,-1.0,-1,-1
1621585676496,1621585676516,20,1,152,12391.4565851901,-3590,346
1621585677695,1621585677765,70,7,485,47272.1811386207,-41455,104
1621585677895,1621585677975,80,3,292,23823.6475130945,-20165,321
1621585678075,1621585678085,10,-1,33,1625.52563564583,-1,-1
1621585678345,1621585678375,30,1,219,-1.0,-12507,260
1621585678494,1621585678524,30,0,49,2719.95979831392,-1053,79
1621585678534,1621585678664,130,5,57,1252.28661215127,-1092,108
1621585678674,1621585678684,10,-1,30,1287.21912411796,-1,-1
1621585678784,1621585678934,150,6,90,4587.50276718154,-4516,55
1621585679064,1621585679234,170,7,293,13955.7766626828,-15694,7
1621585679244,1621585679284,40,2,95,4790.7451382478,-3833,76
1621585679294,1621585679304,10,-1,67,4705.36056550457,-1,-1
1621585679334,1621585679354,20,0,35,1945.78374120136,-253,270
1621585679374,1621585679424,50,1,368,26377.67098248,-16258,320
1621585679604,1621585679744,140,2,1421,122517.565278484,-136605,102
1621585679754,1621585679814,60,3,295,28134.5475282639,-13131,166
1621585679824,1621585679914,90,19,303,15249.8255896613,-4699,341
1621585680044,1621585680123,79,4,157,10660.3088727919,-9114,114
1621585680233,1621585680293,60,7,154,-1.0,-98,172
1621585680423,1621585680483,60,0,309,12986.6081843982,-981,156
1621585680583,1621585680603,20,0,39,-1.0,-918,263
1621585683481,1621585683531,50,9,984,-1.0,-50762,130
1621585685420,1621585685430,10,-1,235,-1.0,-1,-1
1621585685440,1621585685570,130,4,321,21763.9980132265,-15446,305
1621585685700,1621585685820,120,3,530,39014.9686160961,-42383,281
1621585685940,1621585685990,50,3,80,-1.0,-32,326
1621585686000,1621585686050,50,3,79,7322.24468376359,-1,156
1621585686060,1621585686090,30,0,37,1429.18468407388,-1,358
1621585686150,1621585686230,80,4,77,3269.6542922294,-1550,328
1621585686370,1621585686430,60,6,125,6184.94022981219,-11,166
1621585686440,1621585686480,40,2,91,7153.6064159755,-4326,334
1621585686550,1621585686669,119,3,146,11464.9903316911,-6051,37
1621585686679,1621585686759,80,5,282,17936.2317090958,-15735,162
1621585686779,1621585686809,30,0,35,1146.04336088683,-300,98
1621585686959,1621585686979,20,2,198,-1.0,-10603,345
1621585686989,1621585687029,40,2,196,16725.5464704487,-6367,207
1621585687089,1621585687159,70,4,232,14797.9761917003,-10952,148
1621585687169,1621585687399,230,6,794,51663.5983583626,-70782,321
1621585687409,1621585687519,110,0,336,25514.6651667373,-21581,251
1621585687529,1621585687549,20,1,76,3382.33733407051,-1,286
1621585687609,1621585687769,160,5,227,18265.1392862977,-17389,102
1621585687859,1621585688009,150,6,198,7502.05100750179,-14346,291
1621585688079,1621585688159,80,0,108,5593.83695762491,-4593,203
1621585688169,1621585688218,49,1,95,5723.5668382686,-4187,90
1621585688258,1621585688278,20,0,40,1023.43028413862,-1,113
1621585688288,1621585688358,70,2,178,12751.3936706027,-10729,104
1621585688368,1621585688498,130,4,403,24362.5459801337,-28645,105
1621585688528,1621585688598,70,6,325,17643.3155341654,-475,147
1621585688768,1621585688788,20,1,215,-1.0,-14690,112
1621585688848,1621585688868,20,0,59,2736.14013951831,-1,87
1621585688898,1621585688918,20,0,55,4013.30618790447,-1304,90
1621585689008,1621585689128,120,1,1080,93883.2170445508,-90968,351
1621585689218,1621585689228,10,-1,47,1876.83297590163,-1,-1
1621585689298,1621585689318,20,0,51,2230.93123814742,-1266,84
1621585689418,1621585689438,20,0,52,3273.81342840693,-107,270
1621585689867,1621585689887,20,1,213,14072.1860334666,-1,319
1621585689897,1621585690017,120,2,1226,82271.4167003535,-100852,109
1621585690037,1621585690047,10,-1,35,1574.57916766239,-1,-1
1621585690387,1621585690407,20,0,66,4071.35567270665,-1733,248
1621585690657,1621585690687,30,1,91,6011.63581171388,-5395,184
1621585690707,1621585690767,60,3,65,1785.71652310404,-5,83
1621585691197,1621585691257,60,5,193,-1.0,-4663,87
1621585691267,1621585691287,20,3,166,14145.1620412576,-1996,98
1621585691327,1621585691337,10,-1,47,2095.13845901543,-1,-1
1621585691516,1621585691566,50,3,329,-1.0,-21207,267
1621585691666,1621585691676,10,-1,58,5339.22360715777,-1,-1
1621585691746,1621585691756,10,-1,48,3727.4688465261,-1,-1
1621585691766,1621585691776,10,-1,52,3932.02199876088,-1,-1
1621585691816,1621585691836,20,0,50,3299.27486499572,-441,243
1621585692176,1621585692206,30,0,124,-1.0,-7820,55
1621585692226,1621585692336,110,6,137,6617.02071855638,-10147,59
1621585692346,1621585692396,50,3,106,5377.47536477649,-2624,238
1621585692426,1621585692436,10,-1,36,1388.9793577146,-1,-1
1621585692446,1621585692486,40,1,52,2816.01904398391,-1498,255
1621585692496,1621585692506,10,-1,44,2820.61720278147,-1,-1
1621585692516,1621585692536,20,0,44,1893.03387711166,-1,261
1621585692606,1621585692636,30,5,261,18721.0115632253,-18007,105
1621585692786,1621585692806,20,4,198,19291.1404055867,-1,219
1621585692846,1621585692906,60,5,206,10877.728374572,-7502,312
1621585692966,1621585692986,20,1,90,4411.07175158204,-1,350
1621585692996,1621585693016,20,1,166,8464.0101157433,-1,103
1621585693106,1621585693145,39,3,134,5175.89266896478,-6969,288
1621585693495,1621585693535,40,1,65,2.74816184732316,0,187
1621585693545,1621585693555,10,-1,50,2144.08572379595,-1,-1
1621585693995,1621585694005,10,-1,41,-1.0,-1,-1
1621585694015,1621585694025,10,-1,43,1446.58304659754,-1,-1
1621585694155,1621585694175,20,0,50,-1.0,-1775,300
1621585694625,1621585694715,90,5,107,6983.51870519698,-5387,255
1621585694784,1621585694844,60,1,111,7624.17762826062,-7301,335
1621585695024,1621585695044,20,0,52,2331.99345673,-2007,108
1621585695124,1621585695134,10,-1,35,2595.79528387584,-1,-1
1621585695154,1621585695194,40,5,283,12640.0318331597,-247,85
1621585695294,1621585695334,40,2,96,5990.27860947033,-5875,277
1621585695354,1621585695384,30,1,75,3266.20689034362,-3456,84
1621585695574,1621585695604,30,2,100,4221.25685040378,-4680,44
1621585695844,1621585695884,40,2,93,4047.88859441734,-5216,162
1621585696094,1621585696104,10,-1,148,12556.6051307931,-1,-1
1621585696214,1621585696294,80,7,161,310.199420486521,-4979,263
1621585696304,1621585696324,20,0,44,1236.17729291073,-1,270
1621585696663,1621585696723,60,1,150,14696.0824874493,-4936,39
1621585696813,1621585696883,70,7,263,13872.1979303625,-11197,95
1621585696893,1621585696983,90,5,104,5035.3263888079,-3179,267
1621585697003,1621585697013,10,-1,66,4960.57856485219,-1,-1
1621585697103,1621585697113,10,-1,72,4795.77003888349,-1,-1
1621585697123,1621585697133,10,-1,58,4670.75330529803,-1,-1
1621585697293,1621585697333,40,1,66,1944.56643638613,-2,187
1621585697343,1621585697353,10,-1,92,6712.41535822267,-1,-1
1621585697363,1621585697383,20,1,120,11533.1803924615,-5696,235
1621585697403,1621585697433,30,0,68,3420.3564439473,-1,291
1621585697543,1621585697583,40,4,152,2606.16643742687,-6008,262
1621585697603,1621585697623,20,0,59,3212.77637322513,-642,285
1621585697683,1621585697763,80,7,163,4322.48926262464,-6964,16
1621585697933,1621585697943,10,-1,50,3236.29223746072,-1,-1
1621585698142,1621585698262,120,4,248,21848.0156137483,-15890,295
1621585698302,1621585698322,20,4,203,14535.6318195152,-1,311
1621585698332,1621585698372,40,2,68,2333.00446900102,-1029,4
1621585698382,1621585698522,140,7,286,13970.8368558127,-21042,23
1621585698602,1621585698642,40,5,211,9630.56365569754,-11803,214
1621585698712,1621585698752,40,2,103,5897.92485893605,-4573,77
1621585698762,1621585698782,20,1,77,6991.46642031788,-1757,267
1621585698982,1621585699032,50,3,299,15834.8651287345,-3233,29
1621585699162,1621585699232,70,4,187,6608.79188123145,-9315,286
1621585699262,1621585699272,10,-1,40,1515.25194547784,-1,-1
1621585699312,1621585699382,70,2,101,5681.57000723763,-3327,273
1621585699572,1621585699592,20,0,48,2528.07697699566,-959,80
1621585699701,1621585699731,30,2,174,7734.94459399964,-1,94
1621585699821,1621585700241,420,11,1612,102061.71056364,-123908,336
1621585700251,1621585700281,30,1,96,6314.72529465182,-3012,318
1621585700301,1621585700401,100,4,198,7741.29499011166,-9441,309
1621585700411,1621585700531,120,5,124,3045.54248369413,-6397,213
1621585700631,1621585700651,20,1,172,9125.19346941028,-1,121
1621585700741,1621585701011,270,30,1033,59882.514020588,-43151,355
1621585701031,1621585701121,90,12,334,19036.9251641506,-17187,223
1621585701181,1621585701201,20,0,32,1967.11375131301,-1,233
1621585701221,1621585701251,30,2,120,7840.54182758643,-3342,157
1621585701400,1621585701430,30,1,50,1879.16683975716,-1845,120
1621585701640,1621585701690,50,1,69,4235.58161217144,-3060,222
1621585701950,1621585701980,30,1,76,3063.68428996116,-3280,356
1621585702020,1621585702050,30,1,56,2489.73055179407,-2391,333
1621585702070,1621585702160,90,6,110,4262.87065065964,-4671,301
1621585702170,1621585702180,10,-1,44,1630.21604185531,-1,-1
1621585702220,1621585702240,20,0,57,2514.84226166934,-1,111
1621585702300,1621585702330,30,0,43,1704.12930447646,-912,125
1621585702430,1621585702440,10,-1,31,2492.70091817979,-1,-1
1621585702470,1621585702500,30,2,140,8195.17776499553,-7643,93
1621585702520,1621585702550,30,1,54,2252.65615988032,-1851,90
1621585702580,1621585702590,10,-1,35,2769.8272117681,-1,-1
1621585702600,1621585702610,10,-1,32,1803.29291206291,-1,-1
1621585702720,1621585702850,130,17,1020,1592.37704228771,-39727,333
1621585702860,1621585702870,10,-1,30,1343.03482060902,-1,-1
1621585703009,1621585703029,20,1,88,5012.23410691562,-1,95
1621585703169,1621585703349,180,17,1439,2790.95469809627,-122848,72
1621585703389,1621585703399,10,-1,30,1014.60572242356,-1,-1
1621585703409,1621585703419,10,-1,115,9735.98059230704,-1,-1
1621585703519,1621585703669,150,10,611,6701.28743120315,-25150,280
1621585703699,1621585703749,50,9,251,13861.1308378388,-2461,165
1621585703759,1621585703769,10,-1,111,9107.07512326869,-1,-1
1621585703789,1621585703799,10,-1,33,410.318856803458,-1,-1
1621585703829,1621585703839,10,-1,40,1292.18572566331,-1,-1
1621585704119,1621585704199,80,15,349,19351.6965924536,-23402,339
1621585704259,1621585704399,140,11,139,3528.20164104027,-4696,105
1621585704449,1621585704618,169,5,355,28260.7295812895,-13389,268
1621585704728,1621585704778,50,8,296,14112.061214811,-13984,187
1621585704808,1621585704848,40,1,47,2098.11260509487,-272,6
1621585705098,1621585705138,40,2,109,5554.48920128516,-6094,204
1621585705418,1621585705458,40,3,121,7054.79304472615,-6002,27
1621585705518,1621585705548,30,3,216,9874.05265643029,-1,102
1621585705708,1621585705718,10,-1,197,-1.0,-1,-1
1621585705808,1621585705828,20,0,50,313.152288950166,-1,171
1621585705838,1621585705858,20,0,66,5567.69104524605,-1994,350
1621585705868,1621585705888,20,0,39,2242.91355240311,-1,171
1621585705928,1621585705998,70,1,53,2215.19883256901,-2169,181
1621585706048,1621585706138,90,5,105,5954.26847981348,-3542,310
1621585706158,1621585706168,10,-1,40,1677.54568946837,-1,-1
1621585706297,1621585706307,10,-1,57,-1.0,-1,-1
1621585706317,1621585706347,30,0,57,4651.27205323821,-1209,270
1621585706427,1621585706457,30,1,54,2114.76291454608,-1,246
1621585706567,1621585706577,10,-1,38,-1.0,-1,-1
1621585706587,1621585706687,100,5,124,4513.56085352425,-6757,131
1621585706737,1621585706767,30,1,55,1750.51716748319,-1,211
1621585706797,1621585706987,190,0,856,47742.2572170601,-54618,333
1621585707057,1621585707067,10,-1,47,1969.72969218603,-1,-1
1621585707087,1621585707117,30,1,758,67574.8623924534,-1,225
1621585707227,1621585707237,10,-1,239,-1.0,-1,-1
1621585707557,1621585707617,60,7,260,10591.1791491186,-11767,260
1621585707637,1621585707667,30,1,60,2556.35356509797,-2361,253
1621585707777,1621585708056,279,19,1450,8057.08774838861,-88401,336
1621585708066,1621585708176,110,8,301,23427.9128015931,-15770,223
1621585708186,1621585708236,50,1,62,3591.98025707432,-2270,212
1621585708266,1621585708286,20,0,34,1238.8642718747,-84,200
1621585708296,1621585708316,20,0,36,623.707718152411,-1,209
1621585708336,1621585708356,20,1,59,4856.25674284579,-353,306
1621585708396,1621585708406,10,-1,32,2036.00143342658,-1,-1
1621585708536,1621585708546,10,-1,40,1230.71826804367,-1,-1
1621585708766,1621585708796,30,1,58,2559.70103336096,-10,299
1621585708946,1621585708966,20,0,51,2458.08288677723,-1,129
1621585708976,1621585709116,140,4,978,47320.1847850039,-62926,117
1621585709176,1621585709216,40,0,149,13937.6443352931,-6081,340
1621585709226,1621585709236,10,-1,74,5622.19835995525,-1,-1
1621585709276,1621585709296,20,0,46,3262.30851474087,-1,307
1621585709555,1621585709565,10,-1,35,2033.85896439132,-1,-1
1621585709575,1621585709585,10,-1,43,3119.98647396612,-1,-1
1621585710345,1621585710355,10,-1,30,2339.22733688855,-1,-1
1621585710365,1621585710405,40,7,397,12013.5167863285,-1,169
1621585710515,1621585710685,170,25,351,6311.12821507521,-17002,312
1621585710695,1621585710735,40,2,67,4905.1482077295,-369,187
1621585710745,1621585710815,70,3,90,5355.46303340765,-4995,329
1621585711084,1621585711134,49,8,357,20141.4818352106,-15292,344
1621585711424,1621585711514,90,3,80,2706.09351263979,-3120,188
1621585711594,1621585711624,30,7,356,18251.6007911175,-3936,50
1621585711764,1621585711974,210,9,1487,7081.81250503099,-92452,157
1621585712044,1621585712054,10,-1,31,925.376061023142,-1,-1
1621585712074,1621585712094,20,0,46,1249.68163137217,-1,236
1621585712104,1621585712114,10,-1,58,5043.33208029699,-1,-1
1621585712204,1621585712214,10,-1,35,-1.0,-1,-1
1621585712474,1621585712514,40,2,112,-1.0,-3908,277
1621585712534,1621585712584,50,5,234,14982.73041581,-12220,359
1621585712604,1621585712723,119,32,553,15886.2296071179,-16920,151
1621585713063,1621585713133,70,8,432,3342.48110566628,-18056,292
1621585713163,1621585713173,10,-1,38,1025.08389006823,-1,-1
1621585713193,1621585713203,10,-1,40,1975.28754606409,-1,-1
1621585713373,1621585713553,180,25,922,83384.3578895065,-70832,43
1621585713663,1621585713773,110,23,762,44898.0384585619,-42897,259
1621585713783,1621585713813,30,1,70,3500.66195090592,-3484,53
1621585713863,1621585714053,190,2,423,36557.8300605377,-26968,255
1621585714063,1621585714123,60,7,141,8329.64647776416,-3450,303
1621585714133,1621585714183,50,1,69,6306.17153832286,-1900,78
1621585714213,1621585714342,129,4,279,16824.9660197536,-18715,181
1621585714522,1621585714602,80,4,184,6987.08879153919,-12705,102
1621585714662,1621585714682,20,1,85,5127.8937312398,-1,267
1621585714712,1621585714742,30,1,82,3970.56618119422,-1592,268
1621585714752,1621585714802,50,2,78,3153.56363479296,-2039,172
1621585714822,1621585714912,90,3,117,4205.35618332418,-4966,176
1621585715052,1621585715082,30,1,56,1575.09379024452,0,278
1621585715092,1621585715102,10,-1,42,2418.39940399107,-1,-1
1621585715132,1621585715202,70,24,1101,49463.2253711156,-4690,155
1621585715392,1621585715572,180,9,458,24252.7862115526,-29436,50
1621585715682,1621585715742,60,2,73,2387.48426861135,-3349,206
1621585715802,1621585715852,50,2,73,3929.36507006793,-3194,168
1621585715872,1621585715882,10,-1,37,1633.55876234891,-1,-1
1621585715961,1621585715981,19,5,487,24964.3607925673,-1,99
1621585716091,1621585716281,190,5,323,5346.57692905535,-15337,314
1621585716301,1621585716331,30,2,116,6204.31341884103,-5278,312
1621585716511,1621585716691,180,10,399,17375.5660249732,-15571,243
1621585716701,1621585716781,80,3,407,35679.6808873587,-21069,87
1621585716791,1621585716841,50,1,236,19858.9554442862,-1,202
1621585716931,1621585717011,80,25,1212,7729.49110522366,-61305,172
1621585717021,1621585717271,250,21,140,9392.03987328608,-4468,326
1621585717281,1621585717311,30,2,135,7179.66489033895,-2471,317
1621585717321,1621585717421,100,2,95,6684.83917609485,-3111,345
1621585717511,1621585717521,10,-1,830,-1.0,-1,-1
1621585717640,1621585717690,50,5,314,26001.0722522476,-26563,286
1621585717880,1621585717960,80,6,137,4543.58593595106,-5117,292
1621585717970,1621585717980,10,-1,71,6125.88524240659,-1,-1
1621585718130,1621585718370,240,11,421,18859.4715323985,-28867,199
1621585718380,1621585718390,10,-1,31,171.65952157089,-1,-1
1621585718650,1621585718680,30,3,195,18753.1600241401,-8110,59
1621585718750,1621585718850,100,6,139,7745.97700488684,-6380,59
1621585718860,1621585718930,70,14,391,11999.9754452889,-19744,266
1621585718960,1621585718990,30,2,134,8204.34448640411,-3991,37
1621585718960,1621585718990,30,2,134,8204.34448640411,-3991,37
1621585719050,1621585719070,20,1,71,4290.01667760635,-1,76
1621585719230,1621585719269,39,0,93,7477.29967255508,-4837,105
1621585719449,1621585719499,50,7,246,10825.4860403727,-12322,46
1621585719669,1621585719769,100,12,266,18197.6262345155,-14946,200
1621585719789,1621585719799,10,-1,59,3011.1317668047,-1,-1
1621585719819,1621585719839,20,3,306,14592.5500971824,-1,71
1621585719999,1621585720039,40,4,213,10388.9534361015,-14581,270
1621585720069,1621585720079,10,-1,65,4148.20305069666,-1,-1
1621585720089,1621585720129,40,3,115,5748.93171308751,-5751,305
1621585720209,1621585720259,50,6,290,19401.9710164303,-17794,8
1621585720369,1621585720399,30,0,85,6906.90529121013,-3094,212
1621585720409,1621585720449,40,1,160,13865.2198943922,-7243,247
1621585720459,1621585720469,10,-1,41,2406.09344171816,-1,-1
1621585720499,1621585720699,200,4,169,10371.5690954374,-8104,122
1621585720709,1621585720749,40,1,89,3478.76643112815,-3697,216
1621585720998,1621585721028,30,1,118,-1.0,-2103,87
1621585722258,1621585722458,200,23,634,22514.8866551849,-24467,327
1621585722478,1621585722697,219,21,476,23940.162805423,-12832,144
1621585722977,1621585723087,110,5,86,767.31415082872,-2937,286
1621585723897,1621585723917,20,0,74,-1.0,-2462,268
1621585723947,1621585724057,110,11,174,5484.18003243555,-7421,261
1621585724067,1621585724106,39,2,90,4560.35012314166,-1,144
1621585724116,1621585724246,130,3,148,9582.51578875194,-10993,349
1621585724256,1621585724366,110,8,97,6090.25833929323,-1741,91
1621585724376,1621585724406,30,1,132,7843.69748066514,-1,84
1621585725316,1621585725646,330,2,1698,104879.451667327,-161336,87
1621585725736,1621585725745,9,-1,30,-1.0,-1,-1
1621585729413,1621585729463,50,1,32,-1.0,-1,166
1621585730053,1621585730143,90,10,355,10509.7512652544,-24858,299
1621585730153,1621585730163,10,-1,35,1673.05333557449,-1,-1
1621585730183,1621585730203,20,0,89,4300.51016719351,-1,93
1621585730213,1621585730263,50,2,67,4479.50954856218,-1807,274
1621585730303,1621585730333,30,2,236,10120.8265608315,-1,67
1621585730343,1621585730363,20,1,213,18386.5646759392,-13460,261
1621585730413,1621585730483,70,0,93,4787.35694882903,-4386,323
1621585730493,1621585730503,10,-1,30,2060.04702333229,-1,-1
1621585730533,1621585730643,110,6,182,13142.6919896391,-6493,0
1621585731082,1621585731262,180,2,295,11181.8861193521,-14002,200
1621585731272,1621585731302,30,1,89,5062.81512191154,-3608,292
1621585731312,1621585731332,20,0,32,638.840491352436,-1,254
1621585731342,1621585731442,100,7,180,8252.10847864648,-7134,22
1621585731462,1621585731472,10,-1,35,2721.34173622117,-1,-1
1621585731482,1621585731492,10,-1,42,1958.39338163079,-1,-1
1621585731692,1621585731792,100,0,182,9322.7612990369,-9479,45
1621585731902,1621585731952,50,8,484,20483.9105559156,-38845,246
1621585732082,1621585732132,50,1,314,20238.1551265253,-13117,60
1621585732142,1621585732162,20,0,52,4671.81323757063,-2099,105
1621585732182,1621585732202,20,1,78,5661.07529994045,-1,94
1621585732251,1621585732291,40,2,89,4700.54068738177,-4626,79
1621585732331,1621585732381,50,6,249,16446.2114481392,-10374,22
1621585732761,1621585732781,20,1,98,6216.19975505629,-1,169
1621585732911,1621585732981,70,2,272,12894.2594074631,-17251,291
1621585732991,1621585733011,20,0,37,1878.18466799748,-3,90
1621585733191,1621585733301,110,8,172,8921.17144262387,-5769,23
1621585733311,1621585733531,220,4,425,30801.0027139116,-13266,73
1621585733891,1621585733901,10,-1,354,-1.0,-1,-1
1621585734060,1621585734090,30,3,181,8986.86373518139,-10097,214
1621585734110,1621585734120,10,-1,35,668.595346970197,-1,-1
1621585734280,1621585734310,30,1,70,3164.91235986659,-3085,129
1621585734320,1621585734340,20,1,65,5281.40824197172,-1789,327
1621585734350,1621585734430,80,0,144,11980.0659545029,-5923,232
1621585734460,1621585734480,20,0,33,2997.8534316284,-24,257
1621585734490,1621585734510,20,0,103,4783.750210517,-1,90
1621585734640,1621585734750,110,5,105,5533.44899168718,-5777,282
1621585735030,1621585735040,10,-1,30,2248.22287654186,-1,-1
1621585735290,1621585735300,10,-1,38,2034.08721921864,-1,-1
1621585735490,1621585735510,20,0,40,1082.64421872997,-1,315
1621585735520,1621585735549,29,2,102,5120.52829494849,-3208,105
1621585735619,1621585735639,20,0,66,3710.85094919414,-2566,301
1621585735659,1621585735679,20,0,65,5137.55352331961,-3061,119
1621585735939,1621585735959,20,0,59,3756.83206633791,-435,280
1621585736719,1621585736739,20,0,37,3305.58378316801,-1,120
1621585736819,1621585736849,30,1,64,2351.45666489873,-1,313
1621585737089,1621585737099,10,-1,34,-1.0,-1,-1
1621585738718,1621585739237,519,33,1300,77064.7316180359,-91065,154
1621585739257,1621585739317,60,1,66,2671.68171330571,-3473,47
1621585739327,1621585739377,50,11,508,22637.7356276934,-43198,238
1621585739477,1621585739487,10,-1,33,2103.38787849195,-1,-1
1621585740077,1621585740087,10,-1,33,2467.04154525481,-1,-1
1621585740157,1621585740177,20,0,60,3614.07141263907,-1,337
1621585740317,1621585740397,80,1,307,24320.7501370397,-22236,237
1621585740446,1621585740456,9,-1,32,555.518591368505,-1,-1
1621585740546,1621585740566,20,0,51,2845.04859752781,-4,268
1621585740586,1621585740626,40,5,239,17321.1142641303,-13984,127
1621585740686,1621585740806,120,31,952,76375.8462482753,-60198,38
1621585740986,1621585741026,40,3,202,-1.0,-6262,236
1621585741036,1621585741076,40,3,168,10908.5397238058,-5763,277
1621585741246,1621585741266,20,0,55,2555.46498469408,-3,51
1621585741276,1621585741286,10,-1,45,3249.64203211673,-1,-1
1621585741336,1621585741416,80,2,75,4939.98851843277,-4253,215
1621585741426,1621585741436,10,-1,34,531.685221843918,-1,-1
1621585741726,1621585741776,50,4,156,9049.45774010244,-7920,267
1621585741836,1621585741876,40,1,54,2363.8532303409,-1022,90
1621585742066,1621585742175,109,2,429,26080.163405724,-28597,318
1621585742215,1621585742265,50,4,104,4528.72479060893,-1,93
1621585742465,1621585742605,140,3,1687,124271.420726069,-100115,308
1621585742615,1621585742675,60,4,153,9700.53469501565,-4357,156
1621585742915,1621585743305,390,6,1880,183697.313126784,-160838,67
1621585743325,1621585743335,10,-1,892,87915.0916674633,-1,-1
1621585743345,1621585743355,10,-1,1259,124453.174009302,-1,-1
1621585743365,1621585743515,150,10,1355,100642.320373796,-73118,93
1621585743565,1621585743585,20,0,42,1432.41315032195,-1,307
1621585743864,1621585743904,40,2,146,7292.35381000579,-8279,345
1621585743964,1621585744124,160,2,141,7362.76554848187,-10609,164
1621585744294,1621585744344,50,2,565,8879.97867148256,-37371,237
1621585744354,1621585744364,10,-1,55,2717.75516640085,-1,-1
1621585744394,1621585744464,70,3,156,15022.8035737234,-8442,273
1621585744494,1621585744504,10,-1,46,1773.3730919593,-1,-1
1621585744584,1621585744644,60,1,42,2917.85510601036,-1033,135
1621585744754,1621585744774,20,0,66,3717.94030313947,-3614,306
1621585744874,1621585744894,20,1,179,9132.63712908255,-1,233
1621585744904,1621585745004,100,19,238,16441.3993007266,-563,58
1621585745144,1621585745234,90,2,439,32915.266879257,-36245,348
1621585745244,1621585745254,10,-1,49,3246.69469194658,-1,-1
1621585745284,1621585745313,29,5,281,14663.9975820254,-11183,264
1621585745333,1621585745353,20,0,47,2362.93128344262,-1663,276
1621585745533,1621585745583,50,0,306,22556.579470113,-16310,20
1621585745593,1621585745653,60,1,235,19839.982289956,-9895,81
1621585745663,1621585745683,20,0,69,5975.89277355811,-1,240
1621585745833,1621585745883,50,4,204,10467.8847119551,-9065,72
1621585746123,1621585746163,40,1,75,5506.38752741695,-2065,131
1621585746233,1621585746253,20,0,49,1833.500496417,-1,135
1621585746373,1621585746453,80,6,155,9112.53107812029,-5100,261
1621585746513,1621585746553,40,1,70,2621.22452507279,-1498,244
1621585746633,1621585746673,40,0,68,4663.33713969535,-1213,336
1621585746843,1621585746853,10,-1,92,-1.0,-1,-1
1621585746863,1621585746873,10,-1,31,1782.23928131056,-1,-1
1621585747162,1621585747182,20,0,32,761.817528249157,-1,207
1621585747622,1621585747632,10,-1,30,205.50550857283,-1,-1
1621585747642,1621585747702,60,2,68,3044.06891093666,-3640,105
1621585747802,1621585747812,10,-1,39,1561.96719182323,-1,-1
1621585747842,1621585747912,70,2,45,2532.96498238139,-453,104
1621585748062,1621585748332,270,39,668,22473.7715141083,-43102,149
1621585748342,1621585748532,190,7,277,14714.3880967099,-6089,14
1621585748542,1621585748631,89,6,234,21476.3222565909,-9408,326
1621585748661,1621585748681,20,2,253,12819.7607180204,-1,111
1621585748771,1621585748831,60,3,117,5592.02979739634,-7465,330
1621585748851,1621585749211,360,2,237,6905.0463313017,-12662,76
1621585750520,1621585750550,30,2,141,-1.0,-97,284
1621585750830,1621585750890,60,6,679,35527.2661806056,-51,94
1621585751040,1621585751070,30,0,68,-1.0,-3690,31
1621585751080,1621585751130,50,3,223,10073.1356757533,-17556,254
1621585751230,1621585751290,60,16,815,29814.788911852,-2058,150
1621585751390,1621585751400,10,-1,155,-1.0,-1,-1
1621585751410,1621585751550,140,10,286,11850.9192358642,-16474,354
1621585751570,1621585751670,100,1,351,30959.6645817269,-22229,126
1621585751939,1621585751969,30,1,96,-1.0,-3336,180
1621585751989,1621585751999,10,-1,37,1440.43357034417,-1,-1
1621585752009,1621585752119,110,2,446,20099.8212022388,-28513,146
1621585752139,1621585752249,110,14,407,24490.2661873338,-27394,168
1621585752279,1621585752299,20,1,252,17151.0910213409,-1,336
1621585752429,1621585752439,10,-1,150,-1.0,-1,-1
1621585752529,1621585752669,140,7,348,18906.0622740582,-31324,346
1621585752689,1621585752699,10,-1,36,1386.3998789628,-1,-1
1621585752719,1621585752729,10,-1,36,2271.3795499535,-1,-1
1621585752949,1621585753009,60,1,79,4816.82945467003,-2381,200
1621585753049,1621585753099,50,6,1015,61895.8302785195,-3838,17
1621585753209,1621585753269,60,8,442,-1.0,-21850,249
1621585753279,1621585753319,40,2,73,3768.26388360291,-15,196
1621585753339,1621585753558,219,22,855,42351.0834911893,-50627,7
1621585753618,1621585753678,60,2,92,5070.06494335277,-5555,242
1621585753788,1621585753798,10,-1,362,-1.0,-1,-1
1621585753888,1621585753948,60,2,192,6459.56700555697,-11375,310
1621585753958,1621585753968,10,-1,32,957.901657996582,-1,-1
1621585754028,1621585754178,150,12,216,9388.49881795924,-7691,294
1621585754248,1621585754298,50,1,36,793.094887612561,-109,321
1621585754318,1621585754328,10,-1,36,717.043595932101,-1,-1
1621585754408,1621585754518,110,4,286,21455.4463979039,-22791,318
1621585754678,1621585754718,40,8,830,-1.0,-42874,250
1621585754768,1621585754778,10,-1,32,1779.44925288314,-1,-1
1621585754788,1621585754818,30,2,113,5003.33847867396,-1,75
1621585754828,1621585754888,60,1,108,5779.39683087717,-6436,118
1621585754908,1621585754928,20,0,46,2001.29610065591,-843,119
1621585754988,1621585755137,149,0,284,15315.2772335166,-17078,202
1621585755247,1621585755267,20,0,43,2544.25844242028,-1,123
1621585755397,1621585755437,40,5,201,12090.3471462043,-10179,136
1621585755457,1621585755477,20,0,42,2933.01033900426,-885,12
1621585755497,1621585755517,20,0,30,1309.10685698399,-3,93
1621585755717,1621585755747,30,2,118,6168.19818010562,-3837,188
1621585755767,1621585755777,10,-1,38,1720.31042912528,-1,-1
1621585755797,1621585755817,20,0,52,2825.48247030674,-12,103
1621585755827,1621585755837,10,-1,45,2741.30795019319,-1,-1
1621585755987,1621585756007,20,0,54,3221.24428754438,-1942,318
1621585756037,1621585756077,40,1,87,3655.51857123279,-4754,210
1621585756117,1621585756157,40,2,132,8776.22308921207,-7350,104
1621585756257,1621585756337,80,11,371,2034.64026051123,-8898,226
1621585756557,1621585756577,20,1,76,6547.25363460951,-1776,313
1621585756677,1621585756697,20,0,48,2737.85341938942,-1786,90
1621585756707,1621585756717,10,-1,476,46428.5042092596,-1,-1
1621585756826,1621585756906,80,9,734,23511.5620739563,-57959,260
1621585757106,1621585757266,160,26,1515,86273.0661316635,-90342,169
1621585757286,1621585757336,50,2,81,3183.26695725778,-2924,1
1621585757406,1621585757416,10,-1,41,1238.03969214813,-1,-1
1621585757516,1621585757546,30,3,150,10409.5448841829,-11005,158
1621585757636,1621585757656,20,1,118,6575.15430618633,-1,35
1621585757956,1621585757996,40,1,753,23708.3125997481,-62824,189
1621585758016,1621585758086,70,6,205,13494.9746426228,-8124,194
1621585758096,1621585758276,180,12,260,10510.4138390129,-10566,183
1621585758356,1621585758376,20,0,36,1563.50971255996,-74,113
1621585758385,1621585758465,79,2,92,4905.69008350539,-2823,151
1621585758605,1621585758655,50,3,178,6138.68117468611,-1070,265
1621585758785,1621585759075,290,7,516,12777.2821217158,-24143,56
1621585759085,1621585759115,30,0,33,1403.01699897438,-228,259
1621585759125,1621585759165,40,1,44,1457.98116088691,-1165,258
1621585759195,1621585759215,20,0,36,2481.42264209589,-603,147
1621585759245,1621585759255,10,-1,34,887.147324270455,-1,-1
1621585759285,1621585759325,40,2,208,15076.1097471862,-3507,289
1621585760424,1621585760454,30,1,369,-1.0,-28842,90
1621585760464,1621585760654,190,14,349,22568.4874708635,-26396,91
1621585760684,1621585760704,20,0,33,726.749026771734,-5,81
1621585760714,1621585760794,80,3,54,1775.14837169714,-1051,97
1621585761094,1621585761134,40,4,269,-1.0,-9341,314
1621585761144,1621585761224,80,4,246,13470.7990127419,-16513,117
1621585761394,1621585761434,40,6,256,11652.5014231971,-10386,90
1621585761514,1621585761544,30,4,206,11968.4940386092,-11692,266
1621585761554,1621585761594,40,2,117,7091.55156052588,-5334,225
1621585761624,1621585761643,19,1,184,13957.3931115733,-1,73
1621585761743,1621585761753,10,-1,191,-1.0,-1,-1
1621585761813,1621585761833,20,1,99,4854.68281392472,-1,273
1621585761873,1621585761903,30,1,65,3395.64597482232,-3284,315
1621585761963,1621585761973,10,-1,31,1464.04652080642,-1,-1
1621585762003,1621585762033,30,2,115,8199.96542262982,-6797,264
1621585762043,1621585762063,20,0,57,3077.9538418414,-968,315
1621585762123,1621585762133,10,-1,34,1395.14316629747,-1,-1
1621585762423,1621585762433,10,-1,30,1507.11447345112,-1,-1
1621585762443,1621585762583,140,1,500,32786.8754053526,-24766,105
1621585762643,1621585762653,10,-1,31,1051.96769537681,-1,-1
1621585762823,1621585762833,10,-1,40,3486.01291009525,-1,-1
1621585762883,1621585762893,10,-1,48,3213.45483397248,-1,-1
1621585762963,1621585762983,20,0,62,4392.60328216467,-1,289
1621585763043,1621585763053,10,-1,36,1650.15225469544,-1,-1
1621585763063,1621585763073,10,-1,51,3149.70081937485,-1,-1
1621585763282,1621585763312,29,2,168,7990.30819893725,-1,114
1621585763402,1621585763472,70,2,173,10157.6297472764,-8516,257
1621585763512,1621585763522,10,-1,34,1615.82875213074,-1,-1
1621585763542,1621585763562,20,0,48,3255.28706325837,-1796,185
1621585763572,1621585763602,30,0,69,5187.74926063247,-2996,121
1621585763742,1621585763752,10,-1,41,2343.2335303284,-1,-1
1621585763842,1621585763862,20,0,51,2479.47201757283,-579,90
1621585763872,1621585763882,10,-1,32,1041.96696952724,-1,-1
1621585763962,1621585763972,10,-1,50,2900.97842987696,-1,-1
1621585763982,1621585763992,10,-1,52,3424.77271507912,-1,-1
1621585764002,1621585764022,20,0,50,3043.92616728938,-1031,287
1621585764212,1621585764232,20,0,45,2555.5690841453,-1,278
1621585764262,1621585764272,10,-1,52,2590.10240528813,-1,-1
1621585764362,1621585764402,40,0,139,12087.2310963741,-6995,293
1621585764522,1621585764582,60,2,146,4.04820623400326,-6293,276
1621585764812,1621585765011,199,8,976,11806.1208703171,-85988,281
1621585765231,1621585765321,90,4,154,10693.8560974151,-7757,278
1621585765391,1621585765401,10,-1,31,1836.18925511681,-1,-1
1621585765761,1621585765771,10,-1,34,-1.0,-1,-1
1621585765801,1621585765831,30,1,64,5140.38837145115,-3198,323
1621585766141,1621585766161,20,0,37,3132.2588710306,-677,68
1621585766241,1621585766371,130,24,434,27951.4794177772,-36780,138
1621585766471,1621585766580,109,5,189,7764.02816037046,-11100,325
1621585766610,1621585766660,50,0,144,8515.46007589698,-7837,296
1621585766680,1621585766700,20,0,33,1212.37504526277,-1,333
1621585767360,1621585767620,260,9,623,48059.488099007,-47292,28
1621585767680,1621585767700,20,1,77,4505.84709059284,-1,57
1621585767750,1621585767970,220,24,565,25126.9092101282,-21593,43
1621585767980,1621585768199,219,12,389,35722.3960406556,-20495,230
1621585768249,1621585768269,20,0,37,907.110616795425,-253,262
1621585768279,1621585768329,50,2,54,1387.52667686086,-2163,267
1621585768389,1621585768459,70,4,106,2426.36605479206,-5698,273
1621585768469,1621585768529,60,1,36,2093.46419880082,-7,264
1621585768549,1621585768589,40,4,209,10327.4467611324,-13624,55
1621585768599,1621585768609,10,-1,34,1523.96515245737,-1,-1
1621585768859,1621585768869,10,-1,50,2345.62505315846,-1,-1
1621585768939,1621585768949,10,-1,31,1373.4231517209,-1,-1
1621585769269,1621585769319,50,3,384,17636.0933030206,-30094,195
1621585769549,1621585769559,10,-1,30,532.707750427504,-1,-1
1621585769729,1621585769798,69,5,144,4140.73096956063,-12119,8
1621585769828,1621585769848,20,3,180,17284.3359650725,-67,249
1621585769928,1621585770028,100,2,126,6501.64632948719,-8052,221
1621585770098,1621585770208,110,3,224,13100.8439968361,-17249,151
1621585770578,1621585770678,100,6,271,12170.5436594174,-14561,330
1621585770698,1621585770728,30,2,111,6537.60634883012,-127,283
1621585770738,1621585770778,40,2,117,9637.72012348345,-4630,101
1621585771118,1621585771238,120,4,201,15091.4901864243,-12868,304
1621585771298,1621585771318,20,22,1092,108262.13503046,-1177,73
1621585771378,1621585771408,30,22,1094,97531.6117249375,-85578,244
1621585771497,1621585771507,10,-1,46,-1.0,-1,-1
1621585771637,1621585771677,40,2,101,3539.2086155419,-6121,16
1621585771717,1621585771727,10,-1,30,219.881859224264,-1,-1
1621585771777,1621585771787,10,-1,46,1711.55527539624,-1,-1
1621585771907,1621585771947,40,3,152,3172.59637606407,-6155,187
1621585771977,1621585772007,30,1,65,6021.54355748834,-1571,114
1621585772177,1621585772257,80,27,1316,92219.5083127795,-100796,8
1621585772267,1621585772277,10,-1,40,2393.45009566148,-1,-1
1621585772297,1621585772317,20,0,44,1875.28261253095,-1,82
1621585772357,1621585772447,90,0,1627,162070.434270563,-88764,123
1621585772567,1621585772647,80,32,1571,114204.06086526,-131488,187
1621585772657,1621585772747,90,3,345,31959.7060188709,-28535,85
1621585772757,1621585772767,10,-1,60,5112.34813236299,-1,-1
1621585772777,1621585772787,10,-1,59,5217.09450216298,-1,-1
1621585772907,1621585772977,70,2,284,18740.2737249469,-17450,108
1621585773106,1621585773116,10,-1,610,-1.0,-1,-1
1621585773126,1621585773196,70,22,1219,53303.5347570016,-114741,263
1621585773206,1621585773236,30,0,45,1732.96121703171,-1439,76
1621585773246,1621585773266,20,0,73,4970.09207869283,-3100,232
1621585773356,1621585773516,160,24,1091,75584.7512765008,-104801,79
1621585773526,1621585773586,60,21,1034,98863.2761752102,-94768,254
1621585773596,1621585773856,260,3,1213,47343.8726482847,-113102,76
1621585773896,1621585773916,20,0,54,2731.80780238507,-1,29
1621585773926,1621585773996,70,5,112,5270.57577768159,-4321,55
1621585774026,1621585774036,10,-1,34,2278.8419520242,-1,-1
1621585774056,1621585774066,10,-1,31,680.121583881603,-1,-1
1621585774076,1621585774086,10,-1,60,4015.94689143079,-1,-1
1621585774146,1621585774166,20,0,34,1609.66411198955,-10,311
1621585774406,1621585774416,10,-1,31,1198.82729386554,-1,-1
1621585774486,1621585774516,30,1,57,1788.52182950614,-2214,253
1621585774556,1621585774576,20,0,35,1466.99549979208,-349,264
1621585774646,1621585774795,149,3,1531,94476.739623985,-105811,209
1621585774865,1621585774975,110,4,191,13733.4436935457,-10896,332
1621585774995,1621585775105,110,2,135,11229.3058109088,-7527,174
1621585775155,1621585775215,60,19,879,77192.2747713326,-66471,78
1621585775225,1621585775335,110,2,429,26405.0018975866,-21896,166
1621585775345,1621585775425,80,1,357,32956.9578363479,-19367,162
1621585775435,1621585775445,10,-1,30,1807.31798844203,-1,-1
1621585775485,1621585775605,120,12,908,68318.3587553374,-38886,89
1621585775615,1621585775845,230,13,951,87628.7448526094,-84214,223
1621585775855,1621585775875,20,1,144,7068.35235665201,-1,177
1621585775965,1621585776075,110,2,551,31237.5590368509,-6372,47
1621585776165,1621585776444,279,8,1024,49989.8642915932,-87060,73
1621585776474,1621585776594,120,4,104,2867.26487960042,-3562,359
1621585776654,1621585776714,60,9,402,20759.2514134661,-18161,2
1621585776724,1621585776734,10,-1,95,6804.57328120554,-1,-1
1621585776824,1621585776854,30,0,362,32129.1736616391,-27649,151
1621585777894,1621585777993,99,8,1108,34249.0758114631,-82692,215
1621585778003,1621585778013,10,-1,55,3707.89879437201,-1,-1
1621585778023,1621585778213,190,8,239,17382.5893535477,-19572,149
1621585778223,1621585778253,30,4,218,13520.475396623,-1,232
1621585778263,1621585778283,20,1,168,14832.2877363548,-7034,54
1621585778513,1621585778583,70,0,264,22946.478470652,-20238,8
1621585778593,1621585778603,10,-1,99,9943.64808513638,-1,-1
1621585778613,1621585778623,10,-1,246,23727.1308291872,-1,-1
1621585778633,1621585778653,20,1,240,22122.2804452461,-15407,326
1621585778803,1621585779013,210,3,1545,124219.997706546,-94959,318
1621585779023,1621585779033,10,-1,42,1677.22783233876,-1,-1
1621585779073,1621585779133,60,0,100,8551.8435493545,-4429,68
1621585779233,1621585779243,10,-1,32,2161.06148442976,-1,-1
1621585779323,1621585779343,20,0,55,2625.08123765512,-23,300
1621585779353,1621585779373,20,1,117,8671.66385132344,-1,68
1621585779553,1621585779612,59,2,365,24735.4286806605,-31387,43
1621585779622,1621585779712,90,6,343,27782.1462561811,-21424,259
1621585779772,1621585779782,10,-1,36,1896.53425880965,-1,-1
1621585779792,1621585779802,10,-1,40,2435.5840435499,-1,-1
1621585779852,1621585779922,70,1,75,4859.87077582736,-1214,301
1621585779962,1621585779982,20,0,50,2998.87827014978,-1,106
1621585779992,1621585780002,10,-1,41,2203.072672728,-1,-1
1621585780062,1621585780162,100,23,1765,136586.708958882,-84392,61
1621585780182,1621585780192,10,-1,34,1391.76684584067,-1,-1
1621585780212,1621585780322,110,1,1988,184047.935128108,-179675,168
1621585780342,1621585780362,20,0,36,2943.38666337871,-588,303
1621585780572,1621585780592,20,19,949,92019.0633584484,-837,246
1621585780662,1621585780692,30,19,952,90765.3620978266,-923,61
1621585780732,1621585780812,80,5,200,13966.5331083531,-8769,254
1621585780822,1621585780882,60,3,1353,127528.934233318,-120572,252
1621585780952,1621585780972,20,2,134,10335.4481061465,-1,92
1621585781102,1621585781142,40,9,1926,81617.4861839828,-20009,245
1621585781291,1621585781331,40,2,2047,90719.3839320483,-187854,279
1621585781381,1621585781481,100,7,518,40108.771684986,-47561,249
1621585781661,1621585781791,130,24,1291,84808.2757542662,-92922,239
1621585781811,1621585781821,10,-1,36,2641.38680250487,-1,-1
1621585781831,1621585781981,150,4,395,9894.84900137188,-6878,344
1621585782061,1621585782091,30,1,66,2465.21251342994,-1012,92
1621585782111,1621585782161,50,2,75,1487.30258511179,-1,133
1621585782811,1621585782841,30,3,613,45147.7276548576,-32243,42
1621585782930,1621585782940,10,-1,377,-1.0,-1,-1
1621585783180,1621585783220,40,10,468,-1.0,-12544,285
1621585783230,1621585783290,60,2,69,3208.95942768747,-2497,135
1621585783320,1621585783400,80,7,223,8943.54284503104,-12243,190
1621585783410,1621585783550,140,0,197,8908.70188458796,-13223,12
1621585783570,1621585783580,10,-1,32,2509.18937467416,-1,-1
1621585784190,1621585784250,60,0,97,3375.38062549445,-1,260
1621585784270,1621585784350,80,7,253,19360.7169520506,-6092,286
1621585784360,1621585784430,70,3,149,5776.86733327413,-9845,260
1621585784629,1621585784799,170,6,237,15941.773575873,-12977,243
1621585784809,1621585784829,20,1,118,9252.54349658038,-2067,263
1621585784969,1621585785049,80,2,218,18773.5764419739,-12724,135
1621585785159,1621585785179,20,0,68,3550.66372128754,-1,116
1621585785369,1621585785389,20,0,56,1223.7857481436,-1,94
1621585785649,1621585785669,20,0,35,1129.01544174552,-471,293
1621585785729,1621585785759,30,1,157,8080.20854728002,-1,72
1621585785939,1621585785979,40,1,81,5178.3636667407,-1816,294
1621585786128,1621585786168,40,5,281,20957.1039691403,-18728,30
1621585786248,1621585786278,30,2,241,14134.7864196415,-41,38
1621585786318,1621585786398,80,4,702,23552.0367039302,-65817,241
1621585786878,1621585786968,90,5,141,6439.26415733034,-4466,270
1621585787138,1621585787158,20,0,59,3547.98120962897,-1,273
1621585787218,1621585787258,40,1,66,3170.92375911038,-2686,107
1621585787288,1621585787328,40,1,54,1547.0881985871,-2326,92
1621585787428,1621585787508,80,3,311,16872.1116737004,-17101,59
1621585787817,1621585787997,180,5,1426,91902.0071452738,-108692,261
1621585788127,1621585788177,50,3,156,8727.30866500578,-6871,58
1621585788347,1621585788417,70,14,237,2734.68500506947,-1830,170
1621585788667,1621585788747,80,8,467,32169.0963912382,-24060,1
1621585788807,1621585788887,80,4,322,20538.2865981902,-16687,239
1621585788947,1621585789017,70,3,142,7837.6844380574,-7983,124
1621585789137,1621585789187,50,3,108,4822.89273889832,-3181,168
1621585789207,1621585789227,20,0,43,3058.11719976666,-1190,339
1621585789237,1621585789327,90,17,360,10007.773079894,-10377,303
1621585789347,1621585789396,49,7,576,34185.207194755,-32020,132
1621585789626,1621585789766,140,9,538,39044.1463962946,-36234,192
1621585789776,1621585789806,30,1,81,4501.97093548116,-3821,172
1621585789846,1621585789876,30,1,63,1669.66745971422,-1,212
1621585790096,1621585790136,40,3,162,8314.58617558948,-11660,120
1621585790456,1621585790486,30,1,152,671.979409262853,-9433,237
1621585790496,1621585790516,20,0,83,6006.06534703546,-1813,138
1621585790526,1621585790536,10,-1,79,6313.64028444351,-1,-1
1621585790776,1621585790786,10,-1,34,1397.07414763185,-1,-1
1621585791445,1621585791515,70,12,566,24776.328103549,-4732,342
1621585791695,1621585791715,20,4,402,-1.0,-18998,339
1621585791755,1621585791925,170,8,935,81940.8483829357,-40276,194
1621585791935,1621585791955,20,0,41,694.214454315407,-1,129
1621585791995,1621585792005,10,-1,36,913.029007447385,-1,-1
1621585792015,1621585792065,50,1,142,7662.4120524893,-5669,125
1621585792165,1621585792235,70,2,265,12589.3870371626,-1,65
1621585792345,1621585792455,110,19,812,57036.8025927489,-62354,180
1621585792545,1621585792624,79,10,159,4963.8582013287,-7865,343
1621585792644,1621585792704,60,12,226,10909.0267344858,-15001,195
1621585792714,1621585792814,100,12,235,8145.25595039832,-8713,332
1621585792824,1621585792934,110,5,156,5667.00172445384,-7413,347
1621585792964,1621585792984,20,2,123,7984.76561563146,-1,322
1621585792994,1621585793034,40,2,134,7313.69188298492,-8996,232
1621585793044,1621585793064,20,0,56,3276.73937601679,-1,296
1621585793194,1621585793244,50,14,380,16385.1558084079,-18584,131
1621585793514,1621585793524,10,-1,237,23380.7894331533,-1,-1
1621585793644,1621585793694,50,6,242,6315.29543478906,-13850,295
1621585793784,1621585793884,100,5,106,4164.37408220702,-432,158
1621585794154,1621585794393,239,12,443,8418.7241186486,-21053,169
1621585794483,1621585794513,30,1,50,1949.31406038998,-1083,220
1621585794573,1621585794593,20,0,46,2188.07000971095,-1504,99
1621585794603,1621585794663,60,3,108,6340.26283498041,-6287,309
1621585794673,1621585794723,50,3,258,14113.426522436,-1521,38
1621585794833,1621585794873,40,5,225,16512.2520717644,-15186,251
1621585794893,1621585794913,20,0,59,2741.95990568964,-1,27
1621585795083,1621585795193,110,8,498,29793.2134746429,-35417,179
1621585795313,1621585795433,120,6,220,16160.5239081761,-18119,317
1621585795543,1621585795573,30,1,77,3084.37572110196,-4521,66
1621585795643,1621585795673,30,3,172,8984.06660668291,-162,69
1621585795853,1621585795922,69,6,396,4861.61984067275,-23830,282
1621585796492,1621585796512,20,0,141,-1.0,-10509,303
1621585797092,1621585797112,20,0,36,917.010525151566,-1,123
1621585797232,1621585797252,20,0,69,-1.0,-20,247
1621585797262,1621585797272,10,-1,33,2287.9759852508,-1,-1
1621585797761,1621585797791,30,16,795,38410.1900803784,-1090,84
1621585797911,1621585797961,50,4,504,22772.7474514667,-42553,264
1621585798011,1621585798021,10,-1,38,1097.0097194236,-1,-1
1621585798651,1621585798661,10,-1,62,4467.15482343346,-1,-1
1621585798801,1621585798851,50,1,148,8072.86634338872,-9887,277
1621585798861,1621585798921,60,0,92,6833.144516401,-5501,248
1621585799091,1621585799111,20,0,30,1417.23859305649,-1,67
1621585799121,1621585799140,19,0,46,2663.44660106285,-123,57
1621585799171,1621585799190,19,0,33,916.250990633715,-1,68
1621585799380,1621585799400,20,1,139,8536.13074408919,-1,261
1621585799570,1621585799610,40,1,265,17029.1363236871,-13450,248
1621585799640,1621585799680,40,1,201,16619.6783713596,-8702,195
1621585799880,1621585799890,10,-1,30,518.364806722065,-1,-1
1621585800070,1621585800140,70,2,123,8992.99522021297,-6430,252
1621585800160,1621585800190,30,0,42,1988.08964451245,-194,83
1621585800220,1621585800240,20,0,51,3131.29840540117,-2114,77
1621585800280,1621585800300,20,1,64,4173.80566943464,-1,78
1621585800420,1621585800500,80,4,88,3754.34557261866,-3233,0
1621585800680,1621585800859,179,16,255,8695.85565294706,-17564,345
1621585800869,1621585800919,50,4,242,17073.125823358,-17782,146
1621585800969,1621585800979,10,-1,32,366.963612875605,-1,-1
1621585801029,1621585801039,10,-1,31,131.891042643715,-1,-1
1621585801139,1621585801179,40,3,144,7266.94077966179,-8027,177
1621585801309,1621585801329,20,1,199,12621.6837616759,-1,67
1621585801439,1621585801489,50,4,122,5034.69105945636,-4031,270
1621585801549,1621585801569,20,0,62,3357.57027146812,-1,288
1621585801859,1621585801889,30,2,245,-1.0,-12420,281
1621585801909,1621585801939,30,1,81,3665.29933152106,-2629,161
1621585801979,1621585802009,30,2,198,8656.07533384164,-1,117
1621585802139,1621585802169,30,2,107,2203.60870886642,-382,285
1621585802199,1621585802279,80,3,136,9580.65441353402,-3006,142
1621585802478,1621585802658,180,12,418,21830.1105274444,-32610,151
1621585802678,1621585802828,150,16,586,24651.8875094656,-28542,230
1621585802848,1621585802888,40,2,332,21487.1725080521,-1,190
1621585802988,1621585803008,20,0,130,-1.0,-9147,167
1621585803018,1621585803068,50,4,202,8838.44739421036,-14361,180
1621585803108,1621585803148,40,3,176,9465.45481477969,-8969,139
1621585804227,1621585804257,30,1,70,4317.1521176237,-3771,81
1621585804547,1621585804567,20,1,177,14269.2461281187,-1,349
1621585804687,1621585804797,110,3,192,1562.96383422046,-12221,306
1621585804837,1621585804857,20,0,46,3927.28199870499,-972,245
1621585805077,1621585805087,10,-1,30,1235.9055464809,-1,-1
1621585805157,1621585805167,10,-1,33,1291.86220466776,-1,-1
1621585805207,1621585805217,10,-1,33,667.291543915469,-1,-1
1621585805237,1621585805257,20,4,201,18069.2886891897,-1,130
1621585805297,1621585805377,80,9,643,41331.1126404773,-43264,342
1621585805637,1621585805686,49,10,398,29128.7742999819,-18202,159
1621585805766,1621585805926,160,33,829,35560.7377553737,-52800,41
1621585805936,1621585805996,60,2,45,2879.5378863813,-1,248
1621585806076,1621585806116,40,1,75,4064.92517751193,-3858,296
1621585806176,1621585806186,10,-1,31,2589.00373837526,-1,-1
1621585806196,1621585806206,10,-1,137,11142.2702160462,-1,-1
1621585806476,1621585806496,20,0,64,3662.57742255571,-2564,319
1621585806626,1621585806666,40,2,81,3803.07011228868,-2638,240
1621585806746,1621585806766,20,0,142,10099.7201194682,-1,102
1621585806906,1621585806966,60,7,585,19289.2526762954,-24565,289
1621585806976,1621585807046,70,1,53,1987.50113406878,-2207,199
1621585807056,1621585807066,10,-1,34,1033.55752479383,-1,-1
1621585807106,1621585807146,40,2,99,4730.90489733082,-3952,289
1621585807375,1621585807415,40,3,120,5307.28861080285,-5476,158
1621585807655,1621585807685,30,0,47,1689.66261902164,-1,94
1621585807695,1621585807915,220,6,264,19936.4270522005,-22291,108
1621585808105,1621585808125,20,3,346,17132.5267670953,-1,86
1621585808215,1621585808295,80,6,282,14.7906083086845,-11439,296
1621585808385,1621585808435,50,4,266,3068.3915824443,-8816,164
1621585808605,1621585808635,30,3,174,12975.0190618041,-505,251
1621585808755,1621585808765,10,-1,40,1572.37259975082,-1,-1
1621585809064,1621585809184,120,16,1382,78948.5063257699,-90800,132
1621585809304,1621585809384,80,6,277,10615.3882988619,-12741,334
1621585809444,1621585809574,130,26,447,20429.9730121496,-20289,116
1621585809604,1621585809614,10,-1,31,461.350750228116,-1,-1
1621585809644,1621585809704,60,2,46,1158.21869988943,-625,307
1621585809764,1621585809794,30,2,102,4835.54442643171,-3928,272
1621585809914,1621585809934,20,0,61,3215.05323760426,-1640,336
1621585809944,1621585809964,20,0,42,1748.42619444264,-1152,354
1621585809984,1621585809994,10,-1,332,31657.5980076624,-1,-1
1621585810264,1621585810334,70,4,106,-1.0,-1724,325
1621585810374,1621585810444,70,10,318,14297.0820025055,-12606,225
1621585810464,1621585810484,20,6,885,59404.5816952281,-1,33
1621585810683,1621585810733,50,5,302,3760.5564030939,-13281,167
1621585810743,1621585811153,410,16,446,18263.4790960501,-19641,242
1621585811163,1621585811233,70,3,120,6749.38969503993,-5509,160
1621585811453,1621585811483,30,1,76,3578.7533297895,-21,281
1621585811553,1621585811583,30,1,90,6278.5447635729,-5277,47
1621585811743,1621585811763,20,0,44,1875.40644235393,-4,263
1621585811903,1621585811943,40,1,62,2283.43937134872,-2762,257
1621585812043,1621585812063,20,0,114,7285.68166188354,-1,266
1621585812073,1621585812083,10,-1,123,10355.5105626556,-1,-1
1621585812203,1621585812242,39,1,60,301.118662148502,-2109,100
1621585812302,1621585812372,70,6,169,10568.3353865671,-8993,138
1621585812432,1621585812442,10,-1,71,4965.90135073547,-1,-1
1621585812612,1621585812652,40,2,97,5267.41004723121,-1,288
1621585812952,1621585813002,50,2,71,2802.27984476426,-2705,250
1621585813062,1621585813082,20,0,37,2161.4059179101,-167,131
1621585813402,1621585813502,100,5,144,7790.64060795218,-7379,12
1621585813562,1621585813612,50,4,305,11342.3276951129,-21766,242
1621585813841,1621585813971,130,0,175,11772.4241914495,-9066,305
1621585814091,1621585814161,70,0,338,19807.963550413,-23957,318
1621585814201,1621585814221,20,0,76,3219.58029340829,-1,94
1621585814321,1621585814351,30,7,891,-1.0,-50187,237
1621585814371,1621585814451,80,0,298,24144.4332882588,-13735,270
1621585814531,1621585814561,30,1,91,4360.03587680968,-3355,160
1621585814991,1621585815021,30,1,97,3864.88761033725,-1,82
1621585815141,1621585815321,180,3,222,6168.54675903978,-12048,299
1621585815490,1621585815610,120,3,264,14839.4833251448,-18749,137
1621585815750,1621585815760,10,-1,52,3767.5706795899,-1,-1
1621585815890,1621585815900,10,-1,81,-1.0,-1,-1
1621585815910,1621585815950,40,1,37,1294.7754817669,-9,268
1621585815960,1621585815970,10,-1,31,1475.18697480676,-1,-1
1621585816150,1621585816160,10,-1,30,897.295516362379,-1,-1
1621585816400,1621585816410,10,-1,48,4051.62495986145,-1,-1
1621585816540,1621585816550,10,-1,104,-1.0,-1,-1
1621585817329,1621585817649,320,22,838,35389.947956129,-47341,80
1621585817659,1621585817759,100,4,60,2311.94258094058,-1379,27
1621585817779,1621585817809,30,1,70,3867.36768456518,-3986,327
1621585817839,1621585817859,20,0,72,3571.0393660167,-1,123
1621585818029,1621585818109,80,4,149,7577.81711241795,-3802,244
1621585818309,1621585818349,40,4,157,6140.74785818374,-2871,56
1621585818449,1621585818479,30,1,78,3887.67358618359,-3866,241
1621585818649,1621585818659,10,-1,74,5643.55868933274,-1,-1
1621585818908,1621585818948,40,1,148,9094.02334191318,-145,119
1621585819058,1621585819088,30,7,684,-1.0,-34263,278
1621585819098,1621585819348,250,7,411,19735.7225567442,-33373,141
1621585819358,1621585819438,80,2,45,1909.44428985592,-744,94
1621585819478,1621585819488,10,-1,38,1347.64184006844,-1,-1
1621585819828,1621585819848,20,0,46,3625.95890756805,-219,255
1621585819878,1621585819918,40,14,1511,76165.1257158561,-260,66
1621585820028,1621585820058,30,4,193,1368.7615606252,-11042,97
1621585820068,1621585820168,100,6,111,9126.12735234884,-3517,288
1621585820178,1621585820298,120,5,91,4531.27371446433,-3458,290
1621585820308,1621585820328,20,0,67,2540.33237242688,-1,146
1621585820447,1621585820457,10,-1,100,-1.0,-1,-1
1621585820667,1621585820687,20,1,269,-1.0,-16839,232
1621585820697,1621585820727,30,3,157,8118.23052143421,-8128,243
1621585820757,1621585820797,40,2,160,9624.45534502196,-12714,47
1621585820837,1621585820907,70,3,128,9482.61948634067,-6997,268
1621585821067,1621585821127,60,0,122,9152.79548866918,-8633,355
1621585821277,1621585821347,70,4,110,7856.05299683909,-3537,6
1621585821357,1621585821367,10,-1,32,1867.94796284402,-1,-1
1621585821407,1621585821477,70,2,65,1549.9547072525,-2234,104
1621585821527,1621585821537,10,-1,33,475.900172318261,-1,-1
1621585821597,1621585821607,10,-1,49,2679.93914622742,-1,-1
1621585821737,1621585821787,50,3,97,3800.47870377961,-5106,249
1621585821837,1621585821877,40,1,63,3281.04457523901,-1476,241
1621585822026,1621585822076,50,2,108,5039.95249538076,-4413,195
1621585822456,1621585822646,190,12,1604,66412.4777482021,-121174,27
1621585822696,1621585822716,20,12,606,57790.8682536912,-1864,186
1621585822746,1621585822806,60,3,117,4993.14077042945,-4548,308
1621585823226,1621585823236,10,-1,46,2876.60781768189,-1,-1
1621585823326,1621585823366,40,23,1156,69404.5329180439,-58857,294
1621585823426,1621585823446,20,1,73,2639.78135455468,-1,157
1621585823476,1621585823526,50,2,247,17161.2123965228,-14842,298
1621585823765,1621585823785,20,0,33,2080.66041372374,-258,97
1621585823925,1621585824205,280,4,1119,100470.782165071,-75041,95
1621585824255,1621585824285,30,1,95,4419.53373479892,-4649,284
1621585824305,1621585824315,10,-1,33,2045.55715328213,-1,-1
1621585824565,1621585824575,10,-1,44,2014.62549221817,-1,-1
1621585824775,1621585824845,70,2,74,3770.68397065152,-2330,62
1621585824865,1621585825065,200,10,115,3795.77750932009,-4974,114
1621585825085,1621585825274,189,13,154,5900.86564848106,-4156,204
1621585825294,1621585825454,160,12,125,4863.44309314818,-5250,341
1621585825504,1621585825524,20,0,40,2493.99733446706,-965,84
1621585825584,1621585825954,370,4,2275,109129.93751482,-160667,240
1621585826674,1621585826684,10,-1,40,1902.87126317555,-1,-1
1621585826694,1621585826734,40,1,50,3566.60335803714,-170,122
1621585826804,1621585826824,20,0,48,2101.8852468879,-1108,97
1621585826923,1621585826943,20,0,82,-1.0,-3438,108
1621585826963,1621585826983,20,0,49,2455.96684766559,-551,120
1621585827053,1621585827093,40,4,197,10221.762603184,-12139,322
1621585827343,1621585827403,60,3,69,2809.2694460114,-2648,311
1621585827583,1621585827603,20,0,46,1890.62879468199,-1339,185
1621585827653,1621585827693,40,1,46,931.717587914575,-243,177
1621585827743,1621585827953,210,5,981,69944.4426622874,-89786,292
1621585827963,1621585827993,30,4,228,20225.4382186345,-18907,112
1621585828033,1621585828053,20,0,43,1268.40146430005,-1,310
1621585828293,1621585828343,50,5,197,12537.8983406817,-8339,336
1621585828662,1621585828672,10,-1,40,1807.59787241639,-1,-1
1621585828782,1621585828862,80,8,137,1175.40424984976,-1809,329
1621585828892,1621585828962,70,30,1044,52913.6099963673,-46100,138
1621585829382,1621585829392,10,-1,378,-1.0,-1,-1
1621585829702,1621585829922,220,16,227,7575.1883893461,-11118,322
1621585830022,1621585830471,449,18,562,15402.877025402,-22810,193
1621585830541,1621585830601,60,7,439,27533.9086391325,-21176,192
1621585830611,1621585830641,30,1,67,3583.72699275578,-2126,41
1621585830691,1621585830711,20,0,35,1181.18362154841,-458,326
1621585830781,1621585830791,10,-1,35,2276.70433075534,-1,-1
1621585830801,1621585830841,40,10,521,39261.5408940434,-10237,151
1621585831171,1621585831241,70,6,323,-1.0,-12660,311
1621585831261,1621585831331,70,2,54,1917.36928994884,-971,154
1621585831551,1621585831571,20,0,52,1745.45589846252,-1,176
1621585831661,1621585831770,109,5,300,22881.0467841611,-15190,89
1621585831890,1621585831900,10,-1,86,5855.85767770472,-1,-1
1621585831910,1621585832000,90,2,116,9713.92527913073,-8074,191
1621585832290,1621585832310,20,0,38,2076.46957658897,-198,191
1621585832320,1621585832350,30,0,46,1039.80572077881,-1051,292
1621585832360,1621585832430,70,7,1010,63289.3488289889,-654,97
1621585832520,1621585832590,70,6,661,14414.1252893977,-36834,219
1621585832680,1621585832870,190,13,345,20166.4719289716,-16958,255
1621585832880,1621585832920,40,2,74,4101.01959064162,-3893,309
1621585832930,1621585833060,130,2,108,5080.00614703186,-3018,172
1621585833070,1621585833090,20,0,53,3226.058334497,-1299,350
1621585833180,1621585833190,10,-1,30,722.520527362608,-1,-1
1621585833200,1621585833210,10,-1,32,254.9660300629,-1,-1
1621585833230,1621585833260,30,1,68,2248.26508927385,-2646,15
1621585833429,1621585833479,50,6,192,11510.047817562,-8031,137
1621585833629,1621585833649,20,0,55,2841.30022054499,-1,67
1621585833679,1621585833699,20,4,635,42069.1605355515,-1,123
1621585833899,1621585834059,160,9,227,7989.82245618698,-14479,336
1621585834069,1621585834149,80,4,120,7391.35012137805,-7080,332
1621585834269,1621585834309,40,2,140,9691.31198990641,-6190,308
1621585834469,1621585834489,20,0,40,2017.13091162747,-711,138
1621585834679,1621585834709,30,1,94,7094.84952638651,-5900,317
1621585834779,1621585834789,10,-1,38,969.382487428716,-1,-1
1621585834849,1621585834899,50,2,68,1789.72287940717,-17,142
1621585834909,1621585834919,10,-1,135,11786.9952631932,-1,-1
1621585835188,1621585835208,20,5,501,-1.0,-24682,16
1621585835218,1621585835448,230,10,480,32476.95270557,-39941,197
1621585835458,1621585835508,50,1,58,1836.87118434455,-1285,175
1621585835528,1621585835548,20,0,77,3877.40554725441,-1,131
1621585835558,1621585835568,10,-1,69,5475.59711573261,-1,-1
1621585835598,1621585835608,10,-1,30,1426.03358071313,-1,-1
1621585835698,1621585835728,30,2,104,5313.09088066991,-5131,105
1621585835938,1621585836078,140,9,83,2579.72959390975,-4567,86
1621585836108,1621585836148,40,1,54,2548.83366305098,-719,277
1621585836168,1621585836188,20,0,42,1408.75609969505,-951,258
1621585836238,1621585836258,20,0,49,2163.07203400663,-158,261
1621585836308,1621585836328,20,0,61,3883.52783612191,-1042,292
1621585836448,1621585836478,30,0,40,1579.36790343712,-475,307
1621585836677,1621585836687,10,-1,30,1265.29416125291,-1,-1
1621585836737,1621585836757,20,0,69,3655.88480121204,-1,7
1621585836837,1621585836867,30,0,66,3054.51058820225,-1,294
1621585836877,1621585836887,10,-1,52,4071.07259487316,-1,-1
1621585836897,1621585836947,50,3,130,4948.60915525608,-1364,65
1621585837087,1621585837117,30,1,55,-1.0,-616,258
1621585837237,1621585837267,30,2,111,5604.61714417568,-6482,146
1621585837377,1621585837407,30,0,65,4842.6708388443,-2509,325
1621585837437,1621585837457,20,0,73,5223.43306637238,-2511,295
1621585837667,1621585837767,100,6,1167,32879.3211257524,-103690,92
1621585837927,1621585837987,60,2,146,2771.25823019139,-4568,207
1621585837997,1621585838007,10,-1,35,634.13486735227,-1,-1
1621585838087,1621585838117,30,1,62,2771.34696858973,-2376,299
1621585838356,1621585838406,50,3,166,8434.72452379848,-7758,68
1621585838416,1621585838526,110,6,594,28131.2451255865,-16058,121
1621585838706,1621585838776,70,4,139,2926.29626212871,-6168,295
1621585838936,1621585838966,30,5,259,16016.3185038188,-11522,56
1621585839026,1621585839056,30,5,259,13738.0521313999,-14600,248
1621585839066,1621585839096,30,0,44,1307.31247534877,-1253,35
1621585839316,1621585839606,290,15,1148,99644.1374268833,-89996,270
1621585839616,1621585839776,160,12,180,12171.1202686701,-5199,92
1621585839796,1621585839955,159,6,226,12949.5382277173,-11309,138
1621585840145,1621585840225,80,13,295,15652.7610663584,-5967,40
1621585840245,1621585840355,110,0,103,6561.12191506769,-3042,197
1621585840425,1621585840435,10,-1,35,1971.4991159862,-1,-1
1621585840475,1621585840495,20,0,55,2918.44823024187,-1,238
1621585840585,1621585840675,90,3,334,23147.5421294438,-17458,191
1621585840745,1621585840825,80,3,156,9450.55964688171,-4981,237
1621585840855,1621585840925,70,4,82,3813.47548714783,-4605,211
1621585841065,1621585841145,80,11,309,15190.7431297284,-14218,35
1621585841155,1621585841185,30,2,98,6764.44644097207,-2908,304
1621585841195,1621585841235,40,3,147,5404.60022685849,-2410,92
1621585841245,1621585841265,20,1,109,8269.3474597802,-1,245
1621585841275,1621585841295,20,0,82,5530.58923219867,-5190,141
1621585841335,1621585841365,30,0,56,1421.90745499826,-1,100
1621585841465,1621585841504,39,2,135,-1.0,-5469,227
1621585841724,1621585841744,20,1,184,13115.2124058986,-1,80
1621585841884,1621585841904,20,3,607,-1.0,-34321,264
1621585842004,1621585842124,120,24,605,20004.5207170514,-28187,92
1621585842204,1621585842244,40,1,41,1386.49566586122,-1,270
1621585842264,1621585842274,10,-1,33,1878.2724879549,-1,-1
1621585842294,1621585842304,10,-1,39,1118.5344762416,-1,-1
1621585842314,1621585842334,20,0,32,1715.32437632445,-1,293
1621585842484,1621585842504,20,0,129,9305.84386454992,-1,90
1621585842594,1621585842674,80,5,197,2036.05886278781,-11927,259
1621585842684,1621585842724,40,2,110,6089.95919381907,-4869,294
1621585842734,1621585842814,80,11,434,20460.1942602359,-20922,114
1621585842874,1621585842904,30,1,67,2207.10950448591,-2150,315
1621585843034,1621585843044,10,-1,47,2534.07203984876,-1,-1
1621585844023,1621585844103,80,14,265,2987.36486107628,-12540,278
1621585844203,1621585844223,20,0,37,1385.85418701219,-1,113
1621585844233,1621585844343,110,20,1229,82670.5647581258,-93912,49
1621585844373,1621585844543,170,17,917,81026.1847115407,-73552,225
1621585848540,1621585848570,30,1,99,-1.0,-3178,272
1621585848680,1621585848690,10,-1,40,1814.69455406267,-1,-1
1621585848740,1621585848750,10,-1,41,2147.14146695271,-1,-1
1621585848760,1621585848770,10,-1,40,3145.26770506423,-1,-1
1621585848820,1621585848830,10,-1,42,2676.64154864755,-1,-1
1621585848860,1621585848890,30,1,84,3500.72431373209,-2551,97
1621585848910,1621585849080,170,14,220,10425.6164465758,-2701,136
1621585850789,1621585850809,20,0,62,3975.66491270441,-1,244
1621585851348,1621585851388,40,4,184,5615.58325910211,-9733,278
1621585851438,1621585851488,50,2,180,11100.1474494672,-11521,337
1621585851528,1621585851598,70,5,281,13457.1010908625,-17263,151
1621585851708,1621585851768,60,14,555,28160.2038763107,-33639,138
1621585851878,1621585851938,60,2,64,3180.23748891954,-1328,72
1621585852188,1621585852228,40,3,371,57.9689859444727,-21026,200
1621585853157,1621585853217,60,10,344,9038.54316193055,-16960,309
1621585853247,1621585853277,30,6,315,29310.6434126712,-25071,179
1621585853357,1621585853377,20,2,167,7527.2510486004,-1,292
1621585853427,1621585853567,140,11,1523,147571.591216192,-148285,158
1621585853737,1621585853867,130,41,1419,21788.9830901049,-94659,319
1621585853877,1621585853957,80,4,241,18333.6675837386,-8223,200
1621585853987,1621585854277,290,2,379,18423.0053230618,-25774,202
1621585854417,1621585854437,20,0,62,3284.09787173209,-1,135
1621585854467,1621585854706,239,28,1209,56899.1627730554,-63351,39
1621585854726,1621585854766,40,1,60,1579.78786565508,-1,238
1621585854776,1621585854806,30,0,36,450.854323683158,-50,157
1621585854816,1621585854826,10,-1,47,2693.84961327503,-1,-1
1621585854876,1621585854886,10,-1,41,3003.05969527877,-1,-1
1621585854896,1621585854906,10,-1,62,4766.40976003193,-1,-1
1621585855036,1621585855056,20,0,38,1683.74844530622,-1,244
1621585855216,1621585855256,40,5,326,14660.263922199,-294,92
1621585855816,1621585855846,30,0,40,14.2537270366375,-1,248
1621585856106,1621585856126,20,0,50,4243.02895925795,-18,113
1621585856215,1621585856245,30,1,52,1727.17813446851,-1020,177
1621585856325,1621585856405,80,1,516,31610.3542507723,-24527,193
1621585856445,1621585856455,10,-1,31,1647.3373488273,-1,-1
1621585856465,1621585856535,70,0,91,7569.28851905063,-3558,350
1621585856615,1621585856765,150,0,494,24571.5197870684,-27082,53
1621585856945,1621585856955,10,-1,41,2557.66679008354,-1,-1
1621585857844,1621585857874,30,1,85,-1.0,-2619,250
1621585859014,1621585859154,140,20,608,30941.2594233287,-18159,104
1621585859164,1621585859204,40,1,41,1207.66132090415,-919,284
1621585859224,1621585859234,10,-1,38,2715.63968045091,-1,-1
1621585859254,1621585859294,40,1,57,1990.50884016067,-2496,229
1621585859324,1621585859384,60,6,280,15046.456519151,-16411,115
1621585859443,1621585859453,10,-1,49,3223.49954732402,-1,-1
1621585859583,1621585859653,70,5,339,9862.26608206284,-24794,115
1621585859713,1621585859733,20,0,80,2992.61748185748,-1,5
1621585860503,1621585860543,40,9,727,-1.0,-31657,246
1621585860573,1621585860733,160,6,84,3868.2238676103,-1971,37
1621585860743,1621585860763,20,0,59,2203.04282090686,-1,124
1621585860803,1621585860813,10,-1,35,2046.68434490889,-1,-1
1621585860863,1621585860923,60,2,93,2440.36443368704,-582,72
1621585861063,1621585861072,9,-1,30,136.618984461111,-1,-1
1621585861082,1621585861302,220,31,1346,97943.7782504083,-108479,10
1621585861362,1621585861422,60,27,588,28952.932047473,-27328,188
1621585861552,1621585861582,30,3,142,6942.1433925465,-5427,208
1621585861592,1621585861602,10,-1,40,3221.52193610858,-1,-1
1621585861622,1621585861632,10,-1,91,7008.62976349473,-1,-1
1621585861772,1621585861852,80,3,594,20330.5837080813,-1,153
1621585862102,1621585862112,10,-1,30,856.342428440778,-1,-1
1621585862132,1621585862242,110,3,1234,102711.84322951,-99810,214
1621585862282,1621585862322,40,2,94,4058.84029587506,-2123,11
1621585862372,1621585862382,10,-1,31,760.585223942518,-1,-1
1621585862392,1621585862432,40,5,452,18157.6707907096,-1,46
1621585862542,1621585862572,30,3,601,8806.36834547122,-43588,76
1621585862582,1621585862731,149,8,189,16480.1737342183,-15024,217
1621585862741,1621585862751,10,-1,31,540.069339876136,-1,-1
1621585863091,1621585863111,20,1,60,3504.70611438293,-1,292
1621585863171,1621585863191,20,0,42,2979.27389199803,-1166,330
1621585863241,1621585863251,10,-1,47,2156.99858533399,-1,-1
1621585863631,1621585863661,30,1,66,3780.06280235888,-2986,301
1621585863741,1621585863751,10,-1,77,5607.2707450634,-1,-1
1621585863861,1621585863911,50,4,122,1594.72023774296,-4063,257
1621585864650,1621585864670,20,0,80,4495.77716345054,-1,85
1621585864780,1621585864860,80,6,234,13766.9117863259,-7736,265
1621585864950,1621585864960,10,-1,328,32319.1384985545,-1,-1
1621585865100,1621585865250,150,23,1604,108250.837390133,-55806,230
1621585865340,1621585865360,20,0,65,-1.0,-2530,38
1621585865380,1621585865520,140,38,1518,111948.666420991,-101792,50
1621585865530,1621585865550,20,0,53,1398.28090396748,-1,41
1621585865600,1621585865620,20,0,52,1943.4353667102,-1,94
1621585865790,1621585865840,50,33,1583,134301.480547482,-131133,232
1621585865910,1621585865940,30,2,96,5321.69744892653,-3125,283
1621585865960,1621585865989,29,1,71,3883.26884799223,-4020,94
1621585866029,1621585866079,50,6,206,6061.20837378563,-123,107
1621585866089,1621585866109,20,2,256,22932.505916914,-1,300
1621585866279,1621585866359,80,2,69,3016.10756062241,-3409,309
1621585866379,1621585866409,30,1,87,3877.13957409769,-2075,284
1621585866449,1621585866499,50,5,290,9836.47552534778,-1,276
1621585866999,1621585867049,50,1,36,0.238268397669117,0,162
1621585867209,1621585867299,90,7,271,12245.2848278441,-14128,120
1621585867539,1621585867588,49,2,68,326.314384626205,-19,48
1621585867758,1621585867888,130,6,164,10764.3207477233,-12084,206
1621585869178,1621585869198,20,1,494,40833.1125395488,-1,272
1621585871356,1621585871596,240,6,641,22309.7434460228,-29989,229
1621585871606,1621585871636,30,1,58,2529.74057010628,-2269,80
1621585871666,1621585871706,40,4,168,7885.65387779244,-8947,209
1621585871996,1621585872086,90,4,159,10947.2789559559,-6969,158
1621585872226,1621585872246,20,1,65,4335.68559274188,-657,305
1621585872326,1621585872386,60,3,85,4922.91775431731,-5000,119
1621585872436,1621585872446,10,-1,33,1541.38463540304,-1,-1
1621585872476,1621585872505,29,1,82,5141.31170032728,-2543,298
1621585872545,1621585872575,30,4,194,11139.8288286999,-9183,123
1621585872645,1621585872675,30,4,190,10416.7699136545,-8035,306
1621585872705,1621585872765,60,10,341,20090.7325696414,-14468,104
1621585872875,1621585872915,40,2,87,41.4638599039606,-1,298
1621585872925,1621585872945,20,1,184,14334.3381649151,-1,312
1621585872955,1621585872965,10,-1,109,8034.96238161367,-1,-1
1621585872975,1621585872995,20,0,47,3063.2191874345,-1739,330
1621585873095,1621585873105,10,-1,34,1663.32069262747,-1,-1
1621585873115,1621585873125,10,-1,52,3179.85025625213,-1,-1
1621585873135,1621585873145,10,-1,38,1817.69485008642,-1,-1
1621585873155,1621585873175,20,0,35,2730.55859978627,-1,286
1621585873205,1621585873245,40,2,118,6016.73374996579,-5496,161
1621585873425,1621585873495,70,2,57,2285.2080003513,-1,92
1621585873555,1621585873565,10,-1,40,1216.27525587312,-1,-1
1621585873795,1621585873855,60,7,202,10083.8647785468,-7353,259
1621585873865,1621585873885,20,0,40,2535.04028198884,-203,157
1621585873905,1621585873925,20,2,259,15222.3477999098,-1,114
1621585874055,1621585874144,89,2,407,6150.29699587453,-31729,90
1621585874154,1621585874224,70,3,79,6082.4533155017,-2912,219
1621585874284,1621585874324,40,1,43,881.674000788215,-1173,215
1621585874334,1621585874354,20,0,34,891.328694382912,-340,234
1621585874394,1621585874424,30,1,74,2847.82832993311,-2527,181
1621585874694,1621585874704,10,-1,38,1007.65611204602,-1,-1
1621585874764,1621585874784,20,1,209,15076.6460433906,-1,62
1621585874874,1621585874924,50,4,271,5429.95137164687,-9587,253
1621585875344,1621585875384,40,1,108,3579.12262939353,-5213,215
1621585875534,1621585875604,70,5,150,6927.33587386572,-5195,308
1621585875674,1621585875733,59,7,203,6272.75267363062,-157,90
1621585875933,1621585875973,40,3,117,2394.17332493351,-4306,289
1621585876033,1621585876053,20,0,39,2658.05997226678,-290,322
1621585876093,1621585876103,10,-1,45,1884.12221006447,-1,-1
1621585876193,1621585876213,20,0,64,4817.43561839996,-818,104
1621585876303,1621585876313,10,-1,38,3633.65586528059,-1,-1
1621585876323,1621585876353,30,4,383,17900.5491603623,-1,98
1621585876533,1621585876583,50,3,246,-1.0,-9649,297
1621585876793,1621585876803,10,-1,31,2339.25002196336,-1,-1
1621585877113,1621585877133,20,2,310,20232.0054413779,-1,64
1621585877253,1621585877263,10,-1,777,-1.0,-1,-1
1621585877353,1621585877392,39,0,151,10397.2786442891,-3769,288
1621585877432,1621585877442,10,-1,33,1503.32399237195,-1,-1
1621585877812,1621585877822,10,-1,32,1846.27524352987,-1,-1
1621585877882,1621585877922,40,3,126,6218.6771461855,-5159,107
1621585878012,1621585878072,60,4,100,4487.5221911278,-61,91
1621585878172,1621585878182,10,-1,228,-1.0,-1,-1
1621585878232,1621585878262,30,1,55,1712.0509801673,-1786,294
1621585878452,1621585878492,40,1,84,616.938790589143,-3349,345
1621585878542,1621585878572,30,1,96,5731.41870103732,-5782,274
1621585878632,1621585878672,40,1,67,2254.99791099067,-2725,312
1621585878682,1621585878712,30,1,84,4637.1948735593,-4103,282
1621585878762,1621585878792,30,1,68,3889.59470720406,-3423,158
1621585878882,1621585878902,20,0,57,4080.47338137399,-799,97
1621585878912,1621585879021,109,17,486,23811.5392898921,-28960,133
1621585879221,1621585879251,30,1,111,-1.0,-3824,294
1621585879341,1621585879411,70,1,216,11045.8576577195,-18055,142
1621585879541,1621585879551,10,-1,138,-1.0,-1,-1
1621585879561,1621585879581,20,0,79,5772.09554272236,-3936,290
1621585879701,1621585879711,10,-1,45,2288.89231026768,-1,-1
1621585880211,1621585880231,20,1,78,6100.31701145309,-1,289
1621585880241,1621585880261,20,5,580,29501.4627816916,-1,84
1621585880351,1621585880431,80,7,226,-1.0,-8147,265
1621585880660,1621585880670,10,-1,38,3038.38072951698,-1,-1
1621585881030,1621585881040,10,-1,51,4251.18611755971,-1,-1
1621585881050,1621585881060,10,-1,57,5063.92437685965,-1,-1
1621585881210,1621585881330,120,2,102,7471.04992841705,-5994,235
1621585881340,1621585881350,10,-1,31,476.51495725868,-1,-1
1621585881540,1621585881550,10,-1,468,45243.3905572193,-1,-1
1621585881660,1621585881720,60,6,347,-1.0,-13228,263
1621585881730,1621585881750,20,0,74,3617.52719491876,-1,98
1621585881810,1621585881830,20,0,34,1398.50159462614,-7,64
1621585882409,1621585882429,20,0,143,10391.7782469896,-1,104
1621585882589,1621585882619,30,4,207,579.111649701935,-12836,274
1621585882629,1621585882649,20,0,62,4509.46753480185,-2512,263
1621585882929,1621585882939,10,-1,36,1903.68223533605,-1,-1
1621585883199,1621585883209,10,-1,32,1246.51831135963,-1,-1
1621585883429,1621585883479,50,1,35,1001.21513687741,-290,289
1621585883649,1621585883689,40,2,70,509.238774320315,-1839,275
1621585883709,1621585883749,40,1,44,1184.00099608066,-1198,258
1621585883789,1621585883799,10,-1,30,1187.60559462848,-1,-1
1621585883809,1621585883829,20,0,37,3173.57292804244,-699,212
1621585883958,1621585883968,10,-1,32,2083.99442962432,-1,-1
1621585884208,1621585884238,30,15,1137,-1.0,-47791,198
1621585884388,1621585884488,100,7,131,5477.75228981615,-5186,263
1621585884498,1621585884528,30,1,85,3803.80599988674,-4564,298
1621585884558,1621585884568,10,-1,31,370.681851096235,-1,-1
1621585884628,1621585884678,50,2,60,1372.17625250774,-11,284
1621585884698,1621585884708,10,-1,36,905.203168864213,-1,-1
1621585884718,1621585884788,70,4,123,4784.02079459761,-3299,281
1621585884978,1621585885128,150,19,1521,101752.088955249,-68021,58
1621585885198,1621585885218,20,4,211,18680.7823629916,-1,69
1621585885228,1621585885248,20,20,1013,97570.8265869964,-1,249
1621585885298,1621585885318,20,4,228,22385.0698593849,-156,80
1621585885508,1621585885537,29,3,160,10698.8494339375,-7062,254
1621585885557,1621585885577,20,4,213,20783.3101977757,-835,78
1621585885587,1621585885677,90,10,2313,215993.243398228,-159982,233
1621585885727,1621585885737,10,-1,43,2624.48239694546,-1,-1
1621585885767,1621585885817,50,1,260,11691.2111425071,-8838,123
1621585885827,1621585885877,50,4,1482,142734.054208963,-115014,318
1621585885917,1621585885937,20,0,41,2389.74994820927,-997,318
1621585885947,1621585885967,20,21,1064,104348.995976633,-1080,67
1621585885987,1621585886087,100,21,890,88399.1581744702,-74448,233
1621585886097,1621585886117,20,0,248,16009.3391581354,-1,107
1621585886257,1621585886287,30,3,383,-1.0,-23485,299
1621585886437,1621585886477,40,7,340,-1.0,-12170,302
1621585886547,1621585886577,30,7,342,17996.0059280228,-16358,138
1621585886587,1621585886657,70,3,396,19420.3867481461,-21308,307
1621585886667,1621585886687,20,0,40,625.420082012445,-1,75
1621585886727,1621585886777,50,1,261,20169.112672453,-17734,118
1621585886807,1621585886827,20,2,267,12994.9281693495,-1,316
1621585886837,1621585886857,20,2,272,24349.9314105693,-12864,124
1621585886907,1621585886947,40,0,263,15971.6291971879,-1,271
1621585886957,1621585886967,10,-1,282,26098.5182544223,-1,-1
1621585886977,1621585887027,50,1,311,29665.7363824765,-26590,245
1621585887047,1621585887107,60,1,236,20046.6761956456,-13372,8
1621585887117,1621585887256,139,1,266,16916.6367578085,-16927,231
1621585887456,1621585887546,90,5,1011,96546.8947319052,-66236,40
1621585887746,1621585887836,90,24,1227,67232.7891190347,-107531,242
1621585887846,1621585887916,70,1,715,71083.6595850197,-67451,96
1621585887926,1621585887936,10,-1,263,25363.1386315979,-1,-1
1621585888006,1621585888026,20,2,158,14116.9206136086,-6377,117
1621585888036,1621585888076,40,2,111,7538.93536675469,-6852,321
1621585888086,1621585888106,20,1,114,10542.4691943091,-4970,258
1621585888286,1621585888306,20,1,75,5594.18160741056,-3857,270
1621585888426,1621585888436,10,-1,35,2116.49085903053,-1,-1
1621585888446,1621585888476,30,1,161,9752.75854671168,-2612,100
1621585888606,1621585888626,20,1,207,-1.0,-12989,111
1621585888636,1621585888666,30,3,145,8694.62729070395,-10066,303
1621585888845,1621585888865,20,0,47,2437.1686249545,-861,85
1621585888895,1621585888935,40,1,363,28487.172572027,-1,96
1621585888945,1621585888955,10,-1,425,40740.3489125259,-1,-1
1621585888965,1621585888985,20,2,256,23521.4344208328,-15697,149
1621585888995,1621585889035,40,3,196,9135.72116343534,-13096,312
1621585889155,1621585889185,30,2,115,6092.3536909193,-5028,129
1621585889215,1621585889285,70,3,119,7259.48698556374,-6258,294
1621585889345,1621585889425,80,21,1069,56155.9356021694,-68539,60
1621585889675,1621585889715,40,4,1003,-1.0,-75863,236
1621585890065,1621585890105,40,2,98,5948.08736542006,-3852,248
1621585890135,1621585890145,10,-1,82,6390.28316851879,-1,-1
1621585890155,1621585890295,140,10,1202,92160.8568951425,-94610,240
1621585890385,1621585890404,19,10,568,55735.6798088871,-457,67
1621585890414,1621585890424,10,-1,44,3926.73268741844,-1,-1
1621585890434,1621585890494,60,3,80,5747.32525097154,-1358,70
1621585890624,1621585890674,50,21,520,3099.68354256392,-19157,223
1621585890954,1621585890974,20,6,550,31509.1046098698,-1,38
1621585890984,1621585891274,290,12,530,40708.4773188872,-26574,29
1621585891294,1621585891384,90,8,357,21345.5479848709,-20289,219
1621585891404,1621585891444,40,10,410,35086.3698674083,-30019,48
1621585891464,1621585891534,70,0,443,42848.3619022144,-21967,142
1621585891544,1621585891604,60,10,366,29341.4171771931,-26454,222
1621585891644,1621585891674,30,6,407,39796.3205750895,-12059,56
1621585891824,1621585892113,289,13,817,46192.7357838394,-45227,199
1621585892363,1621585892573,210,20,696,22151.5646831772,-48554,200
1621585892603,1621585892613,10,-1,33,2081.77300734284,-1,-1
1621585892653,1621585892733,80,2,102,5622.67784934557,-6181,155
1621585892783,1621585892803,20,1,105,5850.13368757844,-1,53
1621585892813,1621585893063,250,11,2125,139986.427734898,-146788,351
1621585893073,1621585893083,10,-1,63,5684.60094168782,-1,-1
1621585893093,1621585893113,20,0,41,1458.51098327052,-10,305
1621585893123,1621585893263,140,7,276,18417.9649489182,-20075,289
1621585893273,1621585893293,20,0,140,12180.108062018,-8708,306
1621585893303,1621585893343,40,1,47,3725.25766720176,-1,160
1621585893782,1621585893842,60,2,49,34.8732694970849,-1,92
1621585894052,1621585894072,20,1,94,-1.0,-3091,131
1621585894102,1621585894182,80,12,370,19540.5487202218,-6125,2
1621585894322,1621585894482,160,10,669,11946.9529176491,-22099,117
1621585894492,1621585894542,50,2,116,6263.32885681537,-5882,124
1621585894772,1621585894862,90,3,426,38546.3875294668,-38415,276
1621585894972,1621585895202,230,2,346,17780.9543080248,-13277,197
1621585895242,1621585895311,69,2,148,10588.7614147515,-9493,126
1621585895331,1621585895341,10,-1,32,1986.37757908253,-1,-1
1621585895351,1621585895361,10,-1,34,1133.02756281406,-1,-1
1621585895411,1621585895421,10,-1,34,1737.27177612333,-1,-1
1621585895451,1621585895461,10,-1,53,3059.74393669193,-1,-1
1621585895491,1621585895501,10,-1,34,1573.27922713299,-1,-1
1621585895861,1621585895941,80,5,111,2819.82887686614,-4210,266
1621585895961,1621585895971,10,-1,32,1100.67497034192,-1,-1
1621585896011,1621585896031,20,0,30,915.95179204669,-1,308
1621585896171,1621585896181,10,-1,35,1292.90848163493,-1,-1
1621585896571,1621585896651,80,0,130,6486.76340206942,-4071,62
1621585896811,1621585896871,60,5,459,30857.7643900865,-30268,273
1621585896970,1621585896990,20,7,674,9144.37004679114,-1,217
1621585897080,1621585897250,170,13,320,17669.0911677246,-27892,27
1621585897290,1621585897340,50,8,345,24296.2387140319,-25035,226
1621585898210,1621585898420,210,10,597,19197.513292257,-43271,122
1621585898480,1621585898520,40,2,106,4519.93173324,-5928,203
1621585898709,1621585898789,80,1,213,11800.4742846896,-15180,9
1621585898909,1621585898939,30,4,423,-1.0,-20719,256
1621585898949,1621585898979,30,2,104,6218.47641261386,-3797,30
1621585898999,1621585899049,50,2,48,1452.52159649307,-21,268
1621585899059,1621585899139,80,15,442,21069.2509856949,-19294,170
1621585899189,1621585899199,10,-1,48,2511.61933361498,-1,-1
1621585899279,1621585899399,120,2,477,27681.6109677353,-39443,131
1621585899489,1621585899539,50,0,289,23453.9712746546,-22733,90
1621585899549,1621585899649,100,18,359,18923.2289981606,-21358,315
1621585899659,1621585899719,60,0,158,12088.5527039393,-10997,123
1621585899729,1621585899799,70,4,215,14836.6932798695,-11954,243
1621585899809,1621585899819,10,-1,33,1748.38429687907,-1,-1
1621585899899,1621585899919,20,1,55,2585.04167840629,-1,12
1621585899979,1621585900009,30,1,67,3724.32818239542,-2384,327
1621585900039,1621585900079,40,1,41,1081.8963984518,-8,332
1621585901598,1621585901648,50,14,396,10148.0474198098,-13100,343
1621585901668,1621585901718,50,9,239,18610.6452148593,-7762,152
1621585901728,1621585901798,70,5,246,22339.1545191505,-13263,272
1621585901887,1621585901957,70,2,49,899.585242886165,-276,282
1621585902037,1621585902187,150,43,576,22852.0682515302,-21774,178
1621585902297,1621585902307,10,-1,79,-1.0,-1,-1
1621585902317,1621585902387,70,12,319,15426.0205922863,-415,4
1621585902397,1621585902427,30,2,141,12639.8428327823,-3320,95
1621585902447,1621585902507,60,7,258,20125.0388716384,-17893,310
1621585904506,1621585904556,50,4,416,20796.8079399856,-25494,85
1621585904566,1621585904666,100,3,327,30389.3020475879,-24566,65
1621585904676,1621585904706,30,18,874,84636.5566982697,-84388,321
1621585904796,1621585904986,190,15,1184,116098.917067719,-68269,158
1621585905055,1621585905255,200,25,891,50310.0942105612,-68940,64
1621585905275,1621585905335,60,1,144,5930.21515298968,-6622,353
1621585905445,1621585905575,130,0,667,24017.034566146,-58168,210
1621585905585,1621585905595,10,-1,315,30686.294607932,-1,-1
1621585905605,1621585905625,20,3,337,31145.2719247683,-17089,106
1621585905635,1621585905675,40,4,331,13994.3387315853,-1,288
1621585905685,1621585905705,20,3,315,30448.3766533626,-15695,106
1621585905955,1621585905975,20,1,77,3875.47015215956,-1,7
1621585905985,1621585905995,10,-1,34,2596.31762530817,-1,-1
1621585906015,1621585906035,20,1,73,4549.10669457596,-1,199
1621585906095,1621585906135,40,2,181,9143.3913148151,-763,248
1621585906145,1621585906155,10,-1,202,18375.6087069346,-1,-1
1621585906165,1621585906295,130,3,294,22613.4814735733,-23767,95
1621585906305,1621585906315,10,-1,81,7124.64126144885,-1,-1
1621585906325,1621585906395,70,2,368,23423.3977493924,-25456,164
1621585906405,1621585906415,10,-1,345,31695.0441412221,-1,-1
1621585906425,1621585906445,20,3,317,29873.7657099931,-17418,322
1621585906515,1621585906565,50,1,240,16715.1137956197,-18170,197
1621585906575,1621585906625,50,1,65,2834.5951210163,-3305,35
1621585906635,1621585906655,20,1,187,12751.7440417696,-1,114
1621585906665,1621585906724,59,2,269,20649.4138004887,-19466,358
1621585906854,1621585906994,140,14,1282,83576.2086654975,-115040,64
1621585907004,1621585907274,270,19,1068,100204.076865316,-84435,218
1621585907314,1621585907404,90,26,1113,110518.396322779,-91496,32
1621585907544,1621585907724,180,14,655,35241.2092803226,-40578,239
1621585907774,1621585907794,20,18,990,94088.527902551,-1,248
1621585907804,1621585907844,40,0,68,3483.54533360801,-1958,278
1621585907924,1621585907974,50,0,125,8082.6838967023,-1952,86
1621585908084,1621585908154,70,3,360,17320.8808483191,-24205,152
1621585908164,1621585908234,70,2,291,26067.9193218097,-22589,166
1621585908244,1621585908433,189,4,519,40136.4490209381,-27032,273
1621585908443,1621585908453,10,-1,417,38931.9256547096,-1,-1
1621585908463,1621585908473,10,-1,409,38004.4131233059,-1,-1
1621585908483,1621585908493,10,-1,411,39457.5505258303,-1,-1
1621585908503,1621585908513,10,-1,401,38067.7893143382,-1,-1
1621585908523,1621585908573,50,0,415,39016.1492610508,-26746,333
1621585908583,1621585908593,10,-1,283,26938.2506435387,-1,-1
1621585908603,1621585908613,10,-1,429,40262.1476529748,-1,-1
1621585908623,1621585908653,30,3,511,48522.9448883339,-35065,327
1621585908663,1621585908713,50,2,101,5678.75156330031,-7030,317
1621585908743,1621585908773,30,1,110,9074.28607046765,-2145,156
1621585908863,1621585908903,40,1,70,3593.9901011662,-968,120
1621585908923,1621585908933,10,-1,59,2967.45931951822,-1,-1
1621585909033,1621585909053,20,1,135,10070.3413304877,-1,130
1621585909063,1621585909193,130,4,197,18272.0170877256,-13357,156
1621585909243,1621585909313,70,1,368,19499.5099911318,-128,291
1621585909323,1621585909343,20,1,230,22487.9518874299,-14406,300
1621585909383,1621585909413,30,0,46,2167.7886747642,-1108,1
1621585909443,1621585909513,70,1,169,8999.88226004544,-8668,131
1621585909593,1621585909623,30,1,75,3118.47120511781,-2583,79
1621585909633,1621585909683,50,1,128,7850.18003603091,-5328,287
1621585909843,1621585909923,80,5,709,55860.3401058665,-54945,36
1621585909952,1621585910062,109,5,537,35496.9411475543,-20302,210
1621585910152,1621585910202,50,1,131,-1.0,-4408,133
1621585910222,1621585910282,60,1,275,7962.3093590242,-1,19
1621585910292,1621585910362,70,3,77,3372.99696041068,-2052,138
1621585910372,1621585910392,20,0,40,3074.56157977529,-3,318
1621585910492,1621585910502,10,-1,53,3107.52261166201,-1,-1
1621585910542,1621585910572,30,35,1663,163129.554804318,-7558,1
1621585910582,1621585910712,130,33,1332,115978.68169057,-126984,180
1621585910722,1621585910752,30,1,112,8680.44795259339,-6394,336
1621585910802,1621585910922,120,24,726,32949.4606870323,-26525,61
1621585910942,1621585910962,20,0,43,902.720551245845,-1,160
1621585911092,1621585911152,60,20,1745,86124.7800651913,-169660,237
1621585911162,1621585911192,30,3,178,10073.7160828892,-6287,315
1621585911272,1621585911282,10,-1,32,772.395195283494,-1,-1
1621585911292,1621585911342,50,5,338,16354.4905770267,-21504,45
1621585911352,1621585911432,80,1,172,10666.0398314743,-11529,315
1621585911452,1621585911492,40,2,108,6134.06098275859,-5133,246
1621585911591,1621585911601,9,-1,30,1181.07122995564,-1,-1
1621585911831,1621585911861,30,2,125,8567.95223849055,-1,286
1621585911921,1621585911931,10,-1,35,1237.59375835015,-1,-1
1621585911941,1621585911961,20,0,63,2693.92235896514,-1,250
1621585912021,1621585912131,110,2,405,33470.541760989,-29780,145
1621585912191,1621585912211,20,1,60,3877.74980637497,-1,262
1621585912291,1621585912311,20,3,202,18335.4350673245,-1,41
1621585912321,1621585912331,10,-1,31,1343.87411682098,-1,-1
1621585912501,1621585912541,40,2,460,24202.4557384755,-14805,180
1621585912661,1621585912711,50,0,60,948.248317214475,-2505,111
1621585913001,1621585913021,20,1,161,10069.1668157422,-1,98
1621585913440,1621585913470,30,1,131,-1.0,-3926,74
1621585914140,1621585914370,230,5,501,41818.8485507819,-24317,52
1621585914380,1621585914400,20,9,451,42433.4580413006,-1,247
1621585914420,1621585914480,60,5,238,12344.7004599758,-8908,175
1621585914740,1621585914760,20,0,215,16608.7569190421,-1,112
1621585915039,1621585915089,50,2,103,6665.20435909201,-613,65
1621585915169,1621585915219,50,5,178,5635.88125155158,-7735,66
1621585916389,1621585916488,99,11,1116,67817.5627326718,-67992,267
1621585916768,1621585916888,120,9,132,4424.05465615178,-8308,258
1621585916948,1621585917018,70,2,231,19505.285116982,-1,100
1621585917898,1621585917928,30,22,1144,58792.7189145412,-36007,242
1621585918048,1621585918097,49,6,231,19218.8315129036,-10624,138
1621585918417,1621585918457,40,2,98,5531.06014631495,-4461,71
1621585918997,1621585919017,20,0,73,-1.0,-2300,42
1621585919077,1621585919117,40,4,167,9905.62701976483,-5785,261
1621585919127,1621585919157,30,1,80,7030.93745856994,-4397,88
1621585919207,1621585919287,80,19,1274,100789.519397723,-93781,54
1621585919427,1621585919477,50,21,834,79155.8971770187,-60758,233
1621585919487,1621585919567,80,2,1432,142183.701982854,-102639,88
1621585920156,1621585920186,30,1,78,2735.07539594658,-580,279
1621585920196,1621585920276,80,6,1268,104585.98291276,-98425,253
1621585920646,1621585920676,30,1,80,5405.35939491659,-4206,129
1621585920906,1621585920936,30,1,80,5234.2590543095,-3459,129
1621585921006,1621585921026,20,0,48,3078.65671857529,-761,304
1621585921196,1621585921296,100,6,1361,92187.312715686,-73441,347
1621585921196,1621585921296,100,6,1361,92187.312715686,-73441,347
1621585921655,1621585921705,50,1,48,1259.42575326022,-926,168
1621585921745,1621585921825,80,2,1465,133827.729268494,-83540,197
1621585921945,1621585921995,50,21,1280,97439.5383633606,-102467,55
1621585922115,1621585922125,10,-1,31,1427.86738227868,-1,-1
1621585922145,1621585922185,40,20,832,77598.3384386109,-64641,235
1621585922195,1621585922255,60,5,151,4238.1707426269,-5551,331
1621585923774,1621585923814,40,2,171,-1.0,-5651,199
1621585923844,1621585923904,60,4,155,8156.46243800531,-6288,34
1621585923984,1621585924054,70,10,166,7938.81915867276,-268,85
1621585924144,1621585924214,70,9,318,13586.4767743093,-13168,247
1621585926372,1621585926432,60,3,79,19.7800961069532,-1827,281
1621585926502,1621585926562,60,4,110,5087.40130141291,-5357,251
1621585926642,1621585926682,40,1,44,1950.87012082533,-1058,265
1621585927272,1621585927292,20,0,52,-1.0,-1387,63
1621585927382,1621585927412,30,1,73,5028.91100858772,-4069,198
1621585927482,1621585927502,20,1,110,8579.29488729151,-897,262
1621585927712,1621585927742,30,2,107,7094.86897677048,-4506,278
1621585928531,1621585928551,20,0,60,-1.0,-2112,68
1621585929790,1621585929800,10,-1,61,-1.0,-1,-1
1621585929910,1621585929930,20,0,68,-1.0,-2302,34
1621585931119,1621585931189,69,6,214,17606.5493733219,-3276,259
1621585931199,1621585931289,90,3,85,2815.473529276,-10,83
1621585931389,1621585931499,110,6,100,675.831700775537,-3262,295
1621585931509,1621585931529,20,0,216,15279.0901890094,-1,96
1621585932439,1621585932449,10,-1,38,-1.0,-1,-1
1621585933018,1621585933238,220,9,394,14762.3298093616,-17131,211
1621585933318,1621585933348,30,5,437,19302.0989123906,-1,31
1621585933528,1621585933558,30,4,386,-1.0,-15482,346
1621585933568,1621585933668,100,7,183,7779.01557521651,-6834,212
1621585933678,1621585933728,50,2,91,4743.82256529547,-4390,194
1621585933768,1621585933778,10,-1,31,1127.49321015979,-1,-1
1621585933798,1621585933828,30,0,50,2378.36164301464,-1836,151
1621585933838,1621585933878,40,1,76,2851.24853059661,-1,227
1621585934018,1621585934188,170,7,128,9996.35508085636,-7005,78
1621585934198,1621585934208,10,-1,40,2406.84025528378,-1,-1
1621585934238,1621585934278,40,2,77,2807.14648950419,-3725,110
1621585934657,1621585934687,30,0,52,-1.0,-1567,61
1621585934907,1621585935057,150,13,1915,127707.505559054,-102139,244
1621585935147,1621585935197,50,5,420,24391.5472851534,-26282,39
1621585935217,1621585935227,10,-1,64,3593.63156122865,-1,-1
1621585935377,1621585935387,10,-1,48,-1.0,-1,-1
1621585935407,1621585935427,20,0,45,2866.28571033877,-1,51
1621585935437,1621585935447,10,-1,50,2830.86117063627,-1,-1
1621585935557,1621585935607,50,0,284,16840.9487675279,-19315,11
1621585935667,1621585935727,60,3,189,11461.4539533241,-13138,296
1621585935737,1621585935747,10,-1,128,12490.5729895775,-1,-1
1621585935757,1621585935767,10,-1,98,7758.0001515157,-1,-1
1621585935777,1621585935817,40,3,214,14788.1082726839,-14977,113
1621585935957,1621585936016,59,23,932,6344.62084184813,-39387,245
1621585936166,1621585936216,50,1,196,14506.9063601836,-5436,282
1621585936276,1621585936296,20,0,42,1760.21224402023,-553,106
1621585936406,1621585936466,60,1,214,15218.79837115,-9536,292
1621585936476,1621585936496,20,1,116,9737.51776956727,-2697,244
1621585936596,1621585936606,10,-1,62,-1.0,-1,-1
1621585936896,1621585936916,20,0,54,1954.67322659809,-1,96
1621585937026,1621585937056,30,2,117,6598.95310382892,-1899,233
1621585937116,1621585937146,30,1,96,5088.40439334991,-46,272
1621585937156,1621585937176,20,0,67,4713.77148744185,-1,110
1621585937186,1621585937196,10,-1,31,636.494782989256,-1,-1
1621585937316,1621585937326,10,-1,57,3951.30104341187,-1,-1
1621585937506,1621585937546,40,0,79,2737.45859225255,-4,61
1621585937556,1621585937566,10,-1,44,2336.44501002762,-1,-1
1621585937725,1621585937775,50,0,114,2043.71024869388,-3929,326
1621585937945,1621585938025,80,8,346,19677.0840246512,-24253,276
1621585938495,1621585938515,20,2,143,9110.74070014139,-1,130
1621585938665,1621585938725,60,20,850,11088.7126629294,-62124,249
1621585939005,1621585939015,10,-1,31,736.888476620582,-1,-1
1621585939095,1621585939125,30,1,73,3542.98599745847,-1,115
1621585939135,1621585939155,20,1,95,8624.64012256877,-4435,285
1621585939175,1621585939215,40,4,294,28862.9691606768,-15086,113
1621585939374,1621585939414,40,4,150,1186.26092035747,-443,254
1621585939704,1621585939784,80,1,122,7388.86447750726,-5334,121
1621585939794,1621585939804,10,-1,30,1594.28741941014,-1,-1
1621585940184,1621585940244,60,15,1152,19426.7785354624,-102755,243
1621585940354,1621585940394,40,2,214,9265.7924519065,-983,255
1621585940404,1621585940564,160,14,350,33152.023158842,-20388,35
1621585940584,1621585940804,220,16,451,21725.2104458018,-30420,232
1621585940814,1621585940844,30,1,95,6608.35710712455,-4797,252
1621585940854,1621585940873,19,0,67,3977.57762632662,-79,107
1621585940923,1621585940973,50,1,211,17192.0190119184,-5367,162
1621585941253,1621585941263,10,-1,53,3319.47053726078,-1,-1
1621585941403,1621585941443,40,1,117,2927.29566934025,-6939,276
1621585941453,1621585941513,60,0,94,4268.21902465594,-711,139
1621585941633,1621585941643,10,-1,30,940.198908844483,-1,-1
1621585941703,1621585941723,20,0,48,2224.98569002834,-183,282
1621585942013,1621585942033,20,0,126,-1.0,-9442,30
1621585942173,1621585942243,70,12,1182,65801.5448049567,-110825,253
1621585942253,1621585942273,20,0,56,4714.38330891503,-2427,90
1621585942323,1621585942333,10,-1,41,1484.05427921046,-1,-1
1621585942373,1621585942383,10,-1,31,618.819585857281,-1,-1
1621585942652,1621585942662,10,-1,48,3831.36645619059,-1,-1
1621585942672,1621585942712,40,0,189,16679.8398720222,-5957,274
1621585942732,1621585942752,20,1,89,8103.42875869816,-982,280
1621585942772,1621585942822,50,1,61,4643.30768322278,-2814,67
1621585942832,1621585942972,140,7,493,27627.5350813978,-12591,74
1621585943162,1621585943242,80,4,71,847.932882652772,-2150,71
1621585943252,1621585943282,30,1,52,1213.55686709033,-1775,95
1621585943372,1621585943442,70,2,264,13968.0761745083,-14334,293
1621585943452,1621585943492,40,6,220,8628.45689788312,-3816,254
1621585943542,1621585943562,20,1,269,19764.4860351239,-1,93
1621585943672,1621585943762,90,10,336,17385.7353654909,-20065,276
1621585944541,1621585944551,10,-1,390,-1.0,-1,-1
1621585944651,1621585944741,90,5,171,12002.6202760106,-7643,48
1621585945121,1621585945181,60,5,157,6046.07569332916,-8088,257
1621585945191,1621585945201,10,-1,36,1036.53356546816,-1,-1
1621585945401,1621585945531,130,6,1281,123914.250722661,-101629,310
1621585945571,1621585945601,30,5,286,14654.7834637587,-14516,117
1621585945611,1621585945701,90,3,147,9566.92721091027,-2335,215
1621585945880,1621585945930,50,5,287,9502.66146439996,-13051,245
1621585946140,1621585946360,220,7,511,40138.9854193124,-39492,3
1621585946370,1621585946420,50,4,169,7586.93089917978,-7142,143
1621585946430,1621585946470,40,1,212,8937.45320799351,-1,180
1621585946480,1621585946570,90,6,93,7348.12016334756,-2278,116
1621585946580,1621585946630,50,3,114,4696.32389251251,-683,263
1621585946770,1621585946910,140,15,830,28856.8482904335,-51945,323
1621585946930,1621585947080,150,19,1390,89355.5465063478,-83158,249
1621585947090,1621585947130,40,0,177,17439.868086338,-14354,319
1621585947160,1621585947240,80,4,119,8808.48058761505,-3859,277
1621585947250,1621585947260,10,-1,83,7175.53223391629,-1,-1
1621585947360,1621585947389,29,3,151,9996.80847157745,-5441,128
1621585947439,1621585947589,150,9,615,47574.8357817305,-13721,73
1621585947819,1621585947829,10,-1,218,-1.0,-1,-1
1621585947839,1621585947859,20,1,90,7453.40193460754,-5273,303
1621585947949,1621585947969,20,0,47,1351.89886128488,-1,143
1621585948199,1621585948309,110,6,1266,83457.4680928467,-61711,277
1621585948549,1621585948559,10,-1,41,2342.70420876423,-1,-1
1621585948609,1621585948629,20,0,43,2112.27079065571,-1,106
1621585948859,1621585948909,50,5,501,16664.3373506086,-42807,263
1621585948949,1621585948979,30,22,1108,109155.011587988,-106728,243
1621585948989,1621585949038,49,2,240,16350.1831971817,-12573,295
1621585949188,1621585949228,40,2,72,3205.40813187859,-3374,44
1621585949248,1621585949298,50,3,78,3259.48400114679,-1,38
1621585949308,1621585949318,10,-1,58,3588.25856269486,-1,-1
1621585949398,1621585949418,20,4,234,20548.4846500014,-1277,65
1621585949518,1621585949658,140,2,204,13002.3852553828,-16727,28
1621585949728,1621585949748,20,1,154,11071.2095339166,-1,240
1621585949758,1621585949778,20,1,144,13023.9559395176,-8285,58
1621585949868,1621585949908,40,2,206,13543.4950451366,-9660,305
1621585949978,1621585950028,50,2,242,16362.9890449734,-9299,305
1621585950168,1621585950198,30,3,1142,-1.0,-95891,236
1621585950268,1621585950278,10,-1,34,646.37284901743,-1,-1
1621585951107,1621585951117,10,-1,56,3757.66063110758,-1,-1
1621585951247,1621585951267,20,0,51,3033.72248067925,-934,98
1621585951677,1621585951727,50,1,77,1591.82149995344,-3940,98
1621585951837,1621585951847,10,-1,30,1099.84927887174,-1,-1
1621585951917,1621585951937,20,0,30,914.598596395531,-1,270
1621585952217,1621585952266,49,4,151,7767.20237300968,-8679,279
1621585952406,1621585952416,10,-1,38,977.224021046586,-1,-1
1621585952576,1621585952656,80,0,403,19039.9308210159,-28598,262
1621585952706,1621585952736,30,2,111,6591.97773518207,-7486,166
1621585952806,1621585952816,10,-1,46,3607.03661955575,-1,-1
1621585952826,1621585952856,30,3,215,20215.2629538497,-7806,114
1621585952976,1621585952986,10,-1,96,-1.0,-1,-1
1621585953006,1621585953046,40,1,55,2247.99308520496,-1150,79
1621585953056,1621585953076,20,0,30,52.5073330518119,-1,74
1621585953536,1621585953566,30,1,126,9247.6834159601,-4467,228
1621585953686,1621585953726,40,0,156,2882.88632683853,-6109,261
1621585954125,1621585954135,10,-1,35,882.12755711677,-1,-1
1621585954165,1621585954235,70,2,224,13010.2655999602,-48,321
1621585954385,1621585954415,30,3,148,11083.4872705528,-7711,329
1621585954785,1621585954815,30,1,69,2653.7075636986,-2587,141
1621585954945,1621585954975,30,2,250,23199.9892744757,-15286,95
1621585955135,1621585955155,20,0,30,32.8242805003477,-1,116
1621585955375,1621585955475,100,20,1012,17396.9867105944,-66389,242
1621585955664,1621585955684,20,0,46,2681.20066813901,-535,221
1621585956494,1621585956554,60,4,154,10113.9796426387,-6940,110
1621585956674,1621585956694,20,2,318,-1.0,-16984,301
1621585956814,1621585956884,70,8,192,9594.46271445239,-5469,305
1621585956924,1621585956944,20,1,68,2116.86074300324,-1,128
1621585956964,1621585956984,20,0,45,3416.55366617009,-901,162
1621585957313,1621585957363,50,2,60,2192.5790824073,-1542,307
1621585957463,1621585957493,30,4,226,21949.9848249459,-16792,113
1621585957663,1621585957723,60,4,259,21127.4902795147,-13215,308
1621585957953,1621585957963,10,-1,90,-1.0,-1,-1
1621585958163,1621585958303,140,11,168,5518.69488387141,-9022,285
1621585958313,1621585958363,50,5,213,14260.837197836,-11342,89
1621585958373,1621585958413,40,1,51,1440.85316291202,-6,132
1621585958423,1621585958433,10,-1,50,4771.66982660091,-1,-1
1621585958493,1621585958593,100,14,193,8146.20648179873,-11048,93
1621585958603,1621585958633,30,1,65,3350.26053140982,-2884,254
1621585958713,1621585958782,69,18,415,22086.8725493747,-13374,282
1621585958812,1621585958892,80,4,129,5421.82193305309,-4456,99
1621585958902,1621585958912,10,-1,42,2155.37801377067,-1,-1
1621585958922,1621585958932,10,-1,71,5577.8391919327,-1,-1
1621585959022,1621585959192,170,19,367,19301.4019998897,-23341,296
1621585959372,1621585959382,10,-1,33,1280.75601972796,-1,-1
1621585959452,1621585959572,120,7,121,7259.19413571334,-7781,276
1621585959662,1621585959782,120,25,1058,69271.5488744029,-1596,22
1621585959872,1621585959972,100,4,478,29272.5820371415,-41687,212
1621585960072,1621585960082,10,-1,31,1591.74860799964,-1,-1
1621585960471,1621585960821,350,5,800,66039.5716832317,-29797,292
1621585960891,1621585960911,20,0,41,1621.10373465531,-939,260
1621585961081,1621585961121,40,1,66,2539.35404582738,-2834,258
1621585961291,1621585961321,30,1,149,4539.76890665746,-7057,246
1621585961341,1621585961361,20,0,51,3201.20808103637,-1574,37
1621585961401,1621585961421,20,0,45,3009.271465133,-1053,239
1621585961441,1621585961461,20,0,140,10130.9283028457,-1,81
1621585961701,1621585961711,10,-1,61,-1.0,-1,-1
1621585962140,1621585962190,50,3,80,4164.07731393001,-2166,308
1621585962490,1621585962530,40,5,208,14058.4786993057,-12163,299
1621585962670,1621585962730,60,3,299,25743.8778846269,-17365,145
1621585962890,1621585962900,10,-1,165,-1.0,-1,-1
1621585962910,1621585962970,60,1,165,12458.7363556076,-8740,132
1621585963060,1621585963080,20,0,55,3694.89002217312,-1825,243
1621585963090,1621585963120,30,1,84,4532.51660465591,-3818,317
1621585963250,1621585963290,40,19,641,32344.4384436505,-3061,89
1621585963450,1621585963480,30,0,186,15574.3132939726,-15030,160
1621585963490,1621585963540,50,1,208,12670.2200164734,-17669,269
1621585963649,1621585963729,80,8,234,6414.72250148962,-13246,286
1621585963889,1621585964009,120,5,188,9190.13416387469,-3877,80
1621585964019,1621585964079,60,14,478,25215.1031564081,-19106,98
1621585964099,1621585964109,10,-1,67,6420.58414249663,-1,-1
1621585964119,1621585964129,10,-1,124,11666.8209891814,-1,-1
1621585964239,1621585964409,170,20,586,44350.5093230538,-23787,303
1621585964419,1621585964439,20,0,41,1202.2983196176,-1,296
1621585964449,1621585964469,20,0,59,2180.77195436726,-1,315
1621585964509,1621585964539,30,1,98,5840.10758887216,-4243,303
1621585964779,1621585964789,10,-1,50,3772.65423632028,-1,-1
1621585964799,1621585964949,150,25,424,35577.9919595959,-13075,116
1621585965039,1621585965049,10,-1,155,-1.0,-1,-1
1621585965089,1621585965169,80,2,137,6556.08074599882,-4828,306
1621585965189,1621585965209,20,0,58,3010.09807002082,-1227,300
1621585965398,1621585965458,60,9,323,19849.6866095648,-13435,83
1621585965638,1621585965648,10,-1,69,4185.4464867476,-1,-1
1621585965778,1621585965868,90,7,121,3878.95534782685,-4322,267
1621585965878,1621585965888,10,-1,35,995.653134350581,-1,-1
1621585966138,1621585966158,20,0,102,-1.0,-4993,239
1621585966178,1621585966218,40,3,101,4839.4465161402,-6526,305
1621585966258,1621585966278,20,1,69,2397.25466969539,-1,309
1621585966358,1621585966378,20,1,164,11328.6925942933,-1,129
1621585966388,1621585966438,50,4,168,13106.1006359662,-10091,274
1621585966488,1621585966578,90,25,394,13069.4335383147,-1702,37
1621585966738,1621585966788,50,4,399,-1.0,-20515,237
1621585966907,1621585966917,9,-1,48,3414.99238168665,-1,-1
1621585966957,1621585967027,70,6,108,4659.94201159216,-34,97
1621585967117,1621585967287,170,29,1148,81291.3925932705,-78619,325
1621585967307,1621585967367,60,1,247,16662.4789593777,-18841,295
1621585967387,1621585967437,50,5,222,11869.172998055,-11324,14
1621585967487,1621585967547,60,15,1211,57481.2116645328,-1,143
1621585967637,1621585967727,90,32,593,4573.24164638479,-14842,329
1621585967737,1621585967747,10,-1,65,5942.94957249331,-1,-1
1621585967757,1621585967797,40,1,90,6113.40306933437,-3935,307
1621585967867,1621585967877,10,-1,38,924.640308738098,-1,-1
1621585967967,1621585968027,60,0,244,16474.8470510532,-12004,123
1621585968037,1621585968127,90,1,179,12043.7678382832,-7757,283
1621585968287,1621585968317,30,7,499,-1.0,-22800,240
1621585968357,1621585968377,20,0,44,1560.27411573594,-1,143
1621585968906,1621585968946,40,2,113,5651.72502260936,-4759,154
1621585969006,1621585969046,40,3,102,4988.00315984208,-10,118
1621585969176,1621585969226,50,6,190,117.797375223833,-8663,195
1621585969616,1621585969636,20,1,81,-1.0,-1472,323
1621585969646,1621585969666,20,0,55,3772.82750561127,-1051,146
1621585969676,1621585969686,10,-1,40,2761.67445401222,-1,-1
1621585969766,1621585969776,10,-1,37,2277.4400350408,-1,-1
1621585969796,1621585969916,120,6,313,16471.8995294767,-21012,282
1621585969936,1621585969966,30,2,120,9231.68059104215,-6800,67
1621585969976,1621585970016,40,1,81,7178.01864901379,-4070,171
1621585970056,1621585970076,20,1,74,4566.44290617566,-1,60
1621585970385,1621585970585,200,11,562,26196.2621473386,-32642,85
1621585970595,1621585970635,40,2,73,2907.51137767579,-1458,260
1621585970765,1621585970795,30,2,118,-1.0,-1703,284
1621585970825,1621585970865,40,4,202,10447.7234064818,-9137,103
1621585970875,1621585970895,20,2,130,11472.5127259667,-3005,292
1621585970935,1621585970945,10,-1,31,598.997402173685,-1,-1
1621585971065,1621585971075,10,-1,33,1385.52443568571,-1,-1
1621585971165,1621585971185,20,0,44,1963.22614469217,-67,156
1621585971205,1621585971225,20,0,44,3513.85806512208,-1,284
1621585971255,1621585971305,50,2,69,3245.24560438137,-3718,267
1621585971335,1621585971355,20,0,95,5234.33602599261,-1,122
1621585971515,1621585971585,70,2,123,1568.04995850306,-7272,340
1621585971605,1621585971625,20,0,33,700.262183273312,0,26
1621585971635,1621585971645,10,-1,31,370.844255660387,-1,-1
1621585971685,1621585971745,60,3,74,3720.58754005019,-3477,149
1621585972244,1621585972274,30,3,162,10579.4197842344,-3467,134
1621585972564,1621585972584,20,1,277,-1.0,-17258,279
1621585972594,1621585972644,50,1,94,5767.58623718784,-4983,288
1621585972824,1621585973044,220,16,327,24273.619868334,-20697,97
1621585973274,1621585973423,149,17,175,4894.37952558803,-6659,274
1621585973433,1621585973523,90,1,245,13757.4293428021,-17644,71
1621585973613,1621585973683,70,3,228,22707.3072230903,-13047,266
1621585973693,1621585973703,10,-1,97,6917.37341443986,-1,-1
1621585975892,1621585975952,60,7,167,3304.35218691569,-1,112
1621585976522,1621585976552,30,1,131,-1.0,-3198,80
1621585979440,1621585979660,220,17,364,23945.6199699896,-27212,29
1621585979690,1621585979730,40,1,75,2463.97141448269,-2075,217
1621585980679,1621585980719,40,3,100,-1.0,-2642,345
1621585980739,1621585980769,30,0,36,1421.91142637247,-1,133
1621585980819,1621585980839,20,0,36,1427.02151032111,-552,153
1621585981159,1621585981169,10,-1,38,1356.2055353239,-1,-1
1621585981219,1621585981249,30,2,169,6634.08187835479,-1,107
1621585982558,1621585982748,190,4,387,23806.7030434015,-31207,248
1621585982768,1621585982908,140,8,133,6964.31178342604,-3952,93
1621585987695,1621585987705,10,-1,113,-1.0,-1,-1
1621585987715,1621585987765,50,1,82,5566.64955334499,-2574,52
1621585987805,1621585988005,200,28,1205,90376.0335887012,-88109,71
1621585988434,1621585988484,50,3,79,41.7933687428459,-1090,215
1621585990713,1621585990943,230,20,640,52864.6828807576,-31915,230
1621585991003,1621585991023,20,0,43,1360.83814568738,-1,129
1621585991063,1621585991083,20,0,32,2879.1078782822,-72,343
1621585991123,1621585991153,30,2,108,8515.32196264773,-1033,271
1621585991352,1621585991382,30,3,351,18240.9046456004,-1,308
1621585991392,1621585991492,100,1,369,26863.2840043327,-19952,323
1621585991512,1621585991522,10,-1,45,2598.3795896102,-1,-1
1621585991542,1621585991582,40,1,107,6864.70740681863,-6273,168
1621585991592,1621585991632,40,1,67,5390.02809294093,-1176,88
1621585991642,1621585991772,130,15,1348,102191.637893613,-119912,52
1621585991882,1621585991902,20,15,847,76864.1397124754,-1,233
1621585991912,1621585991932,20,0,81,6193.12136293703,-3340,62
1621585991942,1621585992002,60,1,201,13347.2492232746,-1,240
1621585992212,1621585992242,30,0,41,-1.0,-6,349
1621585992272,1621585992342,70,4,163,6093.78666287119,-11132,265
1621585992352,1621585992402,50,2,51,2257.88183818616,-1,65
1621585992412,1621585992582,170,7,312,18490.9510319682,-16444,178
1621585992592,1621585992642,50,2,335,20510.4462546038,-1,294
1621585992652,1621585992722,70,7,347,31848.2317488614,-12322,60
1621585994910,1621585994930,20,1,116,-1.0,-6046,163
1621585994940,1621585995290,350,4,1560,141267.151958973,-134767,56
1621585995300,1621585995310,10,-1,71,4663.23679075773,-1,-1
1621585996829,1621585996859,30,0,42,1723.83107680513,-5,241
1621585997309,1621585997399,90,8,373,10836.5160009072,-20424,130
1621585997409,1621585997788,379,0,531,35352.9455087844,-45512,350
1621585997798,1621585997828,30,3,175,11638.5125627716,-14234,144
1621585997838,1621585997868,30,3,190,12831.3245131532,-7931,330
1621585997878,1621585997908,30,2,107,4065.34520474205,-4203,20
1621585997918,1621585998238,320,5,1580,102695.101071119,-111550,187
1621585998248,1621585998538,290,5,437,35309.3984591715,-32838,126
1621585998548,1621585998988,440,29,1573,137635.408254922,-128653,2
1621585999038,1621585999058,20,1,94,3846.84725765907,-1,197
1621585999068,1621585999088,20,0,84,7842.1941221301,-4609,12
1621585999148,1621585999198,50,2,86,2401.05945648477,-1175,321
1621585999208,1621585999218,10,-1,86,7817.00239930835,-1,-1
1621585999328,1621585999437,109,28,967,54789.0043320242,-36720,159
1621586000537,1621586000567,30,3,161,1417.1140394637,-7203,188
1621586000967,1621586001047,80,1,180,9531.65677918082,-14639,118
1621586001106,1621586001116,10,-1,97,7201.41886924264,-1,-1
1621586001256,1621586001376,120,10,425,31776.2254534209,-24752,166
1621586001506,1621586001676,170,4,150,9193.74254604699,-4162,313
1621586001686,1621586001756,70,1,590,39432.0013048614,-20266,78
1621586001846,1621586001896,50,1,595,40021.169141228,-40487,64
1621586002026,1621586002196,170,6,1198,18208.5085219018,-99012,157
1621586002206,1621586002586,380,33,966,61273.0957357937,-54582,135
1621586002626,1621586002666,40,0,519,29495.9502990604,-21530,50
1621586002705,1621586002725,20,7,400,37165.8020189176,-1,323
1621586002735,1621586002745,10,-1,44,3672.73272205367,-1,-1
1621586002775,1621586002795,20,1,70,4428.923596923,-1,249
1621586002805,1621586002845,40,5,246,15097.7667506047,-13072,124
1621586002985,1621586003015,30,5,927,-1.0,-65111,319
1621586003155,1621586003165,10,-1,35,2752.42075522142,-1,-1
1621586003265,1621586003275,10,-1,65,4369.23087456306,-1,-1
1621586003305,1621586003325,20,1,174,11560.9520058544,-1,141
1621586003335,1621586003345,10,-1,231,21400.1998712254,-1,-1
1621586003355,1621586003375,20,1,206,20129.3270849757,-11617,148
1621586003405,1621586003445,40,3,186,10760.5127861218,-10894,317
1621586003455,1621586003465,10,-1,96,9164.20248837667,-1,-1
1621586003475,1621586003515,40,25,1393,112517.125931357,-1,94
1621586003605,1621586003635,30,1,79,6225.54506750362,-1358,31
1621586003645,1621586003725,80,16,867,79248.9781082871,-77184,271
1621586003735,1621586003755,20,16,851,82629.1381530009,-229,100
1621586003765,1621586003775,10,-1,47,4162.82072949371,-1,-1
1621586003825,1621586003835,10,-1,30,1009.11292996005,-1,-1
1621586003975,1621586003995,20,0,90,-1.0,-1093,101
1621586004005,1621586004015,10,-1,66,4713.08409551894,-1,-1
1621586004055,1621586004185,130,16,1108,103673.329720645,-96481,209
1621586004195,1621586004205,10,-1,255,24762.7403981163,-1,-1
1621586004215,1621586004245,30,0,247,23373.9378710222,-20939,66
1621586004255,1621586004394,139,1,566,37854.3123204602,-47205,73
1621586004484,1621586004504,20,0,69,4368.25286798677,-1,333
1621586005904,1621586005953,49,6,276,10263.1370189038,-5724,325
1621586005963,1621586005993,30,1,362,30803.2082193087,-20204,301
1621586006003,1621586006013,10,-1,370,34301.5369263408,-1,-1
1621586006023,1621586006033,10,-1,395,37762.6473579367,-1,-1
1621586006043,1621586006103,60,8,409,38718.619695488,-18775,137
1621586007323,1621586007423,100,18,1654,130532.95268745,-100322,241
1621586007922,1621586007952,30,1,98,-1.0,-3237,212
1621586008182,1621586008252,70,8,614,47669.8520113853,-1,221
1621586008552,1621586008612,60,2,294,10439.6019842277,-443,45
1621586008852,1621586008862,10,-1,31,1855.80211631945,-1,-1
1621586009042,1621586009181,139,12,533,34549.3612629929,-28943,317
1621586009261,1621586009281,20,4,227,22338.9561655281,-1,58
1621586009341,1621586009541,200,8,1279,94032.453237163,-120071,177
1621586009571,1621586009661,90,24,1619,71944.8990036382,-154271,63
1621586009981,1621586010041,60,4,236,8.81013051895607,-9405,228
1621586010351,1621586010451,100,5,402,17543.1123078321,-21077,279
1621586010471,1621586010491,20,0,41,3814.2155925535,-24,94
1621586010541,1621586010551,10,-1,58,4664.11617452497,-1,-1
1621586013219,1621586013259,40,2,114,4202.4700265745,-5104,221
1621586013349,1621586013389,40,9,419,11949.3565048247,-1,341
1621586014238,1621586014298,60,6,305,3788.89348231706,-9171,169
1621586014318,1621586014428,110,24,699,37501.9415347505,-43435,315
1621586014658,1621586014688,30,0,30,750.993599812179,-1,110
1621586014968,1621586014988,20,2,184,9638.52037022044,-1,323
1621586015038,1621586015048,10,-1,227,20984.0247697714,-1,-1
1621586015058,1621586015078,20,2,216,20650.6793703733,-11826,317
1621586015088,1621586015108,20,2,241,11478.6513477367,-1,138
1621586015168,1621586015228,60,3,63,2807.0063902149,-61,323
1621586015358,1621586015388,30,2,238,11934.7795371902,-1,145
1621586015398,1621586015518,120,3,442,35538.2029078501,-34862,340
1621586015897,1621586015937,40,7,941,-1.0,-58972,120
1621586016257,1621586016287,30,1,60,2896.5655876246,-1,308
1621586016407,1621586016527,120,13,335,23005.6277044568,-25433,189
1621586016537,1621586016577,40,2,120,8787.67748471428,-1980,59
1621586016727,1621586016747,20,0,336,27599.3482409059,-1,227
1621586016757,1621586016767,10,-1,373,36559.1443149927,-1,-1
1621586016927,1621586016997,70,5,354,23554.5047822459,-19078,264
1621586017017,1621586017067,50,20,1174,95423.9900062228,-39131,72
1621586017167,1621586017177,10,-1,35,711.281527262265,-1,-1
1621586017187,1621586017326,139,2,485,29475.5250818434,-14554,159
1621586020754,1621586020794,40,2,160,-1.0,-5470,102
1621586020804,1621586020844,40,3,130,6071.7450177562,-2854,57
1621586020924,1621586021004,80,1,527,26903.496631766,-43261,312
1621586021294,1621586021494,200,3,884,20036.3094388215,-78664,146
1621586021504,1621586021514,10,-1,76,5798.4898397492,-1,-1
1621586021524,1621586021534,10,-1,46,2427.59435500678,-1,-1
1621586021764,1621586021784,20,1,161,-1.0,-11761,344
1621586021804,1621586021934,130,10,170,6261.31674243091,-8306,84
1621586021954,1621586022064,110,3,165,10926.6820968359,-10090,204
1621586022533,1621586022563,30,2,100,6503.18907345115,-3716,226
1621586022583,1621586022593,10,-1,45,2781.07480959577,-1,-1
1621586022603,1621586022623,20,1,79,5137.1347949964,-1436,286
1621586022673,1621586022713,40,1,48,2565.60236571434,-1243,265
1621586022743,1621586022773,30,3,189,11251.8506802289,-11946,59
1621586022813,1621586022823,10,-1,51,4813.25583450655,-1,-1
1621586022833,1621586022843,10,-1,277,25918.461504292,-1,-1
1621586023043,1621586023093,50,4,1379,135639.123999567,-111643,5
1621586023153,1621586023173,20,4,241,22776.0338703522,-240,69
1621586023193,1621586023393,200,4,605,28317.6861522183,-50517,101
1621586023403,1621586023413,10,-1,34,2218.57305111607,-1,-1
1621586023453,1621586023473,20,4,208,20320.3973158502,-8,67
1621586023563,1621586023583,20,2,346,23690.4076296061,-1,237
1621586024072,1621586024102,30,4,225,13246.0075081915,-1,50
1621586024532,1621586024542,10,-1,31,-1.0,-1,-1
1621586024562,1621586024602,40,26,1161,91451.9731576367,-86449,59
1621586024612,1621586024652,40,25,1161,99097.9909845231,-110626,250
1621586024662,1621586024702,40,7,310,25776.4740890509,-17933,232
1621586024712,1621586024872,160,1,411,27559.5407908692,-31017,303
1621586024882,1621586024892,10,-1,95,6593.76164909013,-1,-1
1621586024962,1621586025052,90,4,265,15788.9727501355,-21258,208
1621586025272,1621586025322,50,5,934,41025.9685254201,-82876,263
1621586025352,1621586025392,40,2,151,11633.7239492482,-8724,53
1621586025441,1621586025581,140,6,218,18263.7756314058,-15144,329
1621586025621,1621586025711,90,9,680,30238.2632709971,-64998,204
1621586025721,1621586025731,10,-1,55,2750.58197820811,-1,-1
1621586025741,1621586025771,30,2,111,9507.38459963039,-4059,43
1621586025791,1621586025901,110,33,818,36107.1917236381,-29579,143
1621586025911,1621586026031,120,9,127,6424.18680107763,-3870,333
1621586026281,1621586026921,640,13,706,44512.5324574261,-39618,174
1621586026931,1621586026991,60,2,76,5827.37912092512,-1811,134
1621586027100,1621586027110,10,-1,34,1916.8092940171,-1,-1
1621586027260,1621586027560,300,31,733,18980.6476544002,-30826,146
1621586027570,1621586027600,30,1,89,3924.01932808557,-3510,29
1621586027610,1621586028180,570,28,301,19472.8800399423,-19204,333
1621586028190,1621586028390,200,12,344,29050.2699481933,-14709,148
1621586028410,1621586028470,60,1,35,787.856674404492,-223,321
1621586028520,1621586028530,10,-1,37,2213.84403964987,-1,-1
1621586028540,1621586028550,10,-1,134,11133.1696539206,-1,-1
1621586028689,1621586028849,159,10,873,19802.0505833176,-48111,183
1621586028919,1621586028929,10,-1,42,2559.00790140197,-1,-1
1621586028939,1621586029039,100,5,356,27539.2184175092,-29305,331
1621586029309,1621586029329,20,0,37,30.9819676244146,-1,97
1621586029379,1621586029389,10,-1,40,2514.28499746672,-1,-1
1621586030288,1621586030368,79,5,125,18.5117868469035,-2161,97
1621586030398,1621586030518,120,4,1070,106267.845356539,-36288,244
1621586030538,1621586030548,10,-1,33,2383.78690629228,-1,-1
1621586030828,1621586030898,70,3,80,3811.77927562385,-3089,267
1621586031058,1621586031068,10,-1,41,1789.51676896058,-1,-1
1621586031348,1621586031378,30,2,147,8977.73186162529,-7737,181
1621586031608,1621586031648,40,3,140,7407.21413052598,-5754,198
1621586031748,1621586031768,20,0,144,10214.8928389552,-1,125
1621586031947,1621586031987,40,5,317,-1.0,-13589,315
1621586032107,1621586032197,90,2,244,18768.1737831836,-20757,26
1621586032387,1621586032467,80,6,205,15628.4385369904,-14898,215
1621586032537,1621586032627,90,38,531,24627.3998911752,-17971,332
1621586032637,1621586032767,130,14,239,13458.0147954053,-9462,151
1621586032807,1621586032837,30,1,54,3548.4821903518,-2145,143
1621586032847,1621586032867,20,3,232,10436.124276116,-1,30
1621586032877,1621586032907,30,1,105,8288.3568783479,-4433,252
1621586033027,1621586033037,10,-1,32,1178.58002947545,-1,-1
1621586033207,1621586033267,60,5,412,7104.02035651225,-37427,152
1621586033287,1621586033317,30,0,40,690.526615529954,-540,356
1621586033407,1621586033437,30,2,106,5268.78980134686,-4847,314
1621586033477,1621586033537,60,4,319,15618.9382133013,-26272,160
1621586033966,1621586033996,30,4,213,13377.3026552747,-14174,313
1621586034106,1621586034156,50,6,187,11789.1694352741,-8826,350
1621586034476,1621586034516,40,4,170,11029.405518029,-7513,126
1621586034656,1621586034676,20,1,137,9146.11455949074,-1,290
1621586034816,1621586034846,30,5,223,-1.0,-1391,314
1621586034856,1621586035086,230,6,362,14902.2919866661,-32179,182
1621586035126,1621586035146,20,0,40,1941.50257458281,-1,153
1621586035205,1621586035225,20,0,79,4632.52015681652,-1,124
1621586035345,1621586035385,40,4,310,27268.8943442268,-7759,284
1621586036265,1621586036285,20,1,209,13055.2990011809,-1,118
1621586036405,1621586036425,20,0,306,-1.0,-27226,298
1621586036755,1621586036765,10,-1,33,3113.96601727816,-1,-1
1621586037254,1621586037264,10,-1,33,-1.0,-1,-1
1621586037284,1621586037314,30,1,82,6787.63098963848,-4537,255
1621586037424,1621586037514,90,1,116,7629.85199208977,-7801,350
1621586037644,1621586037674,30,5,247,21595.0132663157,-1856,328
1621586037934,1621586037944,10,-1,56,3050.44689190222,-1,-1
1621586038154,1621586038164,10,-1,35,862.678354591845,-1,-1
1621586038234,1621586038244,10,-1,32,1318.2617838811,-1,-1
1621586038344,1621586038374,30,5,318,18063.6900439245,-1,136
1621586038483,1621586038503,20,0,346,-1.0,-31321,273
1621586038563,1621586038633,70,4,113,5545.51048457596,-7868,60
1621586038693,1621586038703,10,-1,30,702.157538689422,-1,-1
1621586038773,1621586038803,30,2,245,11111.0454122095,-1,215
1621586038933,1621586038943,10,-1,124,-1.0,-1,-1
1621586038973,1621586039053,80,0,368,15969.1873387038,-32652,41
1621586039173,1621586039223,50,4,200,10999.2653931594,-8858,70
1621586039743,1621586039773,30,2,98,6064.37290999422,-2090,344
1621586039993,1621586040023,30,2,290,15975.2521714971,-1,92
1621586040142,1621586040292,150,12,642,16692.7126881786,-23730,98
1621586040442,1621586040502,60,6,177,10871.8761904934,-12788,11
1621586040602,1621586040612,10,-1,46,2469.73008035337,-1,-1
1621586040632,1621586040642,10,-1,56,3453.15784399685,-1,-1
1621586040852,1621586041062,210,5,1087,63185.8524773519,-65311,204
1621586041152,1621586041172,20,0,86,-1.0,-3180,62
1621586041182,1621586041302,120,19,427,29649.2426118484,-27442,173
1621586041312,1621586041412,100,6,107,4585.2004907423,-3468,332
1621586041422,1621586041452,30,0,47,2325.69536423004,-8,192
1621586041622,1621586041951,329,22,396,27504.3905311064,-32790,320
1621586041961,1621586042031,70,2,57,1897.81181518063,-1442,186
1621586042051,1621586042141,90,4,1396,135719.033041357,-83287,142
1621586042181,1621586042231,50,1,65,3242.27224192547,-207,155
1621586042421,1621586042601,180,9,1404,98250.3191602053,-81902,155
1621586042611,1621586042641,30,0,34,2256.65249622152,-1,335
1621586042721,1621586042731,10,-1,31,947.315876422967,-1,-1
1621586042921,1621586042941,20,0,48,4514.82326575582,-355,112
1621586043021,1621586043041,20,1,74,6885.1211471598,-1289,308
1621586043051,1621586043061,10,-1,30,175.642215562555,-1,-1
1621586043251,1621586043410,159,9,366,3300.29468069021,-17861,237
1621586043480,1621586043490,10,-1,30,1337.71909354887,-1,-1
1621586043580,1621586043680,100,2,275,21179.7061155114,-2944,249
1621586043780,1621586043790,10,-1,30,1008.08639533086,-1,-1
1621586044000,1621586044010,10,-1,40,2600.96020127074,-1,-1
1621586044360,1621586044390,30,3,137,7638.20857219541,-5548,94
1621586044410,1621586044420,10,-1,38,2183.08229075122,-1,-1
1621586044440,1621586044560,120,5,322,23371.9310051857,-22928,107
1621586044640,1621586044710,70,9,379,36679.0948033437,-17555,270
1621586044720,1621586044780,60,0,345,32894.2638997113,-21238,304
1621586044800,1621586044830,30,0,61,4612.29013002917,-2625,140
1621586044989,1621586045009,20,0,33,1626.83311998056,-10,336
1621586045089,1621586045109,20,0,35,1108.99878819871,-175,165
1621586045339,1621586045349,10,-1,36,1190.29658867999,-1,-1
1621586045549,1621586045559,10,-1,30,1322.4724973599,-1,-1
1621586045589,1621586045639,50,7,329,15841.1518401399,-15270,61
1621586045709,1621586045719,10,-1,33,1417.73122274411,-1,-1
1621586045759,1621586045779,20,5,247,22815.5389791248,-1,277
1621586045789,1621586045819,30,1,50,1879.1460288818,-1774,300
1621586045899,1621586045909,10,-1,31,1313.79782074696,-1,-1
1621586045919,1621586045939,20,0,61,3279.18789867758,-1689,351
1621586045999,1621586046099,100,0,472,36028.1860148135,-31504,83
1621586047358,1621586047378,20,0,54,-1.0,-1349,142
1621586047388,1621586047478,90,3,952,92334.0397049091,-35397,239
1621586047498,1621586047578,80,4,86,4286.17322295611,-5044,316
1621586047678,1621586047688,10,-1,74,4966.87593900317,-1,-1
1621586047948,1621586047968,20,1,75,6929.07534493758,-757,278
1621586047988,1621586048078,90,11,245,13070.3921405531,-8479,349
1621586048088,1621586048197,109,2,303,17680.228643443,-20406,196
1621586048307,1621586048327,20,1,119,8590.1877754611,-1,273
1621586048337,1621586048387,50,9,543,30738.4969018469,-30182,148
1621586048527,1621586048537,10,-1,58,4738.56741809381,-1,-1
1621586048757,1621586048767,10,-1,63,-1.0,-1,-1
1621586048797,1621586048817,20,1,64,4979.27951860721,-78,307
1621586048937,1621586048967,30,1,87,4358.17892355991,-1568,124
1621586049157,1621586049217,60,11,424,22653.3277026347,-15579,322
1621586049237,1621586049317,80,1,482,37822.4051620847,-39616,53
1621586049597,1621586049637,40,8,619,-1.0,-29002,261
1621586049647,1621586049657,10,-1,38,3004.47756051799,-1,-1
1621586049786,1621586049866,79,5,102,7130.47129422405,-3045,127
1621586049886,1621586049906,20,1,199,12783.2358903851,-1,312
1621586050066,1621586050256,190,4,217,8444.97465569318,-15714,113
1621586050276,1621586050326,50,2,61,2783.4033508147,-2307,147
1621586050356,1621586050386,30,1,54,2407.80935591978,-1019,233
1621586050786,1621586050806,20,0,52,2982.92350757097,-2065,284
1621586051186,1621586051196,10,-1,51,2807.73972391092,-1,-1
1621586051475,1621586051495,20,0,43,1430.54487786536,-1,75
1621586051775,1621586051795,20,0,49,1915.52765392918,-1,263
1621586051905,1621586051925,20,1,94,6104.51352315162,-1,75
1621586052005,1621586052125,120,2,54,2477.02157749186,-1546,353
1621586052155,1621586052175,20,1,85,6645.18190425541,-3155,308
1621586052195,1621586052475,280,18,340,19953.1857844371,-30478,173
1621586052495,1621586052525,30,0,36,1081.88895381384,-1,208
1621586052545,1621586052955,410,7,501,44865.6798220487,-45953,130
1621586052975,1621586053174,199,29,492,31679.9037547144,-32345,331
1621586053194,1621586053254,60,7,171,4514.41620729843,-5839,136
1621586053354,1621586053524,170,9,500,23612.9011869659,-32217,281
1621586053544,1621586053664,120,11,855,83089.124245806,-50527,348
1621586053674,1621586053774,100,5,79,3199.40659126543,-2170,109
1621586053824,1621586053904,80,4,62,2252.51802978386,-730,260
1621586053914,1621586053924,10,-1,42,1724.16052170569,-1,-1
1621586053964,1621586054004,40,3,168,11103.276404863,-5648,294
1621586054024,1621586054084,60,2,50,1018.99721665243,-1132,73
1621586054114,1621586054134,20,0,48,3984.11995767301,-1189,257
1621586054184,1621586054224,40,1,59,1979.98950984992,-83,266
1621586054274,1621586054354,80,5,92,5157.14576959249,-2712,71
1621586054424,1621586054494,70,6,125,3280.41897633222,-4898,274
1621586054504,1621586054644,140,5,43,1895.60478457637,-1090,82
1621586054683,1621586054713,30,1,74,4614.46249885366,-3336,295
1621586054833,1621586054863,30,5,460,-1.0,-21806,134
1621586055033,1621586055153,120,2,204,14408.0444438807,-10758,274
1621586055323,1621586055383,60,5,174,5367.04461831731,-8973,320
1621586055623,1621586055683,60,4,96,3696.75397495467,-5979,130
1621586055723,1621586055743,20,1,65,2269.23727914042,-1,144
1621586055763,1621586055773,10,-1,33,1378.98465741988,-1,-1
1621586055833,1621586055843,10,-1,35,1793.01481932103,-1,-1
1621586055923,1621586055943,20,0,53,2778.24804429398,-1041,165
1621586056223,1621586056273,50,5,173,12646.9279873588,-8174,76
1621586056412,1621586056472,60,9,599,875.304106396886,-27270,304
1621586056482,1621586056492,10,-1,41,2593.57269720673,-1,-1
1621586056502,1621586056552,50,1,53,2359.85792203556,-1,142
1621586056562,1621586056702,140,3,155,9687.06218247978,-11104,241
1621586056712,1621586056732,20,1,58,4649.71377387072,-618,319
1621586057012,1621586057062,50,1,1090,2173.53888184848,-103731,164
1621586057632,1621586057652,20,1,145,7490.8677183554,-1,102
1621586057772,1621586057802,30,7,520,-1.0,-18579,136
1621586057931,1621586057981,49,4,373,13959.9756059443,-20761,124
1621586058131,1621586058311,180,10,120,6958.88962250745,-6811,291
1621586058341,1621586058391,50,3,91,2634.1359782069,-37,80
1621586058411,1621586058431,20,0,68,5325.79721819527,-2031,90
1621586058461,1621586058471,10,-1,39,1644.06268903001,-1,-1
1621586058481,1621586058561,80,5,177,10652.1675039788,-12588,292
1621586059021,1621586059061,40,16,677,4042.9093976641,-21786,201
1621586059321,1621586059411,90,13,160,253.257773690922,-6094,316
1621586059421,1621586059461,40,1,44,1969.70041083267,-910,158
1621586059501,1621586059521,20,0,41,1295.83426955853,-1138,126
1621586059550,1621586059570,20,0,49,1290.63895690356,-1,193
1621586059660,1621586059750,90,4,48,297.17397203836,-242,277
1621586059760,1621586059790,30,2,113,7584.21654282887,-3481,155
1621586060780,1621586060840,60,15,725,-1.0,-23121,216
1621586060960,1621586061040,80,7,572,7540.18957233701,-25593,81
1621586061060,1621586061100,40,1,67,2188.66555703201,-2556,22
1621586061110,1621586061279,169,11,118,4590.67016533563,-3544,273
1621586061319,1621586061339,20,1,85,5582.69122494133,-1,298
1621586061349,1621586061399,50,1,68,5893.54130691885,-2445,84
1621586061469,1621586061529,60,2,73,3171.74770188964,-1270,251
1621586061569,1621586061629,60,2,54,2670.53293507338,-14,110
1621586061719,1621586061839,120,7,175,11200.5815098807,-6947,255
1621586061849,1621586061889,40,1,38,1240.8309599176,-1,336
1621586061909,1621586061959,50,2,62,2491.22748016924,-877,105
1621586062009,1621586062039,30,1,56,3014.02423918075,-2335,262
1621586062059,1621586062089,30,1,65,3622.19605445644,-2320,249
1621586062139,1621586062149,10,-1,32,1138.58657837625,-1,-1
1621586062369,1621586062389,20,0,95,4743.31049261978,-1,77
1621586062509,1621586062519,10,-1,131,-1.0,-1,-1
1621586062529,1621586062549,20,0,53,1507.10223277416,-1,279
1621586062689,1621586062768,79,7,240,11226.5795377819,-10064,318
1621586062988,1621586063098,110,31,492,23735.6548916394,-21522,329
1621586063108,1621586063118,10,-1,37,756.347899271992,-1,-1
1621586063128,1621586063178,50,2,47,1568.45087108606,-1123,145
1621586063188,1621586063208,20,0,44,1789.9437382534,-1,180
1621586063268,1621586063288,20,0,75,2410.72782415431,-1,195
1621586063408,1621586063428,20,2,373,-1.0,-25019,315
1621586063648,1621586063668,20,4,192,16839.7522481317,-1,317
1621586063828,1621586063838,10,-1,37,1315.2937140783,-1,-1
1621586063958,1621586063988,30,3,291,15699.6552749178,-1,115
1621586064118,1621586064138,20,1,55,580.520402257203,-1,262
1621586064817,1621586064837,20,6,424,29091.4285693115,-1,152
1621586064947,1621586064967,20,1,283,-1.0,-23183,293
1621586064997,1621586065007,10,-1,34,2313.58713596953,-1,-1
1621586065067,1621586065077,10,-1,36,1080.61924069486,-1,-1
1621586065097,1621586065107,10,-1,47,3414.84136266288,-1,-1
1621586065117,1621586065137,20,0,59,3771.35232618558,-2737,135
1621586065407,1621586065447,40,1,54,1456.47528879059,-1312,95
1621586065737,1621586065757,20,3,151,14444.8123189902,-696,259
1621586065857,1621586065887,30,5,253,-1.0,-12321,296
1621586066046,1621586066086,39,3,184,9842.45689829915,-11360,259
1621586066206,1621586066226,20,0,81,-1.0,-1263,266
1621586066236,1621586066326,90,2,80,4011.68873663787,-1798,82
1621586066336,1621586066346,10,-1,65,4114.22379211882,-1,-1
1621586066356,1621586066366,10,-1,44,3522.38278315135,-1,-1
1621586067186,1621586067196,10,-1,37,1920.93324705665,-1,-1
1621586067845,1621586067865,20,1,60,4409.20483683721,-531,329
1621586068105,1621586068125,20,0,67,4037.01263505542,-1746,159
1621586068225,1621586068255,30,4,194,12817.4343177601,-1,134
1621586068375,1621586068525,150,13,1335,4982.73720472179,-62753,137
1621586068535,1621586068585,50,3,100,3953.09590313818,-5309,78
1621586068645,1621586068685,40,3,97,5250.57564045731,-2366,313
1621586068695,1621586068845,150,10,115,5772.58360899239,-4008,273
1621586069015,1621586069075,60,3,128,8899.09229850693,-4901,269
1621586069185,1621586069205,20,0,40,1490.31940811266,-1,274
1621586069215,1621586069245,30,1,66,2892.12059893607,-2757,280
1621586069275,1621586069324,49,0,75,3601.32643152817,-3234,82
1621586069364,1621586069414,50,0,96,4886.28816500599,-4364,126
1621586069434,1621586069524,90,3,74,3985.00067102181,-2362,267
1621586069534,1621586069564,30,1,76,4407.54810616941,-2671,124
1621586069754,1621586069964,210,9,406,6037.93055722792,-15008,275
1621586069974,1621586069984,10,-1,30,1200.54620160018,-1,-1
1621586070004,1621586070024,20,3,209,10611.6468003116,-1,300
1621586070164,1621586070184,20,0,45,-1.0,-710,201
1621586070953,1621586071253,300,34,877,50044.1539301995,-43255,193
1621586071283,1621586071333,50,2,78,3671.67382530191,-2482,61
1621586071423,1621586071473,50,2,61,2630.72906975336,-655,305
1621586071483,1621586071503,20,0,41,3172.88873882279,-14,161
1621586071623,1621586071673,50,2,448,12.0576937204305,-38944,254
1621586071773,1621586071833,60,3,82,4058.80688362524,-4243,292
1621586071883,1621586071963,80,8,280,11148.3080754486,-13394,19
1621586072013,1621586072023,10,-1,37,1513.78486138073,-1,-1
1621586072063,1621586072073,10,-1,33,925.728912949814,-1,-1
1621586072253,1621586072343,90,7,203,14840.968279382,-9581,186
1621586072493,1621586072652,159,2,946,87528.5199879819,-99731,58
1621586072662,1621586072722,60,2,46,3074.77937999303,-5,212
1621586072972,1621586073012,40,1,56,14.3395201388117,-1,2
1621586073032,1621586073052,20,0,41,1259.49597955157,-1,311
1621586073062,1621586073072,10,-1,45,3667.98043020721,-1,-1
1621586073262,1621586073402,140,19,744,58092.0562737119,-24550,28
1621586074681,1621586074731,50,4,253,-1.0,-8085,246
1621586075381,1621586075481,100,10,444,11735.8634812944,-28114,317
1621586076320,1621586076390,70,1,534,16908.3770931237,-35607,21
1621586076400,1621586076450,50,4,139,8044.36379489452,-4432,324
1621586076470,1621586076510,40,10,391,21562.4385990821,-12713,185
1621586076520,1621586076770,250,26,567,20929.8402143144,-23620,54
1621586076930,1621586076950,20,0,51,1303.1885591368,-1,213
1621586076970,1621586076980,10,-1,238,22574.2855455955,-1,-1
1621586077090,1621586077230,140,0,744,2857.78694200957,-49565,280
1621586077240,1621586077270,30,1,93,4331.48321700882,-2815,142
1621586077310,1621586077360,50,1,381,17041.7400094104,-1,260
1621586077370,1621586077619,249,21,552,25709.0711159602,-21643,34
1621586077629,1621586077669,40,5,289,14967.6722360402,-19071,191
1621586077689,1621586077729,40,2,94,4164.36720171017,-2835,159
1621586077759,1621586077879,120,19,313,8030.34335409764,-1321,87
1621586077999,1621586078019,20,2,174,-1.0,-13728,0
1621586078029,1621586078079,50,6,243,21611.0551352194,-2638,223
1621586078279,1621586078679,400,5,490,10761.842550554,-19701,320
1621586078709,1621586078729,20,1,91,6473.40184514048,-1,222
1621586078759,1621586078869,110,38,712,46928.2322598439,-30460,210
1621586078919,1621586079358,439,17,832,34213.7877326649,-37799,41
1621586079398,1621586079418,20,0,40,975.284446745516,-1,83
1621586079428,1621586079518,90,5,203,8439.90448472276,-9138,132
1621586079588,1621586079598,10,-1,31,1767.82546268696,-1,-1
1621586079638,1621586079658,20,0,43,2036.71245930947,-1,108
1621586079678,1621586079688,10,-1,41,3221.06400425224,-1,-1
1621586079708,1621586079768,60,2,76,2284.21975066888,-2952,123
