start,end,duration,amplitude,peak_velocity,peak_acceleration,peak_deceleration,direction
1621844311406,1621844311436,30,2,116,7229.38769235388,-6776,152
1621844312415,1621844312435,20,2,260,12115.9210232533,-1,73
1621844312525,1621844312545,20,1,165,-1.0,-7017,261
1621844313075,1621844313085,10,-1,30,412.723816518999,-1,-1
1621844313165,1621844313235,70,2,37,702.284809745031,-714,39
1621844313285,1621844313315,30,0,47,1319.63451836713,-1557,36
1621844313345,1621844313355,10,-1,32,827.224449663915,-1,-1
1621844313415,1621844313445,30,0,48,1775.76654507779,-897,38
1621844313485,1621844313525,40,4,182,11469.8400693967,-10548,170
1621844313825,1621844313835,10,-1,30,671.111382249275,-1,-1
1621844313974,1621844314014,40,4,224,13045.5047867729,-11852,1
1621844314054,1621844314074,20,5,691,42189.9313577999,-1,135
1621844314224,1621844314464,240,6,503,20705.3861486676,-38571,39
1621844314474,1621844314494,20,1,261,20332.34751387,-1,270
1621844314504,1621844314754,250,10,754,41985.556875905,-36216,23
1621844314804,1621844314894,90,5,252,20269.5202882074,-13838,235
1621844314904,1621844314974,70,3,537,48340.6557762219,-1,352
1621844315124,1621844315164,40,10,984,-1.0,-58413,237
1621844315174,1621844315244,70,3,73,2980.25523201064,-3114,60
1621844315304,1621844315334,30,1,75,3575.98186728725,-3817,51
1621844315374,1621844315444,70,6,125,5736.25216016357,-1927,64
1621844315454,1621844315484,30,3,160,13074.2016255457,-12134,263
1621844315523,1621844315633,109,12,479,22239.9446722377,-6660,195
1621844315803,1621844316103,300,40,371,19533.9032163773,-27350,19
1621844316203,1621844316283,80,0,734,68705.1096131451,-25722,194
1621844316313,1621844316323,10,-1,74,4617.35709149302,-1,-1
1621844316343,1621844316403,60,7,259,11551.3295555928,-8040,343
1621844316603,1621844316633,30,2,138,6216.65545875151,-9735,250
1621844316743,1621844316863,120,26,367,11679.1359117035,-18132,186
1621844317063,1621844317103,40,3,110,5934.61423714153,-3987,187
1621844317202,1621844317222,20,0,35,1235.14244015997,-1,326
1621844317232,1621844317242,10,-1,48,3886.98807349664,-1,-1
1621844317252,1621844317332,80,7,115,4271.58916349597,-6133,21
1621844317372,1621844317412,40,3,176,10103.0301477684,-12334,206
1621844317502,1621844317642,140,14,404,28218.124646807,-28383,212
1621844317652,1621844317692,40,2,398,37209.918803069,-34407,19
1621844317732,1621844317782,50,2,53,2452.50229011638,-464,341
1621844317802,1621844317812,10,-1,45,2718.05506705694,-1,-1
1621844317822,1621844317882,60,4,131,9877.62746606057,-7311,40
1621844317892,1621844317962,70,1,316,25964.5500933142,-9212,25
1621844318022,1621844318052,30,2,97,5684.74160243927,-5389,328
1621844318152,1621844318162,10,-1,36,1963.4411656814,-1,-1
1621844318512,1621844318672,160,20,1034,64180.3195225292,-74496,47
1621844318891,1621844318911,20,0,42,1387.22219714055,-1,97
1621844318921,1621844318941,20,0,63,4801.50404408654,-2,258
1621844318971,1621844318981,10,-1,33,422.949044214512,-1,-1
1621844319031,1621844319101,70,12,713,61346.4578287634,-43945,262
1621844319151,1621844319161,10,-1,42,2831.47265678655,-1,-1
1621844319571,1621844319581,10,-1,38,2184.89498888474,-1,-1
1621844319661,1621844319731,70,14,469,24135.7424093161,-17937,175
1621844319811,1621844319831,20,0,48,2136.23772007407,-1125,333
1621844319971,1621844320021,50,1,45,2022.90561761402,-640,0
1621844320031,1621844320071,40,0,34,326.84231625104,-166,306
1621844320091,1621844320101,10,-1,35,1135.5442294627,-1,-1
1621844320131,1621844320151,20,0,56,2806.29294666471,-2276,288
1621844320361,1621844320540,179,5,1161,66046.3330227016,-65067,23
1621844320550,1621844320560,10,-1,42,1294.43042489999,-1,-1
1621844320630,1621844320660,30,1,79,3777.99505901613,-1905,331
1621844320880,1621844320950,70,18,559,30583.1630092059,-30082,178
1621844320970,1621844320980,10,-1,47,2431.86632378872,-1,-1
1621844321020,1621844321050,30,0,41,1512.94312941327,-688,25
1621844321170,1621844321190,20,1,79,4113.30802669424,-1,352
1621844321220,1621844321250,30,3,141,9312.34313746606,-4772,355
1621844321310,1621844321330,20,1,68,3730.43010841326,-1,168
1621844321390,1621844321480,90,15,235,13242.4844181929,-8326,79
1621844321600,1621844321610,10,-1,30,997.34760245741,-1,-1
1621844321710,1621844321740,30,1,81,4903.08594805832,-3474,178
1621844321920,1621844322000,80,11,318,17250.803768026,-9223,278
1621844322719,1621844322749,30,0,39,1393.5378255443,-681,295
1621844323169,1621844323179,10,-1,48,2616.8403110637,-1,-1
1621844323319,1621844323379,60,12,892,1328.73280136953,-33703,84
1621844323529,1621844323549,20,5,270,26033.2442951661,-2844,80
1621844326787,1621844326997,210,15,1184,79331.540197235,-77671,260
1621844327506,1621844327606,100,33,406,18526.5479439365,-18481,47
1621844327846,1621844328036,190,7,1370,66623.6490714652,-69780,328
1621844328046,1621844328066,20,1,113,10880.0623938449,-6770,235
1621844328096,1621844328106,10,-1,30,1115.25160594016,-1,-1
1621844328156,1621844328166,10,-1,50,2545.9447270527,-1,-1
1621844328176,1621844328256,80,1,67,1857.93406908694,-15,338
1621844328406,1621844328496,90,26,624,28921.825464379,-29783,177
1621844328506,1621844328516,10,-1,33,1995.22886952449,-1,-1
1621844328546,1621844328556,10,-1,37,2216.37925461841,-1,-1
1621844328706,1621844328716,10,-1,30,1352.94016369226,-1,-1
1621844328726,1621844328736,10,-1,37,2388.56780577123,-1,-1
1621844329015,1621844329035,20,4,381,-1.0,-2506,77
1621844329195,1621844329295,100,19,1817,93446.1257695213,-84084,57
1621844329515,1621844329545,30,2,319,-1.0,-18637,231
1621844329555,1621844329755,200,15,801,35987.1858652556,-45787,324
1621844329765,1621844329775,10,-1,35,2212.23416538384,-1,-1
1621844329885,1621844329955,70,10,541,22245.3465367393,-44095,253
1621844329995,1621844330035,40,1,33,1502.38786273601,-1,52
1621844330075,1621844330155,80,20,488,29245.8364988797,-14167,217
1621844330215,1621844330255,40,2,83,4990.52896024003,-3200,32
1621844330285,1621844330295,10,-1,33,703.431553392326,-1,-1
1621844330385,1621844330414,29,1,86,3635.29477635133,-3188,25
1621844330464,1621844330504,40,1,39,1508.2818119586,-51,30
1621844330514,1621844330634,120,24,483,32206.5542219476,-28208,118
1621844330644,1621844330664,20,0,42,1406.78265259779,-1,288
1621844330674,1621844330754,80,5,148,6743.921756155,-5527,301
1621844330764,1621844330814,50,3,91,2705.42457852073,-2715,305
1621844330854,1621844330894,40,5,229,12638.8318628411,-11584,230
1621844330924,1621844330944,20,0,37,2724.1368016407,-721,280
1621844330964,1621844330984,20,0,42,1793.9411616999,-946,353
1621844331014,1621844331034,20,0,44,1936.30150656912,-1,14
1621844331044,1621844331054,10,-1,30,4.21821814999888,-1,-1
1621844331074,1621844331124,50,1,40,1000.35444614967,-25,26
1621844331214,1621844331224,10,-1,30,95.9559756931217,-1,-1
1621844331234,1621844331264,30,0,43,792.964777822342,-1,7
1621844331544,1621844331594,50,6,234,14398.1530955406,-8719,124
1621844331604,1621844331614,10,-1,46,4416.18598163613,-1,-1
1621844331804,1621844331874,70,6,232,12155.9966891873,-9523,301
1621844331954,1621844331984,30,3,155,9715.95942162675,-8036,3
1621844332044,1621844332083,39,3,165,9848.28680995056,-7155,175
1621844332653,1621844332753,100,1,247,16952.8944869755,-11936,30
1621844333173,1621844333203,30,9,1397,90256.5074279603,-1,40
1621844333333,1621844333363,30,13,1517,86890.4853408336,-1,38
1621844333453,1621844333573,120,9,848,4297.69924157909,-44943,243
1621844333613,1621844333633,20,10,1688,114509.485848118,-1,168
1621844333732,1621844333812,80,14,782,42937.2243958718,-42711,328
1621844333822,1621844333832,10,-1,35,1750.50813199671,-1,-1
1621844333942,1621844334442,500,6,404,15450.9111911175,-16278,38
1621844334552,1621844334592,40,6,357,3504.28359174275,-15733,324
1621844334602,1621844334722,120,7,203,9811.29199214732,-9141,149
1621844334862,1621844335092,230,12,596,49490.9905466943,-52919,193
1621844335102,1621844335172,70,6,147,9124.0126470731,-7026,185
1621844335471,1621844335541,70,13,911,53457.703719162,-22896,179
1621844335651,1621844335881,230,14,994,82895.9795971755,-88204,336
1621844335921,1621844335971,50,2,69,3435.53883861453,-3171,343
1621844335981,1621844336071,90,2,64,3948.69259121953,-1633,5
1621844336101,1621844336111,10,-1,34,780.678430369519,-1,-1
1621844336241,1621844336271,30,3,173,12072.2204955495,-10218,131
1621844336411,1621844336641,230,16,719,41948.9210269886,-54169,228
1621844336651,1621844336691,40,2,140,7161.02124853225,-5327,36
1621844336701,1621844336711,10,-1,73,4643.92013236829,-1,-1
1621844336721,1621844336771,50,2,70,5647.64573936698,-3560,47
1621844336801,1621844336821,20,1,86,6282.96799811014,-2895,57
1621844336831,1621844336841,10,-1,36,1589.69544089251,-1,-1
1621844336851,1621844336871,20,0,37,723.575160367403,-1,353
1621844336881,1621844336961,80,10,237,10938.4399019616,-14131,278
1621844336971,1621844336981,10,-1,47,2493.86991960479,-1,-1
1621844336991,1621844337011,20,1,86,6675.34317001317,-783,66
1621844337030,1621844337050,20,1,67,3840.45870871117,-169,66
1621844337100,1621844337110,10,-1,33,366.974290698978,-1,-1
1621844337150,1621844337210,60,2,212,16473.1388111691,-6094,20
1621844337220,1621844337260,40,0,267,25064.2231435931,-23194,232
1621844337270,1621844337320,50,0,361,29682.2911236016,-31493,7
1621844337390,1621844337470,80,17,440,17164.3362313791,-20766,85
1621844337480,1621844337500,20,0,45,3514.11937272924,-908,237
1621844337520,1621844337530,10,-1,38,1898.98974921796,-1,-1
1621844337620,1621844337700,80,13,397,14757.6665696079,-19060,140
1621844337710,1621844337720,10,-1,39,1298.00458244444,-1,-1
1621844337820,1621844337830,10,-1,148,14719.9630480104,-1,-1
1621844337930,1621844337950,20,0,307,-1.0,-25923,282
1621844337960,1621844338010,50,1,96,3359.36030128822,-6255,172
1621844338120,1621844338140,20,1,83,6722.64617594593,-543,273
1621844338200,1621844338210,10,-1,40,1237.33727925394,-1,-1
1621844338300,1621844338310,10,-1,31,2076.87818334886,-1,-1
1621844338350,1621844338470,120,4,454,36597.9576495392,-21222,1
1621844338480,1621844338500,20,0,73,6961.04941988032,-3307,76
1621844338630,1621844338650,20,0,70,2635.1843824957,-1,278
1621844338699,1621844338909,210,23,1124,71151.5813494317,-32763,28
1621844338919,1621844338979,60,12,875,87092.0297611345,-43086,240
1621844339019,1621844339059,40,2,90,3792.63153261576,-4680,207
1621844339079,1621844339089,10,-1,37,1443.34172741797,-1,-1
1621844339169,1621844339219,50,6,423,26026.496765149,-28380,8
1621844339229,1621844339339,110,1,214,13909.7100887519,-14149,170
1621844339349,1621844339369,20,0,54,3394.75827998318,-1,233
1621844339419,1621844339519,100,2,227,14758.8103904361,-2659,42
1621844339529,1621844339619,90,1,206,16356.2447630161,-10806,162
1621844339639,1621844339929,290,31,421,30721.6725535467,-25995,187
1621844339939,1621844339949,10,-1,34,2468.48855806456,-1,-1
1621844339989,1621844340029,40,0,65,3011.94807289878,-1349,327
1621844340089,1621844340119,30,3,156,9031.35055255395,-6193,24
1621844340159,1621844340189,30,1,69,5169.98910501936,-2239,244
1621844340199,1621844340209,10,-1,84,6915.7466377684,-1,-1
1621844340219,1621844340229,10,-1,35,2207.13064421263,-1,-1
1621844340249,1621844340259,10,-1,32,1000.25428681505,-1,-1
1621844340279,1621844340299,20,0,56,2810.4281720363,-2101,273
1621844340358,1621844340378,20,0,59,3866.61567847164,-2816,354
1621844340418,1621844340438,20,0,52,3943.38199613007,-1,342
1621844340498,1621844340518,20,0,59,4337.47038136028,-1,0
1621844340708,1621844340748,40,3,121,6559.55448518403,-5488,106
1621844340878,1621844340918,40,7,778,45021.5090112457,-71805,28
1621844340928,1621844340938,10,-1,32,507.450069440822,-1,-1
1621844340948,1621844341038,90,1,201,13586.2824291333,-10036,56
1621844341168,1621844341248,80,14,506,37536.7181658685,-26031,267
1621844341268,1621844341298,30,3,160,8858.97762908155,-10838,255
1621844341468,1621844341478,10,-1,33,1278.43676583412,-1,-1
1621844341748,1621844341768,20,0,232,20179.7327165768,-1,33
1621844341818,1621844341838,20,0,223,21397.2137021901,-18316,212
1621844342077,1621844342317,240,24,1623,89613.4103458969,-128898,339
1621844342327,1621844342347,20,2,102,7143.25965139833,-1,171
1621844342417,1621844342437,20,0,33,2087.5746428951,-1,126
1621844342497,1621844342537,40,3,230,12692.8537344957,-15660,190
1621844342617,1621844342637,20,0,90,8351.11107215111,-4375,28
1621844342647,1621844342687,40,1,50,2866.5506050587,-3,219
1621844342697,1621844342707,10,-1,58,2834.32282396537,-1,-1
1621844342727,1621844342817,90,1,109,6316.82622306136,-5726,290
1621844342897,1621844342977,80,6,775,74616.8356020135,-50174,116
1621844343087,1621844343157,70,16,1343,1245.43235885359,-67682,176
1621844343317,1621844343387,70,0,191,17632.5071682889,-8566,65
1621844343397,1621844343437,40,9,1194,118968.954982921,-74693,33
1621844343447,1621844343467,20,1,65,4050.14795784066,-1,258
1621844343587,1621844343607,20,0,70,3904.80396932153,-1,233
1621844343617,1621844343686,69,7,127,4204.21216589811,-5396,351
1621844343716,1621844343726,10,-1,33,2242.81486387918,-1,-1
1621844343756,1621844343886,130,7,195,14062.3055675687,-8859,186
1621844343896,1621844343986,90,3,72,2768.02460678846,-2910,191
1621844344016,1621844344086,70,2,41,766.683827946464,-426,185
1621844344096,1621844344106,10,-1,33,462.818559445843,-1,-1
1621844344116,1621844344146,30,0,235,21642.4841179297,-19324,137
1621844344266,1621844344286,20,0,39,1731.40878255282,-714,192
1621844344326,1621844344346,20,0,42,2123.40735725598,-1026,135
1621844344386,1621844344406,20,0,33,1763.03307101037,-1,139
1621844344536,1621844344566,30,0,42,1388.5845590299,-1176,237
1621844344606,1621844344766,160,2,1629,103667.120559109,-147299,229
1621844344816,1621844344836,20,0,42,2560.13846083334,-1,290
1621844344956,1621844344996,40,5,258,12807.5791913171,-12050,299
1621844345495,1621844345555,60,6,249,11175.4726008711,-1126,215
1621844346165,1621844346435,270,39,533,28104.1742153113,-18190,285
1621844346445,1621844346715,270,19,153,11075.5767416664,-4775,142
1621844346755,1621844346785,30,2,113,6505.82112034392,-6306,28
1621844346865,1621844346905,40,2,107,6873.16297319814,-3476,35
1621844346915,1621844346994,79,5,243,17561.6820341664,-13638,62
1621844347034,1621844347104,70,6,292,20709.4222906058,-7446,82
1621844347114,1621844347134,20,3,198,15706.4800661429,-1,174
1621844347254,1621844347274,20,3,325,-1.0,-5497,199
1621844347494,1621844347754,260,17,884,13957.4312736026,-41777,324
1621844347764,1621844347774,10,-1,170,14634.3706182723,-1,-1
1621844347904,1621844348104,200,14,681,32075.1360719579,-61245,277
1621844348194,1621844348224,30,0,57,4235.66166027014,-1910,53
1621844348234,1621844348264,30,1,52,1836.7990771666,-1939,29
1621844348344,1621844348484,140,22,821,34574.9848418604,-4113,21
1621844348494,1621844348703,209,9,1081,107800.188527401,-99775,208
1621844348723,1621844348763,40,1,102,5087.44152196727,-7236,251
1621844348783,1621844348803,20,0,51,3341.40354451701,-1,240
1621844348823,1621844348843,20,0,54,1977.63564942252,-1,231
1621844348883,1621844348893,10,-1,30,1495.65911482655,-1,-1
1621844349103,1621844349143,40,0,30,2469.04505548257,-1,68
1621844349153,1621844349163,10,-1,55,3517.33397557062,-1,-1
1621844349593,1621844349633,40,20,701,29958.6662068282,-4656,319
1621844349723,1621844349743,20,4,445,-1.0,-1703,275
1621844349753,1621844349783,30,8,397,35785.7500601704,-19619,98
1621844349883,1621844349993,110,0,454,41703.0388636336,-20354,167
1621844350812,1621844350992,180,9,735,32321.8758811439,-58213,34
1621844351002,1621844351022,20,0,112,9241.96933026817,-5920,257
1621844351032,1621844351042,10,-1,35,3503.86839789255,-1,-1
1621844351092,1621844351102,10,-1,54,4030.73906087693,-1,-1
1621844351112,1621844351222,110,9,1412,120783.381634312,-127745,177
1621844351342,1621844351422,80,14,589,21494.9110238222,-47322,14
1621844351582,1621844351602,20,1,75,4101.89038473554,-1,245
1621844351612,1621844351622,10,-1,34,2794.34696406811,-1,-1
1621844351642,1621844351662,20,1,73,4191.52528898527,-1,61
1621844351682,1621844351702,20,0,47,2152.44449897851,-3,59
1621844351712,1621844351802,90,16,1635,163039.567570341,-135063,209
1621844352271,1621844352291,20,2,140,11524.5285281499,-1009,112
1621844352471,1621844352481,10,-1,34,1311.92013486225,-1,-1
1621844352801,1621844352811,10,-1,31,802.2631154215,-1,-1
1621844352851,1621844352861,10,-1,31,2068.10551589402,-1,-1
1621844352911,1621844352941,30,6,832,51631.1366718847,-1,191
1621844353031,1621844353251,220,1,270,15558.805679308,-19882,176
1621844353321,1621844353341,20,3,183,17046.8488065017,-1,83
1621844353361,1621844353381,20,1,118,7171.26536640653,-1,266
1621844353411,1621844353431,20,0,106,4999.53629567801,-1,45
1621844353560,1621844353760,199,9,562,19370.2916979912,-39303,346
1621844353770,1621844353930,160,8,137,12312.4952859049,-8853,340
1621844353940,1621844353960,20,1,212,13967.7860180853,-1,129
1621844354080,1621844354100,20,2,190,-1.0,-7288,309
1621844354110,1621844354160,50,1,254,17043.81766738,-12902,138
1621844354170,1621844354210,40,3,155,4940.34537971342,-107,89
1621844354220,1621844354240,20,1,162,15575.2452091609,-7247,271
1621844354270,1621844354280,10,-1,35,944.921017397289,-1,-1
1621844354300,1621844354320,20,0,44,3070.3624276542,-1,114
1621844354380,1621844354440,60,4,196,8994.4053658109,-4600,297
1621844354560,1621844354640,80,5,482,779.778337839087,-25058,358
1621844354650,1621844354670,20,1,73,3278.53353095934,-1,92
1621844354680,1621844354710,30,3,163,10621.3025338538,-2310,230
1621844354760,1621844354850,90,15,465,25908.3660238398,-14975,8
1621844354860,1621844354880,20,0,45,2075.38060981141,-1,74
1621844354910,1621844355140,230,5,434,37040.0372255442,-27755,170
1621844355150,1621844355209,59,2,175,9533.18835906764,-11950,202
1621844355349,1621844355359,10,-1,38,1640.23161518468,-1,-1
1621844355369,1621844355409,40,3,143,7522.21209553441,-10088,149
1621844355479,1621844355519,40,2,89,4191.50573816061,-4666,80
1621844355559,1621844355579,20,1,101,8974.52077781306,-1,75
1621844355599,1621844355639,40,1,57,5003.63687948334,-2105,75
1621844355649,1621844355679,30,1,68,2798.12416642345,-1,255
1621844355729,1621844355739,10,-1,31,1231.59602653161,-1,-1
1621844355799,1621844355809,10,-1,37,1610.78796159518,-1,-1
1621844355839,1621844355879,40,1,58,2128.42967537049,-2277,251
1621844356019,1621844356029,10,-1,36,1288.70466544039,-1,-1
1621844356119,1621844356139,20,0,63,2147.80774518339,-1,70
1621844356149,1621844356169,20,0,38,2320.0570916228,-1,254
1621844356179,1621844356189,10,-1,33,2955.1769733552,-1,-1
1621844356199,1621844356219,20,0,41,1871.49501528664,-1,253
1621844356399,1621844356439,40,2,236,14853.5766594997,-5685,272
1621844356469,1621844356509,40,0,106,8359.4016757927,-4486,65
1621844356599,1621844356619,20,0,38,555.903162132805,-1,67
1621844356809,1621844356868,59,6,204,8895.79264250525,-2767,151
1621844356958,1621844357068,110,5,253,12466.7236176748,-17839,137
1621844357078,1621844357088,10,-1,51,2321.90145537032,-1,-1
1621844357158,1621844357218,60,3,108,7108.33189347563,-6071,110
1621844357278,1621844357358,80,5,252,11678.4601406115,-5271,259
1621844357368,1621844357438,70,0,392,37538.1405886,-12842,296
1621844357448,1621844357478,30,1,150,5707.67885356838,-1,260
1621844357488,1621844357538,50,0,183,17352.1623170222,-9962,33
1621844357718,1621844357818,100,19,1668,28378.4172599071,-86865,249
1621844357828,1621844357868,40,1,36,1599.23581078466,-9,281
1621844357878,1621844357978,100,1,287,20521.0624848875,-15467,340
1621844357988,1621844358008,20,0,72,5979.84603900684,-2196,54
1621844358058,1621844358078,20,1,92,5645.29616873642,-1,293
1621844358108,1621844358138,30,0,41,1011.36963160844,-1,71
1621844358198,1621844358218,20,1,88,8531.06096643062,-4290,181
1621844358228,1621844358238,10,-1,215,20008.9290565618,-1,-1
1621844358368,1621844358398,30,12,560,4869.60973381516,-30827,17
1621844358408,1621844358557,149,24,1609,86988.5383994875,-3705,28
1621844358657,1621844358727,70,3,207,2930.98768048978,-6000,282
1621844358767,1621844358797,30,1,93,8206.88547443783,-3639,109
1621844358927,1621844359027,100,2,353,27058.1465017414,-30514,264
1621844359037,1621844359047,10,-1,32,1977.35542352228,-1,-1
1621844359267,1621844359317,50,7,249,13664.5798103875,-10600,249
1621844359347,1621844359357,10,-1,77,5453.95735148537,-1,-1
1621844359367,1621844359377,10,-1,110,10447.440351619,-1,-1
1621844359427,1621844359467,40,3,1006,87305.1889837617,-68536,137
1621844359487,1621844359607,120,1,699,48885.688477685,-37413,325
1621844359627,1621844359757,130,20,446,21563.2564535985,-25544,235
1621844359847,1621844359857,10,-1,79,-1.0,-1,-1
1621844359867,1621844359927,60,1,116,7842.79963146478,-6801,97
1621844359937,1621844359997,60,1,66,3046.92715926867,-2344,38
1621844360017,1621844360147,130,4,197,11311.6390682124,-8841,122
1621844360157,1621844360196,39,2,335,27293.7001283106,-1497,90
1621844360476,1621844360616,140,3,399,17595.7089717654,-22155,319
1621844361486,1621844361536,50,18,1188,37.2623139641718,-57691,238
1621844361546,1621844361676,130,8,230,12125.5414955077,-16314,78
1621844361686,1621844361766,80,0,188,12663.2207495795,-9559,4
1621844361915,1621844362035,120,27,1375,9928.85182328645,-95844,257
1621844362045,1621844362135,90,1,191,16856.2145765201,-9775,334
1621844362225,1621844362295,70,9,471,21314.0281505893,-12607,133
1621844362345,1621844362385,40,0,125,10186.5991931758,-5525,47
1621844362435,1621844362585,150,35,847,28788.0068570065,-36230,338
1621844362595,1621844362625,30,2,89,4462.1409526038,-2773,189
1621844362685,1621844362955,270,27,1217,83228.5351719832,-58321,148
1621844362965,1621844363115,150,12,424,28207.5794885566,-34312,327
1621844363375,1621844363914,539,27,1269,66050.2967530703,-95085,225
1621844363924,1621844363964,40,1,76,3045.54781236236,-2212,12
1621844363994,1621844364054,60,1,45,772.673843987583,-1390,327
1621844364224,1621844364244,20,0,38,644.300084617479,-1,45
1621844364254,1621844364304,50,1,145,7147.87517109882,-6515,81
1621844364314,1621844364334,20,0,42,2030.8576889845,-1,274
1621844364364,1621844364404,40,1,38,1999.70742823087,-687,79
1621844364454,1621844364634,180,1,1031,62581.281767269,-59310,160
1621844364644,1621844364654,10,-1,51,3013.12914008984,-1,-1
1621844364694,1621844364724,30,0,58,3492.86360468057,-2036,93
1621844364734,1621844365004,270,3,934,55439.4324974605,-51857,288
1621844365203,1621844365213,10,-1,36,2570.08234175069,-1,-1
1621844365453,1621844365473,20,1,106,6842.75056321488,-1,92
1621844365513,1621844365533,20,1,101,7729.19644746642,-783,274
1621844365543,1621844365693,150,2,1066,42637.1864046645,-65960,185
1621844365763,1621844365773,10,-1,46,2865.86084188306,-1,-1
1621844366862,1621844366872,10,-1,34,3213.45546040317,-1,-1
1621844367122,1621844367142,20,0,58,3085.52959070036,-1,34
1621844367522,1621844367552,30,1,50,2052.65802204028,-1894,278
1621844367562,1621844367642,80,3,64,1561.89431330749,-2515,282
1621844367672,1621844367692,20,0,45,2035.00827822819,-1008,302
1621844367902,1621844367932,30,2,97,6727.07870451851,-6243,88
1621844367982,1621844368042,60,2,99,6240.53086009963,-1394,228
1621844368272,1621844368302,30,0,43,1691.38116911766,-789,120
1621844368362,1621844368432,70,2,54,1594.76191678408,-2156,82
1621844368581,1621844368591,10,-1,40,3668.50050244708,-1,-1
1621844368601,1621844368611,10,-1,50,2223.59660705763,-1,-1
1621844368781,1621844368801,20,0,32,1078.0917724302,-1,352
1621844369071,1621844369151,80,4,89,2263.88713902817,-2858,122
1621844369161,1621844369421,260,27,752,28841.8614135964,-55703,10
1621844369441,1621844369611,170,9,286,23375.3415139594,-13242,205
1621844369641,1621844369661,20,0,53,3332.00708466025,-1793,93
1621844369801,1621844369881,80,3,154,9755.70366438817,-9336,133
1621844369891,1621844369961,70,11,1321,85549.2842453602,-5618,169
1621844370061,1621844370190,129,25,1628,108741.326193158,-148309,167
1621844370200,1621844370350,150,18,617,31836.8284345338,-28846,351
1621844370360,1621844370470,110,6,164,10767.8378931374,-11344,177
1621844370650,1621844370770,120,3,537,20890.220126138,-26501,115
1621844370780,1621844371010,230,9,272,13952.5612765012,-11152,261
1621844371020,1621844371050,30,1,55,3270.06340246719,-445,78
1621844371070,1621844371150,80,2,174,7946.56036175512,-10272,357
1621844371170,1621844371190,20,0,216,17061.0163601435,-1,108
1621844371310,1621844371350,40,7,336,8810.3901310875,-20309,284
1621844371360,1621844371450,90,6,210,14068.1190598817,-14790,87
1621844371460,1621844371510,50,7,318,24433.0391200584,-20899,261
1621844371520,1621844371570,50,0,437,43458.2602973433,-35200,63
1621844371580,1621844371590,10,-1,31,729.208037021617,-1,-1
1621844371640,1621844371710,70,0,141,5193.8069442694,-1,36
1621844371749,1621844371789,39,6,273,15465.5572861353,-16753,171
1621844371909,1621844371959,50,1,119,8190.39811578841,-5154,40
1621844371969,1621844371979,10,-1,41,3064.02052694749,-1,-1
1621844372319,1621844372419,100,13,346,29386.0454013015,-24734,355
1621844372539,1621844372549,10,-1,30,360.057132068924,-1,-1
1621844372579,1621844372609,30,2,580,47909.6212732342,-1,132
1621844372719,1621844372759,40,5,575,3563.91844537729,-46993,357
1621844372769,1621844372949,180,22,538,42934.1301982173,-31790,174
1621844372959,1621844373149,190,7,185,12966.4950712463,-12790,206
1621844373179,1621844373199,20,0,48,1530.17980121991,-1,270
1621844373379,1621844373409,30,9,463,30712.8375848641,-17723,131
1621844373678,1621844373698,20,1,100,4060.84858687011,-1,123
1621844373808,1621844374228,420,16,954,72665.5849925438,-36920,155
1621844374318,1621844374448,130,11,281,22246.3713232758,-12409,340
1621844375717,1621844376017,300,15,578,28192.4680075826,-33458,31
1621844376097,1621844376257,160,8,100,4518.67782238464,-4282,265
1621844376277,1621844376287,10,-1,35,659.338819722676,-1,-1
1621844376367,1621844376377,10,-1,30,605.289849324501,-1,-1
1621844376387,1621844376467,80,4,75,1954.38032952902,-2391,73
1621844376527,1621844376567,40,7,303,17024.3161793032,-17200,172
1621844376647,1621844376667,20,0,33,1811.27144373899,-1,290
1621844376687,1621844376707,20,0,35,458.0432267614,-1,285
1621844376717,1621844376866,149,1,1125,64965.0713493425,-67964,350
1621844377036,1621844377126,90,0,327,15312.9831006872,-22505,184
1621844377196,1621844377216,20,0,40,1538.41568614221,-858,246
1621844377426,1621844377446,20,0,63,3590.76806233478,-1602,306
1621844377496,1621844377506,10,-1,32,423.199351284446,-1,-1
1621844377616,1621844377626,10,-1,36,647.984123344886,-1,-1
1621844377646,1621844377666,20,0,57,3153.59557764116,-1142,36
1621844378096,1621844378106,10,-1,37,-1.0,-1,-1
1621844378266,1621844378615,349,24,1627,157535.757401415,-55893,36
1621844378635,1621844378725,90,5,123,6813.06962845227,-5394,185
1621844378735,1621844378755,20,0,43,779.400635837185,-1,147
1621844379005,1621844379085,80,6,767,73633.9936491185,-15908,199
1621844379255,1621844379355,100,3,824,5427.15297263615,-56818,258
1621844379375,1621844379455,80,5,301,20745.0059029966,-14189,353
1621844379475,1621844379575,100,11,242,10341.9169083185,-16138,348
1621844379635,1621844379695,60,3,115,7462.37422956013,-6758,357
1621844379755,1621844379815,60,2,58,2544.01533096663,-1701,48
1621844379905,1621844379985,80,6,191,9299.30179248575,-3216,126
1621844380214,1621844380304,90,6,339,838.708682251895,-19476,323
1621844380344,1621844380434,90,8,158,5265.54154116342,-4805,190
1621844380484,1621844380504,20,0,45,2449.39181444412,-1461,196
1621844380574,1621844380604,30,1,58,2158.66431498771,-46,181
1621844380624,1621844380674,50,17,1489,143162.454051173,-71059,54
1621844380784,1621844381034,250,16,1397,20514.8313897748,-118847,183
1621844381054,1621844381114,60,4,125,7688.99860502093,-6833,184
1621844381204,1621844381224,20,8,1343,91551.6054267256,-1,15
1621844381384,1621844381564,180,8,1370,50920.1794208811,-111678,306
1621844381574,1621844381594,20,0,55,4133.5749712787,-2195,275
1621844381693,1621844381753,60,2,79,3130.11607566864,-1707,311
1621844381813,1621844381823,10,-1,31,920.563231828628,-1,-1
1621844382013,1621844382033,20,0,83,-1.0,-3654,258
1621844382063,1621844382123,60,4,110,6429.04434265245,-38,123
1621844382133,1621844382163,30,3,214,19228.8828923175,-12603,292
1621844382183,1621844382253,70,18,455,19841.5314469401,-1372,21
1621844382373,1621844382503,130,6,939,42024.3128195147,-65387,84
1621844382663,1621844382833,170,8,412,14530.2726334733,-18374,298
1621844382903,1621844382973,70,4,118,3723.37943790568,-4229,158
1621844383053,1621844383063,10,-1,39,1808.97957225345,-1,-1
1621844383173,1621844383253,80,15,416,15960.4016662611,-24532,357
1621844383512,1621844383532,20,0,36,2024.29675192591,-374,139
1621844383552,1621844383582,30,1,51,1620.27794318589,-1295,107
1621844383602,1621844383982,380,12,689,37131.3611426937,-30447,301
1621844384012,1621844384052,40,2,101,4964.56852602194,-4940,178
1621844384192,1621844384232,40,2,110,4084.21550592222,-1,9
1621844384352,1621844384382,30,6,282,1818.13153747067,-12476,148
1621844384392,1621844384452,60,4,116,4325.01736689653,-3497,354
1621844384472,1621844384502,30,1,47,982.595424003043,-1,3
1621844384572,1621844384632,60,3,80,3674.66715506261,-2752,319
1621844384652,1621844384672,20,0,47,1791.76656165139,-1406,323
1621844384792,1621844384812,20,0,55,2882.45010390924,-1,45
1621844384892,1621844384922,30,0,37,957.65104614145,-192,289
1621844384932,1621844384942,10,-1,37,2733.53759048188,-1,-1
1621844384952,1621844385021,69,2,49,1483.00523619214,-363,266
1621844385051,1621844385091,40,0,160,7238.25865026948,-1812,101
1621844385221,1621844385351,130,3,1344,89430.1026358595,-111540,338
1621844385371,1621844385561,190,3,395,30041.0206744282,-27552,256
1621844385571,1621844385581,10,-1,32,1346.49542533262,-1,-1
1621844385631,1621844385661,30,2,109,5597.70401619695,-4338,169
1621844385761,1621844385841,80,2,41,1428.32109634946,-1,294
1621844385911,1621844385921,10,-1,33,470.783638221543,-1,-1
1621844386231,1621844386271,40,1,63,2773.33759229443,-2571,130
1621844386291,1621844386311,20,0,43,1526.17272319649,-279,135
1621844386471,1621844386740,269,10,1379,6512.47032226635,-77502,231
1621844386830,1621844386840,10,-1,33,965.670195720476,-1,-1
1621844386930,1621844386940,10,-1,35,696.20985506701,-1,-1
1621844387170,1621844387200,30,2,119,5611.19305742977,-4005,358
1621844387380,1621844387390,10,-1,33,1284.50907387112,-1,-1
1621844387430,1621844387440,10,-1,38,1391.24645370201,-1,-1
1621844387460,1621844387490,30,2,112,7561.90407754539,-7574,163
1621844387500,1621844387540,40,1,73,2253.61109864833,-3349,351
1621844387580,1621844387590,10,-1,31,543.751761590812,-1,-1
1621844387600,1621844387650,50,2,50,1537.35345886663,-259,0
1621844387810,1621844387950,140,0,376,24951.2181686091,-19968,276
1621844387990,1621844388020,30,1,77,3467.4400190247,-3168,138
1621844388050,1621844388080,30,3,161,10890.4470940658,-7909,313
1621844388529,1621844388549,20,0,35,737.87361157008,-284,352
1621844388559,1621844388579,20,0,35,766.061332421392,-247,7
1621844388619,1621844388629,10,-1,32,624.08076122602,-1,-1
1621844388689,1621844388989,300,4,558,26216.9733438138,-30300,353
1621844389149,1621844389199,50,12,380,18759.6599246236,-16743,176
1621844389229,1621844389269,40,1,41,2259.18937031629,-439,332
1621844389439,1621844389459,20,1,78,5715.16026232815,-122,154
1621844389729,1621844389899,170,5,364,2387.38532766014,-13625,214
1621844389909,1621844389938,29,0,31,160.25128473531,-1,187
1621844390118,1621844390148,30,3,162,10957.0290306792,-10921,184
1621844390798,1621844390828,30,2,100,5706.72684328275,-4878,2
1621844391048,1621844391078,30,2,103,5549.67057838588,-4906,184
1621844392107,1621844392127,20,1,187,10647.8893370808,-1,81
1621844392227,1621844392287,60,7,1005,20326.8213488648,-76425,253
1621844392917,1621844392947,30,2,123,6420.71125794548,-3837,180
1621844393376,1621844393426,50,1,62,2566.6454235732,-1553,69
1621844393466,1621844393486,20,0,33,760.735034372901,-1,90
1621844393526,1621844393566,40,3,120,6339.2290404594,-7155,19
1621844393636,1621844393766,130,7,147,8291.65640112,-7033,267
1621844393816,1621844393836,20,0,35,992.221107631968,-1,70
1621844393856,1621844393886,30,0,35,860.02175971147,-83,68
1621844394006,1621844394056,50,2,65,2159.13078405341,-1669,287
1621844394506,1621844394546,40,1,206,11993.3126097324,-1,99
1621844394856,1621844394896,40,3,515,-1.0,-28741,140
1621844394906,1621844395015,109,4,337,21860.8001566904,-13845,351
1621844395035,1621844395095,60,5,177,12550.586855683,-10990,258
1621844395135,1621844395145,10,-1,30,912.893531249789,-1,-1
1621844395395,1621844395465,70,15,471,31823.3615101693,-14836,5
1621844395475,1621844395655,180,5,1695,91185.6086849269,-6231,170
1621844395765,1621844395865,100,10,761,40718.3674997274,-66377,233
1621844395895,1621844395905,10,-1,33,2086.67653830279,-1,-1
1621844395955,1621844395975,20,0,46,2884.04982567211,-1,355
1621844396135,1621844396155,20,1,120,9287.77436831834,-1,191
1621844396465,1621844396475,10,-1,51,2291.97564804785,-1,-1
1621844396594,1621844396714,119,14,891,50168.5693444804,-48718,63
1621844396984,1621844397044,60,12,452,22028.7815143199,-16864,254
1621844397384,1621844397434,50,3,117,7883.98514843025,-6037,216
1621844397674,1621844397704,30,0,33,356.254256608617,-156,48
1621844397884,1621844397924,40,2,65,3113.305911382,-29,8
1621844398174,1621844398194,20,0,40,1273.13177746316,-1,212
1621844398523,1621844398553,30,1,60,2845.35212065854,-2001,153
1621844398633,1621844398663,30,0,32,785.757662797117,-41,8
1621844398743,1621844398903,160,7,68,1769.73157734044,-1509,212
1621844399013,1621844399053,40,4,179,11428.4350504276,-10448,357
1621844399073,1621844399083,10,-1,34,1710.29105463196,-1,-1
1621844399263,1621844399283,20,0,64,3856.47111263016,-2323,75
1621844399333,1621844399373,40,2,115,5922.00086033437,-7593,163
1621844399703,1621844399723,20,5,516,25858.3972768377,-1,48
1621844399833,1621844399982,149,5,908,7284.0158754167,-61624,84
1621844399992,1621844400042,50,2,312,22278.0489864254,-12345,307
1621844400332,1621844400372,40,8,641,30312.6533566452,-305,227
1621844400382,1621844400632,250,20,569,54707.7590322532,-34674,277
1621844400692,1621844400852,160,11,210,12805.2994086787,-13158,78
1621844400892,1621844400992,100,16,463,17271.379751656,-20954,0
1621844401012,1621844401042,30,2,109,6416.78336053597,-6299,268
1621844401222,1621844401252,30,2,99,5251.71298305842,-2664,196
1621844401332,1621844401352,20,0,44,1602.39018325927,-1003,237
1621844401472,1621844401492,20,0,55,3521.47547021559,-1,36
1621844401661,1621844401681,20,0,36,1413.08054310455,-258,270
1621844401711,1621844401721,10,-1,38,2753.12984009241,-1,-1
1621844401791,1621844401821,30,3,166,10857.0590797865,-11122,353
1621844402001,1621844402011,10,-1,36,1795.87395116693,-1,-1
1621844402051,1621844402071,20,0,35,1199.32171040075,-1,80
1621844402081,1621844402151,70,15,339,15348.1271869978,-16070,185
1621844402501,1621844402571,70,15,564,23828.1221464717,-18858,5
1621844402791,1621844402821,30,1,51,1851.82477381638,-1306,98
1621844402831,1621844402861,30,0,35,1016.54107170496,-426,149
1621844402871,1621844402881,10,-1,36,680.890763298097,-1,-1
1621844402891,1621844402991,100,3,249,20239.6089267816,-19414,112
1621844403330,1621844403400,70,13,691,46602.524029758,-34299,194
1621844403520,1621844403540,20,0,41,1095.86447248994,-1,339
1621844403620,1621844403640,20,0,46,1799.53507656539,-1,0
1621844403650,1621844403670,20,6,976,64177.1891169671,-1,154
1621844403760,1621844403790,30,9,1124,-1.0,-63743,252
1621844403820,1621844403890,70,3,62,1505.24805458416,-1058,5
1621844403920,1621844403960,40,1,44,1051.92028312427,-752,357
1621844403970,1621844404000,30,0,32,454.189330615018,-198,48
1621844404100,1621844404120,20,0,48,1995.70549784342,-1389,311
1621844404140,1621844404150,10,-1,34,1638.70684845936,-1,-1
1621844404160,1621844404170,10,-1,152,12606.1753793205,-1,-1
1621844404400,1621844404550,150,10,369,15789.0004620584,-14341,263
1621844404590,1621844404630,40,6,249,12836.4940045828,-11009,226
1621844404680,1621844404700,20,0,58,3365.2067438945,-1053,306
1621844404720,1621844404750,30,0,41,1082.96789013962,-845,305
1621844404780,1621844404899,119,9,150,6269.0439834499,-5765,261
1621844405059,1621844405129,70,1,172,12443.4629793438,-11015,0
1621844405379,1621844405389,10,-1,54,4537.14312587665,-1,-1
1621844405399,1621844405419,20,0,64,5941.59886215615,-3279,213
1621844405519,1621844405539,20,1,51,4067.04453377709,-283,63
1621844405549,1621844406179,630,30,1303,77319.8427958148,-75318,88
1621844406219,1621844406239,20,1,85,3665.06790348058,-1,197
1621844406399,1621844406439,40,3,128,5941.29400914333,-6180,280
1621844406578,1621844406738,160,1,378,19405.2715215701,-4249,145
1621844406838,1621844407088,250,28,568,16545.0469865156,-24502,225
1621844407098,1621844407138,40,1,46,2351.77003834445,-232,300
1621844407168,1621844407328,160,18,207,5956.50608414545,-5997,17
1621844407548,1621844407788,240,7,2258,181763.061358878,-96917,358
1621844407808,1621844407848,40,1,44,2962.22483824727,-733,329
1621844407858,1621844407918,60,10,325,17856.5757379301,-14670,265
1621844408347,1621844408387,40,3,142,9909.68671708307,-8542,350
1621844408527,1621844408547,20,0,47,3703.90382470823,-1044,102
1621844408587,1621844408607,20,0,56,3931.00113571668,-1,284
1621844408657,1621844408737,80,4,94,2695.70328659481,-2005,32
1621844408897,1621844409047,150,25,808,34502.9847851556,-43447,254
1621844409057,1621844409197,140,5,196,12786.562534769,-16080,8
1621844409337,1621844409367,30,2,114,6081.41134359036,-5490,208
1621844409387,1621844409427,40,0,75,6271.04782152481,-1282,47
1621844409657,1621844409707,50,7,186,10024.2608055675,-4805,192
1621844409727,1621844409757,30,2,98,5870.92291365038,-1,52
1621844409767,1621844409936,169,5,1526,105100.350217689,-67218,358
1621844410046,1621844410056,10,-1,32,2366.34164535357,-1,-1
1621844410106,1621844410126,20,1,67,3524.71929197745,-1,55
1621844410266,1621844410306,40,6,216,10869.0201325816,-10416,179
1621844410326,1621844410416,90,3,141,7606.49220638789,-4977,226
1621844410446,1621844410496,50,6,210,10423.1728396707,-8193,2
1621844410556,1621844410656,100,4,151,8969.14673349937,-11545,130
1621844410666,1621844410676,10,-1,73,4669.28404612645,-1,-1
1621844410866,1621844410956,90,4,776,8921.77842999506,-42079,126
1621844410976,1621844411106,130,7,152,7860.92042768962,-6609,216
1621844411116,1621844411256,140,10,222,10307.2604191613,-10901,257
1621844411356,1621844411455,99,19,546,31510.3828600893,-22276,29
1621844411575,1621844411605,30,1,70,2746.84651833948,-2371,255
1621844411645,1621844411685,40,3,161,7602.25905962311,-8630,205
1621844411955,1621844412015,60,11,356,19378.325602973,-14898,186
1621844412145,1621844412185,40,1,51,3705.10981334364,-1080,179
1621844412685,1621844412715,30,5,252,15963.5076719907,-10239,162
1621844413035,1621844413075,40,4,202,10996.0101243745,-9694,25
1621844413244,1621844413324,80,2,68,3403.99173274925,-2490,177
1621844413534,1621844413564,30,1,90,5613.55839753996,-3629,338
1621844413604,1621844413634,30,1,85,3580.43637240989,-4829,133
1621844413754,1621844413794,40,4,205,13006.565757362,-11885,293
1621844413854,1621844413864,10,-1,31,1266.38093117612,-1,-1
1621844414234,1621844414254,20,1,231,14793.219916534,-1,99
1621844414424,1621844414474,50,4,168,11784.2293061353,-13406,306
1621844414684,1621844414704,20,1,108,19.7138937521899,-1,270
1621844414714,1621844414724,10,-1,101,8815.6650169727,-1,-1
1621844414733,1621844414743,9,-1,51,4489.11115045772,-1,-1
1621844415273,1621844415303,30,3,161,8936.21060406426,-10806,121
1621844415563,1621844415583,20,0,34,2514.8745250748,-1,40
1621844415743,1621844415783,40,2,83,4187.9831027182,-5238,190
1621844415843,1621844415863,20,0,46,1627.4808868681,-1,354
1621844416353,1621844416373,20,0,33,1339.49627610225,-178,74
1621844416412,1621844416422,9,-1,42,2683.2303120331,-1,-1
1621844416462,1621844416472,10,-1,32,1314.8951021009,-1,-1
1621844416482,1621844416552,70,6,247,13017.9003666356,-10765,336
1621844416562,1621844416572,10,-1,32,1256.68062158467,-1,-1
1621844416762,1621844416782,20,0,44,1702.94553684005,-1398,212
1621844417032,1621844417072,40,3,145,10030.9122657775,-6162,169
1621844417142,1621844417172,30,1,50,1544.45525351953,-357,14
1621844417182,1621844417252,70,3,63,1518.41132018693,-2807,3
1621844417322,1621844417352,30,3,160,10482.306007086,-4530,177
1621844417392,1621844417512,120,7,87,2793.03478859535,-2344,175
1621844417522,1621844417542,20,0,48,2043.72489240008,-226,184
1621844417572,1621844417602,30,0,126,8052.61553196191,-1,176
1621844418051,1621844418331,279,4,869,80657.3809558923,-81615,202
1621844418341,1621844418411,70,0,231,21032.0195519541,-12807,161
1621844418451,1621844418491,40,6,377,16677.0042445612,-32084,263
1621844418701,1621844418721,20,1,71,4296.72173392312,-1557,347
1621844418731,1621844418791,60,0,107,7535.38261068307,-5479,347
1621844419051,1621844419131,80,5,878,28410.4964558137,-79764,62
1621844419191,1621844419221,30,3,153,10158.3421788713,-8730,230
1621844419401,1621844419421,20,0,53,3276.92347410445,-2010,0
1621844419431,1621844419711,280,1,492,28308.8569067107,-45107,110
1621844419720,1621844419740,19,1,77,6178.14560905757,-905,157
1621844419950,1621844419990,40,0,131,9423.62188587286,-2239,90
1621844420000,1621844420040,40,0,144,13275.1017167518,-8288,122
1621844420120,1621844420210,90,4,241,14816.5241522174,-11405,32
1621844420220,1621844420240,20,1,92,6864.80305478931,-1,227
1621844420250,1621844420350,100,4,156,7640.27306228723,-12330,137
1621844420480,1621844420560,80,0,205,10554.685872072,-16837,69
1621844420620,1621844420650,30,3,132,9219.40362797502,-6748,232
1621844420660,1621844420690,30,3,142,9173.00633107309,-9919,54
1621844420710,1621844420720,10,-1,39,1909.01586788509,-1,-1
1621844420820,1621844420850,30,3,140,9316.38569087547,-5442,301
1621844420890,1621844420950,60,3,179,5755.55116509039,-11648,217
1621844421030,1621844421130,100,4,323,28965.3622758298,-22470,159
1621844421140,1621844421170,30,5,440,41190.5037451408,-21526,107
1621844421200,1621844421240,40,4,217,21604.8286889823,-14059,270
1621844421250,1621844421280,30,4,204,14340.3640744094,-7356,253
1621844421320,1621844421350,30,3,140,7068.78239750044,-9966,281
1621844421389,1621844421399,10,-1,63,4741.49837254671,-1,-1
1621844421409,1621844421419,10,-1,47,1986.15511103913,-1,-1
1621844421449,1621844421479,30,1,73,6606.56175067087,-3120,107
1621844421489,1621844421499,10,-1,40,1426.04415485757,-1,-1
1621844421519,1621844421539,20,1,95,6012.71831097216,-1,96
1621844421549,1621844421619,70,2,83,5139.10250499528,-4721,276
1621844421669,1621844421689,20,1,71,4817.69173253313,-1456,83
1621844421719,1621844421739,20,0,64,3859.40795517254,-23,267
1621844421749,1621844421759,10,-1,211,18974.9450882653,-1,-1
1621844421769,1621844421779,10,-1,188,16775.8080403255,-1,-1
1621844421959,1621844422269,310,8,1166,16380.2881322349,-53651,81
1621844422279,1621844422289,10,-1,44,1497.88230069831,-1,-1
1621844422409,1621844422469,60,11,405,19876.1298235391,-20052,180
1621844422689,1621844422749,60,10,462,23661.1392896292,-24451,10
1621844423009,1621844423068,59,13,372,18807.474981272,-13632,183
1621844423768,1621844423938,170,30,557,15946.6240804564,-34937,106
1621844423968,1621844424068,100,3,353,21458.7443474252,-10222,315
1621844424088,1621844424128,40,1,58,2463.21115236645,-2659,316
1621844424158,1621844424228,70,6,334,22164.1712479237,-15132,198
1621844424288,1621844424318,30,0,32,568.468350262743,-102,355
1621844424328,1621844424348,20,0,37,771.908474478772,-698,12
1621844424368,1621844424388,20,0,66,2590.8138108326,-1,0
1621844424398,1621844424448,50,2,73,2968.28509707464,-2599,215
1621844424498,1621844424518,20,0,41,1393.58853363951,-1,329
1621844424528,1621844424538,10,-1,30,321.503501683269,-1,-1
1621844424548,1621844424558,10,-1,33,2330.65852339099,-1,-1
1621844424847,1621844424857,10,-1,35,1238.99089783851,-1,-1
1621844425057,1621844425117,60,11,384,19305.9294871551,-14415,2
1621844425347,1621844425377,30,2,119,7072.0112852853,-6576,152
1621844425657,1621844425707,50,9,347,15830.3174451573,-18322,179
1621844425867,1621844425967,100,6,121,7219.69525771734,-3117,154
1621844426346,1621844426716,369,5,470,20632.2403272738,-28875,337
1621844426736,1621844426796,60,1,179,9505.69822629226,-14220,150
1621844426906,1621844427036,130,0,237,18233.0570664196,-12142,270
1621844427066,1621844427076,10,-1,43,2754.28940936686,-1,-1
1621844427226,1621844427276,50,6,253,11671.398727932,-14103,189
1621844427346,1621844427356,10,-1,32,1357.38565596932,-1,-1
1621844427406,1621844427416,10,-1,45,2812.27324809908,-1,-1
1621844427536,1621844427756,220,5,874,58930.7476553788,-36956,357
1621844427776,1621844427786,10,-1,30,544.728317485954,-1,-1
1621844427976,1621844428085,109,4,221,11729.6223914422,-11890,163
1621844428095,1621844428105,10,-1,133,12562.5404036861,-1,-1
1621844428115,1621844428125,10,-1,131,10492.9220475491,-1,-1
1621844428135,1621844428225,90,4,231,14777.2510116598,-7727,113
1621844428235,1621844428285,50,4,147,12546.2766718666,-7880,279
1621844428305,1621844428325,20,1,174,11086.665558382,-1,91
1621844428335,1621844428385,50,3,285,16248.7875377319,-24555,96
1621844428395,1621844428455,60,1,216,20220.1991643934,-14542,90
1621844428645,1621844428665,20,1,175,11601.4646327819,-1,263
1621844428675,1621844428685,10,-1,201,18366.0622061984,-1,-1
1621844428695,1621844428745,50,5,171,16480.6718938999,-7149,278
1621844428755,1621844428855,100,5,271,17680.351817019,-23733,20
1621844428885,1621844428895,10,-1,61,3892.08924616849,-1,-1
1621844428925,1621844428935,10,-1,40,3655.08631945524,-1,-1
1621844429025,1621844429035,10,-1,38,3852.22544423939,-1,-1
1621844429245,1621844429355,110,1,293,15909.2112370327,-3872,162
1621844429485,1621844429644,159,1,376,23232.592206676,-32563,320
1621844429684,1621844429724,40,1,45,2868.11680317421,-677,89
1621844429824,1621844429904,80,11,353,20806.3794742572,-22790,190
1621844429914,1621844430024,110,3,1098,84226.488016272,-90242,69
1621844430094,1621844430164,70,6,375,11205.2721234076,-31845,318
1621844430534,1621844430614,80,2,112,7752.83867996589,-5696,193
1621844430704,1621844430744,40,3,158,9420.4287712029,-12049,65
1621844430754,1621844430994,240,4,189,11530.7617597494,-15256,353
1621844431004,1621844431094,90,0,308,21649.0139737742,-20645,232
1621844431383,1621844431423,40,9,321,15975.2667036765,-14836,173
1621844431433,1621844431453,20,1,58,3404.91843034402,-1371,210
1621844431513,1621844431533,20,3,173,15062.7712297254,-1,110
1621844431553,1621844431663,110,0,391,16449.8778022852,-28492,348
1621844431723,1621844431783,60,10,276,23857.3157299721,-20659,270
1621844431903,1621844431973,70,8,556,47123.3891732195,-42812,20
1621844432013,1621844432123,110,0,381,12470.8159879616,-27610,158
1621844432193,1621844432213,20,0,64,4068.0587498088,-1427,336
1621844432233,1621844432253,20,1,88,4932.15258324771,-1,175
1621844432263,1621844432343,80,8,98,8643.8405352797,-320,13
1621844432583,1621844432653,70,33,795,24887.0646090676,-214,39
1621844432753,1621844432893,140,9,116,206.129389902485,-6569,173
1621844433012,1621844433022,10,-1,32,-1.0,-1,-1
1621844434302,1621844434372,70,5,598,41464.9863185929,-30191,334
1621844434432,1621844434472,40,1,46,957.629161813531,-889,211
1621844434482,1621844434532,50,4,137,3416.65596795768,-7085,247
1621844434701,1621844434721,20,0,43,2316.08843349945,-569,173
1621844434861,1621844435161,300,15,1060,54750.1768873739,-68237,27
1621844435181,1621844435321,140,6,221,16698.8363729794,-8754,10
1621844435331,1621844435431,100,2,205,13319.4902256623,-10033,0
1621844435441,1621844435471,30,3,162,9947.13038246747,-9983,123
1621844435991,1621844436240,249,29,690,26825.0797556167,-27750,161
1621844436360,1621844436440,80,15,1514,2081.35243056076,-80351,193
1621844436530,1621844436580,50,10,449,9144.12403109301,-24796,220
1621844436610,1621844436680,70,5,299,19925.024827776,-17591,85
1621844436690,1621844436830,140,27,524,23559.3084096334,-26208,61
1621844437070,1621844437110,40,4,183,10847.7284363888,-8735,236
1621844437510,1621844437660,150,26,635,36305.3636105945,-38256,240
1621844437800,1621844437830,30,1,76,2545.19356557844,-3385,316
1621844437979,1621844438009,30,0,74,5425.66714374323,-3902,97
1621844438099,1621844438169,70,4,64,3444.18084589147,-1750,168
1621844438179,1621844438289,110,21,2016,112997.643748335,-4986,74
1621844438709,1621844438999,290,32,698,33949.3963045787,-23669,323
1621844438709,1621844438999,290,32,698,33949.3963045787,-23669,323
1621844439019,1621844439049,30,1,65,2919.34992054879,-2609,170
1621844439119,1621844439159,40,3,142,6892.25432019244,-7442,193
1621844439499,1621844439509,10,-1,36,2089.31940946869,-1,-1
1621844439519,1621844439558,39,14,561,29379.9962456358,-16988,156
1621844439658,1621844439688,30,2,324,-1.0,-20331,138
1621844439738,1621844439778,40,3,304,19654.658495738,-26518,351
1621844439788,1621844439898,110,8,186,11495.6472584932,-11973,355
1621844440508,1621844440648,140,18,268,11332.4440153989,-10825,348
1621844440668,1621844440798,130,8,234,16882.2126216783,-15679,345
1621844440818,1621844440888,70,15,540,33853.2826753267,-22850,280
1621844441048,1621844441088,40,4,180,8286.13330281381,-8087,321
1621844441128,1621844441168,40,1,37,568.746763834443,-466,201
1621844441337,1621844441367,30,1,51,1843.52580444027,-9,27
1621844441377,1621844441387,10,-1,39,2340.25915555756,-1,-1
1621844441467,1621844441557,90,3,98,6162.82671301764,-3766,42
1621844441667,1621844442337,670,32,738,48653.0879969294,-47261,161
1621844442397,1621844442627,230,21,468,34598.6563805482,-38015,299
1621844442817,1621844442916,99,26,609,26648.6121451136,-17773,301
1621844443026,1621844443126,100,5,233,14087.5448500658,-18007,263
1621844443156,1621844443206,50,1,94,5596.53521391744,-1812,152
1621844443216,1621844443256,40,4,138,11199.8456239506,-1,49
1621844443266,1621844443306,40,4,228,20393.2479339609,-16812,208
1621844443316,1621844443326,10,-1,55,4056.05713735018,-1,-1
1621844443356,1621844443386,30,0,43,1155.58741534248,-1,137
1621844443396,1621844443556,160,13,1009,50108.3992445627,-8943,115
1621844443756,1621844444116,360,15,936,20764.3862303422,-44949,250
1621844444136,1621844444246,110,1,292,22309.082657759,-13419,190
1621844444276,1621844444306,30,1,70,3220.73865406411,-3325,52
1621844444476,1621844444505,29,2,119,6688.86855508884,-7658,182
1621844444635,1621844444645,10,-1,30,-1.0,-1,-1
1621844445115,1621844445135,20,0,57,4111.54861053944,-1594,107
1621844445175,1621844445205,30,2,120,7624.10005841147,-4545,343
1621844445655,1621844445705,50,1,46,1435.71945040901,-716,13
1621844445725,1621844445735,10,-1,30,404.83587521935,-1,-1
1621844445835,1621844445855,20,1,101,6595.04830125954,-1,160
1621844445935,1621844445955,20,0,62,3585.34034179297,-1309,3
1621844445975,1621844446045,70,6,133,3105.64319731217,-2470,4
1621844446055,1621844446065,10,-1,216,18665.6252639583,-1,-1
1621844446474,1621844446654,180,7,874,18028.2308010592,-50640,60
1621844446674,1621844446694,20,3,359,21051.279844698,-1,206
1621844446814,1621844446974,160,27,457,19562.6512656236,-25830,264
1621844446984,1621844447004,20,1,140,12748.4434838514,-10132,40
1621844447084,1621844447134,50,3,270,16457.1190561268,-9435,185
1621844447744,1621844447784,40,2,64,68.5704165579914,-3042,247
1621844447863,1621844447873,10,-1,110,8369.98211978126,-1,-1
1621844449253,1621844449273,20,1,202,-1.0,-12054,256
1621844451441,1621844451471,30,24,1846,74117.5586460345,-1,251
1621844451481,1621844451711,230,15,1559,153906.39523481,-80854,112
1621844451721,1621844451771,50,3,151,8994.49727818535,-8979,16
1621844451951,1621844451991,40,2,519,44739.8217681804,-1,160
1621844453360,1621844453430,70,2,259,1923.10664501364,-21769,339
1621844453450,1621844453560,110,4,187,8440.08428864448,-12458,49
1621844453620,1621844453640,20,1,69,5203.16513547515,-1180,303
1621844455359,1621844455389,30,2,292,-1.0,-17550,274
1621844455419,1621844455429,10,-1,1233,122540.366310169,-1,-1
1621844458607,1621844458737,130,15,232,15492.8063213863,-9015,8
1621844461065,1621844461205,140,4,319,22500.9743969132,-20993,2
1621844461385,1621844461615,230,18,1905,99260.4627125171,-105480,95
1621844461625,1621844461655,30,4,168,7418.83834834246,-9583,357
1621844461675,1621844461785,110,8,208,11876.9066955154,-12437,352
1621844461805,1621844461965,160,11,148,4265.28902864968,-5415,358
1621844462145,1621844462595,450,17,603,27272.4544177802,-56172,355
1621844462635,1621844462665,30,1,74,2395.25043824532,-3292,320
1621844462684,1621844462694,9,-1,32,379.414762386618,-1,-1
1621844462704,1621844462764,60,2,65,3049.77583094705,-2010,325
1621844462794,1621844462844,50,2,74,4349.4310002838,-1948,290
1621844462854,1621844462874,20,1,91,6028.9917185332,-1,285
1621844463244,1621844463304,60,8,353,20161.3008454348,-23109,144
1621844463414,1621844463474,60,2,71,2427.98455758749,-3694,61
1621844463484,1621844463544,60,7,287,14379.7966683139,-19846,10
1621844463584,1621844463614,30,0,36,1567.61617759877,-343,65
1621844463654,1621844463734,80,6,221,10050.0943511448,-9231,171
1621844463744,1621844463754,10,-1,43,1520.73352325883,-1,-1
1621844463814,1621844463834,20,0,49,2716.93130698994,-1366,4
1621844463884,1621844463914,30,9,456,28467.9556594309,-24939,147
1621844463974,1621844464004,30,2,132,6663.89442520239,-6292,2
1621844464024,1621844464134,110,4,79,3873.15193093194,-3123,344
1621844464184,1621844464194,10,-1,33,560.395888931203,-1,-1
1621844464224,1621844464234,10,-1,30,167.621581586732,-1,-1
1621844464284,1621844464323,39,1,261,18324.1076886062,-20364,321
1621844464333,1621844464383,49,2,90,3484.97143644196,-2942,100
1621844464473,1621844464753,280,30,991,51702.3693636637,-54218,240
1621844464783,1621844464833,50,2,86,5284.14319668603,-2843,172
1621844464843,1621844464863,20,0,33,867.326419402889,-358,129
1621844464933,1621844464983,50,1,35,686.888066229178,-1,286
1621844465003,1621844465053,50,1,60,1294.57006218189,-1875,303
1621844465103,1621844465113,10,-1,36,1232.28916522048,-1,-1
1621844465213,1621844465243,30,1,72,3473.87398658935,-1656,62
1621844465283,1621844465313,30,1,54,1980.44072703859,-2377,81
1621844465393,1621844465423,30,1,81,3654.18135174259,-3719,99
1621844465553,1621844465583,30,1,68,3711.02842203299,-3175,257
1621844465633,1621844465863,230,18,402,14290.6010179146,-5513,75
1621844467032,1621844467182,150,21,363,16882.8714583666,-17225,278
1621844467222,1621844467242,20,0,45,1766.86675228001,-1,137
1621844467342,1621844467352,10,-1,84,5571.41951762981,-1,-1
1621844467462,1621844467502,40,2,130,-1.0,-5518,130
1621844467512,1621844467562,50,2,73,2735.34082850724,-3558,73
1621844475687,1621844475906,219,27,606,37239.2496450094,-28791,267
1621844475936,1621844476076,140,8,229,13240.2374398695,-3916,318
1621844476246,1621844476256,10,-1,638,-1.0,-1,-1
1621844479025,1621844479194,169,13,238,8114.76916852539,-5030,336
1621844479204,1621844479224,20,0,46,4264.25268275167,-25,88
1621844479254,1621844479284,30,2,105,6691.1156762542,-4950,70
1621844479314,1621844479374,60,4,190,12030.0093921009,-15802,273
1621844479404,1621844479434,30,2,207,11028.2754061355,-1892,65
1621844480863,1621844481323,459,29,577,31422.3547708336,-18495,255
1621844481413,1621844481503,90,0,140,10265.3717320992,-3087,108
1621844481873,1621844481973,100,5,340,27126.1875785305,-14614,0
1621844482243,1621844482253,10,-1,399,-1.0,-1,-1
1621844482343,1621844482393,50,5,171,897.318064434055,-4971,71
1621844482423,1621844482453,30,1,52,1306.06083629821,-1940,332
1621844483072,1621844483432,360,32,652,37531.0743076318,-58891,198
1621844483452,1621844483732,280,9,535,21360.2545047375,-22159,341
1621844483772,1621844483802,30,3,147,9014.77063691903,-7656,178
1621844483842,1621844483862,20,0,65,2426.96407682453,-1,331
1621844483892,1621844483912,20,0,41,2973.21535065282,-1,317
1621844483972,1621844484022,50,9,319,18746.9119004449,-13076,107
1621844484052,1621844484141,89,3,46,1438.13009049116,-594,338
1621844484221,1621844484401,180,20,1835,89353.1527540911,-179339,27
1621844485031,1621844485321,290,22,557,27363.2918585979,-23987,190
1621844485341,1621844485351,10,-1,63,4969.4712164453,-1,-1
1621844485381,1621844485421,40,5,229,11499.2500952248,-11749,16
1621844485441,1621844485471,30,2,97,6408.21260199646,-6061,233
1621844485491,1621844485541,50,2,218,8700.87787671584,-12333,84
1621844485591,1621844485661,70,4,236,13245.3187618905,-10606,141
1621844485681,1621844485731,50,2,456,39851.0244806561,-29983,47
1621844485741,1621844485751,10,-1,30,117.452681453541,-1,-1
1621844485970,1621844486080,110,26,588,44001.9469156369,-31126,237
1621844486120,1621844486150,30,2,123,8433.49749509891,-8797,281
1621844486190,1621844486200,10,-1,245,21767.6557398808,-1,-1
1621844486340,1621844486390,50,2,53,2.70683336617736,0,169
1621844487030,1621844487300,270,28,520,44114.7110710971,-24533,1
1621844487390,1621844487400,10,-1,34,894.98693306755,-1,-1
1621844487420,1621844487440,20,0,39,3142.27449028832,-1,280
1621844487559,1621844487589,30,0,47,1436.21925279828,-1344,273
1621844487649,1621844487689,40,1,35,588.149203529781,-317,287
1621844487719,1621844487749,30,1,81,4560.41373577328,-4132,270
1621844487759,1621844487779,20,0,43,2054.02819407337,-875,240
1621844487789,1621844487839,50,2,75,3302.21781964428,-2258,277
1621844487899,1621844487909,10,-1,34,853.138937592994,-1,-1
1621844487999,1621844488029,30,2,221,9945.9899516484,-1,86
1621844488129,1621844488179,50,7,906,39785.6502619406,-57810,337
1621844488349,1621844488409,60,6,192,8096.39168884324,-8985,267
1621844488419,1621844488449,30,1,51,1811.48263016282,-1097,310
1621844488489,1621844488969,480,7,796,43192.0295646722,-53404,108
1621844489019,1621844489168,149,3,229,12474.2842244255,-14214,238
1621844489268,1621844489348,80,8,284,17483.2187453496,-8705,103
1621844489388,1621844489558,170,7,145,9831.87706836386,-10300,121
1621844489588,1621844489618,30,2,103,6541.31044356618,-4323,306
1621844489658,1621844489688,30,1,61,3584.39391409793,-1964,71
1621844489828,1621844489858,30,0,43,1800.66205061568,-1074,13
1621844489988,1621844490058,70,6,123,8286.46045296648,-3040,53
1621844490068,1621844490178,110,1,284,17492.1380464678,-19251,109
1621844490278,1621844490288,10,-1,36,1471.49851074605,-1,-1
1621844490318,1621844490358,40,2,198,17839.0482200018,-7049,144
1621844490488,1621844490528,40,14,1542,-1.0,-104955,354
1621844490538,1621844490698,160,13,245,17870.9962357618,-14206,171
1621844490708,1621844490877,169,3,1244,98071.0667709628,-68456,176
1621844490997,1621844491027,30,1,53,1654.03369792979,-1407,239
1621844491157,1621844491187,30,1,68,2737.1443938776,-3293,175
1621844491277,1621844491317,40,3,173,7953.18576154885,-9140,253
1621844491357,1621844491377,20,0,43,2703.55843861095,-1,135
1621844491447,1621844491457,10,-1,31,1071.76845562222,-1,-1
1621844491497,1621844491527,30,1,59,3520.9478782205,-1277,82
1621844491627,1621844491637,10,-1,36,1096.77060754328,-1,-1
1621844491847,1621844491947,100,8,124,3597.3657739386,-4916,275
1621844492047,1621844492247,200,20,326,13484.8853769018,-15578,96
1621844492257,1621844492317,60,4,202,13251.3926673215,-1455,35
1621844492257,1621844492317,60,4,202,13251.3926673215,-1455,35
1621844495425,1621844495675,250,20,470,32394.6132347466,-23635,337
1621844495685,1621844495695,10,-1,83,6603.12104948519,-1,-1
1621844495914,1621844495974,60,4,145,9219.15665376056,-8879,203
1621844496174,1621844496194,20,0,32,1523.1683969231,-117,284
1621844496234,1621844496264,30,2,109,5019.34321644935,-5736,79
1621844496334,1621844496404,70,2,219,16525.6846100513,-8987,77
1621844496434,1621844496474,40,3,166,10002.1667482629,-7607,263
1621844496494,1621844496514,20,0,45,1195.08655213892,-1,225
1621844496524,1621844496534,10,-1,43,1470.68728485882,-1,-1
1621844496544,1621844496564,20,9,1293,88427.1558117694,-1,139
1621844496874,1621844496934,60,2,215,966.120916844938,-14657,205
1621844496944,1621844497004,60,2,1067,103146.420746598,-951,238
1621844497204,1621844497234,30,2,248,-1.0,-12643,233
1621844497244,1621844497264,20,0,43,2475.92539138909,-945,63
1621844497573,1621844497583,10,-1,472,46961.5137126766,-1,-1
1621844499402,1621844499502,100,4,1137,103217.832530351,-80767,252
1621844500082,1621844500102,20,0,200,-1.0,-13316,270
1621844500112,1621844500132,20,0,54,3221.25950623053,0,45
1621844500152,1621844500172,20,0,53,2546.58377650025,-1535,49
1621844500182,1621844500212,30,1,65,2398.27569039825,-3339,81
1621844500232,1621844500322,90,12,309,15493.5551314442,-1,260
1621844500552,1621844500612,60,12,927,34560.8995992177,-74070,315
1621844500711,1621844500721,10,-1,35,896.001466469095,-1,-1
1621844500781,1621844500861,80,23,367,19392.8616563821,-3331,95
1621844512155,1621844512234,79,4,139,6385.80805192538,-8325,243
1621844512284,1621844512344,60,7,167,8792.67293738825,-7698,91
1621844512664,1621844512734,70,33,1106,73426.9802093516,-84882,63
1621844515273,1621844515293,20,2,388,9242.91799019344,-1,249
1621844516202,1621844516362,160,10,503,32144.3918427055,-38597,295
1621844516382,1621844516532,150,28,565,27066.7228326605,-13300,180
1621844516542,1621844516672,130,9,468,32687.9385173446,-31618,26
1621844516682,1621844516852,170,19,432,24463.4385080153,-34122,328
1621844517022,1621844517042,20,0,43,1805.80452792911,-1036,70
1621844517331,1621844517471,140,4,554,26992.6277624364,-43160,191
1621844517711,1621844517801,90,3,677,30785.4975080171,-48508,209
1621844517841,1621844517861,20,0,36,557.041142481717,-1,82
1621844517881,1621844517901,20,0,33,349.90958831714,-212,53
1621844517921,1621844517931,10,-1,33,562.815089664226,-1,-1
1621844518011,1621844518091,80,1,243,12733.8722227718,-15046,107
1621844518111,1621844518131,20,0,42,2465.34273874435,-1256,228
1621844518171,1621844518191,20,0,35,2135.92476631161,-1,63
1621844518251,1621844518271,20,0,54,4701.51997652058,-1494,248
1621844518441,1621844518451,10,-1,32,292.923533451408,-1,-1
1621844518461,1621844518531,70,3,108,6833.04573987315,-3570,199
1621844518581,1621844518691,110,1,439,27058.2454507338,-18745,341
1621844518880,1621844519000,120,4,287,15990.0683550827,-15711,4
1621844519030,1621844519040,10,-1,35,798.360330848496,-1,-1
1621844519170,1621844519310,140,28,614,27555.7582455683,-17378,229
1621844519400,1621844519670,270,20,836,37130.2954933511,-21099,93
1621844525546,1621844525656,110,17,780,38945.8360807114,-58149,279
1621844525666,1621844525676,10,-1,43,1648.52504086813,-1,-1
1621844525686,1621844525696,10,-1,31,230.103966519729,-1,-1
1621844525706,1621844525736,30,1,53,2136.85417958464,-2265,174
1621844525756,1621844525796,40,4,167,9398.23706306693,-8802,316
1621844526326,1621844526336,10,-1,36,3134.30871428178,-1,-1
1621844526346,1621844526356,10,-1,115,9664.58173671941,-1,-1
1621844526366,1621844526386,20,1,136,10844.6873246431,-7968,33
1621844526396,1621844526426,30,5,238,16155.7479820368,-8168,310
1621844526486,1621844526516,30,3,154,9449.25747336315,-9298,59
1621844526536,1621844526576,40,5,186,13236.3501793237,-11521,190
1621844526966,1621844527065,99,3,111,6574.98158370225,-3290,278
1621844527265,1621844527315,50,37,1635,96249.769587585,-57659,81
1621844533082,1621844533152,70,3,178,10088.5386623104,-8959,188
1621844533162,1621844533202,40,4,172,14042.9085023676,-11691,357
1621844533212,1621844533232,20,0,42,1181.48811261507,-1,330
1621844533242,1621844533262,20,0,64,3572.9494733991,-1807,237
1621844533312,1621844533512,200,12,84,1357.17529198122,-788,339
1621844533652,1621844533801,149,3,591,17827.141964666,-40353,280
1621844533821,1621844533851,30,1,49,1838.74715864667,-1224,2
1621844533881,1621844533991,110,19,269,12226.7015176039,-10399,176
1621844534001,1621844534081,80,2,77,4414.59310866165,-2887,350
1621844534141,1621844534151,10,-1,32,680.212368766893,-1,-1
1621844534161,1621844534201,40,7,467,17215.0505407947,-42775,273
1621844534221,1621844534241,20,0,36,1898.73459530264,-1,36
1621844534271,1621844534311,40,7,290,16716.5796337911,-15930,50
1621844534321,1621844534351,30,5,238,12190.1590284387,-10770,61
1621844534391,1621844534501,110,20,559,41728.1385937307,-18750,39
1621844535301,1621844535380,79,7,429,7.3930100235897,-31183,286
1621844535390,1621844535420,30,1,54,2000.06100458611,-1174,39
1621844535440,1621844535490,50,14,381,19513.7097605023,-5633,221
1621844535500,1621844535650,150,8,187,8909.39932878828,-8456,341
1621844535670,1621844535830,160,37,723,31374.1297371959,-27253,92
1621844535850,1621844536140,290,9,1042,48175.1497102733,-91829,311
1621844536170,1621844536220,50,5,180,10747.0493553878,-8764,109
1621844536450,1621844536480,30,1,44,1448.58614120386,-1227,158
1621844536500,1621844536580,80,3,368,17492.1214270194,-15225,2
1621844536730,1621844536910,180,22,709,16206.0055057398,-33252,214
1621844537009,1621844537049,40,2,107,4416.82789280003,-4185,354
1621844537079,1621844537089,10,-1,36,1145.69027406196,-1,-1
1621844537119,1621844537129,10,-1,31,245.657456373569,-1,-1
1621844537219,1621844537239,20,0,43,2134.06156811621,-1,338
1621844537399,1621844537409,10,-1,30,1491.94010825858,-1,-1
1621844537509,1621844537559,50,1,37,995.536544963464,-747,358
1621844537579,1621844537589,10,-1,35,846.110734273607,-1,-1
1621844537759,1621844537819,60,4,126,3878.73934073148,-5801,354
1621844537829,1621844537979,150,16,176,5865.62466553434,-3941,359
1621844538339,1621844538519,180,14,381,27743.6300944911,-19051,350
1621844538609,1621844538708,99,10,474,17393.0540340352,-17046,213
1621844538718,1621844538728,10,-1,31,1047.33414791974,-1,-1
1621844538818,1621844538848,30,1,69,3390.83881200766,-2793,298
1621844538948,1621844538988,40,8,349,20212.6738755173,-20336,63
1621844538998,1621844539008,10,-1,30,870.326454724387,-1,-1
1621844539148,1621844539158,10,-1,156,14490.2965504757,-1,-1
1621844539668,1621844539768,100,5,825,30315.0423755452,-68575,303
1621844539818,1621844539838,20,0,51,2313.92677035925,-2064,19
1621844539868,1621844539878,10,-1,35,1050.27599118316,-1,-1
1621844539898,1621844539908,10,-1,31,533.236853921796,-1,-1
1621844539918,1621844539988,70,4,152,9052.11607618807,-7219,292
1621844540008,1621844540018,10,-1,38,1835.66726662736,-1,-1
1621844540028,1621844540048,20,0,53,2086.49263978622,-1,289
1621844540128,1621844540278,150,22,948,42433.2624991865,-29833,297
1621844540417,1621844540467,50,5,707,35118.7838926381,-49409,273
1621844540627,1621844540687,60,6,116,5115.16332065473,-1,88
1621844540697,1621844540717,20,1,143,11739.0656483513,-8040,254
1621844540727,1621844540757,30,1,59,2951.51681367256,-635,253
1621844540767,1621844540787,20,0,57,3512.36307858067,-2041,180
1621844540827,1621844541007,180,10,1773,131584.865129553,-13754,139
1621844541297,1621844541577,280,15,1011,75850.2762199394,-80481,98
1621844541697,1621844541717,20,1,155,8184.58821128123,-1,86
1621844541907,1621844542036,129,2,1603,148966.458187318,-69089,27
1621844542056,1621844542246,190,6,453,26539.3791930212,-33996,41
1621844542256,1621844542266,10,-1,42,1903.35090247754,-1,-1
1621844542656,1621844542756,100,21,710,1839.50655605977,-20659,64
1621844542776,1621844542936,160,5,1236,82345.8778012064,-62839,350
1621844543166,1621844543186,20,2,222,-1.0,-587,83
1621844543196,1621844543466,270,19,303,21625.6093140728,-17976,313
1621844543196,1621844543466,270,19,303,21625.6093140728,-17976,313
1621844543486,1621844543546,60,2,46,1526.32481240609,-696,343
1621844543556,1621844543585,29,0,38,679.684006378922,-198,33
1621844543625,1621844543635,10,-1,44,2001.64780061476,-1,-1
1621844543665,1621844543695,30,5,290,17637.6811667202,-15375,241
1621844543805,1621844543835,30,0,39,1033.99027180629,-240,114
1621844543845,1621844543945,100,8,438,30490.7367508296,-1,134
1621844544085,1621844544295,210,27,597,22642.3070635735,-34305,173
1621844544315,1621844544335,20,0,39,963.321958795451,-1,180
1621844544385,1621844544425,40,5,248,17027.6206675523,-16031,165
1621844544565,1621844544635,70,5,78,3537.99565266977,-82,109
1621844545195,1621844545244,49,2,78,2012.35725300415,-4395,284
1621844545254,1621844545284,30,1,62,2695.03918506565,-2461,255
1621844545304,1621844545314,10,-1,34,1710.98202047233,-1,-1
1621844545324,1621844545494,170,17,592,20576.3520647126,-21237,289
1621844545584,1621844545624,40,4,200,1227.66235137754,-7693,282
1621844545754,1621844545774,20,0,51,3283.89118769658,-1923,101
1621844545784,1621844545834,50,2,71,3258.85442701503,-2520,126
1621844545854,1621844545874,20,0,36,1725.73149047876,-1,135
1621844546044,1621844546084,40,1,52,1507.7095053713,-1779,162
1621844546124,1621844546144,20,0,43,1552.15025929852,-1309,110
1621844546314,1621844546404,90,7,400,20630.836453981,-4142,36
1621844546574,1621844546604,30,1,265,-1.0,-19226,326
1621844546614,1621844546654,40,0,90,8516.59092885351,-5020,316
1621844546704,1621844546864,160,17,337,13840.580313477,-13497,209
1621844546913,1621844546963,50,1,57,3329.11594557245,-1738,6
1621844547163,1621844547433,270,11,399,27252.8547209865,-29659,46
1621844547443,1621844547453,10,-1,232,20970.3592648959,-1,-1
1621844548033,1621844548053,20,1,217,-1.0,-13297,250
1621844548892,1621844549092,200,19,646,22295.0345070154,-29350,227
1621844549102,1621844549212,110,10,276,15101.3917528303,-10958,200
1621844549292,1621844549452,160,25,762,35128.1328461953,-23765,93
1621844549532,1621844549612,80,4,75,2362.03575422151,-41,89
1621844552430,1621844552440,10,-1,56,-1.0,-1,-1
1621844552470,1621844552540,70,1,83,5539.2523865913,-2636,265
1621844552670,1621844552680,10,-1,36,2153.56299751451,-1,-1
1621844552700,1621844552720,20,0,57,3738.23372876097,-1390,17
1621844553070,1621844553390,320,23,446,25952.5907064135,-30565,207
1621844553450,1621844553460,10,-1,31,925.481680244806,-1,-1
1621844553499,1621844553509,10,-1,32,560.749141797076,-1,-1
1621844553529,1621844553539,10,-1,31,1146.2282636643,-1,-1
1621844553579,1621844553809,230,28,652,48430.8619182394,-23889,93
1621844554599,1621844554679,80,4,117,2310.24257454769,-4557,8
1621844555039,1621844555069,30,1,73,68.6817421301782,-3385,339
1621844555089,1621844555109,20,0,49,2635.74047396427,-1,336
1621844555119,1621844555148,29,1,73,3862.93580400203,-1,331
1621844555868,1621844556078,210,21,349,23111.0584620919,-19310,221
1621844556098,1621844556178,80,3,65,1420.13273186428,-2420,98
1621844556208,1621844556218,10,-1,35,943.152870484412,-1,-1
1621844556358,1621844556468,110,7,365,19230.4246139505,-17637,53
1621844556678,1621844556738,60,7,400,4349.57437576276,-20122,314
1621844556758,1621844556807,49,7,241,7273.25451258809,-1,333
1621844556817,1621844556847,30,2,215,18738.8112837752,-9211,167
1621844556907,1621844556957,50,10,354,22034.4595272766,-18728,203
1621844556977,1621844557117,140,12,250,18795.3558176708,-18423,68
1621844557177,1621844557277,100,26,549,27986.0728427806,-19316,287
1621844557387,1621844557407,20,0,73,3939.17973985309,-1,253
1621844557417,1621844557477,60,2,239,16321.2510605812,-3990,90
1621844557487,1621844557537,50,5,240,11165.4754399283,-17472,253
1621844557627,1621844557657,30,0,38,518.39473082548,-1,90
1621844557667,1621844557767,100,2,382,20738.5400453803,-32166,82
1621844557907,1621844557917,10,-1,31,1833.1649772694,-1,-1
1621844557957,1621844558057,100,27,620,36367.2410285539,-24927,76
1621844558197,1621844558227,30,1,79,3592.08327608821,-1,153
1621844558237,1621844558247,10,-1,50,3137.25125963199,-1,-1
1621844558726,1621844558886,160,24,580,33221.9402787615,-26538,202
1621844558906,1621844558926,20,4,229,20150.2047269924,-828,232
1621844558966,1621844559056,90,6,202,14648.9439621168,-12423,258
1621844559116,1621844559126,10,-1,31,268.206062192138,-1,-1
1621844559176,1621844559516,340,12,426,30501.4423902818,-22413,351
1621844559526,1621844559706,180,18,451,32363.857551017,-26263,91
1621844559726,1621844559796,70,2,42,2059.61109280473,-403,207
1621844559826,1621844559906,80,3,65,1842.39376969099,-511,308
1621844560095,1621844560155,60,5,570,22799.8976475968,-35838,358
1621844560275,1621844560305,30,1,113,9318.25308365111,-4888,75
1621844560315,1621844560405,90,8,552,22020.0030616259,-29089,47
1621844560525,1621844560585,60,15,722,-1.0,-24525,263
1621844560685,1621844560715,30,0,32,958.697720257799,-245,289
1621844560725,1621844560865,140,28,548,28593.6569104787,-24246,84
1621844560875,1621844560895,20,1,81,6176.32021478169,-2060,60
1621844560925,1621844560975,50,2,415,31170.1825738035,-25719,232
1621844561565,1621844561605,40,1,76,4210.42490064173,-1,189
1621844561764,1621844561804,40,1,33,-1.0,-5,144
1621844562654,1621844562694,40,1,52,1012.33038919283,-1,289
1621844562704,1621844562714,10,-1,35,981.682665645064,-1,-1
1621844562774,1621844562804,30,2,105,6657.67961026887,-4246,40
1621844566891,1621844566911,20,1,173,-1.0,-11375,265
1621844566971,1621844566991,20,0,36,866.073664188698,-31,83
1621844567971,1621844568221,250,23,520,39626.510228056,-39137,187
1621844568231,1621844568420,189,6,509,20633.7962793491,-35498,83
1621844568440,1621844568580,140,8,336,18698.6615648404,-14364,186
1621844570009,1621844570069,60,3,59,-1.0,-39,70
1621844571429,1621844571459,30,1,126,-1.0,-8247,272
1621844571479,1621844571798,319,8,552,48519.7063083323,-29389,260
1621844571838,1621844571928,90,5,171,11779.0691304316,-11844,274
1621844571938,1621844571978,40,2,201,16811.9974313918,-3764,114
1621844572038,1621844572048,10,-1,30,463.898215074011,-1,-1
1621844572078,1621844572218,140,4,1019,61799.7534200023,-46648,290
1621844572348,1621844572448,100,5,109,7846.73588535077,-4881,118
1621844572668,1621844572718,50,2,115,4324.5937279411,-6397,183
1621844572978,1621844573008,30,1,72,3992.01888419072,-3470,188
1621844573188,1621844573258,70,8,309,13372.2501363002,-15633,9
1621844573397,1621844573457,60,8,318,17003.4929573677,-19928,5
1621844573587,1621844573607,20,0,52,2452.07505168039,-1340,175
1621844573657,1621844573697,40,1,46,1487.82024310902,-1539,123
1621844573707,1621844573867,160,6,193,10767.3015380495,-11364,144
1621844573877,1621844573977,100,13,197,16213.6604175946,-6988,357
1621844573987,1621844574007,20,2,180,15058.5423096237,-7987,285
1621844574017,1621844574107,90,3,121,6553.41840370552,-4491,108
1621844574157,1621844574167,10,-1,32,1514.09625291232,-1,-1
1621844574367,1621844574397,30,2,136,1807.05606187983,-5949,282
1621844574417,1621844574547,130,0,486,27841.5209832656,-25695,23
1621844574557,1621844574637,80,14,495,22827.1635559219,-18118,204
1621844574647,1621844574767,120,4,54,1596.02841334126,-1257,338
1621844574777,1621844574787,10,-1,37,799.807470505287,-1,-1
1621844574807,1621844574837,30,1,54,2029.41054020795,-2188,332
1621844574857,1621844574867,10,-1,47,3214.37564896395,-1,-1
1621844574877,1621844574956,79,5,109,4761.78511806334,-705,160
1621844575026,1621844575066,40,1,63,2181.76032980456,-2073,348
1621844575116,1621844575246,130,15,279,11190.7106552132,-15341,59
1621844575286,1621844575336,50,1,60,1664.1243623858,-3004,285
1621844575396,1621844575416,20,0,36,852.987737539375,-614,336
1621844575476,1621844575486,10,-1,35,2358.91154627315,-1,-1
1621844575496,1621844575556,60,20,491,26628.2552714403,-16890,162
1621844575696,1621844575726,30,4,185,296.047034723787,-1,358
1621844576655,1621844576695,40,7,414,17240.3938521415,-513,52
1621844577125,1621844577385,260,13,401,18312.5870245375,-22645,153
1621844577845,1621844578145,300,22,604,15157.4380903726,-30107,347
1621844578224,1621844578424,199,16,687,30467.0045790607,-2894,63
1621844583072,1621844583102,30,1,71,-1.0,-1618,81
1621844583471,1621844583491,20,0,122,-1.0,-8999,230
1621844583521,1621844583571,50,1,52,1671.33332835116,-1003,86
1621844590247,1621844590527,280,20,541,27385.6559383927,-21020,166
1621844590537,1621844590557,20,0,35,1086.22712445317,-1,130
1621844592386,1621844592606,220,16,302,10982.4617727295,-14132,347
1621844592616,1621844592626,10,-1,40,2201.73673793622,-1,-1
1621844592666,1621844592706,40,4,128,5864.91332404721,-1499,320
1621844592716,1621844592736,20,8,478,39159.5126791009,-1,106
1621844604469,1621844604519,50,5,122,188.701221828933,-4864,273
1621844604569,1621844604658,89,4,353,17132.6562010778,-21594,102
1621844604668,1621844604678,10,-1,31,1124.47678806462,-1,-1
1621844604688,1621844604718,30,2,116,6794.42218923601,-6127,98
1621844604818,1621844604838,20,2,115,10271.8253636034,-1,144
1621844605248,1621844605258,10,-1,35,-1.0,-1,-1
1621844605588,1621844605678,90,10,164,6116.20704101342,-7993,190
1621844605688,1621844605698,10,-1,35,778.78824230006,-1,-1
1621844605728,1621844605828,100,3,125,5642.63633194882,-8125,26
1621844607777,1621844608036,259,19,740,26185.0361282368,-46705,329
1621844608066,1621844608136,70,15,573,51516.906135124,-46787,84
1621844608396,1621844608486,90,13,172,538.665939333856,-4346,72
1621844608496,1621844608516,20,0,66,5031.45516289201,-3331,273
1621844610235,1621844610325,90,2,487,23443.2301928481,-34866,293
1621844610335,1621844610415,80,13,446,28274.8495348138,-18260,92
1621844614482,1621844614512,29,1,43,2820.40575599334,-740,310
1621844614582,1621844614682,100,34,479,21686.2785059191,-19570,359
1621844615152,1621844615202,50,0,78,1587.0547188716,-2265,11
1621844615902,1621844616121,219,5,1114,4398.62739170887,-61778,312
1621844616142,1621844616181,39,1,41,3035.51674030151,-419,36
1621844616191,1621844616221,30,1,68,3686.34667466052,-1980,259
1621844616521,1621844616541,20,0,51,2228.00171730915,-819,304
1621844616571,1621844616591,20,0,55,2840.22272580545,-1,282
1621844616891,1621844616981,90,6,240,8487.45874162194,-9902,76
1621844616991,1621844617111,120,7,307,13409.1396304032,-17617,156
1621844617121,1621844617161,40,1,67,1524.42609979583,-1876,81
1621844617421,1621844617541,120,5,811,51813.2016091123,-63636,336
1621844617611,1621844617761,150,8,89,4102.77268027944,-3277,108
1621844617840,1621844617930,90,3,283,17358.7307245217,-21632,286
1621844617940,1621844617950,10,-1,50,2219.54750380927,-1,-1
1621844618010,1621844618030,20,0,126,9101.38969521249,-1,99
1621844618130,1621844618170,40,4,381,1445.93152199085,-25747,12
1621844618270,1621844618290,20,1,150,8119.98822027127,-1,85
1621844618560,1621844618760,200,13,1553,104239.664091937,-110399,6
1621844618870,1621844618940,70,5,164,7229.36789683683,-6621,315
1621844618960,1621844619070,110,5,96,6395.57261215428,-2649,309
1621844619080,1621844619120,40,2,164,14106.0364269301,-7945,315
1621844619140,1621844619150,10,-1,38,1035.42515290139,-1,-1
1621844619320,1621844619350,30,1,74,2778.52555612913,-3041,285
1621844619410,1621844619489,79,4,122,4819.07628300459,-4899,108
1621844619499,1621844619539,40,5,194,8830.20529151026,-9236,14
1621844619559,1621844619689,130,7,171,11685.7433174716,-6423,99
1621844620049,1621844620089,40,0,123,3149.71333351709,-6824,117
1621844620099,1621844620169,70,3,65,2687.31148532344,-1833,205
1621844620179,1621844620229,50,1,60,1495.7030727126,-631,244
1621844620259,1621844620269,10,-1,38,1681.983198717,-1,-1
1621844620299,1621844620319,20,1,141,8765.17564385063,-1,119
1621844620329,1621844620349,20,1,160,14853.563970972,-6157,317
1621844620899,1621844621208,309,8,659,11147.9738933665,-31778,233
1621844621218,1621844621498,280,0,227,15779.9286560893,-12733,249
1621844621548,1621844621788,240,17,204,12208.6929708187,-8603,113
1621844621798,1621844621818,20,0,73,6510.88659135621,-31,19
1621844621998,1621844622058,60,2,48,35.7850714513631,-394,290
1621844622068,1621844622098,30,3,140,6904.29155602607,-1384,177
1621844622118,1621844622228,110,1,389,30590.3067939857,-34216,209
1621844622238,1621844622268,30,1,93,7181.6369089338,-4960,11
1621844622298,1621844622308,10,-1,42,3282.7944320394,-1,-1
1621844622318,1621844622328,10,-1,37,827.512999217007,-1,-1
1621844622348,1621844622368,20,0,51,2668.12883218421,-566,86
1621844624686,1621844624806,120,10,473,18002.6241802457,-32847,233
1621844624896,1621844624936,40,3,417,-1.0,-26120,239
1621844624956,1621844625046,90,5,246,13031.2706973758,-11253,253
1621844625066,1621844625296,230,19,482,25523.3683534386,-37409,104
1621844625956,1621844625966,10,-1,62,-1.0,-1,-1
1621844625976,1621844626036,60,3,91,3389.22386026471,-3440,251
1621844626255,1621844626345,90,9,259,8217.26057640433,-9454,266
1621844626385,1621844626455,70,2,334,21372.6816617432,-22113,262
1621844626475,1621844626485,10,-1,44,1558.38887571795,-1,-1
1621844626555,1621844626795,240,20,166,7207.322249025,-7355,92
1621844627944,1621844627964,20,1,399,-1.0,-30074,262
1621844628014,1621844628034,20,0,49,2352.05812526486,-1,61
1621844628114,1621844628134,20,11,541,53185.1659311411,-1,75
1621844628384,1621844628434,50,10,710,53276.2568414423,-35337,76
1621844629124,1621844629134,10,-1,37,-1.0,-1,-1
1621844633901,1621844634051,150,7,946,4851.43041608985,-58831,260
1621844634061,1621844634081,20,0,42,1967.41822190792,-1237,149
1621844634121,1621844634161,40,2,99,4517.81533176944,-4030,168
1621844634330,1621844634410,80,0,210,15465.5130180071,-10366,338
1621844634490,1621844634620,130,2,296,26121.4695315275,-14862,289
1621844634630,1621844634640,10,-1,37,1432.36421729991,-1,-1
1621844634760,1621844634950,190,4,502,44473.9987635844,-33105,276
1621844634970,1621844635060,90,4,437,36933.5866809485,-16944,349
1621844638578,1621844638608,30,6,953,71869.5309656488,-1,296
1621844640966,1621844640976,10,-1,58,-1.0,-1,-1
1621844640986,1621844641016,30,2,126,6417.8282680412,-5171,111
1621844641036,1621844641086,50,2,78,3098.88532986622,-4104,127
1621844641096,1621844641106,10,-1,35,877.613811112377,-1,-1
1621844645114,1621844645174,60,12,316,-1.0,-13583,333
1621844645184,1621844645324,140,23,330,18084.7936108171,-14993,177
1621844647313,1621844647383,70,21,781,27364.7808704828,-50770,121
1621844654049,1621844654138,89,14,258,8437.03563467315,-413,282
1621844654148,1621844654318,170,9,504,32376.2619693893,-23854,295
1621844654428,1621844654478,50,1,48,1559.00393782311,-1053,298
1621844654498,1621844654518,20,0,49,1661.57536492414,-1,284
1621844654528,1621844654558,30,2,100,5636.59495432858,-3540,180
1621844654598,1621844654698,100,2,408,26948.8336953614,-19720,115
1621844654738,1621844654768,30,2,135,8266.96877579109,-3875,299
1621844654868,1621844654878,10,-1,39,998.504338019578,-1,-1
1621844654888,1621844654908,20,6,703,39358.2902393097,-1,31
1621844656267,1621844656307,40,2,137,911.775879718797,-7315,306
1621844656367,1621844656427,60,2,69,2058.67539777768,-2871,48
1621844656447,1621844656457,10,-1,34,1598.54303350726,-1,-1
1621844656527,1621844656537,10,-1,31,1696.89932051643,-1,-1
1621844656567,1621844656597,30,1,90,5178.34886005629,-2945,285
1621844656697,1621844656747,50,18,726,22093.5246057034,-1,55
1621844660075,1621844660215,140,10,636,6932.32064037201,-21622,319
1621844660235,1621844660505,270,29,723,31176.2053171965,-29655,229
1621844660515,1621844660654,139,9,599,53944.4528954347,-42917,20
1621844660684,1621844660694,9,-1,34,1662.61130442196,-1,-1
1621844660724,1621844660744,20,0,349,31201.0980517237,-1,146
1621844660834,1621844661014,180,13,593,20783.44501372,-39687,202
1621844661064,1621844661084,20,0,40,1394.50302296742,-1,163
1621844661204,1621844661224,20,0,38,2310.63894364641,-756,270
1621844661234,1621844661314,80,3,73,2685.21444314522,-2147,247
1621844661324,1621844661354,30,1,50,1911.07574084232,-1877,258
1621844661654,1621844661664,10,-1,31,517.130156859076,-1,-1
1621844661814,1621844661884,70,3,310,22783.7571419755,-13075,88
1621844661894,1621844661904,10,-1,32,1649.4837787609,-1,-1
1621844661914,1621844661944,30,2,149,10197.660690259,-5737,244
1621844661984,1621844662004,20,0,44,2668.51762986405,-1,273
1621844662224,1621844662264,40,2,88,6232.27811663789,-1955,0
1621844662543,1621844662573,30,2,108,5734.13122747857,-1037,177
1621844662903,1621844662953,50,4,110,7097.49944258995,-5,88
1621844662963,1621844662983,20,3,213,20201.6048660073,-4486,266
1621844663073,1621844663103,30,2,111,6748.62649219468,-6364,347
1621844663533,1621844663563,30,3,361,18430.6683590576,-1,72
1621844663952,1621844664102,149,2,791,36250.3984976523,-66985,275
1621844664282,1621844664402,120,27,561,32327.1958118377,-42303,83
1621844664682,1621844664742,60,9,303,-1.0,-14114,285
1621844665312,1621844665372,60,2,54,1541.01533376175,0,177
1621844665572,1621844665641,69,27,567,41486.7732731118,-24578,89
1621844666291,1621844666391,100,30,725,15819.4998166952,-24538,289
1621844666461,1621844666531,70,16,536,29329.7114254483,-20036,172
1621844667021,1621844667051,30,2,147,7790.68706882755,-6994,183
1621844667890,1621844667930,40,3,113,6513.65532416386,-1668,4
1621844667940,1621844667950,10,-1,47,4136.86358688633,-1,-1
1621844668130,1621844668150,20,1,188,12913.0152629415,-1,92
1621844668530,1621844668560,30,5,325,-1.0,-10795,88
1621844671258,1621844671268,10,-1,141,-1.0,-1,-1
1621844671278,1621844671308,30,1,80,7180.894073436,-1364,90
1621844671548,1621844671588,40,8,296,10763.5479247253,-13912,258
1621844671608,1621844671718,110,5,485,35501.9169975992,-15313,107
1621844671888,1621844671988,100,10,269,9027.04910169012,-9908,280
1621844671998,1621844672018,20,0,38,869.826447703733,-1,251
1621844672138,1621844672217,79,12,305,16817.1689304223,-7485,199
1621844672717,1621844672847,130,0,292,22785.7675942648,-15952,243
1621844672897,1621844672977,80,10,1089,68730.0124075043,-61681,39
1621844673067,1621844673147,80,3,597,28664.0489821199,-53326,120
1621844673247,1621844673387,140,28,702,37136.1739153533,-49421,104
1621844673407,1621844673507,100,0,194,11235.2693705192,-11448,239
1621844673517,1621844673537,20,1,163,10798.9243560003,-1,70
1621844678024,1621844678154,130,20,974,44590.7441027708,-56196,270
1621844678374,1621844678424,50,2,59,2870.64491505679,-2130,187
1621844678554,1621844678594,40,1,44,1295.40168545542,-1211,101
1621844678624,1621844678724,100,29,456,17629.9343439542,-13015,88
1621844680502,1621844680742,240,16,668,24720.2077436691,-29725,286
1621844680752,1621844680772,20,0,69,4552.27432681043,-2249,310
1621844680952,1621844680982,30,1,428,36173.1876419508,-10,64
1621844681142,1621844681172,30,7,518,-1.0,-19740,134
1621844681982,1621844682002,20,1,511,-1.0,-40777,268
1621844682201,1621844682221,20,0,42,1735.9125525977,-809,296
1621844682251,1621844682261,10,-1,32,747.530390459489,-1,-1
1621844682291,1621844682311,20,0,42,1360.71163331655,-1,288
1621844682351,1621844682401,50,3,93,5555.35892972439,-1466,201
1621844683081,1621844683111,30,5,734,44524.1987907152,-1,125
1621844683321,1621844683391,70,32,1656,116518.465704151,-75435,247
1621844683401,1621844683491,90,7,1056,46969.0665518599,-50710,16
1621844683671,1621844683691,20,7,1025,63505.431430821,-1,97
1621844688787,1621844688857,70,17,543,7458.68764784436,-20602,265
1621844688957,1621844688967,10,-1,56,2854.84310875709,-1,-1
1621844689037,1621844689077,40,23,928,66412.6548234326,-61470,85
1621844691296,1621844691356,60,19,1826,60546.2286054469,-170164,95
1621844692205,1621844692315,110,5,416,21087.5785604649,-25390,296
1621844692325,1621844692345,20,0,30,252.724648428703,-2,90
1621844692375,1621844692395,20,0,35,695.465443078095,-1,172
1621844692515,1621844692555,40,14,628,33805.9452372247,-14517,86
1621844694744,1621844694784,40,7,1750,-1.0,-139430,351
1621844694794,1621844694814,20,0,53,3052.95118649593,-1058,325
1621844694824,1621844694844,20,1,98,7239.34541788864,-4169,170
1621844694904,1621844694924,20,1,105,7938.49652615547,-1,349
1621844695174,1621844695184,10,-1,58,-1.0,-1,-1
1621844695293,1621844695383,90,29,1562,2076.59774069717,-69408,294
1621844695393,1621844695403,10,-1,38,3599.74592373653,-1,-1
1621844695663,1621844695673,10,-1,30,1805.01837336546,-1,-1
1621844695693,1621844695713,20,0,51,3084.58561514474,-1,90
1621844695783,1621844695833,50,18,791,66522.5690108706,-46278,105
1621844697472,1621844697552,80,0,564,21763.7451115189,-46605,90
1621844697592,1621844697662,70,5,130,2907.28630154169,-9121,233
1621844697672,1621844697682,10,-1,32,1772.71954822343,-1,-1
1621844697742,1621844697792,50,1,53,1224.49026703858,-2037,265
1621844697882,1621844697952,70,4,141,6817.62926911412,-5674,101
1621844698062,1621844698152,90,26,764,45999.6669682732,-22885,83
1621844700181,1621844700300,119,7,248,3555.39742002459,-11918,323
1621844700330,1621844700340,10,-1,36,1736.6672670457,-1,-1
1621844700350,1621844700390,40,6,304,17239.940236507,-12868,180
1621844700480,1621844700490,10,-1,41,-1.0,-1,-1
1621844700590,1621844700610,20,0,46,1665.08506143285,-1,153
1621844700640,1621844700650,10,-1,32,1341.6695759094,-1,-1
1621844700670,1621844700700,30,1,59,2019.93160387932,-2309,193
1621844700720,1621844700740,20,1,80,4334.08408847136,-1,205
1621844700750,1621844700830,80,6,165,9501.71119592709,-11369,204
1621844700850,1621844700870,20,3,133,9635.56889250158,-1,114
1621844700900,1621844701000,100,1,231,15028.9345021695,-6741,270
1621844701060,1621844701160,100,4,214,14355.3597462789,-12192,83
1621844701170,1621844701290,120,25,1025,77892.2380547928,-62610,44
1621844701979,1621844701999,20,2,1197,-1.0,-101178,243
1621844702109,1621844702139,30,16,773,63560.5175024584,-5445,251
1621844705237,1621844705267,30,2,361,-1.0,-26222,238
1621844710614,1621844710664,50,4,361,13767.4208229367,-29152,248
1621844710724,1621844710824,100,0,425,26268.6881185944,-18907,30
1621844710874,1621844710894,20,2,208,10975.049396485,-1,191
1621844713792,1621844713822,30,2,256,-1.0,-15906,240
1621844716531,1621844716800,269,18,754,18011.1747897973,-23364,275
1621844716810,1621844716830,20,2,219,10610.1059326144,-1,138
1621844716840,1621844716970,130,7,258,16954.8367904965,-14153,310
1621844717000,1621844717160,160,22,1349,92138.779558216,-22879,133
1621844717490,1621844717500,10,-1,727,-1.0,-1,-1
1621844719629,1621844719669,40,14,473,-1.0,-1608,72
1621844727524,1621844727584,60,6,229,793.492396088681,-7380,213
1621844727604,1621844727714,110,5,77,2601.61480029002,-1891,266
1621844727724,1621844727764,40,1,50,1261.91176544218,-1397,252
1621844727784,1621844727954,170,5,879,61299.4321209696,-47938,216
1621844728183,1621844728203,20,2,237,13761.2215066078,-1,88
1621844728293,1621844728333,40,3,196,5941.66247473162,-12919,277
1621844728453,1621844728513,60,3,262,16964.72409867,-13398,176
1621844728523,1621844728533,10,-1,33,1152.893430312,-1,-1
1621844729193,1621844729223,30,4,215,14240.835464891,-7436,88
1621844729263,1621844729303,40,2,96,7153.7800218112,-6524,85
1621844729313,1621844729343,30,2,113,7686.45651826708,-6364,266
1621844729383,1621844729513,130,5,64,1690.94926317986,-1044,96
1621844737678,1621844737728,50,1,267,328.481665982527,-17613,291
1621844737738,1621844737758,20,0,35,1473.18001249233,-82,243
1621844737778,1621844737788,10,-1,41,2631.27341827703,-1,-1
1621844737918,1621844737948,30,0,85,4287.51099111355,-1,225
1621844737958,1621844737998,40,1,59,2996.34049215498,-1526,50
1621844738018,1621844738058,40,2,81,2356.78659223792,-2140,45
1621844738127,1621844738137,10,-1,34,957.896477136875,-1,-1
1621844738237,1621844738257,20,0,36,1102.32164865526,-587,200
1621844738277,1621844738287,10,-1,36,2609.45417888592,-1,-1
1621844738317,1621844738387,70,2,59,2545.68249478608,-1435,48
1621844738397,1621844738427,30,2,136,9902.12953182353,-5022,141
1621844738487,1621844738507,20,2,192,9309.2394151282,-1,76
1621844738627,1621844738637,10,-1,537,-1.0,-1,-1
1621844738917,1621844739037,120,7,526,32483.0278919672,-37659,57
1621844740706,1621844740776,70,8,1092,11601.7646359095,-69100,184
1621844740816,1621844740906,90,12,849,68777.8354953158,-43926,77
1621844747142,1621844747162,20,1,205,-1.0,-11482,237
1621844750790,1621844750950,160,8,876,13077.2079732456,-51440,187
1621844750960,1621844751000,40,1,56,1964.38990870528,-1,253
1621844751060,1621844751080,20,0,68,4199.77255202585,-2137,235
1621844751100,1621844751130,30,1,53,1526.78005817202,-1410,234
1621844751180,1621844751379,199,4,461,35354.7931160435,-35368,331
1621844751399,1621844751499,100,1,242,15383.9254542399,-15915,185
1621844751539,1621844751549,10,-1,82,5718.23132962196,-1,-1
1621844751559,1621844751669,110,1,275,19773.9954347653,-12996,50
1621844751729,1621844751749,20,0,30,787.899740616632,-1,109
1621844751769,1621844751949,180,6,262,14495.0192526842,-19946,25
1621844751959,1621844752059,100,11,1036,54199.5095755375,-16285,119
1621844752179,1621844752189,10,-1,695,-1.0,-1,-1
1621844752199,1621844752209,10,-1,695,68065.8737954872,-1,-1
1621844752219,1621844752269,50,11,702,69654.2420057949,-61031,181
1621844752459,1621844752789,330,6,658,39002.9650855247,-40035,130
1621844752459,1621844752789,330,6,658,39002.9650855247,-40035,130
1621844752968,1621844753088,120,13,364,7536.68926794887,-17234,349
1621844753128,1621844753178,50,2,67,3001.18448174424,-2772,27
1621844753218,1621844753618,400,7,1450,114270.648303642,-106984,198
1621844754468,1621844754617,149,46,1449,76991.9230056608,-61853,18
1621844755167,1621844755337,170,11,441,38252.061834703,-29685,32
1621844755387,1621844755407,20,3,176,17007.6783718651,-1206,235
1621844755417,1621844755457,40,1,60,3057.88707074822,-1311,24
1621844755547,1621844755597,50,3,140,-1.0,-3823,108
1621844755657,1621844755737,80,3,113,5039.04825270981,-1185,244
1621844755817,1621844755857,40,3,130,5950.11917394008,-3659,33
1621844756346,1621844756406,60,17,1131,72538.1435395286,-1,203
1621844756566,1621844756626,60,13,361,10113.8599908838,-1877,168
1621844757106,1621844757396,290,48,2644,166298.356750245,-180245,165
1621844757416,1621844757616,200,44,2586,138048.800113786,-158792,290
1621844757746,1621844757796,50,8,436,22994.9473398951,-6662,125
1621844758285,1621844758695,410,14,1642,117704.063965743,-99989,61
1621844758725,1621844758755,30,5,271,22754.8704996128,-21255,282
1621844758765,1621844758995,230,9,355,30585.1378864857,-21055,164
1621844759115,1621844759185,70,4,1171,107177.834139468,-25200,215
1621844759365,1621844759375,10,-1,107,-1.0,-1,-1
1621844759385,1621844759514,129,16,672,43532.9416145068,-68794,312
1621844759544,1621844759594,50,3,103,3573.61526317117,-4823,228
1621844759644,1621844759724,80,14,468,23749.5173006493,-19325,164
1621844759954,1621844759984,30,1,84,4659.94592538894,-2841,5
1621844760004,1621844760044,40,6,207,9226.69729793408,-307,83
1621844760154,1621844760194,40,5,361,16823.2223834778,-17297,305
1621844760204,1621844760214,10,-1,520,49232.996528103,-1,-1
1621844760224,1621844760264,40,0,601,57854.2556663769,-40021,10
1621844760274,1621844760294,20,0,48,2409.28663034847,-1020,95
1621844760324,1621844760614,290,9,741,68997.2633431978,-55190,295
1621844760634,1621844760664,30,4,230,14320.0036490167,-16259,246
1621844760674,1621844760774,100,2,249,20690.0822751599,-12327,78
1621844760844,1621844760854,10,-1,33,1270.56663683744,-1,-1
1621844760864,1621844760894,30,1,87,5119.02343669237,-2420,52
1621844760914,1621844760944,30,1,74,3098.61873957354,-1605,59
1621844761054,1621844761183,129,6,314,27873.5535328839,-13912,327
1621844761203,1621844761313,110,4,211,10871.7659760534,-8139,348
1621844761333,1621844761353,20,0,35,771.085735065108,-219,14
1621844761433,1621844761513,80,12,336,15175.0997861422,-13717,346
1621844761523,1621844761553,30,1,74,3288.91289125639,-3771,268
1621844761603,1621844761623,20,0,50,2835.12453925464,-666,68
1621844761703,1621844761743,40,3,191,7869.80554542865,-1,127
1621844761853,1621844761913,60,0,254,16027.6557341283,-16726,282
1621844761963,1621844762043,80,6,1423,102730.367543318,-72679,20
1621844762153,1621844762243,90,4,704,30757.8750569515,-37554,180
1621844762253,1621844762453,200,29,304,12864.5699381684,-5823,194
1621844762463,1621844762653,190,5,1347,123160.940673427,-129845,292
1621844762693,1621844762723,30,1,54,2128.60849989159,-1781,10
1621844762743,1621844762753,10,-1,46,2408.57509329584,-1,-1
1621844762792,1621844762812,20,0,38,1429.88981886201,-753,0
1621844762862,1621844762932,70,9,395,18344.0441495977,-28716,149
1621844763002,1621844763092,90,2,323,23590.6645031923,-23124,309
1621844763132,1621844763152,20,0,49,2033.38776632137,-1,319
1621844763182,1621844763222,40,1,55,2770.20731722666,-707,321
1621844763232,1621844763252,20,0,48,1393.14501330189,-1,300
1621844763402,1621844763412,10,-1,36,2339.21173687191,-1,-1
1621844763422,1621844763442,20,0,52,3342.41556418381,-1912,121
1621844763482,1621844763502,20,0,34,1958.77714855685,-1,343
1621844763822,1621844763832,10,-1,142,11449.5654070507,-1,-1
1621844763842,1621844764072,230,22,995,46153.1824694998,-85148,8
1621844764082,1621844764192,110,3,671,23776.1122471972,-53540,210
1621844764312,1621844764342,30,1,66,3471.54561780231,-179,169
1621844764541,1621844764631,90,2,286,22270.7701700975,-21968,199
1621844764641,1621844764651,10,-1,30,715.051177778987,-1,-1
1621844764761,1621844764781,20,1,85,6503.5436526074,-206,22
1621844764851,1621844764871,20,0,31,257.528033727557,-85,260
1621844764901,1621844764981,80,2,51,1955.27159455634,-1000,267
1621844764991,1621844765001,10,-1,30,780.046071522176,-1,-1
1621844765031,1621844765151,120,2,207,15159.1425734754,-13147,143
1621844765211,1621844765241,30,1,55,1971.81474635034,-1883,236
1621844765251,1621844765291,40,3,144,8397.81474154373,-8987,200
1621844765331,1621844765341,10,-1,30,243.038845306002,-1,-1
1621844765361,1621844765431,70,2,68,2758.5256866216,-2558,106
1621844765481,1621844765541,60,2,57,2413.6443536649,-1098,255
1621844765861,1621844765881,20,0,61,2675.87558543168,-1,15
1621844765891,1621844766031,140,26,1632,86663.7076641918,-102510,166
1621844766041,1621844766250,209,18,270,17166.6024528794,-24014,349
1621844766460,1621844766470,10,-1,34,1140.51444418305,-1,-1
1621844766570,1621844766600,30,1,69,3374.38881449027,-2405,136
1621844766620,1621844766670,50,2,90,3678.56091136741,-3261,161
1621844766780,1621844766930,150,5,1448,65472.0425447657,-85632,220
1621844767020,1621844767040,20,0,31,608.219456579478,-1,97
1621844767070,1621844767150,80,3,72,3797.58879453409,-2369,308
1621844767160,1621844767190,30,2,110,6342.01465699943,-5777,185
1621844767300,1621844767320,20,0,52,3366.27579807609,-1,323
1621844767510,1621844767580,70,3,66,3334.3857799613,-719,36
1621844768119,1621844768149,30,3,207,-1.0,-7358,300
1621844768169,1621844768189,20,0,51,2393.85290572087,-1,281
1621844768469,1621844768519,50,10,512,-1.0,-25234,101
1621844768789,1621844768889,100,1,464,24648.4891273562,-36649,129
1621844768979,1621844768999,20,5,763,-1.0,-45320,235
1621844769458,1621844769548,90,15,606,26983.3957784638,-24654,217
1621844769558,1621844769578,20,0,32,700.014142083647,-4,59
1621844769658,1621844769738,80,4,191,8320.87621546252,-10593,13
1621844769878,1621844769948,70,7,242,12834.3701382742,-10047,144
1621844769958,1621844769998,40,5,212,17270.1387737982,-16517,259
1621844770138,1621844770518,380,19,1581,98444.8938069944,-66662,124
1621844770528,1621844770558,30,5,300,13270.0531017072,-1,54
1621844770648,1621844770718,70,20,733,34444.4225630711,-39431,325
1621844771137,1621844771147,10,-1,487,-1.0,-1,-1
1621844772527,1621844772666,139,26,1253,117021.701300385,-72988,346
1621844772726,1621844772796,70,7,201,10793.5387820894,-9596,87
1621844772816,1621844772926,110,3,240,18367.4966940506,-11835,21
1621844774455,1621844774475,20,1,139,-1.0,-7678,299
1621844774495,1621844774605,110,0,363,28984.4857605556,-23413,105
1621844774655,1621844774745,90,1,156,9364.00052563091,-11264,178
1621844774765,1621844774785,20,8,421,37911.7745412811,-1,343
1621844775075,1621844775095,20,2,266,-1.0,-14207,252
1621844775115,1621844775205,90,0,295,8230.23552302621,-171,60
1621844775245,1621844775265,20,1,105,6091.57082340114,-1,265
1621844775315,1621844775335,20,2,328,22629.4586206153,-1,42
1621844776074,1621844776094,20,1,251,-1.0,-15422,253
1621844776144,1621844776154,10,-1,431,42916.1766101779,-1,-1
1621844776334,1621844776554,220,22,464,16197.0711606153,-25363,249
1621844776564,1621844776704,140,3,376,27344.8220855379,-19349,2
1621844776914,1621844776944,30,5,228,15090.4056525731,-12563,187
1621844776974,1621844777044,70,4,81,3044.33871964533,-2257,270
1621844777104,1621844777134,30,1,81,3659.87973695485,-3158,54
1621844777164,1621844777174,10,-1,31,689.26790990771,-1,-1
1621844777414,1621844777424,10,-1,48,2058.64877453679,-1,-1
1621844777454,1621844777593,139,3,204,13472.8353691712,-16344,7
1621844779812,1621844780232,420,17,702,32650.6715633279,-33705,296
1621844780332,1621844780352,20,7,1125,58890.9260445163,-1,277
1621844780622,1621844780642,20,2,300,-1.0,-5372,242
1621844782081,1621844782121,40,11,541,15114.4084215854,-30623,282
1621844782131,1621844782191,60,8,344,21929.8073513117,-11406,196
1621844782231,1621844782331,100,7,216,15028.1809280144,-7584,136
1621844782341,1621844782381,40,4,248,22230.8351904906,-16201,240
1621844782431,1621844782511,80,3,70,1617.56344421566,-2341,124
1621844783110,1621844783140,30,0,38,1052.16579489437,-495,93
1621844783670,1621844783700,30,1,78,4403.61032997725,-3717,76
1621844783750,1621844783770,20,0,33,338.469513827529,-1,63
1621844783810,1621844783820,10,-1,30,884.501120611233,-1,-1
1621844783930,1621844784000,70,3,110,7969.90391516968,-4828,63
1621844784010,1621844784100,90,6,235,21139.1344789011,-13755,296
1621844784130,1621844784140,10,-1,33,670.520951660248,-1,-1
1621844784150,1621844784179,29,4,917,77070.8460591186,-1,174
1621844784289,1621844784319,30,0,564,1287.20742085858,-52629,230
1621844784369,1621844784439,70,3,125,6108.74102193424,-7352,123
1621844784489,1621844784519,30,0,38,536.886789951139,-173,39
1621844784649,1621844784749,100,16,455,23639.0362934587,-18203,0
1621844784879,1621844784919,40,1,58,3213.83644180024,-1,168
1621844784929,1621844784979,50,2,58,5570.07980267595,-2710,343
1621844785079,1621844785189,110,17,425,18009.4649852576,-19943,176
1621844785229,1621844785259,30,0,43,949.821208670355,-1342,132
1621844785389,1621844785439,50,16,525,33305.1798997287,-19537,100
1621844785809,1621844785878,69,2,369,14562.2949931751,-21470,155
1621844787328,1621844787507,179,24,1602,57412.9814584658,-145484,207
1621844787527,1621844787767,240,27,242,9842.46783404689,-10216,352
1621844787787,1621844788047,260,28,347,14119.3011572757,-18054,178
1621844788087,1621844788117,30,0,44,1007.05342281168,-976,324
1621844788127,1621844788217,90,5,120,4459.45910426042,-4546,349
1621844788577,1621844788607,30,0,38,1269.86600379603,-506,0
1621844788617,1621844788637,20,0,47,1314.34957784276,-1,333
1621844788737,1621844788767,30,1,57,2113.17091779849,-2696,190
1621844788797,1621844788807,10,-1,38,1041.75975988353,-1,-1
1621844788997,1621844789027,30,0,48,1780.2084290373,-1369,6
1621844789047,1621844789106,59,4,170,6406.93468303904,-6888,337
1621844789276,1621844789346,70,4,157,8484.07257327251,-6420,160
1621844789406,1621844789496,90,4,120,6253.24089113792,-8316,318
1621844789506,1621844789526,20,0,34,405.852187304917,-1,344
1621844789546,1621844789806,260,12,263,14711.7170819554,-19252,61
1621844789816,1621844789826,10,-1,30,2239.13802831231,-1,-1
1621844789836,1621844790016,180,11,165,5830.51713731114,-4744,212
1621844790066,1621844790266,200,17,249,7952.77084402453,-10284,17
1621844790336,1621844790556,220,23,187,6180.21885213568,-4444,184
1621844790616,1621844790755,139,11,124,2743.86612419932,-4935,358
1621844790765,1621844790775,10,-1,31,235.008278370538,-1,-1
1621844790825,1621844790915,90,5,97,2531.59996773566,-2957,201
1621844790965,1621844791105,140,11,117,5764.04836972299,-3004,346
1621844791145,1621844791245,100,8,141,4308.44872025654,-5652,182
1621844791265,1621844791285,20,0,57,2135.01312137169,-1,167
1621844791325,1621844791365,40,1,61,2871.37139398506,-1443,18
1621844791385,1621844791415,30,0,35,995.676627665775,-536,8
1621844791495,1621844791545,50,2,74,2258.54136983244,-2849,187
1621844791645,1621844791735,90,3,95,4927.7930081491,-3992,350
1621844791805,1621844791915,110,5,67,2141.23215733175,-1476,173
1621844792055,1621844792165,110,9,218,8703.59301644341,-11151,354
1621844792205,1621844792355,150,8,77,3372.79356088785,-1644,177
1621844792464,1621844792654,190,12,235,12530.4708428765,-8518,44
1621844792744,1621844792804,60,4,132,5263.56299668,-5603,186
1621844792844,1621844792904,60,10,321,11833.0796830698,-16524,271
1621844792924,1621844792934,10,-1,32,913.440649843304,-1,-1
1621844793034,1621844793114,80,3,68,2546.50948251041,-1201,218
1621844793134,1621844793184,50,2,102,4594.89267843273,-6051,202
1621844793254,1621844793344,90,3,104,4417.0088803084,-4856,44
1621844793354,1621844793384,30,0,45,1011.23332606133,-1328,29
1621844793454,1621844793514,60,2,68,2884.15913645588,-1884,192
1621844793534,1621844793554,20,0,38,1315.94381489595,-541,203
1621844793684,1621844793714,30,1,57,1970.28338863144,-1187,357
1621844793754,1621844793794,40,4,175,9448.62521558879,-7778,345
1621844793974,1621844794004,30,2,140,7087.60052883506,-7305,176
1621844794253,1621844794273,20,0,47,1518.9641911761,-1,347
1621844795103,1621844795113,10,-1,31,1724.11375892989,-1,-1
1621844795123,1621844795133,10,-1,36,2951.99075340809,-1,-1
1621844796942,1621844796962,20,2,299,-1.0,-17931,254
1621844798511,1621844798931,420,23,762,66514.0304009487,-70957,61
1621844799070,1621844799130,60,6,125,421.131378992357,-142,38
1621844800230,1621844800250,20,1,245,-1.0,-15491,279
1621844800270,1621844800350,80,3,50,1585.02915524181,-1494,71
1621844800390,1621844800400,10,-1,33,1168.46749830035,-1,-1
1621844800939,1621844801159,220,3,2078,17517.7080118327,-118065,311
1621844801189,1621844801289,100,4,75,2183.82808573414,-2222,255
1621844801349,1621844801399,50,4,153,6570.91218622278,-8511,88
1621844801419,1621844801649,230,17,296,28677.1062880157,-19959,264
1621844801669,1621844801699,30,0,42,2625.03785030345,-659,309
1621844801709,1621844801749,40,2,86,2991.8705299061,-3061,340
1621844801779,1621844801789,10,-1,41,2997.16966945937,-1,-1
1621844801799,1621844801959,160,6,246,15446.5002313896,-20106,133
1621844801969,1621844802338,369,42,1998,168869.264874302,-134266,37
1621844802458,1621844802548,90,19,1535,80613.4945726139,-87329,5
1621844802778,1621844802958,180,31,1535,51757.4424626495,-128409,311
1621844803728,1621844803748,20,3,322,1080.22469058711,-1,309
1621844803838,1621844803997,159,14,397,16023.6538071066,-20017,260
1621844804037,1621844804087,50,2,61,4171.85185495742,-2603,265
1621844804127,1621844804137,10,-1,38,2002.5320726492,-1,-1
1621844804327,1621844804357,30,1,64,3264.20617339425,-3338,169
1621844804557,1621844804647,90,1,212,17811.6720975614,-8468,42
1621844805586,1621844805616,30,2,118,7000.4930986296,-6802,17
1621844805846,1621844805886,40,4,194,9847.80065672606,-8564,178
1621844806466,1621844806506,40,4,179,10732.9572235934,-10796,5
1621844806786,1621844806816,30,3,183,10131.8831099882,-9632,177
1621844807146,1621844807225,79,18,413,13706.6924064338,-13376,95
1621844807235,1621844807245,10,-1,44,1703.62993715273,-1,-1
1621844807255,1621844807345,90,0,507,32216.891212816,-42529,0
1621844807475,1621844807565,90,17,451,24149.1078142875,-17856,279
1621844807725,1621844807765,40,2,75,3957.82432764579,-357,206
1621844808065,1621844808095,30,3,179,10216.0322755715,-7954,346
1621844808315,1621844808355,40,4,176,9266.45557700405,-7807,177
1621844808755,1621844808894,139,8,195,10124.8019554035,-11400,57
1621844809034,1621844809074,40,4,186,9577.56238055859,-10246,167
1621844809174,1621844809184,10,-1,30,376.967877932169,-1,-1
1621844809194,1621844809234,40,1,39,967.211155011086,-448,297
1621844809384,1621844809564,180,15,157,6626.56196511404,-4803,297
1621844809614,1621844809674,60,4,149,8525.29975253096,-4626,112
1621844809694,1621844809714,20,0,44,1294.42197560908,-1,142
1621844809904,1621844809914,10,-1,38,1396.49513343136,-1,-1
1621844810444,1621844810464,20,0,39,1036.8757193516,-16,310
1621844810503,1621844810563,60,1,31,479.145728420132,-9,358
1621844810743,1621844810763,20,0,40,1550.07841327954,-1,83
1621844810783,1621844810793,10,-1,36,946.805050382244,-1,-1
1621844810883,1621844810913,30,1,47,1755.09201153753,-1475,248
1621844811043,1621844811113,70,4,111,7590.33516550237,-5117,181
1621844811893,1621844811933,40,3,132,7292.33196668229,-7162,3
1621844812113,1621844812132,19,0,113,8766.4720140059,-1,30
1621844812242,1621844812272,30,14,644,-1.0,-5121,21
1621844812382,1621844812422,40,11,888,-1.0,-39720,267
1621844812612,1621844812772,160,7,2347,143516.034975855,-142362,73
1621844812942,1621844812972,30,3,149,9773.4993055065,-10655,52
1621844812982,1621844813012,30,1,88,5364.8587619873,-3550,70
1621844813052,1621844813072,20,0,34,1664.18844814607,-1,264
1621844813162,1621844813202,40,4,172,10355.6696827578,-9779,169
1621844813562,1621844813632,70,10,375,22875.2282025295,-19587,273
1621844813821,1621844813861,40,2,87,5231.19448653022,-5218,219
1621844814091,1621844814121,30,2,121,7983.36387981681,-7676,22
1621844814251,1621844814311,60,2,88,5985.55752064935,-3672,187
1621844814471,1621844814481,10,-1,32,1109.81518922445,-1,-1
1621844814791,1621844814971,180,5,1606,111250.062441298,-103186,43
1621844815011,1621844815031,20,0,49,1562.39053666484,-1,250
1621844815261,1621844815301,40,19,848,41493.873473935,-7872,40
1621844815400,1621844815450,49,4,244,1255.1024458828,-9627,218
1621844815460,1621844815500,40,1,260,21965.1562063007,-8258,110
1621844815610,1621844815620,10,-1,39,1034.6510443164,-1,-1
1621844815650,1621844815670,20,0,63,3409.02861940856,-986,35
1621844816010,1621844816020,10,-1,33,985.644602495759,-1,-1
1621844816170,1621844816210,40,2,87,4857.84655723019,-5289,76
1621844816250,1621844816270,20,1,158,7246.36877903182,-1,191
1621844816360,1621844816440,80,5,488,-1.0,-33911,256
1621844816600,1621844816630,30,2,108,7573.91459956944,-7551,164
1621844816790,1621844816850,60,3,78,2991.86458042734,-3717,357
1621844816900,1621844816930,30,2,113,6029.30548735889,-4014,62
1621844817079,1621844817139,60,34,1382,88564.3632932627,-131592,315
1621844817329,1621844817359,30,5,646,37902.4026582339,-1,105
1621844817459,1621844817589,130,2,209,7134.80363958883,-12481,21
1621844817609,1621844817619,10,-1,30,1666.9193364892,-1,-1
1621844817629,1621844817669,40,3,167,14514.2051099878,-10969,112
1621844817759,1621844817779,20,0,38,960.04227463925,-15,55
1621844817849,1621844817879,30,0,39,737.251227274058,-292,72
1621844818019,1621844818049,30,1,78,4351.08319534614,-2304,287
1621844818089,1621844818099,10,-1,37,1707.18522299721,-1,-1
1621844818409,1621844818439,30,7,1093,72534.6912230408,-1,156
1621844818549,1621844818569,20,1,321,-1.0,-24877,248
1621844818679,1621844818689,10,-1,30,306.22599232987,-1,-1
1621844818699,1621844818718,19,0,48,1694.29742220624,-1,302
1621844818818,1621844818838,20,0,31,986.428315190677,-1,81
1621844818898,1621844818958,60,3,101,4821.7407372155,-3806,7
1621844818978,1621844819008,30,3,134,6970.48002361171,-4065,301
1621844819088,1621844819148,60,7,226,12365.4980482885,-8624,150
1621844819168,1621844819188,20,0,46,2678.34482758643,-1,111
1621844819268,1621844819298,30,0,37,1790.52728078553,-541,258
1621844819308,1621844819348,40,35,1718,82518.5829808639,-39111,134
1621844819478,1621844819518,40,0,393,7382.64884019138,-19750,342
1621844819528,1621844819588,60,2,206,19045.7655245219,-10370,243
1621844819718,1621844819738,20,2,181,2710.12412797516,-1,135
1621844819748,1621844819768,20,0,75,4993.97793333372,-3802,296
1621844819878,1621844819928,50,1,323,19303.9578690935,-22668,297
1621844820188,1621844820347,159,17,1417,94004.6819148846,-72179,268
1621844820477,1621844820507,30,1,85,4745.83375141817,-3939,32
1621844820647,1621844820677,30,3,180,10055.2121456736,-10612,173
1621844820937,1621844820947,10,-1,59,3850.15881958025,-1,-1
1621844821237,1621844821277,40,4,158,11811.8669430203,-10786,173
1621844821797,1621844821867,70,4,124,8218.05872665436,-5659,350
1621844821877,1621844821887,10,-1,35,847.637115908127,-1,-1
1621844822126,1621844822166,40,4,183,9143.16362389454,-8424,172
1621844822206,1621844822216,10,-1,47,3087.57496127691,-1,-1
1621844822276,1621844822286,10,-1,36,911.170799712869,-1,-1
1621844822466,1621844822596,130,17,675,32226.9387698492,-28299,85
1621844822616,1621844822686,70,1,307,19503.9262807975,-25526,278
1621844822696,1621844822706,10,-1,34,1422.09679312324,-1,-1
1621844822746,1621844822776,30,2,136,7571.2531565477,-5780,38
1621844823016,1621844823036,20,0,63,2641.28091558873,-1,106
1621844823596,1621844823725,129,3,533,15011.7060177206,-27884,37
1621844823775,1621844823845,70,17,646,28219.8635841338,-23807,358
1621844823955,1621844824055,100,16,461,20555.6289794938,-19937,270
1621844824205,1621844824235,30,1,81,3213.70306880243,-2290,266
1621844824515,1621844824585,70,14,336,16278.9911474075,-11970,203
1621844824815,1621844825005,190,25,884,53708.6051276407,-48259,96
1621844825025,1621844825075,50,1,134,6354.45698759982,-8488,138
1621844825165,1621844825175,10,-1,45,3801.32257493031,-1,-1
1621844825185,1621844825195,10,-1,51,3058.50206111225,-1,-1
1621844825494,1621844825524,30,2,135,-1.0,-5279,271
1621844825634,1621844825694,60,12,388,24218.4247264597,-17876,202
1621844825884,1621844826044,160,14,432,21200.6011742325,-20166,56
1621844826144,1621844826194,50,6,194,11473.8463399421,-10328,103
1621844826274,1621844826384,110,2,249,16454.8887443695,-18318,178
1621844826544,1621844826764,220,49,1228,66512.1998836873,-63889,322
1621844826784,1621844826864,80,5,197,11846.7330119744,-9594,243
1621844827033,1621844827073,40,5,183,10801.7942718795,-9881,204
1621844827363,1621844827583,220,25,1510,78281.532427711,-97237,87
1621844827853,1621844827883,30,1,69,3288.81003050702,-2621,231
1621844827903,1621844828033,130,20,376,20590.0644574138,-16437,270
1621844828093,1621844828183,90,0,313,24346.138529953,-23112,182
1621844828193,1621844828203,10,-1,46,2112.69897280928,-1,-1
1621844828233,1621844828263,30,1,66,2850.24966385182,-2808,278
1621844828413,1621844828523,110,4,236,10800.6927336999,-11459,357
1621844828702,1621844828712,10,-1,116,9212.26638356487,-1,-1
1621844828932,1621844828982,50,4,418,14055.7356063378,-1,172
1621844828992,1621844829012,20,2,208,18111.5375220269,-9936,235
1621844829032,1621844829082,50,6,253,18406.8561952004,-18435,67
1621844829112,1621844829182,70,1,196,14858.3489077165,-14952,259
1621844829192,1621844829202,10,-1,64,4260.13326576926,-1,-1
1621844829222,1621844829242,20,2,477,34331.1654074347,-1,91
1621844830211,1621844830381,170,13,467,33026.0895598144,-32611,312
1621844830471,1621844830481,10,-1,50,2144.93471142378,-1,-1
1621844830491,1621844830501,10,-1,146,13360.7216741986,-1,-1
1621844830611,1621844830831,220,15,910,14773.6407793764,-82969,161
1621844830841,1621844830861,20,0,39,802.87576444072,-1,210
1621844830881,1621844831041,160,6,310,23580.2076506777,-16613,195
1621844831321,1621844831411,90,25,643,35179.9203198785,-25548,59
1621844831461,1621844831471,10,-1,640,63727.4421178433,-1,-1
1621844831591,1621844831641,50,3,699,3441.4650810771,-60982,204
1621844831691,1621844831701,10,-1,35,1491.82432962667,-1,-1
1621844831811,1621844831840,29,2,128,6276.18363038452,-5760,63
1621844832000,1621844832010,10,-1,30,447.767256352547,-1,-1
1621844832030,1621844832050,20,0,40,801.365008584305,-1,285
1621844832220,1621844832360,140,20,1362,65603.0536140616,-98776,267
1621844832520,1621844832550,30,2,131,9116.95913566288,-8628,140
1621844833120,1621844833140,20,0,70,4509.58843658785,-1279,353
1621844833350,1621844833410,60,15,384,20706.9250613141,-12735,81
1621844833689,1621844833789,100,13,160,8997.36401547351,-6859,255
1621844833929,1621844833959,30,2,128,6777.72343581461,-5311,206
1621844834349,1621844834379,30,3,152,9091.34773391703,-8275,352
1621844834759,1621844834779,20,2,205,-1.0,-605,107
1621844836188,1621844836358,170,15,186,13662.8937819803,-8698,274
1621844836398,1621844836508,110,16,387,28865.1276349446,-23060,213
1621844836558,1621844836568,10,-1,32,1053.75377720551,-1,-1
1621844836618,1621844836638,20,1,65,3622.12227284432,-2055,66
1621844836748,1621844836768,20,0,37,2122.21174647856,-1,135
1621844836977,1621844836987,10,-1,41,2025.95400842607,-1,-1
1621844837077,1621844837357,280,13,1505,20245.2179452299,-63161,290
1621844837387,1621844837397,10,-1,54,2797.53627488129,-1,-1
1621844837657,1621844837717,60,3,76,2273.13362926411,-10,101
1621844837727,1621844837747,20,1,137,11329.9557718608,-3440,281
1621844837767,1621844837797,30,1,51,2414.76695289883,-1694,53
1621844837807,1621844837877,70,6,167,5756.93448046894,-988,28
1621844838007,1621844838097,90,7,426,22308.331700482,-28759,316
1621844838107,1621844838347,240,9,504,15345.1962565251,-35135,77
1621844838357,1621844838996,639,17,1196,97632.5031146593,-87451,283
1621844839016,1621844839026,10,-1,32,486.125248561616,-1,-1
1621844839176,1621844839186,10,-1,33,647.617382186479,-1,-1
1621844839356,1621844839376,20,0,58,3575.24912655319,-428,284
1621844839436,1621844839446,10,-1,30,1478.08450460854,-1,-1
1621844839466,1621844839486,20,0,33,1143.48491063508,-1,296
1621844839496,1621844839666,170,3,368,26223.7125312094,-16135,308
1621844839676,1621844839736,60,1,36,1833.61550120335,-168,286
1621844839796,1621844839816,20,0,40,1850.74464408308,-293,57
1621844839876,1621844840085,209,15,877,58578.1380049307,-7589,65
1621844840345,1621844840475,130,7,445,18589.6118639919,-28324,271
1621844840535,1621844840565,30,1,84,3140.96917955195,-2622,259
1621844840575,1621844840665,90,6,97,3738.5786579703,-4686,95
1621844840715,1621844840735,20,0,44,1522.11769761152,-1,95
1621844840745,1621844840925,180,9,562,39212.6686583931,-27855,336
1621844840935,1621844840985,50,12,408,20910.4268588468,-19000,285
1621844840995,1621844841045,50,4,111,4523.00785192423,-5380,104
1621844841085,1621844841125,40,1,55,2853.45274569907,-1831,113
1621844841145,1621844841245,100,12,303,15962.5218637282,-10009,301
1621844841265,1621844841295,30,3,180,14025.6052572802,-5251,93
1621844841405,1621844841475,70,9,275,11621.7037346859,-17769,265
1621844841555,1621844841595,40,2,128,5477.50044835216,-6133,199
1621844841615,1621844841694,79,3,104,4945.45220887369,-4633,231
1621844841714,1621844841844,129,7,153,7133.75908856117,-5883,183
1621844841884,1621844841964,80,15,1350,76968.1641737768,-110441,80
1621844842064,1621844842164,100,4,328,20483.10745717,-13865,13
1621844842174,1621844842294,120,7,144,7031.26758635334,-6807,132
1621844842314,1621844842474,160,32,745,46270.8535704338,-47150,329
1621844842494,1621844842524,30,1,49,1754.05979877445,-1673,131
1621844842534,1621844842694,160,17,369,13579.5131404397,-13840,67
1621844843443,1621844843683,240,19,456,34916.0697660999,-24002,230
1621844843703,1621844843723,20,0,42,2465.41160544903,-805,290
1621844843763,1621844843793,30,1,54,2118.66192314106,-2203,300
1621844843813,1621844843863,50,2,75,3911.08071279385,-2256,203
1621844843873,1621844843883,10,-1,35,1164.44903027201,-1,-1
1621844843943,1621844843953,10,-1,30,1261.34484265089,-1,-1
1621844844063,1621844844103,40,1,39,1193.31043474143,-156,52
1621844844143,1621844844253,110,4,196,12278.4235628756,-10503,77
1621844844263,1621844844413,150,10,164,6764.49688182226,-8901,43
1621844844453,1621844844513,60,2,57,1513.3374667013,-1120,295
1621844844523,1621844844563,40,1,66,1663.1881001098,-1,294
1621844844573,1621844844703,130,7,148,9921.51828166759,-8333,289
1621844844763,1621844844783,20,0,34,1236.43232760973,-1,100
1621844844803,1621844844873,70,3,61,1447.70928019997,-1835,120
1621844844963,1621844844983,20,0,106,-1.0,-6974,170
1621844845052,1621844845142,90,7,139,5284.76701813395,-6232,289
1621844845662,1621844845802,140,13,575,14100.7198338758,-31907,200
1621844845812,1621844845832,20,0,43,1261.89365193552,-1,122
1621844845852,1621844845882,30,2,92,5033.87139747064,-5339,144
1621844845942,1621844845972,30,1,64,2085.90001858086,-2097,90
1621844846022,1621844846052,30,0,43,1499.22088080717,-610,197
1621844846192,1621844846282,90,5,201,8360.09460056598,-11961,105
1621844846302,1621844846342,40,1,91,3487.49931243114,-1,35
1621844846352,1621844846402,50,3,254,19099.0867562436,-14692,32
1621844846582,1621844846681,99,8,528,4076.20977741602,-19185,249
1621844846691,1621844846731,40,2,81,2459.59787232729,-3372,347
1621844846751,1621844846881,130,23,467,22045.4981963149,-21959,172
1621844846891,1621844847431,540,32,575,48241.8199949769,-32810,298
1621844847761,1621844847861,100,22,774,21895.7326438655,-45107,285
1621844848590,1621844848780,190,18,1308,70457.7002059889,-101743,78
1621844848790,1621844848950,160,25,393,17138.3035570552,-23885,162
1621844848980,1621844849120,140,5,178,9746.62890873612,-8158,352
1621844848980,1621844849120,140,5,178,9746.62890873612,-8158,352
1621844849850,1621844849979,129,3,563,23684.4887304003,-31322,254
1621844849989,1621844850059,70,3,67,2129.04893685507,-1622,198
1621844850079,1621844850089,10,-1,31,800.346371627449,-1,-1
1621844850119,1621844850159,40,3,348,20574.7590858216,-1,296
1621844850279,1621844850389,110,16,501,13794.7085462118,-26422,316
1621844850399,1621844850479,80,5,129,9218.07019946979,-3413,190
1621844850529,1621844850539,10,-1,33,1188.78758099885,-1,-1
1621844850559,1621844850649,90,4,257,14462.5912298809,-9144,155
1621844850699,1621844850809,110,0,640,22983.4090591226,-55951,298
1621844850849,1621844850879,30,3,149,8124.04761670272,-7511,335
1621844850949,1621844851079,130,5,222,11063.9825864491,-15591,158
1621844851139,1621844851149,10,-1,33,1127.84274990002,-1,-1
1621844851159,1621844851209,50,2,60,1247.82709762518,-2423,324
1621844851219,1621844851229,10,-1,978,95078.4064154967,-1,-1
1621844852328,1621844852518,190,10,330,20269.5073365561,-23622,186
1621844852778,1621844852788,10,-1,32,524.943776130869,-1,-1
1621844852988,1621844852998,10,-1,30,1135.74561075757,-1,-1
1621844853118,1621844853148,30,9,557,30758.459460094,-1,138
1621844853377,1621844853687,310,17,1388,133007.859343453,-76477,130
1621844855946,1621844855956,10,-1,34,-1.0,-1,-1
1621844856406,1621844856545,139,11,379,16409.7085414213,-29158,109
1621844856705,1621844856725,20,2,371,-1.0,-6531,273
1621844858065,1621844858574,509,26,1323,82317.7868863787,-51685,340
1621844859104,1621844859154,50,4,302,-1.0,-15061,172
1621844859164,1621844859194,30,0,38,2217.16455282554,-477,70
1621844859294,1621844859304,10,-1,34,1257.269942854,-1,-1
1621844859324,1621844859394,70,12,510,25435.649583808,-23187,276
1621844859424,1621844859434,10,-1,30,575.838216243944,-1,-1
1621844859494,1621844859524,30,1,66,2496.11392753397,-2455,289
1621844859604,1621844859634,30,0,33,358.137877244499,-1,55
1621844859763,1621844859773,9,-1,81,7427.59638571736,-1,-1
1621844859783,1621844859813,30,5,677,42672.9228979049,-1,121
1621844859903,1621844860063,160,4,179,8586.24273103407,-14517,357
1621844860473,1621844860583,110,18,294,9073.2176126481,-11596,119
1621844860923,1621844861073,150,10,789,56733.6271292049,-60760,9
1621844861103,1621844861113,10,-1,33,1212.13363532551,-1,-1
1621844861133,1621844861233,100,8,309,19287.1150591526,-5342,87
1621844861383,1621844861522,139,28,1279,18700.1227904696,-55546,306
1621844861532,1621844861582,50,1,50,3032.68738765379,-796,118
1621844861612,1621844861722,110,5,91,5443.27954938857,-3825,227
1621844861782,1621844861992,210,4,339,23312.6263623316,-13958,121
1621844862412,1621844862452,40,7,275,13938.2460521585,-13315,185
1621844862502,1621844862602,100,6,1391,112800.942684434,-118099,322
1621844862612,1621844862682,70,4,239,20349.2452736155,-13971,285
1621844862702,1621844862752,50,8,312,14780.3479305846,-13773,306
1621844862792,1621844862812,20,0,36,2124.46076970648,-1,267
1621844862822,1621844862902,80,1,81,6356.88748253879,-2917,289
1621844862962,1621844862982,20,3,502,32412.4322736565,-1,98
1621844863141,1621844863401,260,11,423,10335.5551741608,-12330,225
1621844863451,1621844863461,10,-1,34,690.851028350117,-1,-1
1621844863481,1621844863581,100,3,137,5679.99944779803,-6633,300
1621844863751,1621844863911,160,10,1339,98078.5084831287,-100816,112
1621844865130,1621844865190,60,13,572,-1.0,-19985,292
1621844865220,1621844865230,10,-1,33,964.916033279697,-1,-1
1621844865260,1621844865330,70,4,538,25650.3241060801,-22519,119
1621844865460,1621844865630,170,1,907,22811.9168246885,-45477,147
1621844865650,1621844865740,90,8,368,22939.9316412396,-15982,232
1621844865780,1621844865810,30,2,78,4323.06227325204,-4319,27
1621844865840,1621844865860,20,0,38,2122.36543903638,-1,296
1621844865980,1621844866010,30,4,199,10752.229309539,-6706,66
1621844866120,1621844866190,70,5,215,10593.2151473019,-12152,259
1621844866200,1621844866300,100,2,141,11537.6593907733,-10516,122
1621844866330,1621844866359,29,2,94,4905.37234974307,-4302,37
1621844866389,1621844866429,40,2,92,5774.70484379122,-4090,214
1621844866449,1621844866479,30,1,48,2869.19488580276,-1313,117
1621844866489,1621844866539,50,1,211,15051.15677758,-13078,277
1621844866549,1621844866569,20,1,46,1766.94777016651,-778,30
1621844866649,1621844866699,50,1,139,7772.68455354062,-9530,66
1621844866709,1621844866719,10,-1,34,978.177673626566,-1,-1
1621844866769,1621844866829,60,4,149,5136.99725408464,-1976,170
1621844867069,1621844867119,50,11,568,-1.0,-20000,78
1621844867179,1621844867199,20,0,32,305.644178574778,-113,240
1621844867249,1621844867259,10,-1,136,12747.0491481594,-1,-1
1621844867579,1621844867639,60,3,237,21.5646531930446,-17208,332
1621844867689,1621844867739,50,1,327,23144.2724622371,-16832,132
1621844867749,1621844867839,90,3,144,8650.7852647947,-4087,303
1621844867869,1621844868078,209,13,492,28086.5422103942,-23894,190
1621844868188,1621844868248,60,0,105,6255.36253278552,-5493,0
1621844868318,1621844868418,100,6,306,24275.2565069276,-23157,88
1621844868548,1621844868628,80,12,1054,75886.8817856183,-44464,255
1621844869038,1621844869248,210,25,931,48694.4324481681,-78751,275
1621844869298,1621844869318,20,1,75,5180.71572596484,-1,343
1621844869478,1621844869637,159,2,281,13996.994246122,-16715,171
1621844869797,1621844869807,10,-1,30,1452.60043761153,-1,-1
1621844869817,1621844869907,90,0,609,33772.0699688856,-39047,315
1621844869937,1621844869957,20,0,68,4265.1018447321,-3380,244
1621844870017,1621844870027,10,-1,30,2003.45331810889,-1,-1
1621844870197,1621844870207,10,-1,38,1790.05070221198,-1,-1
1621844870227,1621844870267,40,1,36,885.850478421662,-205,351
1621844870397,1621844870487,90,0,544,42267.1015288228,-28385,148
1621844870997,1621844871027,30,1,79,5432.63988852393,-3737,164
1621844871037,1621844871047,10,-1,43,1902.35551179933,-1,-1
1621844871077,1621844871087,10,-1,44,2690.93508423129,-1,-1
1621844871207,1621844871326,119,1,73,2754.55191429471,-2352,43
1621844871356,1621844871376,20,1,79,5302.0463880877,-2568,121
1621844871386,1621844871436,50,1,1635,151410.64161998,-3168,109
1621844871556,1621844871586,30,0,131,3914.03025691348,-8634,315
1621844871596,1621844871646,50,0,377,24265.742103254,-12315,14
1621844871676,1621844871686,10,-1,33,1929.34211358387,-1,-1
1621844871696,1621844871766,70,12,590,19358.837613036,-41313,128
1621844871946,1621844871986,40,3,131,7194.57695943817,-7042,293
1621844872066,1621844872146,80,0,382,20684.2268921165,-20249,0
1621844872156,1621844872166,10,-1,158,15158.4302613181,-1,-1
1621844872206,1621844872216,10,-1,32,1679.79865330832,-1,-1
1621844872256,1621844872346,90,1,250,22820.3680266334,-15416,322
1621844872516,1621844872556,40,0,964,95760.9322378,-1495,82
1621844872566,1621844872576,10,-1,32,404.185568323513,-1,-1
1621844872596,1621844872666,70,25,681,19838.9310353395,-33848,79
1621844872696,1621844872706,10,-1,31,1676.67786143122,-1,-1
1621844872776,1621844872796,20,25,1223,121208.850267697,-154,263
1621844872876,1621844872935,59,2,68,4095.86071854212,-1974,165
1621844872955,1621844872975,20,25,1230,122018.363693574,-907,82
1621844872985,1621844872995,10,-1,31,900.760396807169,-1,-1
1621844873005,1621844873095,90,21,1222,119085.584647759,-72238,256
1621844873105,1621844873195,90,2,945,87386.6727311633,-48271,106
1621844873215,1621844873265,50,6,274,13303.3443686483,-16136,296
1621844873275,1621844873305,30,1,142,11385.597745302,-5485,157
1621844873395,1621844873425,30,2,96,4506.42817334024,-3925,335
1621844873515,1621844873525,10,-1,44,1940.5198660408,-1,-1
1621844873675,1621844873685,10,-1,40,3073.58543017392,-1,-1
1621844873745,1621844873915,170,0,576,18973.4078324017,-49622,239
1621844873965,1621844874015,50,11,1302,86124.4060461122,-11480,102
1621844874105,1621844874145,40,21,871,1458.99909685141,-24014,336
1621844874155,1621844874195,40,1,212,19807.8667100124,-14836,312
1621844874205,1621844874255,50,0,138,11107.9236632495,-4702,194
1621844874335,1621844874355,20,4,569,36295.0847168076,-1,87
1621844874574,1621844874654,79,12,460,29005.8243674056,-22297,54
1621844874874,1621844875044,170,13,430,35314.7948031147,-13959,235
1621844875054,1621844875064,10,-1,435,42316.8379436158,-1,-1
1621844875154,1621844875164,10,-1,46,3101.14169753421,-1,-1
1621844875374,1621844875384,10,-1,37,2047.57693433912,-1,-1
1621844875494,1621844875524,30,1,146,12772.1339153369,-7978,109
1621844875584,1621844875774,190,42,2226,121779.686511017,-165959,42
1621844876014,1621844876213,199,49,840,41345.9188041257,-26885,223
1621844876223,1621844876253,30,1,77,3973.55481147838,-15,16
1621844876263,1621844876303,40,0,73,6655.91480227395,-4255,243
1621844876313,1621844876373,60,5,186,6593.11377754668,-7073,32
1621844876433,1621844876453,20,1,57,3119.14638815272,-1,194
1621844876493,1621844876503,10,-1,77,7376.12684917136,-1,-1
1621844876513,1621844876523,10,-1,98,7097.30760705493,-1,-1
1621844876633,1621844876703,70,0,136,11844.5694604565,-5532,23
1621844877093,1621844877113,20,0,47,3348.14077862905,-1026,26
1621844877233,1621844877253,20,0,61,4362.01559404373,-1805,195
1621844877313,1621844877323,10,-1,44,1755.3422110982,-1,-1
1621844877663,1621844877703,40,2,106,5144.25658677762,-7007,192
1621844877892,1621844877912,20,1,71,4952.19905437864,-1,29
1621844877922,1621844877942,20,0,33,539.915821930332,-6,283
1621844878272,1621844878372,100,26,1318,66609.5529639553,-1445,38
1621844878652,1621844878822,170,16,1218,99019.4415037502,-80451,94
1621844878842,1621844878932,90,13,261,8636.17654756544,-14383,359
1621844878972,1621844878982,10,-1,36,2338.38605780698,-1,-1
1621844878992,1621844879122,130,4,47,1709.64477752945,-1410,164
1621844879132,1621844879222,90,4,104,4379.93761866287,-2868,232
1621844879322,1621844879462,140,6,318,15990.2418827275,-16257,241
1621844879481,1621844879491,9,-1,33,1971.45559059981,-1,-1
1621844879621,1621844879641,20,0,115,-1.0,-6463,8
1621844879651,1621844879691,40,1,65,2190.21191420632,-2123,77
1621844879711,1621844879741,30,1,96,4828.37204562601,-1,103
1621844879751,1621844879761,10,-1,41,1417.93839653384,-1,-1
1621844879771,1621844879911,140,5,2613,230505.149449805,-116366,152
1621844880061,1621844880431,370,14,434,30330.7246800323,-23726,160
1621844880451,1621844880511,60,2,56,2026.52752692925,-1000,204
1621844880521,1621844880561,40,3,96,4484.36736538677,-3428,221
1621844880581,1621844880771,190,37,1739,81079.4389865279,-78315,213
1621844880831,1621844880901,70,2,50,2493.30550833242,-1208,283
1621844880961,1621844880981,20,0,37,1708.86573129392,-1,258
1621844881150,1621844881180,30,20,1006,52598.1172301687,-246,46
1621844881310,1621844881660,350,7,776,66687.6281342693,-44115,170
1621844881760,1621844881950,190,14,480,22450.5477703757,-28191,229
1621844882060,1621844882110,50,3,112,34.4151370826467,-2566,266
1621844882130,1621844882190,60,7,328,13241.7875294157,-27271,220
1621844882210,1621844882240,30,0,42,1381.41540257193,-962,197
1621844882250,1621844882560,310,13,1188,87440.4497656443,-19912,105
1621844882919,1621844883189,270,18,1148,23320.8407413097,-84162,338
1621844883219,1621844883229,10,-1,31,953.515053993435,-1,-1
1621844883249,1621844883269,20,0,43,2750.02007650762,-295,280
1621844883629,1621844883639,10,-1,30,550.828347601769,-1,-1
1621844883689,1621844883699,10,-1,38,952.133065624326,-1,-1
1621844883899,1621844883969,70,2,69,3735.96191539943,-2617,275
1621844884089,1621844884119,30,0,44,1522.53855435559,-1082,141
1621844884129,1621844884169,40,1,42,1389.08287994021,-702,104
1621844884189,1621844884239,50,2,61,1797.7985237688,-1466,91
1621844884259,1621844884269,10,-1,35,992.928225554655,-1,-1
1621844884618,1621844884628,10,-1,33,548.288875817257,-1,-1
1621844884678,1621844884688,10,-1,30,418.619067231832,-1,-1
