start,end,duration,amplitude,peak_velocity,peak_acceleration,peak_deceleration,direction
1622102974119,1622102974209,90,10,667,36361.350491424,-32139,88
1622102974219,1622102974239,20,1,189,10707.0854775445,-1,34
1622102974309,1622102974339,30,3,716,54515.8619143079,-1,79
1622102974469,1622102974609,140,24,1079,90366.6574882804,-75589,269
1622102974619,1622102974679,60,6,574,28807.80026777,-27757,56
1622102974739,1622102974789,50,17,421,20725.8944393496,-14677,85
1622102974908,1622102974968,60,15,853,32041.5826522364,-50020,334
1622102975088,1622102975168,80,8,2124,168391.831280859,-94324,59
1622102975228,1622102975258,30,7,809,-1.0,-42897,237
1622102975318,1622102975368,50,2,96,4538.89231069898,-4191,244
1622102975438,1622102975528,90,28,690,43366.0750960141,-41553,19
1622102976108,1622102976138,30,8,405,1194.40221423206,-1,22
1622102976298,1622102976308,10,-1,759,-1.0,-1,-1
1622102976368,1622102976378,10,-1,320,-1.0,-1,-1
1622102976957,1622102977047,90,33,1058,76267.6161946584,-67444,6
1622102977547,1622102977557,10,-1,460,-1.0,-1,-1
1622102978616,1622102978646,30,6,236,-1.0,-1012,11
1622102981644,1622102981674,30,13,2033,-1.0,-154068,189
1622102983203,1622102983263,60,23,1220,6217.61431117725,-66059,92
1622102984033,1622102984123,90,10,351,19832.7995023409,-9776,169
1622102984183,1622102984273,90,5,335,21771.200807108,-16345,327
1622102984353,1622102984363,10,-1,75,-1.0,-1,-1
1622102984383,1622102984413,30,8,569,30461.5516523964,-1,306
1622102984603,1622102984682,79,17,872,66853.006242474,-73897,226
1622102984742,1622102984812,70,19,832,39592.9401410103,-73899,122
1622102984872,1622102984892,20,1,84,-1.0,-430,265
1622102984902,1622102984952,50,16,659,43627.16987721,-18877,99
1622102985032,1622102985062,30,10,475,11653.7225796516,-1406,303
1622102985072,1622102985092,20,1,173,14937.7081432044,-8879,257
1622102985102,1622102985162,60,3,95,7983.1351551398,-3846,342
1622102985192,1622102985242,50,5,277,16114.4060585076,-3696,95
1622102985322,1622102985362,40,1,212,1070.98874072755,-13674,329
1622102985402,1622102985462,60,1,378,32389.995735094,-18409,84
1622102985472,1622102985502,30,3,157,10383.3039735058,-5677,79
1622102985522,1622102985542,20,2,137,9866.58135864366,-1,285
1622102985602,1622102985612,10,-1,35,-1.0,-1,-1
1622102985652,1622102985672,20,0,39,2230.22948055489,-1,111
1622102985792,1622102985822,30,0,205,16439.1243353259,-6936,208
1622102985882,1622102985942,60,2,311,26989.1282062214,-1521,61
1622102986032,1622102986042,10,-1,306,27883.4493209309,-1,-1
1622102986132,1622102986142,10,-1,225,-1.0,-1,-1
1622102986152,1622102986202,50,3,360,35742.7367011597,-31330,268
1622102986212,1622102986221,9,-1,300,27800.6063514885,-1,-1
1622102986331,1622102986371,40,4,1378,-1.0,-116683,234
1622102986451,1622102986611,160,6,323,16877.4027425301,-29086,42
1622102986621,1622102986661,40,2,155,10464.471821669,-10719,134
1622102986721,1622102986781,60,0,691,43874.4128906225,-1315,54
1622102986881,1622102986891,10,-1,130,-1.0,-1,-1
1622102986901,1622102986911,10,-1,47,3809.46055219902,-1,-1
1622102986921,1622102986941,20,0,63,2857.57593524763,-1,45
1622102987031,1622102987091,60,2,212,9890.21239638557,-11024,225
1622102987181,1622102987201,20,0,38,-1.0,-281,54
1622102987291,1622102987301,10,-1,32,641.616685274328,-1,-1
1622102987351,1622102987361,10,-1,38,1814.10774983121,-1,-1
1622102987371,1622102987381,10,-1,66,5210.79412990658,-1,-1
1622102987391,1622102987511,120,41,1546,114775.953837928,-82853,100
1622102987581,1622102987721,140,3,871,53814.4334683731,-38277,298
1622102987731,1622102987751,20,0,769,74394.7341433854,-73792,118
1622102987771,1622102987791,20,0,60,3707.10292718205,-26,155
1622102987870,1622102987900,30,0,129,-1.0,-9292,266
1622102988090,1622102988120,30,0,35,1013.77177817803,-185,111
1622102988200,1622102988220,20,0,51,2332.62550573874,-1016,265
1622102988230,1622102988260,30,5,246,11579.0596572934,-1,285
1622102988320,1622102988340,20,1,205,-1.0,-14496,151
1622102988500,1622102988510,10,-1,96,7716.99485061268,-1,-1
1622102988570,1622102988660,90,37,1566,67090.0960987992,-94789,17
1622102988720,1622102988880,160,14,766,40295.0916710057,-57421,245
1622102988890,1622102988910,20,6,769,42121.1878950666,-1,280
1622102988980,1622102989080,100,1,881,35249.831038597,-42834,39
1622102989140,1622102989200,60,10,294,14782.1974733058,-7837,99
1622102989220,1622102989260,40,0,104,9194.63055730384,-6171,45
1622102989380,1622102989460,80,2,183,14038.6183343118,-7963,250
1622102989519,1622102989559,40,2,338,26838.1219945069,-20261,294
1622102989949,1622102989999,50,1,222,7395.67316404561,-7439,213
1622102990129,1622102990179,50,3,443,22505.9825725874,-3870,151
1622102990239,1622102990289,50,2,174,4741.43144975179,-11185,351
1622102990369,1622102990379,10,-1,121,-1.0,-1,-1
1622102990389,1622102990409,20,0,37,1755.90996716649,-612,304
1622102990519,1622102990549,30,1,74,5891.7925559156,-4235,43
1622102990569,1622102990579,10,-1,35,746.505085575042,-1,-1
1622102990639,1622102990679,40,18,775,26920.1743950606,-36394,73
1622102990739,1622102990859,120,12,1161,45077.3170241507,-95358,266
1622102990939,1622102990989,50,2,468,24009.7904391476,-30944,338
1622102991069,1622102991118,49,0,451,25813.2128104733,-20692,292
1622102991138,1622102991218,79,2,54,1499.26762724321,-2260,324
1622102991248,1622102991268,20,4,397,19010.3950115125,-1,104
1622102991358,1622102991428,70,21,1620,132664.58241296,-124780,79
1622102991498,1622102991638,140,13,584,52148.9027595894,-42342,348
1622102991778,1622102991808,30,14,676,4840.93064392608,-33745,285
1622102991818,1622102991958,140,13,1002,85900.0125604133,-33219,198
1622102992018,1622102992068,50,5,476,17902.1532004553,-41142,192
1622102992078,1622102992088,10,-1,30,1635.96351354843,-1,-1
1622102992138,1622102992158,20,1,90,7611.67396570576,-1,110
1622102992178,1622102992218,40,3,213,9477.01205612322,-1,232
1622102992308,1622102992338,30,3,298,15873.4222808183,-1,37
1622102992448,1622102992598,150,24,1075,57465.0391436236,-89396,303
1622102992608,1622102992638,30,1,57,3644.02730751244,-221,105
1622102992737,1622102992747,9,-1,52,2789.8267127637,-1,-1
1622102992767,1622102992777,10,-1,53,3970.96213994761,-1,-1
1622102992837,1622102992907,70,3,267,15965.4603537754,-18516,6
1622102992987,1622102992997,10,-1,61,-1.0,-1,-1
1622102993027,1622102993117,90,11,296,12195.9277561174,-10871,223
1622102993127,1622102993177,50,2,83,7446.48096462707,-3016,103
1622102993187,1622102993207,20,1,203,12588.7614484423,-1,83
1622102993267,1622102993317,50,7,555,20980.0205524633,-22565,229
1622102993387,1622102993477,90,7,413,19877.9594393766,-15292,284
1622102993567,1622102993587,20,0,133,-1.0,-5042,18
1622102993597,1622102993767,170,6,910,47007.2053796071,-38558,128
1622102993847,1622102993907,60,2,348,14356.4027291277,-22401,141
1622102993987,1622102994107,120,6,198,5186.64035319318,-10479,357
1622102994137,1622102994187,50,0,290,21359.9066682261,-6934,11
1622102994267,1622102994287,20,1,258,-1.0,-19813,104
1622102994327,1622102994347,20,0,53,2953.61649803475,-1,323
1622102994386,1622102994396,10,-1,33,891.96340101173,-1,-1
1622102994436,1622102994466,30,0,46,2604.94587223852,-1,329
1622102994486,1622102994506,20,0,42,2663.60100317651,-1,99
1622102994516,1622102994536,20,0,59,3731.68802186031,-2924,330
1622102994556,1622102994576,20,0,47,2987.25490804928,-1572,217
1622102994626,1622102994646,20,0,43,2272.57657537149,-14,223
1622102994816,1622102994866,50,1,83,906.243815705383,-3143,184
1622102994906,1622102994926,20,0,31,1255.3818563696,-3,154
1622102994996,1622102995006,10,-1,39,1985.64381796906,-1,-1
1622102995026,1622102995066,40,1,80,3920.383042894,-408,101
1622102995096,1622102995136,40,0,421,34565.3455370083,-32422,356
1622102995236,1622102995256,20,0,36,2660.8563824504,-1,35
1622102995276,1622102995326,50,2,105,4716.9012942929,-3775,331
1622102995536,1622102995576,40,0,229,12994.22929407,-18826,229
1622102995586,1622102995596,10,-1,46,2181.80302484393,-1,-1
1622102995606,1622102995686,80,3,49,1816.07960909347,-1368,356
1622102995696,1622102995716,20,0,48,3053.69102138173,-1316,153
1622102995736,1622102995756,20,0,38,1572.48918955337,-12,233
1622102995816,1622102995846,30,1,81,4446.07201723943,-1,2
1622102995916,1622102996005,89,3,97,4721.69845454577,-1062,6
1622102996065,1622102996085,20,0,72,-1.0,-3047,132
1622102996105,1622102996125,20,2,434,29750.4978663236,-1,57
1622102996215,1622102996295,80,16,335,14195.0947342877,-11346,263
1622102996355,1622102996535,180,19,680,22335.7933855843,-21482,172
1622102996545,1622102996555,10,-1,476,44957.8905197704,-1,-1
1622102996615,1622102996665,50,7,640,54890.6543076254,-21603,67
1622102996675,1622102996705,30,1,174,14865.2202606159,-8976,53
1622102996785,1622102996805,20,0,60,-1.0,-2192,285
1622102996815,1622102996835,20,0,33,1689.63580770517,-155,101
1622102996915,1622102996925,10,-1,32,-1.0,-1,-1
1622102996935,1622102996955,20,0,33,653.730703982432,-1,345
1622102996965,1622102996975,10,-1,38,1166.99315934217,-1,-1
1622102996995,1622102997105,110,33,600,26269.9206456996,-37649,327
1622102997115,1622102997125,10,-1,136,10763.0159199402,-1,-1
1622102997135,1622102997145,10,-1,236,23144.4984198893,-1,-1
1622102997205,1622102997225,20,0,198,-1.0,-7856,41
1622102997235,1622102997325,90,3,217,21381.3238220267,-9230,307
1622102997345,1622102997385,40,1,85,4029.74407181684,-1196,210
1622102997465,1622102997475,10,-1,122,-1.0,-1,-1
1622102997485,1622102997535,50,2,70,3713.61484631816,-2295,150
1622102997555,1622102997595,40,1,51,2893.77640068628,-284,186
1622102997604,1622102997654,49,3,305,19710.7680569608,-3027,150
1622102997864,1622102997934,70,11,398,20303.3952133647,-12953,12
1622102998134,1622102998334,200,3,472,25031.5387405419,-25563,94
1622102998414,1622102998434,20,0,34,295.206489126725,-1,143
1622102998454,1622102998474,20,2,252,13734.2790667408,-1,153
1622102998534,1622102998574,40,5,305,6350.91696230045,-27506,286
1622102998584,1622102998614,30,2,113,5857.97138187313,-5999,258
1622102998674,1622102998754,80,4,135,8707.46199489003,-6194,55
1622102998834,1622102998884,50,2,428,4739.88621636278,-38300,238
1622102998914,1622102999024,110,1,139,7520.29382330026,-5075,5
1622102999184,1622102999263,79,14,272,9317.44709966877,-6382,276
1622102999273,1622102999303,30,1,241,19361.0862541145,-1,71
1622102999383,1622102999593,210,49,1096,72714.320556543,-18468,133
1622102999653,1622102999753,100,5,781,24609.9645078731,-60403,333
1622102999783,1622102999813,30,2,143,8516.93955135177,-5079,298
1622102999833,1622102999853,20,1,115,5683.26168577812,-1,261
1622102999933,1622102999973,40,3,142,2962.58885639405,-1653,303
1622103000033,1622103000093,60,3,288,17491.3936612931,-22259,23
1622103000133,1622103000143,10,-1,36,1920.15538673648,-1,-1
1622103000253,1622103000293,40,1,76,3632.83157902244,-1712,321
1622103000353,1622103000403,50,0,46,943.279119040058,-721,190
1622103000473,1622103000573,100,10,244,12888.6134029537,-10280,192
1622103000653,1622103000683,30,1,342,16518.1250084254,-27474,162
1622103000882,1622103000992,110,4,95,6189.0638240511,-4332,208
1622103001052,1622103001062,10,-1,35,-1.0,-1,-1
1622103001162,1622103001172,10,-1,93,7734.92555086917,-1,-1
1622103001232,1622103001272,40,0,78,1038.04580585289,-2789,338
1622103001292,1622103001312,20,1,573,49583.265005055,-1,112
1622103001372,1622103001392,20,0,83,-1.0,-3285,277
1622103001572,1622103001582,10,-1,69,-1.0,-1,-1
1622103001752,1622103001772,20,0,295,25524.8845970004,-1,24
1622103001832,1622103001842,10,-1,43,-1.0,-1,-1
1622103001882,1622103001912,30,2,137,6645.93902443878,-32,126
1622103001972,1622103001992,20,0,217,-1.0,-17139,278
1622103002042,1622103002142,100,8,296,15709.7478127777,-6312,198
1622103002242,1622103002272,30,17,870,4122.74965215952,-5652,263
1622103002342,1622103002442,100,8,548,43127.3104349824,-36692,23
1622103002551,1622103002761,210,14,711,45002.2285373355,-20138,357
1622103002821,1622103002831,10,-1,64,-1.0,-1,-1
1622103002881,1622103002901,20,1,105,8244.11962196016,-493,60
1622103002981,1622103003061,80,4,407,22376.1572222733,-17398,133
1622103003121,1622103003191,70,3,403,32484.4307560873,-21285,228
1622103003251,1622103003261,10,-1,558,-1.0,-1,-1
1622103003331,1622103003461,130,3,1222,27710.8938168164,-106668,40
1622103003521,1622103003551,30,2,352,449.889739028932,-23365,258
1622103003591,1622103003611,20,1,199,15107.7997581315,-1,10
1622103003671,1622103003701,30,2,425,-1.0,-31610,238
1622103003731,1622103003741,10,-1,31,1203.45206378138,-1,-1
1622103003751,1622103003771,20,0,56,2672.73920504184,-1,230
1622103003831,1622103003911,80,11,346,5571.68594487993,-12709,170
1622103004001,1622103004021,20,0,52,3038.48146913971,-2119,169
1622103004071,1622103004091,20,0,60,4083.82774200185,-36,273
1622103004101,1622103004150,49,14,544,37462.7626772917,-5379,93
1622103004380,1622103004420,40,12,1839,-1.0,-148089,232
1622103004530,1622103004590,60,2,2087,3209.57324744901,-193035,36
1622103004600,1622103004650,50,5,207,18219.5481622656,-6568,322
1622103004680,1622103004720,40,5,317,19530.3790841575,-22395,192
1622103004780,1622103004850,70,2,116,3745.73550701586,-6006,237
1622103004860,1622103004870,10,-1,54,3145.40958213523,-1,-1
1622103004960,1622103004970,10,-1,44,2235.40905404226,-1,-1
1622103005080,1622103005100,20,0,58,-1.0,-2091,329
1622103005120,1622103005140,20,1,119,7571.94199745074,-1,300
1622103005200,1622103005250,50,1,97,3076.99643339393,-5004,325
1622103005360,1622103005380,20,1,75,3542.04393475602,-1,318
1622103005420,1622103005440,20,9,1318,82969.9761984424,-1,165
1622103005520,1622103005570,50,3,860,6135.72105324493,-60172,1
1622103005650,1622103005660,10,-1,306,-1.0,-1,-1
1622103005819,1622103005889,70,3,135,1430.44577334979,-4258,215
1622103005989,1622103006029,40,2,90,3132.9517674924,-3786,77
1622103006049,1622103006159,110,13,347,11735.7129489173,-15763,225
1622103006369,1622103006379,10,-1,39,1153.48886984026,-1,-1
1622103006519,1622103006559,40,8,494,-1.0,-25202,40
1622103006599,1622103006699,100,4,540,32836.4107884102,-2134,90
1622103006819,1622103006859,40,3,1176,72641.2165215069,-58136,126
1622103006919,1622103007019,100,1,1114,98622.3228621191,-53542,240
1622103007099,1622103007109,10,-1,119,-1.0,-1,-1
1622103007219,1622103007299,80,2,114,874.006966747837,-6877,152
1622103007368,1622103007388,20,4,525,-1.0,-30184,322
1622103007398,1622103007458,60,6,208,8332.60602022522,-333,230
1622103007538,1622103007608,70,4,561,48512.1064924098,-26431,164
1622103007618,1622103007658,40,4,286,25749.3237312075,-18026,258
1622103007678,1622103007708,30,2,103,7514.08408326226,-6816,124
1622103008138,1622103008148,10,-1,33,1394.66204596213,-1,-1
1622103008178,1622103008228,50,1,57,2563.60406784914,-788,188
1622103008258,1622103008328,70,4,134,4714.90094637778,-3178,158
1622103008388,1622103008398,10,-1,92,-1.0,-1,-1
1622103008408,1622103008458,50,1,125,9827.21335134008,-6618,193
1622103008518,1622103008538,20,0,76,-1.0,-3737,201
1622103008548,1622103008588,40,1,80,4323.68223313797,-3220,345
1622103008608,1622103008628,20,0,37,1516.04806368138,-8,232
1622103008708,1622103008718,10,-1,66,4715.77606973221,-1,-1
1622103008788,1622103008798,10,-1,43,-1.0,-1,-1
1622103009027,1622103009037,10,-1,42,2793.94332845676,-1,-1
1622103009237,1622103009247,10,-1,43,1745.47042686893,-1,-1
1622103009357,1622103009377,20,0,46,2398.69276847601,-1,81
1622103009547,1622103009557,10,-1,44,2778.18763794641,-1,-1
1622103009617,1622103009627,10,-1,592,-1.0,-1,-1
1622103009697,1622103009857,160,12,615,38823.9496392607,-47311,107
1622103009927,1622103010127,200,10,1075,75767.3016717807,-77859,194
1622103010327,1622103010437,110,41,2072,188519.717390638,-171957,293
1622103010497,1622103010547,50,15,1073,-1.0,-69919,284
1622103010646,1622103010736,90,17,2188,175698.815423503,-123884,123
1622103010906,1622103010946,40,6,1170,16107.0863402592,-102725,36
1622103010966,1622103011066,100,17,1012,68801.9241828549,-83808,231
1622103011076,1622103011116,40,1,552,44370.1054995898,-21293,32
1622103011206,1622103011226,20,4,1334,-1.0,-115263,233
1622103011766,1622103011956,190,8,1261,25231.3477996951,-113718,121
1622103012026,1622103012036,10,-1,891,-1.0,-1,-1
1622103012216,1622103012315,99,19,1172,99947.7250596338,-86719,167
1622103012375,1622103012445,70,3,943,6384.44896770812,-87726,287
1622103012455,1622103012625,170,33,1912,182133.819201758,-141426,182
1622103012785,1622103012795,10,-1,296,-1.0,-1,-1
1622103012855,1622103012865,10,-1,108,-1.0,-1,-1
1622103012925,1622103012955,30,3,284,-1.0,-9680,72
1622103013025,1622103013085,60,44,1695,143806.944230316,-148232,134
1622103013245,1622103013285,40,16,2649,21589.7026495746,-165069,351
1622103013515,1622103013575,60,13,406,19331.3892700822,-11783,116
1622103013595,1622103013645,50,3,136,12665.602585736,-6367,357
1622103013745,1622103013765,20,3,460,17906.5535586256,-1,304
1622103013884,1622103013914,30,16,1285,-1.0,-48025,106
1622103014154,1622103014184,30,4,221,-1.0,-205,288
1622103014264,1622103014284,20,8,788,941.344055819434,-1,25
1622103014404,1622103014474,70,42,1992,49428.1934798045,-97415,191
1622103014574,1622103014594,20,13,1247,-1.0,-60737,54
1622103014674,1622103014724,50,10,599,23619.3272681239,-1,352
1622103015204,1622103015244,40,3,1321,63919.4034076392,-45437,265
1622103015254,1622103015264,10,-1,342,32461.7923152951,-1,-1
1622103015274,1622103015294,20,0,290,27857.8479435519,-24560,18
1622103015354,1622103015414,60,4,111,6106.63748952481,-5972,194
1622103015424,1622103015444,20,2,141,9019.22805835846,-1,14
1622103015503,1622103015553,50,30,1693,16851.9324254004,-57242,341
1622103015803,1622103015853,50,6,1043,2119.69703641184,-86364,282
1622103015863,1622103015973,110,1,796,42388.8958407199,-65038,295
1622103016063,1622103016113,50,1,131,641.436592219278,-6315,167
1622103016223,1622103016283,60,10,1366,15050.8826636208,-112785,193
1622103016363,1622103016443,80,4,496,35630.1685479658,-14511,66
1622103016883,1622103017072,189,11,834,16749.1918734474,-47262,285
1622103017132,1622103017202,70,5,510,13289.8357093634,-20157,317
1622103017212,1622103017222,10,-1,424,39773.0727416454,-1,-1
1622103017282,1622103017442,160,15,558,23888.9538817854,-22840,33
1622103017452,1622103017472,20,1,165,13380.8199329814,-1,214
1622103017532,1622103017542,10,-1,50,-1.0,-1,-1
1622103017562,1622103017572,10,-1,37,1214.18630470807,-1,-1
1622103017582,1622103017622,40,0,55,2443.87194441603,-755,194
1622103017682,1622103017752,70,16,811,50163.991329258,-39326,69
1622103017822,1622103017892,70,4,292,17380.8839709102,-13227,179
1622103017982,1622103018042,60,2,171,9384.26936884419,-6848,229
1622103018122,1622103018152,30,0,162,11621.6193037624,-5017,276
1622103018232,1622103018242,10,-1,76,-1.0,-1,-1
1622103018562,1622103018572,10,-1,32,2657.44081333392,-1,-1
1622103018662,1622103018682,20,1,156,6733.24387730994,-1,142
1622103018811,1622103018881,70,22,1718,151661.633183689,-59704,90
1622103018951,1622103018971,20,3,927,-1.0,-67708,276
1622103019051,1622103019141,90,14,951,36347.09095114,-66518,142
1622103019221,1622103019281,60,10,899,49983.4251640039,-15540,313
1622103019561,1622103019581,20,2,614,49692.6396153172,-1,118
1622103019701,1622103019871,170,9,1283,28784.8244585259,-104401,160
1622103019931,1622103020061,130,5,300,13085.7514430152,-19720,220
1622103020131,1622103020141,10,-1,46,3210.33453120029,-1,-1
1622103020151,1622103020261,110,33,1251,74660.2302137598,-54684,131
1622103020331,1622103020380,49,16,507,14491.0470876225,-1,11
1622103020510,1622103020560,50,22,1047,9840.98509932235,-61395,284
1622103020620,1622103020670,50,24,1128,69747.9458339275,-52381,111
1622103020780,1622103020850,70,14,857,56842.5121868605,-43355,306
1622103020920,1622103020930,10,-1,52,-1.0,-1,-1
1622103020940,1622103020960,20,0,36,810.331586352484,-1,95
1622103021080,1622103021110,30,7,592,21168.0738383379,-1,133
1622103021170,1622103021270,100,17,916,48489.3894287098,-52510,72
1622103021330,1622103021350,20,0,55,-1.0,-2021,264
1622103021390,1622103021420,30,1,73,4016.05095085853,-2760,222
1622103021450,1622103021520,70,0,254,19643.0339514357,-12689,18
1622103021580,1622103021650,70,9,1908,113507.029815678,-30788,151
1622103021730,1622103021820,90,20,1116,72520.04242762,-83342,271
1622103022239,1622103022309,70,4,333,7382.03537915406,-22487,297
1622103022329,1622103022389,60,1,412,32354.7481054763,-16320,344
1622103022449,1622103022509,60,1,499,41932.9790707724,-13656,13
1622103022569,1622103022629,60,0,238,2763.06620215556,-19553,104
1622103022719,1622103022739,20,2,273,-1.0,-15243,282
1622103022859,1622103022879,20,3,191,7789.92778485752,-1,59
1622103023039,1622103023079,40,8,351,24764.0631761336,-15479,246
1622103023039,1622103023079,40,8,351,24764.0631761336,-15479,246
1622103023149,1622103023169,20,11,1062,54746.5421988697,-1,68
1622103023479,1622103023509,30,3,287,-1.0,-12392,242
1622103023818,1622103023868,50,0,899,-1.0,-81950,255
1622103023888,1622103023898,10,-1,44,2925.64146734187,-1,-1
1622103024028,1622103024058,30,1,88,7741.06754429029,-4171,299
1622103024138,1622103024188,50,4,503,37007.1454993399,-42841,264
1622103024248,1622103024338,90,19,675,46003.7257832861,-35652,132
1622103024418,1622103024428,10,-1,70,-1.0,-1,-1
1622103024458,1622103024558,100,3,611,38515.3233330057,-44673,10
1622103024738,1622103024838,100,6,400,36840.5247961155,-21283,128
1622103024998,1622103025018,20,4,487,14082.0379101075,-1,37
1622103025547,1622103025577,30,2,430,-1.0,-34374,75
1622103025587,1622103025627,40,3,199,12011.4566588891,-1,274
1622103025697,1622103025747,50,9,872,48728.6392558462,-7069,243
1622103025877,1622103025927,50,4,1668,129490.27638896,-26479,134
1622103025987,1622103026057,70,29,780,33253.9229935831,-21050,291
1622103026067,1622103026157,90,19,682,36209.6469340094,-29285,30
1622103026237,1622103026267,30,2,451,-1.0,-32408,248
1622103026357,1622103026407,50,2,456,31539.7843231916,-14783,104
1622103026507,1622103026737,230,7,511,34264.1317705185,-42833,232
1622103026806,1622103026906,99,13,223,13526.262325467,-11228,262
1622103026966,1622103026986,20,0,372,-1.0,-30068,14
1622103027046,1622103027286,240,20,665,20656.1229047422,-14843,187
1622103027486,1622103027636,150,25,1866,177645.91813281,-111352,62
1622103028006,1622103028076,70,5,209,5082.31655767702,-8347,332
1622103028186,1622103028286,100,11,596,28406.1050364288,-45165,136
1622103028725,1622103028775,50,5,1851,159413.694300077,-171488,64
1622103028955,1622103029035,80,13,1913,18025.8746442365,-160205,284
1622103029055,1622103029125,70,2,382,28405.0692766306,-7374,129
1622103029185,1622103029285,100,14,790,30721.2512519635,-52597,189
1622103029355,1622103029395,40,13,586,20343.940501561,-33364,295
1622103029475,1622103029515,40,5,628,41424.841532301,-54091,130
1622103029585,1622103029615,30,9,463,7750.53390799871,-10722,77
1622103029675,1622103029735,60,3,413,9507.71482194235,-23240,301
1622103029865,1622103029875,10,-1,75,-1.0,-1,-1
1622103030025,1622103030044,19,1,186,-1.0,-9004,255
1622103030154,1622103030374,220,12,410,17818.2742227303,-15639,247
1622103030454,1622103030484,30,3,302,-1.0,-14472,260
1622103030514,1622103030594,80,8,761,67141.912342392,-27480,78
1622103030764,1622103030774,10,-1,165,-1.0,-1,-1
1622103030914,1622103030934,20,1,339,-1.0,-23634,306
1622103031014,1622103031094,80,18,377,11694.4276483428,-17224,87
1622103031104,1622103031194,90,19,799,72533.5013102586,-67309,273
1622103031584,1622103031624,40,6,301,-1.0,-11395,87
1622103031713,1622103031773,60,7,362,18268.1361836573,-1263,76
1622103032013,1622103032093,80,2,379,32965.6344269551,-22550,78
1622103032243,1622103032253,10,-1,822,-1.0,-1,-1
1622103032313,1622103032373,60,0,1012,77203.5069572088,-80874,232
1622103032393,1622103032473,80,1,155,7745.50653931041,-10814,48
1622103032483,1622103032503,20,4,363,20177.188232772,-1,334
1622103032753,1622103032873,120,9,331,21373.8398410472,-18527,59
1622103032893,1622103032923,30,5,1066,79026.7467166661,-8141,26
1622103033033,1622103033113,80,19,1090,25015.2751169586,-55425,327
1622103033282,1622103033342,59,14,510,425.810178012701,-17732,141
1622103033352,1622103033362,10,-1,265,24079.1712555551,-1,-1
1622103033712,1622103033752,40,8,290,-1.0,-10854,238
1622103034002,1622103034042,40,3,196,-1.0,-8341,93
1622103034062,1622103034092,30,6,297,23830.9516631053,-19268,313
1622103034202,1622103034312,110,13,1315,109854.827597739,-52564,240
1622103034582,1622103034612,30,13,1026,-1.0,-37586,24
1622103034951,1622103035021,70,7,255,9945.48844176592,-12942,30
1622103035031,1622103035151,120,11,1811,70161.7475314291,-157101,36
1622103035301,1622103035331,30,9,545,-1.0,-9148,316
1622103035561,1622103035571,10,-1,238,-1.0,-1,-1
1622103035631,1622103035701,70,7,1087,73505.114653648,-91199,120
1622103035781,1622103035851,70,23,936,38989.9568722098,-64002,317
1622103036041,1622103036211,170,28,1038,73478.5534829611,-79428,204
1622103036361,1622103036381,20,1,186,11017.0420089561,-1,334
1622103036481,1622103036551,70,9,674,-1.0,-19119,46
1622103036750,1622103036790,40,1,699,17148.0649749033,-55839,331
1622103036800,1622103036830,30,2,230,21256.847407495,-12400,174
1622103036900,1622103036910,10,-1,719,-1.0,-1,-1
1622103037080,1622103037100,20,2,516,23895.3889505026,-1,127
1622103037600,1622103037680,80,1,354,24308.6609856766,-23264,333
1622103037750,1622103037820,70,39,1037,38366.072743472,-31153,141
1622103037900,1622103037970,70,1,284,17971.1688115757,-15093,178
1622103038050,1622103038080,30,1,235,-1.0,-14451,254
1622103038090,1622103038130,40,4,292,28683.5878316969,-2648,4
1622103038160,1622103038170,10,-1,36,1260.36249633692,-1,-1
1622103038180,1622103038499,319,15,558,29601.5014772386,-24067,21
1622103038579,1622103038599,20,1,317,-1.0,-23007,180
1622103038609,1622103038739,130,11,935,63749.3295003149,-65136,46
1622103038749,1622103038939,190,8,239,13065.7875770844,-16021,106
1622103039019,1622103039069,50,11,573,1021.20188506329,-19967,358
1622103039129,1622103039229,100,6,386,32053.9161175018,-34813,292
1622103039289,1622103039429,140,1,1382,99973.9435121554,-78571,254
1622103039459,1622103039489,30,7,534,24478.1584182677,-1,180
1622103039579,1622103039619,40,4,272,8289.85678699241,-15083,198
1622103039679,1622103039719,40,1,185,10326.8178657376,-11040,91
1622103039729,1622103039739,10,-1,181,15649.9411914095,-1,-1
1622103039749,1622103039779,30,0,136,10656.0126981186,-10547,0
1622103039838,1622103040018,180,2,461,31325.963620362,-37163,195
1622103040098,1622103040268,170,16,831,50708.8922330779,-34679,98
1622103040388,1622103040458,70,1,334,13340.0700398894,-25852,160
1622103040518,1622103040538,20,0,56,-1.0,-1442,225
1622103040558,1622103040608,50,2,71,3890.6235014301,-1862,346
1622103040668,1622103040738,70,2,332,22953.648614067,-20324,9
1622103040798,1622103040838,40,4,382,17753.6989697365,-33292,263
1622103040848,1622103040858,10,-1,114,9982.44979153161,-1,-1
1622103040938,1622103040958,20,0,126,-1.0,-7458,42
1622103040998,1622103041028,30,7,299,14862.8611393572,-1407,357
1622103041238,1622103041278,40,3,1327,28422.928008907,-124144,239
1622103041398,1622103041437,39,23,817,10113.4322853023,-14469,55
1622103041517,1622103041537,20,1,253,227.712659205352,-1,93
1622103041547,1622103041567,20,3,647,32365.9416649786,-1,247
1622103041667,1622103041697,30,6,507,24268.209036939,-4860,280
1622103041837,1622103041847,10,-1,270,-1.0,-1,-1
1622103041957,1622103042007,50,24,1088,90928.1201815127,-96569,122
1622103042097,1622103042137,40,7,448,29651.1574868404,-5340,312
1622103042227,1622103042267,40,6,428,-1.0,-11806,237
1622103042477,1622103042577,100,4,197,12469.5612098395,-12127,221
1622103042637,1622103042687,50,4,95,3419.24369518111,-3184,154
1622103042697,1622103042717,20,5,396,25599.0666629955,-1,285
1622103042897,1622103042927,30,1,435,3785.70346847786,-36516,212
1622103042937,1622103043106,169,13,856,37890.8743030468,-76552,4
1622103042937,1622103043106,169,13,856,37890.8743030468,-76552,4
1622103043166,1622103043236,70,6,222,13882.9077229881,-10026,127
1622103043246,1622103043256,10,-1,54,2716.76644859496,-1,-1
1622103043266,1622103043276,10,-1,41,1877.18387313585,-1,-1
1622103043306,1622103043386,80,2,372,29324.7620429158,-29924,225
1622103043466,1622103043606,140,2,266,15292.159675859,-18261,11
1622103043656,1622103043676,20,3,370,18943.8345737916,-1,58
1622103043736,1622103043806,70,3,386,11757.5282228985,-10020,104
1622103043866,1622103043946,80,6,400,25111.2395146019,-16033,249
1622103043976,1622103044086,110,1,318,12933.7505551416,-23635,40
1622103044156,1622103044356,200,13,1072,70129.0930143432,-49484,276
1622103044416,1622103044506,90,2,88,5047.7376343427,-3638,329
1622103044516,1622103044536,20,0,35,606.601812123869,-3,255
1622103044546,1622103044586,40,1,77,5234.10624184919,-4152,28
1622103044626,1622103044656,30,3,192,10083.6272595971,-7310,259
1622103044735,1622103044755,20,0,225,-1.0,-18627,9
1622103044775,1622103044785,10,-1,39,1774.3247892849,-1,-1
1622103044845,1622103044855,10,-1,33,-1.0,-1,-1
1622103044865,1622103044945,80,7,238,11474.8045685441,-15385,190
1622103045015,1622103045045,30,2,108,-1.0,-7631,250
1622103045145,1622103045215,70,7,300,18362.0498561845,-17455,19
1622103045225,1622103045235,10,-1,37,1248.82639229789,-1,-1
1622103045315,1622103045375,60,3,751,52012.4968612544,-4715,308
1622103045455,1622103045545,90,1,1691,7338.50509362702,-155645,211
1622103045585,1622103045635,50,1,67,2720.93534731777,-2814,358
1622103045715,1622103045995,280,22,574,23805.6844269206,-28760,89
1622103046005,1622103046015,10,-1,47,2858.57833137895,-1,-1
1622103046025,1622103046045,20,3,196,15999.1334515663,-1,351
1622103046135,1622103046165,30,6,319,-1.0,-8703,344
1622103046175,1622103046284,109,10,410,26417.656250973,-27726,157
1622103046424,1622103046524,100,5,281,3904.56568056617,-11398,280
1622103046564,1622103046574,10,-1,37,1098.8969248447,-1,-1
1622103046594,1622103046624,30,1,82,3166.72289812482,-1,154
1622103046744,1622103046774,30,1,64,2722.45251485044,-1,215
1622103046804,1622103046854,50,2,69,3908.82773981266,-2100,91
1622103046954,1622103046984,30,6,913,64661.2455401438,-23018,278
1622103047054,1622103047094,40,6,285,2216.63104439406,-7846,354
1622103047154,1622103047174,20,11,585,-1.0,-2906,60
1622103047294,1622103047304,10,-1,453,-1.0,-1,-1
1622103047364,1622103047384,20,2,272,-1.0,-15703,239
1622103047394,1622103047414,20,0,44,1164.18096474772,-1,158
1622103047434,1622103047594,160,35,1704,167765.563041303,-126751,99
1622103047933,1622103047943,10,-1,1753,-1.0,-1,-1
1622103048003,1622103048023,20,0,57,-1.0,-25,252
1622103048033,1622103048053,20,0,52,4093.05228077603,-1,95
1622103048063,1622103048123,60,8,280,18247.6782647173,-10000,96
1622103048183,1622103048223,40,2,124,6670.76340901364,-5610,202
1622103048233,1622103048253,20,0,121,8322.28309892085,-1,166
1622103048313,1622103048343,30,2,126,-1.0,-1038,250
1622103048353,1622103048383,30,1,75,4373.88372162498,-904,260
1622103048463,1622103048533,70,3,281,6256.58659116148,-24732,261
1622103048683,1622103048713,30,0,41,744.315914065468,-1,344
1622103048723,1622103048743,20,3,354,19559.4835193504,-1,102
1622103048803,1622103048863,60,7,248,16374.1410488242,-13066,264
1622103048923,1622103048953,30,1,408,33427.9467840091,-21301,209
1622103049013,1622103049053,40,5,391,-1.0,-17334,22
1622103049063,1622103049103,40,9,457,22476.9894181355,-24978,77
1622103049193,1622103049223,30,5,570,-1.0,-32597,316
1622103049303,1622103049343,40,20,1633,950.404486364755,-68239,112
1622103049413,1622103049463,50,13,1242,56103.6234424074,-67336,129
1622103049483,1622103049493,10,-1,36,2468.60038415209,-1,-1
1622103049503,1622103049523,20,0,61,4407.4064563594,0,228
1622103049582,1622103049622,40,4,156,6161.63586529927,-71,264
1622103049632,1622103049692,60,13,438,38622.4566337342,-27757,102
1622103049702,1622103049802,100,7,945,73593.3771838783,-61522,264
1622103049862,1622103049892,30,1,159,-1.0,-7070,355
1622103049902,1622103049922,20,0,49,2914.15440043178,-1,187
1622103049932,1622103049952,20,0,46,2913.94715018766,-1043,90
1622103050012,1622103050032,20,0,67,-1.0,-2089,188
1622103050052,1622103050062,10,-1,31,704.605880615559,-1,-1
1622103050082,1622103050102,20,1,118,9304.36043043298,-2358,124
1622103050112,1622103050172,60,0,442,17537.4436061322,-3136,174
1622103050192,1622103050222,30,5,286,14208.6638864641,-12949,99
1622103050282,1622103050302,20,2,256,-1.0,-12768,94
1622103050312,1622103050342,30,2,132,6057.44551628487,-1,83
1622103050412,1622103050452,40,0,1135,283.746728396475,-108099,249
1622103050642,1622103050662,20,0,60,3824.2857029809,-1,167
1622103050692,1622103050792,100,2,546,31764.5949259808,-24385,71
1622103050852,1622103050922,70,2,190,14185.9740739653,-10928,305
1622103051151,1622103051221,70,2,154,13188.7501179329,-5127,263
1622103051251,1622103051271,20,0,39,1151.66945772052,-5,233
1622103051331,1622103051341,10,-1,73,4420.71685546085,-1,-1
1622103051401,1622103051411,10,-1,39,-1.0,-1,-1
1622103051461,1622103051491,30,3,190,15268.7140415362,-13278,89
1622103051551,1622103051581,30,2,130,-1.0,-751,268
1622103051601,1622103051621,20,2,329,21354.4239186862,-1,152
1622103051681,1622103051701,20,3,192,791.117669907678,-1,153
1622103051721,1622103051731,10,-1,399,37653.4088999235,-1,-1
1622103051821,1622103051871,50,5,694,22769.6887977293,-50773,253
1622103051951,1622103051981,30,3,700,-1.0,-52779,350
1622103052011,1622103052021,10,-1,32,2266.35223168288,-1,-1
1622103052111,1622103052121,10,-1,34,1827.37211347557,-1,-1
1622103052131,1622103052171,40,7,572,26512.6985241004,-1,69
1622103052231,1622103052251,20,0,104,-1.0,-5027,69
1622103052291,1622103052411,120,11,207,8630.78221904219,-8935,7
1622103052421,1622103052431,10,-1,235,21183.5975650534,-1,-1
1622103052561,1622103052721,160,27,738,40399.1710291361,-45675,229
1622103052780,1622103052790,9,-1,61,-1.0,-1,-1
1622103052800,1622103052810,10,-1,50,2714.13920907852,-1,-1
1622103052850,1622103052860,10,-1,35,1417.95191504408,-1,-1
1622103052940,1622103052970,30,1,67,4653.08821876684,-3669,323
1622103052980,1622103052990,10,-1,37,2675.75300234533,-1,-1
1622103053070,1622103053150,80,2,429,29537.0070070485,-34677,213
1622103053360,1622103053390,30,4,193,18130.6202131754,-13562,89
1622103053470,1622103053560,90,2,370,23041.7969124942,-26544,302
1622103053610,1622103053620,10,-1,46,2119.21735935712,-1,-1
1622103053740,1622103053750,10,-1,2168,-1.0,-1,-1
1622103053810,1622103053850,40,6,1399,-1.0,-115976,294
1622103053870,1622103053960,90,12,841,81588.4446090332,-74774,76
1622103054020,1622103054070,50,2,644,10622.1265346989,-57781,45
1622103054130,1622103054210,80,25,1035,25576.2719115982,-73786,242
1622103054370,1622103054389,19,2,113,9362.95430084272,-1348,355
1622103054469,1622103054569,100,19,521,20284.5340321672,-40508,68
1622103054759,1622103054779,20,0,49,3329.16002644872,-1,151
1622103055129,1622103055269,140,3,428,28469.5346674202,-30202,267
1622103055329,1622103055359,30,2,154,998.272551201276,-2884,236
1622103055419,1622103055579,160,19,445,37305.4260899107,-29129,155
1622103055749,1622103055839,90,21,439,17805.8425745299,-13066,333
1622103055849,1622103055869,20,1,95,7120.91773204902,-2607,77
1622103055889,1622103055909,20,0,39,3098.1219361427,-295,281
1622103056038,1622103056158,120,0,540,31270.5626618125,-44706,311
1622103056288,1622103056458,170,10,586,21326.5311903155,-32886,299
1622103056468,1622103056518,50,2,103,5898.89544533913,-4999,347
1622103056598,1622103056638,40,10,530,27177.5874811426,-1,98
1622103056938,1622103057008,70,3,440,34787.2528600067,-26271,267
1622103057098,1622103057108,10,-1,34,1716.66184482136,-1,-1
1622103057238,1622103057268,30,6,487,28358.5537919027,-1,54
1622103057348,1622103057398,50,3,175,1385.05726905904,-5676,85
1622103057508,1622103057518,10,-1,33,1804.75842876664,-1,-1
1622103057538,1622103057558,20,2,393,24903.9891304959,-1,262
1622103057618,1622103057807,189,21,737,60082.27975698,-70067,265
1622103057847,1622103057857,10,-1,30,1447.06921167061,-1,-1
1622103057937,1622103058007,70,28,1611,83595.7931458388,-2166,32
1622103058077,1622103058157,80,31,1987,141040.623409037,-71340,233
1622103058367,1622103058407,40,9,375,20787.5199465786,-14346,327
1622103058417,1622103058437,20,5,663,48739.987445638,-1,149
1622103058667,1622103058687,20,3,353,-1.0,-17015,281
1622103058937,1622103058957,20,11,872,54777.9061677863,-1,306
1622103059097,1622103059137,40,8,374,21107.3537752184,-24166,264
1622103059197,1622103059306,109,2,2620,235662.63180607,-254744,82
1622103059366,1622103059396,30,2,114,1677.71555038515,-1967,309
1622103059406,1622103059416,10,-1,92,8649.59624403109,-1,-1
1622103059496,1622103059556,60,2,189,7019.36537497678,-7693,45
1622103059576,1622103059626,50,2,535,26288.4469997494,-20265,195
1622103059636,1622103059726,90,12,796,43185.1942823948,-32422,151
1622103059826,1622103059906,80,43,2066,106066.886004509,-99249,275
1622103059966,1622103060006,40,11,1219,-1.0,-70213,331
1622103060066,1622103060126,60,2,148,7755.52344277004,-717,275
1622103060216,1622103060256,40,1,190,1285.60569826349,-14964,90
1622103060496,1622103060726,230,6,450,19711.2989527747,-34713,33
1622103060736,1622103060806,70,8,305,13515.1462354669,-11288,314
1622103060935,1622103060985,50,7,314,13199.6215325661,-23603,254
1622103060995,1622103061005,10,-1,301,29450.2420594778,-1,-1
1622103061015,1622103061105,90,5,357,33170.2472893832,-23520,321
1622103061125,1622103061145,20,1,57,1785.64062331677,-1,354
1622103061215,1622103061335,120,8,2659,211998.524121567,-205032,134
1622103061395,1622103061485,90,12,720,29949.5346495734,-23791,21
1622103061565,1622103061625,60,14,612,-1.0,-16188,74
1622103061755,1622103061775,20,1,286,-1.0,-16494,11
1622103061835,1622103061845,10,-1,34,-1.0,-1,-1
1622103061965,1622103061985,20,0,30,-1.0,-10,314
1622103061995,1622103062035,40,5,213,13674.3640674897,-14392,112
1622103062065,1622103062075,10,-1,96,7017.28995452209,-1,-1
1622103062135,1622103062155,20,0,139,-1.0,-8551,45
1622103062185,1622103062205,20,0,88,4102.92446068227,-1,8
1622103062265,1622103062275,10,-1,56,-1.0,-1,-1
1622103062305,1622103062355,50,13,564,19615.0906033466,-1,239
1622103062415,1622103062455,40,1,128,250.793816969175,-9072,293
1622103062544,1622103062604,60,32,713,35968.56659886,-34447,51
1622103062714,1622103062774,60,2,288,10875.8232499015,-9143,36
1622103062834,1622103062884,50,3,199,-1.0,-8644,336
1622103062894,1622103062904,10,-1,53,3798.22686007081,-1,-1
1622103063004,1622103063044,40,7,493,19480.79925123,-1,78
1622103063514,1622103063814,300,2,543,27463.5714793552,-43811,189
1622103063824,1622103063874,50,3,91,2741.48499632579,-81,352
1622103063934,1622103063944,10,-1,54,-1.0,-1,-1
1622103064084,1622103064143,59,2,911,65507.2689359213,-21994,171
1622103064213,1622103064273,60,8,233,7079.64741368452,-9951,300
1622103064413,1622103064423,10,-1,690,-1.0,-1,-1
1622103064523,1622103064633,110,21,752,45034.0004834551,-32568,115
1622103064753,1622103064823,70,6,775,55504.5023618987,-52758,304
1622103064973,1622103064993,20,0,101,6609.53207896632,-1,154
1622103065083,1622103065093,10,-1,409,-1.0,-1,-1
1622103065203,1622103065213,10,-1,463,-1.0,-1,-1
1622103065363,1622103065483,120,23,594,19435.3893648327,-29654,134
1622103065493,1622103065593,100,1,86,6008.67508364879,-3140,60
1622103065603,1622103065633,30,1,57,2348.87076990176,-2100,46
1622103065653,1622103065673,20,0,32,1384.12899055872,-1,326
1622103065683,1622103065743,60,0,62,2061.17201919513,-986,114
1622103065752,1622103065762,9,-1,66,4250.41766144691,-1,-1
1622103065772,1622103065782,10,-1,49,3347.91386848181,-1,-1
1622103065882,1622103065932,50,3,134,3499.09327898968,-10203,293
1622103066012,1622103066062,50,1,78,72.5304488115182,-3696,286
1622103066092,1622103066102,10,-1,32,1735.34212163874,-1,-1
1622103066222,1622103066242,20,1,156,8937.22421828184,-1,261
1622103066302,1622103066322,20,0,102,-1.0,-6270,77
1622103066332,1622103066392,60,9,468,12847.0894657723,-1,346
1622103066482,1622103066732,250,64,1773,92583.6749260045,-92927,160
1622103067312,1622103067322,10,-1,457,-1.0,-1,-1
1622103067421,1622103067491,70,35,1365,3300.59879652742,-60526,14
1622103067561,1622103067571,10,-1,1820,-1.0,-1,-1
1622103067601,1622103067671,70,24,2247,113916.682532899,-210342,292
1622103067691,1622103067721,30,2,108,4983.57883556065,-1,184
1622103067861,1622103067941,80,16,698,41110.3103775737,-27798,130
1622103068011,1622103068041,30,18,920,88852.4091846741,-85273,156
1622103068051,1622103068111,60,13,731,55946.8805318927,-46928,160
1622103068171,1622103068241,70,14,696,26253.5004680409,-12271,2
1622103068301,1622103068371,70,15,2238,1297.23683568647,-163555,314
1622103068441,1622103068531,90,12,382,18621.7882599735,-13164,216
1622103068601,1622103068641,40,4,329,-1.0,-13803,38
1622103068891,1622103068911,20,1,86,2471.49393517904,-1,356
1622103069090,1622103069130,40,3,85,321.897313411725,-2588,335
1622103069150,1622103069210,60,1,2050,202462.539597751,-130104,86
1622103069220,1622103069300,80,2,838,42320.2524236685,-58795,35
1622103069330,1622103069460,130,43,1226,115145.049619194,-89778,103
1622103069590,1622103069610,20,0,105,7206.37835721655,-1,173
1622103069680,1622103069690,10,-1,468,-1.0,-1,-1
1622103069890,1622103070080,190,18,1266,115556.835326263,-99814,252
1622103070110,1622103070130,20,0,48,1198.28611665891,-1,237
1622103070150,1622103070230,80,18,963,94008.6551074584,-90360,125
1622103070370,1622103070390,20,8,423,39945.8280638609,-1,24
1622103070420,1622103070480,60,25,945,50499.2811752944,-38862,196
1622103070520,1622103070689,169,20,789,37574.7101229872,-24079,314
1622103070779,1622103070789,10,-1,1551,-1.0,-1,-1
1622103070849,1622103070889,40,3,500,160.043719287701,-29801,72
1622103070899,1622103070989,90,15,406,21727.3369401192,-7466,188
1622103071179,1622103071229,50,8,347,9331.48270794184,-15549,40
1622103071239,1622103071249,10,-1,37,784.627908690766,-1,-1
1622103071349,1622103071389,40,16,837,82052.9122579679,-79371,161
1622103071409,1622103071539,130,21,1180,89434.7440646191,-78222,270
1622103071599,1622103071649,50,9,827,27195.8674110796,-61279,258
1622103071759,1622103071819,60,36,1211,5572.70595472044,-56235,93
1622103072049,1622103072089,40,3,166,8583.22062686569,-6246,215
1622103072149,1622103072209,60,3,129,3431.00498416816,-7308,69
1622103072428,1622103072518,90,2,427,27842.9004727745,-31634,315
1622103072578,1622103072588,10,-1,67,-1.0,-1,-1
1622103072598,1622103072648,50,4,369,17186.248396255,-29268,254
1622103072748,1622103072758,10,-1,132,-1.0,-1,-1
1622103072768,1622103072808,40,2,243,14960.6641810663,-1,303
1622103072868,1622103072908,40,14,574,8410.40135864157,-25402,241
1622103073138,1622103073318,180,16,1827,57416.0132869747,-147758,92
1622103073348,1622103073428,80,10,195,8595.91012663101,-4397,6
1622103073598,1622103073638,40,11,454,10382.7793172813,-10696,38
1622103073698,1622103073708,10,-1,69,-1.0,-1,-1
1622103073848,1622103073907,59,3,425,26272.368441509,-5052,258
1622103073987,1622103073997,10,-1,320,-1.0,-1,-1
1622103074027,1622103074047,20,0,34,1592.8228695077,-443,116
1622103074057,1622103074077,20,4,549,30009.1705283378,-1,306
1622103074167,1622103074177,10,-1,641,-1.0,-1,-1
1622103074247,1622103074307,60,17,1146,276.836718203924,-68236,334
1622103074397,1622103074477,80,6,993,93732.111651007,-5585,216
1622103074537,1622103074547,10,-1,386,-1.0,-1,-1
1622103074727,1622103074757,30,24,1212,58189.7402222816,-1,129
1622103074837,1622103074897,60,15,1887,171948.299839597,-12018,322
1622103074987,1622103075197,210,18,1415,64139.321490753,-116831,162
1622103075297,1622103075407,110,10,170,7083.81439993184,-8615,340
1622103075417,1622103075506,89,8,324,13122.1569762433,-8564,260
1622103075606,1622103075636,30,2,96,5237.90504335731,-4321,68
1622103075706,1622103075716,10,-1,31,448.308686937862,-1,-1
1622103075726,1622103075806,80,8,249,14431.437612798,-10302,185
1622103075836,1622103075856,20,0,42,1566.46729387023,-670,340
1622103075876,1622103075906,30,4,530,30066.078043005,-1,3
1622103075976,1622103075986,10,-1,31,2414.97247180499,-1,-1
1622103076166,1622103076176,10,-1,30,481.664492057258,-1,-1
1622103076196,1622103076206,10,-1,57,2879.17767100038,-1,-1
1622103076276,1622103076296,20,0,42,2529.2074186985,-323,287
1622103076316,1622103076336,20,1,112,4839.76600511724,-1,309
1622103076396,1622103076436,40,8,352,14004.2827956796,-28843,215
1622103076456,1622103076486,30,0,36,503.704335911775,-12,302
1622103076586,1622103076606,20,0,68,-1.0,-2455,67
1622103076636,1622103076686,50,9,316,16553.0945709124,-11362,359
1622103076746,1622103076776,30,1,98,2421.94659516821,-92,90
1622103076836,1622103076876,40,1,125,3.03763202313476,-6635,134
1622103076886,1622103076936,50,3,400,25822.0846270625,-780,180
1622103076996,1622103077016,20,1,86,1252.03054200015,-1,225
1622103077026,1622103077036,10,-1,32,499.798329047433,-1,-1
1622103077046,1622103077066,20,0,30,83.0463171848333,-1,8
1622103077076,1622103077086,10,-1,35,824.227204468372,-1,-1
1622103077175,1622103077225,50,0,271,22108.0406863906,-557,104
1622103077295,1622103077355,60,5,265,6330.15467242642,-16226,159
1622103077415,1622103077465,50,1,52,1450.32079116164,-1010,163
1622103077475,1622103077505,30,2,115,6214.54578079282,-5600,19
1622103077585,1622103077665,80,4,92,2339.72422623767,-3000,96
1622103077685,1622103077785,100,7,188,5269.7137597513,-2993,80
1622103077865,1622103077905,40,2,98,3963.34002811073,-3437,201
1622103077925,1622103077935,10,-1,90,7179.30924437436,-1,-1
1622103077995,1622103078055,60,4,391,29815.8236664522,-5370,97
1622103078115,1622103078135,20,0,152,-1.0,-9198,231
1622103078145,1622103078205,60,4,183,12034.2434717455,-5464,177
1622103078265,1622103078275,10,-1,86,-1.0,-1,-1
1622103078285,1622103078335,50,2,99,8308.44206423213,-2531,266
1622103078395,1622103078455,60,3,93,4699.30705425571,-3565,268
1622103078545,1622103078555,10,-1,31,-1.0,-1,-1
1622103078894,1622103078904,10,-1,32,1622.98674969998,-1,-1
1622103078964,1622103079024,60,3,108,4220.19901702894,-4597,24
1622103079274,1622103079324,50,1,101,6229.98226618847,-7070,71
1622103079354,1622103079374,20,0,53,3919.75494000484,-1034,311
1622103079424,1622103079434,10,-1,34,560.73991202515,-1,-1
1622103079444,1622103079454,10,-1,36,997.518342532143,-1,-1
1622103079744,1622103079774,30,3,183,9036.24849871655,-1,331
1622103079854,1622103079874,20,0,78,-1.0,-4365,142
1622103079914,1622103079924,10,-1,58,3573.59499867193,-1,-1
1622103080343,1622103080353,9,-1,46,2030.20783782717,-1,-1
1622103080413,1622103080423,10,-1,34,-1.0,-1,-1
1622103080453,1622103080483,30,1,79,4778.7751884999,-2590,73
1622103080503,1622103080533,30,4,199,10933.9943927224,-10654,194
1622103080563,1622103080593,30,2,114,5142.37086365698,-1982,46
1622103080663,1622103080673,10,-1,34,-1.0,-1,-1
1622103080683,1622103080753,70,2,81,4575.59991754835,-1735,49
1622103080803,1622103080883,80,1,146,10107.8833556626,-8828,34
1622103080983,1622103080993,10,-1,73,-1.0,-1,-1
1622103081003,1622103081023,20,3,412,23817.226556956,-1,251
1622103081083,1622103081113,30,0,211,-1.0,-17159,52
1622103081163,1622103081243,80,8,300,25205.2630364784,-11824,188
1622103081253,1622103081303,50,2,94,6897.54236925362,-5233,337
1622103081423,1622103081533,110,1,248,14437.516066232,-18314,340
1622103081573,1622103081593,20,0,102,6486.67513341265,-1,244
1622103081673,1622103081773,100,0,290,20769.7178622129,-19125,333
1622103081783,1622103081813,30,1,72,4306.74392954344,-1362,109
1622103081823,1622103081833,10,-1,44,2155.00164261994,-1,-1
1622103081863,1622103081873,10,-1,55,3530.7485712791,-1,-1
1622103081883,1622103081913,30,0,37,819.101865966058,-5,125
1622103081923,1622103082072,149,3,203,12543.3675262187,-12580,319
1622103082082,1622103082242,160,5,389,30648.5799430475,-24898,155
1622103082262,1622103082272,10,-1,81,6064.09997873062,-1,-1
1622103082332,1622103082402,70,2,413,9187.51689779396,-31140,214
1622103082632,1622103082672,40,3,416,29115.7737923573,-802,35
1622103082732,1622103082792,60,4,156,4648.83038418718,-7333,182
1622103082802,1622103082822,20,0,94,5827.24769754643,-1,54
1622103082902,1622103082952,50,1,266,5354.43157898301,-22700,67
1622103082962,1622103083042,80,3,155,9282.48458121293,-2709,78
1622103083162,1622103083172,10,-1,211,-1.0,-1,-1
1622103083182,1622103083252,70,3,246,12184.9766211422,-9302,264
1622103083262,1622103083272,10,-1,71,5186.78888620831,-1,-1
1622103083332,1622103083342,10,-1,58,-1.0,-1,-1
1622103083362,1622103083372,10,-1,62,4675.02616595339,-1,-1
1622103083462,1622103083492,30,1,71,-1.0,-2093,57
1622103083631,1622103083651,20,0,71,4622.02464007798,-2795,115
1622103084021,1622103084091,70,5,187,8694.80459470138,-6499,334
1622103084101,1622103084121,20,0,56,3088.46816304747,-9,122
1622103084131,1622103084181,50,1,103,3748.93858803858,-7351,122
1622103084211,1622103084321,110,1,181,9144.25843839356,-11728,288
1622103084431,1622103084441,10,-1,659,-1.0,-1,-1
1622103084721,1622103084751,30,5,251,14652.2158981122,-16029,124
1622103084761,1622103084891,130,9,299,13642.7930774227,-24395,23
1622103084901,1622103085061,160,17,685,41012.2736257374,-51884,336
1622103085131,1622103085171,40,1,46,946.394917759182,-225,87
1622103085190,1622103085211,20,1,129,8620.80161884867,-1,13
1622103085220,1622103085240,19,1,180,18457.7662357916,-756,176
1622103085250,1622103085310,60,3,149,9141.4799559081,-223,147
1622103085320,1622103085340,20,0,50,2209.70840686765,-1841,126
1622103085350,1622103085370,20,0,50,2266.53225784549,-1,60
1622103085460,1622103085470,10,-1,58,3275.67640282403,-1,-1
1622103085550,1622103085570,20,0,54,283.985212242067,-1,138
1622103085710,1622103085720,10,-1,88,7902.64474837846,-1,-1
1622103085730,1622103085740,10,-1,91,6530.03292938797,-1,-1
1622103085810,1622103085830,20,0,58,3058.815812055,-1,270
1622103085950,1622103085980,30,1,65,693.513110998988,-3443,267
1622103085990,1622103086020,30,0,66,2540.30305051706,-1,284
1622103086080,1622103086150,70,1,538,22667.4312583907,-29270,34
1622103086230,1622103086240,10,-1,106,-1.0,-1,-1
1622103086270,1622103086290,20,1,232,15959.2212208226,-1,178
1622103086350,1622103086390,40,0,122,6678.52272688145,-3867,209
1622103086500,1622103086510,10,-1,36,-1.0,-1,-1
1622103086540,1622103086560,20,0,61,3583.56596822903,-2739,65
1622103086620,1622103086650,30,0,73,-1.0,-2837,266
1622103086660,1622103086670,10,-1,30,1076.45226796942,-1,-1
1622103086760,1622103086819,59,1,402,28935.3694287089,-26340,29
1622103086879,1622103086899,20,0,85,-1.0,-4217,107
1622103086909,1622103086919,10,-1,34,2269.51622238725,-1,-1
1622103087179,1622103087269,90,9,305,13724.4649061232,-9653,125
1622103087329,1622103087359,30,1,193,-1.0,-11430,167
1622103087449,1622103087489,40,2,88,1885.74989930431,-3509,291
1622103087499,1622103087529,30,0,152,10864.2456564931,-629,63
1622103087599,1622103087609,10,-1,40,-1.0,-1,-1
1622103087619,1622103087659,40,3,194,10343.6534002634,-1,257
1622103087769,1622103087819,50,2,519,10084.506694245,-26365,236
1622103087879,1622103087959,80,4,386,33417.6828603416,-10726,53
1622103087969,1622103088079,110,3,230,15859.9310353419,-125,9
1622103088209,1622103088229,20,0,153,11257.9581809398,-1,153
1622103088239,1622103088359,120,2,411,32506.0456848605,-18044,214
1622103088498,1622103088548,50,5,367,23669.1151437997,-18402,320
1622103088648,1622103088658,10,-1,35,2027.32149516254,-1,-1
1622103088718,1622103088788,70,4,401,20099.6786566993,-22023,352
1622103088848,1622103088858,10,-1,276,-1.0,-1,-1
1622103088918,1622103088938,20,4,221,21898.6693344807,-1,271
1622103088998,1622103089018,20,1,112,1.94051482507547,-1,23
1622103089188,1622103089358,170,22,1380,72836.6079563635,-89985,60
1622103089418,1622103089558,140,9,374,24434.4348596957,-22610,268
1622103089688,1622103089728,40,3,146,7435.73499572013,-8369,15
1622103090117,1622103090167,50,0,177,13103.1621749432,-11780,10
1622103090307,1622103090317,10,-1,49,4072.16695900864,-1,-1
1622103090327,1622103090377,50,6,212,11058.9924456272,-9649,61
1622103090417,1622103090427,10,-1,47,2081.59851289359,-1,-1
1622103090517,1622103090557,40,2,126,9082.02348061952,-6037,239
1622103090597,1622103090627,30,2,102,5504.59828248401,-62,71
1622103090637,1622103090677,40,0,93,8859.67754189282,-5114,317
1622103090737,1622103090787,50,2,79,4111.01859995865,-2582,220
1622103090797,1622103090807,10,-1,34,3317.44096555046,-1,-1
1622103090967,1622103090977,10,-1,40,1614.05795427776,-1,-1
1622103091247,1622103091257,10,-1,77,5151.10310667946,-1,-1
1622103091317,1622103091327,10,-1,50,-1.0,-1,-1
1622103091647,1622103091667,20,0,57,4415.22922885526,-1272,135
1622103091677,1622103091686,9,-1,36,2560.28984314588,-1,-1
1622103091696,1622103091706,10,-1,64,4817.72651590192,-1,-1
1622103091886,1622103091916,30,0,49,4264.57990733909,-1462,111
1622103092146,1622103092186,40,2,87,5458.89062390892,-807,101
1622103092236,1622103092256,20,0,35,3292.39851342405,-247,247
1622103092266,1622103092276,10,-1,50,3006.26338475346,-1,-1
1622103092306,1622103092346,40,0,50,4217.2759108152,-1897,108
1622103092356,1622103092376,20,2,205,10556.7016270316,-1,256
1622103092436,1622103092456,20,0,85,-1.0,-4872,45
1622103092476,1622103092526,50,3,143,5510.43975333709,-7750,253
1622103092536,1622103092636,100,2,109,6505.11249335532,-5944,64
1622103092646,1622103092656,10,-1,202,19426.1695313374,-1,-1
1622103092716,1622103092756,40,0,68,1995.32223506984,-2354,140
1622103092766,1622103092836,70,2,357,20941.7155959849,-23567,11
1622103092846,1622103092866,20,0,35,785.95552518554,-448,110
1622103093016,1622103093056,40,2,347,10927.5614230316,-19524,301
1622103093136,1622103093156,20,1,313,-1.0,-22609,277
1622103093176,1622103093186,10,-1,32,1251.67296661318,-1,-1
1622103093266,1622103093305,39,4,206,10812.3417947291,-7116,326
1622103093495,1622103093545,50,7,210,10770.0481563786,-7566,129
1622103093565,1622103093585,20,0,45,2959.87275303046,-140,111
1622103093705,1622103093735,30,0,63,4269.14583009954,-1689,119
1622103093745,1622103093755,10,-1,30,451.396975692049,-1,-1
1622103093805,1622103093885,80,5,323,23346.0001372773,-18118,293
1622103094015,1622103094025,10,-1,37,2725.18677213154,-1,-1
1622103094085,1622103094095,10,-1,32,-1.0,-1,-1
1622103094215,1622103094225,10,-1,30,986.670829118122,-1,-1
1622103094305,1622103094325,20,1,270,16747.6294857063,-1,97
1622103094385,1622103094405,20,0,217,-1.0,-16347,261
1622103094565,1622103094575,10,-1,32,-1.0,-1,-1
1622103094605,1622103094625,20,0,67,3906.26941783848,-1,116
1622103094745,1622103094755,10,-1,45,1712.02548894228,-1,-1
1622103094835,1622103094924,89,0,278,17279.5942542548,-13227,74
1622103094984,1622103095014,30,1,119,478.142371092966,-4916,142
1622103095024,1622103095034,10,-1,49,3221.90502338782,-1,-1
1622103095114,1622103095184,70,2,185,11477.3185227532,-9674,189
1622103095244,1622103095324,80,0,145,8050.84275878076,-10128,180
1622103095384,1622103095484,100,5,276,3935.02973694189,-20147,259
1622103095514,1622103095534,20,0,64,2446.77124764877,-1,184
1622103095544,1622103095594,50,2,132,5430.95353116938,-8798,267
1622103095634,1622103095654,20,1,55,4107.7162804185,-608,239
1622103095694,1622103095704,10,-1,31,304.425790208336,-1,-1
1622103095804,1622103095824,20,0,52,3062.68521269557,-915,123
1622103095874,1622103095884,10,-1,34,2716.09202124437,-1,-1
1622103095964,1622103095984,20,0,39,-1.0,-6,99
1622103096114,1622103096194,80,18,1044,56532.9184708435,-2023,251
1622103096254,1622103096294,40,9,426,6917.57372995012,-20724,34
1622103096354,1622103096454,100,1,738,34575.4232511589,-14345,34
1622103096524,1622103096573,49,8,256,8348.88879082353,-8988,242
1622103096633,1622103096673,40,2,180,13952.6785748758,-7060,277
1622103096703,1622103096723,20,1,155,8624.08116145397,-1,46
1622103096783,1622103096873,90,23,922,49013.3558542795,-44098,27
1622103096933,1622103097023,90,4,469,13033.0459175198,-27868,260
1622103097073,1622103097083,10,-1,30,2050.69815850452,-1,-1
1622103097213,1622103097303,90,22,692,39070.3525548861,-32780,222
1622103097323,1622103097343,20,0,30,777.883484960934,-1,70
1622103097363,1622103097443,80,2,268,13240.2613595075,-545,340
1622103097503,1622103097533,30,4,286,-1.0,-17609,261
1622103097633,1622103097973,340,29,585,28900.8504508197,-23418,78
1622103098023,1622103098043,20,0,47,1001.89662425982,-1,57
1622103098053,1622103098073,20,0,43,1883.63408719289,-1,254
1622103098103,1622103098153,50,8,1415,97940.9792488479,-966,267
1622103098212,1622103098422,210,8,296,12087.9836006139,-16905,349
1622103098212,1622103098422,210,8,296,12087.9836006139,-16905,349
1622103098482,1622103098492,10,-1,81,-1.0,-1,-1
1622103098602,1622103098692,90,2,151,5032.00081684835,-998,86
1622103098752,1622103098822,70,3,373,28492.8659537153,-10355,245
1622103098932,1622103098982,50,13,831,27087.2292196683,-32715,251
1622103099062,1622103099132,70,6,430,14698.3627486556,-31705,314
1622103099242,1622103099422,180,21,649,23864.2274212589,-38535,40
1622103099502,1622103099562,60,7,293,16795.2142105909,-19614,66
1622103099582,1622103099602,20,0,42,1506.02789527652,-812,147
1622103099811,1622103099871,60,3,102,6941.31900129266,-5923,311
1622103099951,1622103099961,10,-1,43,-1.0,-1,-1
1622103100181,1622103100251,70,8,173,5935.52807454096,-8596,127
1622103100511,1622103100541,30,4,283,-1.0,-14647,11
1622103100621,1622103100631,10,-1,33,733.476335326282,-1,-1
1622103100681,1622103100721,40,2,86,2329.31525312721,-1,218
1622103100781,1622103100791,10,-1,34,-1.0,-1,-1
1622103100801,1622103100821,20,0,63,2934.90242949974,-1,194
1622103100951,1622103100971,20,1,196,10565.0148250539,-1,73
1622103101031,1622103101051,20,0,90,-1.0,-4718,279
1622103101071,1622103101081,10,-1,38,1699.38532214681,-1,-1
1622103101101,1622103101121,20,0,134,8118.28966616156,-1,260
1622103101181,1622103101201,20,0,83,-1.0,-4090,68
1622103101530,1622103101570,40,2,88,3519.48439196217,-4389,282
1622103101800,1622103101840,40,10,456,22953.4256399083,-16908,41
1622103101900,1622103102110,210,12,415,35530.2559489947,-34168,230
1622103102850,1622103102890,40,2,101,5960.21404723545,-5117,284
1622103103989,1622103104009,20,1,142,9195.07456200276,-1,68
1622103104069,1622103104079,10,-1,80,-1.0,-1,-1
1622103104109,1622103104159,50,13,545,40768.9924365706,-34343,147
1622103104219,1622103104269,50,0,94,3208.1730264821,-436,161
1622103104279,1622103104329,50,3,90,5632.03508856047,-2482,324
1622103104339,1622103104399,60,2,78,2203.45085938687,-2173,287
1622103104419,1622103104449,30,1,53,2097.96682509369,-1243,307
1622103104469,1622103104629,160,8,604,30196.4491595655,-26710,201
1622103104828,1622103104838,10,-1,47,3192.23913085237,-1,-1
1622103104898,1622103104908,10,-1,39,-1.0,-1,-1
1622103104948,1622103104968,20,0,80,3962.07421669455,-1,180
1622103105028,1622103105118,90,21,681,22522.3793630043,-19944,350
1622103105178,1622103105188,10,-1,68,-1.0,-1,-1
1622103105198,1622103105298,100,3,49,1053.6119221483,-1242,175
1622103105328,1622103105338,10,-1,32,717.940779726853,-1,-1
1622103106078,1622103106088,10,-1,73,4658.77285084689,-1,-1
1622103106208,1622103106218,10,-1,47,2741.56640657717,-1,-1
1622103106377,1622103106387,10,-1,83,5529.8090244097,-1,-1
1622103106447,1622103106467,20,0,33,-1.0,-1,68
1622103106647,1622103106657,10,-1,55,3505.83657004422,-1,-1
1622103106717,1622103106737,20,0,33,-1.0,-2,51
1622103107517,1622103107577,60,10,400,3703.75037689033,-19868,226
1622103107607,1622103107637,30,9,391,22150.7372984768,-4422,59
1622103107717,1622103107747,30,3,129,273.434260460466,-7022,51
1622103107837,1622103107886,49,5,196,4668.78817463538,-10418,155
1622103107916,1622103107946,29,3,153,8930.04890264067,-4328,314
1622103107976,1622103108006,30,3,245,10715.8103585778,-1,86
1622103108216,1622103108306,90,3,358,25840.2534866013,-29360,60
1622103108316,1622103108436,120,8,347,25619.7669830888,-21859,46
1622103108496,1622103108586,90,17,619,30910.3691255091,-17140,187
1622103108646,1622103108726,80,6,1420,12921.740425737,-134774,27
1622103108816,1622103108886,70,17,696,27170.2305126022,-40958,244
1622103108896,1622103108906,10,-1,51,3291.79135549173,-1,-1
1622103109036,1622103109256,220,19,599,42560.5636987992,-56779,345
1622103109326,1622103109356,30,5,411,-1.0,-15837,263
1622103109486,1622103109545,59,4,254,5430.22471139606,-14964,297
1622103109555,1622103109595,40,3,116,4619.18522738475,-8228,279
1622103109605,1622103109645,40,2,461,30361.0763308119,-2723,148
1622103109745,1622103109805,60,3,351,16373.5676012503,-26507,284
1622103110035,1622103110055,20,7,731,-1.0,-36955,284
1622103110185,1622103110255,70,19,831,37211.7626523116,-57859,261
1622103110275,1622103110305,30,0,47,1911.32263691806,-394,254
1622103110335,1622103110355,20,1,106,5312.85356096739,-1,244
1622103110415,1622103110485,70,7,233,12294.7038752136,-8313,182
1622103110735,1622103110805,70,4,219,14118.113247839,-17672,5
1622103110865,1622103110875,10,-1,37,-1.0,-1,-1
1622103111065,1622103111105,40,3,114,4482.02327402096,-4594,217
1622103111154,1622103111254,100,22,412,19872.0764815361,-7563,80
1622103111314,1622103111364,50,4,339,17628.9616020043,-521,189
1622103111504,1622103111654,150,22,768,44101.4069351575,-34831,254
1622103111764,1622103111854,90,1,323,20426.7717860755,-21672,187
1622103111934,1622103111944,10,-1,44,2115.65856807052,-1,-1
1622103112084,1622103112134,50,6,156,10344.9724273705,-10928,317
1622103112244,1622103112274,30,1,60,2647.39418609539,-3014,34
1622103112334,1622103112344,10,-1,53,4959.99677831231,-1,-1
1622103112454,1622103112484,30,5,286,13907.2762708861,-1,87
1622103112594,1622103112634,40,4,193,-1.0,-7463,280
1622103112803,1622103112823,20,0,41,1739.78490307107,-12,221
1622103112883,1622103112923,40,5,412,-1.0,-16659,231
1622103112933,1622103112943,10,-1,47,3472.43235035446,-1,-1
1622103113033,1622103113113,80,8,484,31540.5652364047,-10393,65
1622103113183,1622103113223,40,7,460,13355.3453764532,-16629,199
1622103113283,1622103113293,10,-1,48,-1.0,-1,-1
1622103113363,1622103113433,70,0,343,31104.8905717174,-24337,90
1622103113713,1622103113723,10,-1,45,3038.16946397511,-1,-1
1622103113833,1622103113843,10,-1,31,-1.0,-1,-1
1622103113893,1622103113923,30,2,97,6254.76711746912,-1,88
1622103114053,1622103114063,10,-1,38,2351.64958380935,-1,-1
1622103114083,1622103114173,90,5,345,20594.8912375448,-25735,23
1622103114183,1622103114203,20,0,74,3847.67023330854,-1,47
1622103114363,1622103114432,69,0,482,27046.1828464591,-37099,246
1622103114452,1622103114462,10,-1,45,2788.69857287865,-1,-1
1622103114472,1622103114492,20,0,39,1086.02857780344,-16,286
1622103114552,1622103114602,50,5,412,30105.3241184215,-19079,23
1622103114762,1622103114792,30,2,464,391.816279857306,-32773,280
1622103114852,1622103114872,20,6,540,9720.60875662845,-1,80
1622103114932,1622103114942,10,-1,514,-1.0,-1,-1
1622103115002,1622103115022,20,1,221,-1.0,-16206,259
1622103115152,1622103115242,90,1,529,8757.01612818467,-45375,57
1622103115312,1622103115332,20,0,50,2118.79028675267,-1,282
1622103115342,1622103115362,20,0,37,2704.69600740735,-626,164
1622103115442,1622103115492,50,1,402,34471.162879539,-6875,150
1622103115602,1622103115662,60,11,305,11568.1896624293,-9209,273
1622103115892,1622103115912,20,0,37,2023.98836793545,-1,130
1622103116011,1622103116041,30,4,429,21528.5962659304,-1,93
1622103116131,1622103116271,140,15,350,30084.6619541183,-14990,282
1622103116321,1622103116331,10,-1,31,1332.21929842368,-1,-1
1622103116451,1622103116471,20,1,123,6598.86117577407,-1,188
1622103116531,1622103116561,30,0,48,1621.97558252895,-348,248
1622103116661,1622103116711,50,1,128,7142.99385708214,-8720,281
1622103116811,1622103116821,10,-1,34,2424.04680275751,-1,-1
1622103117131,1622103117141,10,-1,704,-1.0,-1,-1
1622103117161,1622103117181,20,0,46,3305.18500193096,-1,259
1622103117231,1622103117251,20,1,88,7844.38358568488,-2088,86
1622103117281,1622103117291,10,-1,38,1993.49049136134,-1,-1
1622103117301,1622103117311,10,-1,40,2748.67582242323,-1,-1
1622103117341,1622103117351,10,-1,82,5972.89719642671,-1,-1
1622103117431,1622103117451,20,0,106,-1.0,-7522,354
1622103117601,1622103117611,10,-1,74,4989.40299794972,-1,-1
1622103117710,1622103117720,10,-1,40,-1.0,-1,-1
1622103117740,1622103117770,30,0,44,1497.74767085344,-950,71
1622103117830,1622103117840,10,-1,35,1726.21559678426,-1,-1
1622103117890,1622103117930,40,2,545,24953.7107117437,-6704,75
1622103118020,1622103118050,30,5,491,21551.7598999478,-2871,235
1622103118130,1622103118210,80,2,502,38414.1181128635,-18047,274
1622103118240,1622103118350,110,7,609,40917.4916370083,-23648,77
1622103118520,1622103118580,60,-1,49,-1.0,-1,-1
1622103118660,1622103118790,130,16,640,44240.3810631387,-33134,262
1622103118880,1622103118940,60,6,243,15031.2039583228,-17311,70
1622103119000,1622103119060,60,1,457,34484.230870665,-34735,135
1622103119399,1622103119469,70,2,429,34095.765323625,-35099,257
1622103119479,1622103119509,30,1,363,34505.4080876627,-31055,111
1622103119569,1622103119589,20,0,177,-1.0,-14100,294
1622103119999,1622103120019,20,6,297,27558.2155806789,-625,270
1622103120369,1622103120399,30,19,1194,85360.9510850377,-1,89
1622103120529,1622103120609,80,9,657,2175.96058359284,-36248,259
1622103120719,1622103120759,40,3,627,37122.72500858,-29605,130
1622103120829,1622103120908,79,11,443,15080.2852807958,-29273,244
1622103121028,1622103121038,10,-1,30,1334.37987107947,-1,-1
1622103121128,1622103121148,20,1,67,5772.24533869373,-1,237
1622103121288,1622103121328,40,7,542,24305.7776676243,-1,93
1622103121408,1622103121468,60,5,380,16279.7940135707,-24310,294
1622103121568,1622103121588,20,0,77,-1.0,-4396,31
1622103121658,1622103121708,50,4,116,6416.44380787679,-7697,108
1622103121848,1622103121878,30,0,43,588.160821032365,-18,96
1622103121888,1622103121928,40,3,132,9189.06309933988,-7453,286
1622103121968,1622103121978,10,-1,33,830.163509785718,-1,-1
1622103122008,1622103122048,40,4,298,20235.2051083836,-18778,118
1622103122098,1622103122168,70,0,518,35761.2774981718,-48021,261
1622103122318,1622103122358,40,2,82,2430.74891073743,-2509,145
1622103122368,1622103122378,10,-1,37,1199.39342678087,-1,-1
1622103122408,1622103122467,59,15,1283,74497.6523451462,-6382,53
1622103122557,1622103122647,90,13,586,8934.3977384409,-45083,237
1622103122667,1622103122677,10,-1,76,4982.61258787356,-1,-1
1622103122807,1622103122917,110,14,536,18253.4599389488,-33966,279
1622103122927,1622103122957,30,1,85,4514.95056120867,-3403,249
1622103123167,1622103123227,60,2,143,13290.0740029472,-10029,345
1622103123347,1622103123357,10,-1,101,8049.15780510492,-1,-1
1622103123367,1622103123377,10,-1,120,10861.490200786,-1,-1
1622103123477,1622103123497,20,0,65,-1.0,-2748,79
1622103123507,1622103123517,10,-1,30,1624.83225554943,-1,-1
1622103123737,1622103123747,10,-1,34,733.068393832539,-1,-1
1622103123887,1622103123907,20,1,52,4986.08706746333,-97,240
1622103123957,1622103123977,20,4,390,18688.8698155102,-1,76
1622103124146,1622103124196,50,8,657,23117.9845538162,-13968,142
1622103124326,1622103124376,50,11,294,16553.8336575015,-20217,280
1622103124436,1622103124456,20,1,125,-1.0,-5754,244
1622103124566,1622103124626,60,1,67,3249.2422053516,-1814,177
1622103124636,1622103124656,20,0,168,11341.1055763611,-1,102
1622103124716,1622103124726,10,-1,118,-1.0,-1,-1
1622103124736,1622103124756,20,1,109,9690.80235551248,-4,298
1622103124766,1622103124786,20,0,84,6880.97775740015,-2654,105
1622103124846,1622103124856,10,-1,226,-1.0,-1,-1
1622103125016,1622103125026,10,-1,34,1211.48845703993,-1,-1
1622103125046,1622103125086,40,3,224,19155.71135218,-10385,97
1622103125156,1622103125186,30,2,110,5744.73888388472,-6877,292
1622103125446,1622103125476,30,1,187,-1.0,-10144,88
1622103125496,1622103125536,40,7,374,16641.7674425452,-32673,259
1622103125566,1622103125586,20,1,64,4713.6315247274,-696,237
1622103125616,1622103125755,139,2,361,26714.6119132486,-26181,102
1622103125765,1622103125795,30,0,44,1111.1460456729,-149,285
1622103125865,1622103125885,20,1,224,15620.1632616239,-1,92
1622103126035,1622103126055,20,0,82,-1.0,-4409,156
1622103126445,1622103126495,50,15,576,23313.040435656,-1277,74
1622103126555,1622103126625,70,9,335,11536.8197992957,-15284,274
1622103126695,1622103126755,60,2,99,3948.78807158762,-2954,127
1622103126765,1622103126775,10,-1,40,1168.15798295895,-1,-1
1622103126895,1622103127045,150,40,1032,76912.2289524761,-51515,44
1622103127075,1622103127105,30,1,53,1911.83990153386,-1930,230
1622103127235,1622103127245,10,-1,113,-1.0,-1,-1
1622103127295,1622103127315,20,0,30,1873.73871698221,-13,90
1622103127394,1622103127404,10,-1,31,397.055279080113,-1,-1
1622103127544,1622103127734,190,39,686,24550.2155372906,-29075,226
1622103127744,1622103127754,10,-1,70,5345.59615760153,-1,-1
1622103127844,1622103127854,10,-1,61,4792.00608314536,-1,-1
1622103127864,1622103127884,20,1,98,7512.94298949264,-56,282
1622103127944,1622103127954,10,-1,65,-1.0,-1,-1
1622103128014,1622103128024,10,-1,32,1193.41149243921,-1,-1
1622103128084,1622103128124,40,1,57,4151.5064308924,-85,0
1622103128134,1622103128154,20,0,37,2160.67042620078,-7,160
1622103128214,1622103128254,40,1,103,3526.65834130124,-4431,46
1622103128374,1622103128504,130,34,685,26906.4031699939,-26444,42
1622103128514,1622103128544,30,2,197,8439.65363470124,-1,86
1622103128634,1622103128664,30,1,164,-1.0,-8243,126
1622103128714,1622103128724,10,-1,34,1366.34747167204,-1,-1
1622103128754,1622103128794,40,1,58,3963.64841744013,-1010,162
1622103128824,1622103128854,30,1,66,3131.6609061556,-2585,265
1622103128924,1622103128963,39,1,86,3108.04033832845,-623,218
1622103128973,1622103128983,10,-1,79,7340.60476685729,-1,-1
1622103129203,1622103129243,40,0,157,13235.2779358251,-4050,12
1622103129253,1622103129273,20,0,42,2041.02237353566,-253,322
1622103129303,1622103129333,30,2,128,9375.0602213341,-1708,178
1622103129393,1622103129413,20,0,107,-1.0,-6831,225
1622103129443,1622103129473,30,1,69,3325.52977798959,-1,198
1622103129543,1622103129573,30,5,278,17269.5552919263,-1,290
1622103129643,1622103129683,40,3,161,7956.97608674037,-7764,85
1622103129693,1622103129723,30,1,143,11754.2177763203,-7717,196
1622103129733,1622103129753,20,0,32,2569.52432370887,-1,219
1622103129763,1622103129833,70,12,389,27011.3985548064,-13735,234
1622103129893,1622103129903,10,-1,44,-1.0,-1,-1
1622103130123,1622103130143,20,1,161,12217.2614885048,-1,287
1622103130203,1622103130223,20,1,63,984.159605299276,-1,352
1622103130343,1622103130403,60,11,368,18867.9615427272,-18461,160
1622103130533,1622103130543,10,-1,35,2662.98822702498,-1,-1
1622103130602,1622103130642,40,8,343,10336.170759233,-17539,233
1622103130802,1622103130822,20,1,185,11791.7994399793,-1,51
1622103130882,1622103130892,10,-1,211,-1.0,-1,-1
1622103130902,1622103130952,50,11,415,23180.7668109383,-23293,46
1622103131052,1622103131072,20,1,185,12053.8945091231,-1,45
1622103131152,1622103131172,20,0,144,-1.0,-10692,216
1622103131212,1622103131222,10,-1,70,4103.74516441658,-1,-1
1622103131282,1622103131292,10,-1,34,-1.0,-1,-1
1622103131462,1622103131492,30,1,203,14598.0576589092,-1,259
1622103131552,1622103131562,10,-1,194,-1.0,-1,-1
1622103131702,1622103131752,50,11,395,12278.3674851539,-19137,357
1622103131762,1622103131772,10,-1,40,2195.81214883763,-1,-1
1622103132062,1622103132072,10,-1,41,2991.64536732753,-1,-1
1622103132132,1622103132142,10,-1,39,-1.0,-1,-1
1622103132182,1622103132192,10,-1,44,3761.2253708507,-1,-1
1622103132251,1622103132261,10,-1,57,-1.0,-1,-1
1622103132411,1622103132441,30,1,67,3446.5390137692,-2963,155
1622103132461,1622103132471,10,-1,32,2700.60554464898,-1,-1
1622103132531,1622103132541,10,-1,33,-1.0,-1,-1
1622103132611,1622103132651,40,1,55,3878.22387552301,-1352,73
1622103133121,1622103133151,30,2,104,6486.9085118311,-3672,245
1622103133121,1622103133151,30,2,104,6486.9085118311,-3672,245
1622103133531,1622103133551,20,0,71,-1.0,-1657,129
1622103133900,1622103133920,20,0,40,2167.03529061046,-680,315
1622103134400,1622103134420,20,1,171,-1.0,-9426,7
1622103134520,1622103134560,40,8,354,17251.4873547284,-15448,175
1622103134820,1622103134860,40,6,421,14033.0164039417,-1,187
1622103135100,1622103135290,190,37,2192,189890.407457944,-186261,80
1622103135459,1622103135569,110,31,575,26102.0337690807,-24301,276
1622103135679,1622103135829,150,23,743,25044.2625151384,-58292,15
1622103135839,1622103135959,120,6,528,34345.6095025047,-2340,226
1622103136249,1622103136269,20,1,215,9167.02259377419,-1,244
1622103136409,1622103136419,10,-1,66,5461.38353448043,-1,-1
1622103136499,1622103136529,30,2,245,-1.0,-13112,210
1622103136539,1622103136559,20,0,97,6063.1129055932,-1,342
1622103136659,1622103136689,30,0,35,355.912637751711,-510,347
1622103136719,1622103136739,20,0,46,1702.8315754232,-1484,254
1622103136759,1622103136789,30,1,68,4519.07148515915,-3800,293
1622103136799,1622103136839,40,1,198,14209.8153702232,-192,33
1622103136899,1622103136939,40,1,55,690.599000179519,-872,259
1622103136949,1622103136959,10,-1,42,2171.20411981295,-1,-1
1622103136999,1622103137009,10,-1,35,1491.17480419521,-1,-1
1622103137039,1622103137068,29,2,119,5847.70089816433,-4596,131
1622103137128,1622103137138,10,-1,30,1160.21884018615,-1,-1
1622103137198,1622103137208,10,-1,33,-1.0,-1,-1
1622103137238,1622103137278,40,3,127,5394.71368346149,-5211,102
1622103137378,1622103137438,60,3,87,2737.29708188816,-2,262
1622103137498,1622103137518,20,1,134,-1.0,-5112,278
1622103137698,1622103137718,20,1,140,8825.0573420479,-1,235
1622103137798,1622103137838,40,9,692,-1.0,-39600,7
1622103137968,1622103137988,20,5,746,43509.7355566383,-1,85
1622103138118,1622103138188,70,3,258,5360.93228874906,-17151,213
1622103138248,1622103138288,40,1,105,-1.0,-5010,79
1622103138298,1622103138328,30,2,92,4154.09762420386,-4681,259
1622103138348,1622103138388,40,1,67,4156.7904281334,-2005,271
1622103138408,1622103138468,60,3,134,5779.44748402097,-1821,270
1622103138548,1622103138568,20,2,342,-1.0,-20670,192
1622103138628,1622103138638,10,-1,54,3439.92203474925,-1,-1
1622103138697,1622103138757,60,12,398,12004.6473462981,-19731,4
1622103138907,1622103138917,10,-1,85,6584.30620365032,-1,-1
1622103138977,1622103139007,30,6,442,-1.0,-18904,196
1622103139157,1622103139187,30,3,165,8103.77253385836,-7291,39
1622103139277,1622103139287,10,-1,36,1535.46388858572,-1,-1
1622103139397,1622103139417,20,3,389,14341.0548645297,-1,126
1622103139547,1622103139617,70,4,560,10920.5101225323,-35176,281
1622103139677,1622103139717,40,2,94,1929.76825702519,-5132,51
1622103139737,1622103139767,30,2,146,6429.44862646807,-1,45
1622103139827,1622103139837,10,-1,174,-1.0,-1,-1
1622103139847,1622103139907,60,2,332,20821.168378887,-27333,268
1622103139977,1622103140047,70,8,1732,103707.218148967,-119213,313
1622103140117,1622103140187,70,1,184,7606.14337632338,-7526,51
1622103140247,1622103140336,89,2,307,19060.936647087,-17129,97
1622103140376,1622103140396,20,0,62,4092.30505763005,-1023,291
1622103140406,1622103140477,71,28,602,20555.2649441062,-10192,49
1622103140546,1622103140596,50,1,175,-1.0,-11016,276
1622103140626,1622103140656,30,2,250,14141.8862550794,-1,108
1622103140716,1622103140736,20,0,183,-1.0,-11627,266
1622103140796,1622103140876,80,14,626,42036.273264776,-31895,35
1622103140896,1622103140916,20,3,291,18150.2241124007,-1,94
1622103140976,1622103141026,50,3,128,9141.23235072896,-4718,226
1622103141046,1622103141086,40,2,125,7036.13486556249,-1685,244
1622103141146,1622103141196,50,4,292,-1.0,-9871,186
1622103141206,1622103141236,30,0,46,1445.12986865787,-1,233
1622103141256,1622103141266,10,-1,38,1209.36432177078,-1,-1
1622103141306,1622103141336,30,1,76,3428.58081277237,-1,244
1622103141466,1622103141546,80,13,562,25191.9841194446,-31344,15
1622103141736,1622103141756,20,7,1023,67435.4510767571,-1,204
1622103141836,1622103141866,30,1,721,-1.0,-63830,17
1622103142735,1622103142755,20,1,217,12454.4977110431,-1,254
1622103142835,1622103142845,10,-1,106,-1.0,-1,-1
1622103142995,1622103143005,10,-1,35,2684.00940009772,-1,-1
1622103143065,1622103143125,60,14,479,15379.1428165531,-19931,184
1622103143345,1622103143385,40,10,493,-1.0,-15912,9
1622103143824,1622103143834,10,-1,421,41678.0759394996,-1,-1
1622103143894,1622103143924,30,4,401,-1.0,-20337,163
1622103144124,1622103144214,90,16,367,12219.9532154047,-19947,346
1622103144364,1622103144404,40,5,196,10785.8215305942,-10160,13
1622103144654,1622103144724,70,9,432,33787.1106200531,-18222,148
1622103144754,1622103144774,20,1,193,12730.7943327674,-1,270
1622103144894,1622103144934,40,6,254,2306.41806055302,-9901,317
1622103145283,1622103145343,60,9,455,18038.9008130806,-1,150
1622103145533,1622103145703,170,7,365,10735.4389339637,-29586,51
1622103145773,1622103145813,40,8,264,13582.9022860915,-646,238
1622103146033,1622103146113,80,3,660,62802.5728188853,-5713,92
1622103146193,1622103146243,50,6,1486,58502.7022188066,-55817,276
1622103146313,1622103146343,30,0,875,43344.1139749678,-83958,39
1622103146353,1622103146383,30,3,355,34486.0843150204,-21689,15
1622103146463,1622103146483,20,0,267,-1.0,-22122,186
1622103146523,1622103146533,10,-1,52,2611.68527356509,-1,-1
1622103146613,1622103146633,20,0,228,-1.0,-19660,206
1622103146643,1622103146673,30,3,337,18511.5194408887,-4204,242
1622103146733,1622103146802,69,24,572,10778.9610566756,-30452,51
1622103146812,1622103146852,40,1,40,3101.23874036686,-376,225
1622103146872,1622103146922,50,5,898,57997.4467181813,-1150,354
1622103147262,1622103147272,10,-1,384,-1.0,-1,-1
1622103147332,1622103147422,90,3,424,7971.53126520983,-34421,349
1622103147482,1622103147512,30,1,200,-1.0,-12677,26
1622103147522,1622103147552,30,2,195,9714.29910535456,-1,297
1622103147782,1622103147792,10,-1,56,-1.0,-1,-1
1622103147942,1622103147982,40,11,482,22437.0280489652,-17364,174
1622103147992,1622103148002,10,-1,36,757.686830643434,-1,-1
1622103148062,1622103148272,210,13,298,24077.8023854518,-6815,350
1622103148332,1622103148401,69,5,343,13089.9950144007,-30500,340
1622103148461,1622103148521,60,5,245,8880.32244590566,-21361,216
1622103148581,1622103148591,10,-1,44,-1.0,-1,-1
1622103148651,1622103148671,20,0,131,9068.68303190481,-1,266
1622103148751,1622103148781,30,3,203,-1.0,-10228,178
1622103148941,1622103148971,30,9,711,32070.8773859396,-1,9
1622103149051,1622103149071,20,1,134,-1.0,-5337,126
1622103149221,1622103149241,20,0,37,1623.49098013893,-1,119
1622103149781,1622103149791,10,-1,32,922.051319389102,-1,-1
1622103149961,1622103149971,10,-1,73,5483.55513420647,-1,-1
1622103150050,1622103150070,20,0,124,-1.0,-7118,142
1622103150460,1622103150480,20,0,67,4303.95276376892,-1,331
1622103150510,1622103150520,10,-1,109,8753.10046110213,-1,-1
1622103150580,1622103150590,10,-1,100,-1.0,-1,-1
1622103150780,1622103150790,10,-1,44,2586.32690378852,-1,-1
1622103150850,1622103150860,10,-1,50,-1.0,-1,-1
1622103150900,1622103150920,20,0,112,7199.77771335564,-1,160
1622103151000,1622103151080,80,5,387,7724.64651796518,-13443,177
1622103151250,1622103151320,70,13,1666,146989.067450701,-18997,318
1622103151480,1622103151550,70,2,190,-1.0,-15477,14
1622103151749,1622103151949,200,2,869,82837.1384330177,-38714,208
1622103152009,1622103152029,20,2,712,-1.0,-59134,150
1622103152039,1622103152069,30,8,434,29747.0169733159,-1,100
1622103152079,1622103152139,60,8,644,17925.3919131525,-60015,277
1622103152159,1622103152269,110,4,199,13948.0785118464,-14051,0
1622103152479,1622103152499,20,1,123,6836.16152966825,-1,111
1622103152579,1622103152609,30,1,449,-1.0,-38586,120
1622103152849,1622103152939,90,31,825,39096.2621323706,-30552,19
1622103153129,1622103153169,40,3,181,-1.0,-10043,104
1622103153398,1622103153468,70,1,171,10495.8803446059,-3061,62
1622103153528,1622103153538,10,-1,37,-1.0,-1,-1
1622103153608,1622103153678,70,12,298,20670.6444384514,-13974,213
1622103153688,1622103153698,10,-1,40,1492.37520200775,-1,-1
1622103153918,1622103153948,30,2,136,6526.57747961813,-5869,342
1622103154198,1622103154268,70,1,193,6888.60647987517,-13649,117
1622103154398,1622103154418,20,6,671,37018.7906109928,-1,249
1622103154528,1622103154538,10,-1,263,-1.0,-1,-1
1622103154618,1622103154638,20,1,97,733.7233404611,-1,284
1622103154648,1622103154688,40,3,128,8537.91045888687,-6505,297
1622103154957,1622103154977,20,0,55,-1.0,-1466,240
1622103155077,1622103155087,10,-1,68,-1.0,-1,-1
1622103155237,1622103155267,30,2,922,-1.0,-81639,282
1622103155347,1622103155357,10,-1,36,3093.74493189347,-1,-1
1622103155417,1622103155557,140,31,609,36033.4299798251,-20125,49
1622103155707,1622103155717,10,-1,33,1811.5130604539,-1,-1
1622103155877,1622103155907,30,4,208,1975.84761365969,-2113,84
1622103155917,1622103155927,10,-1,38,1604.71565920664,-1,-1
1622103156027,1622103156057,30,0,33,4.70255516369775,-4,126
1622103156077,1622103156107,30,1,89,4458.0334993968,-1,273
1622103156367,1622103156387,20,1,154,10177.4291986144,-1,255
1622103156467,1622103156487,20,0,160,-1.0,-11035,42
1622103157526,1622103157536,10,-1,42,3158.48764712506,-1,-1
1622103157616,1622103157626,10,-1,48,-1.0,-1,-1
1622103158195,1622103158215,20,0,55,4127.20074193042,-153,69
1622103158915,1622103158925,10,-1,60,4007.63152719109,-1,-1
1622103159035,1622103159065,30,1,65,-1.0,-2888,241
1622103159195,1622103159205,10,-1,71,5078.28746692801,-1,-1
1622103159285,1622103159295,10,-1,77,-1.0,-1,-1
1622103159325,1622103159335,10,-1,51,3116.20360664278,-1,-1
1622103159415,1622103159455,40,1,85,-1.0,-4036,235
1622103159734,1622103159784,49,3,97,6102.71249848989,-3795,11
1622103160094,1622103160124,30,1,89,4528.3517856265,-2584,10
1622103160144,1622103160154,10,-1,51,3809.03130390441,-1,-1
1622103160524,1622103160554,30,1,86,4405.54882703294,-1,86
1622103160614,1622103160624,10,-1,34,-1.0,-1,-1
1622103160684,1622103160694,10,-1,37,2131.86130632795,-1,-1
1622103160844,1622103160854,10,-1,32,2693.09062760832,-1,-1
1622103160984,1622103160994,10,-1,30,1453.34602872258,-1,-1
1622103161084,1622103161104,20,0,125,8095.94620785143,-1,83
1622103161184,1622103161194,10,-1,80,-1.0,-1,-1
1622103161373,1622103161383,9,-1,67,4718.18434398009,-1,-1
1622103161683,1622103161723,40,1,54,2920.16970894081,-62,93
1622103161793,1622103161803,10,-1,33,3099.09246626891,-1,-1
1622103161863,1622103161873,10,-1,44,-1.0,-1,-1
1622103161913,1622103161953,40,11,665,61182.1551786675,-28500,86
1622103162033,1622103162113,80,14,583,5669.65192274081,-36547,273
1622103162133,1622103162153,20,0,54,3336.64267469095,-1,189
1622103162333,1622103162373,40,1,51,2497.41046607618,-213,186
1622103162333,1622103162373,40,1,51,2497.41046607618,-213,186
1622103162453,1622103162473,20,0,43,1701.88877791073,-1,135
1622103162493,1622103162503,10,-1,63,4178.03349050227,-1,-1
1622103162703,1622103162723,20,0,38,809.467737036226,-1,240
1622103162743,1622103162773,30,0,175,12958.5305167834,-1,344
1622103162833,1622103162853,20,1,157,-1.0,-7957,156
1622103163102,1622103163132,30,1,57,2666.82863595139,-2384,334
1622103163582,1622103163592,10,-1,38,-1.0,-1,-1
1622103163682,1622103163732,50,1,47,1592.50973876552,-548,41
1622103163742,1622103163752,10,-1,43,2028.75530265503,-1,-1
1622103164002,1622103164022,20,0,157,10219.6887356772,-1,56
1622103164082,1622103164092,10,-1,109,-1.0,-1,-1
1622103164242,1622103164262,20,0,37,2272.77679987609,-54,57
1622103164442,1622103164542,100,3,938,60081.0881692153,-62282,311
1622103164831,1622103164891,60,1,442,21719.98423682,-37515,232
1622103164901,1622103164941,40,6,301,14358.0528804663,-1,111
1622103165101,1622103165171,70,1,324,16514.8412209881,-10179,250
1622103165231,1622103165291,60,12,1223,56858.3282685559,-53896,24
1622103165361,1622103165451,90,2,512,14406.6137329391,-40032,332
1622103165531,1622103165591,60,4,627,41263.6048807744,-53728,12
1622103165761,1622103165791,30,1,64,-1.0,-22,236
1622103165801,1622103165821,20,0,73,6302.78937421514,-2784,40
1622103165831,1622103165911,80,23,1900,102915.012293678,-131094,337
1622103165981,1622103166041,60,2,440,17127.6041550566,-22946,26
1622103166141,1622103166161,20,0,295,-1.0,-23055,347
1622103166430,1622103166450,20,25,2400,-1.0,-64719,137
1622103166650,1622103166700,50,2,291,18519.547071572,-11702,10
1622103166760,1622103166850,90,13,570,30609.4622636724,-43254,161
1622103166910,1622103166940,30,0,373,0.473067420665529,-33601,16
1622103166950,1622103166970,20,37,1795,177242.434866433,-662,96
1622103166980,1622103167150,170,33,1729,168670.218049805,-133838,275
1622103167620,1622103167939,319,4,2013,124330.662088441,-164286,195
1622103168419,1622103168489,70,21,637,60195.5840920245,-58038,348
1622103168569,1622103168589,20,0,276,23285.3338556174,-1,97
1622103168599,1622103168609,10,-1,247,24014.41102502,-1,-1
1622103168669,1622103168729,60,9,547,34500.8147349025,-27697,43
1622103168899,1622103168929,30,1,352,-1.0,-27117,137
1622103168949,1622103169059,110,0,503,30453.5908482183,-36057,75
1622103169149,1622103169159,10,-1,31,-1.0,-1,-1
1622103169189,1622103169209,20,1,69,4825.69624016725,-2736,234
1622103169219,1622103169239,20,1,94,5381.23376889705,-1,226
1622103169249,1622103169299,50,3,103,7911.00669462806,-3600,115
1622103169319,1622103169339,20,0,34,949.764143966983,-320,279
1622103169349,1622103169369,20,0,94,4398.46358541251,-1,253
1622103169429,1622103169468,39,2,123,5096.72318880233,-8188,286
1622103169488,1622103169498,10,-1,118,11003.9149306979,-1,-1
1622103169578,1622103169608,30,1,69,-1.0,-1857,275
1622103169728,1622103169818,90,20,646,24996.2541893757,-30822,182
1622103169878,1622103169948,70,3,438,6119.23967875307,-35868,12
1622103169958,1622103169978,20,1,92,4749.09718737016,-1,26
1622103169988,1622103170038,50,1,70,4162.46593312649,-3865,286
1622103170048,1622103170058,10,-1,35,1256.87552065348,-1,-1
1622103170088,1622103170108,20,0,89,4160.02563118679,-1,319
1622103170248,1622103170258,10,-1,37,865.56813726601,-1,-1
1622103170318,1622103170388,70,20,875,45403.4234893086,-61326,350
1622103170448,1622103170488,40,2,343,14737.3678222743,-26414,54
1622103170508,1622103170528,20,0,35,1490.96225887203,-390,212
1622103170538,1622103170888,350,17,174,8014.7490318591,-10778,182
1622103170948,1622103170958,10,-1,72,4364.45567270443,-1,-1
1622103171018,1622103171028,10,-1,39,-1.0,-1,-1
1622103171057,1622103171087,29,4,224,12534.4918132793,-81,183
1622103171147,1622103171217,70,11,337,11614.3889640671,-854,239
1622103171277,1622103171367,90,3,197,7168.68625786134,-13902,42
1622103171427,1622103171507,80,4,999,27574.5814875979,-92889,20
1622103171567,1622103171627,60,2,303,12871.0941136877,-10652,352
1622103171637,1622103171657,20,0,45,2923.17671297475,-1539,284
1622103171667,1622103171717,50,4,230,11054.9174190608,-16323,182
1622103171967,1622103171997,30,3,147,7718.07153135128,-5920,46
1622103172017,1622103172037,20,0,41,2241.36929700304,-1,74
1622103172147,1622103172177,30,1,94,6268.36509330915,-1,119
1622103172387,1622103172447,60,4,179,8729.10328834094,-8339,318
1622103172826,1622103173016,190,26,1725,29064.1995961171,-126320,68
1622103173096,1622103173176,80,4,94,1231.05472961396,-3073,269
1622103173426,1622103173436,10,-1,31,1732.36701391475,-1,-1
1622103173726,1622103173756,30,3,148,7530.80723893264,-7627,280
1622103173966,1622103173986,20,0,30,-1.0,0,83
1622103174305,1622103174315,10,-1,43,2409.23487367312,-1,-1
1622103174525,1622103174545,20,1,184,-1.0,-8747,271
1622103174865,1622103174885,20,0,95,5469.62909097187,-1,53
1622103175075,1622103175095,20,0,48,4300.58289430359,-333,222
1622103175445,1622103175555,110,29,736,44714.1159062492,-43866,163
1622103175615,1622103175645,30,5,461,-1.0,-25566,225
1622103175934,1622103176004,70,7,502,29041.5201203073,-31809,346
1622103176074,1622103176094,20,1,132,10483.1988573634,-6455,296
1622103176144,1622103176154,10,-1,55,4796.0784405806,-1,-1
1622103176354,1622103176404,50,2,118,7943.68238993586,-3991,209
1622103176544,1622103176554,10,-1,30,973.276926823433,-1,-1
1622103176584,1622103176594,10,-1,39,1665.77312576874,-1,-1
1622103176814,1622103176834,20,1,118,6264.96366175257,-1,172
1622103176894,1622103176924,30,1,163,-1.0,-11673,187
1622103176964,1622103176984,20,1,165,10674.5263709609,-1,210
1622103177064,1622103177104,40,9,333,22126.4100488262,-411,27
1622103177164,1622103177174,10,-1,44,-1.0,-1,-1
1622103177643,1622103177683,40,0,44,3474.67385573595,-1060,0
1622103177963,1622103177973,10,-1,82,6542.73585591464,-1,-1
1622103178033,1622103178093,60,1,339,29965.752213904,-21106,67
1622103178333,1622103178353,20,3,463,29058.447566079,-1,95
1622103178463,1622103178523,60,19,766,44797.1235394879,-51038,249
1622103178583,1622103178683,100,2,421,25162.5780439926,-29766,302
1622103178743,1622103178753,10,-1,154,-1.0,-1,-1
1622103179282,1622103179312,30,1,106,-1.0,-3940,174
1622103179362,1622103179402,40,2,87,6238.05567103817,-2581,110
1622103179412,1622103179432,20,0,64,3727.14795522622,-1819,333
1622103179632,1622103179642,10,-1,35,2169.66465499903,-1,-1
1622103179742,1622103179772,30,1,114,-1.0,-5914,306
1622103179882,1622103179922,40,2,115,8719.64519766542,-4078,340
1622103180032,1622103180042,10,-1,57,-1.0,-1,-1
1622103180052,1622103180072,20,0,78,4372.05166921945,-1,0
1622103180132,1622103180152,20,0,33,287.008481392025,-1,354
1622103180162,1622103180182,20,0,47,3440.81367064285,-1089,70
1622103180312,1622103180322,10,-1,39,-1.0,-1,-1
1622103180472,1622103180492,20,0,51,2307.8711720592,-567,114
1622103180592,1622103180602,10,-1,31,439.046716353052,-1,-1
1622103180642,1622103180652,10,-1,31,1443.79380157427,-1,-1
1622103180712,1622103180742,30,1,51,-1.0,-1627,219
1622103180901,1622103180921,20,1,179,12423.2948251678,-1,208
1622103181001,1622103181021,20,1,249,-1.0,-15202,35
1622103181131,1622103181151,20,0,42,-1.0,-332,63
1622103181201,1622103181251,50,3,101,6452.73832278894,-2475,215
1622103181261,1622103181271,10,-1,31,2293.40433139829,-1,-1
1622103181341,1622103181351,10,-1,35,627.539521507442,-1,-1
1622103181611,1622103181661,50,8,303,12725.269605067,-14972,35
1622103181811,1622103181821,10,-1,30,2007.83025172396,-1,-1
1622103181881,1622103181891,10,-1,33,-1.0,-1,-1
1622103181921,1622103181971,50,12,807,51213.809614588,-20380,189
1622103182051,1622103182071,20,1,110,-1.0,-4800,58
1622103182181,1622103182231,50,7,232,6326.7756244285,-9302,231
1622103182311,1622103182321,10,-1,36,-1.0,-1,-1
1622103182460,1622103182510,50,7,242,11074.1827589263,-12393,45
1622103182870,1622103182920,50,10,347,18298.3776463453,-14422,342
1622103183030,1622103183040,10,-1,32,-1.0,-1,-1
1622103183050,1622103183110,60,11,393,20868.2700066468,-15806,178
1622103183220,1622103183240,20,1,133,5645.46196927708,-1,282
1622103183300,1622103183340,40,0,102,5096.45611466024,-4330,281
1622103183490,1622103183520,30,6,340,17688.6144779672,-16895,346
1622103183770,1622103183790,20,3,398,25048.0424944461,-1,35
1622103183930,1622103183940,10,-1,62,3966.63867484324,-1,-1
1622103183999,1622103184010,10,-1,34,-1.0,-1,-1
1622103184499,1622103184519,20,0,46,2185.21576396909,-1,233
1622103184719,1622103184769,50,7,240,12527.2705837644,-11776,325
1622103184979,1622103185019,40,3,135,6790.35933062481,-6131,94
1622103185189,1622103185199,10,-1,36,2710.53134090943,-1,-1
1622103185259,1622103185269,10,-1,47,-1.0,-1,-1
1622103185329,1622103185339,10,-1,54,3466.54839768488,-1,-1
1622103185399,1622103185449,50,14,436,3033.05502699756,-18122,210
1622103185619,1622103185638,19,0,60,3292.89327136264,-4,132
1622103185698,1622103185718,20,1,143,-1.0,-7321,138
1622103185958,1622103185998,40,4,368,-1.0,-17971,30
1622103186178,1622103186188,10,-1,71,4205.85258279954,-1,-1
1622103186248,1622103186268,20,0,44,-1.0,-1404,39
1622103186318,1622103186338,20,1,141,8707.42337090891,-1,226
1622103186398,1622103186428,30,2,221,-1.0,-9495,228
1622103186598,1622103186608,10,-1,108,8435.04063223988,-1,-1
1622103186668,1622103186688,20,2,209,-1.0,-10737,50
1622103186708,1622103186738,30,1,68,3013.75476920607,-1,325
1622103186798,1622103186818,20,0,172,-1.0,-11749,215
1622103186838,1622103186878,40,0,120,11660.0145282642,-1411,26
1622103186938,1622103186988,50,9,275,15590.3559414031,-6802,5
1622103186998,1622103187008,10,-1,54,3186.67333688663,-1,-1
1622103187248,1622103187287,39,5,233,11660.1990633872,-12140,139
1622103187567,1622103187587,20,0,130,8449.49430216679,-1,276
1622103187667,1622103187677,10,-1,63,-1.0,-1,-1
1622103187727,1622103187737,10,-1,57,3766.41745436086,-1,-1
1622103187927,1622103188017,90,8,226,8604.29879327088,-10509,12
1622103188097,1622103188107,10,-1,51,-1.0,-1,-1
1622103188137,1622103188157,20,0,38,2109.38732836863,-639,90
1622103188187,1622103188237,50,1,84,3059.04172777138,-5216,37
1622103188267,1622103188287,20,1,105,5376.87365066638,-1,247
1622103188347,1622103188357,10,-1,33,-1.0,-1,-1
1622103188447,1622103188467,20,0,31,1198.04253832258,-1,222
1622103188487,1622103188517,30,1,83,3302.89651368967,-4168,28
1622103188647,1622103188657,10,-1,38,-1.0,-1,-1
1622103188687,1622103188757,70,8,244,9998.36910940853,-2188,198
1622103188767,1622103188777,10,-1,110,8296.28997052868,-1,-1
1622103188976,1622103189006,30,1,112,5364.71330446413,-1,246
1622103189066,1622103189096,30,1,77,-1.0,-685,55
1622103189106,1622103189116,10,-1,33,573.142841565842,-1,-1
1622103189206,1622103189216,10,-1,41,2822.17708425429,-1,-1
1622103189386,1622103189436,50,1,291,25527.7045715731,-13271,336
1622103189496,1622103189546,50,4,514,36314.1997119105,-20098,86
1622103189616,1622103189706,90,15,813,29208.9663720056,-28235,244
1622103189766,1622103189776,10,-1,171,-1.0,-1,-1
1622103189826,1622103189836,10,-1,68,3898.76843664098,-1,-1
1622103189976,1622103189986,10,-1,36,2500.00776491452,-1,-1
1622103190376,1622103190386,10,-1,51,3713.10525227756,-1,-1
1622103190446,1622103190456,10,-1,41,-1.0,-1,-1
1622103190865,1622103190875,10,-1,39,-1.0,-1,-1
1622103190915,1622103190955,40,2,93,5724.10744074017,-3526,271
1622103191045,1622103191065,20,0,60,2543.02643544978,-1,138
1622103191195,1622103191275,80,4,259,10616.8740002542,-2516,96
1622103191365,1622103191565,200,15,814,59267.9421706311,-29752,228
1622103191625,1622103191675,50,1,63,764.178575581062,-2653,178
1622103191685,1622103191705,20,1,146,8730.23507436922,-1,210
1622103191765,1622103191835,70,6,194,2492.86735911556,-6900,272
1622103192124,1622103192174,50,3,129,6148.60600557942,-4652,98
1622103192264,1622103192284,20,0,41,1963.63568452464,-996,290
1622103192554,1622103192604,50,5,198,13155.1038191424,-8438,245
1622103193244,1622103193254,10,-1,45,2780.63440441103,-1,-1
1622103193314,1622103193324,10,-1,43,-1.0,-1,-1
1622103193484,1622103193494,10,-1,30,456.640024226865,-1,-1
1622103193524,1622103193534,10,-1,30,2809.7308465116,-1,-1
1622103193773,1622103193823,50,4,168,8303.43894237956,-5226,19
1622103193913,1622103193923,10,-1,53,-1.0,-1,-1
1622103194393,1622103194403,10,-1,48,3545.91851664915,-1,-1
1622103194483,1622103194493,10,-1,65,-1.0,-1,-1
1622103194543,1622103194553,10,-1,45,2432.35221032398,-1,-1
1622103194713,1622103194763,50,3,102,5847.51508364815,-5579,136
1622103194983,1622103195003,20,1,174,11536.7778338267,-1,295
1622103195063,1622103195083,20,1,153,-1.0,-8290,1
1622103195352,1622103195392,40,5,224,10626.3024350921,-11088,95
1622103195522,1622103195552,30,2,111,6750.79637385873,-2334,149
1622103195742,1622103195772,30,4,343,-1.0,-14332,225
1622103195822,1622103195832,10,-1,35,1706.30960148041,-1,-1
1622103196232,1622103196252,20,1,139,10101.8886384693,-1,22
1622103196312,1622103196342,30,1,74,-1.0,-2747,354
1622103196402,1622103196432,30,0,46,1256.48844350483,-1403,189
1622103196902,1622103196952,50,11,413,23355.6931058221,-16163,207
1622103196962,1622103196971,9,-1,67,6525.53484959735,-1,-1
1622103197151,1622103197201,50,3,362,17719.8970466916,-126,116
1622103197331,1622103197351,20,0,95,-1.0,-6158,78
1622103197611,1622103197661,50,9,288,9109.22563837566,-16662,345
1622103197741,1622103197761,20,0,37,114.171160453963,-1,113
1622103198171,1622103198211,40,4,184,9187.89655015688,-9109,161
1622103198381,1622103198391,10,-1,106,8736.18226962431,-1,-1
1622103198760,1622103198790,30,1,80,4060.51540848164,-3324,129
1622103198940,1622103198950,10,-1,58,4857.78094417333,-1,-1
1622103199010,1622103199130,120,5,297,21990.8698493424,-8461,18
1622103199370,1622103199640,270,23,714,53642.1306044704,-59694,0
1622103199650,1622103200189,539,18,686,29168.0470251853,-26541,261
1622103200279,1622103200299,20,1,77,6883.1045700462,-790,327
1622103200429,1622103200449,20,0,84,4159.51339633582,-1,333
1622103200509,1622103200519,10,-1,64,-1.0,-1,-1
1622103200529,1622103200619,90,37,739,31346.0964633741,-22889,166
1622103200629,1622103200769,140,12,133,6304.49622769186,-4811,356
1622103200849,1622103200979,130,32,705,32201.2358334351,-43549,357
1622103201059,1622103201119,60,3,154,2630.84860727431,-7445,225
1622103201229,1622103201249,20,0,95,4994.7619450885,-1,15
1622103201309,1622103201419,110,27,588,21341.6903214482,-13424,172
1622103201499,1622103201719,220,17,340,20498.7698631215,-12258,282
1622103201818,1622103201828,9,-1,33,1288.70144047529,-1,-1
1622103201918,1622103201998,80,18,549,26092.3175879904,-22694,57
1622103202058,1622103202068,10,-1,41,-1.0,-1,-1
1622103202098,1622103202138,40,7,439,14427.3492367619,-1,225
1622103202198,1622103202208,10,-1,70,-1.0,-1,-1
1622103202348,1622103202398,50,1,50,2495.61311317651,-1285,86
1622103202458,1622103202478,20,0,63,-1.0,-1094,58
1622103202508,1622103202518,10,-1,38,1099.26537401026,-1,-1
1622103202598,1622103202618,20,0,54,-1.0,-2338,54
1622103202978,1622103202988,10,-1,33,2006.65330448065,-1,-1
1622103203398,1622103203407,9,-1,67,4782.61480279197,-1,-1
1622103203467,1622103203477,10,-1,54,-1.0,-1,-1
1622103203517,1622103203537,20,0,90,4837.6580451733,-1,96
1622103203597,1622103203637,40,2,93,2140.44849865342,-5330,189
1622103203677,1622103203687,10,-1,74,4990.71123314347,-1,-1
1622103203787,1622103203847,60,13,336,14136.8916416168,-15242,220
1622103203917,1622103203927,10,-1,32,1068.37209021541,-1,-1
1622103203937,1622103203957,20,0,54,4083.41780211743,-4,253
1622103204017,1622103204087,70,5,209,11584.8149071675,-13901,257
1622103204177,1622103204227,50,5,230,10917.9149309812,-9952,13
1622103204377,1622103204387,10,-1,56,2989.72334899926,-1,-1
1622103204447,1622103204507,60,5,181,6152.10222147055,-7373,220
1622103204807,1622103204847,40,2,80,4084.42922276351,-3670,21
1622103204917,1622103204947,30,0,31,1213.67088808367,-1,184
1622103204977,1622103204987,10,-1,30,1347.19763881867,-1,-1
1622103205037,1622103205076,39,10,444,27140.8203319014,-16392,55
1622103205226,1622103205256,30,6,570,23300.907903185,-1,215
1622103205316,1622103205326,10,-1,118,-1.0,-1,-1
1622103205396,1622103205416,20,0,37,1501.42694706017,-748,180
1622103205446,1622103205456,10,-1,30,497.585800609403,-1,-1
1622103205626,1622103205636,10,-1,46,-1.0,-1,-1
1622103205676,1622103205686,10,-1,34,1330.86803473173,-1,-1
1622103205776,1622103205816,40,5,235,16096.684899544,-12573,85
1622103206306,1622103206326,20,0,61,3135.778478329,-899,187
1622103206626,1622103206636,10,-1,34,2928.44518139277,-1,-1
1622103206715,1622103206755,40,7,296,15996.6888233705,-16952,0
1622103206885,1622103206915,30,5,593,33949.8692640739,-1,90
1622103207015,1622103207075,60,5,326,812.436282390035,-14820,229
1622103207115,1622103207155,40,1,96,6142.36392675378,-2864,60
1622103207165,1622103207185,20,0,35,930.213256734807,-1,275
1622103207465,1622103207495,30,5,241,12842.6289564757,-14279,45
1622103207505,1622103207575,70,8,260,13509.5944055598,-8122,327
1622103207825,1622103207865,40,6,378,-1.0,-16461,185
1622103208175,1622103208185,10,-1,76,4977.70594216231,-1,-1
1622103208245,1622103208265,20,0,65,-1.0,-11,115
1622103208275,1622103208284,9,-1,46,3057.45317674694,-1,-1
1622103208334,1622103208404,70,9,313,17254.4496398259,-10202,358
1622103208414,1622103208494,80,2,168,15193.0184887296,-11005,72
1622103208984,1622103209014,30,3,594,32294.2065294014,-41249,331
1622103209164,1622103209264,100,4,252,6609.4564605097,-7523,252
1622103209274,1622103209304,30,1,67,2451.79195865628,-2232,301
1622103209324,1622103209424,100,3,82,4944.27008220765,-1620,287
1622103209454,1622103209464,10,-1,38,3245.43902727037,-1,-1
1622103209474,1622103209494,20,0,38,1629.41322778854,-601,275
1622103209564,1622103209574,10,-1,33,1958.62463263212,-1,-1
1622103209684,1622103209704,20,0,93,5077.85081907152,-1,244
1622103209764,1622103209774,10,-1,33,-1.0,-1,-1
1622103210123,1622103210133,10,-1,47,2867.22989318202,-1,-1
1622103210213,1622103210283,70,1,787,57541.2441826367,-3284,140
1622103210463,1622103210553,90,8,376,12218.6823268144,-24743,327
1622103210573,1622103210623,50,3,89,3293.40177200907,-2279,344
1622103210643,1622103210663,20,0,42,809.073602258227,-1,296
1622103210743,1622103210763,20,1,137,-1.0,-6347,297
1622103210783,1622103210803,20,0,52,2105.53177429069,-1,324
1622103210913,1622103210953,40,3,135,6908.20714489941,-2927,253
1622103211073,1622103211083,10,-1,30,1747.89074510758,-1,-1
1622103211153,1622103211203,50,15,607,32661.6817825598,-29371,81
1622103211343,1622103211353,10,-1,76,5603.8705595834,-1,-1
1622103211413,1622103211433,20,0,57,-1.0,-248,220
1622103211473,1622103211513,40,5,236,12560.4339578689,-11159,190
1622103211622,1622103211642,20,3,189,11895.6760318953,-1,43
1622103211782,1622103211802,20,2,246,12200.4292153795,-1,266
1622103211862,1622103211872,10,-1,35,-1.0,-1,-1
1622103212032,1622103212042,10,-1,648,-1.0,-1,-1
1622103212092,1622103212102,10,-1,32,1259.23114743966,-1,-1
1622103212232,1622103212312,80,11,339,13080.2023119364,-16090,339
1622103212342,1622103212352,10,-1,62,3627.88448919194,-1,-1
1622103212412,1622103212422,10,-1,41,-1.0,-1,-1
1622103212462,1622103212542,80,21,661,21650.6945851147,-37586,180
1622103212632,1622103212782,150,5,458,18538.2692206726,-16001,212
1622103212842,1622103212852,10,-1,226,-1.0,-1,-1
1622103212872,1622103212882,10,-1,48,2771.72860182885,-1,-1
1622103213032,1622103213311,279,48,715,31628.3381582845,-28928,7
1622103213391,1622103213451,60,8,273,2173.10433836559,-7353,195
1622103213511,1622103213561,50,4,163,7953.9542459626,-7253,111
1622103213871,1622103213901,30,1,51,2072.57052208332,-735,23
1622103213961,1622103214021,60,9,503,32465.5262557368,-4413,175
1622103214081,1622103214171,90,7,210,8893.92835955502,-1995,10
1622103214231,1622103214251,20,3,441,15694.0813838712,-1,168
1622103214591,1622103214621,30,46,2359,172227.824939842,-1,254
1622103214681,1622103214691,10,-1,50,-1.0,-1,-1
1622103214701,1622103214721,20,6,599,30377.6063791553,-1,102
1622103214731,1622103214751,20,3,499,48024.3451991539,-27638,285
1622103214810,1622103214830,20,3,295,16887.2443253672,-1,73
1622103214840,1622103214890,50,3,265,25971.8925976425,-12871,235
1622103215000,1622103215020,20,0,241,-1.0,-18283,231
1622103215080,1622103215170,90,2,291,22620.9113522565,-16942,300
1622103215250,1622103215310,60,22,883,68721.9966752126,-29176,40
1622103215410,1622103215460,50,0,425,16444.0658801533,-33968,336
1622103215530,1622103215570,40,31,1033,25135.1255723138,-1,24
1622103215660,1622103215850,190,10,1830,158658.926169817,-131493,72
1622103215950,1622103215990,40,3,405,20216.768358763,-29201,273
1622103216110,1622103216120,10,-1,318,-1.0,-1,-1
1622103216180,1622103216190,10,-1,116,-1.0,-1,-1
1622103216300,1622103216320,20,1,177,11553.8993113608,-1,355
1622103216399,1622103216429,30,6,305,17391.3893434538,-16197,50
1622103216559,1622103216659,100,6,405,32567.7033263019,-27706,69
1622103216699,1622103216719,20,0,34,1667.03839964268,-355,315
1622103216849,1622103216859,10,-1,104,-1.0,-1,-1
1622103216869,1622103216879,10,-1,30,1201.39275494384,-1,-1
1622103216979,1622103216999,20,0,50,-1.0,-496,28
1622103217059,1622103217069,10,-1,49,3186.02797347976,-1,-1
1622103217129,1622103217199,70,1,186,14874.9681373404,-11637,28
1622103217249,1622103217279,30,1,60,2726.77825412213,-3026,138
1622103217299,1622103217349,50,0,182,9774.74241365588,-2446,247
1622103217429,1622103217439,10,-1,36,-1.0,-1,-1
1622103217459,1622103217479,20,0,45,3841.14681459526,-990,171
1622103217499,1622103217509,10,-1,56,3308.28476568526,-1,-1
1622103217579,1622103217599,20,0,82,-1.0,-3138,115
1622103217749,1622103217769,20,0,48,1890.30104501692,-866,275
1622103217889,1622103217899,10,-1,56,3349.67211535008,-1,-1
1622103217979,1622103217998,19,1,149,-1.0,-8375,267
1622103218178,1622103218188,10,-1,32,2137.06676116244,-1,-1
1622103218318,1622103218338,20,1,265,18431.7045234953,-1,142
1622103218398,1622103218418,20,1,280,-1.0,-20312,272
1622103218598,1622103218628,30,1,56,2063.62768786656,-2370,59
1622103218648,1622103218668,20,0,40,3522.74648659966,-426,47
1622103218708,1622103218718,10,-1,52,2671.81596267905,-1,-1
1622103218998,1622103219018,20,0,129,8843.82768879059,-1,101
1622103219098,1622103219108,10,-1,97,-1.0,-1,-1
1622103219128,1622103219138,10,-1,56,3249.50187748483,-1,-1
1622103219278,1622103219298,20,1,147,7830.36441689352,-1,121
1622103220167,1622103220177,10,-1,34,617.998018529666,-1,-1
1622103220417,1622103220427,10,-1,41,1685.19485444294,-1,-1
1622103220457,1622103220537,80,5,360,22170.4040934813,-10203,69
1622103220617,1622103220637,20,2,256,-1.0,-536,92
1622103220647,1622103220687,40,0,94,6809.87339875814,-681,51
1622103220697,1622103220717,20,0,35,2548.14765890831,-11,90
1622103220777,1622103220787,10,-1,43,-1.0,-1,-1
1622103221057,1622103221107,50,4,234,10345.807455603,-1,214
1622103221296,1622103221516,220,25,875,12638.8974347877,-54555,196
1622103221526,1622103221576,50,1,52,1269.16790676768,-2043,205
1622103221586,1622103221656,70,2,60,2088.74734743626,-1484,173
1622103221666,1622103221686,20,1,184,8409.89281610009,-1,158
1622103221766,1622103221806,40,2,86,5209.20261587756,-3941,117
1622103221916,1622103221946,30,1,55,2696.09003123393,-1552,221
1622103221986,1622103222006,20,0,41,991.511338760075,-1,262
1622103222046,1622103222066,20,0,74,4270.45424605665,-1,299
1622103222296,1622103222346,50,16,550,28678.4958351349,-26668,186
1622103222416,1622103222426,10,-1,31,919.280872350243,-1,-1
1622103222476,1622103222496,20,1,376,26198.2239570623,-1,34
1622103222576,1622103222596,20,0,187,-1.0,-13692,183
1622103222736,1622103222865,129,24,440,21165.5718172475,-31530,10
1622103222975,1622103222995,20,0,323,25895.7921474037,-1,184
1622103223005,1622103223015,10,-1,346,31787.351800512,-1,-1
1622103223035,1622103223065,30,1,135,6165.45655179765,-1,220
1622103223125,1622103223205,80,2,177,12504.1303181529,-3163,191
1622103223265,1622103223325,60,2,82,2678.41662360414,-4099,272
1622103223345,1622103223365,20,0,60,3066.06579864369,-1080,248
1622103223465,1622103223485,20,0,109,5273.73584662633,-1,263
1622103223565,1622103223575,10,-1,50,-1.0,-1,-1
1622103223725,1622103223735,10,-1,41,2791.76504668462,-1,-1
1622103224045,1622103224075,30,0,35,1286.4836445322,-333,299
1622103224315,1622103224375,60,3,88,2830.23293403683,-2688,102
1622103224415,1622103224435,20,1,142,7868.26475685384,-1,310
1622103224514,1622103224534,20,0,91,-1.0,-6079,150
1622103224554,1622103224564,10,-1,46,2789.97762320486,-1,-1
1622103224794,1622103224814,20,0,67,4139.16059055345,-1607,197
1622103224834,1622103224844,10,-1,35,1928.47454677159,-1,-1
1622103225574,1622103225614,40,1,45,3258.62000707981,-762,335
1622103225864,1622103225884,20,0,50,3440.18627907554,-1,153
1622103225994,1622103226004,10,-1,57,4048.65947420921,-1,-1
1622103226063,1622103226073,9,-1,41,-1.0,-1,-1
1622103226553,1622103226563,10,-1,67,3972.43180478294,-1,-1
1622103226903,1622103226913,10,-1,31,1818.37744395838,-1,-1
1622103227203,1622103227233,30,2,107,8124.16776746921,-7642,279
1622103227503,1622103227523,20,0,42,1609.42876828992,-1,20
1622103227782,1622103227792,10,-1,33,421.966478956992,-1,-1
1622103227892,1622103227932,40,1,49,2029.02042680136,-642,19
1622103228012,1622103228062,50,8,946,45863.030763548,-13412,135
1622103228302,1622103228362,60,4,250,17143.9445659776,-12394,188
1622103228442,1622103228502,60,11,312,13382.3412612262,-10560,308
1622103228582,1622103228622,40,0,185,-1.0,-13627,243
1622103228662,1622103228712,50,2,69,3479.45300616391,-2443,279
1622103229052,1622103229062,10,-1,37,811.728821543436,-1,-1
1622103229262,1622103229282,20,0,56,3271.44371295076,-1,149
1622103229471,1622103229491,20,0,69,3413.91380542946,-1,315
1622103230101,1622103230161,60,15,362,13773.4241264369,-15776,214
1622103230241,1622103230251,10,-1,54,-1.0,-1,-1
1622103230261,1622103230271,10,-1,34,773.720601320175,-1,-1
1622103230311,1622103230321,10,-1,31,2232.33513667844,-1,-1
1622103230681,1622103230751,70,14,419,20458.6639060856,-19662,46
1622103231170,1622103231270,100,18,569,24462.5904229758,-16415,227
1622103231280,1622103231350,70,2,73,2552.87200455283,-2445,3
1622103231360,1622103231390,30,4,193,9159.48866228391,-8181,290
1622103231400,1622103231570,170,18,574,48190.0748481127,-777,59
1622103231630,1622103231650,20,1,143,-1.0,-7252,116
1622103231700,1622103231740,40,1,53,1421.1807816761,-173,345
1622103231790,1622103231810,20,0,48,1655.3521437522,-1,5
1622103231840,1622103231850,10,-1,41,1821.91059408516,-1,-1
1622103231930,1622103231980,50,2,200,14206.3231987321,-15252,329
1622103231990,1622103232000,10,-1,32,1279.86055015373,-1,-1
1622103232020,1622103232080,60,0,98,5231.15235563738,-2500,335
1622103232090,1622103232120,30,2,276,17409.0026129869,-1,251
1622103232200,1622103232220,20,2,222,-1.0,-9387,53
1622103232230,1622103232240,10,-1,61,3819.82709411787,-1,-1
1622103232250,1622103232380,130,0,154,9637.92330724338,-8239,99
1622103232470,1622103232530,60,3,81,2567.21358262286,-3873,302
1622103232699,1622103232739,40,13,625,31299.4267615091,-1,291
1622103232799,1622103232819,20,0,45,10.1540458962702,-1,59
1622103232829,1622103232839,10,-1,65,3651.82892750975,-1,-1
1622103233109,1622103233119,10,-1,49,3328.22194797107,-1,-1
1622103233179,1622103233269,90,10,389,29886.8124269248,-21568,78
1622103233329,1622103233439,110,6,232,11345.85095175,-14486,303
1622103233499,1622103233539,40,1,67,112.180142657808,-2358,172
1622103233599,1622103233669,70,13,443,27316.7851930012,-26474,326
1622103233729,1622103233759,30,0,108,-1.0,-7259,85
1622103233779,1622103233819,40,7,303,12455.9805717322,-1,242
1622103233879,1622103233889,10,-1,37,-1.0,-1,-1
1622103233949,1622103233969,20,1,273,18645.5347500553,-1,263
1622103234079,1622103234138,59,3,406,2799.70174624086,-27331,224
1622103234238,1622103234348,110,24,685,28727.5434939991,-27553,108
1622103234488,1622103234498,10,-1,31,2112.47062010641,-1,-1
1622103234828,1622103234908,80,21,558,25274.1715813506,-14470,289
1622103234988,1622103235038,50,2,52,1034.39213506331,-434,287
1622103235298,1622103235328,30,1,328,25371.5400309103,-1,348
1622103235408,1622103235448,40,3,297,453.848583198203,-20329,192
1622103235548,1622103235638,90,28,737,29546.5497597502,-27521,113
1622103235698,1622103235708,10,-1,74,-1.0,-1,-1
1622103235748,1622103235767,19,6,839,53241.4660312028,-1,180
1622103235827,1622103235877,50,2,536,-1.0,-43290,45
1622103235957,1622103236037,80,1,82,5879.72586739164,-2428,338
1622103236077,1622103236247,170,28,603,22146.0157737554,-17130,292
1622103236557,1622103236567,10,-1,76,5287.55822362141,-1,-1
1622103236627,1622103236677,50,3,127,4669.15541636667,-8513,286
1622103236707,1622103236717,10,-1,50,2737.28205518749,-1,-1
1622103236857,1622103236867,10,-1,33,758.599175445152,-1,-1
1622103237247,1622103237257,10,-1,37,2111.34224916939,-1,-1
1622103237706,1622103237716,10,-1,52,3070.22859827723,-1,-1
1622103237796,1622103237806,10,-1,39,-1.0,-1,-1
1622103237916,1622103237936,20,0,67,-1.0,-2224,120
1622103237946,1622103238006,60,4,299,21853.6986825249,-13393,20
1622103238066,1622103238086,20,0,222,-1.0,-18995,285
1622103238106,1622103238146,40,1,54,1569.89894696038,-1579,94
1622103238166,1622103238196,30,0,41,1087.37815542926,-1000,93
1622103238216,1622103238266,50,2,159,8029.42494877252,-1,135
1622103238326,1622103238356,30,2,189,-1.0,-7712,101
1622103238366,1622103238376,10,-1,55,4402.95306560127,-1,-1
1622103238496,1622103238556,60,3,98,3685.99162459001,-1,257
1622103238636,1622103238646,10,-1,37,3226.31378923184,-1,-1
1622103238656,1622103238676,20,1,109,8838.68812925615,-2524,325
1622103238696,1622103238716,20,0,48,4466.8664387333,-443,151
1622103238746,1622103238786,40,1,64,1991.57286156057,-29,104
1622103238836,1622103238926,90,6,178,7877.33243578337,-11009,326
1622103238976,1622103239015,39,1,40,900.141745250387,-9,130
1622103239045,1622103239065,20,0,30,553.791384746358,-16,141
1622103239075,1622103239135,60,5,224,11100.9490529073,-14201,246
1622103239175,1622103239215,40,0,64,2978.50934248888,-285,83
1622103239295,1622103239495,200,26,1022,40847.3361899306,-59058,326
1622103239575,1622103239645,70,2,115,3682.3631717232,-4336,143
1622103239665,1622103239675,10,-1,41,1825.15081485054,-1,-1
1622103240055,1622103240065,10,-1,56,4212.5837776791,-1,-1
1622103240375,1622103240385,10,-1,46,2588.90901281998,-1,-1
1622103240654,1622103240674,19,0,43,1796.00768181967,-117,243
1622103241064,1622103241084,20,0,133,9466.83099459457,-1,82
1622103241164,1622103241174,10,-1,94,-1.0,-1,-1
1622103241424,1622103241484,60,0,372,26671.9151565758,-23351,135
1622103241514,1622103241534,20,0,36,2420.51017664012,-1,84
1622103241694,1622103241704,10,-1,37,978.48980384511,-1,-1
1622103241844,1622103241854,10,-1,34,1385.61774710695,-1,-1
1622103241914,1622103241924,10,-1,47,-1.0,-1,-1
1622103242214,1622103242253,39,2,117,6150.20247977052,-4730,88
1622103243063,1622103243073,10,-1,63,-1.0,-1,-1
1622103243193,1622103243203,10,-1,32,-1.0,-1,-1
1622103243463,1622103243473,10,-1,35,-1.0,-1,-1
1622103243633,1622103243653,20,0,87,-1.0,-3807,254
1622103243942,1622103243952,10,-1,52,2930.17127002094,-1,-1
1622103244182,1622103244202,20,0,56,3639.12571286721,-1700,105
1622103244212,1622103244222,10,-1,32,719.462277061973,-1,-1
1622103244242,1622103244252,10,-1,70,4278.85252169601,-1,-1
1622103244342,1622103244402,60,3,77,2659.43531175878,-1037,302
1622103244462,1622103244512,50,3,298,24789.1738140021,-17688,344
1622103244612,1622103244702,90,6,464,23924.8436102896,-21621,238
1622103244932,1622103244962,30,1,53,44.6340487012478,-1,98
1622103245262,1622103245272,10,-1,1612,-1.0,-1,-1
1622103245342,1622103245462,120,1,269,15542.3596383302,-22648,111
1622103245481,1622103245521,39,3,339,14340.9803070305,-2713,291
1622103245591,1622103245601,10,-1,76,-1.0,-1,-1
1622103245771,1622103245821,50,33,1625,108593.79055774,-35524,139
1622103246211,1622103246371,160,17,604,41420.3552598921,-20981,70
1622103246441,1622103246471,30,0,576,153.28282257733,-54351,248
1622103246521,1622103246531,10,-1,63,6133.78641650487,-1,-1
1622103246591,1622103246631,40,2,94,5356.50231820288,-3092,303
1622103246641,1622103246681,40,5,272,20377.5336881782,-8911,94
1622103246761,1622103246771,10,-1,74,-1.0,-1,-1
1622103246801,1622103246821,20,0,33,1804.61470184105,-111,180
1622103246911,1622103246931,20,0,62,-1.0,-2776,201
1622103247041,1622103247061,20,0,40,-1.0,-765,186
1622103247071,1622103247110,39,5,226,17801.4325544217,-20181,94
1622103247180,1622103247210,30,5,267,3794.70622535566,-21467,274
1622103247320,1622103247330,10,-1,30,740.522758808251,-1,-1
1622103248560,1622103248590,30,1,86,4930.97198702837,-5513,229
1622103249159,1622103249169,10,-1,33,931.1453098959,-1,-1
1622103249209,1622103249219,10,-1,36,911.589699460794,-1,-1
1622103249309,1622103249319,10,-1,57,4060.12626550456,-1,-1
1622103249399,1622103249419,20,0,97,-1.0,-4686,94
1622103249439,1622103249449,10,-1,54,3304.95292214402,-1,-1
1622103249529,1622103249599,70,22,907,31719.5358509956,-1,126
1622103249849,1622103250019,170,34,888,31054.5098706084,-38165,330
1622103250099,1622103250149,50,3,253,2180.1719854187,-12881,249
1622103250229,1622103250299,70,5,475,34564.3531646216,-21765,337
1622103250378,1622103250508,130,6,431,24355.8891665147,-23023,165
1622103250798,1622103250868,70,6,674,4185.40344049958,-45047,227
1622103250948,1622103250998,50,3,135,6738.16860226611,-6250,166
1622103251128,1622103251148,20,0,34,1329.95716847203,-5,292
1622103251518,1622103251588,70,2,40,796.703764492487,-496,91
1622103251818,1622103251828,10,-1,31,2845.693407789,-1,-1
1622103251908,1622103251918,10,-1,43,-1.0,-1,-1
1622103252057,1622103252067,10,-1,30,-1.0,-1,-1
1622103252167,1622103252207,40,1,50,2919.611668839,-1309,265
1622103252237,1622103252247,10,-1,32,1504.60097761797,-1,-1
1622103252307,1622103252367,60,2,68,2082.40201618863,-3565,271
1622103252387,1622103252397,10,-1,57,4773.23124885389,-1,-1
1622103252457,1622103252527,70,8,335,13192.5751974919,-16673,193
1622103252557,1622103252687,130,19,2117,133104.327862245,-141273,53
1622103253157,1622103253177,20,21,2049,-1.0,-11361,28
1622103253397,1622103253477,80,26,1384,54180.0585661014,-64360,39
1622103253666,1622103253696,30,3,309,15836.6351046054,-1,145
1622103253986,1622103254136,150,38,1280,73375.1773893025,-69594,93
1622103254206,1622103254236,30,2,1176,36.2010282577941,-107497,13
1622103254316,1622103254356,40,6,1460,85.6908017903123,-126927,50
1622103254686,1622103254706,20,1,617,-1.0,-50324,211
1622103254816,1622103254846,30,5,242,21397.3073136736,-16080,163
1622103254966,1622103255006,40,1,686,6564.0579161275,-49876,331
1622103255076,1622103255126,50,36,1467,129785.010321205,-103727,81
1622103255225,1622103255335,110,5,1507,15048.6114847908,-137909,245
1622103255365,1622103255395,30,2,106,5742.4934332898,-2243,189
1622103255405,1622103255455,50,3,266,23765.6037680399,-7410,35
1622103255515,1622103255525,10,-1,121,-1.0,-1,-1
1622103255535,1622103255555,20,1,149,12501.4357914183,-6822,199
1622103255645,1622103255665,20,0,51,2159.18488791529,-1694,339
1622103255675,1622103255705,30,0,45,1323.93068397428,-1,8
1622103255795,1622103255815,20,0,43,470.831047012762,-1,74
1622103255825,1622103255835,10,-1,87,7379.47664387944,-1,-1
1622103255915,1622103255945,30,1,111,-1.0,-3863,93
1622103256035,1622103256075,40,2,76,3821.34827528085,-2811,107
1622103256095,1622103256135,40,3,132,3785.31530695719,-55,331
1622103256215,1622103256245,30,1,116,-1.0,-4859,124
1622103256495,1622103256515,20,1,84,-1.0,-4550,90
1622103256535,1622103256555,20,0,100,6268.66415442992,-1,212
1622103256705,1622103256715,10,-1,56,4341.20043053483,-1,-1
1622103256775,1622103256834,59,2,135,7373.83775026998,-10119,30
1622103256924,1622103256944,20,1,100,7259.27498569768,-3342,32
1622103256954,1622103257004,50,1,286,23061.9289292776,-13237,225
1622103257054,1622103257104,50,1,192,10624.8176258878,-4500,20
1622103257764,1622103257834,70,0,172,14596.7368426493,-5982,180
1622103257974,1622103257984,10,-1,42,2747.43231053291,-1,-1
1622103258044,1622103258054,10,-1,56,-1.0,-1,-1
1622103259053,1622103259103,50,6,235,14579.1819703068,-13090,88
1622103259333,1622103259353,20,2,277,14875.4419121161,-1,252
1622103259413,1622103259433,20,0,51,1.39096122872573,-1,97
1622103259443,1622103259453,10,-1,57,2881.43578593372,-1,-1
1622103259753,1622103259803,50,5,201,10443.8104231062,-8339,85
1622103260142,1622103260192,50,6,245,11079.6206496757,-12218,260
1622103260222,1622103260232,10,-1,30,1291.52769387529,-1,-1
1622103260652,1622103260682,30,6,423,22953.6986419576,-1,93
1622103260742,1622103260762,20,1,115,-1.0,-3065,101
1622103260792,1622103260802,10,-1,44,2887.82769336269,-1,-1
1622103260822,1622103260832,10,-1,41,1352.29062699781,-1,-1
1622103261062,1622103261122,60,5,114,3374.32000282728,-3772,54
1622103261162,1622103261222,60,3,461,36318.4247118743,-38770,41
1622103261232,1622103261252,20,34,2335,166307.387912876,-1,287
1622103261332,1622103261362,30,1,722,-1.0,-63716,105
1622103261452,1622103261522,70,16,475,23787.6903747683,-16018,257
1622103261631,1622103261651,19,1,136,7989.95397348956,-1,66
1622103261731,1622103261741,10,-1,71,-1.0,-1,-1
1622103261781,1622103261821,40,3,116,5485.43660182391,-5491,53
1622103261991,1622103262021,30,4,282,-1.0,-15028,8
1622103262051,1622103262091,40,2,905,89826.5737582432,-80477,345
1622103262161,1622103262221,60,4,962,43313.1827127926,-43121,210
1622103262281,1622103262291,10,-1,340,-1.0,-1,-1
1622103262591,1622103262611,20,1,171,-1.0,-9830,78
1622103262721,1622103262771,50,1,87,4611.08379756335,-4163,305
1622103262881,1622103262901,20,0,107,6571.43835067714,-1,304
1622103263181,1622103263201,20,1,194,14654.416889913,-1,84
1622103263280,1622103263320,40,1,195,1346.30465627994,-14667,256
1622103263530,1622103263550,20,0,37,-1.0,-10,307
1622103263730,1622103263750,20,3,529,35172.524004768,-1,87
1622103263810,1622103263840,30,2,127,1265.38944716291,-9665,86
1622103263890,1622103263920,30,1,69,3625.74868662418,-33,68
1622103263960,1622103263980,20,0,32,1708.63618963426,-255,274
1622103264000,1622103264010,10,-1,35,2745.10778988348,-1,-1
1622103264110,1622103264140,30,2,197,9442.00016962515,-1,66
1622103264310,1622103264390,80,7,248,14545.9393967419,-9741,240
1622103264660,1622103264690,30,2,147,-1.0,-6130,312
1622103264899,1622103264959,60,18,567,27708.94521985,-18902,203
1622103264969,1622103264989,20,1,71,5043.74531310619,-1,214
1622103265099,1622103265139,40,4,161,9475.20107633349,-5838,262
1622103265149,1622103265179,30,1,58,2208.45868069202,-32,251
1622103265199,1622103265379,180,20,362,19196.5521079527,-15811,17
1622103265539,1622103265569,30,5,271,13317.7654533917,-350,358
1622103265649,1622103265719,70,6,210,12166.0991374897,-10984,247
1622103265849,1622103265869,20,1,215,14648.3396622712,-1,76
1622103266119,1622103266139,20,0,100,5869.36304121372,-1,302
1622103266199,1622103266219,20,2,280,24190.3857979004,-1,91
1622103266229,1622103266289,60,3,183,18075.82088408,-11692,284
1622103266339,1622103266429,90,12,357,22662.6344732948,-11509,266
1622103266439,1622103266449,10,-1,454,43243.9752851243,-1,-1
1622103266508,1622103266528,20,1,253,-1.0,-18762,171
1622103266578,1622103266688,110,1,357,23553.0252771585,-16152,325
1622103266988,1622103267018,30,5,270,13152.3244101269,-1,90
1622103267098,1622103267118,20,0,122,-1.0,-7582,276
1622103267658,1622103267698,40,7,335,14932.5891686267,-1,84
1622103267778,1622103267788,10,-1,47,-1.0,-1,-1
1622103267918,1622103267968,50,8,264,13226.8793492736,-9908,262
1622103268177,1622103268357,180,20,360,24640.9746718817,-18286,96
1622103268487,1622103268517,30,9,463,23372.7109187566,-1,272
1622103268597,1622103268617,20,0,71,-1.0,-20,291
1622103268627,1622103268637,10,-1,39,2591.46147263939,-1,-1
1622103268707,1622103268787,80,7,417,16993.4696173608,-30732,287
1622103270116,1622103270146,30,2,131,7096.8524047402,-4568,219
1622103270336,1622103270416,80,12,280,9825.44453041844,-14282,75
1622103270446,1622103270456,10,-1,30,942.455880540428,-1,-1
1622103270686,1622103270736,50,5,176,10384.8171179396,-7017,293
1622103270986,1622103271016,30,3,143,7712.14793989567,-5588,101
1622103271236,1622103271266,30,2,99,5054.56407661059,-2506,294
1622103271465,1622103271485,20,0,56,2765.4259865987,-35,325
1622103271495,1622103271535,40,1,72,4182.44859163986,-69,312
1622103271565,1622103271585,20,0,47,2635.96611970895,-1373,291
1622103271675,1622103271695,20,0,54,4789.89585943694,-1360,117
1622103271925,1622103271965,40,0,193,9318.629065433,-15141,329
1622103272005,1622103272145,140,7,571,30413.8968794852,-41966,34
1622103272375,1622103272425,50,1,336,19683.0045413621,-14835,327
1622103272495,1622103272545,50,11,439,19676.6792533971,-25357,336
1622103272555,1622103272565,10,-1,75,6314.52478834471,-1,-1
1622103272575,1622103272585,10,-1,179,16839.6484863881,-1,-1
1622103272645,1622103272655,10,-1,72,-1.0,-1,-1
1622103272665,1622103272735,70,6,281,9960.82335721994,-1948,272
1622103272815,1622103272825,10,-1,32,-1.0,-1,-1
1622103272925,1622103272934,9,-1,35,1109.38767688295,-1,-1
1622103272974,1622103272994,19,0,37,757.833413741497,-1,161
1622103273074,1622103273114,40,14,1839,114403.871809667,-1,34
1622103273174,1622103273284,110,11,395,12797.7647450004,-27843,318
1622103273364,1622103273484,120,11,371,6597.28223805614,-13565,169
1622103273494,1622103273554,60,2,73,3186.73579607765,-1704,190
1622103273694,1622103273724,30,0,48,2854.36145966347,-1351,344
1622103273844,1622103273864,20,0,81,4168.80712690926,-1,8
1622103273924,1622103274014,90,6,158,5994.15539055905,-1158,17
1622103274144,1622103274154,10,-1,656,-1.0,-1,-1
1622103274214,1622103274294,80,12,502,32321.4255436507,-26346,321
1622103274374,1622103274414,40,6,288,4670.58476457751,-9102,31
1622103274454,1622103274564,110,21,557,24193.7653239192,-28273,216
1622103274573,1622103274583,9,-1,864,93001.1674146423,-1,-1
1622103274643,1622103274673,30,2,143,94.3567970413881,-10697,312
1622103274683,1622103274733,50,2,63,4795.87281966318,-1574,357
1622103274753,1622103274763,10,-1,48,2207.50268790608,-1,-1
1622103274843,1622103274873,30,1,147,-1.0,-6745,24
1622103274913,1622103274933,20,0,63,3193.22565774964,-1,348
1622103274993,1622103275043,50,8,331,6295.05939675232,-13726,257
1622103275173,1622103275213,40,1,79,2365.69841802024,-1,78
1622103275273,1622103275293,20,0,57,-1.0,-1829,90
1622103275333,1622103275363,30,1,61,2328.37956020637,-1822,123
1622103275403,1622103275413,10,-1,30,352.55947133063,-1,-1
1622103275433,1622103275443,10,-1,32,653.016903721849,-1,-1
1622103275463,1622103275493,30,1,59,2274.88258389774,-1975,154
1622103275513,1622103275583,70,12,390,28553.1252050609,-23748,355
1622103275613,1622103275633,20,0,83,4020.01379246193,-1,194
1622103275693,1622103275703,10,-1,44,-1.0,-1,-1
1622103275723,1622103275783,60,13,461,24689.679042543,-17784,191
1622103276003,1622103276033,30,1,85,5010.5818938871,-3458,79
1622103276113,1622103276163,50,1,75,68.3670075998421,-2360,152
1622103276172,1622103276182,9,-1,39,1511.21103576522,-1,-1
1622103276242,1622103276282,40,1,55,197.389355077961,-2069,168
1622103276392,1622103276402,10,-1,37,-1.0,-1,-1
1622103276522,1622103276572,50,4,229,9933.38416331185,-15619,39
1622103276592,1622103276632,40,6,197,16728.484560491,-6203,229
1622103276722,1622103276752,30,3,184,12314.5019422624,-12944,43
1622103276812,1622103276822,10,-1,31,-1.0,-1,-1
1622103276862,1622103276902,40,9,397,23161.3481029615,-13925,238
1622103276962,1622103276982,20,1,130,-1.0,-7382,153
1622103277032,1622103277052,20,1,143,10103.7266892354,-1,40
1622103277112,1622103277162,50,4,421,-1.0,-18901,49
1622103277242,1622103277252,10,-1,74,-1.0,-1,-1
1622103277282,1622103277292,10,-1,39,1514.32761619451,-1,-1
1622103277312,1622103277442,130,12,435,14225.5441283228,-23387,7
1622103277452,1622103277472,20,3,307,15045.837529589,-1,259
1622103277582,1622103277652,70,3,94,4737.17410140495,-2102,152
1622103277672,1622103277682,10,-1,33,521.47730012879,-1,-1
1622103277702,1622103277782,80,7,227,10513.6473360011,-9109,224
1622103277881,1622103277891,10,-1,56,-1.0,-1,-1
1622103277931,1622103277951,20,0,88,4425.62779742153,-1,210
1622103278011,1622103278021,10,-1,42,-1.0,-1,-1
1622103278161,1622103278231,70,7,205,8278.63363826647,-6020,67
1622103278281,1622103278291,10,-1,39,1711.27842753523,-1,-1
1622103278301,1622103278361,60,2,72,3459.81180866569,-2992,315
1622103278441,1622103278461,20,2,175,-1.0,-7326,172
1622103278511,1622103278651,140,5,59,2468.71443687331,-2162,343
1622103278731,1622103278751,20,1,85,-1.0,-2245,324
1622103278891,1622103278951,60,8,279,12080.3312855258,-9436,288
1622103278961,1622103279001,40,0,84,4943.22240502366,-2841,331
1622103279031,1622103279051,20,0,153,9498.73808768655,-1,51
1622103279131,1622103279161,30,1,330,-1.0,-25604,5
1622103279191,1622103279271,80,13,483,23118.4187760072,-22725,64
1622103279410,1622103279430,19,0,59,-1.0,-2486,147
1622103279470,1622103279480,10,-1,39,1462.04294463539,-1,-1
1622103279540,1622103279580,40,8,454,-1.0,-14077,198
1622103279840,1622103279890,50,13,462,10184.6833002139,-22819,13
1622103279940,1622103279960,20,0,33,1702.40578413886,-221,180
1622103279980,1622103280020,40,1,48,1738.8176639705,-1,208
1622103280050,1622103280070,20,1,102,4362.16678222491,-1,226
1622103280130,1622103280150,20,0,94,-1.0,-5629,63
1622103280190,1622103280200,10,-1,31,168.145583982678,-1,-1
1622103280220,1622103280240,20,0,47,1430.60696735467,-1,198
1622103280360,1622103280370,10,-1,32,759.067609808285,-1,-1
1622103280440,1622103280490,50,1,81,4784.58856975205,-3192,205
1622103280500,1622103280630,130,4,200,10217.3427997279,-12594,242
1622103280640,1622103280670,30,3,160,8739.2259019665,-1138,220
1622103280730,1622103280810,80,30,672,21900.9724983427,-43435,11
1622103280890,1622103281049,159,19,376,31978.8029485734,-14705,196
1622103281129,1622103281259,130,8,117,5957.52361935799,-3608,134
1622103281329,1622103281349,20,0,59,2876.07798970417,-1,149
1622103281449,1622103281459,10,-1,33,1684.62486438225,-1,-1
1622103281489,1622103281589,100,23,442,13925.8241567117,-14750,106
1622103281599,1622103281619,20,0,63,4472.80989736132,-2527,352
1622103281629,1622103281749,120,1,781,49899.2089128256,-52773,265
1622103281759,1622103281769,10,-1,31,508.163865900041,-1,-1
1622103281809,1622103281859,50,8,325,14727.7004274673,-17435,207
1622103281889,1622103281929,40,1,51,1787.1209502755,-920,10
1622103282019,1622103282049,30,1,67,2964.07895895399,-1,268
1622103282109,1622103282119,10,-1,33,-1.0,-1,-1
1622103282239,1622103282349,110,10,481,26216.8996287318,-24608,142
1622103282379,1622103282429,50,3,89,4205.50796368807,-2167,331
1622103282439,1622103282449,10,-1,65,4760.21239131161,-1,-1
1622103282529,1622103282619,90,5,160,1704.80563477508,-6442,337
1622103282668,1622103282688,20,0,36,1031.86461531078,-356,0
1622103282708,1622103282718,10,-1,65,4335.46529866197,-1,-1
1622103282848,1622103282868,20,2,211,-1.0,-10194,19
1622103282958,1622103282998,40,3,153,9670.52578335561,-7300,338
1622103283228,1622103283278,50,9,296,14467.5005988148,-3264,338
1622103283378,1622103283468,90,6,119,2899.01305429713,-4699,155
1622103283498,1622103283568,70,2,229,12940.3760836934,-931,193
1622103283648,1622103283668,20,1,221,-1.0,-14838,135
1622103283858,1622103284048,190,8,315,18696.5170674642,-20086,56
1622103284058,1622103284138,80,2,123,7891.16754604972,-4135,248
1622103284277,1622103284297,20,0,49,2571.0215017599,-1599,344
1622103284337,1622103284397,60,2,84,3821.28938064783,-4602,161
1622103284437,1622103284497,60,2,412,22286.4752955147,-28712,280
1622103284507,1622103284527,20,2,100,7699.45122581316,-1124,77
1622103284537,1622103284677,140,21,425,19849.4834669177,-19749,215
1622103284687,1622103284707,20,0,61,5430.60867859,-1608,49
1622103284747,1622103284847,100,19,587,29879.9822762684,-25991,334
1622103284907,1622103284917,10,-1,35,-1.0,-1,-1
1622103284977,1622103284997,20,0,73,3873.55692940236,-1,73
1622103285077,1622103285147,70,2,90,1259.53733380041,-4441,84
1622103285417,1622103285447,30,4,214,12308.0312621988,-11234,153
1622103285677,1622103285697,20,1,236,-1.0,-13585,270
1622103285837,1622103285867,30,3,181,8007.91338492164,-48,209
1622103285946,1622103285996,50,5,154,1081.20422440741,-6770,338
1622103286006,1622103286016,10,-1,60,3923.41143587418,-1,-1
1622103286116,1622103286166,50,8,314,19437.229417681,-14433,177
1622103286226,1622103286236,10,-1,42,-1.0,-1,-1
1622103286416,1622103286436,20,1,177,11609.1107741356,-1,77
1622103286496,1622103286536,40,2,167,8823.74495269182,-1,87
1622103286566,1622103286576,10,-1,408,38447.5018203681,-1,-1
1622103286656,1622103286716,60,3,185,10272.9033858004,-9679,32
1622103286726,1622103286806,80,37,1655,153619.370072339,-138412,261
1622103286816,1622103286836,20,0,908,87784.2468333531,-1,251
1622103286946,1622103286986,40,5,907,1328.75960656774,-65651,261
1622103286996,1622103287096,100,7,199,8896.82330845364,-9694,86
1622103287156,1622103287186,30,1,84,-1.0,-2911,28
1622103287246,1622103287346,100,3,132,4268.79384548818,-7383,241
1622103287356,1622103287426,70,11,368,19651.6497299767,-14869,192
1622103287585,1622103287675,90,19,426,17193.0736274117,-11656,359
1622103287735,1622103287745,10,-1,32,328.018663693389,-1,-1
1622103288005,1622103288015,10,-1,35,2602.66385845969,-1,-1
1622103288025,1622103288035,10,-1,156,12966.2590159779,-1,-1
1622103288115,1622103288125,10,-1,63,-1.0,-1,-1
1622103288255,1622103288275,20,0,33,1589.88058255088,-1,39
1622103288375,1622103288415,40,5,271,-1.0,-11065,183
1622103288425,1622103288435,10,-1,78,6497.22934178651,-1,-1
1622103288515,1622103288525,10,-1,72,-1.0,-1,-1
1622103288705,1622103288715,10,-1,62,4090.52963213564,-1,-1
1622103288795,1622103288835,40,1,59,507.677935619662,-1461,285
1622103288845,1622103288865,20,0,48,1062.6752052152,-1,310
1622103288875,1622103288885,10,-1,149,13669.5635023704,-1,-1
1622103288945,1622103288995,50,4,207,4782.43848248578,-7842,275
1622103289075,1622103289134,59,8,318,12785.0314400508,-18079,266
1622103289144,1622103289164,20,1,105,6659.49938491937,-1,119
1622103289234,1622103289264,30,1,54,3177.10476290211,-2347,100
1622103289274,1622103289294,20,1,272,19590.9937566866,-1,91
1622103289374,1622103289404,30,1,99,-1.0,-3632,101
1622103289694,1622103289714,20,1,117,5933.62079256099,-1,287
1622103289774,1622103289814,40,1,78,2105.31256726632,-2782,285
1622103289834,1622103289854,20,3,450,28005.4872230144,-1,270
1622103289914,1622103289924,10,-1,45,-1.0,-1,-1
1622103289934,1622103289964,30,1,105,8013.8658569096,-2292,82
1622103289974,1622103289984,10,-1,61,3849.29756331894,-1,-1
1622103290044,1622103290084,40,2,112,1149.29986978021,-4779,99
1622103290104,1622103290134,30,2,297,16668.0474070258,-1,71
1622103290254,1622103290284,30,0,74,3771.28222948522,-1,94
1622103290364,1622103290384,20,0,34,1289.04125039193,-1,218
1622103290394,1622103290414,20,1,111,10083.5696822696,-1746,10
1622103290634,1622103290654,20,0,34,513.258324893759,-1,35
1622103290664,1622103290733,69,5,212,10835.0866825764,-7909,243
1622103290743,1622103290753,10,-1,182,16216.126144102,-1,-1
1622103290813,1622103290933,120,9,170,7553.09964733689,-8498,19
1622103290943,1622103290963,20,12,883,59483.0848255567,-1,135
1622103291143,1622103291253,110,19,509,18944.051369769,-19932,320
1622103291313,1622103291353,40,4,173,7635.5589569935,-3859,219
1622103291443,1622103291483,40,1,80,-1.0,-3102,20
1622103291513,1622103291553,40,3,139,8998.31240340844,-7811,113
1622103291643,1622103291663,20,0,64,3026.14145650866,-1,68
1622103291743,1622103291783,40,2,83,1986.44102413551,-722,244
1622103291933,1622103291953,20,0,112,7669.88842357566,-1,299
1622103292013,1622103292073,60,14,780,49654.7165377383,-38897,354
1622103292093,1622103292113,20,0,53,3658.47789398541,-1311,164
1622103292213,1622103292233,20,0,42,1391.28065788572,-1,194
1622103292273,1622103292402,129,11,445,31934.5455511473,-26477,123
1622103292412,1622103292422,10,-1,84,7937.48382776952,-1,-1
1622103292512,1622103292532,20,1,161,10096.7982923763,-1,281
1622103292592,1622103292622,30,3,207,-1.0,-9070,233
1622103292802,1622103292902,100,12,573,24468.0408597004,-24489,324
1622103292912,1622103292942,30,0,68,4187.98926429207,-3219,158
1622103293022,1622103293102,80,1,367,33711.4324387208,-26135,183
1622103293182,1622103293242,60,10,2696,24456.0876306405,-212882,332
1622103293322,1622103293382,60,6,233,-1.0,-6402,191
1622103293392,1622103293402,10,-1,43,1940.81014075724,-1,-1
1622103293462,1622103293482,20,1,307,-1.0,-20013,318
1622103293522,1622103293532,10,-1,37,1342.13046584808,-1,-1
1622103293662,1622103293692,30,1,94,6196.87569073087,-5476,69
1622103293752,1622103293772,20,1,78,6574.99149025227,-1,225
1622103293832,1622103293882,50,4,178,8938.06249104108,-7374,292
1622103293892,1622103293902,10,-1,33,1579.93120305256,-1,-1
1622103293971,1622103293991,20,0,36,1168.73338509783,-1,45
1622103294031,1622103294051,20,0,37,951.709668476211,-2,59
1622103294091,1622103294101,10,-1,57,2821.7175904123,-1,-1
1622103294361,1622103294381,20,3,419,24523.1346388623,-1,186
1622103294441,1622103294461,20,0,69,-1.0,-3603,161
1622103294491,1622103294501,10,-1,62,4154.89086297351,-1,-1
1622103294611,1622103294651,40,7,536,39643.595768053,-27948,332
1622103294731,1622103294751,20,1,495,-1.0,-43320,299
1622103294771,1622103294781,10,-1,414,40226.8415534795,-1,-1
1622103294931,1622103294971,40,5,259,9406.3464838094,-198,245
1622103295031,1622103295131,100,6,266,4069.29302950867,-15961,105
1622103295191,1622103295251,60,19,1676,133155.697512129,-72874,41
1622103295381,1622103295391,10,-1,277,-1.0,-1,-1
1622103295481,1622103295521,40,1,625,26484.5386254856,-56237,86
1622103295630,1622103295670,40,4,2638,243775.43038049,-38795,319
1622103295940,1622103296020,80,5,177,9594.12252917848,-6098,228
1622103296080,1622103296150,70,2,178,9056.73479541643,-7905,289
1622103296210,1622103296280,70,4,182,6631.71851222739,-11161,203
1622103296340,1622103296370,30,1,78,2806.45515773447,-22,254
1622103296390,1622103296430,40,2,93,4357.85487701442,-2425,249
1622103296530,1622103296560,30,1,52,2020.94848703061,-2004,238
1622103296710,1622103296720,10,-1,36,1745.82768599538,-1,-1
1622103296780,1622103296790,10,-1,36,-1.0,-1,-1
1622103296850,1622103296920,70,3,101,6443.77493316605,-4287,162
1622103297010,1622103297020,10,-1,46,1905.73592077501,-1,-1
1622103297100,1622103297110,10,-1,47,2508.28801351538,-1,-1
1622103297120,1622103297229,109,7,467,37591.9625982602,-30352,262
1622103297269,1622103297289,20,2,317,20945.2639840935,-1,115
1622103297389,1622103297439,50,3,248,2899.27117152114,-15810,17
1622103297689,1622103297719,30,1,75,3985.87681211995,-3391,86
1622103298369,1622103298429,60,3,137,7895.31861438827,-9549,43
1622103298639,1622103298749,110,0,217,17893.75207773,-12707,315
1622103298808,1622103298828,20,0,133,-1.0,-5297,90
1622103298838,1622103298858,19,0,86,7295.88750012865,-5428,232
1622103298868,1622103298958,90,8,188,6323.99266600607,-8014,61
1622103299158,1622103299258,100,2,355,26193.1409253815,-24559,292
1622103299498,1622103299648,150,5,368,23323.6402490518,-23763,222
1622103299758,1622103299808,50,5,188,9677.211896161,-11578,74
1622103299818,1622103299838,20,0,50,2716.33848982062,-1393,77
1622103300328,1622103300368,40,5,220,3917.78809638868,-8481,261
1622103300408,1622103300418,10,-1,90,6094.20251620183,-1,-1
1622103300497,1622103300517,20,0,102,-1.0,-6082,318
1622103300537,1622103300547,10,-1,42,2730.56847360972,-1,-1
1622103300617,1622103300627,10,-1,35,3006.11618788332,-1,-1
1622103300657,1622103300667,10,-1,35,982.211527470771,-1,-1
1622103300757,1622103300777,20,0,54,2125.90371583573,-1,53
1622103300917,1622103300927,10,-1,40,1628.11163005263,-1,-1
1622103300967,1622103300987,20,0,56,2947.94169658589,-1,36
1622103301047,1622103301107,60,2,75,289.205760382003,-2659,76
1622103301307,1622103301417,110,4,326,21066.7771374866,-16873,304
1622103301487,1622103301547,60,2,366,17735.399873279,-31474,222
1622103301627,1622103301647,20,0,61,-1.0,-2516,41
1622103301897,1622103301967,70,18,574,10475.5278914717,-20901,92
1622103302146,1622103302166,20,0,55,3483.45760236606,-1,81
1622103302346,1622103302366,20,0,37,2277.97662296413,-1,240
1622103302486,1622103302496,10,-1,46,2687.70266961919,-1,-1
1622103302556,1622103302566,10,-1,62,-1.0,-1,-1
1622103302646,1622103302736,90,14,294,12473.3560745348,-13498,185
1622103302916,1622103302946,30,8,825,39520.5387856705,-1,295
1622103303006,1622103303016,10,-1,160,-1.0,-1,-1
1622103303206,1622103303266,60,1,234,13780.1863746177,-19442,35
1622103303276,1622103303356,80,14,703,29474.438137069,-25394,195
1622103303446,1622103303476,30,3,296,-1.0,-14905,274
1622103303486,1622103303536,50,10,302,20841.177591532,-16641,105
1622103303606,1622103303645,39,7,216,10216.1216030642,-411,276
1622103303835,1622103303875,40,3,211,13580.7986021814,-11519,288
1622103304015,1622103304045,30,9,675,31628.2979451657,-1,108
1622103304105,1622103304125,20,0,55,-1.0,-1536,226
1622103304155,1622103304175,20,2,81,7485.08626926871,-693,177
1622103304285,1622103304335,50,2,312,19396.6240243781,-1,42
1622103304565,1622103304585,20,1,95,6553.02733287309,-1,36
1622103304645,1622103304675,30,6,269,11491.220350009,-2702,2
1622103304695,1622103304715,20,5,217,21782.9214395256,-111,192
1622103304785,1622103304855,70,10,457,25675.6882685129,-32807,196
1622103304995,1622103305005,10,-1,32,2007.95570767228,-1,-1
1622103305075,1622103305155,80,10,442,20119.3379527434,-6557,329
1622103305424,1622103305474,50,21,752,37873.2004729659,-29562,101
1622103305504,1622103305534,30,13,553,52504.244270144,-49927,265
1622103305664,1622103305714,50,3,424,30019.0441438978,-20582,313
1622103305774,1622103305834,60,2,471,26854.2001255141,-24719,313
1622103305934,1622103305994,60,4,226,17235.4732235693,-11194,230
1622103306094,1622103306224,130,5,711,41480.5278170684,-40750,70
1622103306234,1622103306244,10,-1,35,1012.31247282559,-1,-1
1622103306254,1622103306274,20,2,207,11265.4405791483,-1,34
1622103306374,1622103306414,40,2,220,-1.0,-12079,61
1622103306424,1622103306434,10,-1,38,1846.58024405683,-1,-1
1622103306494,1622103306544,50,1,160,11595.8851612898,-4344,71
1622103306614,1622103306634,20,0,32,1198.88166490804,-1,345
1622103306654,1622103306684,30,1,75,3069.13745774552,-4053,172
1622103306714,1622103306734,20,0,42,2432.66371331666,-1,270
1622103306864,1622103306893,29,4,228,13794.8155915805,-11162,230
1622103306923,1622103307003,80,4,110,7985.19190433899,-3661,18
1622103307063,1622103307083,20,1,479,-1.0,-41971,284
1622103307253,1622103307283,30,4,219,11203.7382844095,-1,93
1622103307343,1622103307353,10,-1,53,-1.0,-1,-1
1622103307403,1622103307473,70,5,168,10379.0693546326,-5929,119
1622103307493,1622103307513,20,1,124,6229.47065349781,-1,232
1622103307623,1622103307733,110,7,209,8338.92032335471,-9200,261
1622103307933,1622103307963,30,1,183,13284.7354577452,-1,39
1622103308043,1622103308063,20,0,65,-1.0,-3226,78
1622103308223,1622103308233,10,-1,47,2985.67400371352,-1,-1
1622103308313,1622103308323,10,-1,107,-1.0,-1,-1
1622103308383,1622103308483,100,27,449,15857.5474331525,-26577,17
1622103308732,1622103308792,60,8,310,15363.9258609739,-12511,66
1622103309062,1622103309082,20,3,424,25523.4525641448,-1,205
1622103309152,1622103309162,10,-1,37,1730.62356315889,-1,-1
1622103309312,1622103309332,20,1,263,-1.0,-16088,40
1622103309352,1622103309382,30,0,67,5943.75178588844,-3009,132
1622103309462,1622103309492,30,1,87,4720.3015753931,-2630,284
1622103309572,1622103309632,60,2,76,-1.0,-1788,273
1622103309652,1622103309662,10,-1,45,2741.85101789358,-1,-1
1622103309722,1622103309732,10,-1,35,-1.0,-1,-1
1622103309742,1622103309792,50,1,215,13393.2212798182,-12555,312
1622103309902,1622103309932,30,1,79,3837.39893169635,-749,88
1622103310082,1622103310181,99,5,198,9426.83097894826,-11279,354
1622103310211,1622103310301,90,3,600,37649.0108708818,-3460,38
1622103310621,1622103310651,30,2,240,10214.4982576752,-8477,305
1622103310711,1622103310781,70,1,123,7782.46685683328,-8556,6
1622103310871,1622103310891,20,0,52,4542.19269464506,-727,135
1622103310911,1622103310931,20,0,43,3212.98889313343,-86,300
1622103310991,1622103311051,60,6,337,12336.1368095545,-17192,35
1622103311141,1622103311171,30,3,757,7312.02517220239,-58665,177
1622103311181,1622103311201,20,1,230,21291.1171374723,-14961,236
1622103311221,1622103311291,70,1,116,6388.37197155751,-8163,79
1622103311301,1622103311331,30,1,135,7106.66015225426,-638,159
1622103311341,1622103311451,110,1,359,33038.6475808314,-19292,251
1622103311471,1622103311491,20,0,53,2428.02327596256,-485,151
1622103311561,1622103311631,70,0,286,22631.2075717353,-23421,191
1622103311750,1622103311770,20,1,174,8992.16909575317,-1,227
1622103311830,1622103311870,40,0,116,4771.34054779288,-7127,75
1622103311910,1622103311970,60,4,388,32545.5980118521,-13382,297
1622103311980,1622103312000,20,0,77,2508.17198955653,-1,293
1622103312180,1622103312200,20,0,83,-1.0,-2980,213
1622103312220,1622103312270,50,1,41,2749.21488683233,-941,122
1622103312290,1622103312350,60,4,119,4921.829343941,-1480,150
1622103312470,1622103312480,10,-1,895,-1.0,-1,-1
1622103312570,1622103312650,80,14,353,7764.63968678745,-12326,189
1622103312710,1622103312720,10,-1,93,-1.0,-1,-1
1622103312840,1622103312900,60,4,151,6020.75446910711,-6934,171
1622103313060,1622103313070,10,-1,76,5560.2279922604,-1,-1
1622103313130,1622103313140,10,-1,71,-1.0,-1,-1
1622103313589,1622103313599,10,-1,77,5947.52295369528,-1,-1
1622103313679,1622103313699,20,0,90,-1.0,-5176,84
1622103313709,1622103313749,40,0,151,11807.691621993,-1639,154
1622103313869,1622103313899,30,9,753,-1.0,-32134,276
1622103313909,1622103313929,20,0,76,5769.714802755,-2804,70
1622103313949,1622103314029,80,8,400,22395.0601619093,-17910,152
1622103314109,1622103314269,160,34,1005,72509.428246897,-36826,84
1622103314279,1622103314329,50,4,222,21358.3176666888,-8950,184
1622103314409,1622103314419,10,-1,716,-1.0,-1,-1
1622103314499,1622103314529,30,3,163,310.587417401223,-1,223
1622103314679,1622103314889,210,35,788,28103.3387572997,-33229,208
1622103314899,1622103314978,79,21,681,20955.355714102,-24102,52
1622103315108,1622103315118,10,-1,40,-1.0,-1,-1
1622103315128,1622103315158,30,1,67,3528.64632661388,-2101,34
1622103315178,1622103315188,10,-1,30,119.806836251724,-1,-1
1622103315198,1622103315298,100,22,530,19331.4989333706,-18127,230
1622103315378,1622103315508,130,12,953,43159.4029364912,-9118,37
1622103315638,1622103315828,190,22,2008,53290.7246510239,-102314,12
1622103315838,1622103315868,30,4,334,21328.7757505349,-1307,231
1622103315928,1622103315938,10,-1,50,-1.0,-1,-1
1622103315988,1622103316018,30,1,67,2598.51932206276,-1,14
1622103316408,1622103316428,20,0,156,-1.0,-10947,222
1622103316597,1622103316637,40,3,343,20246.6068777383,-1,356
1622103316697,1622103316707,10,-1,52,-1.0,-1,-1
1622103316977,1622103316997,20,1,143,-1.0,-6424,191
1622103317057,1622103317197,140,11,451,24518.844739208,-25736,14
1622103317277,1622103317377,100,17,880,44078.5019654751,-12384,137
1622103317437,1622103317477,40,26,2200,179910.11297146,-142811,120
1622103317567,1622103317617,50,13,911,40938.8879968147,-1,210
1622103317687,1622103317927,240,52,1754,153367.138857949,-128856,336
1622103318186,1622103318306,119,25,565,5783.50300365614,-15400,68
1622103318436,1622103318456,20,2,730,-1.0,-57178,287
1622103318466,1622103318476,10,-1,30,124.519122234584,-1,-1
1622103318556,1622103318606,50,5,174,7459.76472995469,-6426,301
1622103318626,1622103318786,160,6,365,31040.8313777945,-21639,134
1622103318846,1622103318866,20,0,51,-1.0,-222,273
1622103318876,1622103318886,10,-1,47,3614.0650520564,-1,-1
1622103318896,1622103319026,130,22,1001,72801.2508167733,-35031,94
1622103319176,1622103319186,10,-1,43,2944.8952368879,-1,-1
1622103319246,1622103319286,40,1,45,1778.23231462603,-5,11
1622103319406,1622103319426,20,0,37,1439.52866773718,-494,168
1622103319476,1622103319516,40,3,144,5724.46221154632,-5844,238
1622103319536,1622103319566,30,1,86,3861.22055306228,-5036,235
1622103319596,1622103319616,20,0,55,2261.01285948603,-1,228
1622103319726,1622103319785,59,1,45,1991.13352332044,-1010,247
1622103319895,1622103319915,20,1,382,31615.4325769348,-1,53
1622103319975,1622103320025,50,4,208,5177.33952214859,-13218,63
1622103320035,1622103320175,140,7,466,42936.8646542566,-15779,218
1622103320255,1622103320275,20,0,110,-1.0,-6822,211
1622103320295,1622103320305,10,-1,42,1387.54187918535,-1,-1
1622103320325,1622103320415,90,3,61,967.654582978537,-1543,214
1622103320435,1622103320455,20,0,32,1235.58039981677,-1,206
1622103320465,1622103320485,20,1,132,6129.10752194807,-1,237
1622103320685,1622103320725,40,4,189,11480.8010829741,-11071,104
1622103320995,1622103321035,40,2,139,5544.87712534517,-1,274
1622103321195,1622103321275,80,14,364,11474.5971941139,-18052,191
1622103321444,1622103321464,20,0,98,6628.03493675622,-1,216
1622103321544,1622103321564,20,2,314,-1.0,-18214,10
1622103321804,1622103321834,30,2,137,1276.71281968036,-6952,92
1622103322084,1622103322104,20,0,33,546.965420871888,-1,293
1622103322374,1622103322394,20,0,62,-1.0,-2879,78
1622103322544,1622103322574,30,4,223,11144.8228086172,-10744,263
1622103322854,1622103322934,80,4,96,4859.22096672846,-3048,92
1622103323043,1622103323053,10,-1,1364,-1.0,-1,-1
1622103323213,1622103323243,30,1,548,-1.0,-49119,264
1622103323283,1622103323303,20,0,49,4113.21782026856,-1813,258
1622103323543,1622103323583,40,4,168,9507.94907435212,-5205,269
1622103323663,1622103323673,10,-1,51,-1.0,-1,-1
1622103323863,1622103323943,80,26,459,26146.1342964192,-7321,210
1622103324073,1622103324143,70,6,934,13266.9671636855,-83617,208
1622103324153,1622103324223,70,4,333,17419.2141866894,-13514,86
1622103324233,1622103324243,10,-1,42,3566.95920151934,-1,-1
1622103324323,1622103324343,20,0,78,-1.0,-2440,29
1622103324363,1622103324403,40,9,364,23056.7256342158,-12882,232
1622103324463,1622103324523,60,5,332,13053.9216411458,-25455,37
1622103324543,1622103324553,10,-1,43,1919.13900444932,-1,-1
1622103324563,1622103324742,179,17,542,30027.2215517929,-26670,40
1622103324752,1622103324762,10,-1,31,2385.55804370973,-1,-1
1622103324802,1622103324812,10,-1,32,1665.27117488871,-1,-1
1622103325012,1622103325042,30,1,71,3466.55362860844,-3203,67
1622103325292,1622103325402,110,23,1091,85402.066690101,-46645,30
1622103325412,1622103325422,10,-1,39,1933.12879032912,-1,-1
1622103325602,1622103325662,60,11,323,14186.3286819314,-11932,215
1622103325692,1622103325702,10,-1,31,1351.38843032029,-1,-1
1622103325762,1622103325822,60,9,324,8549.30750678137,-55,137
1622103325892,1622103325912,20,2,251,-1.0,-32,273
1622103325992,1622103326042,50,3,231,18466.7256871645,-16135,260
1622103326261,1622103326281,19,1,88,-1.0,-4683,106
1622103326381,1622103326401,20,0,35,2783.03898825442,-1,108
1622103326441,1622103326501,60,1,103,7839.23618596113,-3949,339
1622103326701,1622103326721,20,0,63,4836.6189165197,-1,263
1622103327021,1622103327041,20,1,175,8474.55179840455,-1,75
1622103327151,1622103327171,20,4,392,-1.0,-19365,110
1622103327201,1622103327301,100,4,392,26891.635281786,-20128,180
1622103327361,1622103327461,100,2,166,5754.62585332724,-12373,127
1622103327521,1622103327551,30,3,154,10262.9587453033,-10577,165
1622103327581,1622103327601,20,0,43,1295.02323183553,-1,234
1622103327701,1622103327731,30,7,579,28930.7757661208,-1,342
1622103327791,1622103327831,40,4,309,1901.87946555386,-15839,55
1622103327841,1622103327850,9,-1,31,1193.7578099273,-1,-1
1622103327900,1622103327960,60,24,577,24576.237411566,-28918,196
1622103328230,1622103328240,10,-1,32,727.19570472113,-1,-1
1622103328250,1622103328350,100,32,945,41204.4297872538,-33302,214
1622103328360,1622103328510,150,6,355,9965.19144454967,-27086,351
1622103328530,1622103328550,20,1,174,8821.87283097271,-1,62
1622103328630,1622103328650,20,0,88,-1.0,-5266,55
1622103328670,1622103328680,10,-1,30,347.213334856295,-1,-1
1622103329040,1622103329050,10,-1,30,-1.0,-1,-1
1622103329320,1622103329380,60,4,124,7979.63454534155,-5373,171
1622103329440,1622103329450,10,-1,32,-1.0,-1,-1
1622103329529,1622103329539,10,-1,44,1482.04955044254,-1,-1
1622103329759,1622103329769,10,-1,97,-1.0,-1,-1
1622103329789,1622103329819,30,1,76,3017.39085954519,-3386,286
1622103329849,1622103329899,50,3,182,9331.00384624252,-10486,90
1622103330089,1622103330099,10,-1,69,-1.0,-1,-1
1622103330119,1622103330209,90,2,102,6097.4048245898,-7134,142
1622103330219,1622103330309,90,10,424,21417.5712432246,-16795,150
1622103330319,1622103330359,40,3,135,9583.8528313545,-7121,223
1622103330459,1622103330479,20,2,178,-1.0,-10677,37
1622103330489,1622103330499,10,-1,105,8230.67667190514,-1,-1
1622103330509,1622103330539,30,2,153,12565.2231922506,-7721,231
1622103330549,1622103330599,50,2,215,17818.2391532034,-9187,59
1622103330609,1622103330689,80,11,309,14387.7633367627,-12391,235
1622103330709,1622103330719,10,-1,42,2167.66095913526,-1,-1
1622103330779,1622103330789,10,-1,31,-1.0,-1,-1
1622103330849,1622103330889,40,5,178,9040.00495711422,-9260,147
1622103330909,1622103330919,10,-1,55,2695.2741980076,-1,-1
1622103330959,1622103330969,10,-1,38,1735.55355531127,-1,-1
1622103331059,1622103331188,129,20,420,17278.0931331147,-24557,5
1622103331198,1622103331208,10,-1,81,6735.08997955175,-1,-1
1622103331228,1622103331248,20,0,49,2287.97700963972,-7,283
1622103331328,1622103331338,10,-1,32,-1.0,-1,-1
1622103331668,1622103331758,90,20,295,15217.77413801,-13640,194
1622103331768,1622103331788,20,0,51,2398.55880074151,-1416,116
1622103331888,1622103331898,10,-1,34,1207.15280285816,-1,-1
1622103331948,1622103331968,20,1,184,11665.1511883388,-1,356
1622103332028,1622103332038,10,-1,1771,-1.0,-1,-1
1622103332168,1622103332228,60,18,718,50445.3337582416,-30301,355
1622103332628,1622103332777,149,2,576,50753.3819902406,-10084,229
1622103332837,1622103332877,40,10,534,-1.0,-22400,50
1622103332887,1622103332947,60,0,364,32425.4498923286,-17896,122
1622103333007,1622103333047,40,1,229,16.0403267432542,-13685,157
1622103333157,1622103333217,60,2,323,18158.585476295,-14897,285
1622103333347,1622103333367,20,0,59,2780.57101508782,-1,270
1622103333467,1622103333497,30,1,72,3742.88821110424,-857,45
1622103333757,1622103333797,40,2,73,4996.15334542035,-2010,174
1622103333877,1622103333887,10,-1,34,-1.0,-1,-1
1622103333917,1622103333937,20,0,120,8923.14142860464,-1,278
1622103334187,1622103334217,30,0,175,13896.9482693355,-703,347
1622103334297,1622103334317,20,0,150,-1.0,-11699,73
1622103334596,1622103334726,130,31,671,17323.3775092384,-24626,197
1622103334876,1622103334966,90,10,803,3076.17938795331,-45579,245
1622103334986,1622103335086,100,3,423,25467.0416728929,-18244,77
1622103335146,1622103335366,220,3,672,46443.2386928766,-56232,350
1622103335426,1622103335436,10,-1,214,-1.0,-1,-1
1622103335586,1622103335646,60,8,368,21031.3345278087,-24595,139
1622103335706,1622103335916,210,21,537,33263.0533602728,-45443,54
1622103335975,1622103335985,10,-1,48,-1.0,-1,-1
1622103336315,1622103336345,30,8,495,24539.165025632,-1,54
1622103336425,1622103336435,10,-1,64,-1.0,-1,-1
1622103336445,1622103336455,10,-1,44,2825.91824320178,-1,-1
1622103336545,1622103336605,60,9,253,12197.7952600878,-13210,15
1622103336735,1622103336755,20,0,47,3990.52142187821,-973,265
1622103336835,1622103336895,60,20,728,28203.4056452473,-10765,214
1622103336975,1622103337035,60,4,149,4729.52842633257,-10157,231
1622103337045,1622103337135,90,0,289,15553.7355176034,-19092,0
1622103337155,1622103337165,10,-1,30,1551.20263364308,-1,-1
1622103337175,1622103337195,20,0,52,3996.46209982619,-1474,323
1622103337405,1622103337485,80,21,1152,91091.1984668339,-70640,150
1622103337545,1622103337594,49,6,238,4877.09629045536,-16764,286
1622103337654,1622103337704,50,7,406,17960.2993729261,-31502,103
1622103337734,1622103337744,10,-1,489,46280.2761362828,-1,-1
1622103337804,1622103337854,50,6,440,22310.2588277122,-28690,99
1622103337874,1622103338004,130,34,998,45767.0264166406,-65574,76
1622103338254,1622103338264,10,-1,43,1881.51641173365,-1,-1
1622103338514,1622103338574,60,8,153,3434.87208756475,-4470,38
1622103338584,1622103338604,20,0,58,4621.51548833054,-2555,255
1622103338714,1622103338724,10,-1,950,93416.8456836687,-1,-1
1622103338794,1622103338884,90,1,794,9620.87740327252,-59781,98
1622103338944,1622103339034,90,13,1205,75879.1440529056,-11540,34
1622103339114,1622103339183,69,8,528,21925.4874079549,-24344,186
1622103339243,1622103339273,30,3,143,530.866109871079,-9819,53
1622103339293,1622103339313,20,0,30,543.326138365649,-1,15
1622103339593,1622103339623,30,4,202,16022.1098525515,-12427,233
1622103339703,1622103339723,20,0,68,3425.55118711561,-1,263
1622103339833,1622103339893,60,14,367,17970.6628704292,-16360,9
1622103340163,1622103340203,40,1,38,1340.75770085645,-187,204
1622103340233,1622103340283,50,0,304,20536.5172866618,-26,23
1622103340343,1622103340553,210,11,575,24151.6287221454,-26151,75
1622103340663,1622103340703,40,2,461,17458.754963732,-30149,225
1622103340713,1622103340832,119,1,364,22583.0017402118,-16358,245
1622103340922,1622103340992,70,3,403,4274.09744077936,-36194,205
1622103341222,1622103341242,20,0,80,-1.0,-3706,51
1622103341392,1622103341442,50,6,183,9659.62275634537,-6238,250
1622103341652,1622103341692,40,4,143,8329.04208979692,-6998,124
1622103341892,1622103341932,40,1,74,5071.43765935138,-2697,28
1622103342162,1622103342182,20,1,171,10954.7919886599,-1,206
1622103342242,1622103342272,30,3,296,-1.0,-13842,214
1622103342541,1622103342581,40,8,454,-1.0,-14816,359
1622103342631,1622103342651,20,0,149,11065.8471119601,-1,86
1622103342711,1622103342721,10,-1,78,-1.0,-1,-1
1622103342731,1622103342781,50,6,190,10243.7940834886,-738,243
1622103342841,1622103342851,10,-1,68,-1.0,-1,-1
1622103342971,1622103343011,40,4,193,9093.03539974728,-11252,344
1622103343211,1622103343271,60,7,284,13129.3250509776,-11848,110
1622103343521,1622103343571,50,3,92,-1.0,-2859,73
1622103343901,1622103343971,70,4,68,3273.12694427238,-2670,270
1622103344220,1622103344240,20,1,178,-1.0,-8658,10
1622103344430,1622103344480,50,10,343,18412.8380794955,-18107,162
1622103344500,1622103344520,20,1,106,6561.4652013461,-1,197
1622103344930,1622103344960,30,1,230,-1.0,-13764,276
1622103345000,1622103345020,20,0,85,3731.57028690016,-1,262
1622103345120,1622103345130,10,-1,53,3288.45758016119,-1,-1
1622103345350,1622103345390,40,3,117,6993.32828988575,-6268,260
1622103345610,1622103345659,49,14,582,24971.5335940222,-27929,177
1622103345689,1622103345699,10,-1,30,1582.130257637,-1,-1
1622103345919,1622103345949,30,6,340,17234.0353385832,-1,1
1622103346009,1622103346029,20,0,102,-1.0,-6160,4
1622103346229,1622103346279,50,3,121,7318.17812121207,-3636,105
1622103346479,1622103346499,20,0,112,7480.7329030224,-1,287
1622103346579,1622103346599,20,2,382,-1.0,-17169,112
1622103346729,1622103346799,70,5,386,990.118881602513,-22882,297
1622103346999,1622103347049,50,6,200,9588.60452294985,-10443,0
1622103347229,1622103347288,59,5,212,15732.1449194472,-15364,157
1622103347568,1622103347598,30,1,69,3486.33522279292,-8,72
1622103347678,1622103347698,20,0,61,-1.0,-1031,245
1622103347838,1622103347878,40,1,65,4351.01449221474,-457,112
1622103347938,1622103347968,30,0,42,-1.0,-1040,295
1622103347978,1622103347988,10,-1,34,2190.3128930992,-1,-1
1622103348198,1622103348228,30,3,159,7567.11294722627,-8366,350
1622103348508,1622103348538,30,3,198,-1.0,-10756,122
1622103348708,1622103348748,40,4,255,15244.2335816976,-10871,281
1622103348808,1622103348828,20,0,87,-1.0,-5203,263
1622103348957,1622103348977,20,1,184,-1.0,-11508,94
1622103349257,1622103349277,20,0,99,-1.0,-5610,251
1622103349437,1622103349467,30,5,264,13261.6316203981,-1,189
1622103349607,1622103349657,50,1,58,1688.78087056291,-742,66
1622103349727,1622103349747,20,2,397,26070.8278309241,-1,0
1622103349807,1622103349827,20,0,51,-1.0,-941,7
1622103349847,1622103349877,30,20,900,44128.5355503438,-10434,13
1622103349997,1622103350147,150,16,261,17368.3002239351,-9485,246
1622103350157,1622103350167,10,-1,31,481.486156035752,-1,-1
1622103350277,1622103350317,40,3,132,7237.12142908518,-6366,73
1622103350546,1622103350586,40,1,37,1248.43341242443,-78,248
1622103350606,1622103350616,10,-1,35,1053.16781765287,-1,-1
1622103350656,1622103350696,40,2,90,5712.88113020614,-2447,276
1622103350776,1622103350796,20,0,45,4152.98186993861,-5,280
1622103350896,1622103350966,70,6,173,5437.2636639494,-10056,330
1622103350996,1622103351016,20,0,108,6574.70659684731,-1,141
1622103351096,1622103351106,10,-1,58,-1.0,-1,-1
1622103351156,1622103351226,70,9,261,6883.17647994419,-14048,176
1622103351286,1622103351296,10,-1,31,1677.3825093555,-1,-1
1622103351506,1622103351576,70,8,251,14663.4492591888,-8140,322
1622103351696,1622103351716,20,2,337,23894.7862681433,-1,235
1622103351796,1622103351816,20,1,300,-1.0,-21785,111
1622103351966,1622103352006,40,10,354,15990.0585816028,-1083,330
1622103352135,1622103352215,80,24,990,50733.3802142872,-59551,297
1622103352385,1622103352405,20,0,66,-1.0,-2769,171
1622103352455,1622103352495,40,21,876,62220.0193223925,-55619,325
1622103352635,1622103352645,10,-1,399,-1.0,-1,-1
1622103352705,1622103352785,80,14,523,3659.80525006099,-29818,129
1622103352795,1622103352905,110,4,132,6994.36087171456,-2844,331
1622103352915,1622103352955,40,1,54,1148.66224179975,-1,281
1622103352965,1622103352985,20,0,32,1268.40924742854,-3,42
1622103353015,1622103353065,50,1,80,4176.69159241536,-4183,289
1622103353095,1622103353115,20,0,38,1788.09084977234,-648,277
1622103353175,1622103353195,20,0,38,954.020717409493,-108,257
1622103353215,1622103353235,20,0,116,6540.4681758441,-1,276
1622103353295,1622103353325,30,1,80,2825.13278731968,-4902,264
1622103353705,1622103353724,19,1,165,-1.0,-9668,9
1622103353884,1622103353924,40,5,195,11240.8861395603,-11875,206
1622103353994,1622103354024,30,0,60,-1.0,-2379,45
1622103354144,1622103354154,10,-1,35,-1.0,-1,-1
1622103354214,1622103354244,30,1,68,3535.82131952427,-7,25
1622103354304,1622103354314,10,-1,36,-1.0,-1,-1
1622103354474,1622103354564,90,4,110,5762.4796090951,-7355,265
1622103354694,1622103354714,20,0,58,3435.97571395582,-1620,28
1622103354744,1622103354754,10,-1,30,645.135640446421,-1,-1
1622103354844,1622103354854,10,-1,36,1771.14896311617,-1,-1
1622103354954,1622103355004,50,8,722,-1.0,-42490,263
1622103355014,1622103355044,30,1,56,3717.3250699154,-632,74
1622103355104,1622103355154,50,1,68,2137.69361127464,-2823,56
1622103355184,1622103355194,10,-1,30,868.21173625616,-1,-1
1622103355304,1622103355323,19,0,52,2353.75291376162,-1,63
1622103355403,1622103355473,70,7,630,23924.0718920414,-37505,10
1622103355553,1622103355613,60,3,261,17060.2488913054,-126,265
1622103355693,1622103355763,70,10,1736,144830.571868414,-127416,164
1622103355823,1622103355843,20,0,199,-1.0,-16721,213
1622103355993,1622103356003,10,-1,98,-1.0,-1,-1
1622103356013,1622103356043,30,12,850,34923.9359383088,-1,81
1622103356313,1622103356363,50,6,265,8259.26226644368,-11569,300
1622103356443,1622103356523,80,4,434,28135.238122949,-35756,72
1622103356623,1622103356653,30,7,459,9817.03392453601,-1,338
1622103356663,1622103356683,20,1,171,14737.2676770952,-1589,325
1622103356763,1622103356773,10,-1,35,-1.0,-1,-1
1622103356803,1622103356813,10,-1,59,3403.38194355513,-1,-1
1622103356883,1622103356903,20,1,88,6377.06834573349,-1,327
1622103356912,1622103356922,9,-1,54,3020.85910287669,-1,-1
1622103356932,1622103356952,20,0,41,2498.6856957152,-1,281
1622103357042,1622103357102,60,1,110,7980.04565132105,-1726,136
1622103357172,1622103357232,60,0,152,8564.6434345761,-2812,167
1622103357292,1622103357302,10,-1,129,-1.0,-1,-1
1622103357312,1622103357342,30,4,339,22501.7229076431,-358,333
1622103357412,1622103357472,60,22,518,1819.94889722318,-13894,1
1622103357582,1622103357632,50,7,815,16349.4844657909,-64994,209
1622103357692,1622103357702,10,-1,676,-1.0,-1,-1
1622103357842,1622103357912,70,16,589,36523.7436022855,-9790,273
1622103357972,1622103358042,70,3,676,1401.7727445392,-44600,131
1622103358052,1622103358132,80,6,234,11864.825603603,-13757,255
1622103358192,1622103358242,50,21,732,2812.14651573566,-37700,122
1622103358252,1622103358262,10,-1,38,1949.18952796431,-1,-1
1622103358342,1622103358382,40,1,81,2566.32191951064,-1,292
1622103358442,1622103358452,10,-1,35,-1.0,-1,-1
1622103358522,1622103358532,10,-1,64,3527.77715572566,-1,-1
1622103358661,1622103358751,90,9,459,5578.60709585724,-20382,320
1622103358811,1622103358871,60,2,65,63.3261947626764,-2041,71
1622103358941,1622103358971,30,4,356,-1.0,-15825,317
1622103359011,1622103359031,20,1,191,12775.9958469353,-1,123
1622103359091,1622103359101,10,-1,74,-1.0,-1,-1
1622103359121,1622103359141,20,0,59,3093.21823956609,-2232,274
1622103359311,1622103359381,70,8,193,12358.3471674626,-5524,182
1622103359641,1622103359691,50,8,313,15239.346288138,-14856,27
1622103359951,1622103360001,50,10,296,16586.5724662269,-2021,186
1622103360210,1622103360260,50,14,537,21722.3345152329,-21254,350
1622103360270,1622103360290,20,2,153,13510.8805501683,-5009,209
1622103360310,1622103360320,10,-1,33,747.802063129914,-1,-1
1622103360360,1622103360390,30,1,56,2143.43744665056,-367,43
1622103360520,1622103360570,50,5,217,13152.2740277622,-9264,327
1622103360770,1622103360810,40,7,375,-1.0,-14169,183
1622103361060,1622103361120,60,8,282,15514.6333539739,-15477,29
1622103361260,1622103361280,20,0,59,1630.01506126495,-1,79
1622103361400,1622103361460,60,3,205,17412.64630685,-12921,77
1622103361470,1622103361490,20,0,146,14247.6124189314,-11577,249
1622103361520,1622103361560,40,1,38,1856.5467576225,-425,182
1622103361650,1622103361700,50,3,94,3514.44432415394,-457,354
1622103361869,1622103361949,80,17,582,24459.7352608002,-27632,251
1622103361969,1622103361999,30,1,91,3951.97040618603,-1,282
1622103362289,1622103362339,50,2,57,1857.74101259572,-1001,105
1622103362549,1622103362569,20,1,138,5763.14599715883,-1,280
1622103362779,1622103362829,50,12,396,11158.386314163,-3077,207
1622103362899,1622103362909,10,-1,984,-1.0,-1,-1
1622103363099,1622103363119,20,4,1438,101503.35790737,-1,51
1622103363199,1622103363239,40,10,918,23957.5782059527,-65668,26
1622103363828,1622103363898,70,6,646,39649.4141576316,-44535,212
1622103364158,1622103364188,30,1,67,3186.62780590568,-3121,226
1622103364408,1622103364608,200,41,987,88088.5721454587,-71399,132
1622103364618,1622103364848,230,14,163,9141.4684608863,-8728,292
1622103364888,1622103364948,60,4,151,6280.80139799647,-6308,293
1622103365317,1622103365347,30,2,116,7293.90085110981,-5850,88
1622103365477,1622103365497,20,1,153,9576.79178682192,-1,275
1622103365557,1622103365567,10,-1,69,-1.0,-1,-1
1622103365867,1622103365907,40,5,235,11482.6655996467,-10634,68
1622103366377,1622103366407,30,1,88,4626.87779933108,-4450,171
1622103366577,1622103366626,49,5,157,6776.90848558202,-7618,259
1622103366836,1622103366886,50,1,60,2554.32261715755,-458,77
1622103367026,1622103367076,50,4,133,7954.56610124241,-1798,313
1622103367156,1622103367166,10,-1,67,-1.0,-1,-1
1622103367266,1622103367316,50,6,196,8325.56427894196,-10669,185
1622103367596,1622103367616,20,1,75,5035.98965590756,-1,82
1622103367896,1622103367916,20,1,184,10548.038646217,-1,238
1622103367996,1622103368016,20,2,283,-1.0,-17064,27
1622103368295,1622103368345,50,7,228,9687.6497466018,-7162,193
1622103368485,1622103368555,70,8,286,15183.1519783591,-12523,21
1622103368755,1622103368765,10,-1,50,3243.21441476717,-1,-1
1622103368825,1622103368855,30,3,262,-1.0,-11643,185
1622103369125,1622103369135,10,-1,46,-1.0,-1,-1
1622103369295,1622103369315,20,0,98,6217.01861154988,-1,270
1622103369395,1622103369405,10,-1,70,-1.0,-1,-1
1622103369515,1622103369545,30,3,160,7879.57624123567,-8148,312
1622103369834,1622103369874,40,5,189,8587.08089123225,-10019,270
1622103370104,1622103370144,40,5,224,13425.9219737253,-12538,71
1622103370464,1622103370504,40,2,100,5683.47303928937,-4403,313
1622103370784,1622103370824,40,5,203,13155.8778093314,-11287,240
1622103371054,1622103371104,50,8,297,11778.3776022611,-15039,104
1622103371194,1622103371284,90,4,537,34063.8131070733,-1364,79
1622103371443,1622103371543,100,6,367,13263.7374261072,-22910,297
1622103371623,1622103371763,140,8,171,4035.38498965431,-7616,314
1622103371773,1622103371783,10,-1,36,2502.80608800547,-1,-1
1622103371793,1622103371813,20,0,88,5777.71936015018,-1,221
1622103371873,1622103371903,30,2,288,14674.9537512415,-1,99
1622103372033,1622103372093,60,7,478,16635.1253383159,-27102,297
1622103372153,1622103372183,30,7,343,21634.3978663223,-1,186
1622103372193,1622103372213,20,0,172,15099.8657854753,-14054,187
1622103372233,1622103372243,10,-1,63,3841.81084091204,-1,-1
1622103372303,1622103372323,20,0,32,147.503080632157,-1,289
1622103372373,1622103372383,10,-1,71,5380.54510194801,-1,-1
1622103372443,1622103372453,10,-1,55,-1.0,-1,-1
1622103372463,1622103372503,40,3,151,7293.46059926963,-7153,41
1622103372743,1622103372753,10,-1,42,1980.74284022762,-1,-1
1622103372783,1622103372803,20,0,92,5817.37013674251,-1,246
1622103372863,1622103372903,40,2,118,5286.69827915916,-6951,169
1622103372993,1622103373142,149,4,180,13039.3258274554,-12017,81
1622103373222,1622103373232,10,-1,35,1332.05121878144,-1,-1
1622103373462,1622103373492,30,1,75,4050.62005699555,-1871,345
1622103373692,1622103373732,40,2,118,6682.58794177833,-5621,278
1622103373942,1622103373952,10,-1,39,2030.88372414192,-1,-1
1622103374012,1622103374032,20,1,112,-1.0,-5092,136
1622103374282,1622103374322,40,1,93,4997.34415130328,-5349,26
1622103374332,1622103374382,50,3,113,4039.54845602478,-1344,22
1622103374392,1622103374502,110,5,119,4422.59057192906,-3905,301
1622103374562,1622103374622,60,20,1214,49881.74772405,-11965,130
1622103374731,1622103374751,20,2,172,-1.0,-430,163
1622103374841,1622103374921,80,4,360,11946.1592385259,-28775,316
1622103374991,1622103375011,20,0,101,2201.09722198986,-1,81
1622103375021,1622103375061,40,0,124,10463.513894,-8742,333
1622103375161,1622103375181,20,1,85,3645.44478512524,-1,287
1622103375191,1622103375211,20,0,41,1485.42966659245,-1,223
1622103375221,1622103375441,220,13,242,18508.4384431271,-15104,171
1622103375521,1622103375651,130,8,375,24394.1401170605,-24504,18
1622103375701,1622103375751,50,7,275,17341.9251970194,-15159,254
1622103375811,1622103375831,20,1,203,-1.0,-14307,131
1622103375951,1622103376001,50,0,89,5521.68895997786,-4115,330
1622103376011,1622103376031,20,0,102,6712.05662806574,-1,125
1622103376091,1622103376300,209,7,424,28057.4976191795,-31274,63
1622103376370,1622103376530,160,20,721,22726.8364635673,-26578,258
1622103376660,1622103376840,180,13,180,3598.13098130241,-8252,154
1622103376860,1622103376870,10,-1,30,696.297131346657,-1,-1
1622103376980,1622103376990,10,-1,31,946.078739697148,-1,-1
1622103377070,1622103377100,30,0,48,1752.95124986377,-1188,302
1622103377710,1622103377730,20,0,153,11403.8131581683,-1,122
1622103377790,1622103377800,10,-1,58,-1.0,-1,-1
1622103377890,1622103377919,29,2,136,7931.08379155162,-6168,301
1622103378189,1622103378199,10,-1,30,1710.97762254826,-1,-1
1622103378219,1622103378229,10,-1,67,4646.02757352063,-1,-1
1622103378289,1622103378359,70,3,193,8579.67212988435,-36,359
1622103378469,1622103378519,50,14,482,8875.5581797327,-16566,294
1622103378709,1622103378789,80,4,278,13450.184039913,-20707,322
1622103378859,1622103378949,90,6,311,17465.3026627322,-6237,297
1622103379009,1622103379079,70,5,495,17452.0818093372,-32013,310
1622103379139,1622103379179,40,1,82,3920.64316926419,-2854,125
1622103379189,1622103379209,20,2,653,50884.8067650503,-1,161
1622103379319,1622103379508,189,13,1317,22003.0238712322,-46742,302
1622103379588,1622103379618,30,1,80,705.819825027804,-1,178
1622103379628,1622103379828,200,14,117,6131.0006633021,-3205,134
1622103379848,1622103379948,100,4,65,1523.84831703179,-2742,128
1622103379998,1622103380018,20,0,34,902.38223608231,-202,108
1622103380038,1622103380048,10,-1,71,4344.44070659714,-1,-1
1622103380058,1622103380068,10,-1,118,10894.3375941855,-1,-1
1622103380128,1622103380158,30,2,117,5046.87413800194,-2257,93
1622103380178,1622103380248,70,2,100,5770.26904092843,-5838,75
1622103380258,1622103380268,10,-1,42,1664.94465241578,-1,-1
1622103380278,1622103380308,30,5,266,13296.5877918261,-15901,279
1622103380388,1622103380398,10,-1,41,2373.43960010893,-1,-1
1622103380698,1622103380718,20,0,30,714.452658370604,-8,9
1622103380728,1622103380768,40,1,66,5609.77527384589,-3602,198
1622103380828,1622103380838,10,-1,53,-1.0,-1,-1
1622103380908,1622103380918,10,-1,51,3732.06285177688,-1,-1
1622103380978,1622103380988,10,-1,48,-1.0,-1,-1
1622103381028,1622103381068,40,3,128,6695.43478186274,-1746,354
1622103381127,1622103381137,9,-1,39,-1.0,-1,-1
1622103381537,1622103381577,40,4,162,2598.37552018289,-8125,185
1622103381847,1622103381877,30,3,152,7444.86949720566,-1476,342
1622103382297,1622103382337,40,4,201,11023.5494299331,-9161,176
1622103382427,1622103382447,20,0,50,2678.99631505553,-2,128
1622103382657,1622103382677,20,0,78,-1.0,-4254,4
1622103382966,1622103383006,40,2,118,6269.98402079175,-6351,55
1622103383146,1622103383166,20,0,37,2678.9846182558,-6,84
1622103383326,1622103383366,40,2,120,5826.64914713284,-4461,293
1622103383686,1622103383696,10,-1,81,5431.07085082209,-1,-1
1622103383816,1622103383896,80,3,65,2813.670409207,-1690,49
1622103383926,1622103383966,40,1,79,2616.77276800424,-4152,346
1622103383976,1622103384026,50,2,84,3681.05875983508,-2196,288
1622103384106,1622103384126,20,1,132,-1.0,-6155,284
1622103384236,1622103384316,80,4,174,7493.26724125258,-7838,291
1622103384375,1622103384435,60,1,57,380.663471299845,-2677,166
1622103384555,1622103384565,10,-1,30,2265.94015130135,-1,-1
1622103384585,1622103384595,10,-1,35,1795.23075253497,-1,-1
1622103384795,1622103384865,70,4,131,5905.08485683009,-5289,170
1622103384915,1622103384925,10,-1,31,223.795858606919,-1,-1
1622103385065,1622103385095,30,2,103,4903.25288957235,-3508,337
1622103385265,1622103385315,50,6,197,11744.2715260325,-3482,36
1622103385325,1622103385335,10,-1,61,5069.17917363507,-1,-1
1622103385605,1622103385635,30,3,253,-1.0,-11775,225
1622103386114,1622103386164,50,6,269,14941.8934206156,-12955,23
1622103386194,1622103386214,20,1,224,16187.6344998948,-1,66
1622103386354,1622103386404,50,8,292,13045.1291248021,-15753,207
1622103387244,1622103387284,40,3,151,7683.47400881568,-5423,22
1622103387494,1622103387544,50,4,137,9134.11583990209,-4705,222
1622103387823,1622103387833,10,-1,38,1730.53552078526,-1,-1
1622103387943,1622103387993,50,2,122,6341.00307290949,-6294,31
1622103388013,1622103388033,20,0,32,979.112243291425,-48,290
1622103388053,1622103388063,10,-1,31,1379.58826178608,-1,-1
1622103388163,1622103388183,20,1,151,11232.141489025,-1,78
1622103388303,1622103388373,70,4,181,5911.85689745474,-6616,25
1622103388383,1622103388413,30,1,79,3486.93103466566,-3854,76
1622103388513,1622103388543,30,4,456,23814.3195959462,-1,212
1622103388603,1622103388633,30,2,104,5769.74106831789,-1555,88
1622103388663,1622103388693,30,1,82,4371.32456876144,-2861,82
1622103388753,1622103388783,30,1,85,3885.65561851347,-1,102
1622103388793,1622103388813,20,0,49,3094.08153986817,-1,288
1622103388873,1622103388883,10,-1,85,-1.0,-1,-1
1622103388963,1622103389023,60,4,135,5690.87583328241,-7015,152
1622103389302,1622103389352,50,5,183,6501.7320769802,-7512,3
1622103389682,1622103389732,50,3,143,7060.01596381432,-5325,199
1622103389832,1622103389842,10,-1,33,1860.09255902845,-1,-1
1622103389972,1622103389992,20,0,37,1864.97694908384,-602,57
1622103390032,1622103390062,30,2,105,6508.23605721029,-3962,342
1622103390342,1622103390382,40,3,131,7816.49998293055,-7324,170
1622103390732,1622103390762,30,2,125,6487.14848781841,-40,253
1622103390951,1622103391001,50,7,266,14492.690068624,-12340,89
1622103391461,1622103391501,40,1,57,1110.76292455057,-1,353
1622103391611,1622103391661,50,5,180,6472.23845830498,-10815,171
1622103391671,1622103391681,10,-1,53,3363.26725779276,-1,-1
1622103391741,1622103391761,20,0,35,2.56571053826562,-1,73
1622103391951,1622103392031,80,4,108,6905.05902779226,-2757,352
1622103392231,1622103392281,50,2,97,6759.99270786026,-4342,57
1622103392371,1622103392381,10,-1,34,2179.80101775073,-1,-1
1622103392440,1622103392490,50,3,107,1969.48180606011,-4737,23
1622103392620,1622103392650,30,1,81,4075.89865760072,-1,242
1622103392710,1622103392740,30,2,202,-1.0,-8429,204
1622103393010,1622103393040,30,2,119,7704.18209425152,-6924,183
1622103393340,1622103393380,40,1,69,4742.29189771847,-2028,333
1622103393690,1622103393700,10,-1,38,1687.59458347048,-1,-1
1622103394159,1622103394189,30,2,100,5331.17298118229,-1639,250
1622103394249,1622103394259,10,-1,34,2710.57962961333,-1,-1
1622103394379,1622103394399,20,0,116,7114.92223555767,-1,139
1622103394669,1622103394679,10,-1,104,7949.30739881294,-1,-1
1622103395019,1622103395049,30,2,140,2332.04849584719,-38,59
1622103395059,1622103395069,10,-1,67,5446.06593834867,-1,-1
1622103395089,1622103395099,10,-1,75,5793.00926007,-1,-1
1622103395159,1622103395169,10,-1,40,-1.0,-1,-1
1622103395189,1622103395229,40,3,129,7052.92130826141,-4535,356
1622103395389,1622103395399,10,-1,95,6999.27850173099,-1,-1
1622103395459,1622103395529,70,5,188,9980.63617258274,-8098,226
1622103395708,1622103395758,50,2,72,2345.1253685882,-4095,345
1622103396048,1622103396098,50,3,124,8344.809610628,-3167,17
1622103396178,1622103396198,20,0,90,-1.0,-4290,98
1622103396348,1622103396368,20,3,377,19109.9292580121,-1,246
1622103396428,1622103396468,40,1,107,4463.49680789329,-3477,133
1622103396558,1622103396578,20,4,672,27499.2681281123,-1,78
1622103396648,1622103396738,90,18,421,24224.3224112074,-13933,271
1622103396758,1622103396778,20,0,75,4413.76189613625,-1,63
1622103396838,1622103396858,20,0,48,-1.0,-1721,116
1622103397128,1622103397168,40,2,121,5126.61432523982,-4930,50
1622103397467,1622103397477,10,-1,40,2383.17449983994,-1,-1
1622103397607,1622103397617,10,-1,57,3664.81440474687,-1,-1
1622103397677,1622103397687,10,-1,37,-1.0,-1,-1
1622103398257,1622103398267,10,-1,1040,-1.0,-1,-1
1622103398357,1622103398457,100,16,264,7006.6406681373,-6732,267
1622103398587,1622103398617,30,1,70,5501.8866759877,-3149,177
1622103398837,1622103398846,9,-1,63,-1.0,-1,-1
1622103398856,1622103398876,20,0,42,1251.01226951131,-1,255
1622103399156,1622103399206,50,2,64,1651.0944529192,-3184,38
1622103399426,1622103399456,30,3,190,-1.0,-9325,181
1622103399736,1622103399746,10,-1,30,-1.0,-1,-1
1622103400685,1622103400695,10,-1,33,2309.08563811651,-1,-1
1622103401295,1622103401335,40,4,190,10302.0088226949,-10132,9
1622103401515,1622103401595,80,6,126,6546.39975973986,-6441,248
1622103401605,1622103401615,10,-1,42,2563.6659219805,-1,-1
1622103401855,1622103401895,40,3,128,6203.78186619085,-6134,123
1622103402184,1622103402214,30,4,209,11080.5371050553,-9028,338
1622103402234,1622103402254,20,0,41,665.351591308409,-1,0
1622103402274,1622103402284,10,-1,31,1513.20637237638,-1,-1
1622103402534,1622103402564,30,2,126,6315.50578353326,-5915,356
1622103402844,1622103402894,50,7,268,16016.3978626036,-9041,170
1622103402974,1622103402984,10,-1,38,-1.0,-1,-1
1622103403124,1622103403174,50,7,290,15705.9487413221,-11418,0
1622103403304,1622103403354,50,4,106,4214.73888572279,-7575,25
1622103403674,1622103403693,19,1,187,-1.0,-14785,22
1622103403733,1622103403743,10,-1,106,8849.86949338979,-1,-1
1622103403753,1622103403763,10,-1,106,10368.3761912729,-1,-1
1622103403823,1622103403863,40,8,362,-1.0,-16242,35
1622103403873,1622103403883,10,-1,80,6673.99587280395,-1,-1
1622103404143,1622103404163,20,1,136,9497.36061448634,-1,185
1622103404243,1622103404253,10,-1,63,-1.0,-1,-1
1622103404263,1622103404313,50,10,334,13290.7811503864,-14474,219
1622103404523,1622103404593,70,10,356,18541.4487431035,-15648,47
1622103404843,1622103404863,20,0,83,4160.08561246959,-1,203
1622103404943,1622103404963,20,1,120,-1.0,-6326,219
1622103405123,1622103405143,20,2,301,15658.6135574168,-1,44
1622103405203,1622103405213,10,-1,32,-1.0,-1,-1
1622103405342,1622103405382,40,8,301,15410.1321537321,-12378,208
1622103405632,1622103405662,30,1,74,4119.78324954433,-3567,352
1622103405772,1622103405792,20,0,34,-1.0,-370,104
1622103405812,1622103405822,10,-1,38,1018.1182834742,-1,-1
1622103405902,1622103405942,40,5,264,-1.0,-12058,44
1622103406232,1622103406272,40,4,162,9361.16437914031,-8746,15
1622103406392,1622103406412,20,6,694,39575.1412937664,-1,93
1622103406502,1622103406562,60,16,657,46878.4161746457,-40683,272
1622103406592,1622103406622,30,1,95,5133.98173986614,-4895,287
1622103406642,1622103406672,30,3,162,10892.1761990389,-1,234
1622103406772,1622103406782,10,-1,48,-1.0,-1,-1
1622103406792,1622103406832,40,2,111,5255.06527606513,-1400,52
1622103407161,1622103407211,50,5,161,6928.90886515805,-8305,206
1622103407441,1622103407481,40,3,155,-1.0,-6725,20
1622103407681,1622103407691,10,-1,68,5104.38707665849,-1,-1
1622103407771,1622103407801,30,1,209,2164.44066316726,-13459,120
1622103408201,1622103408251,50,7,925,45453.1246871616,-14085,101
1622103408341,1622103408381,40,3,434,20503.1247183241,-18983,295
1622103408441,1622103408451,10,-1,109,-1.0,-1,-1
1622103408570,1622103408600,30,1,192,-1.0,-13170,50
1622103408650,1622103408660,10,-1,49,3272.1354666458,-1,-1
1622103408740,1622103408750,10,-1,33,-1.0,-1,-1
1622103408840,1622103408890,50,10,383,23792.1315923064,-23650,108
1622103409050,1622103409060,10,-1,39,3362.82380324544,-1,-1
1622103409120,1622103409130,10,-1,35,-1.0,-1,-1
1622103409140,1622103409150,10,-1,37,2812.43785725986,-1,-1
1622103409160,1622103409180,20,1,86,7724.80703023842,-2368,252
1622103409220,1622103409240,20,0,54,3122.59533712472,-2091,68
1622103409270,1622103409350,80,11,249,11310.0774571923,-7876,281
1622103409600,1622103409610,10,-1,49,4288.22469187494,-1,-1
1622103409690,1622103409700,10,-1,62,-1.0,-1,-1
1622103409900,1622103409950,50,3,142,9141.65606243413,-4794,141
1622103410169,1622103410179,10,-1,40,2284.00528766424,-1,-1
1622103410309,1622103410329,20,0,83,3964.15810777129,-1,126
1622103410409,1622103410419,10,-1,50,-1.0,-1,-1
1622103410999,1622103411009,10,-1,30,251.794333599451,-1,-1
1622103411129,1622103411179,50,6,216,7130.09516162826,-1,86
1622103411239,1622103411279,40,0,144,8349.71014419112,-8019,65
1622103411329,1622103411359,30,1,60,2686.12686383803,-5,273
1622103411639,1622103411659,20,0,59,-1.0,-2628,315
1622103411818,1622103411878,60,7,255,12498.1246316899,-10370,350
1622103412308,1622103412328,20,0,48,2554.13120997587,-1346,246
1622103412488,1622103412528,40,1,134,-1.0,-6957,237
1622103412658,1622103412668,10,-1,42,-1.0,-1,-1
1622103412858,1622103412878,20,1,132,8549.20149631695,-1,68
1622103412948,1622103412958,10,-1,31,533.347688425682,-1,-1
1622103413128,1622103413148,20,1,152,9741.66494614122,-1,302
1622103413228,1622103413248,20,0,66,-1.0,-3373,161
1622103413667,1622103413707,40,3,136,7938.76654993956,-6907,238
1622103413977,1622103414027,50,3,126,6957.39613162529,-5260,42
1622103414077,1622103414097,20,0,41,2134.21809321071,-5,238
1622103414107,1622103414127,20,0,33,2618.9527247188,-1,75
1622103414227,1622103414247,20,1,181,-1.0,-8215,172
1622103414377,1622103414397,20,1,201,13118.395012191,-1,330
1622103414477,1622103414527,50,0,63,4345.30381453362,-2038,29
1622103414587,1622103414597,10,-1,34,-1.0,-1,-1
1622103414956,1622103414976,20,0,78,4077.12570551737,-1,65
1622103415036,1622103415046,10,-1,45,-1.0,-1,-1
1622103415066,1622103415076,10,-1,31,1345.88415520016,-1,-1
1622103415136,1622103415156,20,0,42,366.892155822342,-1,66
1622103415166,1622103415406,240,4,402,16750.7300829082,-32587,179
1622103415426,1622103415506,80,2,175,7138.32321423743,-6847,318
1622103415536,1622103415556,20,0,45,1895.4844539823,-1163,40
1622103415726,1622103415746,20,0,49,-1.0,-271,102
1622103415826,1622103415866,40,2,82,2005.35404873732,-3425,101
1622103415876,1622103415936,60,2,45,2417.11151258996,-1052,90
1622103415996,1622103416016,20,0,51,1475.89315268031,-1,241
1622103416036,1622103416046,10,-1,43,3760.34226907287,-1,-1
1622103416106,1622103416116,10,-1,54,-1.0,-1,-1
1622103416226,1622103416316,90,9,295,22983.5842685847,-13616,45
1622103416376,1622103416476,100,4,180,10124.2468472678,-10597,236
1622103416486,1622103416536,50,0,137,9653.68871018827,-5329,249
1622103416655,1622103416695,40,2,70,3445.07060731607,-3130,221
1622103416705,1622103416855,150,7,395,18796.9613999051,-24021,119
1622103416875,1622103416895,20,3,245,12971.1480131185,-1,269
1622103416975,1622103417005,30,0,82,526.852410113877,-5165,75
1622103417025,1622103417045,20,2,298,16943.9229174048,-1,271
1622103417105,1622103417175,70,7,505,29258.0303593697,-12749,249
1622103417255,1622103417275,20,0,147,-1.0,-11386,232
1622103417295,1622103417315,20,0,45,2906.75452222989,-769,236
1622103417395,1622103417415,20,0,35,1173.25040955825,-351,60
1622103417425,1622103417475,50,6,244,8574.41449389851,-1,39
1622103417425,1622103417475,50,6,244,8574.41449389851,-1,39
1622103417535,1622103417585,50,1,136,6296.7391954186,-7160,229
1622103417655,1622103417695,40,1,259,14748.9967615774,-1,173
1622103417755,1622103417765,10,-1,36,-1.0,-1,-1
1622103417915,1622103418065,150,9,338,25859.014021565,-16607,289
1622103418125,1622103418185,60,3,97,4948.35572450454,-2369,55
1622103418194,1622103418214,19,1,132,5945.81117092749,-1,32
1622103418294,1622103418304,10,-1,40,-1.0,-1,-1
1622103418334,1622103418344,10,-1,34,3176.56923497428,-1,-1
1622103418354,1622103418364,10,-1,55,2613.47831342269,-1,-1
1622103418504,1622103418514,10,-1,75,4610.32214311307,-1,-1
1622103418594,1622103418684,90,4,286,8097.16827889139,-21198,42
1622103418694,1622103418774,80,3,424,33631.4950738027,-13727,231
1622103418854,1622103418914,60,5,659,8194.17107131296,-45103,265
1622103419024,1622103419034,10,-1,219,-1.0,-1,-1
1622103419044,1622103419084,40,7,756,35946.2171774534,-1,265
1622103419144,1622103419184,40,2,342,-1.0,-22164,189
1622103419194,1622103419224,30,0,37,1429.02087050177,-329,42
1622103419314,1622103419484,170,16,843,68068.004822094,-75047,64
1622103419584,1622103419694,110,19,651,42103.4475421199,-40956,264
1622103419714,1622103419734,20,1,67,5233.72824590554,-1824,156
1622103419754,1622103419774,20,5,405,24926.5955701111,-1,162
1622103419853,1622103419963,110,1,518,23904.8790374129,-36386,110
1622103419973,1622103420063,90,13,317,18049.7984587039,-13561,47
1622103420163,1622103420183,20,6,613,-1.0,-1053,73
1622103420293,1622103420323,30,9,1216,78343.1277487475,-39810,18
1622103420403,1622103420493,90,13,1196,29952.338144804,-95459,158
1622103420573,1622103420633,60,3,533,13648.7261700231,-36912,307
1622103420693,1622103420703,10,-1,256,-1.0,-1,-1
1622103420713,1622103420723,10,-1,51,3693.21024555199,-1,-1
1622103420733,1622103420763,30,7,992,64968.1642628052,-1,165
1622103420843,1622103420933,90,15,2486,4096.00820249328,-172951,340
1622103421043,1622103421173,130,21,845,60725.6188342238,-11007,200
1622103421183,1622103421193,10,-1,34,1298.95417882767,-1,-1
1622103421293,1622103421333,40,8,337,18342.3592854579,-1,49
1622103421403,1622103421442,39,3,864,63399.3326201793,-73812,0
1622103421812,1622103421832,20,7,1582,-1.0,-81483,210
1622103421942,1622103421962,20,0,43,-1.0,-1310,246
1622103421972,1622103422022,50,11,576,30187.6777015041,-788,17
1622103422352,1622103422412,60,30,1325,95100.2011662834,-74454,15
1622103422502,1622103422512,10,-1,367,-1.0,-1,-1
1622103422822,1622103422832,10,-1,772,-1.0,-1,-1
1622103422902,1622103423071,169,32,934,61009.8519541807,-59220,108
1622103423281,1622103423381,100,25,1546,78320.7198816553,-126808,349
1622103423541,1622103423591,50,10,436,16387.1108814125,-1,261
1622103424441,1622103424481,40,16,662,36652.9215434356,-52424,85
1622103424760,1622103424770,10,-1,257,-1.0,-1,-1
1622103424860,1622103424870,10,-1,778,-1.0,-1,-1
1622103424880,1622103424890,10,-1,158,14142.4416607954,-1,-1
1622103424900,1622103424930,30,4,184,16372.3494561717,-1,238
1622103424990,1622103425010,20,2,696,-1.0,-42749,337
1622103425150,1622103425210,60,9,596,26423.2748097524,-46670,85
1622103425310,1622103425350,40,3,752,-1.0,-53556,229
1622103425430,1622103425450,20,0,56,4730.61214023894,-1,56
1622103425460,1622103425470,10,-1,36,2298.2666753506,-1,-1
1622103425540,1622103425560,20,0,57,2708.40550856475,-138,74
1622103425580,1622103425630,50,2,121,8559.8226568696,-6086,198
1622103425710,1622103425740,30,1,99,-1.0,-4808,144
1622103425790,1622103425860,70,6,257,12204.5526499521,-10597,199
1622103425870,1622103425890,20,0,49,2453.95184211174,-1562,147
1622103425970,1622103425990,20,0,110,-1.0,-7031,140
1622103426050,1622103426060,10,-1,34,2036.43980739952,-1,-1
1622103426120,1622103426150,30,30,1520,63470.696306846,-11075,4
1622103426589,1622103426609,20,3,543,-1.0,-27193,246
1622103426669,1622103426749,80,24,2045,3754.73767025989,-144896,353
1622103426869,1622103426899,30,0,192,-1.0,-14674,312
1622103426989,1622103427039,50,15,437,19676.4969488667,-189,163
1622103427279,1622103427309,30,4,275,-1.0,-6139,282
1622103427429,1622103427579,150,3,1350,113919.561954487,-102070,313
1622103427609,1622103427629,20,0,57,3291.56194196108,-6,228
1622103427719,1622103427729,10,-1,142,-1.0,-1,-1
1622103427739,1622103427749,10,-1,35,1760.57929816893,-1,-1
1622103427819,1622103427839,20,0,54,-1.0,-2302,24
1622103427849,1622103427878,29,0,70,2855.7242375259,-1,26
1622103427888,1622103427898,10,-1,63,4450.71229562744,-1,-1
1622103427958,1622103427968,10,-1,38,-1.0,-1,-1
1622103428088,1622103428098,10,-1,34,-1.0,-1,-1
1622103428118,1622103428228,110,6,291,14768.4555069628,-19306,240
1622103428248,1622103428298,50,1,237,17940.7074232245,-17997,236
1622103428388,1622103428528,140,4,342,16648.1167949703,-27592,137
1622103428538,1622103428558,20,0,61,4141.54824006323,-26,284
1622103428578,1622103428598,20,0,62,3080.67128588979,-1,285
1622103428608,1622103428728,120,0,169,10281.2807774677,-12895,90
1622103428818,1622103428828,10,-1,32,1376.19270030632,-1,-1
1622103428838,1622103428858,20,0,59,2634.85875215215,-1,59
1622103428918,1622103428928,10,-1,35,-1.0,-1,-1
1622103428938,1622103428948,10,-1,33,1369.21863763165,-1,-1
1622103428968,1622103428978,10,-1,36,1271.061151744,-1,-1
1622103429058,1622103429108,50,3,160,8739.75184843507,-10983,254
1622103429238,1622103429278,40,1,55,-1.0,-887,355
1622103429288,1622103429328,40,2,136,11042.3251455198,-5766,26
1622103429348,1622103429378,30,1,188,9275.77499372826,-1,347
1622103429527,1622103429697,170,15,621,42664.4779334603,-43205,305
1622103429707,1622103429817,110,18,936,50085.7850862401,-87790,197
1622103429827,1622103429887,60,2,45,1312.70127597703,-1380,306
1622103429917,1622103430167,250,7,250,13010.162542172,-12023,175
1622103430187,1622103430207,20,1,92,6671.39726034115,-1,277
1622103430217,1622103430267,50,9,303,16076.8927338403,-10811,339
1622103430327,1622103430337,10,-1,48,-1.0,-1,-1
1622103430347,1622103430357,10,-1,46,1689.7573243257,-1,-1
1622103430377,1622103430397,20,0,97,5972.81607068232,-1,198
1622103430527,1622103430547,20,0,63,3398.78761356099,-1,117
1622103430557,1622103430567,10,-1,48,4075.2229308353,-1,-1
1622103430627,1622103430697,70,0,184,5769.09455053826,-5888,10
1622103430757,1622103430767,10,-1,67,-1.0,-1,-1
1622103430807,1622103430887,80,2,138,9839.56700649241,-9642,272
1622103430897,1622103430907,10,-1,38,931.154386276339,-1,-1
1622103431076,1622103431126,49,1,462,28296.4332759976,-26990,52
1622103431186,1622103431216,30,1,224,1041.9827811122,-16138,107
1622103431346,1622103431356,10,-1,33,1403.06155603884,-1,-1
1622103431386,1622103431406,20,0,68,2270.6096333982,-1,100
1622103431536,1622103431566,30,2,764,26042.8860981977,-64710,297
1622103431636,1622103431676,40,3,708,9636.14054912205,-59817,219
1622103431736,1622103431776,40,1,123,1796.18371807776,-4925,183
1622103431816,1622103431846,30,1,96,5024.53361802631,-4177,188
1622103431876,1622103431936,60,2,76,3604.73252886521,-3965,165
1622103431956,1622103432056,100,2,363,24890.2301778669,-11986,351
1622103432196,1622103432246,50,7,224,285.131088475006,-7982,240
1622103432316,1622103432376,60,4,210,-1.0,-4381,270
1622103432426,1622103432516,90,4,120,5271.17430147029,-5815,161
1622103432576,1622103432636,60,3,105,2808.01647465877,-5482,345
1622103432825,1622103432925,100,11,234,1908.2177014236,-6742,299
1622103432985,1622103433035,50,0,49,1069.24674078578,-1466,256
1622103433125,1622103433155,30,1,102,-1.0,-4336,226
1622103433185,1622103433215,30,3,149,7224.59617993419,-27,15
1622103433275,1622103433295,20,0,200,-1.0,-14238,266
1622103433445,1622103433465,20,0,49,3405.91817018717,-857,50
1622103433475,1622103433565,90,8,292,13297.1425111616,-15291,171
1622103433575,1622103433595,20,0,68,3886.44423378653,-1,90
1622103433605,1622103433625,20,0,78,7270.85493586471,-28,273
1622103433685,1622103433695,10,-1,90,-1.0,-1,-1
1622103433725,1622103433735,10,-1,41,2270.57377154025,-1,-1
1622103433755,1622103433765,10,-1,36,1196.0038491958,-1,-1
1622103433825,1622103433855,30,2,199,-1.0,-8214,270
1622103433905,1622103433915,10,-1,34,1233.71842322115,-1,-1
1622103434334,1622103434344,10,-1,44,1663.48272446867,-1,-1
1622103434384,1622103434454,70,3,375,21148.8838008025,-29002,107
1622103434464,1622103434484,20,0,34,1730.68013571309,-1,257
1622103434534,1622103434564,30,1,72,3709.20109924477,-3711,259
1622103434574,1622103434604,30,2,110,7740.69154603281,-3480,83
1622103434624,1622103434644,20,0,95,4092.4392963027,-1,222
1622103434704,1622103434734,30,2,153,-1.0,-5225,258
1622103434794,1622103434804,10,-1,48,2670.9961335194,-1,-1
1622103434814,1622103434844,30,0,77,5429.04219282089,-3622,60
1622103434874,1622103434994,120,9,313,22342.6127204875,-14335,340
1622103435024,1622103435034,10,-1,34,577.510619152563,-1,-1
1622103435084,1622103435114,30,2,126,5619.59305931558,0,43
1622103435124,1622103435144,20,1,47,1586.19423588234,-1,53
1622103435174,1622103435194,20,0,129,7528.54347443098,-1,103
1622103435284,1622103435304,20,0,46,2767.72097589607,-1457,232
1622103435414,1622103435484,70,15,695,25082.5269978016,-22029,354
1622103435584,1622103435594,10,-1,38,-1.0,-1,-1
1622103435604,1622103435754,150,16,468,31388.473021438,-15945,187
1622103435854,1622103435864,10,-1,31,-1.0,-1,-1
1622103435903,1622103435923,20,0,60,4384.30933660327,-2105,103
1622103435943,1622103436043,100,15,424,15142.0952487985,-35988,0
1622103436173,1622103436183,10,-1,39,-1.0,-1,-1
1622103436273,1622103436363,90,15,764,49463.2990537915,-36712,180
1622103436463,1622103436473,10,-1,30,1983.32906179071,-1,-1
1622103436493,1622103436513,20,1,195,13359.3251446086,-1,272
1622103436593,1622103436613,20,1,169,135.642602598006,-1,85
1622103436623,1622103436633,10,-1,51,3787.00126194424,-1,-1
1622103436773,1622103436793,20,0,78,3472.46130905163,-1,279
1622103436853,1622103436883,30,3,389,-1.0,-19920,9
1622103436893,1622103436943,50,1,107,5794.58449163293,-5418,318
1622103437003,1622103437013,10,-1,65,-1.0,-1,-1
1622103437023,1622103437043,20,0,38,588.042026226716,-1,75
1622103437063,1622103437113,50,1,52,2092.29356476537,-949,150
1622103437143,1622103437183,40,10,472,21947.1211915522,-6967,184
1622103437243,1622103437293,50,1,42,646.887423303161,-522,55
1622103437393,1622103437403,10,-1,31,2098.49354321635,-1,-1
1622103437413,1622103437463,50,13,469,25588.3681641217,-14849,357
1622103437523,1622103437532,9,-1,176,-1.0,-1,-1
1622103437572,1622103437582,10,-1,42,1988.72037413011,-1,-1
1622103437622,1622103437642,20,0,44,1477.82010167087,-16,6
1622103437702,1622103437742,40,1,59,1417.90706466278,-2558,141
1622103437842,1622103437892,50,3,269,2916.86606962093,-14572,144
1622103437952,1622103437962,10,-1,33,-1.0,-1,-1
1622103438142,1622103438162,20,1,220,-1.0,-12489,355
1622103438222,1622103438232,10,-1,35,-1.0,-1,-1
1622103438272,1622103438282,10,-1,33,635.298354947034,-1,-1
1622103438412,1622103438442,30,9,512,26800.6510631565,-1,195
1622103438502,1622103438512,10,-1,141,-1.0,-1,-1
1622103438642,1622103438662,20,3,353,22542.5734507937,-1,73
1622103438792,1622103438862,70,11,322,16311.9245805382,-10471,265
1622103438922,1622103438962,40,0,124,1777.72485416018,-6753,319
1622103439072,1622103439082,10,-1,43,-1.0,-1,-1
1622103439122,1622103439211,89,11,243,11437.2777790378,-8617,354
1622103439221,1622103439231,10,-1,41,1567.20966830145,-1,-1
1622103439281,1622103439291,10,-1,57,3374.01443634767,-1,-1
1622103439371,1622103439421,50,11,409,12747.0334984196,-15261,189
1622103439711,1622103439731,20,0,49,1270.13676810409,-1,81
1622103440091,1622103440181,90,49,1608,89266.8349412939,-81378,127
1622103440271,1622103440331,60,5,938,30169.2132549886,-73654,63
1622103440391,1622103440481,90,7,269,11918.4404267863,-21464,180
1622103440491,1622103440511,20,0,73,6913.01875266663,-29,22
1622103440671,1622103440721,50,1,417,11284.312966061,-26503,318
1622103440800,1622103440870,70,10,353,30523.600907914,-9020,166
1622103441060,1622103441080,20,1,100,-1.0,-3525,325
1622103441100,1622103441120,20,2,347,22488.6998121136,-1,105
1622103441330,1622103441450,120,9,314,3616.19497038598,-21399,304
1622103441470,1622103441500,30,1,57,2481.26782644876,-2347,198
1622103441510,1622103441530,20,2,236,12292.4626544428,-1,265
1622103441610,1622103441630,20,0,134,-1.0,-10090,68
1622103441810,1622103441830,20,2,320,21469.2040258201,-1,268
1622103441910,1622103441940,30,2,224,-1.0,-11388,90
1622103442170,1622103442180,10,-1,34,1693.32174042242,-1,-1
1622103442489,1622103442499,10,-1,85,7493.5291072549,-1,-1
1622103442699,1622103442709,10,-1,30,1639.95940634194,-1,-1
1622103443189,1622103443199,10,-1,31,2143.97186378744,-1,-1
1622103443419,1622103443469,50,3,130,7148.1724310426,-5734,166
1622103443649,1622103443709,60,4,138,5348.1183515048,-8653,319
1622103443739,1622103443749,10,-1,32,1969.86368473849,-1,-1
1622103443889,1622103443929,40,4,209,10781.138534571,-8751,16
1622103444058,1622103444078,20,0,86,5419.97813202142,-1,239
1622103444138,1622103444188,50,7,280,14268.3504773299,-15231,172
1622103444448,1622103444458,10,-1,34,2380.79730930184,-1,-1
1622103444748,1622103444758,10,-1,317,31492.6185212476,-1,-1
1622103444898,1622103444998,100,12,337,30587.4416479417,-23632,266
1622103445008,1622103445038,30,1,76,4533.339934365,-3107,302
1622103445148,1622103445168,20,0,52,3914.01664802628,-1025,289
1622103445258,1622103445278,20,1,103,-1.0,-2007,256
1622103445687,1622103445697,10,-1,42,-1.0,-1,-1
1622103445727,1622103445747,20,2,293,18966.7584973598,-1,260
1622103445807,1622103445867,60,1,446,27940.9518797249,-2302,68
1622103445877,1622103445897,20,2,336,30923.5494662557,-19331,263
1622103446037,1622103446077,40,2,173,13895.0953118843,-5493,44
1622103446087,1622103446117,30,1,156,14013.8532503785,-6527,212
1622103446237,1622103446267,30,1,134,-1.0,-7741,30
1622103446287,1622103446397,110,15,522,38008.4808393145,-28210,94
1622103446567,1622103446617,50,13,425,20956.6700698311,-15081,267
1622103446677,1622103446687,10,-1,40,-1.0,-1,-1
1622103446887,1622103446897,10,-1,66,4782.45127237184,-1,-1
1622103446957,1622103446967,10,-1,33,-1.0,-1,-1
1622103447167,1622103447226,59,16,389,13206.608980158,-27383,98
1622103447236,1622103447246,10,-1,116,9281.74933820293,-1,-1
1622103447536,1622103447556,20,1,85,6928.19189869032,-353,315
1622103447976,1622103448016,40,3,136,6353.77435205369,-5739,47
1622103448406,1622103448416,10,-1,41,-1.0,-1,-1
1622103448726,1622103448746,20,1,146,6269.32213306065,-1,210
1622103448825,1622103448845,20,0,103,-1.0,-6079,156
1622103448995,1622103449025,30,1,79,3237.75046024143,-20,202
1622103449085,1622103449095,10,-1,38,-1.0,-1,-1
1622103449215,1622103449305,90,11,278,8071.34859519386,-13885,338
1622103449385,1622103449395,10,-1,36,-1.0,-1,-1
1622103449475,1622103449535,60,2,72,3969.22157469887,-2944,28
1622103449745,1622103449755,10,-1,41,3550.82823821847,-1,-1
1622103449835,1622103449855,20,1,148,-1.0,-8267,45
1622103450025,1622103450045,20,2,193,9676.42293196989,-1,192
1622103450444,1622103450464,20,0,98,5939.53702005647,-1,266
1622103450524,1622103450534,10,-1,41,-1.0,-1,-1
1622103451624,1622103451644,20,0,54,-1.0,-895,285
1622103451954,1622103452093,139,16,438,26099.9322818632,-27904,250
1622103452153,1622103452163,10,-1,38,-1.0,-1,-1
1622103452193,1622103452203,10,-1,66,6097.19575677311,-1,-1
1622103452213,1622103452223,10,-1,106,7891.90300389126,-1,-1
1622103452303,1622103452323,20,1,67,1116.43919932272,-1,49
1622103452333,1622103452343,10,-1,42,2555.05749261119,-1,-1
1622103452603,1622103452623,20,4,267,19700.3034760598,-1,106
1622103452723,1622103452733,10,-1,30,-1.0,-1,-1
1622103452953,1622103453013,60,11,366,22880.7459684286,-12761,8
1622103453243,1622103453263,20,0,32,1083.01593194957,-1,113
1622103453333,1622103453353,20,0,36,467.620432813821,-1,131
1622103453363,1622103453433,70,5,123,5390.78252416182,-6599,102
1622103453493,1622103453503,10,-1,32,-1.0,-1,-1
1622103453523,1622103453543,20,0,33,675.304478852859,-1,90
1622103453553,1622103453573,20,0,33,772.50382675159,-1,90
1622103453692,1622103453732,40,3,180,11087.2745687303,-11563,79
1622103453792,1622103453822,30,0,93,1301.68363944857,-6195,155
1622103453832,1622103453862,30,1,52,2841.97111564106,-1592,98
1622103453892,1622103453952,60,2,103,5300.24691214503,-6991,312
1622103454152,1622103454172,20,16,1458,-1.0,-6045,175
1622103455092,1622103455112,20,2,530,-1.0,-29965,184
1622103455281,1622103455311,30,5,327,10774.3087331143,-5444,124
1622103455401,1622103455421,20,8,423,-1.0,-25712,88
1622103455491,1622103455551,60,3,331,17593.6853466109,-1387,178
1622103455661,1622103455681,20,5,513,-1.0,-19611,304
1622103455771,1622103455841,70,6,902,63205.4738398038,-75433,138
1622103455951,1622103456001,50,4,231,19912.6956302864,-2996,105
1622103456111,1622103456131,20,2,795,50908.1194800311,-1,246
1622103456201,1622103456241,40,4,250,-1.0,-10381,28
1622103456391,1622103456421,30,4,375,-1.0,-16215,229
1622103456431,1622103456451,20,1,106,7721.14420519191,-2636,330
1622103456551,1622103456611,60,1,272,8010.07672847113,-12483,260
1622103456621,1622103456641,20,0,53,2421.71837505789,-38,279
1622103456721,1622103456761,40,7,1649,529.394114220877,-129300,103
1622103456771,1622103456791,20,0,88,5900.31879877985,-53,11
1622103456860,1622103456910,50,5,174,-1.0,-3082,163
1622103456970,1622103456990,20,2,375,-1.0,-16873,168
1622103457130,1622103457210,80,35,713,25313.588019795,-39945,104
1622103457340,1622103457350,10,-1,87,-1.0,-1,-1
1622103457420,1622103457500,80,4,2376,17389.7755510104,-202649,294
1622103457690,1622103457710,20,1,126,-1.0,-6346,82
1622103457740,1622103457760,20,0,95,5681.36295879047,-1,229
1622103457830,1622103457850,20,1,90,8398.48212983576,-3698,254
1622103457880,1622103457890,10,-1,32,1709.61232210032,-1,-1
1622103457970,1622103458040,70,6,264,11367.7920066026,-9282,48
1622103458090,1622103458110,20,1,60,4951.8112022293,-1525,346
1622103458150,1622103458180,30,5,251,13647.2174598831,-418,225
1622103458290,1622103458310,20,0,50,1993.73858553568,-1,0
1622103458370,1622103458390,20,0,240,-1.0,-20205,112
1622103458410,1622103458420,10,-1,36,2244.60600393626,-1,-1
1622103458440,1622103458479,39,5,248,23759.6034673163,-14713,283
1622103458529,1622103458569,40,2,174,7623.94463586166,-1,88
1622103458669,1622103458729,60,2,144,8335.21069003277,-8056,76
1622103458739,1622103458829,90,1,162,8296.95713072003,-8955,25
1622103458919,1622103458999,80,11,738,9461.15023401342,-58157,275
1622103459079,1622103459089,10,-1,417,-1.0,-1,-1
1622103459189,1622103459219,30,10,822,10683.1867536321,-36764,108
1622103459339,1622103459409,70,8,352,15835.8065142263,-19857,238
1622103459479,1622103459519,40,5,367,9617.09279665632,-33292,63
1622103459529,1622103459539,10,-1,31,608.713694145054,-1,-1
1622103459619,1622103459639,20,1,167,-1.0,-9714,152
1622103459649,1622103459679,30,1,65,3784.83773692274,-1413,4
1622103459709,1622103459779,70,1,130,8558.19009003517,-8748,197
1622103459789,1622103459799,10,-1,49,4400.9890433523,-1,-1
1622103459909,1622103459929,20,1,102,3940.63613852661,-1,19
1622103459939,1622103459979,40,2,98,4346.59284457684,-5293,22
1622103459989,1622103460138,149,17,817,63301.2746050136,-27469,272
1622103460198,1622103460228,30,12,669,-1.0,-21389,274
1622103460288,1622103460378,90,11,944,28630.3517162534,-72171,66
1622103460468,1622103460478,10,-1,214,19719.6514885012,-1,-1
1622103460558,1622103460588,30,8,607,-1.0,-27479,217
1622103460708,1622103460778,70,25,993,54573.6129488104,-39063,94
1622103460868,1622103460908,40,13,1119,2106.42970774229,-74732,197
1622103460978,1622103461048,70,13,743,55476.8232495508,-54123,339
1622103461138,1622103461198,60,10,1119,3365.05750709408,-68340,276
1622103461258,1622103461348,90,5,364,11934.0225947937,-32137,52
1622103461438,1622103461478,40,3,187,13398.625849246,-4542,125
1622103461538,1622103461548,10,-1,41,-1.0,-1,-1
1622103461558,1622103461687,129,11,1241,75762.4070972711,-83343,270
1622103461887,1622103461897,10,-1,124,-1.0,-1,-1
1622103462007,1622103462017,10,-1,105,-1.0,-1,-1
1622103462537,1622103462647,110,9,2155,141258.262190757,-109859,133
1622103462937,1622103462947,10,-1,384,-1.0,-1,-1
1622103463117,1622103463277,160,3,673,50413.3198856571,-41726,89
1622103463286,1622103463406,119,0,2236,217356.605504919,-91295,310
1622103463526,1622103463616,90,2,554,16074.1829564775,-36353,225
1622103463626,1622103463676,50,1,67,4031.90132756809,-1880,46
1622103463696,1622103463716,20,1,127,8015.4236103557,-1,309
1622103463776,1622103463846,70,17,863,26842.8258977764,-43912,316
1622103463916,1622103463936,20,1,97,-1.0,-4589,112
1622103463986,1622103464026,40,3,102,4789.06906249557,-14,57
1622103464136,1622103464146,10,-1,38,-1.0,-1,-1
1622103464226,1622103464276,50,10,425,21656.3831784622,-16212,122
1622103464336,1622103464416,80,0,224,6223.23381203942,-13805,51
1622103464426,1622103464636,210,18,783,62791.918966472,-68249,333
1622103464646,1622103464696,50,5,149,7876.77101188003,-5303,323
1622103464756,1622103464766,10,-1,49,-1.0,-1,-1
1622103464806,1622103464836,30,1,71,4859.58179712524,-2367,143
1622103464935,1622103464965,30,2,311,-1.0,-19628,253
1622103465185,1622103465215,30,4,439,-1.0,-24963,318
1622103465255,1622103465275,20,5,234,21786.0796018141,-1350,93
1622103465335,1622103465395,60,3,154,11002.7874872215,-9259,275
1622103465455,1622103465475,20,1,303,-1.0,-24076,239
1622103465605,1622103465645,40,3,208,138.463090061801,-11321,5
1622103465655,1622103465705,50,7,461,15125.7347739733,-37698,273
1622103465725,1622103465745,20,2,133,11527.7498850304,-1,224
1622103465885,1622103465955,70,4,263,15992.5813789563,-9172,226
1622103466115,1622103466225,110,3,242,11324.9153572374,-8815,24
1622103466405,1622103466425,20,0,75,-1.0,-3546,281
1622103466435,1622103466465,30,4,202,13024.326963182,-4190,12
1622103466475,1622103466505,30,2,100,5137.64416327838,-4950,180
1622103466604,1622103466624,20,0,34,973.935653071773,-1,126
1622103466684,1622103466774,90,3,169,9390.04439114507,-9529,115
1622103466784,1622103466794,10,-1,38,2362.52185370982,-1,-1
1622103466894,1622103466924,30,1,64,2706.80649990522,-2284,1
1622103467164,1622103467184,20,1,106,6176.10780447373,-1,154
1622103467424,1622103467444,20,1,62,4204.90785255772,-1987,11
1622103467574,1622103467744,170,28,907,37837.8881681966,-35956,173
1622103467854,1622103467894,40,8,457,1293.01284421422,-24934,335
1622103468044,1622103468074,30,3,124,6311.38789206634,-5709,123
1622103468293,1622103468313,20,0,64,-1.0,-2383,288
1622103468403,1622103468463,60,21,788,42994.9626868638,-39631,139
1622103468553,1622103468573,20,1,129,-1.0,-8025,339
1622103468583,1622103468613,30,2,108,5295.2081413273,-4142,130
1622103468753,1622103468883,130,3,275,21163.5550024584,-12631,258
1622103468943,1622103469033,90,38,783,37932.4289262997,-22318,77
1622103469093,1622103469113,20,1,1651,-1.0,-158697,267
1622103469123,1622103469383,260,3,1838,157518.033783776,-153403,292
1622103469393,1622103469403,10,-1,36,2351.56647183432,-1,-1
1622103469413,1622103469433,20,4,158,14265.5360455716,-154,137
1622103469493,1622103469563,70,35,1159,10847.9672874519,-37188,123
1622103469663,1622103469703,40,11,336,1149.12592853605,-24307,147
1622103469772,1622103469862,90,13,1364,34911.7223022162,-124183,159
1622103469922,1622103470002,80,35,1912,138222.242825244,-183025,123
1622103470072,1622103470092,20,1,1432,-1.0,-135964,289
1622103470252,1622103470432,180,9,1422,57488.0429131239,-91048,67
1622103470512,1622103470552,40,4,831,5160.82742673417,-66915,297
1622103470592,1622103470702,110,33,1504,90910.2658060653,-77273,128
1622103470772,1622103470832,60,5,1127,31606.3758039561,-106841,337
1622103470862,1622103470962,100,3,107,5929.66606715825,-519,152
1622103471212,1622103471262,50,4,1464,7307.3680630553,-113401,90
1622103471332,1622103471351,19,1,124,-1.0,-6840,93
1622103471671,1622103471821,150,3,2085,66913.7930863013,-160304,102
1622103471861,1622103471961,100,5,318,24565.6688498385,-24034,262
1622103472021,1622103472211,190,26,1563,151799.959462935,-131579,97
1622103472281,1622103472351,70,24,644,29964.8746942015,-34237,188
1622103472361,1622103472521,160,28,1503,103688.329589435,-121396,337
1622103472531,1622103472671,140,12,219,16010.0424110097,-315,252
1622103472681,1622103472691,10,-1,37,1076.86451457205,-1,-1
1622103472771,1622103472791,20,0,38,4.60336821557945,-1,199
1622103472951,1622103472980,29,1,89,6212.1333473109,-1491,352
1622103473050,1622103473100,50,22,1803,105609.721472461,-86611,127
1622103473190,1622103473260,70,16,2220,202699.514053199,-63774,161
1622103473320,1622103473330,10,-1,1385,-1.0,-1,-1
1622103473390,1622103473410,20,3,469,31795.5592244169,-1,343
1622103473470,1622103473540,70,15,747,54454.4544679412,-57135,2
1622103473550,1622103473610,60,2,74,4639.54707256473,-2413,170
1622103473620,1622103473680,60,42,1121,94413.2369409161,-31913,119
1622103473750,1622103473770,20,1,1657,-1.0,-159047,260
1622103473780,1622103473830,50,3,227,16855.7501563798,-14374,107
1622103473890,1622103473900,10,-1,92,-1.0,-1,-1
1622103473910,1622103474090,180,3,1697,124838.432802515,-129214,343
1622103474280,1622103474350,70,7,975,2295.08986280931,-46649,192
1622103474440,1622103474450,10,-1,56,-1.0,-1,-1
1622103474470,1622103474490,20,0,65,3612.68087001552,-2965,68
1622103474510,1622103474629,119,12,257,9818.42128919058,-11071,333
1622103474689,1622103474699,10,-1,38,-1.0,-1,-1
1622103474729,1622103474759,30,0,45,1872.22110422069,-1110,278
1622103474769,1622103474779,10,-1,53,3544.41189719857,-1,-1
1622103474839,1622103474859,20,0,88,-1.0,-3542,47
1622103474929,1622103474999,70,9,258,15587.1921038311,-15762,207
1622103475119,1622103475169,50,3,329,12453.1405057089,-19203,329
1622103475279,1622103475559,280,1,469,9863.29966262397,-19736,83
1622103475659,1622103475679,20,1,81,3356.77634388634,-1,104
1622103475689,1622103475729,40,8,999,58884.2965713949,-680,33
1622103475799,1622103475849,50,12,427,2354.92043352199,-13856,277
1622103475909,1622103475919,10,-1,63,-1.0,-1,-1
1622103476039,1622103476049,10,-1,46,-1.0,-1,-1
1622103476069,1622103476089,20,0,58,3943.61961216498,-2006,305
1622103476099,1622103476109,10,-1,32,915.399096427291,-1,-1
1622103476189,1622103476208,19,0,69,5071.22402586736,-1551,214
1622103476358,1622103476378,20,0,39,1831.19672432913,-1,277
1622103476388,1622103476398,10,-1,33,2654.7544454529,-1,-1
1622103476458,1622103476478,20,1,83,-1.0,-468,48
1622103476628,1622103476638,10,-1,56,4311.48137847125,-1,-1
1622103476648,1622103476658,10,-1,50,3190.80054297255,-1,-1
1622103476728,1622103476828,100,18,631,35812.1202952062,-30236,170
1622103476848,1622103476868,20,1,104,7716.62064456534,-1,168
1622103476978,1622103477038,60,19,497,16171.4644358241,-21681,346
1622103477188,1622103477198,10,-1,37,-1.0,-1,-1
1622103477378,1622103477388,10,-1,32,1638.47263587127,-1,-1
1622103477498,1622103477508,10,-1,34,928.152064802739,-1,-1
1622103477618,1622103477658,40,3,149,7838.00835498267,-6920,341
1622103477857,1622103477907,50,6,191,8357.12482002842,-10000,148
1622103477957,1622103477967,10,-1,40,2380.59487716116,-1,-1
1622103478177,1622103478297,120,11,384,11322.7566580324,-20430,250
1622103478317,1622103478327,10,-1,34,864.551021232004,-1,-1
1622103478337,1622103478347,10,-1,51,4249.52240568246,-1,-1
1622103478457,1622103478467,10,-1,44,-1.0,-1,-1
1622103478627,1622103478677,50,22,1031,26301.8043392898,-1,306
1622103478787,1622103478817,30,3,968,33725.4461638629,-81722,111
1622103478887,1622103478957,70,39,1840,140422.281756534,-1,309
1622103479037,1622103479077,40,0,119,7313.91704011967,-6703,337
1622103479157,1622103479187,30,6,226,17826.5971181405,-2212,123
1622103479237,1622103479287,50,11,457,24344.752829635,-21256,243
1622103479406,1622103479506,100,3,377,20689.6261595286,-22652,343
1622103479516,1622103479536,20,8,379,37061.9440426772,-2192,79
1622103479656,1622103479676,20,0,106,6967.94144117345,-1,277
1622103479936,1622103479966,30,11,552,35531.992362465,-50508,199
1622103480026,1622103480086,60,6,172,4055.84195425934,-3811,277
1622103480186,1622103480206,20,0,38,-1.0,-260,90
1622103480236,1622103480246,10,-1,34,602.667172631455,-1,-1
1622103480306,1622103480356,50,5,321,16499.4789126276,-1,355
1622103480486,1622103480516,30,1,78,2182.17840696347,-1,100
1622103480576,1622103480656,80,24,659,28873.6191282514,-23855,299
1622103480736,1622103480786,50,3,255,8900.95761496359,-18062,71
1622103480856,1622103480906,50,3,141,6064.33773263897,-7855,176
1622103480916,1622103480926,10,-1,35,2496.72035076111,-1,-1
1622103480986,1622103480996,10,-1,50,-1.0,-1,-1
1622103481055,1622103481115,60,3,109,4342.67237824406,-5513,222
1622103481135,1622103481145,10,-1,43,1999.97858538039,-1,-1
1622103481205,1622103481245,40,3,732,3865.70790057806,-42183,127
1622103481255,1622103481315,60,7,639,46703.5837453657,-30265,317
1622103481405,1622103481495,90,2,721,43225.4462747525,-46434,66
1622103481555,1622103481575,20,1,154,6384.37349711583,-1,130
1622103481715,1622103481745,30,6,248,4361.68240691728,-13424,306
1622103481755,1622103481795,40,2,84,4794.21973377522,-5025,130
1622103481815,1622103481895,80,2,289,21812.6878429353,-15780,203
1622103481975,1622103481995,20,2,205,-1.0,-10223,313
1622103482005,1622103482025,20,1,110,6195.84579118821,-1,264
1622103482085,1622103482115,30,4,338,-1.0,-15627,306
1622103482235,1622103482265,30,1,80,2754.78476625086,-65,259
1622103482275,1622103482285,10,-1,32,2706.1892797135,-1,-1
1622103482315,1622103482445,130,3,618,30234.1496102327,-45432,136
1622103482525,1622103482575,50,3,257,17272.6166816052,-3153,10
1622103482585,1622103482664,79,6,399,38831.7115264142,-18826,113
1622103482694,1622103482714,20,0,825,79428.8966093897,-1,180
1622103482784,1622103482854,70,4,1170,97230.7345509438,-91612,235
1622103482934,1622103482954,20,0,225,-1.0,-17187,227
1622103483064,1622103483094,30,1,167,11252.2329752314,-1,15
1622103483224,1622103483244,20,1,118,-1.0,-5959,311
1622103483324,1622103483384,60,19,368,16327.9731153518,-15409,162
1622103483474,1622103483494,20,0,50,4462.41306137278,-7,238
1622103483564,1622103483694,130,39,1344,113728.888280805,-109049,70
1622103483774,1622103483794,20,0,468,26284.3014112982,-1,341
1622103483904,1622103483984,80,3,1663,13214.478869641,-145593,95
1622103483994,1622103484044,50,21,1108,94867.3943894653,-8,101
1622103484074,1622103484104,30,20,1038,102592.45586887,-69991,280
1622103484184,1622103484233,49,5,264,7270.87481222555,-18438,330
1622103484243,1622103484303,60,4,290,20330.1182824631,-12333,124
1622103484313,1622103484373,60,1,98,4578.91678190682,-6150,139
1622103484383,1622103484423,40,2,77,4543.79329315007,-3315,319
1622103484463,1622103484543,80,2,425,29535.0753963451,-36189,109
1622103484623,1622103484663,40,7,1113,-1.0,-77586,160
1622103484673,1622103484723,50,2,76,3731.36379634638,-1697,359
1622103484733,1622103484753,20,0,55,3022.74084861211,-488,49
1622103484783,1622103484813,30,1,56,2201.36614090411,-234,357
1622103484823,1622103484843,20,0,31,1573.65328245578,0,189
1622103484923,1622103484973,50,6,211,5010.19476217672,-10389,272
1622103484983,1622103485023,40,1,63,2061.75296320399,-1424,238
1622103485043,1622103485103,60,2,58,2410.93611681477,-1313,261
1622103485113,1622103485133,20,4,392,20221.8320894205,-1,78
1622103485233,1622103485283,50,3,199,-1.0,-6183,106
1622103485303,1622103485463,160,10,305,18188.9015445027,-20514,284
1622103485523,1622103485533,10,-1,38,-1.0,-1,-1
1622103485633,1622103485673,40,6,239,14071.4324731868,-13975,11
1622103485813,1622103485892,79,9,296,15592.786222855,-16313,182
1622103486152,1622103486162,10,-1,36,1864.6927533372,-1,-1
1622103486782,1622103486842,60,11,555,37366.6451980226,-46425,331
1622103486922,1622103486982,60,7,332,21594.010693365,-19094,79
1622103487012,1622103487092,80,4,620,31299.6822798186,-37870,273
1622103487152,1622103487222,70,3,311,26613.8025110841,-26949,228
1622103487332,1622103487342,10,-1,82,5964.00191626572,-1,-1
1622103487352,1622103487362,10,-1,84,5564.17756380484,-1,-1
1622103487461,1622103487501,39,4,123,7089.62992138163,-7418,133
1622103487531,1622103487561,30,2,110,5268.18306174615,-120,257
1622103487571,1622103487591,20,0,48,3548.83660013815,-1615,255
1622103487601,1622103487631,30,15,700,33093.2719204325,-1,124
1622103487771,1622103487791,20,2,161,-1.0,-7518,332
1622103487821,1622103487831,10,-1,40,1760.33454142133,-1,-1
1622103487861,1622103487931,70,11,689,46310.5256402224,-39695,100
1622103488041,1622103488061,20,1,97,88.679365052208,-1,69
1622103488121,1622103488141,20,0,286,-1.0,-18656,143
1622103488151,1622103488281,130,3,344,31650.3698499683,-30043,163
1622103488401,1622103488501,100,40,958,27508.5244048247,-70186,115
1622103488561,1622103488611,50,5,272,13938.8079733394,-15854,217
1622103489110,1622103489160,50,4,610,54672.1431994335,-16806,108
1622103489220,1622103489250,30,1,158,-1.0,-10428,211
1622103489260,1622103489290,30,0,75,6230.50059034808,-3460,90
1622103489300,1622103489310,10,-1,104,8551.79514467666,-1,-1
1622103489370,1622103489410,40,6,270,6526.48425304309,-18704,300
1622103489500,1622103489510,10,-1,32,1796.87655019274,-1,-1
1622103489520,1622103489570,50,23,962,41143.6311224804,-1,79
1622103489670,1622103489740,70,10,295,9378.3994423742,-9446,187
1622103489820,1622103489870,50,3,166,2693.72754643106,-7577,101
1622103489880,1622103489890,10,-1,31,1374.65054927638,-1,-1
1622103489980,1622103490040,60,4,121,7820.95475625933,-6307,259
1622103490120,1622103490160,40,1,222,18289.8386724397,-13627,91
1622103490220,1622103490230,10,-1,32,-1.0,-1,-1
1622103490290,1622103490310,20,0,80,4135.42975800626,-1,218
1622103490420,1622103490440,20,1,152,10407.2772058576,-1,110
1622103490500,1622103490550,50,0,227,13455.0713903274,-1014,21
1622103490560,1622103490570,10,-1,216,21016.5775343874,-1,-1
1622103490650,1622103490699,49,1,115,4433.2310562823,-4764,254
1622103490709,1622103490719,10,-1,35,1191.56656375627,-1,-1
1622103490799,1622103490809,10,-1,41,-1.0,-1,-1
1622103490839,1622103490849,10,-1,38,854.147569797861,-1,-1
1622103491009,1622103491159,150,5,710,38450.2455470268,-54562,320
1622103491669,1622103491689,20,0,161,-1.0,-11010,261
1622103491709,1622103491729,20,6,914,58868.6834154174,-1,324
1622103491809,1622103491829,20,0,723,-1.0,-66278,222
1622103491859,1622103491879,20,3,658,46160.4767311301,-1,312
1622103492089,1622103492159,70,34,1346,5922.263562338,-50902,300
1622103492239,1622103492249,10,-1,172,-1.0,-1,-1
1622103492268,1622103492398,129,0,1252,84354.0658405079,-93552,104
1622103492408,1622103492428,20,0,42,2208.64153578497,-1,50
1622103492518,1622103492608,90,6,410,25137.6159721199,-22871,231
1622103492618,1622103492628,10,-1,33,1625.4519948042,-1,-1
1622103492838,1622103492908,70,4,224,5325.43337368072,-9665,234
1622103492978,1622103493018,40,0,78,3237.30819481944,-4659,225
1622103493188,1622103493208,20,0,399,7625.27487600892,-1,253
1622103493278,1622103493328,50,2,414,21806.4296395855,-10391,334
1622103493398,1622103493608,210,16,2044,197886.224147445,-188181,165
1622103493688,1622103493708,20,1,89,-1.0,0,234
1622103493718,1622103493738,20,0,67,2037.91057005228,-1,322
1622103493967,1622103494007,40,8,664,24274.4606726378,-45209,308
1622103494067,1622103494197,130,15,394,9821.99477740625,-15574,139
1622103494277,1622103494297,20,2,325,22737.8273170869,-1,228
1622103494357,1622103494397,40,1,237,58.9092399724279,-16133,344
1622103494407,1622103494417,10,-1,44,3348.26847674803,-1,-1
1622103494487,1622103494537,50,8,197,11213.3821109352,-9249,1
1622103494547,1622103494567,20,1,65,4714.33254884519,-1880,11
1622103494607,1622103494747,140,11,622,34351.2602595249,-51698,148
1622103494777,1622103494787,10,-1,38,911.245732688091,-1,-1
1622103494907,1622103494957,50,2,197,16941.999954076,-8957,65
1622103495017,1622103495037,20,2,398,-1.0,-28043,209
1622103495067,1622103495097,30,7,412,34836.2364574601,-2342,16
1622103495157,1622103495167,10,-1,467,-1.0,-1,-1
1622103495177,1622103495197,20,4,165,14786.0048215553,-1,193
1622103495247,1622103495337,90,25,455,15947.6368406024,-18358,138
1622103495487,1622103495506,19,1,280,19569.235743813,-1,335
1622103495566,1622103495656,90,3,372,1350.87911869678,-28199,44
1622103495756,1622103495806,50,6,604,1366.73802352167,-41711,343
1622103495876,1622103495956,80,12,603,39720.2684342123,-32018,130
1622103496036,1622103496046,10,-1,302,-1.0,-1,-1
1622103496066,1622103496216,150,20,878,39110.9930871731,-27998,123
1622103496526,1622103496606,80,1,422,28067.6660361703,-21972,210
1622103496626,1622103496656,30,1,78,5273.03672617826,-2511,273
1622103496716,1622103496736,20,0,121,-1.0,-6836,266
1622103496756,1622103496816,60,26,710,26697.578895402,-8283,307
1622103496986,1622103497305,319,16,1596,95520.4139645914,-95918,268
1622103497315,1622103497335,20,0,34,1509.50050220322,-159,50
1622103497345,1622103497425,80,0,134,9205.65616518106,-10435,133
1622103497605,1622103497615,10,-1,197,-1.0,-1,-1
1622103497675,1622103497685,10,-1,72,-1.0,-1,-1
1622103497745,1622103497765,20,4,595,38362.7115870093,-1,92
1622103497835,1622103497905,70,5,1515,116414.474921059,-142735,89
1622103498105,1622103498185,80,13,681,30925.4960832666,-7343,148
1622103498265,1622103498305,40,4,520,10224.8947264046,-22201,279
1622103498375,1622103498425,50,2,240,9645.80500711271,-15932,14
1622103498445,1622103498465,20,3,314,15718.8864983695,-1,277
1622103498525,1622103498605,80,1,452,4650.89003122469,-22153,59
1622103498685,1622103498735,50,1,42,1311.14777461358,-1101,76
1622103498814,1622103498834,20,0,40,2038.6202038152,-1,325
1622103498844,1622103498894,50,1,137,7322.56939477635,-252,181
1622103499124,1622103499134,10,-1,43,1992.27295321293,-1,-1
1622103499154,1622103499214,60,9,351,18369.6174825098,-14392,336
1622103499304,1622103499314,10,-1,31,1506.37602862354,-1,-1
1622103499414,1622103499444,30,3,159,8548.05865901782,-7101,38
1622103499504,1622103499544,40,0,84,363.749346739046,-5370,164
1622103499574,1622103499604,30,0,46,1579.91555731607,-1,81
1622103499684,1622103499714,30,3,299,-1.0,-13984,202
1622103499734,1622103499744,10,-1,62,4021.67883343766,-1,-1
1622103499884,1622103499894,10,-1,102,8329.82856336103,-1,-1
1622103499954,1622103500024,70,29,808,25414.8163979003,-36613,312
1622103500234,1622103500324,90,9,481,24230.1470804621,-22442,306
1622103500383,1622103500423,40,0,1921,96297.8359699124,-89442,98
1622103500433,1622103500443,10,-1,197,17088.3343890419,-1,-1
1622103500533,1622103500583,50,46,2436,194081.956954888,-226436,316
1622103500693,1622103500743,50,6,505,22229.3903475964,-597,116
1622103500813,1622103500933,120,22,839,57181.3536450442,-56948,129
1622103501093,1622103501113,20,0,71,-1.0,-3060,341
1622103501633,1622103501713,80,11,1682,120180.129269332,-151848,260
1622103502222,1622103502262,40,30,1261,-1.0,-38967,78
1622103502852,1622103502882,30,14,1227,-1.0,-53590,141
1622103502942,1622103502982,40,4,250,-1.0,-10672,284
1622103503012,1622103503032,20,2,258,13278.9861192684,-1,281
1622103503112,1622103503182,70,3,139,6825.25164941013,-9164,165
1622103503262,1622103503302,40,1,183,10906.6960976367,-558,41
1622103503372,1622103503452,80,13,2025,145265.735083547,-19702,322
1622103503512,1622103503571,59,12,292,371.305200241044,-13531,124
1622103503641,1622103503761,120,13,718,45394.3328403862,-16983,144
1622103503821,1622103504011,190,15,980,68774.8715481339,-77971,165
1622103504111,1622103504141,30,3,149,6755.06172516652,-232,346
1622103504201,1622103504281,80,6,298,10249.837799245,-20416,10
1622103504351,1622103504371,20,3,855,-1.0,-65100,271
1622103504381,1622103504411,30,3,240,21237.7857897173,-11017,76
1622103504471,1622103504511,40,2,159,8473.25180209078,-8996,287
1622103504521,1622103504571,50,5,475,38618.3512149471,-32828,164
1622103504651,1622103504731,80,15,389,9659.78918221065,-15692,17
1622103504841,1622103504931,90,13,350,16604.2170055652,-14723,219
1622103504941,1622103505021,80,4,584,40992.3421149849,-29386,98
1622103505101,1622103505160,59,5,599,38023.0295342253,-15509,96
1622103505240,1622103505290,50,3,296,24289.9311302137,-25928,218
1622103505380,1622103505430,50,4,134,12767.1813867269,-1529,299
1622103505490,1622103505520,30,2,267,-1.0,-17836,337
1622103505550,1622103505570,20,0,60,2505.45997752522,-1,45
1622103505700,1622103505840,140,3,534,7354.50908001988,-29111,112
1622103505920,1622103506110,190,10,298,10953.1214649862,-15716,289
1622103506190,1622103506210,20,0,66,-1.0,-2869,281
1622103506330,1622103506380,50,1,36,1690.28091894396,-222,295
1622103506390,1622103506410,20,2,317,20307.7256195923,-1,195
1622103506490,1622103506500,10,-1,44,1699.56445262004,-1,-1
1622103506640,1622103506660,20,0,47,3788.30935047955,-1,227
1622103506690,1622103506760,70,9,309,13873.827051078,-12856,47
1622103506889,1622103506899,10,-1,33,1397.58119349129,-1,-1
1622103506999,1622103507009,10,-1,31,-1.0,-1,-1
1622103507029,1622103507099,70,12,371,16615.4825845424,-11253,198
1622103507199,1622103507229,30,1,123,3612.6911265172,-2293,213
1622103507289,1622103507509,220,12,470,18836.2858065491,-31049,300
1622103507569,1622103507709,140,8,302,22493.1079853643,-21425,129
1622103507769,1622103507779,10,-1,449,-1.0,-1,-1
1622103507839,1622103507909,70,1,251,7580.78613321479,-10275,248
1622103507969,1622103508039,70,10,298,16846.9939077743,-18106,56
1622103508199,1622103508209,10,-1,30,732.470637052142,-1,-1
1622103508279,1622103508289,10,-1,31,183.853270586199,-1,-1
1622103508299,1622103508309,10,-1,31,789.532448589319,-1,-1
1622103508319,1622103508349,30,3,217,12114.8112581942,-1,21
1622103508558,1622103508608,50,7,541,34843.8969383708,-29030,161
1622103508708,1622103508898,190,36,606,23396.4667997649,-32437,4
1622103508988,1622103509038,50,2,177,8828.75903030885,-2955,195
1622103509118,1622103509188,70,4,333,15774.4927384898,-11832,123
1622103509388,1622103509458,70,8,641,40464.6993150046,-45655,76
1622103509588,1622103509608,20,4,537,-1.0,-4633,274
1622103509668,1622103509758,90,6,306,14185.1359279149,-1012,134
1622103509958,1622103509987,29,12,653,2679.45492340573,-2336,11
1622103510137,1622103510147,10,-1,1041,-1.0,-1,-1
1622103510157,1622103510177,20,0,77,5618.62495569113,-2053,69
1622103510207,1622103510247,40,7,296,15610.425369081,-11012,250
1622103510267,1622103510317,50,1,379,33413.9873060385,-19459,284
1622103510387,1622103510447,60,17,2049,96499.9483746915,-22214,237
1622103510527,1622103510607,80,40,1193,790.208789183646,-57739,307
1622103510787,1622103510997,210,18,499,34972.5324265027,-37151,135
1622103511057,1622103511067,10,-1,905,-1.0,-1,-1
1622103511167,1622103511237,70,17,319,4818.71398980261,-10819,346
1622103511337,1622103511437,100,14,580,23827.2417159664,-31424,175
1622103511497,1622103511527,30,1,73,2709.35854034112,-1,335
1622103511537,1622103511557,20,3,304,17001.6635658395,-1,175
1622103511656,1622103511666,10,-1,62,-1.0,-1,-1
1622103511676,1622103511706,30,1,194,14096.7744628695,-738,261
1622103511766,1622103511776,10,-1,249,-1.0,-1,-1
1622103511956,1622103511976,20,5,602,-1.0,-13231,194
1622103512066,1622103512246,180,23,1821,43776.3070983131,-91197,316
1622103512376,1622103512546,170,15,385,25251.6321917206,-15520,302
1622103512606,1622103512676,70,2,67,3599.21097369692,-1924,331
1622103512766,1622103512816,50,3,131,993.191429456698,-3891,348
1622103512916,1622103512976,60,1,117,8423.67216618574,-4363,88
1622103513056,1622103513066,10,-1,30,-1.0,-1,-1
1622103513215,1622103513245,30,9,2184,146994.244723986,-174944,137
1622103513305,1622103513315,10,-1,130,-1.0,-1,-1
1622103513325,1622103513355,30,1,245,17292.9583329194,-1,286
1622103513465,1622103513525,60,10,1781,167266.664935312,-130486,69
1622103513615,1622103513635,20,1,70,5441.38935771066,-250,302
1622103513715,1622103513745,30,3,193,-1.0,-6409,18
1622103513985,1622103513995,10,-1,61,-1.0,-1,-1
1622103514015,1622103514055,40,3,99,3679.4643281261,-5184,107
1622103514065,1622103514075,10,-1,132,10994.9881527014,-1,-1
1622103514135,1622103514185,50,4,638,45287.0773150042,-32634,247
