start,end,duration,amplitude,peak_velocity,peak_acceleration,peak_deceleration,direction
1622101067991,1622101068001,10,-1,39,2249.38160899821,-1,-1
1622101068980,1622101069840,860,18,737,59038.5555092787,-59201,106
1622101069860,1622101069990,130,5,68,2266.69248725766,-1687,24
1622101070010,1622101070060,50,2,56,3001.27319568476,-1507,348
1622101070070,1622101070779,709,28,622,32278.0412979841,-36157,217
1622101070989,1622101071159,170,17,280,15217.8513050523,-9477,11
1622101071169,1622101071459,290,18,162,8663.65289655666,-9590,7
1622101071479,1622101071519,40,1,70,2715.05174356974,-2113,14
1622101071529,1622101071589,60,15,403,18701.905087549,-15048,220
1622101071609,1622101071679,70,6,111,6578.39860518082,-3471,53
1622101071689,1622101071769,80,3,63,1209.62890630599,-904,47
1622101071789,1622101071799,10,-1,31,479.356203909988,-1,-1
1622101071809,1622101071889,80,2,117,6548.54610254699,-2365,37
1622101071899,1622101071919,20,0,390,34408.4966359596,-1,71
1622101071929,1622101071939,10,-1,472,46745.3445845129,-1,-1
1622101071949,1622101071989,40,1,159,13170.7148735971,-11923,73
1622101072069,1622101072118,49,12,503,36056.110816175,-28444,26
1622101072138,1622101072168,30,1,73,3818.90056895726,-1078,195
1622101072178,1622101072188,10,-1,30,1467.77977368781,-1,-1
1622101072208,1622101072228,20,0,47,2287.46137100833,-1108,200
1622101072238,1622101072258,20,0,45,1188.38896073418,-1,220
1622101072268,1622101072358,90,2,185,14411.7974147409,-13630,203
1622101072368,1622101072388,20,0,38,530.147991711406,-1,265
1622101072448,1622101072538,90,4,96,5269.200477499,-3242,353
1622101072608,1622101072678,70,4,92,2389.13106512083,-2625,203
1622101072698,1622101072708,10,-1,30,251.778484966992,-1,-1
1622101073308,1622101073328,20,1,67,4738.31222506306,-1465,94
1622101073338,1622101073348,10,-1,46,2445.42405841292,-1,-1
1622101073368,1622101073378,10,-1,33,1199.97585690457,-1,-1
1622101073398,1622101073408,10,-1,46,1801.55381831453,-1,-1
1622101073777,1622101073787,10,-1,31,1869.09718498991,-1,-1
1622101073847,1622101073857,10,-1,30,752.118711689026,-1,-1
1622101074007,1622101074027,20,0,40,827.093377508097,-1,288
1622101074047,1622101074187,140,26,1038,65719.3160502804,-73672,49
1622101074257,1622101074457,200,22,1360,103853.63689159,-49299,229
1622101074487,1622101074507,20,0,71,3438.62982293611,-1,77
1622101074527,1622101074567,40,2,353,32760.5520121735,-23700,249
1622101074657,1622101074667,10,-1,36,2279.6802176332,-1,-1
1622101074677,1622101074687,10,-1,32,1201.84546565087,-1,-1
1622101074697,1622101074787,90,3,1092,94543.5434059368,-104320,21
1622101074847,1622101074867,20,0,35,1687.0223060686,-1,113
1622101074887,1622101075007,120,21,792,56464.3424222713,-51284,199
1622101075127,1622101075217,90,5,245,19457.9557419565,-3182,200
1622101075247,1622101075417,170,15,656,47196.7227246754,-31895,9
1622101076926,1622101076966,40,3,161,8893.75676076097,-5267,326
1622101076976,1622101077006,30,4,198,10154.1324443012,-10581,335
1622101077016,1622101077215,199,16,652,34436.3183049273,-26605,6
1622101077265,1622101077365,100,2,321,22738.4952801571,-20329,115
1622101077375,1622101077445,70,2,141,10952.9788045732,-5333,14
1622101078025,1622101078095,70,3,192,5295.00980894483,-8361,77
1622101078255,1622101078285,30,2,110,-1.0,-5610,3
1622101078315,1622101078335,20,1,94,5705.08885690634,-1,319
1622101078345,1622101078455,110,2,133,6179.49022460651,-9402,339
1622101078465,1622101078535,70,5,171,11164.5245782891,-5757,219
1622101078595,1622101078615,20,0,46,3683.54295269075,-1135,274
1622101078625,1622101078645,20,0,42,2402.28574974644,-1,212
1622101078665,1622101078685,20,0,38,1685.30661105596,-649,98
1622101078695,1622101078755,60,10,308,14510.8309014362,-11507,265
1622101078964,1622101078994,30,1,88,4943.97311773626,-4534,295
1622101079004,1622101079014,10,-1,30,674.101980785126,-1,-1
1622101079334,1622101079364,30,3,156,8256.25337131558,-5504,359
1622101079674,1622101079684,10,-1,38,1145.98793452055,-1,-1
1622101079704,1622101079714,10,-1,34,2912.04103929413,-1,-1
1622101080224,1622101080234,10,-1,34,767.502127112291,-1,-1
1622101080264,1622101080284,20,0,61,3551.15967736746,-696,130
1622101080304,1622101080414,110,4,54,1025.61019462544,-1933,136
1622101080424,1622101080444,20,0,43,1391.58799094665,-1,135
1622101080464,1622101080494,30,1,50,1437.28335405076,-1437,143
1622101080504,1622101080603,99,17,514,23974.3732770064,-24316,115
1622101080633,1622101080833,200,2,357,24977.7088928012,-21542,165
1622101080843,1622101080933,90,26,719,47218.014192014,-28549,358
1622101081053,1622101081073,20,0,32,1250.18317866687,-220,90
1622101081093,1622101081493,400,41,924,38660.2974971779,-31186,153
1622101081513,1622101081523,10,-1,43,1908.98693212896,-1,-1
1622101081533,1622101081553,20,1,88,5437.66123059193,-1,113
1622101081673,1622101081763,90,13,439,3034.08777642309,-17386,264
1622101081773,1622101081793,20,0,39,1435.56422602062,-284,341
1622101081803,1622101081873,70,4,312,27161.9368784355,-15887,316
1622101081883,1622101082083,200,9,486,46013.2058212072,-43813,2
1622101082093,1622101082133,40,8,351,18334.9655453715,-16161,193
1622101082482,1622101082542,60,6,199,8676.53045914413,-10293,222
1622101082592,1622101082602,10,-1,42,2530.04016749084,-1,-1
1622101082632,1622101082652,20,0,67,2288.23030642617,-1,98
1622101082702,1622101082742,40,6,260,14888.9539396537,-16549,223
1622101082792,1622101082812,20,0,45,1726.94578666888,-1422,84
1622101082852,1622101082922,70,2,455,42010.8597920571,-34726,54
1622101082962,1622101082992,30,1,65,3075.34638036707,-3041,98
1622101083012,1622101083022,10,-1,73,4342.7627462407,-1,-1
1622101083032,1622101083062,30,1,55,4321.15000447933,-2149,328
1622101083242,1622101083272,30,3,157,9764.54755938861,-10002,308
1622101083432,1622101083512,80,5,70,3684.29394532053,-54,249
1622101083702,1622101083752,50,12,339,16439.7978397474,-16841,235
1622101083981,1622101084051,69,19,617,29130.0683889002,-24245,56
1622101084311,1622101084341,30,1,62,3758.78442566194,-2972,231
1622101084561,1622101084601,40,9,391,24409.1174753767,-22345,75
1622101084741,1622101084771,30,2,142,6387.38168242516,-11010,250
1622101084971,1622101084981,10,-1,63,5214.13821286324,-1,-1
1622101084991,1622101085001,10,-1,51,3853.74693353358,-1,-1
1622101085031,1622101085101,70,11,439,21782.2519330379,-22462,19
1622101085301,1622101085341,40,3,416,23662.7395915099,-29626,214
1622101085561,1622101085601,40,7,322,18405.6634968644,-12452,197
1622101085870,1622101085890,20,6,734,39918.1050729773,-1,46
1622101085980,1622101086040,60,1,260,17207.4802554316,-13214,287
1622101086200,1622101086230,30,3,179,8478.49568103937,-1,330
1622101086240,1622101086260,20,0,35,1013.64696327113,-1,189
1622101086420,1622101086440,20,1,76,5456.32410684525,-836,320
1622101086820,1622101086880,60,16,473,22819.9848377482,-17861,162
1622101087130,1622101087190,60,13,746,51465.0191590801,-37054,351
1622101087200,1622101087210,10,-1,82,6980.10098566099,-1,-1
1622101087220,1622101087230,10,-1,50,3421.28379113623,-1,-1
1622101087829,1622101087869,40,0,86,5817.22489882142,-4892,93
1622101087889,1622101087899,10,-1,38,1296.76609186887,-1,-1
1622101088009,1622101088029,20,1,100,7637.40228937961,-5085,206
1622101088069,1622101088079,10,-1,83,7471.5529983685,-1,-1
1622101088089,1622101088159,70,8,372,24728.6241348023,-4170,338
1622101088389,1622101088599,210,21,422,24505.4880602031,-23174,216
1622101088609,1622101088739,130,4,155,10192.9256645198,-7703,157
1622101088749,1622101088829,80,17,518,21899.311129968,-23832,167
1622101088929,1622101088949,20,0,35,1516.06465003533,-1,7
1622101088959,1622101089488,529,11,2557,116902.713158848,-136478,157
1622101089508,1622101089528,20,0,31,544.959644345303,-31,350
1622101089688,1622101089758,70,17,1109,66628.8282630521,-78587,171
1622101089778,1622101089788,10,-1,34,999.391941433584,-1,-1
1622101089798,1622101089808,10,-1,43,1666.68636582572,-1,-1
1622101089818,1622101089838,20,1,80,6269.70648562651,-2134,338
1622101089908,1622101089918,10,-1,33,1167.99614560842,-1,-1
1622101089958,1622101090118,160,26,527,21056.3136841235,-32008,15
1622101090128,1622101090168,40,2,185,16114.1945594408,-10950,194
1622101090348,1622101090528,180,12,818,45593.563605907,-48596,243
1622101090538,1622101090747,209,8,298,16543.5039887027,-14631,144
1622101090757,1622101090847,90,3,46,1650.60732575096,-971,226
1622101090877,1622101090977,100,13,387,31600.3472958142,-34023,266
1622101091007,1622101091027,20,0,34,1596.46299263872,-1,164
1622101091057,1622101091097,40,0,552,51635.5792683325,-49431,102
1622101091297,1622101091357,60,9,312,14543.7526135495,-14779,99
1622101091377,1622101091417,40,7,289,14067.1055596136,-16873,132
1622101091427,1622101091487,60,6,210,10875.6612233168,-14479,337
1622101091497,1622101091607,110,7,240,15842.7664509916,-7789,277
1622101091727,1622101091747,20,0,41,1972.11038268853,-361,315
1622101091777,1622101091817,40,6,257,16315.6716985617,-14581,136
1622101091837,1622101091857,20,1,77,4571.58351938431,-1,129
1622101091877,1622101091917,40,1,57,1793.90713805476,-174,349
1622101091927,1622101091937,10,-1,87,7752.57750433434,-1,-1
1622101091947,1622101091977,30,0,150,14066.2033208188,-12015,24
1622101092017,1622101092037,20,0,53,2327.68342058745,-1,0
1622101092047,1622101092057,10,-1,42,1451.66533976925,-1,-1
1622101092107,1622101092137,30,3,149,9626.49268762144,-10404,278
1622101092197,1622101092247,50,1,511,34185.4886538583,-12602,62
1622101092257,1622101092277,20,0,507,48154.7775482668,-46427,256
1622101092287,1622101092417,130,3,308,22688.2771858848,-19149,255
1622101092486,1622101092506,20,1,84,5454.63698019806,-1,116
1622101092756,1622101092786,30,6,544,26040.8825799885,-1,110
1622101092936,1622101093006,70,4,158,403.020446980463,-4167,79
1622101093206,1622101093276,70,10,365,20079.0322322922,-28665,276
1622101093286,1622101093536,250,34,1000,45206.026392462,-58329,219
1622101093556,1622101093576,20,0,52,1792.35460913232,-1,25
1622101093886,1622101093906,20,0,60,-1.0,-1091,352
1622101093916,1622101094006,90,5,1007,98365.4281750558,-32925,13
1622101094016,1622101094026,10,-1,65,5041.30473163642,-1,-1
1622101094076,1622101094086,10,-1,34,2133.65816372022,-1,-1
1622101094106,1622101094126,20,0,68,4551.43265276381,-1,90
1622101094136,1622101094146,10,-1,39,1796.70900533646,-1,-1
1622101094156,1622101094166,10,-1,62,4063.24385962156,-1,-1
1622101094185,1622101094195,10,-1,44,2851.29489256874,-1,-1
1622101094205,1622101094215,10,-1,46,4068.78176185301,-1,-1
1622101094315,1622101094325,10,-1,30,649.001710943978,-1,-1
1622101094425,1622101094445,20,0,39,2221.88590419853,-41,94
1622101094455,1622101094475,20,0,55,2131.48142100678,-1,100
1622101094605,1622101094635,30,2,116,6399.4437012847,-7462,101
1622101094685,1622101094695,10,-1,31,2222.83207963902,-1,-1
1622101094815,1622101094855,40,1,66,3148.22029337922,-1702,82
1622101094885,1622101094895,10,-1,35,1148.41188665774,-1,-1
1622101095025,1622101095075,50,1,42,1324.63709833825,-616,51
1622101095215,1622101095235,20,1,92,7153.96114339128,-1636,240
1622101095265,1622101095285,20,0,38,1230.62635471914,-616,230
1622101095765,1622101095775,10,-1,36,1238.52965070335,-1,-1
1622101096514,1622101096614,100,32,591,19828.9824641649,-23379,257
1622101096634,1622101096644,10,-1,38,1299.974261159,-1,-1
1622101096684,1622101096704,20,2,106,8322.93185157261,-1,52
1622101096764,1622101096814,50,3,65,3227.31401649551,-2775,243
1622101096824,1622101096844,20,0,39,1962.96581767527,-1,234
1622101097014,1622101097094,80,22,780,24690.8324011451,-27854,85
1622101097244,1622101097274,30,1,75,5249.4458280401,-2314,175
1622101098003,1622101098013,10,-1,31,1560.72790411631,-1,-1
1622101098163,1622101098173,10,-1,31,1298.94261580617,-1,-1
1622101098283,1622101098293,10,-1,48,3823.46267660506,-1,-1
1622101098353,1622101098373,20,0,59,2614.13352470733,-1,266
1622101098383,1622101098463,80,3,838,77658.6904319665,-29470,85
1622101098503,1622101098573,70,1,334,28829.0646190789,-27331,270
1622101098583,1622101098623,40,2,98,5591.20815376289,-3931,265
1622101098693,1622101098713,20,0,41,1547.04879454802,-1,255
1622101098723,1622101098733,10,-1,30,2746.36975675234,-1,-1
1622101098843,1622101098913,70,14,1114,96061.9113876458,-21694,128
1622101099023,1622101099113,90,2,420,39009.1923745917,-31898,346
1622101099133,1622101099342,209,17,1429,75045.9632604282,-26263,39
1622101100981,1622101100991,10,-1,657,-1.0,-1,-1
1622101101091,1622101101211,120,5,548,28659.552320241,-27788,89
1622101101221,1622101101441,220,2,544,36421.6542112157,-40191,118
1622101101471,1622101101491,20,0,72,4734.26728399128,-2457,288
1622101101501,1622101101531,30,4,197,16047.1503219995,-13305,338
1622101101571,1622101101611,40,3,206,10654.1976513935,-11689,351
1622101101621,1622101101641,20,1,128,6360.94862322953,-1,161
1622101101651,1622101101661,10,-1,42,1482.66040291534,-1,-1
1622101101671,1622101101731,60,3,602,47154.1216570135,-13094,184
1622101107568,1622101107648,80,7,476,3195.79334422148,-22348,344
1622101107678,1622101107698,20,1,82,6245.44914043174,-1617,127
1622101107737,1622101107747,10,-1,52,3524.83708876215,-1,-1
1622101107767,1622101107797,30,1,62,2907.1219876248,-2864,357
1622101107827,1622101108157,330,10,502,16094.0542145029,-39083,182
1622101108167,1622101108197,30,7,341,13490.7639000091,-1,207
1622101108287,1622101109157,870,44,611,49551.2375234913,-38330,86
1622101109167,1622101109217,50,22,1062,99945.3868029147,-617,344
1622101109237,1622101109277,40,1,68,2896.07109435295,-2994,58
1622101109287,1622101109337,50,9,1012,71135.2378936845,-1612,355
1622101109486,1622101109526,40,2,127,8751.93336015889,-9354,139
1622101109536,1622101109556,20,5,294,26905.5660884176,-1,165
1622101109596,1622101109616,20,0,41,1730.09968323598,-906,108
1622101109746,1622101109766,20,0,69,2790.59215433031,-1,50
1622101109776,1622101109856,80,11,582,34072.2668363706,-24185,312
1622101109956,1622101110006,50,1,41,540.191331585229,-257,94
1622101110046,1622101110076,30,1,53,2271.5823057755,-974,106
1622101110106,1622101110126,20,4,447,22603.4524012124,-1,77
1622101110426,1622101110516,90,6,121,3909.25165918936,-6897,128
1622101110526,1622101110586,60,20,821,80458.4014211302,-29157,2
1622101110606,1622101110686,80,5,202,10104.5936950265,-12349,89
1622101110696,1622101110786,90,8,678,37277.0371816594,-25995,165
1622101110886,1622101110946,60,6,245,-1.0,-10064,280
1622101110966,1622101110996,30,2,128,10444.1074978279,-9694,283
1622101111016,1622101111096,80,28,660,38179.5727868109,-20503,109
1622101111145,1622101111165,19,0,57,2690.01923281901,-1488,258
1622101111175,1622101111185,10,-1,39,1335.63824740362,-1,-1
1622101111195,1622101111245,50,2,396,20364.6696182199,-27703,258
1622101111255,1622101111265,10,-1,84,6104.77418284505,-1,-1
1622101111275,1622101111285,10,-1,87,6819.83891287509,-1,-1
1622101111355,1622101111385,30,1,60,3497.15746204231,-912,252
1622101111405,1622101111465,60,12,368,20069.4129321524,-17042,260
1622101111475,1622101111485,10,-1,71,4187.67495110523,-1,-1
1622101111535,1622101111545,10,-1,40,1688.07227828271,-1,-1
1622101111585,1622101111605,20,0,51,2300.52358432732,-1,174
1622101111615,1622101111695,80,26,638,39672.8570432083,-15527,314
1622101111855,1622101111895,40,2,116,6994.46889143999,-5358,332
1622101111915,1622101111965,50,1,48,1179.80114076744,-1716,158
1622101111975,1622101112015,40,2,53,2133.86060649448,-1457,119
1622101112035,1622101112055,20,0,40,2041.68835658392,-1,105
1622101112165,1622101112545,380,26,750,64981.42742877,-61735,120
1622101112165,1622101112545,380,26,750,64981.42742877,-61735,120
1622101112555,1622101112635,80,3,97,5765.14986362716,-6222,10
1622101112645,1622101112665,20,0,36,669.714527277546,-518,0
1622101112675,1622101112705,30,1,139,6734.11166727452,-1,284
1622101112735,1622101112785,50,12,485,23470.7880233039,-19789,81
1622101112844,1622101112904,60,2,69,2635.10464096811,-2038,128
1622101112914,1622101112964,50,2,62,2751.21111547431,-1066,151
1622101113084,1622101113104,20,0,36,1569.58691300511,-543,225
1622101113114,1622101113174,60,9,249,8746.39747047292,-12331,13
1622101113194,1622101113304,110,3,79,3654.56595628062,-4291,190
1622101113334,1622101113454,120,5,319,17542.9022784999,-21207,234
1622101113464,1622101113514,50,6,290,12514.8000450317,-10082,327
1622101113584,1622101113604,20,0,58,3730.05655579212,-1,232
1622101113624,1622101113674,50,0,80,4955.06018078875,-4994,123
1622101113684,1622101113724,40,0,464,44139.0119475291,-37696,252
1622101113744,1622101113924,180,22,612,28940.2489823764,-28436,259
1622101114054,1622101114084,30,1,383,33321.7409000247,-26374,81
1622101114104,1622101114154,50,7,203,8058.69003483792,-8146,281
1622101114204,1622101114244,40,0,83,6039.80011299094,-3477,79
1622101114254,1622101114274,20,0,50,3644.03978804861,-1904,77
1622101114304,1622101114384,80,3,59,2019.74854382334,-2905,79
1622101114474,1622101114503,29,0,40,1273.39068989047,-819,113
1622101114524,1622101114553,29,0,45,2745.65257338804,-1216,96
1622101114583,1622101114603,20,0,42,2713.15338987874,-476,111
1622101114613,1622101114633,20,0,65,3224.06990850502,-1,107
1622101114653,1622101114683,30,0,43,2110.1077317159,-873,102
1622101114693,1622101114753,60,1,112,6611.13446572197,-6105,279
1622101114763,1622101114773,10,-1,36,1010.34272831048,-1,-1
1622101114913,1622101114923,10,-1,43,2419.0813363771,-1,-1
1622101115003,1622101115013,10,-1,33,1150.45008342832,-1,-1
1622101115433,1622101115443,10,-1,30,1257.69415317506,-1,-1
1622101116003,1622101116043,40,0,90,7925.54854778222,-2295,144
1622101116113,1622101116133,20,0,42,3356.33458279799,-1,180
1622101116163,1622101116322,159,9,1009,47938.3672841149,-51085,326
1622101116332,1622101116342,10,-1,30,579.349292864742,-1,-1
1622101116392,1622101116432,40,1,440,37094.4855358133,-40830,114
1622101116472,1622101116512,40,4,185,11709.0305376386,-12190,315
1622101116542,1622101116562,20,0,32,2221.52742892841,-237,97
1622101116582,1622101116602,20,0,33,1479.18604139,-1,96
1622101116692,1622101116732,40,1,40,1712.58388208364,-514,87
1622101116772,1622101116832,60,5,271,13712.7736410608,-6915,201
1622101116852,1622101116862,10,-1,81,5609.94064042738,-1,-1
1622101116892,1622101117002,110,5,79,4397.48910036832,-4056,92
1622101117012,1622101117052,40,4,179,11289.9439029038,-10895,342
1622101117072,1622101117092,20,0,57,4664.68922585841,-2286,98
1622101117112,1622101117122,10,-1,34,2514.41253003675,-1,-1
1622101117202,1622101117222,20,0,59,2495.85086350664,-1,263
1622101117252,1622101117262,10,-1,46,3135.67390971551,-1,-1
1622101117282,1622101117372,90,3,77,4418.61970607921,-2582,243
1622101117382,1622101117612,230,5,358,21782.6679769003,-20178,147
1622101117642,1622101117672,30,1,70,3939.69015402556,-1291,75
1622101117712,1622101117772,60,2,84,3039.82790999002,-2065,81
1622101117782,1622101117802,20,0,89,7342.47263915918,-3084,287
1622101117832,1622101117852,20,0,37,1551.38926628898,-62,293
1622101117872,1622101117892,20,0,52,2631.85507538173,-256,278
1622101118001,1622101118011,10,-1,53,4059.56794098212,-1,-1
1622101118021,1622101118031,10,-1,71,6639.31341641803,-1,-1
1622101118041,1622101118101,60,10,287,10096.407349615,-12870,188
1622101118111,1622101118121,10,-1,70,4867.64960877866,-1,-1
1622101118191,1622101118201,10,-1,54,4934.35782658799,-1,-1
1622101118211,1622101118221,10,-1,42,2456.55350166913,-1,-1
1622101118491,1622101118551,60,19,549,31388.9343680206,-18760,355
1622101118651,1622101118671,20,1,255,18152.3019916074,-1,100
1622101118771,1622101118851,80,2,341,829.641117508099,-15981,280
1622101118871,1622101118901,30,1,57,2476.26654485479,-1757,129
1622101118911,1622101118941,30,0,39,1079.01628428001,-359,124
1622101118951,1622101119041,90,3,51,1023.35960197529,-1787,143
1622101119071,1622101119101,30,0,47,1939.04610165005,-913,130
1622101119111,1622101119121,10,-1,32,524.996262133536,-1,-1
1622101119151,1622101119421,270,9,1699,138078.586978001,-160514,4
1622101119431,1622101119571,140,6,66,1902.40930514879,-3388,244
1622101119680,1622101119800,120,4,130,3934.21247607415,-1024,22
1622101119960,1622101120280,320,14,750,39953.376648402,-31626,27
1622101120300,1622101120310,10,-1,151,14560.675006278,-1,-1
1622101120320,1622101120380,60,3,196,16720.2216956969,-9914,256
1622101120390,1622101120400,10,-1,55,3965.12222335509,-1,-1
1622101120470,1622101120530,60,12,716,44803.0556512512,-35589,299
1622101120540,1622101120640,100,3,86,2481.51737408328,-2071,150
1622101120660,1622101120720,60,7,661,56737.5803611845,-31383,246
1622101120730,1622101120750,20,0,39,2568.22051333182,-297,286
1622101120970,1622101120990,20,0,39,1385.07472472569,-1,144
1622101121040,1622101121090,50,4,269,12008.8259359796,-23559,246
1622101121120,1622101121130,10,-1,34,2512.95020971752,-1,-1
1622101121140,1622101121150,10,-1,36,3376.54380252678,-1,-1
1622101121379,1622101121389,10,-1,40,2105.58105986009,-1,-1
1622101121419,1622101121749,330,19,1749,114196.363889262,-93813,157
1622101121759,1622101121809,50,7,255,13091.2583019891,-12054,166
1622101121839,1622101121879,40,1,44,1866.23219119104,-458,306
1622101121899,1622101121959,60,2,52,1841.56697810613,-1720,19
1622101122099,1622101122109,10,-1,31,1969.13974913447,-1,-1
1622101122189,1622101122229,40,5,183,9077.53512451298,-6030,249
1622101122259,1622101122279,20,1,73,5760.89050291573,-1605,254
1622101122429,1622101122989,560,36,957,91043.3186726919,-77357,18
1622101122999,1622101123078,79,4,84,4617.67282387313,-3787,236
1622101123098,1622101123108,10,-1,30,255.560722085963,-1,-1
1622101123118,1622101123128,10,-1,30,766.398375464947,-1,-1
1622101123138,1622101123208,70,6,260,12503.5733930996,-11719,247
1622101123538,1622101123588,50,3,108,4307.20256847223,-3781,245
1622101123608,1622101123628,20,1,71,4259.18182257937,-884,101
1622101123648,1622101123658,10,-1,33,2239.6191169306,-1,-1
1622101123748,1622101123758,10,-1,114,8899.4299100312,-1,-1
1622101123898,1622101123968,70,12,472,19775.3603306373,-25860,313
1622101123978,1622101123988,10,-1,50,2545.58545119234,-1,-1
1622101123998,1622101124008,10,-1,64,4528.84196092396,-1,-1
1622101124018,1622101124038,20,0,45,3303.4895364021,-311,116
1622101124048,1622101124068,20,0,45,2157.89634272636,-733,114
1622101124098,1622101124128,30,1,86,6327.56171216435,-5524,320
1622101124138,1622101124148,10,-1,53,4924.32415968135,-1,-1
1622101124158,1622101124168,10,-1,85,7422.17875508748,-1,-1
1622101124198,1622101124228,30,1,183,15858.190997708,-12455,118
1622101124268,1622101124288,20,0,38,1698.55958510696,-468,100
1622101124298,1622101124388,90,3,59,2402.50927953955,-1320,119
1622101124398,1622101124518,120,7,256,21122.882075775,-20348,144
1622101124528,1622101124538,10,-1,142,13272.9804292075,-1,-1
1622101124568,1622101124877,309,10,251,17348.9566082925,-8178,263
1622101124887,1622101124897,10,-1,414,39012.3904443248,-1,-1
1622101124907,1622101124937,30,2,385,37281.5409139963,-28667,279
1622101124947,1622101124977,30,0,41,2511.96118141562,-246,266
1622101125077,1622101125177,100,10,293,21645.1103693298,-14777,32
1622101125187,1622101125267,80,3,46,1443.8368910529,-1235,91
1622101125337,1622101125347,10,-1,34,933.561258096599,-1,-1
1622101125357,1622101125387,30,1,94,3715.28917169718,-4792,210
1622101125427,1622101125447,20,0,42,2274.0255298979,-1,98
1622101125617,1622101125637,20,0,30,1770.28673590506,-1,236
1622101125647,1622101125717,70,18,695,36309.3785919191,-35639,135
1622101125727,1622101125747,20,0,37,779.570333246196,-188,249
1622101125777,1622101125797,20,0,56,1818.36274995923,-1,281
1622101125817,1622101125837,20,1,58,5290.02512307937,-1,295
1622101125847,1622101125857,10,-1,36,1457.45199242612,-1,-1
1622101125917,1622101125937,20,0,45,2614.17411348026,-1,294
1622101125987,1622101125997,10,-1,30,1834.82438165409,-1,-1
1622101126187,1622101126257,70,6,158,8919.91587747324,-8963,255
1622101126416,1622101126516,100,29,662,31121.7784802368,-46978,341
1622101126566,1622101126636,70,3,86,6116.91162399524,-4066,131
1622101126646,1622101126966,320,21,144,7745.12144768923,-5244,120
1622101126976,1622101127196,220,4,271,16110.3785670308,-23868,216
1622101127316,1622101127446,130,7,686,24721.0867245305,-28367,195
1622101127496,1622101127576,80,6,208,17434.8407617081,-14848,289
1622101127596,1622101127626,30,1,52,2310.98341035834,-1732,318
1622101127636,1622101127836,200,3,608,35355.4221734359,-55838,161
1622101127846,1622101127866,20,0,40,2531.0449626337,-1,23
1622101127886,1622101127906,20,0,44,2221.15840723526,-1,61
1622101127916,1622101128046,130,29,1778,114475.014779415,-96690,303
1622101128056,1622101128105,49,4,122,6954.61850994735,-4778,106
1622101128125,1622101128265,140,6,97,7017.84859132901,-5827,112
1622101128395,1622101128405,10,-1,46,2334.23417216321,-1,-1
1622101128415,1622101128495,80,3,64,3987.3592486184,-13,250
1622101128925,1622101128975,50,9,351,22270.4734414271,-19298,46
1622101129365,1622101129395,30,2,109,6595.6666456669,-2790,183
1622101129655,1622101129745,90,9,620,40098.5112080633,-41847,339
1622101129755,1622101129844,89,3,53,3015.90360600241,-1010,173
1622101129864,1622101130094,230,9,303,13772.8250890115,-17344,270
1622101130104,1622101130164,60,2,53,1432.06470231676,-894,180
1622101130194,1622101130204,10,-1,43,2031.18703146698,-1,-1
1622101130214,1622101130224,10,-1,37,1573.03370021441,-1,-1
1622101130274,1622101130304,30,0,35,1159.12681632344,-111,146
1622101130404,1622101130464,60,20,726,30785.5404729599,-41734,120
1622101130674,1622101130754,80,20,576,30631.5519075187,-16487,291
1622101130764,1622101130794,30,0,35,1798.37539835908,-46,114
1622101131344,1622101131364,20,0,53,4623.76233346664,-1,14
1622101131523,1622101131723,200,14,719,36805.2827741288,-34104,23
1622101131733,1622101131783,50,1,53,1148.76190678025,-1348,152
1622101131793,1622101131823,30,0,41,736.731664039374,-1008,135
1622101131903,1622101131953,50,3,139,8886.66969055405,-7965,239
1622101132123,1622101132323,200,21,485,20315.5824246646,-21411,189
1622101132333,1622101132353,20,0,42,1272.85100254221,-251,354
1622101132363,1622101132373,10,-1,31,240.220583562504,-1,-1
1622101132383,1622101132403,20,0,42,1174.31906965039,-1,0
1622101132413,1622101132493,80,21,1580,150062.082785725,-70985,104
1622101132503,1622101132523,20,0,34,2380.44208254892,-225,336
1622101132533,1622101132543,10,-1,30,351.545056122164,-1,-1
1622101132563,1622101132573,10,-1,30,534.8737685308,-1,-1
1622101132583,1622101132593,10,-1,31,253.613524360543,-1,-1
1622101132663,1622101132773,110,9,413,18168.1984106958,-26273,190
1622101132783,1622101132803,20,0,56,3053.09167807104,-903,331
1622101132813,1622101132833,20,0,40,1273.41053192195,-211,26
1622101132843,1622101132873,30,4,223,14696.9661378536,-7907,256
1622101132893,1622101133053,160,25,638,34050.2211562651,-22743,322
1622101133123,1622101133143,20,0,35,2338.26918581623,-1,138
1622101133153,1622101133162,9,-1,31,1497.50371612992,-1,-1
1622101133682,1622101133722,40,1,38,2113.10512140866,-395,277
1622101134232,1622101134522,290,14,1574,124034.556897571,-132583,16
1622101134542,1622101134612,70,3,119,5969.94888304088,-5568,220
1622101134772,1622101135011,239,17,638,20219.9820355796,-28156,198
1622101135051,1622101135061,10,-1,31,813.896802505193,-1,-1
1622101135201,1622101135221,20,0,39,3251.65103160602,-465,67
1622101135401,1622101135411,10,-1,36,1707.18284188214,-1,-1
1622101135781,1622101136001,220,19,750,38669.5649837945,-33236,20
1622101136011,1622101136061,50,1,136,8574.6910165523,-4206,199
1622101136111,1622101136281,170,23,363,12204.7581014095,-21015,168
1622101136291,1622101136301,10,-1,53,2484.89053423961,-1,-1
1622101136371,1622101136561,190,23,1921,153059.942987868,-113086,341
1622101136571,1622101136580,9,-1,30,324.775695947038,-1,-1
1622101136600,1622101136610,10,-1,30,141.752534869091,-1,-1
1622101136630,1622101136690,60,3,143,7846.13433050779,-9015,244
1622101136910,1622101136930,20,0,34,1952.19958768849,-327,147
1622101137190,1622101137440,250,20,703,32123.8857915282,-21071,146
1622101137540,1622101137730,190,8,312,11396.9869233997,-19117,11
1622101137750,1622101138160,410,31,915,40071.1214886864,-66007,310
1622101138170,1622101138269,99,4,100,7117.90496480393,-3379,182
1622101138299,1622101138359,60,2,48,1667.12868150118,-1321,148
1622101138379,1622101138399,20,0,42,1976.38456988293,-1,156
1622101138429,1622101138449,20,0,35,543.771660974343,-342,123
1622101138519,1622101138589,70,21,664,29848.1536575397,-30414,176
1622101138609,1622101138629,20,0,58,3657.42754849905,-1093,25
1622101138639,1622101138649,10,-1,43,1626.33382667017,-1,-1
1622101138669,1622101138689,20,0,39,1844.76400372422,-734,339
1622101138709,1622101138719,10,-1,33,702.656424207269,-1,-1
1622101138729,1622101138739,10,-1,342,32471.5967407532,-1,-1
1622101138749,1622101138759,10,-1,334,31216.2776086629,-1,-1
1622101138779,1622101138789,10,-1,35,884.739926421898,-1,-1
1622101138809,1622101138889,80,3,168,11645.3079701255,-11922,303
1622101138899,1622101139299,400,28,1248,86421.090594432,-81349,81
1622101139319,1622101139329,10,-1,34,940.718283272033,-1,-1
1622101139349,1622101139459,110,6,322,20538.809878576,-20704,109
1622101139529,1622101139559,30,1,70,3820.45789698713,-1225,316
1622101139579,1622101139589,10,-1,30,1173.6528148843,-1,-1
1622101139819,1622101139839,20,1,94,6915.05108879416,-4805,206
1622101139988,1622101140318,330,11,497,34218.2488501251,-21293,234
1622101140358,1622101140388,30,1,87,5679.96329544785,-1670,96
1622101140408,1622101140488,80,2,367,18257.9803887924,-25465,201
1622101140508,1622101140518,10,-1,30,900.916186024057,-1,-1
1622101140538,1622101140578,40,1,56,2104.27708143624,-389,107
1622101140588,1622101140618,30,1,52,2021.01295850644,-584,81
1622101140638,1622101140648,10,-1,30,240.758720237464,-1,-1
1622101141068,1622101141338,270,17,831,51320.6471024086,-43497,108
1622101141448,1622101141458,10,-1,37,3263.84214747791,-1,-1
1622101141468,1622101141528,60,7,354,15408.1961396371,-25680,144
1622101141578,1622101141627,49,1,43,961.615385291933,-788,289
1622101141647,1622101141677,30,0,33,681.181570185918,-369,296
1622101141687,1622101141697,10,-1,34,775.588007841957,-1,-1
1622101141737,1622101141757,20,0,31,476.09118602152,-24,341
1622101141877,1622101141917,40,1,161,10215.456942191,-10853,286
1622101141977,1622101141997,20,0,58,3528.27349107254,-1,0
1622101142097,1622101142107,10,-1,33,1634.74352502814,-1,-1
1622101142347,1622101142427,80,17,520,19024.5207435021,-30739,0
1622101142437,1622101142507,70,2,139,8263.20132001592,-9058,191
1622101142537,1622101142557,20,0,53,1918.48657412591,-1,198
1622101142567,1622101142747,180,15,648,25095.7850501388,-29444,248
1622101142787,1622101142797,10,-1,38,2323.82256192961,-1,-1
1622101142807,1622101142817,10,-1,38,1810.32335220679,-1,-1
1622101142827,1622101142877,50,2,118,5324.33748828302,-5286,230
1622101143057,1622101143327,270,13,575,23120.1290529064,-27438,10
1622101143337,1622101143386,49,3,93,2365.43679344952,-3978,217
1622101143456,1622101143476,20,0,38,2165.51184913507,-689,174
1622101143486,1622101143506,20,0,31,272.476306805953,-1,149
1622101143516,1622101143526,10,-1,37,1774.04211056388,-1,-1
1622101143556,1622101143576,20,0,34,1005.27827644229,-237,251
1622101144386,1622101144426,40,2,107,7011.82072681116,-6358,164
1622101144666,1622101144706,40,2,113,6763.01688917504,-5992,3
1622101144856,1622101145195,339,36,1321,75413.7313501644,-75156,183
1622101145215,1622101145255,40,3,129,8204.55430218666,-9522,358
1622101145265,1622101145485,220,8,269,9649.42876179681,-15887,3
1622101145505,1622101145565,60,3,100,5370.72397159349,-2553,280
1622101145895,1622101145935,40,1,43,1673.58066565604,-532,184
1622101146175,1622101146475,300,29,744,32887.0899282902,-48025,20
1622101146485,1622101146545,60,3,86,3903.25396283095,-2088,188
1622101146565,1622101146585,20,0,40,722.927833612209,-1,180
1622101146784,1622101146954,170,16,701,41845.8545079331,-26243,184
1622101147054,1622101147164,110,22,963,48114.9569008808,-49493,10
1622101147174,1622101147204,30,1,175,15290.486953502,-8078,217
1622101147224,1622101147244,20,0,52,2428.02615110717,-1521,214
1622101147904,1622101147914,10,-1,33,1297.64478255315,-1,-1
1622101148374,1622101148483,109,10,672,25915.7602360907,-3498,121
1622101148573,1622101149053,480,27,574,34183.1110023946,-48915,278
1622101149063,1622101149073,10,-1,32,596.234891610755,-1,-1
1622101149093,1622101149153,60,2,99,5334.886195028,-491,36
1622101149163,1622101149183,20,0,43,3856.24018534638,-607,34
1622101149193,1622101149213,20,0,43,3332.164322622,-523,67
1622101149593,1622101149633,40,5,251,19762.5679321097,-17815,41
1622101149803,1622101149873,70,2,40,936.677166977521,-816,77
1622101149953,1622101149983,30,2,134,8890.91944707627,-8742,147
1622101150142,1622101150152,10,-1,46,3364.58327002267,-1,-1
1622101150172,1622101150182,10,-1,38,1319.30991714118,-1,-1
1622101150292,1622101150352,60,2,140,9179.31376598664,-7806,229
1622101150442,1622101150462,20,0,32,344.161205384861,-85,128
1622101150472,1622101150492,20,0,32,352.639345601119,-1,98
1622101150512,1622101150562,50,6,609,50995.9691906343,-22865,76
1622101150652,1622101150802,150,10,1279,116575.615860854,-82641,81
1622101150812,1622101150842,30,2,210,8871.01565989032,-1,282
1622101150932,1622101150982,50,5,188,14906.4821758694,-9981,116
1622101150992,1622101151042,50,0,148,12906.7100433302,-8469,281
1622101151052,1622101151062,10,-1,43,3971.1774412943,-1,-1
1622101151082,1622101151112,30,2,100,4255.53562374804,-5995,239
1622101151162,1622101151252,90,13,1729,119939.831612024,-6554,265
1622101151452,1622101151562,110,12,285,15675.8782975846,-24473,144
1622101151572,1622101151662,90,2,132,7881.54705505855,-7432,178
1622101151702,1622101151712,10,-1,31,1082.19639167271,-1,-1
1622101151981,1622101151991,10,-1,32,871.27835988247,-1,-1
1622101152031,1622101152041,10,-1,37,1187.34624886179,-1,-1
1622101152171,1622101152191,20,0,42,2881.92840073179,-726,85
1622101152391,1622101152401,10,-1,35,1076.10841801352,-1,-1
1622101153021,1622101153031,10,-1,40,2744.07106089051,-1,-1
1622101153041,1622101153201,160,34,751,67472.49412775,-42562,97
1622101153291,1622101153341,50,6,243,11766.4905068018,-12033,40
1622101153351,1622101153401,50,8,266,24428.1156221771,-15217,235
1622101153411,1622101153481,70,4,235,14003.9025622225,-14173,270
1622101153580,1622101153690,110,4,172,9311.74495912854,-8108,109
1622101153810,1622101153820,10,-1,35,2832.27064067189,-1,-1
1622101153910,1622101153950,40,5,288,20874.9386161619,-9206,267
1622101154070,1622101154180,110,6,765,73216.8874135677,-71585,298
1622101154190,1622101154220,30,1,54,2290.50906665893,-1,337
1622101154230,1622101154330,100,14,510,25974.57944378,-22467,115
1622101154340,1622101154360,20,3,399,23459.4878344879,-1,85
1622101154520,1622101154590,70,13,1815,60126.3748713261,-157524,70
1622101154600,1622101154740,140,8,1611,149011.187928667,-150820,279
1622101154760,1622101154790,30,23,1174,112137.242847383,-113482,253
1622101154820,1622101154850,30,22,1117,109096.103175516,-108527,70
1622101154890,1622101155010,120,5,335,17944.6596491492,-6393,63
1622101155110,1622101155299,189,8,351,7733.87883279506,-17112,283
1622101155309,1622101155349,40,1,70,2072.62759581015,-3537,324
1622101155359,1622101155519,160,2,931,88070.9447924409,-30522,311
1622101155569,1622101155599,30,0,37,885.800952508044,-314,30
1622101155639,1622101155729,90,7,216,9885.90299956154,-9952,275
1622101156189,1622101156259,70,12,396,21990.2660795243,-18196,356
1622101156269,1622101156279,10,-1,31,265.394497196549,-1,-1
1622101156319,1622101156329,10,-1,33,1046.4448700557,-1,-1
1622101156349,1622101156399,50,3,323,20458.6006154778,-1,123
1622101156539,1622101156569,30,19,823,19220.8739738611,-26316,318
1622101156579,1622101156709,130,14,214,9266.73694499271,-7376,172
1622101156719,1622101156779,60,11,658,31858.7185544621,-34024,304
1622101156819,1622101156978,159,13,171,8729.48206060181,-12270,149
1622101156988,1622101157058,70,3,62,2229.51063445533,-1041,245
1622101157098,1622101157208,110,10,158,8269.48303424926,-5709,136
1622101157218,1622101157288,70,3,377,21982.1535716318,-3100,39
1622101157438,1622101157558,120,6,298,1565.74205491273,-16967,214
1622101157608,1622101157838,230,28,1119,52574.8780759197,-56435,150
1622101157848,1622101157968,120,4,130,7210.37881233624,-6038,282
1622101157978,1622101158058,80,3,189,17933.8387919549,-12327,0
1622101158068,1622101158388,320,13,309,25725.3520493564,-20311,309
1622101160906,1622101161066,160,6,1075,61362.9883383299,-70949,67
1622101161076,1622101161156,80,3,79,4920.89826026132,-2135,151
1622101161176,1622101161186,10,-1,57,3802.7921291384,-1,-1
1622101161216,1622101161246,30,3,185,9419.44583918962,-7275,296
1622101161296,1622101161336,40,7,340,19336.2279773056,-18719,80
1622101161766,1622101161956,190,18,560,46760.9765493228,-44092,33
1622101161966,1622101162065,99,10,584,47508.0881449027,-46375,153
1622101162155,1622101162215,60,16,1239,68155.1999707646,-2116,338
1622101162305,1622101162505,200,18,808,33455.0583548183,-54007,123
1622101162515,1622101162525,10,-1,37,2146.00753245058,-1,-1
1622101162535,1622101162555,20,0,64,3818.78788702808,-2549,12
1622101162565,1622101162585,20,5,273,22755.0883195763,-1,166
1622101162595,1622101162735,140,4,395,30846.2891588131,-20426,102
1622101162755,1622101162805,50,4,240,11648.5676957871,-16086,347
1622101162815,1622101162825,10,-1,39,2062.77332915319,-1,-1
1622101162855,1622101162875,20,4,216,19324.369429734,-1,328
1622101162885,1622101162905,20,0,55,3249.23558653084,-972,57
1622101162915,1622101162945,30,2,298,20604.4512647745,-1,146
1622101162955,1622101162975,20,2,291,28913.1220999912,-19703,344
1622101163035,1622101163075,40,1,60,2609.35694946893,-2158,57
1622101163684,1622101163874,190,6,659,27570.413739198,-35370,218
1622101163884,1622101163894,10,-1,199,18176.2139251927,-1,-1
1622101163904,1622101163964,60,2,275,24098.4201300062,-23141,97
1622101163974,1622101164014,40,2,608,59887.8207528446,-48785,94
1622101164064,1622101164134,70,24,754,27294.2509120932,-42308,352
1622101164144,1622101164324,180,9,142,6231.41091540329,-5468,157
1622101164344,1622101164384,40,2,84,2848.47670477652,-3631,188
1622101164494,1622101164514,20,0,58,4621.42187980177,-1864,79
1622101164604,1622101164614,10,-1,34,446.83423897153,-1,-1
1622101164624,1622101164774,150,17,535,32957.2569715209,-25344,165
1622101164824,1622101164844,20,0,51,1525.73300991573,-1,36
1622101164864,1622101164874,10,-1,40,1745.75874613887,-1,-1
1622101164934,1622101164954,20,0,38,2413.08751771933,-1,14
1622101164964,1622101165044,80,5,109,5378.05441965853,-5837,286
1622101165054,1622101165094,40,1,50,2447.55745421706,-491,21
1622101165194,1622101165204,10,-1,58,4333.46468518475,-1,-1
1622101165214,1622101165244,30,1,107,9600.97071741986,-3794,306
1622101165274,1622101165503,229,0,1595,99692.6454779469,-79836,301
1622101165533,1622101165553,20,0,52,1840.30551133815,-1,61
1622101165673,1622101165693,20,0,35,2087.92848083464,-1,84
1622101165833,1622101165843,10,-1,49,3365.4720562795,-1,-1
1622101165853,1622101166133,280,13,703,52473.0282123602,-27780,180
1622101166193,1622101166223,30,2,129,8479.0730591224,-6104,301
1622101166233,1622101166243,10,-1,30,891.997769574864,-1,-1
1622101166463,1622101166473,10,-1,82,5525.89415093767,-1,-1
1622101166573,1622101166733,160,13,629,8818.12910657856,-44124,250
1622101166753,1622101166813,60,3,143,6426.07992595369,-2890,213
1622101166873,1622101166893,20,0,39,1637.38428728755,-1,185
1622101166973,1622101166993,20,0,34,923.387703619323,-204,236
1622101167432,1622101167452,20,0,61,4198.15932549658,-1023,3
1622101167512,1622101167722,210,34,652,23165.7370660848,-20497,100
1622101167812,1622101167882,70,2,115,3847.78773846275,-5008,332
1622101167922,1622101167952,30,1,49,2401.98394656938,-1019,258
1622101168252,1622101168262,10,-1,31,2167.9323507883,-1,-1
1622101168282,1622101168312,30,1,67,3283.56266478148,-1942,87
1622101168352,1622101168432,80,6,341,24718.6352266795,-18693,90
1622101168442,1622101168472,30,1,68,2720.59845592175,-1475,256
1622101168482,1622101168532,50,2,57,1648.27445229468,-1697,259
1622101168542,1622101168572,30,0,55,2536.65476492461,-232,70
1622101168582,1622101168622,40,4,147,10608.4423082986,-9402,107
1622101168672,1622101168712,40,3,121,5759.87561595661,-4677,278
1622101168781,1622101168871,90,3,159,13044.3992378183,-5967,94
1622101168921,1622101168941,20,1,146,7240.1456439773,-1,90
1622101169091,1622101169171,80,6,964,13734.5868342626,-45502,260
1622101169181,1622101169301,120,2,417,38038.5692738242,-19670,184
1622101169311,1622101169371,60,4,112,9709.60184574555,-4049,75
1622101169401,1622101169691,290,17,617,39408.5768493274,-25317,31
1622101169701,1622101169731,30,1,71,3016.92150172121,-2050,161
1622101169891,1622101169921,30,0,39,804.702512720879,-496,101
1622101170261,1622101170301,40,2,90,5869.64706512205,-2377,189
1622101170371,1622101170441,70,2,51,1525.56982243749,-1281,272
1622101170450,1622101170530,79,4,335,11433.0147621711,-1437,63
1622101170640,1622101170800,160,7,1736,145430.219540356,-155316,133
1622101171130,1622101171170,40,1,55,2629.78841851777,-1,249
1622101171180,1622101171210,30,2,95,8671.54603067587,-5982,50
1622101171320,1622101171370,50,1,31,2243.79419449646,-15,91
1622101171480,1622101171650,170,8,1827,145936.166770667,-149142,228
1622101171660,1622101171750,90,4,76,3122.82703826674,-3805,82
1622101171760,1622101171800,40,2,99,3291.35324601873,-2948,77
1622101171840,1622101171870,30,16,810,49047.6431515169,-31644,91
1622101171930,1622101171970,40,6,311,29257.0974002843,-27535,280
1622101172269,1622101172299,30,0,34,484.96496638583,-425,257
1622101172319,1622101172449,130,24,642,35632.0600979537,-14999,84
1622101172479,1622101172489,10,-1,38,1403.59329215571,-1,-1
1622101172519,1622101172539,20,0,38,1835.15414334117,-594,45
1622101172559,1622101172599,40,2,116,6609.53656778383,-5550,88
1622101173199,1622101173229,30,2,94,7071.95811809484,-5109,90
1622101173239,1622101173249,10,-1,38,2997.20523357478,-1,-1
1622101173389,1622101173419,30,3,126,6017.63658094431,-3026,101
1622101173559,1622101173639,80,5,140,8650.64526269113,-7381,287
1622101173659,1622101173789,130,4,405,24523.2352256901,-29773,133
1622101173799,1622101173908,109,0,237,19457.0702058998,-15878,259
1622101174128,1622101174248,120,4,420,35047.7222876818,-22289,193
1622101174498,1622101174518,20,1,58,3957.28520077358,-1,257
1622101174528,1622101174938,410,25,1999,144005.500599041,-104741,272
1622101174948,1622101175008,60,25,953,54934.9572857353,-73156,85
1622101175098,1622101175128,30,6,488,-1.0,-21531,90
1622101175238,1622101175328,90,2,310,16369.4185249025,-12665,87
1622101175348,1622101175378,30,20,975,94189.1856441126,-93074,291
1622101175388,1622101175617,229,20,1332,115226.728556482,-115295,189
1622101175657,1622101175737,80,32,669,32068.0492343848,-38359,343
1622101175757,1622101175827,70,2,65,3013.39416393776,-2148,155
1622101175847,1622101175917,70,2,61,1347.73289623298,-1609,142
1622101175937,1622101175957,20,0,48,1560.08769541289,-1,151
1622101176057,1622101176087,30,0,38,1073.69115897898,-508,140
1622101176107,1622101176387,280,13,1343,84682.142149703,-80575,297
1622101176397,1622101176447,50,2,142,6867.21908813481,-7507,267
1622101176507,1622101176517,10,-1,96,8003.56325315243,-1,-1
1622101176727,1622101176747,20,20,1047,8538.88536599324,-1,69
1622101177576,1622101177696,120,5,1033,72037.4430140257,-68034,133
1622101177846,1622101177876,30,1,138,-1.0,-6510,185
1622101177886,1622101178066,180,20,1877,101642.152758965,-107871,81
1622101178076,1622101178096,20,9,1382,96550.0628341762,-1,257
1622101178206,1622101178216,10,-1,150,-1.0,-1,-1
1622101178226,1622101178236,10,-1,41,2198.55348539242,-1,-1
1622101178246,1622101178326,80,20,557,15661.9326075407,-509,102
1622101178416,1622101178486,70,6,879,4826.56083653306,-54686,248
1622101178496,1622101178506,10,-1,83,7072.45489295265,-1,-1
1622101178516,1622101178536,20,0,160,13385.502262431,-10224,112
1622101178546,1622101178566,20,0,32,806.430256922053,-69,113
1622101178686,1622101178786,100,4,114,4025.34515505898,-6220,138
1622101178935,1622101178945,10,-1,30,2464.81546700438,-1,-1
1622101178965,1622101179015,50,1,41,1967.91860175708,-867,80
1622101179025,1622101179045,20,0,47,2281.59710995216,-65,85
1622101179055,1622101179065,10,-1,33,452.011403091209,-1,-1
1622101179085,1622101179095,10,-1,31,595.870820452422,-1,-1
1622101179105,1622101179145,40,2,93,6248.97731339108,-5075,242
1622101179215,1622101179285,70,2,46,1542.67137425237,-1422,312
1622101179305,1622101179335,30,1,55,2469.10794258116,-1114,346
1622101179365,1622101179405,40,1,59,2269.22552227726,-1346,28
1622101179415,1622101179685,270,9,560,21924.8685537933,-19376,140
1622101179705,1622101179715,10,-1,30,321.067505521061,-1,-1
1622101179785,1622101179925,140,23,1355,65226.258677956,-73161,358
1622101179935,1622101180035,100,6,129,5289.79083760836,-5706,199
1622101180045,1622101180105,60,2,47,1037.28575067149,-215,185
1622101180724,1622101180734,10,-1,44,2849.91523134086,-1,-1
1622101180804,1622101180824,20,0,34,1492.58326314954,-1,116
1622101180974,1622101181054,80,12,668,34801.0912882189,-33040,66
1622101181164,1622101181174,10,-1,31,1984.41102391553,-1,-1
1622101181184,1622101181194,10,-1,33,1682.34528765793,-1,-1
1622101181534,1622101181644,110,11,321,12480.8000503494,-13183,235
1622101181984,1622101182024,40,2,290,28081.1629465392,-8154,291
1622101182124,1622101182154,30,3,195,15639.6257197654,-16174,294
1622101182363,1622101182373,10,-1,34,1595.6787901971,-1,-1
1622101182393,1622101182493,100,5,518,42215.7298935083,-34443,111
1622101182503,1622101182623,120,2,1616,120507.091126378,-127958,99
1622101182923,1622101182983,60,4,414,18287.6938364914,-36485,268
1622101183113,1622101183143,30,4,311,16409.7566460473,-1,88
1622101183183,1622101183273,90,0,253,18853.4227901193,-17384,161
1622101183373,1622101183393,20,2,324,21826.1571210119,-1,260
1622101183403,1622101183423,20,1,285,27027.2732171655,-20906,72
1622101183453,1622101183543,90,2,405,25976.7600577022,-18205,289
1622101183593,1622101183613,20,1,132,7055.85944945209,-1,194
1622101183623,1622101183663,40,1,120,10859.3268990365,-5026,15
1622101183673,1622101183903,230,27,1167,67954.3375763609,-58093,254
1622101183933,1622101183972,39,1,57,2154.89675326804,-1030,60
1622101184002,1622101184282,280,30,1063,82861.9636721684,-72270,77
1622101184292,1622101184302,10,-1,36,1347.51780931091,-1,-1
1622101184312,1622101184342,30,0,44,2894.31937431962,-847,250
1622101184452,1622101184472,20,0,44,1188.57408783533,-1,264
1622101184622,1622101184632,10,-1,32,778.9678422661,-1,-1
1622101184722,1622101184732,10,-1,30,2257.11383862668,-1,-1
1622101184822,1622101184842,20,0,38,3052.68936813858,-116,145
1622101184982,1622101184992,10,-1,38,2135.50009531921,-1,-1
1622101185002,1622101185022,20,0,35,1055.39352546203,-1,98
1622101185062,1622101185082,20,1,63,4864.04474223006,-1,95
1622101185132,1622101185162,30,1,75,3410.58077062435,-1248,99
1622101185192,1622101185202,10,-1,40,1182.23236793635,-1,-1
1622101185222,1622101185242,20,0,33,2058.80610883772,-1,90
1622101185372,1622101185382,10,-1,30,591.151732654964,-1,-1
1622101185422,1622101185442,20,1,104,6842.47155025509,-1,102
1622101185452,1622101185462,10,-1,35,3033.16985047122,-1,-1
1622101185502,1622101185552,50,0,151,8917.25491576529,-2904,251
1622101185701,1622101185841,140,3,1639,160624.206620705,-156628,114
1622101185871,1622101185911,40,2,87,4521.40598827176,-4580,250
1622101185971,1622101186001,30,2,99,4607.30228745844,-5272,337
1622101186021,1622101186211,190,27,633,49695.4981463342,-34613,202
1622101186241,1622101186301,60,9,344,18433.4423462316,-15807,3
1622101186311,1622101186431,120,5,349,19597.2202920718,-19264,218
1622101186451,1622101186461,10,-1,35,1094.45207276787,-1,-1
1622101186481,1622101186521,40,9,373,18688.2354912338,-17587,163
1622101186541,1622101186761,220,23,657,33052.0751564985,-51820,31
1622101186771,1622101186791,20,3,257,24408.5310548399,-11944,335
1622101186921,1622101186961,40,17,755,54125.6030824969,-50819,263
1622101186971,1622101186991,20,0,47,1718.47680854228,-1,264
1622101187001,1622101187021,20,22,1045,102267.511827517,-617,64
1622101187071,1622101187101,30,32,1543,104874.95308532,-48134,244
1622101187131,1622101187191,60,4,81,4364.89172427219,-1,77
1622101187281,1622101187341,60,15,1061,-1.0,-58410,13
1622101187370,1622101187410,40,13,587,57003.1144368029,-47266,194
1622101187430,1622101187530,100,8,1122,89662.3445193147,-90885,232
1622101187890,1622101187930,40,5,284,3355.34398385524,-14000,273
1622101187960,1622101188210,250,34,1686,73277.0572962892,-60544,257
1622101188280,1622101188290,10,-1,37,2747.66360215008,-1,-1
1622101188350,1622101188380,30,2,128,6420.17722328048,-3734,222
1622101188610,1622101188630,20,0,33,1005.50339763641,-80,75
1622101188770,1622101188790,20,0,32,329.844133059003,-1,72
1622101189409,1622101189499,90,28,801,51329.5210101141,-44926,195
1622101189509,1622101189889,380,8,836,61078.6156036014,-79546,24
1622101189899,1622101190059,160,7,448,30057.0543330331,-26709,51
1622101190069,1622101190159,90,3,201,10360.5466437546,-12412,107
1622101190219,1622101190259,40,2,102,6742.04327244727,-5691,312
1622101190269,1622101190289,20,0,61,3457.03224058732,-1,105
1622101190399,1622101190439,40,3,472,42404.6138952031,-36301,296
1622101190479,1622101190489,10,-1,32,665.388346872722,-1,-1
1622101190639,1622101190649,10,-1,32,1466.30353692997,-1,-1
1622101190679,1622101190689,10,-1,30,439.546579085406,-1,-1
1622101190709,1622101190729,20,0,55,2277.98552644906,-1,273
1622101190748,1622101190758,10,-1,33,379.807916048912,-1,-1
1622101191038,1622101191088,50,0,244,19230.8887368269,-19674,153
1622101191338,1622101191348,10,-1,116,9722.74239563747,-1,-1
1622101191358,1622101191378,20,2,158,14587.1268025834,-4905,284
1622101191568,1622101191578,10,-1,31,1110.32867775546,-1,-1
1622101191878,1622101191968,90,6,210,10738.4572595477,-9484,351
1622101192557,1622101192577,20,0,56,3107.27928881269,-1,102
1622101192647,1622101192697,50,12,355,19729.0349148346,-15593,355
1622101192767,1622101192787,20,1,87,7019.38179554398,-63,100
1622101192937,1622101192947,10,-1,40,2298.98411007213,-1,-1
1622101193037,1622101193067,30,1,81,2304.11076801212,-1,103
1622101193077,1622101193097,20,0,49,3142.80601577317,-1618,264
1622101193177,1622101193207,30,1,80,5012.01823002825,-591,151
1622101193717,1622101193767,50,9,313,14629.2665641276,-16910,202
1622101194097,1622101194117,20,0,71,3564.1274183869,-1,270
1622101194147,1622101194256,109,11,407,14255.9824135269,-21074,358
1622101194286,1622101194316,30,0,41,1538.07519200041,-335,236
1622101194416,1622101194436,20,0,110,6567.12032570566,-1,261
1622101194446,1622101194476,30,1,126,11240.8910746065,-6352,326
1622101195526,1622101195596,70,6,368,29072.9413840703,-19725,262
1622101197814,1622101197834,20,1,111,5617.42765691141,-1,100
1622101197844,1622101197864,20,0,95,8109.96833978186,-5702,287
1622101198014,1622101198054,40,4,261,11657.3117256156,-4012,96
1622101198374,1622101198404,30,1,51,2515.94697331961,-1291,345
1622101198744,1622101198854,110,17,502,26752.2241009872,-24167,45
1622101198894,1622101198914,20,0,51,2621.30885895082,-1283,264
1622101198924,1622101198964,40,1,143,5865.59373106973,-1643,233
1622101198984,1622101199004,20,0,37,2206.88113509981,-1,255
1622101199054,1622101199074,20,1,64,5158.28257008188,-1,260
1622101199084,1622101199114,30,5,443,22305.4942392836,-1,226
1622101201042,1622101201212,170,4,443,18578.2285056503,-29213,177
1622101201232,1622101201252,20,1,127,10706.5033322934,-5215,230
1622101201372,1622101201422,50,5,249,13687.0363553138,-12849,104
1622101201452,1622101201462,10,-1,31,652.242526158691,-1,-1
1622101201472,1622101201552,80,1,343,17941.1874677183,-29889,256
1622101201592,1622101201762,170,30,701,24927.7201623046,-43796,328
1622101201772,1622101201832,60,4,126,5770.40061452446,-3331,185
1622101201852,1622101201962,110,7,94,2707.2282015705,-122,156
1622101201992,1622101202022,30,1,44,1023.29963199444,-794,158
1622101202132,1622101202172,40,3,127,6820.22086298676,-6795,189
1622101202402,1622101202412,10,-1,32,820.546988654605,-1,-1
1622101202452,1622101202492,40,1,39,1575.28145597791,-286,0
1622101202502,1622101202532,30,1,58,2299.50161061323,-2414,326
1622101202552,1622101202572,20,0,40,2400.25935491404,-960,340
1622101202592,1622101202671,79,24,827,33591.5975691328,-70394,154
1622101202701,1622101202721,20,0,32,415.990850629233,-70,15
1622101202741,1622101202761,20,0,38,989.735855698799,-751,352
1622101202781,1622101202791,10,-1,32,444.058690842866,-1,-1
1622101202881,1622101202931,50,4,121,4671.03668816182,-4130,145
1622101203401,1622101203421,20,0,52,3000.53153519411,-348,143
1622101203991,1622101204051,60,11,387,12004.0640600297,-27658,173
1622101204440,1622101204540,100,8,481,35026.3223565462,-41691,168
1622101204560,1622101204580,20,0,71,3477.51075033749,-1,266
1622101204590,1622101204610,20,1,60,3615.64740054265,-1672,68
1622101204620,1622101204630,10,-1,675,65314.5704075571,-1,-1
1622101204730,1622101204800,70,5,455,21345.0733756149,-35108,238
1622101204840,1622101204860,20,0,48,1893.61220820393,-709,131
1622101204930,1622101205260,330,14,757,49252.3458618667,-57149,329
1622101205310,1622101205380,70,2,54,1777.36180105668,-1535,150
1622101205400,1622101205410,10,-1,30,111.776382734704,-1,-1
1622101205770,1622101205840,70,24,680,20568.173679608,-31458,152
1622101205860,1622101205910,50,1,45,2469.38180586769,-672,6
1622101205960,1622101205989,29,0,42,2036.9620069282,-546,24
1622101206029,1622101206049,20,0,32,475.21394623351,-1,344
1622101206079,1622101206089,10,-1,34,932.764037045731,-1,-1
1622101207229,1622101207269,40,5,187,9104.04285550722,-7755,163
1622101208558,1622101208628,70,8,969,87671.2086185325,-86640,186
1622101208728,1622101208748,20,1,864,80860.3919138936,-1,69
1622101210227,1622101210257,30,5,374,11091.5728393952,-1,314
1622101210587,1622101210607,20,1,130,-1.0,-5881,312
1622101210637,1622101210737,100,16,1032,36925.6099673153,-80035,10
1622101211176,1622101211206,30,4,383,-1.0,-17012,170
1622101212306,1622101212366,60,4,114,2603.64454926039,-5214,156
1622101212376,1622101212406,30,1,80,6325.67715041404,-2632,162
1622101213465,1622101213505,40,5,398,2096.22436495246,-17065,161
1622101213515,1622101213585,70,3,80,3247.93135758526,-2632,51
1622101213605,1622101213685,80,5,138,9921.96840471407,-7076,37
1622101213695,1622101213985,290,3,556,43254.2660219879,-35045,324
1622101213995,1622101214065,70,6,202,17508.2776996801,-11001,184
1622101214075,1622101214365,290,16,712,52648.8441012287,-22253,22
1622101214464,1622101214574,110,9,251,17854.4592078816,-9070,108
1622101214584,1622101214614,30,0,68,4356.57718567562,-2802,170
1622101214624,1622101214714,90,4,211,19290.4991680549,-17500,253
1622101214804,1622101214814,10,-1,32,2086.7229258655,-1,-1
1622101214844,1622101214864,20,1,64,3531.3424845177,-3030,14
1622101214904,1622101215194,290,27,1088,48656.7536091439,-70697,163
1622101215274,1622101215284,10,-1,41,2644.35502887476,-1,-1
1622101215584,1622101215594,10,-1,41,2617.44705501472,-1,-1
1622101215604,1622101215644,40,0,658,58860.4767140605,-1019,7
1622101215654,1622101215664,10,-1,707,69169.2682454252,-1,-1
1622101216513,1622101216533,20,0,49,4100.23698967554,-1210,312
1622101216783,1622101217043,260,28,1229,60600.7143464122,-39542,103
1622101217053,1622101217093,40,2,1513,148404.179595419,-42280,273
1622101217103,1622101217233,130,7,1330,51278.9685810252,-97666,81
1622101217373,1622101217423,50,10,394,-1.0,-13951,61
1622101217643,1622101217683,40,6,176,8706.04799480654,-8265,261
1622101217703,1622101217733,30,4,206,10828.2514948396,-8420,81
1622101218012,1622101218042,30,1,305,-1.0,-21620,98
1622101218072,1622101218092,20,5,240,23146.918511063,-187,45
1622101218242,1622101218282,40,16,780,52508.3778046002,-49541,221
1622101218332,1622101218342,10,-1,42,2196.27797635809,-1,-1
1622101218392,1622101218402,10,-1,35,1027.38705309571,-1,-1
1622101218432,1622101218532,100,2,264,10840.8095508374,-18927,117
1622101218542,1622101218732,190,13,437,30423.542308793,-34156,29
1622101218892,1622101219312,420,30,939,39728.6276057263,-60698,317
1622101219322,1622101219671,349,11,527,25212.8739392549,-29476,293
1622101219681,1622101219911,230,1,233,17279.8110573128,-14208,344
1622101219991,1622101220461,470,53,851,32147.7079592068,-41096,151
1622101220471,1622101220521,50,7,327,19008.900556617,-25272,293
1622101220531,1622101220611,80,5,278,17440.957935726,-6535,24
1622101220621,1622101220671,50,5,325,15836.1755413375,-24821,87
1622101220681,1622101220751,70,2,468,41880.8747879184,-30702,46
1622101220761,1622101221061,300,6,352,25023.287419056,-23061,295
1622101221121,1622101221171,50,1,43,1013.7148235944,-225,325
1622101221190,1622101221200,9,-1,30,550.893608680258,-1,-1
1622101221260,1622101221310,50,1,324,24473.6576129166,-13200,306
1622101221320,1622101221330,10,-1,34,822.349890615931,-1,-1
1622101221420,1622101221520,100,2,334,18530.5591348705,-21216,286
1622101221540,1622101221610,70,1,415,26151.1471201489,-18468,249
1622101222000,1622101222020,20,0,48,3007.83798000444,-1,93
1622101222070,1622101222080,10,-1,46,2127.27860366289,-1,-1
1622101222250,1622101222260,10,-1,54,3606.66168473918,-1,-1
1622101222270,1622101222280,10,-1,39,2132.40515157854,-1,-1
1622101222510,1622101222550,40,4,197,10436.974319391,-8585,321
1622101222650,1622101222660,10,-1,39,2118.080872657,-1,-1
1622101222670,1622101222979,309,18,1629,104069.406021852,-78740,258
1622101223019,1622101223029,10,-1,30,250.485547190004,-1,-1
1622101223049,1622101223089,40,5,188,10792.4825494025,-11360,240
1622101223329,1622101223419,90,26,678,24940.4403508154,-34935,31
1622101223429,1622101223449,20,1,101,5319.98823430195,-1,193
1622101223459,1622101223489,30,0,74,5730.17762780904,-3886,203
1622101223499,1622101223579,80,8,340,18325.4640324428,-18028,320
1622101223589,1622101223629,40,2,80,2746.27128940957,-2063,68
1622101223689,1622101223729,40,1,52,2188.23178129224,-1256,174
1622101223739,1622101223839,100,7,381,34530.1649795069,-17068,201
1622101223959,1622101224089,130,10,421,12412.2894419607,-37131,274
1622101224129,1622101224239,110,14,414,12395.6276310402,-20975,348
1622101224249,1622101224279,30,2,93,4312.67393929279,-2547,209
1622101224289,1622101224499,210,8,307,19610.1319915342,-24861,230
1622101224549,1622101224618,69,16,590,34461.857297968,-33168,167
1622101224688,1622101224768,80,3,78,2410.14636236257,-1609,82
1622101224778,1622101224808,30,1,52,2445.8813804641,-328,57
1622101224858,1622101224908,50,6,237,13037.1370261584,-10648,319
1622101224958,1622101224968,10,-1,31,796.775953970379,-1,-1
1622101224998,1622101225008,10,-1,31,813.200057595057,-1,-1
1622101225198,1622101225258,60,8,370,19222.7520204949,-17714,164
1622101225428,1622101225448,20,0,39,2621.2995944252,-1,85
1622101225638,1622101225718,80,16,577,31103.5913087286,-24751,147
1622101225728,1622101225748,20,0,55,4329.53003156307,-2112,312
1622101225898,1622101226108,210,25,1210,84422.3817744026,-52728,324
1622101226148,1622101226238,90,18,510,21961.5417082973,-24080,228
1622101226248,1622101226257,9,-1,37,1688.65696092099,-1,-1
1622101226567,1622101226577,10,-1,30,1011.08477008645,-1,-1
1622101226817,1622101226837,20,0,40,2472.11371659756,-203,343
1622101227087,1622101227107,20,0,30,1011.93422696599,-5,261
1622101227127,1622101227437,310,14,697,45173.5633674385,-44218,15
1622101227477,1622101227497,20,0,42,1244.91603293184,-918,180
1622101227857,1622101227877,20,0,41,1393.1710789529,-1,215
1622101228096,1622101228356,260,11,609,24170.9656760808,-36745,167
1622101228366,1622101228406,40,4,213,13636.2317092134,-10680,226
1622101228416,1622101228436,20,0,52,4750.75075374824,-1290,13
1622101228456,1622101228486,30,0,42,1629.59322101892,-937,327
1622101228706,1622101228956,250,12,1016,55359.0035286,-45765,160
1622101228996,1622101229126,130,9,546,34311.5311049945,-44350,185
1622101229136,1622101229166,30,2,110,5383.33607198152,-3333,316
1622101229196,1622101229226,30,1,957,93256.6273561156,-90336,318
1622101229256,1622101229286,30,1,136,6692.80863636903,-1,90
1622101229376,1622101229406,30,1,57,4618.49793590706,-1843,282
1622101229426,1622101229446,20,0,39,1046.78040295711,-725,293
1622101229546,1622101229815,269,28,603,34376.6800851264,-30163,43
1622101229835,1622101229845,10,-1,33,1468.17820850142,-1,-1
1622101230005,1622101230065,60,2,114,10412.4446798092,-3822,124
1622101230095,1622101230105,10,-1,30,337.192374098944,-1,-1
1622101230205,1622101230285,80,4,140,12187.0871110744,-7359,224
1622101230535,1622101230575,40,4,186,10001.6334836405,-8147,335
1622101231005,1622101231055,50,5,233,14020.2486634485,-12087,154
1622101231315,1622101231364,49,5,183,11558.0595696756,-7657,343
1622101231854,1622101231954,100,6,344,30789.1976329903,-16143,133
1622101231964,1622101231984,20,1,199,17491.16426916,-14024,267
1622101232264,1622101232274,10,-1,182,16589.2683392365,-1,-1
1622101232384,1622101232534,150,22,677,46695.3541974294,-43145,292
1622101232584,1622101232634,50,1,194,15468.0997647481,-16113,214
1622101232644,1622101232654,10,-1,121,11360.9157703468,-1,-1
1622101232894,1622101232964,70,7,228,13057.8213766286,-16178,179
1622101233103,1622101233113,10,-1,55,3823.72874921275,-1,-1
1622101233123,1622101233173,50,8,292,18853.2922034692,-15367,355
1622101233333,1622101233373,40,4,218,11099.3381069364,-9694,345
1622101233403,1622101233503,100,1,167,11213.6758585037,-7141,212
1622101233543,1622101233573,30,1,57,2670.19600500057,-1,143
1622101233583,1622101233683,100,27,498,14035.7146985854,-28569,274
1622101233713,1622101233793,80,4,71,3290.88352274397,-2067,131
1622101233803,1622101233853,50,8,349,14699.0147961958,-13819,205
1622101234003,1622101234013,10,-1,33,-1.0,-1,-1
1622101234023,1622101234123,100,22,791,45173.9345954677,-33626,45
1622101234143,1622101234263,120,4,49,1781.93318853491,-1336,201
1622101234283,1622101234343,60,2,63,1518.19753992273,-1835,139
1622101234353,1622101234373,20,0,34,359.292311853666,-1,129
1622101234383,1622101234413,30,0,44,1114.43320169036,-598,132
1622101234473,1622101234543,70,2,63,1265.96472213023,-300,91
1622101234553,1622101234762,209,7,361,32957.1617024585,-27657,150
1622101234772,1622101234832,60,2,62,3280.14891151715,-1568,85
1622101235002,1622101235112,110,11,1517,10345.0148628971,-138471,282
1622101235162,1622101235192,30,2,99,5909.59328790862,-4610,185
1622101235222,1622101235502,280,15,407,23473.8347886897,-20741,165
1622101235512,1622101235562,50,1,36,476.372269031582,-258,4
1622101235582,1622101235602,20,0,33,1560.73722737081,-135,45
1622101235762,1622101235792,30,1,166,15056.074869417,-7706,98
1622101235822,1622101235842,20,0,47,1575.80669473429,-1,122
1622101235922,1622101235952,30,2,117,5247.66053211007,-3265,264
1622101235972,1622101236052,80,8,390,17849.8204125302,-15334,87
1622101236062,1622101236122,60,2,145,8466.22541055906,-7160,324
1622101236162,1622101236192,30,2,266,13527.0330495193,-1477,105
1622101236212,1622101236481,269,9,1015,86224.7980177227,-43185,184
1622101236511,1622101236811,300,10,606,45907.6057615855,-44847,139
1622101236831,1622101237061,230,26,699,20162.5106573966,-39177,328
1622101237071,1622101237131,60,1,38,524.263590398421,-399,193
1622101237161,1622101237281,120,17,433,21202.7172151799,-21841,257
1622101237291,1622101237301,10,-1,32,2029.35138343571,-1,-1
1622101237371,1622101237391,20,0,61,3401.07103766596,-1,107
1622101237421,1622101237451,30,1,50,2378.54271146637,-1814,106
1622101237501,1622101237521,20,1,80,5172.42030818791,-1,246
1622101237881,1622101238070,189,21,1178,46624.5385681311,-58782,171
1622101238080,1622101238110,30,4,297,11240.7834960926,-1,359
1622101238120,1622101238190,70,3,465,21907.2841684786,-40649,321
1622101238200,1622101238320,120,3,301,16886.5085030982,-15681,95
1622101238390,1622101238460,70,28,599,24725.2277695324,-38912,75
1622101238470,1622101238480,10,-1,54,2977.8726732744,-1,-1
1622101238490,1622101238510,20,1,99,7510.22282913993,-2536,94
1622101238520,1622101238630,110,4,302,20474.4559695112,-16838,282
1622101238720,1622101238730,10,-1,35,645.407110896513,-1,-1
1622101238740,1622101238770,30,2,238,12376.3001240731,-672,280
1622101238810,1622101239060,250,26,738,49394.228540363,-33579,307
1622101239070,1622101239290,220,13,564,34447.6890739911,-23536,82
1622101239300,1622101239420,120,5,94,4424.45564192477,-4299,165
1622101239430,1622101239480,50,1,41,687.882090458346,-780,181
1622101239490,1622101239550,60,16,511,20782.1057892732,-36106,266
1622101239580,1622101239600,20,0,56,2220.05423388716,-1,196
1622101239770,1622101239849,79,13,520,19092.5828809629,-27461,191
1622101239859,1622101239869,10,-1,32,1261.93252004038,-1,-1
1622101239899,1622101239939,40,0,69,5223.29928475009,-2590,40
1622101239949,1622101239959,10,-1,40,2396.89029575142,-1,-1
1622101240049,1622101240129,80,17,634,34157.5623712048,-27480,10
1622101240359,1622101240369,10,-1,30,443.110685437766,-1,-1
1622101240379,1622101240509,130,23,1121,56365.0365223285,-82929,112
1622101240519,1622101240609,90,9,221,12671.0020288485,-8389,265
1622101240789,1622101240849,60,7,268,19133.9597168654,-17362,224
1622101241109,1622101241209,100,14,400,30356.1257226902,-22916,24
1622101241419,1622101241478,59,7,472,42290.3747295818,-19303,155
1622101241668,1622101241678,10,-1,50,4041.4022046793,-1,-1
1622101241688,1622101241698,10,-1,35,736.539612022227,-1,-1
1622101241748,1622101241788,40,3,167,9942.66685635199,-7264,165
1622101242378,1622101242388,10,-1,97,7838.47194583581,-1,-1
1622101242488,1622101242508,20,0,68,-1.0,-1795,318
1622101242608,1622101242638,30,3,177,8543.25153200023,-9762,283
1622101242838,1622101242848,10,-1,43,2318.64202618295,-1,-1
1622101243167,1622101243207,39,6,233,15374.832379872,-8826,278
1622101243347,1622101243387,40,6,235,15154.4069839393,-10103,280
1622101243567,1622101243647,80,26,940,62801.4606929789,-40744,346
1622101243677,1622101243727,50,4,126,5966.45907997274,-2650,157
1622101243737,1622101243797,60,3,72,2844.93707040852,-2467,142
1622101243807,1622101243827,20,0,52,1811.59531671039,-1,108
1622101243847,1622101243867,20,0,35,1302.89532859419,-1,187
1622101243887,1622101244057,170,22,830,41827.5304809184,-44023,161
1622101244067,1622101244147,80,3,122,11262.0368647552,-4633,9
1622101244157,1622101244167,10,-1,39,1151.47776925722,-1,-1
1622101244177,1622101244237,60,5,154,9575.09696096075,-5374,272
1622101244277,1622101244327,50,1,84,4887.17099635915,-2186,24
1622101244467,1622101244487,20,0,41,983.107569113334,-1,9
1622101244497,1622101244607,110,22,681,19897.0685536825,-33273,175
1622101244617,1622101244707,90,2,96,6076.75813655385,-3347,332
1622101244777,1622101244797,20,0,39,1207.91213286237,-683,280
1622101244817,1622101244836,19,0,42,1915.17657743715,-256,28
1622101245136,1622101245166,30,1,52,1942.97199431774,-1318,20
1622101245296,1622101245576,280,30,826,36991.0249181751,-51914,8
1622101245586,1622101245656,70,0,116,10185.050825889,-4353,285
1622101245666,1622101245936,270,13,299,27084.4670997252,-21110,189
1622101246555,1622101246595,40,2,81,3161.10512344756,-3176,275
1622101246805,1622101246985,180,25,1870,178017.957806435,-144677,139
1622101247005,1622101247025,20,0,44,1762.94085373843,-468,310
1622101247055,1622101247075,20,0,38,1572.87239063948,-447,33
1622101247105,1622101247115,10,-1,30,995.255897973084,-1,-1
1622101247195,1622101247275,80,8,433,34906.6292802627,-26987,98
1622101247285,1622101247335,50,0,226,20137.9428418228,-12843,309
1622101247345,1622101247365,20,0,39,2471.14067820547,-1,318
1622101247495,1622101247685,190,9,427,29059.1369291228,-27951,169
1622101247745,1622101247755,10,-1,31,1951.00129543098,-1,-1
1622101247825,1622101247835,10,-1,34,1884.0103110433,-1,-1
1622101247875,1622101247905,30,11,565,33871.231416349,-1,31
1622101247915,1622101248005,90,24,800,36758.0893246071,-43377,265
1622101248075,1622101248085,10,-1,130,12740.2277479476,-1,-1
1622101248095,1622101248105,10,-1,117,10427.6628811487,-1,-1
1622101248125,1622101248185,60,4,144,8364.98195427396,-8816,289
1622101248354,1622101248424,70,9,404,26002.029502333,-22685,20
1622101248434,1622101248444,10,-1,46,3424.62538809965,-1,-1
1622101248454,1622101248464,10,-1,68,4251.89094077678,-1,-1
1622101248474,1622101248484,10,-1,110,9276.88359256994,-1,-1
1622101248494,1622101248504,10,-1,45,4161.34908134564,-1,-1
1622101248744,1622101249034,290,23,1135,49934.6134058462,-42307,190
1622101249064,1622101249124,60,26,1832,95791.8586763484,-154044,52
1622101249154,1622101249184,30,0,42,1131.91459066062,-57,287
1622101249284,1622101249384,100,6,274,14646.0256602082,-15963,58
1622101249434,1622101249644,210,6,641,30749.9102313637,-56151,275
1622101249774,1622101249824,50,3,295,24877.5560286112,-6139,57
1622101249844,1622101249854,10,-1,42,2743.01808818982,-1,-1
1622101249874,1622101249884,10,-1,1464,144805.73578059,-1,-1
1622101250043,1622101250163,120,36,1006,41578.537343394,-56207,243
1622101250413,1622101250523,110,29,1028,53912.8029545995,-92013,348
1622101250533,1622101250683,150,14,196,7687.24961917732,-7036,166
1622101250693,1622101250723,30,2,141,9040.22179663383,-1,161
1622101250733,1622101250753,20,1,70,4755.50442972292,-2082,59
1622101251043,1622101251123,80,23,490,15437.981437834,-16199,170
1622101251133,1622101251283,150,9,83,3503.74630593098,-2036,0
1622101251293,1622101251513,220,18,2049,153367.920802704,-190661,181
1622101251553,1622101251593,40,4,169,10568.256830116,-9985,268
1622101251642,1622101251662,20,1,51,4009.25078765005,-371,229
1622101251682,1622101251702,20,0,44,2046.07800530468,-1,28
1622101251812,1622101251982,170,25,1678,82605.4133005185,-79657,14
1622101252162,1622101252172,10,-1,36,2106.23546965065,-1,-1
1622101252262,1622101252382,120,24,707,41899.8975379086,-34409,358
1622101252392,1622101252562,170,13,185,9991.83854448293,-8866,170
1622101252602,1622101252672,70,2,73,2507.02963985974,-2184,220
1622101253232,1622101253252,20,0,128,8206.21291230783,-1,85
1622101253561,1622101253631,70,1,504,8709.67057451831,-33720,149
1622101253841,1622101253861,20,1,308,-1.0,-24373,218
1622101253951,1622101254161,210,20,2361,118806.447651648,-195685,322
1622101254171,1622101254191,20,1,102,9953.93220630515,-1,38
1622101254201,1622101254431,230,12,512,19856.2433285263,-25261,142
1622101254531,1622101254601,70,3,160,288.646821605704,-7025,11
1622101254661,1622101254681,20,0,34,523.447139232516,-1,333
1622101254731,1622101254921,190,22,421,27280.8759371154,-38575,37
1622101255220,1622101255240,20,0,50,2082.87567105172,-1,249
1622101255250,1622101255320,70,15,566,37228.5958903446,-27941,52
1622101255330,1622101255340,10,-1,80,6353.58691160572,-1,-1
1622101255410,1622101255480,70,2,404,20329.1498734606,-29339,246
1622101255490,1622101255500,10,-1,39,1075.17494314587,-1,-1
1622101255530,1622101255550,20,1,95,7295.27309490753,-220,230
1622101255560,1622101255640,80,2,907,39689.4630751304,-1023,222
1622101255650,1622101255680,30,4,219,18655.1243111903,-300,295
1622101255690,1622101255710,20,0,40,1650.6465137427,-374,81
1622101255730,1622101255800,70,4,177,14007.2395676733,-12102,132
1622101255810,1622101255850,40,1,292,25114.8629202422,-26189,248
1622101255990,1622101256000,10,-1,40,3851.53154443278,-1,-1
1622101256010,1622101256090,80,7,217,14482.0963425371,-15129,260
1622101256100,1622101256150,50,4,183,14461.6259334512,-8881,98
1622101256380,1622101256400,20,2,362,25115.7764008703,-1,267
1622101256410,1622101256470,60,4,303,27715.3619259814,-22851,89
1622101256560,1622101256610,50,1,344,23891.8789097113,-27545,264
1622101256729,1622101256739,10,-1,45,2728.28101737441,-1,-1
1622101256809,1622101256869,60,3,203,13664.8541050322,-16272,293
1622101256879,1622101256889,10,-1,32,2103.54240609787,-1,-1
1622101256949,1622101256999,50,3,209,7218.28058442953,-17806,102
1622101257069,1622101257089,20,0,45,3688.50532759092,-285,36
1622101257129,1622101257139,10,-1,31,1818.1273583149,-1,-1
1622101257209,1622101257319,110,2,266,19349.9402614626,-10288,271
1622101257329,1622101257349,20,0,48,2688.90494121763,-1,142
1622101257439,1622101257489,50,2,111,4923.73222012683,-3672,218
1622101257499,1622101257569,70,3,281,20338.4110745538,-10754,115
1622101257599,1622101257639,40,3,134,8329.93132281219,-7614,239
1622101257649,1622101257689,40,0,98,8778.13494029591,-2905,32
1622101257909,1622101257919,10,-1,31,732.253027445624,-1,-1
1622101257979,1622101258089,110,3,44,2050.04374113598,-1056,283
1622101258119,1622101258129,10,-1,31,728.331811565085,-1,-1
1622101258139,1622101258169,30,1,72,3122.02117168807,-1,276
1622101258179,1622101258199,20,1,272,18474.7527061791,-1,95
1622101258289,1622101258398,109,25,1135,31751.4011445289,-53754,296
1622101258408,1622101258598,190,16,149,6229.49256838413,-3869,99
1622101258658,1622101258778,120,7,1288,84028.7141008786,-3142,177
1622101258868,1622101258928,60,8,584,-1.0,-33426,294
1622101259308,1622101259338,30,1,98,4861.35633020188,-2624,319
1622101259548,1622101259628,80,16,511,20658.1103661803,-27896,289
1622101259638,1622101259678,40,2,1051,98192.5188042064,-97005,110
1622101259688,1622101259698,10,-1,31,2462.29895303587,-1,-1
1622101259728,1622101259778,50,1,42,1364.47422979098,-934,109
1622101260157,1622101260187,30,2,101,6662.72329077277,-5739,37
1622101260197,1622101260217,20,0,38,2177.37712863265,-186,307
1622101260227,1622101260237,10,-1,148,13394.4750176748,-1,-1
1622101260247,1622101260257,10,-1,195,17912.8928025711,-1,-1
1622101260347,1622101260487,140,10,491,33628.5827809182,-33906,38
1622101260547,1622101260567,20,0,71,4536.9150510114,-3951,38
1622101260577,1622101260637,60,5,166,9560.50197359625,-8874,276
1622101260737,1622101260757,20,1,46,3952.45494275202,-379,70
1622101260947,1622101261017,70,25,826,28932.3775700099,-53099,45
1622101261057,1622101261067,10,-1,39,1366.21714569816,-1,-1
1622101261177,1622101261217,40,6,283,16515.9152067482,-15210,356
1622101261347,1622101261467,120,20,539,19473.3261114688,-26603,8
1622101261477,1622101261547,70,4,216,12025.4249134634,-14234,169
1622101261557,1622101261577,20,0,76,5846.87081105496,-3809,230
1622101261587,1622101261617,30,2,91,4281.64424138526,-5283,144
1622101261627,1622101261677,50,6,528,40449.808231405,-18376,177
1622101261976,1622101261986,10,-1,30,1509.55589004103,-1,-1
1622101262026,1622101262306,280,23,607,34444.4529741202,-37434,187
1622101262316,1622101262326,10,-1,42,1501.19716492662,-1,-1
1622101262336,1622101262366,30,4,230,12958.482044847,-7945,184
1622101262396,1622101262406,10,-1,34,2861.2213762859,-1,-1
1622101262476,1622101262496,20,0,34,1027.62342205082,-345,41
1622101262516,1622101262706,190,10,1241,108933.741780328,-120402,254
1622101262716,1622101262846,130,2,239,17399.1070958947,-18502,14
1622101262956,1622101263046,90,5,126,953.997571627724,-3268,66
1622101263056,1622101263086,30,0,49,1660.8530831954,-157,74
1622101263475,1622101263505,30,1,56,1739.68273314838,-1,248
1622101263515,1622101263555,40,21,1736,76257.0271339039,-1,106
1622101263685,1622101263875,190,11,729,46810.9495971428,-51373,284
1622101263885,1622101263925,40,5,284,13094.5545946374,-15242,25
1622101263955,1622101263995,40,2,71,4609.89531997401,-798,217
1622101264025,1622101264035,10,-1,39,2467.83815411035,-1,-1
1622101264085,1622101264125,40,1,61,2429.23106530898,-2452,293
1622101264215,1622101264235,20,0,38,2623.51590010764,-1,125
1622101265045,1622101265094,49,11,306,16948.2727092091,-11477,188
1622101265244,1622101265434,190,20,1175,45245.6670921685,-87135,138
1622101265474,1622101265484,10,-1,37,784.513484383563,-1,-1
1622101265504,1622101265514,10,-1,34,766.105569350589,-1,-1
1622101265524,1622101265754,230,32,1522,83588.8009615951,-80623,334
1622101265764,1622101265814,50,1,44,1516.73684069548,-436,147
1622101266324,1622101266394,70,20,1283,91505.9979703247,-94460,207
1622101266464,1622101266524,60,17,1228,51321.2517375122,-1837,225
1622101266644,1622101266813,169,7,406,21866.0237658741,-17311,352
1622101266903,1622101266983,80,5,117,5632.92311020441,-3893,66
1622101267003,1622101267113,110,7,310,20196.3526586566,-12827,88
1622101267333,1622101267343,10,-1,30,760.387674867901,-1,-1
1622101267513,1622101267593,80,7,128,3962.66134179994,-7302,94
1622101267913,1622101267943,30,2,101,5080.50629200764,-3564,340
1622101268193,1622101268263,70,20,625,26329.6635477321,-42328,259
1622101268293,1622101268303,10,-1,47,2461.75832065753,-1,-1
1622101268562,1622101268642,80,19,625,29191.1019099431,-25349,78
1622101268872,1622101268912,40,15,1593,80408.1969549588,-1,33
1622101269002,1622101269352,350,19,1214,65973.4366671275,-70156,244
1622101269432,1622101269462,30,2,120,6940.07503054757,-6123,274
1622101269482,1622101269552,70,2,52,1762.19832009461,-662,184
1622101269602,1622101269932,330,16,516,26080.4498217466,-26383,148
1622101269942,1622101269992,50,7,300,21078.9358357085,-22182,230
1622101270002,1622101270022,20,0,45,3568.5104966039,-1,0
1622101270032,1622101270082,50,1,75,4410.48923172837,-4372,325
1622101270181,1622101270231,50,13,580,46771.3899787723,-40794,49
1622101270241,1622101270251,10,-1,30,1162.09452452747,-1,-1
1622101270461,1622101270491,30,1,69,3108.26228983177,-1771,164
1622101270651,1622101270731,80,11,480,19636.7865354786,-41412,239
1622101270921,1622101271401,480,13,1641,79099.1643591524,-79086,3
1622101271651,1622101271930,279,20,1059,65691.1098573627,-52149,114
1622101271940,1622101271960,20,0,34,875.5153144222,-222,293
1622101272090,1622101272140,50,8,309,23943.0068226543,-19355,218
1622101272210,1622101272220,10,-1,32,1950.49168061979,-1,-1
1622101272450,1622101272490,40,7,438,30810.7482142645,-19888,148
1622101272650,1622101272660,10,-1,30,227.655734541677,-1,-1
1622101272790,1622101272930,140,5,56,1376.61604007979,-1265,7
1622101273050,1622101273150,100,16,598,39979.6864323982,-30191,240
1622101273160,1622101273240,80,2,123,6132.63733992283,-9095,150
1622101273360,1622101273390,30,0,44,1256.21240745961,-1350,203
1622101273559,1622101273579,20,0,37,2909.53624243087,-525,192
1622101273609,1622101273619,10,-1,39,1389.92635218312,-1,-1
1622101273679,1622101273739,60,0,135,9943.53577553672,-8342,277
1622101273919,1622101274049,130,0,288,15799.8519925289,-16586,308
1622101274249,1622101274269,20,8,409,28934.2802424255,-1,93
1622101274299,1622101274379,80,1,89,4418.13052898558,-4508,265
1622101274389,1622101274469,80,2,679,63953.4407811578,-42641,274
1622101274639,1622101274649,10,-1,49,3453.3267991692,-1,-1
1622101274659,1622101274769,110,3,427,22966.3841812304,-24206,127
1622101274779,1622101274909,130,1,637,57473.6408432631,-21101,281
1622101274919,1622101274929,10,-1,33,2424.08156636411,-1,-1
1622101275518,1622101275528,10,-1,38,1038.89608558442,-1,-1
1622101275718,1622101275728,10,-1,34,2044.97595775175,-1,-1
1622101276118,1622101276128,10,-1,42,2623.98482196428,-1,-1
1622101276228,1622101276248,20,0,46,1711.33727589963,-1,287
1622101276298,1622101276318,20,0,303,26130.9565289831,-1,23
1622101276328,1622101276358,30,3,218,19040.1484370571,-9508,249
1622101276368,1622101276428,60,0,132,5452.75720890371,-10,130
1622101276488,1622101276538,50,3,106,4909.30478078187,-4358,280
1622101276578,1622101276608,30,0,44,1313.74465953609,-258,276
1622101276798,1622101276818,20,0,38,1273.65454309059,-693,116
1622101277047,1622101277097,50,1,44,1757.98885180353,-709,60
1622101277377,1622101277397,20,0,57,3005.05818723809,-2106,58
1622101277417,1622101277427,10,-1,38,1555.45272138836,-1,-1
1622101277627,1622101277667,40,7,347,19973.8752118779,-13189,292
1622101277727,1622101277767,40,3,270,25576.2109244448,-10829,118
1622101277777,1622101277787,10,-1,93,6529.27108082892,-1,-1
1622101277957,1622101278017,60,13,392,21939.7297220716,-15511,206
1622101278047,1622101278237,190,22,423,13054.7581075592,-12579,174
1622101278247,1622101278277,30,4,292,22324.6462285928,-7170,164
1622101278287,1622101278327,40,7,351,32393.6480649136,-14018,349
1622101278337,1622101278367,30,8,381,20475.5063171212,-1,347
1622101278467,1622101278527,60,8,345,-1.0,-10188,228
1622101278537,1622101278577,40,2,90,6088.16914412144,-2839,26
1622101278786,1622101278796,10,-1,267,23866.5425502556,-1,-1
1622101278806,1622101278816,10,-1,31,801.659289081948,-1,-1
1622101278936,1622101279336,400,23,1204,87156.9990784226,-68151,47
1622101279506,1622101279536,30,1,66,3062.50259568956,-3596,220
1622101279556,1622101279566,10,-1,30,2197.03466717762,-1,-1
1622101279816,1622101279866,50,8,311,13713.6802519376,-14543,232
1622101279906,1622101279916,10,-1,33,990.078246099253,-1,-1
1622101279996,1622101280026,30,1,51,1732.59305933572,-676,30
1622101280076,1622101280475,399,9,1409,80372.9072859978,-81086,188
1622101280485,1622101280535,50,8,279,14702.3605228818,-9053,229
1622101280545,1622101280565,20,0,57,3938.27344703057,-1170,74
1622101280945,1622101280965,20,5,267,26414.1153852287,-2784,303
1622101280975,1622101280985,10,-1,32,2946.19042699942,-1,-1
1622101281235,1622101281275,40,5,204,9437.56512352362,-7570,160
1622101281595,1622101281635,40,3,170,12270.2719708126,-11369,32
1622101281825,1622101281865,40,2,93,4654.85751644628,-3737,284
1622101282214,1622101282244,30,1,80,3576.93330256593,-2255,302
1622101282694,1622101282704,10,-1,30,363.740444977504,-1,-1
1622101282724,1622101282754,30,0,37,520.533045868134,-515,187
1622101282774,1622101282854,80,3,59,2296.18956761217,-1384,160
1622101282864,1622101282884,20,1,70,4036.30218037689,-1269,158
1622101282894,1622101282954,60,2,46,713.580308804106,-744,185
1622101282974,1622101283044,70,13,307,10710.8991900654,-15671,1
1622101283054,1622101283074,20,0,57,2716.94809974061,-1,107
1622101283144,1622101283564,420,25,1580,79843.1333876933,-94235,43
1622101283903,1622101283923,20,0,53,3336.28176969626,-659,135
1622101284053,1622101284093,40,0,64,5922.72762833622,-2460,138
1622101284193,1622101284283,90,3,160,4464.09747759485,-1,298
1622101284333,1622101284343,10,-1,53,3320.82920596723,-1,-1
1622101284353,1622101284363,10,-1,32,2093.92562585618,-1,-1
1622101284383,1622101284503,120,1,330,27053.9881651049,-29755,88
1622101284603,1622101284703,100,4,281,21881.6298342694,-20963,121
1622101284843,1622101284913,70,0,263,23607.5662485665,-22289,260
1622101284943,1622101284983,40,1,104,5990.94054579159,-2082,64
1622101285003,1622101285043,40,4,218,17806.76431365,-16408,304
1622101285153,1622101285163,10,-1,35,1856.78348570318,-1,-1
1622101285313,1622101285332,19,4,258,24811.4451977988,-463,307
1622101285422,1622101285482,60,8,264,18913.6161329577,-21234,129
1622101285592,1622101285642,50,3,179,14372.3462414483,-13650,282
1622101285692,1622101285742,50,29,1372,123209.872486141,-118381,286
1622101285802,1622101285892,90,30,863,65120.8272946965,-42905,108
1622101286022,1622101286062,40,1,220,13118.4013768974,-709,267
1622101286072,1622101286132,60,4,252,23469.6567125997,-8627,116
1622101286182,1622101286292,110,0,213,18589.052028268,-15565,216
1622101286452,1622101286532,80,1,284,18711.0369374308,-14367,297
1622101286542,1622101286752,210,1,472,35028.2370595797,-30113,253
1622101286912,1622101286922,10,-1,197,17428.315081213,-1,-1
1622101287041,1622101287061,20,0,59,2706.0831321697,-1,9
1622101287171,1622101287221,50,4,208,18180.5036965497,-8819,295
1622101287261,1622101287471,210,9,1258,59360.4907027509,-93033,175
1622101287621,1622101287651,30,0,34,612.240948290988,-452,21
1622101287731,1622101287741,10,-1,30,752.537146553807,-1,-1
1622101287841,1622101287861,20,0,37,1442.89994440601,-269,309
1622101287941,1622101287971,30,4,228,20495.1104001718,-16777,272
1622101287981,1622101288031,50,2,427,39943.9320972342,-25264,71
1622101288051,1622101288221,170,19,1251,102273.3467776,-40693,293
1622101288231,1622101288341,110,22,693,45087.2750621655,-43515,111
1622101288700,1622101289040,339,6,255,21583.0124960365,-18001,135
1622101289270,1622101289360,90,19,462,25133.4882097371,-27344,2
1622101289370,1622101289390,20,0,42,1287.38512483514,-1,98
1622101289400,1622101289480,80,4,139,8577.10184786541,-3997,104
1622101289530,1622101289610,80,3,72,1609.5256293652,-1990,98
1622101289630,1622101289690,60,1,485,16158.3059165328,-44326,169
1622101289730,1622101289740,10,-1,31,523.987873970712,-1,-1
1622101289860,1622101289870,10,-1,39,1824.16747823286,-1,-1
1622101289880,1622101289910,30,0,42,2158.65220290871,-243,283
1622101289950,1622101289980,30,2,113,9011.80546965684,-5549,194
1622101290050,1622101290070,20,1,71,4895.41934771503,-488,306
1622101290080,1622101290100,20,0,46,3061.67386236872,-1081,345
1622101290110,1622101290120,10,-1,88,8314.20922474626,-1,-1
1622101290130,1622101290220,90,11,365,13486.583202021,-15619,163
1622101290230,1622101290240,10,-1,33,1043.72955701858,-1,-1
1622101290280,1622101290320,40,1,292,25251.6837095672,-17405,323
1622101290729,1622101290819,90,3,169,10384.302216093,-9271,316
1622101290899,1622101290909,10,-1,35,1048.92536277528,-1,-1
1622101290949,1622101290989,40,1,60,3639.96131166028,-1500,257
1622101291039,1622101291069,30,0,52,2343.31261921714,-1242,116
1622101291169,1622101291189,20,2,245,-1.0,-13407,99
1622101291309,1622101291339,30,1,44,2890.44205146607,-1088,116
1622101291359,1622101291369,10,-1,56,3913.6607871133,-1,-1
1622101291649,1622101291869,220,30,815,14419.0324119104,-38175,139
1622101291879,1622101291899,20,0,50,2019.81809171717,-1,4
1622101291909,1622101291919,10,-1,59,4173.08253052753,-1,-1
1622101291929,1622101291949,20,1,104,7844.21330096658,-4278,284
1622101292069,1622101292158,89,28,844,34931.3846750939,-44974,1
1622101292168,1622101292248,80,3,70,2535.57310150119,-3924,187
1622101292268,1622101292348,80,3,60,1284.62002860937,-2752,222
1622101292378,1622101292418,40,4,212,9681.97169288905,-4760,276
1622101292428,1622101292468,40,3,131,9427.43640812317,-7687,248
1622101292488,1622101292558,70,5,124,5154.23654509888,-646,183
1622101292578,1622101292598,20,6,628,35307.239697687,-1,31
1622101292708,1622101292998,290,28,554,11293.8279799327,-32513,225
1622101293058,1622101293098,40,4,158,7601.55069764176,-6594,243
1622101293388,1622101293578,190,19,829,77752.3762287804,-64944,168
1622101293598,1622101293608,10,-1,39,1584.85959161665,-1,-1
1622101293688,1622101293728,40,6,222,11480.7295703592,-11256,201
1622101294057,1622101294167,110,32,665,38684.0576547309,-28458,1
1622101294187,1622101294227,40,1,77,2413.78475978042,-2294,190
1622101294257,1622101294267,10,-1,36,1249.46117006501,-1,-1
1622101294337,1622101294357,20,0,43,2553.32353762232,-267,151
1622101294387,1622101294417,30,3,167,8861.76929770883,-8428,220
1622101294457,1622101294477,20,1,69,3649.0881973351,-1,30
1622101295017,1622101295027,10,-1,31,1766.82097311092,-1,-1
1622101295057,1622101295137,80,20,571,26533.6910200612,-30884,174
1622101295167,1622101295197,30,0,36,2191.96533106912,-1,320
1622101295367,1622101295417,50,10,423,23765.7218541747,-20470,175
1622101296086,1622101296246,160,5,1174,84919.0188456618,-40425,290
1622101296256,1622101296276,20,1,132,12649.182386476,-6913,85
1622101296366,1622101296376,10,-1,36,1739.26063892436,-1,-1
1622101296456,1622101296616,160,25,327,12673.8678360453,-15964,351
1622101296626,1622101296646,20,0,35,607.327161110188,-1,146
1622101296656,1622101296776,120,4,619,26354.3886702641,-8104,285
1622101296786,1622101296816,30,0,138,12031.578210808,-8631,176
1622101296886,1622101296896,10,-1,40,1893.49500409311,-1,-1
1622101296906,1622101296916,10,-1,32,2771.53436033757,-1,-1
1622101296966,1622101296986,20,1,68,4906.02156319675,-1674,128
1622101296996,1622101297006,10,-1,30,551.468109092271,-1,-1
1622101297016,1622101297086,70,28,568,29125.4438578217,-17076,169
1622101297096,1622101297135,39,0,70,4268.05598062136,-4396,23
1622101297335,1622101297375,40,4,206,15129.5993156316,-12890,206
1622101297545,1622101297565,20,0,41,1384.94232007602,-971,45
1622101297925,1622101298035,110,2,168,13613.8205879901,-5789,237
1622101298405,1622101298495,90,5,1018,89949.6843064501,-36621,140
1622101299384,1622101299444,60,9,323,21318.4281615845,-21504,203
1622101299644,1622101299654,10,-1,46,3418.72248839055,-1,-1
1622101299944,1622101300004,60,15,515,31932.0040071264,-31979,16
1622101300943,1622101301113,170,19,356,18974.5147423989,-17703,193
1622101301233,1622101301253,20,1,69,6629.32042238101,-3404,290
1622101301333,1622101301343,10,-1,94,8529.17627505709,-1,-1
1622101301353,1622101301363,10,-1,85,7809.43491616884,-1,-1
1622101301423,1622101301493,70,10,379,21201.8688588209,-19198,184
1622101301503,1622101301563,60,2,50,1549.78724881512,-1755,31
1622101301573,1622101301683,110,7,386,23801.7767587995,-24401,81
1622101301693,1622101301743,50,7,588,55291.8050428443,-31429,318
1622101301753,1622101301773,20,0,50,2592.60123797045,-1107,30
1622101301813,1622101301823,10,-1,32,1305.48269534397,-1,-1
1622101302133,1622101302212,79,11,516,25229.1658366661,-34403,355
1622101302572,1622101302592,20,0,53,2608.07592861305,-1580,289
1622101303132,1622101303192,60,16,572,31197.2027730012,-22540,31
1622101303242,1622101303252,10,-1,60,5038.60761291541,-1,-1
1622101303262,1622101303272,10,-1,46,2317.95238700624,-1,-1
1622101303502,1622101303552,50,14,483,23862.4739167531,-21705,199
1622101303812,1622101303841,29,1,100,5928.59978015461,-6342,262
1622101303971,1622101303981,10,-1,34,1613.96757576288,-1,-1
1622101304011,1622101304041,30,0,42,1721.38203806947,-809,287
1622101304581,1622101304871,290,24,1030,91247.9923110419,-84726,73
1622101304881,1622101304941,60,5,347,28330.5692411587,-29050,202
1622101304951,1622101305011,60,12,715,40664.8001079255,-53847,88
1622101305131,1622101305191,60,1,112,3276.69233007911,-7007,316
1622101305201,1622101305221,20,0,34,1394.75668384854,-304,305
1622101305251,1622101305271,20,1,154,7071.48358502695,-1,240
1622101305910,1622101306040,130,2,289,19948.0293945508,-25468,120
1622101306070,1622101306220,150,2,549,45818.2194900517,-28508,109
1622101306270,1622101306300,30,1,51,2156.29045665138,-1650,311
1622101306310,1622101306370,60,0,377,35657.6814710698,-24123,194
1622101306500,1622101306620,120,5,482,23919.2694234858,-1,292
1622101307379,1622101307519,140,9,361,33112.2248161541,-18019,231
1622101307529,1622101307659,130,9,419,37325.7721480221,-32012,52
1622101307839,1622101307849,10,-1,30,2587.59236447495,-1,-1
1622101307929,1622101307969,40,3,475,41686.9034909178,-31258,244
1622101307979,1622101307989,10,-1,467,45586.9447732711,-1,-1
1622101307999,1622101308039,40,3,474,46991.1277752467,-33665,44
1622101308049,1622101308099,50,7,365,24407.0127221174,-17976,237
1622101308129,1622101308149,20,0,53,2367.11026984572,-1,112
1622101308169,1622101308219,50,4,100,5734.56251940873,-3374,139
1622101308279,1622101308319,40,2,74,2001.53898879048,-2613,308
1622101308329,1622101308359,30,1,79,4979.71094294064,-3080,147
1622101308529,1622101308629,100,1,405,19260.8606835756,-33186,96
1622101308639,1622101308649,10,-1,67,6057.72137924201,-1,-1
1622101308659,1622101308809,150,25,472,25123.2913444919,-34701,261
1622101309208,1622101309238,30,33,1647,163312.735205661,-158947,252
1622101309258,1622101309538,280,41,834,43136.4325633694,-58010,68
1622101309708,1622101309848,140,4,1039,69826.099330047,-92835,174
1622101309948,1622101310008,60,4,327,18691.7216781952,-26013,177
1622101310158,1622101310168,10,-1,31,-1.0,-1,-1
1622101310318,1622101310358,40,15,704,-1.0,-29959,281
1622101310388,1622101310408,20,0,40,2130.88207682621,-1,245
1622101310428,1622101310787,359,16,555,20950.1036369328,-27016,287
1622101310807,1622101310847,40,4,205,10228.1075721073,-10101,117
1622101310907,1622101310927,20,0,40,2819.58084592961,-762,95
1622101311017,1622101311037,20,0,35,918.817893428358,-388,66
1622101311057,1622101311307,250,38,705,31372.1581359811,-38663,196
1622101311317,1622101311547,230,9,445,34397.1923892018,-34001,7
1622101311557,1622101311747,190,11,137,9455.0383070549,-5868,23
1622101311797,1622101311807,10,-1,36,932.383935497934,-1,-1
1622101311837,1622101311857,20,0,42,1456.27010198764,-39,56
1622101311937,1622101311947,10,-1,34,1338.72430072397,-1,-1
1622101312007,1622101312047,40,3,143,10520.1445330393,-8368,324
1622101312316,1622101312336,20,0,35,1159.15341094513,-296,270
1622101312346,1622101312366,20,2,109,5357.14263879596,-1,268
1622101312376,1622101312426,50,1,87,4736.0374840893,-1722,259
1622101312476,1622101312556,80,18,631,25059.0756020991,-3519,44
1622101312686,1622101312806,120,16,947,62257.8160141488,-40296,132
1622101312836,1622101312896,60,4,285,14261.480496237,-9103,229
1622101312936,1622101312946,10,-1,37,1058.23843841353,-1,-1
1622101312956,1622101313046,90,3,190,10924.255440529,-7600,281
1622101313056,1622101313176,120,3,262,17045.0387470454,-13483,91
1622101313186,1622101313296,110,5,431,26788.0961400461,-25482,275
1622101313336,1622101313406,70,9,668,34946.1293299545,-50803,87
1622101313416,1622101313546,130,7,264,21264.8624954455,-14474,276
1622101313556,1622101313566,10,-1,39,3516.00357897815,-1,-1
1622101313576,1622101313626,50,0,782,74752.6721476764,-74517,270
1622101313636,1622101313746,110,1,228,18965.4744161954,-16760,29
1622101313836,1622101313886,50,3,143,6173.11447208603,-8748,179
1622101313956,1622101314225,269,10,1238,68968.8393317472,-38905,263
1622101314485,1622101314645,160,11,112,4728.52632169445,-5412,98
1622101314675,1622101314705,30,1,53,1898.13923643986,-1,84
1622101314725,1622101314735,10,-1,30,630.709145715004,-1,-1
1622101314845,1622101314895,50,4,133,9331.57857003009,-6420,237
1622101315035,1622101315135,100,4,72,3947.43009562891,-2323,98
1622101315525,1622101315535,10,-1,47,3621.9067614804,-1,-1
1622101316074,1622101316134,60,2,64,2650.90803555736,-1547,90
1622101316144,1622101316174,30,0,49,1525.33109833442,-1832,98
1622101316304,1622101316324,20,0,53,3222.25399680794,-1,292
1622101316614,1622101316644,30,1,84,5271.10943129161,-3638,192
1622101316654,1622101316714,60,1,36,1284.17635080449,-431,88
1622101316914,1622101317134,220,2,302,20395.6982559896,-21959,135
1622101317204,1622101317214,10,-1,30,562.069461084199,-1,-1
1622101317224,1622101317503,279,12,492,46577.3985207292,-25439,344
1622101317553,1622101317593,40,1,52,1588.06431102396,-1576,240
1622101317603,1622101317623,20,0,37,802.565040763614,-705,225
1622101317653,1622101317663,10,-1,33,778.010688307486,-1,-1
1622101317723,1622101317733,10,-1,34,1650.07523851662,-1,-1
1622101318083,1622101318153,70,5,147,7561.37523053992,-7289,184
1622101318163,1622101318433,270,38,488,16559.6330177277,-15061,166
1622101318453,1622101318723,270,26,243,7475.92043720834,-9250,338
1622101318743,1622101318793,50,2,78,2370.02548893685,-1668,327
1622101318803,1622101318953,150,7,297,14282.9189667463,-15059,266
1622101318963,1622101318983,20,0,39,1213.56137532704,-1,336
1622101318993,1622101319033,40,1,74,1831.09167099804,-1,327
1622101319062,1622101319092,30,4,224,11538.6569555481,-11491,177
1622101319282,1622101319292,10,-1,72,5870.57048404505,-1,-1
1622101319382,1622101319432,50,5,216,11819.2023219703,-9717,3
1622101319632,1622101319672,40,9,429,22493.5863478372,-20823,15
1622101320252,1622101320312,60,7,323,21420.4109775796,-19635,182
1622101320582,1622101320602,20,0,43,1861.91524175935,-1028,82
1622101320642,1622101320682,40,1,53,1080.07536749617,-718,120
1622101320711,1622101320781,69,1,454,26908.3995009818,-41926,103
1622101320811,1622101320851,40,3,154,8218.9823148769,-6757,343
1622101320981,1622101321001,20,0,46,3191.86674195972,-1140,214
1622101321041,1622101321051,10,-1,36,1155.04900091396,-1,-1
1622101321241,1622101321251,10,-1,68,4647.6483263773,-1,-1
1622101321311,1622101321371,60,13,340,23427.8833807973,-21450,13
1622101321381,1622101321491,110,9,271,20188.6494826634,-5211,200
1622101321581,1622101321871,290,14,540,22142.065597511,-30485,193
1622101321881,1622101321891,10,-1,40,2208.37466402638,-1,-1
1622101321901,1622101321941,40,1,45,1126.18702490603,-938,299
1622101322001,1622101322051,50,1,48,1899.53929066107,-1637,350
1622101322061,1622101322101,40,8,1054,79219.3400223609,-145,94
1622101322201,1622101322410,209,14,998,17113.213787969,-53372,292
1622101322450,1622101322480,30,0,36,1832.47282509233,-426,12
1622101322580,1622101322600,20,0,41,989.021490322685,-1,341
1622101322710,1622101323100,390,14,1924,107379.605209229,-85151,354
1622101323160,1622101323200,40,5,211,12178.5135401043,-13252,166
1622101323230,1622101323640,410,10,1226,75534.5574755829,-67304,192
1622101323650,1622101323670,20,0,32,456.717503647899,-211,29
1622101323690,1622101323800,110,4,54,1322.01079690201,-813,9
1622101323810,1622101323850,40,6,285,13621.1614821759,-10951,190
1622101323870,1622101323880,10,-1,36,2112.43947431437,-1,-1
1622101323910,1622101323920,10,-1,31,1121.18595672175,-1,-1
1622101323950,1622101323980,30,0,33,506.588660386097,-160,22
1622101324339,1622101324389,50,6,258,12852.2919737677,-9583,336
1622101324759,1622101324789,30,0,33,715.220094180074,-1,180
1622101324809,1622101324829,20,0,31,762.585132179123,-29,171
1622101324839,1622101324859,20,0,36,802.694552123248,-284,187
1622101325089,1622101325139,50,8,410,23926.8960347717,-21409,98
1622101325149,1622101325159,10,-1,46,1950.4528339439,-1,-1
1622101325349,1622101325379,30,0,45,2213.60181923139,-863,222
1622101325389,1622101325449,60,7,297,17744.8781736778,-11301,336
1622101325828,1622101325838,10,-1,39,1719.34301906543,-1,-1
1622101325898,1622101325998,100,5,656,43860.5159661043,-30306,258
1622101326098,1622101326118,20,0,37,2705.77705166665,-740,109
1622101326288,1622101326298,10,-1,40,1482.16563297332,-1,-1
1622101326468,1622101326508,40,3,224,14049.3573833932,-18950,249
1622101326538,1622101326558,20,4,246,23244.7976758667,-402,252
1622101326698,1622101326718,20,9,491,48571.5332901988,-1,71
1622101326758,1622101326778,20,2,208,10301.969681834,-1,248
1622101326788,1622101326908,120,0,389,26272.9535744271,-21293,90
1622101326918,1622101326938,20,0,78,5882.0219653727,-3695,77
1622101326948,1622101326988,40,4,219,16579.3353686197,-17498,256
1622101327028,1622101327078,50,9,613,40464.7691680974,-40673,46
1622101327138,1622101327158,20,5,248,23534.6244383968,-1,121
1622101327188,1622101327408,220,6,1501,86769.0039877748,-62176,117
1622101327447,1622101327537,90,7,418,35035.8551464765,-30501,311
1622101327667,1622101327777,110,7,1248,119910.583300926,-79849,319
1622101327937,1622101327957,20,0,41,1584.11006288391,-6,97
1622101327967,1622101328217,250,10,443,33697.3300182464,-34975,198
1622101328227,1622101328337,110,18,1074,39522.6521482723,-85934,55
1622101328427,1622101328467,40,3,201,9676.58760172564,-16959,291
1622101328487,1622101328537,50,2,456,24242.3732150505,-24092,118
1622101328557,1622101328797,240,3,531,35704.5838417007,-45325,298
1622101328807,1622101328847,40,4,204,13679.1298080458,-16155,276
1622101328877,1622101328917,40,11,633,32518.8268314221,-333,286
1622101329007,1622101329037,30,8,1285,-1.0,-91111,318
1622101329206,1622101329216,10,-1,83,5632.61099608197,-1,-1
1622101329246,1622101329276,30,1,63,3731.64133742077,-1694,98
1622101329296,1622101329306,10,-1,74,5505.14466455233,-1,-1
1622101329466,1622101329476,10,-1,187,-1.0,-1,-1
1622101329516,1622101329556,40,1,150,12595.0913756231,-5396,286
1622101329566,1622101329596,30,3,133,8855.90956832247,-9939,107
1622101330406,1622101330546,140,8,319,24544.3459763724,-23053,200
1622101330566,1622101330586,20,1,116,9396.39844414827,-4635,106
1622101330606,1622101330636,30,1,75,3526.40708445532,-1,68
1622101330666,1622101330716,50,3,101,4924.04900005519,-4246,274
1622101330736,1622101330875,139,26,713,28582.0926043492,-22738,300
1622101331005,1622101331035,30,0,36,836.763238579301,-431,219
1622101331165,1622101331185,20,0,34,833.192630459394,-269,206
1622101331235,1622101331245,10,-1,32,572.082703531988,-1,-1
1622101331255,1622101331295,40,1,56,2840.47301726819,-2047,105
1622101331355,1622101331375,20,0,49,2170.0411191664,-1,108
1622101331625,1622101331685,60,1,33,2074.83866877952,-4,118
1622101331845,1622101331935,90,0,421,28888.2314278924,-34272,243
1622101332085,1622101332255,170,5,763,49287.1704061307,-58061,129
1622101332295,1622101332305,10,-1,30,327.282575968101,-1,-1
1622101332624,1622101332654,30,1,63,2945.02348599533,-1951,128
1622101332664,1622101332714,50,8,332,17573.7670207787,-16673,329
1622101332784,1622101332794,10,-1,44,1825.71033834947,-1,-1
1622101332894,1622101332914,20,0,45,2550.48637668639,-1,141
1622101332954,1622101333024,70,4,238,10681.1724358111,-10195,254
1622101333164,1622101333174,10,-1,30,577.873418996482,-1,-1
1622101333274,1622101333294,20,1,88,5954.16968470523,-1,75
1622101333304,1622101333314,10,-1,40,3730.20680309497,-1,-1
1622101333484,1622101333494,10,-1,50,4718.01705954532,-1,-1
1622101333704,1622101333754,50,2,56,2935.97724836685,-1495,128
1622101333764,1622101333924,160,7,492,29112.0614932392,-23772,70
1622101333934,1622101333984,50,6,266,20896.4979267611,-15923,249
1622101334014,1622101334044,30,7,360,23547.410304606,-13284,248
1622101334054,1622101334094,40,2,382,35152.4369716682,-29319,46
1622101334104,1622101334403,299,8,609,44185.2995115627,-37354,101
1622101334493,1622101334543,50,4,210,329.302400898284,-11274,65
1622101334583,1622101334773,190,18,506,25396.8185329273,-14818,304
1622101334823,1622101334933,110,1,1083,62603.9653433003,-75654,242
1622101334943,1622101335033,90,2,324,22224.4710063947,-20407,316
1622101335093,1622101335133,40,1,313,15221.242937754,-5168,80
1622101335143,1622101335153,10,-1,52,3965.23715814426,-1,-1
1622101335173,1622101335253,80,3,90,3499.56028760689,-2446,283
1622101335283,1622101335293,10,-1,32,1414.13826116022,-1,-1
1622101335373,1622101335593,220,2,353,24428.0274723431,-23977,90
1622101335703,1622101335753,50,0,360,27356.4278111654,-26351,336
1622101335773,1622101335783,10,-1,331,31912.6062711937,-1,-1
1622101335793,1622101335803,10,-1,497,47220.9696471664,-1,-1
1622101335813,1622101335882,69,8,997,95902.6776421362,-79673,192
1622101335902,1622101336462,560,20,1664,97252.7675910818,-115214,185
1622101336472,1622101336562,90,5,100,4118.8196423634,-4126,336
1622101336572,1622101336592,20,0,43,1515.05793554131,-1,355
1622101336612,1622101336692,80,14,534,27116.7768152592,-21681,359
1622101336752,1622101336802,50,1,40,774.653186188882,-825,340
1622101336822,1622101336832,10,-1,32,356.770988956812,-1,-1
1622101336882,1622101336902,20,0,46,1690.08527969651,-807,77
1622101336912,1622101336962,50,11,407,21106.8583714646,-14466,187
1622101336992,1622101337052,60,2,54,1196.96178934422,-883,5
1622101337202,1622101337212,10,-1,36,721.052113508497,-1,-1
1622101337282,1622101337302,20,0,57,3710.07206570959,-1,280
1622101337482,1622101337531,49,6,250,18033.3704873091,-14782,81
1622101337651,1622101337671,20,0,53,4592.82107750026,-711,42
1622101337681,1622101337691,10,-1,32,705.843914349349,-1,-1
1622101337731,1622101337771,40,5,228,14797.4808105052,-12516,283
1622101337901,1622101337931,30,3,162,8767.26679065471,-5126,229
1622101337941,1622101337981,40,1,98,7115.27083208614,-2845,116
1622101338001,1622101338091,90,7,362,23354.9029733618,-30561,52
1622101338131,1622101338151,20,0,38,1063.93840665577,-803,153
1622101338171,1622101338191,20,3,203,17713.5063061584,-1,293
1622101338301,1622101338541,240,2,406,33600.7860775936,-27615,123
1622101338631,1622101338681,50,3,305,21862.3123102412,-13895,128
1622101338701,1622101338721,20,1,65,4750.37708279326,-471,165
1622101338741,1622101338801,60,5,204,16314.311544857,-16330,262
1622101338851,1622101338861,10,-1,34,1436.88083798653,-1,-1
1622101338881,1622101338911,30,2,249,11728.8266741687,-1,76
1622101338951,1622101338981,30,4,225,16834.7893018975,-18277,249
1622101339091,1622101339141,50,3,385,18668.2441582945,-25912,77
1622101339181,1622101339211,30,1,77,3747.99387675057,-3289,344
1622101339240,1622101339270,30,4,212,18083.018551896,-2317,92
1622101339370,1622101339380,10,-1,30,1805.14332059364,-1,-1
1622101339750,1622101339780,30,2,125,8313.63248539686,-3899,126
1622101339840,1622101339870,30,1,72,4883.20667357661,-3259,132
1622101339900,1622101339970,70,4,298,16178.214489808,-13213,347
1622101340120,1622101340140,20,4,373,-1.0,-19994,345
1622101340150,1622101340450,300,34,907,71194.7639222609,-72691,166
1622101340480,1622101340500,20,0,42,1263.73302025825,-521,130
1622101340530,1622101340560,30,0,38,687.66788833263,-554,132
1622101340580,1622101340590,10,-1,36,2113.39665253313,-1,-1
1622101340770,1622101340780,10,-1,58,4016.78366551268,-1,-1
1622101340840,1622101340929,89,4,400,19995.2869094992,-26956,20
1622101340939,1622101341079,140,3,706,53999.7608479681,-58723,257
1622101341099,1622101341149,50,5,447,21402.0338334482,-39570,113
1622101341199,1622101341279,80,1,303,23456.7090627377,-23357,124
1622101341459,1622101341609,150,6,693,57932.8369286054,-52581,254
1622101341649,1622101341669,20,0,37,1622.76325475868,-1,233
1622101341709,1622101341729,20,0,54,2441.51947988818,-1,24
1622101341739,1622101341749,10,-1,36,2846.44693313182,-1,-1
1622101341779,1622101341809,30,1,55,3034.30940469399,-1825,236
1622101341829,1622101341859,30,2,115,7059.75518073065,-6170,91
1622101341909,1622101341939,30,4,214,14808.5409272448,-17752,251
1622101342039,1622101342089,50,0,301,20473.0305022095,-6989,81
1622101342179,1622101342189,10,-1,39,1055.93300849376,-1,-1
1622101342199,1622101342259,60,5,273,9711.66604642566,-22488,73
1622101342289,1622101342299,10,-1,32,1683.44882332731,-1,-1
1622101342309,1622101342329,20,0,42,2721.10715003582,-1106,336
1622101342339,1622101342469,130,7,306,22469.003062069,-14906,314
1622101342588,1622101342599,10,-1,48,2855.69407764058,-1,-1
1622101342668,1622101342678,10,-1,36,1110.15812000927,-1,-1
1622101342698,1622101342748,50,2,368,29975.2474835104,-15728,223
1622101342768,1622101342788,20,0,50,2206.59216426645,-1,231
1622101342818,1622101342828,10,-1,34,1905.83077826003,-1,-1
1622101342918,1622101342968,50,1,119,4617.74699631966,-7524,243
1622101343008,1622101343088,80,1,503,28794.7358111151,-29175,60
1622101343098,1622101343278,180,6,1311,118851.55369512,-123023,72
1622101343288,1622101343298,10,-1,38,2785.68320030843,-1,-1
1622101343328,1622101343378,50,2,87,2867.41915751967,-5396,324
1622101343398,1622101343408,10,-1,68,3957.48229217749,-1,-1
1622101343418,1622101343468,50,3,389,21636.3317341799,-12855,172
1622101343478,1622101343508,30,0,46,1909.74950751328,-777,326
1622101343718,1622101343728,10,-1,53,3442.37847783746,-1,-1
1622101343938,1622101343948,10,-1,44,2304.02854135765,-1,-1
1622101343978,1622101344018,40,0,78,6556.8101992353,-1587,90
1622101344098,1622101344128,30,0,46,1519.61521024227,-491,12
1622101344148,1622101344208,60,3,224,12608.5829413634,-10833,199
1622101344218,1622101344228,10,-1,67,3921.7657460581,-1,-1
1622101344257,1622101344267,10,-1,37,746.259969762171,-1,-1
1622101344277,1622101344337,59,1,40,1047.77996959481,-214,352
1622101344357,1622101344877,520,26,1463,138336.170165033,-140090,180
1622101345097,1622101345277,180,2,270,14097.5841695807,-15132,57
1622101345317,1622101345397,80,2,42,1207.38815563376,-670,1
1622101345487,1622101345537,50,4,145,8948.06429727354,-4615,282
1622101345687,1622101345707,20,1,386,28431.2712784218,-1,90
1622101345797,1622101345937,140,15,751,24695.0615429291,-51195,276
1622101345956,1622101345986,29,4,290,9452.71623958493,-1,113
1622101346096,1622101346166,70,14,501,30025.8695791182,-18536,13
1622101346336,1622101346376,40,0,83,6471.3606100418,-2282,96
1622101346426,1622101346446,20,0,114,7248.92823668816,-1,50
1622101346546,1622101346576,30,9,1999,-1.0,-166495,353
1622101346586,1622101346596,10,-1,42,3627.04237944863,-1,-1
1622101346636,1622101346886,250,36,598,30082.8360868528,-40092,201
1622101346896,1622101346916,20,0,81,5145.88146292138,-2490,285
1622101347476,1622101347506,30,1,58,2654.53154968828,-2451,122
1622101347635,1622101347645,10,-1,38,1986.42379186219,-1,-1
1622101347705,1622101347735,30,0,68,4758.54481448468,-2153,80
1622101347775,1622101347795,20,0,64,4082.43990030355,-1256,96
1622101347815,1622101347825,10,-1,43,2795.91420466421,-1,-1
1622101347835,1622101347975,140,0,371,23551.4848766888,-24200,338
1622101348035,1622101348235,200,49,1527,116128.673939106,-72359,316
1622101348345,1622101348365,20,0,58,-1.0,-2719,140
1622101348395,1622101348405,10,-1,30,1741.56567019111,-1,-1
1622101348425,1622101349804,1379,38,1850,181633.302910133,-115534,143
1622101349814,1622101349894,80,3,68,2107.35613604746,-1660,351
1622101350094,1622101350144,50,5,234,16787.2224002899,-14384,24
1622101350174,1622101350194,20,0,43,3441.39544415979,-1014,94
1622101350424,1622101350444,20,0,57,3524.13983045834,-1800,195
1622101350454,1622101350474,20,0,75,4599.2096301972,-26,31
1622101350484,1622101350544,60,1,30,811.785613751058,-1,208
1622101350584,1622101350764,180,15,438,26540.2028391928,-26253,186
1622101350874,1622101350934,60,9,321,24150.7808359069,-15499,349
1622101350944,1622101350954,10,-1,313,29796.8221277494,-1,-1
1622101351043,1622101351093,50,2,295,22761.3673305177,-6694,247
1622101351103,1622101351123,20,4,328,31560.0806546896,-9588,59
1622101351153,1622101351633,480,9,716,33837.0909778119,-39069,199
1622101351773,1622101351853,80,4,352,21067.1025902632,-17115,47
1622101351923,1622101352003,80,2,393,24591.1572364755,-20101,26
1622101352043,1622101352063,20,1,72,5786.81588744096,-300,123
1622101352073,1622101352083,10,-1,32,674.746745277784,-1,-1
1622101352093,1622101352143,50,1,324,25291.720805692,-21908,146
1622101352223,1622101352283,60,8,389,23802.3570972595,-21737,11
1622101352293,1622101352303,10,-1,35,715.434957773547,-1,-1
1622101352313,1622101352483,170,4,1167,81980.6768635235,-95739,251
1622101352513,1622101352573,60,12,387,23048.3761484847,-17776,167
1622101352593,1622101353052,459,30,722,59934.309024822,-65684,339
1622101353062,1622101353112,50,2,91,3710.55612314907,-3835,183
1622101353122,1622101353142,20,0,46,1984.60655906788,-1012,138
1622101353182,1622101353212,30,1,56,4406.04892193359,-239,357
1622101353222,1622101353492,270,27,1968,75902.2734124162,-129113,158
1622101353512,1622101353532,20,0,47,2735.33746512836,-266,0
1622101353542,1622101353582,40,6,284,14733.0413036161,-11128,161
1622101353592,1622101353632,40,1,58,2114.77508243575,-2318,304
1622101353652,1622101354012,360,13,424,34056.2236692588,-26100,341
1622101354072,1622101354102,30,1,81,4854.75763792703,-4681,325
1622101354132,1622101354162,30,4,253,18148.3849501113,-1,92
1622101354172,1622101354262,90,2,406,26972.3815358899,-11225,191
1622101354272,1622101354322,50,0,324,23735.7114907522,-18756,123
1622101354332,1622101354342,10,-1,68,6567.34331263564,-1,-1
1622101354352,1622101354461,109,3,321,16121.4786907889,-6452,109
1622101354551,1622101354731,180,16,590,47861.560949397,-42425,235
1622101354741,1622101354951,210,11,163,15621.1952376202,-9021,155
1622101354991,1622101355001,10,-1,33,2211.13355564575,-1,-1
1622101355481,1622101355491,10,-1,49,3305.55768365554,-1,-1
1622101355501,1622101355521,20,0,33,958.307103367138,-294,257
1622101355651,1622101356001,350,18,765,50271.1676672219,-48203,154
1622101356030,1622101356230,199,9,490,41556.0262224847,-43914,325
1622101356250,1622101356280,30,0,48,1487.74931101007,-968,334
1622101356370,1622101356430,60,0,368,27490.6860067974,-21098,289
1622101356640,1622101356650,10,-1,282,27133.3544390022,-1,-1
1622101356660,1622101356670,10,-1,273,26549.9514545023,-1,-1
1622101356700,1622101356770,70,0,313,25400.7012258549,-13801,159
1622101356780,1622101356830,50,0,211,15350.2995099452,-13643,153
1622101356990,1622101357440,450,21,1227,76750.3704008613,-91434,347
1622101357450,1622101357500,50,2,55,2372.13678942121,-1037,160
1622101357530,1622101357610,80,3,57,2086.35645188404,-1939,152
1622101357620,1622101357650,30,1,82,5776.99160053369,-4942,21
1622101357939,1622101358619,680,26,1098,99858.1790698053,-94989,187
1622101358629,1622101358649,20,0,39,758.026488323515,-1,352
1622101358659,1622101358689,30,2,130,7621.44997696042,-5838,215
1622101358699,1622101358719,20,0,37,1140.89144361451,-622,41
1622101358809,1622101358829,20,0,36,1968.12878186662,-596,12
1622101359249,1622101359259,10,-1,32,687.392187972127,-1,-1
1622101359279,1622101359309,30,4,1293,108259.133476557,-3049,96
1622101359418,1622101359748,329,12,693,29225.5503992323,-33395,191
1622101359828,1622101359838,10,-1,44,2078.77470683676,-1,-1
1622101359898,1622101359918,20,0,42,1392.34621419648,-1,108
1622101360028,1622101360048,20,0,70,4260.2758535693,-2428,118
1622101360238,1622101360258,20,0,48,2844.88118880312,-1,75
1622101360528,1622101360578,50,1,346,24553.4764022056,-10977,124
1622101360708,1622101360738,30,0,101,6576.56184686595,-4217,236
1622101360768,1622101360848,80,1,345,13662.5649174542,-30678,147
1622101360888,1622101361137,249,0,522,32227.1977074857,-31790,119
1622101361147,1622101361157,10,-1,36,798.662761480704,-1,-1
1622101361167,1622101361217,50,2,357,24610.354977142,-23349,286
1622101361227,1622101361527,300,8,533,46048.1139270155,-33505,274
1622101361617,1622101361707,90,6,1381,113434.662304732,-120856,90
1622101361717,1622101361757,40,4,504,49294.8806242423,-12815,109
1622101361777,1622101361827,50,4,364,10683.943752563,-32908,108
1622101361847,1622101361867,20,0,55,4225.66067729224,-733,123
1622101361877,1622101361907,30,4,215,18866.1950038744,-16870,291
1622101361997,1622101362017,20,4,239,23323.3179230129,-1,113
1622101362187,1622101362277,90,0,314,21650.2363649952,-13618,311
1622101362447,1622101362547,100,1,283,14823.1943648121,-20260,300
1622101362607,1622101362647,40,1,149,5211.78867113893,-12,270
1622101362756,1622101362846,89,8,443,36454.3292835881,-33566,139
1622101363056,1622101363166,110,6,1815,96815.2543027101,-135903,307
1622101363396,1622101363436,40,0,325,29767.107575033,-12351,106
1622101363576,1622101363666,90,7,393,34223.141587421,-1,142
1622101363686,1622101363736,50,7,442,43499.4455484143,-34613,318
1622101363746,1622101363756,10,-1,41,1840.70375767492,-1,-1
1622101363886,1622101363926,40,3,227,12973.9556456156,-18133,282
1622101363936,1622101363956,20,4,249,23682.0607459572,-1714,109
1622101364036,1622101364056,20,4,225,21476.822396584,-255,287
1622101364076,1622101364166,90,5,348,29396.6081894156,-20979,110
1622101364306,1622101364326,20,1,76,7434.72650238283,-2151,126
1622101364965,1622101365015,50,0,337,25632.2055742606,-20649,296
1622101365055,1622101365065,10,-1,33,1869.41319678163,-1,-1
1622101365205,1622101365225,20,0,49,2924.17415757603,-1,138
1622101365315,1622101365365,50,0,92,5889.60649435188,-3999,326
1622101365475,1622101365695,220,6,1901,144388.000913543,-93605,299
1622101365775,1622101365855,80,20,848,40288.6568476154,-56736,96
1622101365865,1622101365875,10,-1,86,6647.89966865042,-1,-1
1622101365885,1622101365925,40,5,347,20744.4605474164,-10439,265
1622101365935,1622101366015,80,0,283,18715.1001389278,-16114,14
1622101366025,1622101366274,249,6,383,30672.8857733966,-18723,288
1622101366314,1622101366324,10,-1,187,17179.6386130767,-1,-1
1622101366414,1622101366494,80,11,344,2310.54826886207,-12778,272
1622101366884,1622101366954,70,15,478,18773.4136690602,-19853,108
1622101366964,1622101367064,100,32,1449,107990.056956934,-139312,286
1622101367074,1622101367084,10,-1,328,30083.6121695553,-1,-1
1622101367094,1622101367184,90,18,906,70477.8410483655,-63074,77
1622101367224,1622101367234,10,-1,30,105.719338943793,-1,-1
1622101367554,1622101367574,20,0,42,2613.65675842052,-1,275
1622101367963,1622101367993,30,0,60,3799.7460924774,-2770,118
1622101368653,1622101368723,70,1,374,37162.4659435956,-27960,109
1622101368823,1622101368833,10,-1,49,2711.46069007995,-1,-1
1622101368963,1622101368983,20,0,36,1177.36534733328,-66,315
1622101369113,1622101369123,10,-1,32,289.490232963211,-1,-1
1622101369203,1622101369223,20,0,37,2073.35610704987,-1,243
1622101369333,1622101369363,30,1,51,1978.53491718004,-1304,354
1622101369373,1622101369942,569,36,1407,104953.1351235,-89130,164
1622101369952,1622101370022,70,9,154,7129.21222990495,-8967,325
1622101370042,1622101370222,180,9,169,9717.44350746897,-6038,304
1622101370232,1622101370252,20,0,59,3021.17969111751,-1014,3
1622101370262,1622101370292,30,1,48,1015.51541404648,-944,357
1622101370302,1622101370322,20,0,44,1476.07782553561,-1392,5
1622101370512,1622101370572,60,15,831,69981.6306626582,-53215,359
1622101370612,1622101370632,20,0,30,1272.18848791118,-1,180
1622101370652,1622101370662,10,-1,39,991.225425424566,-1,-1
1622101370742,1622101370782,40,1,36,686.426899821341,-312,136
1622101370802,1622101370852,50,1,44,1220.40278287203,-1437,147
1622101370862,1622101370902,40,4,161,10326.0384232521,-8669,346
1622101370922,1622101370932,10,-1,31,1461.13794004413,-1,-1
1622101370952,1622101370962,10,-1,31,329.523268205309,-1,-1
1622101370972,1622101371112,140,7,260,17325.5426237838,-2058,160
1622101371271,1622101371551,280,18,488,23270.6424911625,-19067,213
1622101371571,1622101371591,20,1,97,5334.80615933631,-1,33
1622101371601,1622101371651,50,2,62,2359.52373555467,-1154,192
1622101371661,1622101371711,50,1,43,1339.07790343538,-540,192
1622101371731,1622101371741,10,-1,30,564.54138116296,-1,-1
1622101372101,1622101372111,10,-1,54,4185.19002381416,-1,-1
1622101372321,1622101372331,10,-1,41,1793.91508493412,-1,-1
1622101372391,1622101372431,40,1,80,3688.64781106968,-4220,92
1622101372441,1622101372471,30,1,102,8396.49022961268,-4343,85
1622101372531,1622101372561,30,4,205,15409.1740158992,-16128,289
1622101372571,1622101372591,20,4,235,20510.7297018899,-1,290
1622101372601,1622101372631,30,4,250,21568.192582289,-1,99
1622101372691,1622101372711,20,4,238,22722.6302621886,-490,288
1622101372721,1622101372751,30,9,592,31719.7056497622,-1,103
1622101372801,1622101372821,20,0,59,4373.4792830634,-1,122
1622101372840,1622101372870,29,4,213,18110.8544422354,-1995,296
1622101372890,1622101373030,140,7,652,30791.7672833342,-56530,133
1622101373260,1622101373290,30,3,170,8505.0135597091,-7221,20
1622101373640,1622101373710,70,4,80,3801.30079170967,-2302,139
1622101373830,1622101373850,20,10,496,48480.5751936484,-1567,292
1622101373860,1622101373890,30,9,609,24963.5293320373,-1,107
1622101373930,1622101373940,10,-1,39,2357.14574974353,-1,-1
1622101374320,1622101374390,70,4,182,7746.76829479504,-9488,250
1622101374400,1622101374410,10,-1,31,2157.07543378931,-1,-1
1622101374579,1622101374619,40,6,276,15415.0357572661,-16629,70
1622101374759,1622101374779,20,1,257,17594.6486114108,-1,118
1622101374789,1622101374809,20,0,300,27175.8119547831,-25783,240
1622101374819,1622101374859,40,1,123,10453.9281522117,-9239,301
1622101374879,1622101374909,30,1,56,2470.54838362287,-2382,262
1622101374929,1622101374949,20,0,40,2606.57272807672,-1,255
1622101374969,1622101375029,60,3,365,29520.1547568362,-24295,289
1622101375429,1622101375449,20,0,93,6213.16824636022,-1,120
1622101375499,1622101375529,30,1,72,5214.92207802205,-2506,294
1622101375649,1622101375709,60,1,35,1289.33970265333,-7,112
1622101375809,1622101375839,30,3,189,16193.4396679626,-15245,292
1622101375879,1622101375949,70,4,382,24233.4430930013,-24942,109
1622101376159,1622101376179,20,0,330,27464.3473335006,-1,206
1622101376189,1622101376238,49,0,343,33794.9586869786,-26076,261
1622101376458,1622101377408,950,13,1175,66570.4808229712,-71293,263
1622101377438,1622101377488,50,1,59,2521.19411687507,-987,344
1622101377548,1622101377558,10,-1,31,1311.98805494358,-1,-1
1622101377578,1622101377678,100,12,571,33327.2834328625,-30880,257
1622101377947,1622101377987,40,1,58,1185.78171773663,-61,109
1622101378057,1622101378067,10,-1,30,403.212787144157,-1,-1
1622101378077,1622101378117,40,1,45,1018.7604008418,-1021,90
1622101378247,1622101378297,50,11,467,27278.453254973,-28423,80
1622101378427,1622101378467,40,11,453,27218.8257544873,-17470,263
1622101378477,1622101378497,20,0,67,4374.53873006764,-1352,90
1622101378537,1622101378577,40,1,46,702.642305359906,-1,74
1622101378647,1622101378677,30,2,101,5902.98478517876,-5560,27
1622101378737,1622101378777,40,0,32,1290.36437731309,-243,109
1622101378877,1622101378897,20,0,38,1256.25036646584,-349,116
1622101379077,1622101379137,60,11,409,21999.4764556597,-20850,109
1622101379277,1622101379287,10,-1,33,375.443692519713,-1,-1
1622101379297,1622101379347,50,2,366,30864.7393413109,-6165,286
1622101379357,1622101379477,120,2,530,29818.7907412264,-26946,316
1622101379497,1622101379566,69,33,1396,113943.651844623,-109782,251
1622101379756,1622101379806,50,30,1162,62070.6432371657,-71072,253
1622101379856,1622101379876,20,28,1369,132842.801542851,-1,72
1622101379916,1622101379976,60,2,589,28661.0633796565,-46394,77
1622101380346,1622101380396,50,10,376,21649.3415278844,-18117,178
1622101380416,1622101380526,110,5,93,3496.29514740733,-3400,336
1622101380576,1622101380706,130,14,362,17480.3434927215,-22835,280
1622101380746,1622101380796,50,1,42,1388.53304986026,-701,340
1622101380916,1622101380976,60,5,201,10601.897591972,-9405,101
1622101381375,1622101381405,30,1,71,3439.93307060236,-2784,111
1622101381435,1622101381455,20,0,39,1070.75890757373,-1,131
1622101381495,1622101381525,30,1,91,5188.28825172198,-5222,99
1622101381555,1622101381585,30,1,78,3319.80835521347,-3371,107
1622101381595,1622101381765,170,3,268,14449.1915392225,-12938,15
1622101381775,1622101381785,10,-1,31,1017.50091137056,-1,-1
1622101381835,1622101381865,30,0,35,1035.74843895091,-466,149
1622101381905,1622101381955,50,7,255,13821.8306497672,-12821,118
1622101381985,1622101382115,130,1,1249,114402.332408014,-65858,202
1622101382125,1622101382235,110,1,1921,163278.03367528,-82409,59
1622101382335,1622101382545,210,13,847,42750.7187710557,-61507,267
1622101382555,1622101382595,40,2,214,18592.7185559111,-9759,0
1622101382605,1622101382705,100,5,67,3300.71214868486,-2529,156
1622101382745,1622101382765,20,0,51,2937.72917201912,-1,192
1622101382855,1622101382865,10,-1,34,1024.24961217959,-1,-1
1622101383254,1622101383294,40,0,59,4244.23712029909,-2755,198
1622101383564,1622101383574,10,-1,56,4475.05304202591,-1,-1
1622101383814,1622101383874,60,1,40,887.700348801187,-403,121
1622101383904,1622101383944,40,1,46,1042.53214625048,-1528,92
1622101383954,1622101383974,20,0,46,1244.06935250304,-1,108
1622101383984,1622101384074,90,3,508,33778.4790954299,-33419,179
1622101384084,1622101384104,20,0,37,1603.68992358651,-1,54
1622101384134,1622101384284,150,6,1090,106468.782086203,-57138,90
1622101384294,1622101384504,210,5,451,40211.3716490207,-37984,115
1622101384534,1622101384593,59,2,299,18769.6432464337,-25240,345
1622101384604,1622101384673,69,4,309,26400.2233617429,-15913,168
1622101384703,1622101384743,40,5,235,14840.4685829336,-12815,256
1622101384813,1622101384833,20,4,232,21797.2857130337,-555,59
1622101384933,1622101384943,10,-1,33,2015.58943040083,-1,-1
1622101384993,1622101385023,30,4,215,21206.7426660946,-16378,242
1622101385073,1622101385093,20,5,242,22526.0810811069,-1,56
1622101385333,1622101385363,30,4,235,21765.7199677926,-15884,240
1622101385493,1622101385553,60,2,278,23718.7272144182,-9433,171
1622101385663,1622101385703,40,3,263,19592.3062584278,-16080,67
1622101385713,1622101385793,80,1,291,28154.1494204829,-17279,343
1622101385903,1622101386043,140,29,1419,129065.877795995,-115771,255
1622101386063,1622101386093,30,1,90,4189.75751726549,-1,206
1622101386113,1622101386153,40,13,763,74783.894806429,-56599,268
1622101386193,1622101386203,10,-1,53,2333.77834849374,-1,-1
1622101386283,1622101386312,29,8,396,21997.8603590691,-20606,336
1622101386402,1622101386442,40,8,370,16926.9902634508,-7945,160
1622101386532,1622101386542,10,-1,1962,-1.0,-1,-1
1622101386582,1622101386642,60,39,2029,199466.504661485,-184449,211
1622101386662,1622101386682,20,40,1975,195502.768863561,-539,30
1622101386762,1622101386812,50,40,2077,204437.609010584,-185905,211
1622101386822,1622101386862,40,23,1125,100865.062886073,-90484,41
1622101386982,1622101387042,60,29,1256,101899.707255264,-111470,286
1622101387052,1622101387232,180,8,345,14775.8128549725,-18514,210
1622101387492,1622101387502,10,-1,32,669.020102682506,-1,-1
1622101387532,1622101387542,10,-1,35,2741.01420020073,-1,-1
1622101387842,1622101387932,90,7,447,32033.6892419622,-29542,63
1622101387942,1622101388131,189,35,667,34459.4181879799,-21164,353
1622101388141,1622101388301,160,8,115,7006.14136249688,-4344,181
1622101388341,1622101388401,60,2,255,8844.85077081121,-856,280
1622101388411,1622101388491,80,1,352,32557.2129642295,-25625,201
1622101388501,1622101388531,30,1,76,5580.86227864304,-3537,138
1622101388541,1622101388551,10,-1,39,1047.77197433162,-1,-1
1622101388561,1622101388651,90,2,114,6962.20828047703,-6217,258
1622101388661,1622101388671,10,-1,41,3157.55909249568,-1,-1
1622101388761,1622101388971,210,52,1404,70698.9209033292,-84160,127
1622101388981,1622101389231,250,6,318,27411.5288766047,-15033,319
1622101389351,1622101389381,30,3,169,12638.2185752142,-13253,77
1622101389391,1622101389461,70,3,70,3881.68920575548,-2353,277
1622101389680,1622101389750,69,0,359,24305.8734437034,-22612,270
1622101389840,1622101389990,150,1,359,23272.7197826403,-20611,129
1622101390010,1622101390100,90,1,291,14851.8344344281,-24070,345
1622101390200,1622101390240,40,2,115,6413.32614652075,-4341,187
1622101390260,1622101390300,40,1,347,32540.1884263109,-3334,272
1622101390400,1622101390470,70,10,533,23651.3219298635,-29860,355
1622101390680,1622101390780,100,10,843,55726.1399031898,-76751,170
1622101390790,1622101390800,10,-1,40,1195.12424767408,-1,-1
1622101390820,1622101390910,90,3,422,34181.0290893629,-1669,21
1622101391010,1622101391529,519,21,507,19275.4401549903,-26543,311
1622101391539,1622101391599,60,3,121,5631.85302570708,-5870,343
1622101391609,1622101391639,30,0,37,562.962632311498,-1,347
1622101391649,1622101391669,20,0,32,255.496000727584,-1,0
1622101391759,1622101391809,50,10,351,14773.4618353094,-19751,338
1622101391969,1622101392029,60,6,350,25005.6780152971,-16009,32
1622101392189,1622101392289,100,13,596,29896.6022801097,-36152,178
1622101392309,1622101392329,20,0,47,1952.71272369119,-1633,45
1622101392369,1622101392439,70,6,447,32514.3414981695,-23496,203
1622101392459,1622101392489,30,1,55,2511.58839656493,-7,90
1622101392729,1622101392959,230,15,752,34819.2380766397,-46660,16
1622101392989,1622101393038,49,4,207,11068.9459732049,-15742,260
1622101393048,1622101393158,110,7,593,26669.8535764383,-24121,91
1622101393268,1622101393298,30,7,325,-1.0,-20710,356
1622101393308,1622101393548,240,25,481,27619.8240892209,-19221,202
1622101393558,1622101393588,30,2,112,4363.28899605298,-6663,19
1622101393988,1622101394128,140,2,362,23863.8352730164,-18981,153
1622101394138,1622101394168,30,4,208,19909.310111915,-15773,294
1622101394178,1622101394218,40,6,271,22958.0790634795,-20497,109
1622101394268,1622101394907,639,21,537,32895.6260138417,-25439,247
1622101394268,1622101394907,639,21,537,32895.6260138417,-25439,247
1622101394927,1622101395017,90,5,127,8482.60677164014,-5434,329
1622101394927,1622101395017,90,5,127,8482.60677164014,-5434,329
1622101395037,1622101395057,20,0,63,2899.07546507954,-1,39
1622101395067,1622101395127,60,15,563,36924.8006031239,-29227,44
1622101395337,1622101395357,20,0,65,2270.78444508255,-1,118
1622101395367,1622101395407,40,3,153,5918.29491193861,-7056,122
1622101395547,1622101395557,10,-1,43,2112.36822903849,-1,-1
1622101395707,1622101395727,20,0,58,4591.02478143632,-560,7
1622101395807,1622101395877,70,14,404,19668.0178902241,-17231,264
1622101395887,1622101395937,50,10,365,18545.7512102905,-14823,85
1622101395947,1622101396117,170,6,1731,138663.72609105,-137759,125
1622101396127,1622101396177,50,4,213,11006.1995720342,-16022,244
1622101396287,1622101396307,20,2,223,11484.8601928847,-1,343
1622101396317,1622101396337,20,2,213,19841.0107039,-4435,96
1622101396347,1622101396386,39,3,149,9571.2725384548,-7461,244
1622101396696,1622101396756,60,13,407,23156.0026963704,-10852,208
1622101396996,1622101397066,70,3,58,3129.87299373981,-1013,278
1622101397186,1622101397196,10,-1,30,1204.43350021961,-1,-1
1622101397236,1622101397276,40,1,40,1025.56921885399,-688,92
1622101397306,1622101397466,160,9,241,13889.4781623654,-1588,115
1622101397626,1622101397786,160,4,473,24062.6500524207,-28505,306
1622101397796,1622101397956,160,10,154,7886.65484574222,-5152,192
1622101397986,1622101398395,409,17,730,49078.0205094183,-35769,168
1622101398405,1622101398445,40,0,99,7611.46181725253,-2795,20
1622101398455,1622101398475,20,0,38,776.409244966791,-1,270
1622101398585,1622101398605,20,0,60,4192.06048834437,-748,105
1622101398625,1622101398635,10,-1,40,2722.73326607674,-1,-1
1622101398685,1622101398705,20,0,59,3860.96083667479,-1072,145
1622101398905,1622101399035,130,16,410,20754.5549233524,-21104,58
1622101399055,1622101399185,130,5,443,33473.6026189916,-36564,81
1622101399335,1622101399375,40,7,301,15377.8945051984,-14480,260
1622101399515,1622101399585,70,7,319,12296.8691136642,-17799,86
1622101399605,1622101399635,30,1,60,1846.28545392895,-2590,106
1622101399655,1622101399774,119,35,1238,44642.1334605408,-60700,287
1622101399784,1622101399944,160,7,73,2418.33603182784,-3778,114
1622101400014,1622101400054,40,2,122,5274.24732427846,-4116,95
1622101400104,1622101400124,20,0,38,1018.26277459451,-509,90
1622101400164,1622101400184,20,0,41,1342.68382125713,-836,96
1622101400204,1622101400224,20,0,36,706.046617080249,-141,123
1622101400254,1622101400334,80,2,350,26598.895432429,-15371,289
1622101400384,1622101400404,20,1,78,6955.77820153739,-1,125
1622101400444,1622101400494,50,6,255,17157.0963918361,-14048,110
1622101401284,1622101401324,40,0,65,4996.48297043567,-2266,126
1622101401673,1622101401753,80,8,469,25297.9961960463,-26809,233
1622101401783,1622101401833,50,5,248,17554.1631897162,-20025,66
1622101401983,1622101402013,30,3,187,9816.78682891449,-8414,95
1622101402453,1622101402483,30,3,154,9586.76492208481,-8842,331
1622101402553,1622101402573,20,0,77,3593.57540571765,-1,145
1622101402583,1622101402603,20,0,59,4114.58780231573,-976,294
1622101402643,1622101402723,80,5,229,16811.5593621846,-17456,254
1622101402743,1622101402773,30,4,236,19465.6767750471,-1,73
1622101402783,1622101402833,50,0,146,13885.0943691937,-9348,176
1622101402853,1622101402913,60,9,240,19145.8979938582,-16384,250
1622101402943,1622101402993,50,10,691,25942.0092174831,-60567,68
1622101403083,1622101403252,169,0,317,18838.2285436563,-17832,90
1622101403342,1622101403372,30,0,62,4885.04136069737,-2075,139
1622101403782,1622101403802,20,1,63,4780.5146930359,-941,124
1622101404082,1622101404282,200,8,419,35833.6361060225,-27523,269
1622101404302,1622101404312,10,-1,30,2040.35090371935,-1,-1
1622101404342,1622101404522,180,0,455,28625.8820714366,-26680,251
1622101404572,1622101404582,10,-1,46,1783.10450436623,-1,-1
1622101404632,1622101404712,80,5,391,19377.5496463362,-12514,249
1622101404931,1622101404951,20,4,245,24568.9744517774,-1,68
1622101404961,1622101405001,40,0,67,3562.53708030932,-251,323
1622101405461,1622101405561,100,4,348,27746.6180303737,-19344,258
1622101405571,1622101405621,50,6,284,26328.6507280633,-14399,61
1622101405741,1622101405821,80,7,224,21582.2225226027,-18292,242
1622101405831,1622101405851,20,4,259,24169.4059688096,-1553,73
1622101406191,1622101406221,30,2,128,6236.13381528709,-6883,144
1622101406311,1622101406331,20,0,57,2169.57869706789,-1,75
1622101406441,1622101406550,109,16,436,15195.7791464908,-23702,274
1622101406560,1622101406580,20,30,1503,147607.710058689,-98,253
1622101406600,1622101406650,50,29,1281,116840.412133478,-106340,74
1622101406700,1622101406730,30,1,55,2393.11737279861,-1770,52
1622101406760,1622101406940,180,16,902,71126.9852782625,-56153,280
1622101406950,1622101406970,20,3,330,32049.1185403158,-16799,341
1622101407040,1622101407090,50,18,874,60906.383749823,-59064,111
1622101407300,1622101407360,60,0,352,23954.0017669053,-21868,253
1622101407480,1622101407490,10,-1,35,2353.52857163634,-1,-1
1622101407620,1622101407630,10,-1,47,2658.90675492921,-1,-1
1622101407800,1622101407820,20,0,46,3012.2933358747,-1458,199
1622101408159,1622101408219,60,0,390,27674.9808970675,-23971,278
1622101408229,1622101408349,120,0,430,33085.2261961196,-29077,225
1622101408879,1622101408889,10,-1,51,3501.16158964963,-1,-1
1622101409009,1622101409069,60,13,389,19864.2343117359,-3482,212
1622101409329,1622101409359,30,2,139,4863.78089487524,-1,114
1622101409369,1622101409529,160,11,187,7873.22168668859,-9197,61
1622101409539,1622101409569,30,0,52,2271.4954628192,-1308,71
1622101409599,1622101409609,10,-1,34,1975.59549874781,-1,-1
1622101409619,1622101409629,10,-1,54,2691.98872466534,-1,-1
1622101409639,1622101409699,60,11,702,42590.7927529102,-50795,172
1622101409709,1622101409749,40,0,52,4510.67525487404,-1236,101
1622101409868,1622101409878,10,-1,57,2920.28432300744,-1,-1
1622101409888,1622101409938,50,4,2298,227688.787396311,-199964,63
1622101409948,1622101409978,30,3,215,19650.007351735,-8726,217
1622101410178,1622101410198,20,0,64,5302.76502304978,-2839,327
1622101410278,1622101410298,20,2,106,9173.22154187871,-1094,220
1622101410308,1622101410328,20,3,230,13226.7030793885,-1,126
1622101410338,1622101410348,10,-1,71,4668.48314039017,-1,-1
1622101410368,1622101410388,20,0,33,1220.64538343808,-238,310
1622101410398,1622101410488,90,0,588,55409.0904180113,-48861,6
1622101410548,1622101410618,70,1,189,7800.25064504309,-11790,123
1622101410628,1622101410678,50,2,59,1553.14138803308,-2094,1
1622101410748,1622101410758,10,-1,31,228.272242793936,-1,-1
1622101410768,1622101410818,50,2,146,8362.09693561771,-10537,25
1622101410838,1622101410888,50,1,42,817.202316517343,-522,35
1622101410978,1622101410988,10,-1,35,544.919277926786,-1,-1
1622101411048,1622101411098,50,3,131,6070.23132390601,-5088,357
1622101411318,1622101411467,149,4,137,4491.07961626051,-1241,79
1622101411607,1622101411777,170,11,124,6898.21262614563,-3520,215
1622101411787,1622101411797,10,-1,93,7131.25936177093,-1,-1
1622101411917,1622101412087,170,9,441,22460.7236550446,-18347,238
1622101412117,1622101412207,90,2,184,12915.8067290394,-7961,193
1622101412217,1622101412257,40,3,227,10128.0246895127,-17875,278
1622101412277,1622101412307,30,3,232,7851.155424118,-1,92
1622101412337,1622101412407,70,5,1854,145664.46586582,-162028,286
1622101412427,1622101412517,90,2,675,42248.8123745707,-35607,214
1622101412537,1622101412577,40,4,277,9430.78132889468,-23915,74
1622101412597,1622101412747,150,5,472,21750.9494953511,-16256,265
1622101413226,1622101413236,10,-1,502,49474.2466692844,-1,-1
1622101413346,1622101413486,140,16,276,16127.7633265598,-12673,270
1622101413496,1622101413506,10,-1,35,834.083545366753,-1,-1
1622101413566,1622101413666,100,31,1653,77798.8046663999,-94059,318
1622101413886,1622101413926,40,2,83,1561.62661258239,-1948,123
1622101414016,1622101414336,320,40,1126,95423.4910835919,-26716,128
1622101414516,1622101414586,70,6,352,30242.4096859406,-28665,285
1622101414836,1622101414885,49,12,476,37018.1640287016,-28462,92
1622101414905,1622101415015,110,4,332,18077.6881506414,-25288,281
1622101415065,1622101415085,20,4,226,21486.0261237276,-1,112
1622101415185,1622101415205,20,4,250,23760.7755523923,-538,285
1622101415235,1622101415295,60,0,244,19142.6161109759,-9052,45
1622101415305,1622101415375,70,0,334,31781.0631424347,-14870,256
1622101415385,1622101415405,20,4,247,22663.2144683653,-1544,103
1622101415575,1622101415635,60,0,386,29240.2332473793,-23697,135
1622101415645,1622101415665,20,3,220,21019.8194178866,-2026,289
1622101415725,1622101415775,50,0,267,23775.6808828524,-16248,135
1622101415785,1622101415805,20,4,239,21834.8476282181,-659,109
1622101415815,1622101415865,50,1,108,7597.6274472838,-6744,146
1622101416235,1622101416255,20,1,65,5804.22274660025,-1245,127
1622101416265,1622101416305,40,1,53,1847.02241555822,-1190,295
1622101416395,1622101416445,50,4,117,5543.61689653925,-2703,267
1622101416505,1622101416524,19,0,51,2769.38237089745,-1,257
1622101416634,1622101416674,40,1,85,5408.244138383,-2844,90
1622101416754,1622101416774,20,0,43,3074.78521283171,-1171,109
1622101416794,1622101416804,10,-1,38,2843.00132201508,-1,-1
1622101416974,1622101417014,40,2,142,9729.4627113082,-3482,143
1622101417134,1622101417144,10,-1,38,1872.37592986538,-1,-1
1622101417204,1622101417214,10,-1,33,1704.0667065805,-1,-1
1622101417324,1622101417424,100,5,316,26169.1841815864,-17146,305
1622101417444,1622101417464,20,4,238,23264.6558523972,-1,103
1622101417484,1622101417504,20,4,224,22151.9356513286,-423,283
1622101417534,1622101417634,100,4,356,29937.9640902416,-22397,107
1622101418014,1622101418024,10,-1,35,2443.96594294629,-1,-1
1622101419253,1622101419283,30,1,77,4947.83584556209,-2995,152
1622101419593,1622101419653,60,2,86,3058.34149237306,-2805,39
1622101419773,1622101419992,219,2,2148,84008.9058114869,-158845,249
1622101420022,1622101420182,160,1,458,32910.9736740265,-36836,126
1622101420302,1622101420412,110,0,354,31458.1298003382,-24612,303
1622101420422,1622101420452,30,3,399,38385.5530035446,-21065,136
1622101420692,1622101420712,20,5,478,-1.0,-22520,138
1622101420792,1622101420842,50,7,249,12590.6446252487,-12205,314
1622101420852,1622101420862,10,-1,32,602.033948768968,-1,-1
1622101420902,1622101420942,40,2,338,31798.2998467764,-11850,2
1622101420952,1622101420972,20,5,283,25745.2686065031,-1,137
1622101421142,1622101421342,200,0,1536,148895.291977606,-148910,77
1622101421372,1622101421402,30,2,108,5777.42629131687,-27,45
1622101421412,1622101421442,30,0,78,5178.87288363306,-3915,246
1622101421671,1622101421681,10,-1,32,-1.0,-1,-1
1622101421761,1622101421781,20,0,66,2572.09377628476,-1,36
1622101422101,1622101422131,30,1,61,1845.76622607946,-1,219
1622101422181,1622101422311,130,3,1956,77230.1564789251,-127644,115
1622101422491,1622101422541,50,14,749,34231.9345521885,-43997,267
1622101422551,1622101422561,10,-1,30,995.272412405609,-1,-1
1622101422681,1622101422751,70,14,352,13228.1277247454,-16546,254
1622101422961,1622101423001,40,8,340,22087.4054443779,-23547,178
1622101423320,1622101423460,140,31,950,60543.1894578547,-73087,61
1622101423630,1622101423640,10,-1,33,1574.50416329641,-1,-1
1622101423670,1622101423740,70,1,381,33576.2867792305,-31864,143
1622101423820,1622101424050,230,11,92,3684.13400937813,-2830,246
1622101424160,1622101424230,70,8,346,19506.6813177509,-19502,1
1622101424240,1622101424330,90,3,49,1310.86086311217,-795,92
1622101424340,1622101424360,20,0,42,1817.61459535923,-1,84
1622101424450,1622101424590,140,6,525,32000.8087681349,-30260,150
1622101424600,1622101424660,60,4,130,7607.9815501909,-3437,274
1622101424770,1622101424780,10,-1,30,96.3745555791839,-1,-1
1622101424790,1622101424860,70,4,84,3596.92811964059,-1724,81
1622101425009,1622101425029,20,0,36,1260.94771845422,-1,277
1622101425509,1622101425539,30,1,75,4130.66785835311,-4094,189
1622101425569,1622101425579,10,-1,31,1153.43944784193,-1,-1
1622101425809,1622101425839,30,1,86,5550.68841675022,-4795,0
1622101426159,1622101426229,70,3,336,16835.3963996602,-19601,184
1622101426459,1622101426489,30,2,134,8504.822257611,-7812,3
1622101427178,1622101427438,260,1,1118,52134.7282707967,-63849,244
1622101427958,1622101428008,50,8,295,15689.1491761426,-12275,327
1622101428218,1622101428268,50,9,375,19611.8612833253,-15240,144
1622101428737,1622101429067,330,11,1712,73974.1541726437,-162269,24
1622101429077,1622101429157,80,3,236,17936.6604845411,-12239,87
1622101429167,1622101429197,30,1,78,4517.68386735231,-1409,88
1622101429337,1622101429357,20,0,51,4369.07577686662,-934,96
1622101429417,1622101429427,10,-1,30,1959.45450871409,-1,-1
1622101429617,1622101429637,20,1,80,5348.01759156455,-886,129
1622101429996,1622101430086,90,28,1258,112681.663450365,-82613,344
1622101430336,1622101430506,170,40,1576,134336.131512884,-83199,151
1622101430556,1622101430676,120,3,355,18997.1621374225,-18183,323
1622101430686,1622101430706,20,0,44,1555.96479040507,-1,274
1622101430746,1622101430796,50,2,127,8401.34712835951,-5955,173
1622101430806,1622101430816,10,-1,31,1185.64975048533,-1,-1
1622101430826,1622101430886,60,5,431,31406.1637950203,-18788,356
1622101431116,1622101431136,20,2,103,8812.49914934548,-1783,191
1622101431146,1622101431166,20,0,40,1703.40892804464,-1,195
1622101431446,1622101431516,70,3,186,10404.1641313771,-13757,90
1622101431615,1622101431715,99,4,534,37410.3898824027,-30477,312
1622101431815,1622101431855,40,3,100,4929.08818144245,-4449,188
1622101431895,1622101431925,30,3,160,7145.59171803025,-7544,11
1622101432035,1622101432075,40,2,346,24920.0334659921,-2326,254
1622101432255,1622101432315,60,3,156,2251.88357849562,-18,242
1622101432375,1622101432395,20,1,94,7770.57118342453,-863,254
1622101432405,1622101432435,30,3,144,7549.85949540715,-8321,274
1622101432475,1622101432515,40,1,628,59773.2173514721,-2134,7
1622101432525,1622101432565,40,0,488,47339.4011967582,-38961,273
1622101432575,1622101432605,30,0,42,1538.30418309053,-1011,42
1622101432805,1622101432815,10,-1,30,2690.84429156723,-1,-1
1622101432985,1622101433065,80,0,140,7412.54000135824,-4891,294
1622101433604,1622101433624,20,0,42,2379.09444283994,-1,127
1622101433694,1622101433704,10,-1,52,3251.31395441287,-1,-1
1622101433754,1622101433774,20,0,31,978.617733847906,-1,236
1622101434094,1622101434144,50,4,399,21028.4009800375,-1,83
1622101434234,1622101434314,80,9,598,26299.2863924664,-28107,265
1622101434324,1622101434354,30,1,76,5337.35955168102,-2375,271
1622101434414,1622101434454,40,0,376,36166.440847333,-16282,292
1622101434934,1622101435113,179,41,682,35269.0688868732,-21877,212
1622101435223,1622101435243,20,0,33,719.611220156518,-1,54
1622101435253,1622101435263,10,-1,32,548.640338343335,-1,-1
1622101435273,1622101435323,50,9,243,12526.2540734584,-9788,190
1622101435363,1622101435383,20,1,79,5211.04611730261,-1,113
1622101435513,1622101435563,50,7,192,11760.6806775553,-9475,211
1622101435803,1622101435823,20,0,39,2747.28489148761,-155,42
1622101435833,1622101435863,30,1,45,1380.44732930073,-674,38
1622101435903,1622101435963,60,9,465,37936.0490641177,-14504,19
1622101436193,1622101436203,10,-1,85,6858.99858667321,-1,-1
1622101436213,1622101436233,20,2,154,13581.8302435772,-6657,358
1622101436263,1622101436293,30,4,178,8912.57963308113,-8937,182
1622101436503,1622101436553,50,7,747,31490.0362632286,-1,0
1622101436672,1622101436742,70,15,491,20685.9360760642,-26996,315
1622101436782,1622101436792,10,-1,36,1181.87057849176,-1,-1
1622101436802,1622101436822,20,0,40,2173.7351156597,-492,232
1622101436832,1622101436902,70,1,198,13849.2472948648,-15962,140
1622101436922,1622101437002,80,9,247,10514.873776542,-15642,170
1622101437062,1622101437082,20,0,48,1722.24210153568,-1,97
1622101437132,1622101437172,40,18,827,63818.0707461955,-16774,347
1622101437492,1622101437502,10,-1,43,-1.0,-1,-1
1622101437512,1622101437602,90,8,274,14991.0957566917,-19373,162
1622101438262,1622101438292,30,2,192,10614.059827926,-1,178
1622101438411,1622101438671,260,9,530,22620.9862308509,-24410,120
1622101438691,1622101438711,20,0,33,1389.45817694825,-1,299
1622101438721,1622101438741,20,0,44,1670.50556133458,-617,311
1622101438961,1622101439041,80,8,248,11853.4094488696,-9589,272
1622101439151,1622101439181,30,1,75,4484.57806260131,-2097,138
1622101439191,1622101439221,30,1,58,2792.15696935922,-1420,303
1622101439261,1622101439281,20,0,55,1976.69335147765,-1,293
1622101439351,1622101439371,20,0,69,3374.38040626831,-1,71
1622101439461,1622101439511,50,5,159,4278.76168305341,-4241,292
1622101439631,1622101439661,30,1,96,7655.44945442353,-4386,259
1622101439741,1622101439791,50,7,269,16077.6935626883,-13473,198
1622101439980,1622101440050,69,10,393,18215.3752366769,-21980,7
1622101440120,1622101440140,20,0,42,2675.5648032062,-632,106
1622101440150,1622101440210,60,1,386,35508.2310548856,-17462,274
1622101440800,1622101440810,10,-1,36,2324.88872645023,-1,-1
1622101440870,1622101440880,10,-1,30,539.367405208582,-1,-1
1622101440960,1622101441020,60,9,331,14997.3789613105,-14174,180
1622101441270,1622101441290,20,1,226,15116.6530133078,-1,82
1622101441380,1622101441490,110,10,466,24027.7222702349,-24258,278
1622101441520,1622101441530,10,-1,30,239.475684395217,-1,-1
1622101441540,1622101441620,80,0,214,11818.7436981358,-15015,288
1622101441650,1622101441680,30,3,191,14720.5801311712,-14489,289
1622101441919,1622101442039,120,0,354,29638.9955995518,-26194,285
1622101442059,1622101442119,60,3,361,15157.204031823,-32547,105
1622101442189,1622101442259,70,32,1401,117979.140257155,-109456,290
1622101442279,1622101442299,20,27,1351,132467.579621088,-1,108
1622101442359,1622101442389,30,6,338,22208.9710528101,-11905,286
1622101442399,1622101442449,50,5,467,25165.2911791137,-13933,113
1622101442459,1622101442579,120,5,331,26290.2275094629,-29124,126
1622101442679,1622101442699,20,1,65,5071.95247492617,-1,129
1622101442709,1622101442729,20,0,45,2683.34076418433,-1,261
1622101442849,1622101442979,130,1,390,26457.6572240858,-26917,189
1622101443089,1622101443209,120,34,1138,60760.8578083767,-16005,341
1622101443368,1622101443558,189,13,1258,90348.3956308083,-71646,161
1622101443638,1622101443698,60,2,63,2752.23078553855,-2585,156
1622101443738,1622101443758,20,0,45,1180.57679604277,-1,116
1622101443808,1622101444058,250,26,2548,250891.807280657,-207152,167
1622101444458,1622101444498,40,2,108,5374.94163480423,-4102,339
1622101444748,1622101444758,10,-1,31,1590.55092436074,-1,-1
1622101445997,1622101446017,20,1,89,6479.91582493935,-1,166
1622101446367,1622101446407,40,2,94,5713.26926873355,-5630,6
1622101446587,1622101446597,10,-1,396,38736.5777627261,-1,-1
1622101446716,1622101446856,140,21,1668,112271.873688987,-98063,84
1622101446876,1622101446886,10,-1,36,2436.32831402084,-1,-1
1622101446896,1622101446906,10,-1,335,30669.1788223747,-1,-1
1622101447056,1622101447086,30,4,463,-1.0,-28690,68
1622101447156,1622101447166,10,-1,259,23764.8977610204,-1,-1
1622101447316,1622101447416,100,6,831,28122.0140812442,-38008,315
1622101447426,1622101447466,40,2,204,10051.1354726877,-881,46
1622101447476,1622101447546,70,5,948,74733.622222254,-87273,26
1622101447556,1622101447686,130,7,932,87106.9406610129,-89852,213
1622101447706,1622101447756,50,3,256,14883.4540516924,-1734,0
1622101447766,1622101447796,30,1,65,3294.39092177916,-1,39
1622101447806,1622101447896,90,4,1174,98407.3035881863,-114220,212
1622101447906,1622101447956,50,3,881,81307.2370926178,-70299,18
1622101447966,1622101448126,160,5,214,19006.4086105521,-12051,86
1622101448146,1622101448206,60,2,93,5423.60877467324,-6223,43
1622101448376,1622101448425,49,2,94,4896.97192812568,-4214,2
1622101448975,1622101448985,10,-1,41,3423.77420541023,-1,-1
1622101449135,1622101449155,20,1,58,4077.57862014086,-1,284
1622101449175,1622101449185,10,-1,35,736.937353406822,-1,-1
1622101449215,1622101449235,20,0,41,2117.31780257416,-379,235
1622101449355,1622101449365,10,-1,35,971.336368530291,-1,-1
1622101449725,1622101449735,10,-1,33,822.363948708076,-1,-1
1622101449745,1622101449755,10,-1,114,9003.78500005022,-1,-1
1622101449995,1622101450074,79,6,783,49987.3300393769,-65281,171
1622101450084,1622101450164,80,2,510,28949.9773784343,-34194,272
1622101450174,1622101450184,10,-1,43,1706.41067070294,-1,-1
1622101450194,1622101450214,20,1,78,6115.15649314229,-2799,72
1622101450244,1622101450254,10,-1,47,3007.64268892933,-1,-1
1622101450314,1622101450334,20,1,159,7853.57952165954,-1,255
1622101450424,1622101450474,50,0,93,2208.96347616588,-5562,0
1622101450854,1622101450884,30,0,39,2143.02545962619,-557,331
1622101450954,1622101451124,170,5,586,32413.6795839429,-34827,279
1622101451184,1622101451344,160,4,661,30383.6109462746,-39943,120
1622101451354,1622101451364,10,-1,68,5828.29340808559,-1,-1
1622101451374,1622101451414,40,3,491,35469.5742553374,-1015,100
1622101451504,1622101451634,130,13,172,4729.21868851206,-6125,265
1622101451664,1622101451694,30,5,250,13949.0217888702,-1,289
1622101451704,1622101451714,10,-1,136,10986.3033424835,-1,-1
1622101451723,1622101451793,69,4,265,17719.3648128573,-20492,104
1622101451803,1622101451813,10,-1,115,9283.52112971736,-1,-1
1622101451843,1622101451863,20,0,35,2509.33907823184,-550,138
1622101452013,1622101452033,20,0,288,25317.1115568582,-1,140
1622101452043,1622101452053,10,-1,318,31035.7639710753,-1,-1
1622101452093,1622101452113,20,2,132,8268.88440887692,-1,315
1622101452123,1622101452283,160,23,1471,81649.7403204391,-42192,280
1622101452323,1622101452343,20,1,64,3410.49509328709,-1,270
1622101452373,1622101452603,230,25,1014,39369.567782881,-43602,104
1622101452743,1622101452793,50,4,269,14544.1511375548,-22682,284
1622101452803,1622101452923,120,3,392,17131.9157047548,-27705,349
1622101453073,1622101453223,150,7,1241,123259.466512089,-98756,115
1622101453313,1622101453353,40,3,149,9213.72132676652,-8163,272
1622101453383,1622101453522,139,1,314,15218.9481155636,-28121,238
1622101453722,1622101453732,10,-1,30,1491.19332765992,-1,-1
1622101453802,1622101453872,70,4,425,32092.3145039777,-23259,275
1622101453932,1622101453972,40,3,326,15342.5687528115,-28636,99
1622101454072,1622101454102,30,1,56,1987.61383218773,-2086,113
1622101454122,1622101454152,30,1,47,1820.69575793711,-1562,101
1622101454292,1622101454362,70,5,436,28115.5917844831,-23121,273
1622101454372,1622101454422,50,1,51,2124.65802816609,-666,263
1622101454442,1622101454482,40,1,56,1986.00032587256,-1391,296
1622101454582,1622101454612,30,0,39,1556.71163888645,-808,97
1622101454622,1622101454652,30,1,75,3129.17514186883,-4478,72
1622101454662,1622101454682,20,0,36,1664.13137288944,-1,96
1622101454712,1622101454742,30,1,66,2870.51223263064,-2686,114
1622101454762,1622101454772,10,-1,35,2492.47871979805,-1,-1
1622101454782,1622101454832,50,5,207,13005.4431132904,-7914,232
1622101454952,1622101454972,20,4,576,36654.0649543033,-1,101
1622101455072,1622101455171,99,7,429,18341.8353862737,-35221,273
1622101455191,1622101455381,190,1,1506,125284.869803754,-100920,16
1622101455601,1622101455641,40,0,231,20185.764952191,-15050,258
1622101455761,1622101455791,30,5,245,17482.5476628621,-19004,112
1622101455811,1622101455861,50,1,321,25688.8806269035,-14737,281
1622101455981,1622101456021,40,1,78,4810.7053746237,-1237,326
1622101456031,1622101456071,40,4,213,18035.3124584481,-16816,285
1622101456151,1622101456191,40,3,207,12681.8958325562,-17489,113
1622101456211,1622101456221,10,-1,35,1704.18802874017,-1,-1
1622101456451,1622101456471,20,0,53,3254.98337642446,-2222,111
1622101456511,1622101456551,40,0,110,8501.09004968155,-3254,139
1622101456820,1622101456850,30,2,101,5355.1691936014,-2330,177
1622101457160,1622101457200,40,1,84,4851.11966521232,-2903,341
1622101457270,1622101457290,20,0,56,3575.83161240522,-2016,355
1622101457420,1622101457440,20,0,39,1859.09733730538,-1,113
1622101457950,1622101457980,30,1,71,3172.43730440934,-2162,163
1622101458140,1622101458160,20,0,39,2802.58204823505,-787,116
1622101458489,1622101458529,40,2,599,54783.0202673603,-25209,300
1622101458629,1622101458699,70,7,216,4019.56570646831,-6105,270
1622101458799,1622101458839,40,3,275,20385.2707160878,-7714,106
1622101458919,1622101458949,30,4,220,17478.6852529364,-18594,286
1622101458959,1622101459009,50,4,311,15747.6277918028,-22871,105
1622101459069,1622101459129,60,3,390,30169.5900996348,-31288,137
1622101459139,1622101459209,70,4,367,26704.2045443737,-31311,316
1622101459599,1622101459699,100,0,245,19519.0405342792,-21348,348
1622101460119,1622101460158,39,0,379,35343.4034154348,-15870,254
1622101460318,1622101460348,30,4,231,17088.3279629281,-20088,289
1622101460368,1622101460378,10,-1,36,2837.29460074477,-1,-1
1622101460408,1622101460438,30,4,244,13897.6016506827,-1,281
1622101460498,1622101460548,50,5,540,51048.7066727688,-24869,115
1622101460558,1622101460578,20,5,247,21457.3245913511,-1,289
1622101460588,1622101460618,30,7,742,38262.1585767463,-597,104
1622101460628,1622101460718,90,0,418,22365.1179567236,-26062,71
1622101460858,1622101460868,10,-1,32,2464.5950465191,-1,-1
1622101461118,1622101461138,20,0,38,3320.35337835701,-263,55
1622101461568,1622101461578,10,-1,31,2576.92205525578,-1,-1
1622101461678,1622101461698,20,0,45,3528.93686269868,-385,65
1622101462027,1622101462037,10,-1,36,1100.60247725118,-1,-1
1622101462197,1622101462297,100,0,391,38246.0408770884,-35411,51
1622101462307,1622101462347,40,1,197,17988.5749375503,-6814,302
1622101462387,1622101462437,50,0,352,32062.0762965389,-28411,139
1622101462557,1622101462657,100,3,149,8246.16253417846,-6999,286
1622101462677,1622101462697,20,4,232,20618.5589747681,-1,108
1622101462947,1622101462967,20,29,1465,145264.825447961,-1,289
1622101463037,1622101463127,90,29,2198,150260.02945714,-99770,109
1622101463267,1622101463287,20,6,325,29472.1153480231,-1,133
1622101463586,1622101463696,110,13,877,14510.2465788244,-38687,113
1622101463916,1622101464076,160,17,579,7985.08448294759,-41180,248
1622101464106,1622101464186,80,3,113,4074.11826120803,-704,100
1622101464196,1622101464266,70,4,330,28393.4526337645,-21114,84
1622101464366,1622101464416,50,2,68,3042.39961546718,-2228,271
1622101464436,1622101464456,20,0,37,1403.63296793834,-1,243
1622101464836,1622101464866,30,1,73,3038.52953030701,-3341,245
1622101464946,1622101464956,10,-1,31,2063.45118659831,-1,-1
1622101464976,1622101464986,10,-1,38,3047.43457261222,-1,-1
1622101465006,1622101465026,20,0,38,1493.89236792494,-1,48
1622101465036,1622101465056,20,0,49,2555.4287749217,-1050,94
1622101465185,1622101465205,20,0,33,2375.06505053178,-245,339
1622101465385,1622101465395,10,-1,44,2929.6213244867,-1,-1
1622101465725,1622101465755,30,1,73,4170.1191988839,-4128,133
1622101465775,1622101465785,10,-1,36,2858.96351985751,-1,-1
1622101466225,1622101466235,10,-1,43,2520.33173885152,-1,-1
1622101466675,1622101466794,119,1,407,28752.6022625812,-29862,170
1622101467964,1622101467984,20,0,63,4302.1547692969,-2066,338
1622101468304,1622101468314,10,-1,36,1656.78290690173,-1,-1
1622101468334,1622101468404,70,0,330,32810.8136733419,-27333,239
1622101468643,1622101468653,10,-1,33,2270.84092724781,-1,-1
1622101469293,1622101469373,80,1,92,6009.26152171553,-4758,111
1622101469553,1622101469593,40,2,116,5824.75787199247,-6230,327
1622101469603,1622101469633,30,1,65,2504.14217422849,-2148,62
1622101470392,1622101470412,20,0,34,2906.77199630675,-142,37
1622101470432,1622101470442,10,-1,40,2254.83246371342,-1,-1
1622101470752,1622101470772,20,0,39,3331.70754080703,-15,61
1622101471512,1622101471542,30,4,220,20619.3977236445,-17481,252
1622101471552,1622101471562,10,-1,38,1171.50689964438,-1,-1
1622101471752,1622101471832,80,5,405,28305.3999410756,-26664,69
1622101472151,1622101472161,10,-1,32,2134.78395670126,-1,-1
1622101472401,1622101472421,20,1,82,6123.26082995701,-808,116
1622101472431,1622101472441,10,-1,62,4144.01198527529,-1,-1
1622101472451,1622101472541,90,4,177,9976.35388897121,-6171,175
1622101472561,1622101472601,40,0,115,5506.5230974543,-851,135
1622101472641,1622101472671,30,2,110,8010.5868663241,-3274,305
1622101472871,1622101472921,50,1,49,1165.24730264479,-1561,91
1622101473181,1622101473231,50,3,187,12504.807740718,-6219,321
1622101473271,1622101473281,10,-1,303,27653.8445953276,-1,-1
1622101473291,1622101473351,60,0,364,34966.7856862175,-25866,12
1622101473391,1622101473481,90,1,382,29652.6779019905,-29482,203
1622101473800,1622101473910,110,2,447,33553.3122072287,-30900,279
1622101473970,1622101474010,40,0,394,37290.4141536335,-5499,280
1622101474390,1622101474440,50,0,314,22015.7391946398,-27442,225
1622101474760,1622101474770,10,-1,32,2889.7264019824,-1,-1
1622101474950,1622101474970,20,0,60,3102.81838806827,-1,40
1622101474980,1622101474990,10,-1,34,1744.02383043893,-1,-1
1622101475489,1622101475569,80,0,541,37328.61607072,-28956,262
1622101475849,1622101475859,10,-1,329,31526.4787232169,-1,-1
1622101475869,1622101475939,70,0,308,30231.0611685262,-24252,135
1622101475959,1622101476019,60,1,410,27224.343899707,-30563,295
1622101476039,1622101476059,20,0,42,1805.52510839971,-1,123
1622101476359,1622101476379,20,0,57,3947.58086177537,-1848,126
1622101476429,1622101476459,30,2,109,7012.21101167085,-6480,55
1622101476519,1622101476529,10,-1,44,3032.46199408276,-1,-1
1622101476549,1622101476569,20,0,58,2940.21725101843,-1840,233
1622101476609,1622101476739,130,0,479,18179.0076066748,-35676,322
1622101476769,1622101476779,10,-1,33,537.050115231501,-1,-1
1622101476799,1622101476809,10,-1,30,543.420676160844,-1,-1
1622101476819,1622101476829,10,-1,34,814.15909889636,-1,-1
1622101476839,1622101476868,29,1,50,2177.03537883301,-891,306
1622101477198,1622101477258,60,2,99,3992.06665240332,-3834,271
1622101477268,1622101477288,20,0,43,1484.10821878011,-452,240
1622101477488,1622101477508,20,0,45,-1.0,-63,68
1622101477748,1622101477798,50,7,313,18926.6330454186,-17421,143
1622101477808,1622101477828,20,2,103,6568.26679689584,-1,275
1622101477838,1622101477858,20,0,295,23153.1069866138,-1,109
1622101477868,1622101477878,10,-1,347,33522.3293740555,-1,-1
1622101478028,1622101478048,20,2,95,6453.6115932935,-1,284
1622101478098,1622101478168,70,6,344,27822.2323532669,-17262,11
1622101478178,1622101478188,10,-1,38,1542.52008413033,-1,-1
1622101478298,1622101478348,50,1,340,25078.9872681218,-10730,122
1622101478358,1622101478408,50,0,85,4014.53305682053,-3082,275
1622101478687,1622101478727,40,2,82,5005.31158088036,-4005,263
1622101478857,1622101478877,20,0,36,640.443686564466,-357,37
1622101478967,1622101478977,10,-1,36,2161.03888116339,-1,-1
1622101479107,1622101479147,40,1,346,31333.5054930077,-30996,158
1622101479157,1622101479207,50,0,105,9362.34329086149,-7204,299
1622101479307,1622101479367,60,2,315,15223.5943922579,-9590,104
1622101479397,1622101479447,50,1,100,6797.35317626128,-6847,345
1622101479607,1622101479617,10,-1,346,33188.4555648306,-1,-1
1622101479627,1622101479637,10,-1,325,30955.7449004316,-1,-1
1622101479697,1622101479807,110,0,518,41014.298730114,-39877,216
1622101479887,1622101479897,10,-1,38,3256.01481850063,-1,-1
1622101480197,1622101480236,39,4,200,12318.751237844,-10836,137
1622101480266,1622101480316,50,2,296,22104.2110274439,-11052,135
1622101480326,1622101480456,130,6,203,11612.5302976557,-6292,309
1622101480476,1622101480526,50,1,347,22019.1124279657,-10441,98
1622101480556,1622101480596,40,0,133,10547.1504797068,-5167,198
1622101480606,1622101480646,40,2,103,7285.94321265379,-5522,330
1622101480656,1622101480766,110,5,151,5937.3420082824,-8014,170
1622101480776,1622101480796,20,0,36,1984.61855620193,-1,59
1622101480996,1622101481006,10,-1,33,1452.173769005,-1,-1
1622101481186,1622101481216,30,1,91,5385.48132752391,-2021,216
1622101481236,1622101481266,30,1,57,4738.53256055101,-1339,45
1622101481406,1622101481436,30,2,103,7050.49428364313,-3519,229
1622101481526,1622101481566,40,1,83,4878.77727050021,-2931,36
1622101481586,1622101481616,30,1,74,3276.09722326795,-2470,235
1622101481636,1622101481656,20,0,60,5160.05163718205,-2771,55
1622101481706,1622101481716,10,-1,284,27132.579590465,-1,-1
1622101481826,1622101481885,59,11,302,5109.15832451606,-17453,276
1622101481895,1622101481955,60,3,186,18303.7403525375,-10029,264
1622101482075,1622101482085,10,-1,30,906.840734330626,-1,-1
1622101482235,1622101482275,40,0,98,7879.09064381372,-4756,113
1622101482315,1622101482345,30,0,95,6742.18446931572,-5102,48
1622101482355,1622101482395,40,0,87,6533.16939951566,-4111,51
1622101482415,1622101482435,20,1,174,11799.2705519402,-1,282
1622101482445,1622101482575,130,6,402,24693.6961082427,-32339,131
1622101482595,1622101482645,50,2,289,26533.6344232148,-11005,268
1622101483285,1622101483325,40,2,222,9646.04931082737,-1,252
1622101483345,1622101483365,20,4,227,20435.5041006033,-622,97
1622101483634,1622101483744,110,1,894,60696.4831727442,-41069,170
1622101483774,1622101483804,30,2,116,7140.93449204471,-4180,297
1622101483814,1622101483904,90,6,244,14388.8092482183,-13308,344
1622101483994,1622101484034,40,0,74,6836.79611885591,-2116,194
1622101484134,1622101484174,40,0,53,4514.31917754978,-1767,0
1622101484494,1622101484504,10,-1,111,8788.24650202094,-1,-1
1622101484654,1622101484724,70,0,330,26785.1901167681,-24394,0
1622101484864,1622101484874,10,-1,31,2136.85299408547,-1,-1
1622101484934,1622101485004,70,0,374,23321.7073090529,-25848,326
1622101485014,1622101485224,210,1,350,27482.7157413352,-21440,1
1622101485373,1622101485433,60,2,187,7142.27953740407,-10123,183
1622101485533,1622101485673,140,0,434,23765.1186094609,-24867,40
1622101485743,1622101485803,60,3,79,3562.88408281716,-4612,163
1622101485893,1622101485903,10,-1,38,2812.98234952398,-1,-1
1622101486053,1622101486073,20,0,51,2270.7954617969,-2046,353
1622101486133,1622101486233,100,0,299,21491.8904816373,-25241,186
1622101486253,1622101486323,70,3,302,20089.3969994039,-17684,299
1622101486333,1622101486343,10,-1,61,4209.75799710674,-1,-1
1622101486353,1622101486363,10,-1,89,8205.47613266009,-1,-1
1622101486373,1622101486383,10,-1,62,5769.54519512497,-1,-1
1622101486453,1622101486463,10,-1,65,4546.17536660437,-1,-1
1622101486473,1622101486493,20,0,68,5373.56724313552,-1404,124
1622101486613,1622101486683,70,2,314,27537.2536597186,-19095,122
1622101486713,1622101486773,60,10,601,54375.7018746104,-23523,131
1622101486783,1622101486823,40,11,503,48264.7896370729,-29220,310
1622101486962,1622101486982,20,0,63,3571.01374915298,-2404,310
1622101486992,1622101487042,50,1,46,1432.08824342611,-12,119
1622101487052,1622101487072,20,1,105,7571.22325127097,-1,302
1622101487102,1622101487132,30,1,81,3399.93188106569,-4562,306
1622101487242,1622101487262,20,0,54,2128.26544623617,-1,114
1622101487292,1622101487302,10,-1,40,1048.97490609303,-1,-1
1622101487372,1622101487392,20,0,48,4115.71218471515,-1714,180
1622101487452,1622101487472,20,1,81,6455.97415716495,-1822,62
1622101487512,1622101487532,20,1,81,6289.55647181659,-1,191
1622101487572,1622101487582,10,-1,67,4324.77090405785,-1,-1
1622101487592,1622101487612,20,0,66,5113.71674932977,-3538,169
1622101487652,1622101487662,10,-1,36,2008.76710236118,-1,-1
1622101487702,1622101487722,20,0,45,2932.52878277584,-82,68
1622101487902,1622101487912,10,-1,37,1453.06362542774,-1,-1
1622101487952,1622101487962,10,-1,43,1761.35845023335,-1,-1
1622101488002,1622101488302,300,4,418,26161.5982425011,-24306,151
1622101488332,1622101488372,40,1,73,4647.10309685185,-2419,207
1622101488392,1622101488402,10,-1,31,439.990850582271,-1,-1
1622101488432,1622101488442,10,-1,40,1837.86974665246,-1,-1
1622101488452,1622101488492,40,3,207,15957.0584553036,-5833,126
1622101488512,1622101488621,109,6,244,10690.3831240434,-11220,267
1622101488651,1622101488671,20,0,37,1447.42464584418,-297,56
1622101488681,1622101488701,20,0,76,2707.49029794943,-1,82
1622101488711,1622101488741,30,1,86,2871.3294256447,-1,21
1622101488751,1622101489301,550,5,394,27506.7661839013,-19310,81
1622101488751,1622101489301,550,5,394,27506.7661839013,-19310,81
1622101489321,1622101489621,300,13,388,28029.7202704786,-23104,121
1622101489631,1622101489871,240,11,420,21204.2356091598,-26442,308
1622101489901,1622101490011,110,16,422,16496.8722184398,-15597,289
1622101490051,1622101490081,30,1,64,2975.72800421448,-2169,96
1622101490091,1622101490111,20,0,36,1234.2876878016,-427,97
1622101490121,1622101490330,209,20,847,60997.1529837635,-58214,253
1622101490360,1622101490390,30,0,145,11169.8461411792,-1097,72
1622101490400,1622101490570,170,29,854,56926.2544886689,-71409,345
1622101490580,1622101490610,30,4,161,8916.71083387305,-6083,133
1622101490630,1622101490900,270,38,1459,69445.9427973941,-68697,138
1622101490920,1622101490960,40,1,53,1189.36962654013,-1,336
1622101490990,1622101491020,30,0,53,3141.39960841793,-619,303
1622101491030,1622101491140,110,15,384,17495.016707055,-17320,105
1622101491170,1622101491210,40,1,35,1329.49351290394,-136,302
1622101491230,1622101491250,20,0,48,1986.1853376485,-721,5
1622101491280,1622101491310,30,4,193,15139.4144044061,-15890,90
1622101491670,1622101491680,10,-1,63,-1.0,-1,-1
1622101491690,1622101491700,10,-1,41,1331.7034471935,-1,-1
1622101491710,1622101491770,60,6,108,5842.67659173782,-51,13
1622101491780,1622101491979,199,3,285,15036.3646931335,-21530,194
1622101492069,1622101492089,20,0,134,-1.0,-9413,266
1622101492099,1622101492119,20,0,43,2260.44985406926,-1,257
1622101492259,1622101492369,110,8,320,19902.4706605166,-2675,33
1622101492459,1622101492479,20,0,37,-1.0,-630,63
1622101492489,1622101492539,50,3,182,9241.31067714738,-1,261
1622101492649,1622101492719,70,20,711,34981.0740746272,-57065,268
1622101492819,1622101492849,30,1,92,-1.0,-3284,310
1622101492889,1622101492899,10,-1,31,454.530917810222,-1,-1
1622101493009,1622101493019,10,-1,60,4117.85200008579,-1,-1
1622101493029,1622101493059,30,1,111,9679.27757897778,-4581,299
1622101493089,1622101493159,70,2,227,9491.49006247539,-16847,81
1622101493169,1622101493179,10,-1,88,7924.19096628641,-1,-1
1622101493189,1622101493289,100,0,395,27180.0327197889,-15260,282
1622101493459,1622101493738,279,21,472,21856.3787469217,-32506,285
1622101494398,1622101494448,50,10,422,22256.0352196875,-19126,98
1622101494668,1622101494728,60,12,483,26704.4652328303,-21530,258
1622101494828,1622101494838,10,-1,30,328.259806791498,-1,-1
1622101494888,1622101494968,80,29,2241,162717.335737004,-82556,326
1622101495058,1622101495178,120,13,157,3466.6374421252,-5926,171
1622101495317,1622101495577,260,28,416,31477.7678704629,-35509,115
1622101495597,1622101495817,220,21,726,42899.5964091677,-44743,84
1622101495827,1622101495837,10,-1,34,1290.14083606824,-1,-1
1622101495847,1622101495957,110,32,963,53999.0186736442,-24773,303
1622101497426,1622101497436,10,-1,47,1967.58100460104,-1,-1
1622101497446,1622101497466,20,2,96,7025.38756227807,-3560,124
1622101497596,1622101497656,60,3,401,6135.92710303161,-29535,201
1622101497676,1622101497706,30,4,183,8775.69378564683,-117,179
1622101499165,1622101499185,20,2,203,-1.0,-9777,38
1622101499875,1622101500205,330,1,537,28970.5013618639,-24471,355
1622101500225,1622101500484,259,2,338,22382.9634423098,-19915,34
1622101500494,1622101500594,100,3,95,5399.56745078171,-2931,351
1622101500634,1622101500654,20,0,36,696.351952778228,-1,293
1622101500674,1622101500694,20,0,31,1144.74084825836,-1,33
1622101500734,1622101500814,80,1,400,26491.9617561317,-2140,46
1622101500914,1622101501174,260,22,785,21214.4034776459,-60236,203
1622101501204,1622101501224,20,0,42,2979.06723160594,-624,151
1622101501244,1622101501274,30,0,98,6976.97926420954,-6166,97
1622101501284,1622101501724,440,8,507,23024.8784692546,-41386,23
1622101501744,1622101501754,10,-1,31,1045.41577383565,-1,-1
1622101501844,1622101501874,30,1,47,2884.02424436668,-1225,214
1622101501934,1622101502013,79,6,212,12864.3609724473,-9759,59
1622101502153,1622101502303,150,13,509,22972.9575639583,-35637,33
1622101502313,1622101502343,30,5,500,23443.8847989982,-1,101
1622101502463,1622101502733,270,16,466,24748.3801282212,-29637,282
1622101502823,1622101502873,50,12,429,13446.7715604688,-1,96
1622101503133,1622101503453,320,29,846,51976.7185996438,-46809,282
1622101503563,1622101504132,569,28,2339,110789.760037865,-175724,174
1622101504412,1622101504542,130,27,857,18242.0495892287,-43486,110
1622101504552,1622101504582,30,4,202,15493.120465391,-13111,305
1622101504622,1622101504682,60,0,63,4695.42089790673,-1978,327
1622101504692,1622101504742,50,5,385,20231.8122450376,-26970,300
1622101504812,1622101504832,20,1,85,3700.40144285488,-1,239
1622101504842,1622101504872,30,1,80,5223.79103065693,-4306,33
1622101504882,1622101505002,120,1,343,19914.3443881088,-15202,139
1622101505042,1622101505282,240,17,581,13494.967293009,-27830,283
1622101505341,1622101505651,310,15,1366,67585.5099101251,-87101,166
1622101505681,1622101505701,20,0,43,1402.20051458067,-1,77
1622101505831,1622101505881,50,5,166,8204.61212132443,-5262,285
1622101505931,1622101505991,60,2,58,2377.79501707534,-1149,319
1622101506011,1622101506221,210,19,1795,116956.541359316,-125330,26
1622101506231,1622101506291,60,21,535,27596.3872672092,-8556,117
1622101506411,1622101506491,80,12,677,32437.4199332948,-49993,232
1622101506501,1622101506671,170,15,529,38849.250008268,-32066,10
1622101506791,1622101506961,170,16,379,16043.255705028,-20049,209
1622101506971,1622101507190,219,7,305,20725.4425007507,-23232,197
1622101507240,1622101507270,30,1,95,6936.27434730774,-3294,167
1622101507280,1622101507320,40,2,102,3639.32134887242,-4555,107
1622101507330,1622101507430,100,4,122,4995.67803353996,-4393,130
1622101507510,1622101507520,10,-1,30,325.5982728124,-1,-1
1622101507610,1622101507690,80,24,795,44415.4651977461,-27009,157
1622101507700,1622101507800,100,2,534,20599.7033365426,-48575,39
1622101507810,1622101507850,40,1,89,5651.58940554704,-4124,289
1622101507860,1622101507950,90,0,615,29711.8928791021,-23881,86
1622101508060,1622101508120,60,9,295,16632.6378363084,-12835,257
1622101508140,1622101508170,30,1,81,4981.01914288554,-795,253
1622101508240,1622101508250,10,-1,48,1883.73734824821,-1,-1
1622101508310,1622101508350,40,16,769,29600.625749717,-1,305
1622101508620,1622101508919,299,38,1130,31902.0831304001,-53189,115
1622101508929,1622101509009,80,18,546,27412.1113213717,-24087,106
1622101509019,1622101509279,260,27,668,31496.2859819648,-27309,312
1622101509489,1622101509519,30,4,210,15819.3694597673,-6151,251
1622101509669,1622101509689,20,2,787,65505.2436865419,-1,91
1622101509809,1622101509819,10,-1,209,-1.0,-1,-1
1622101509839,1622101509959,120,13,234,20752.1445735898,-11801,270
1622101510219,1622101510249,30,0,105,7906.42149915197,-6253,153
1622101510358,1622101510428,70,0,184,15066.2996019684,-12460,100
1622101510438,1622101510458,20,0,58,3830.43105462181,-371,311
1622101510478,1622101510508,30,0,42,1882.71312535954,-1,183
1622101510518,1622101510548,30,1,94,4737.82043464254,-4119,277
1622101510568,1622101510598,30,0,38,1540.04782355925,-785,273
1622101510718,1622101510768,50,6,710,38439.8576226615,-3832,87
1622101510878,1622101510978,100,11,227,4598.76047233398,-10230,260
1622101511088,1622101511118,30,4,209,10577.3328850073,-11687,134
1622101511158,1622101511198,40,0,172,15771.9115676048,-8772,141
1622101511388,1622101511438,50,8,219,10804.6285924222,-6215,292
1622101511668,1622101511708,40,2,92,6394.33453097097,-4095,259
1622101511988,1622101512047,59,3,717,52266.3293139176,-1,53
1622101512137,1622101512377,240,17,434,19876.4750288023,-22816,195
1622101512547,1622101512607,60,2,67,4996.5345509895,-1547,143
1622101512707,1622101512727,20,0,34,1185.95697937565,-44,229
1622101512907,1622101512917,10,-1,33,2049.22978845242,-1,-1
1622101512977,1622101512997,20,0,37,2566.46945569098,-707,270
1622101513007,1622101513037,30,1,55,1084.35174583104,-1,264
1622101513107,1622101513137,30,3,304,14612.726871385,-1,80
1622101513237,1622101513377,140,39,2095,49006.0421758318,-160536,77
1622101513417,1622101513527,110,8,387,20636.6998865423,-23294,68
1622101513537,1622101513567,30,1,75,4383.19300018521,-2618,293
1622101513617,1622101513677,60,13,438,34291.8583298568,-17830,259
1622101513686,1622101513716,29,1,165,7709.0967062062,-1,294
1622101513726,1622101513736,10,-1,32,641.936403582097,-1,-1
1622101513776,1622101513816,40,4,188,12057.0924100034,-12971,290
1622101513846,1622101513856,10,-1,37,1596.28072670644,-1,-1
1622101514006,1622101514066,60,1,52,1234.12007527664,-179,356
1622101514076,1622101514126,50,9,817,38459.7273662894,-1658,73
1622101514216,1622101514316,100,12,351,15565.2088488729,-12227,305
1622101514326,1622101514346,20,6,351,21506.6475712792,-1,271
1622101514376,1622101514406,30,1,194,12911.0958022312,-1,256
1622101514416,1622101514466,50,2,200,17868.0394836892,-14652,178
1622101514486,1622101514606,120,6,221,13384.6252246604,-13718,206
1622101514616,1622101514646,30,0,113,10736.0982716999,-6663,146
1622101514686,1622101514806,120,7,128,4670.90380253935,-7207,353
1622101514816,1622101514986,170,10,238,10595.3876811985,-15032,218
1622101514996,1622101515086,90,23,448,25774.9306131979,-13455,302
1622101515266,1622101515326,60,4,535,42186.3933878874,-44573,124
1622101515355,1622101515375,19,1,89,7745.87352114085,-3079,133
1622101515385,1622101515405,20,0,55,3002.06857270266,-1,52
1622101515435,1622101515505,70,2,261,25411.7022396347,-9153,91
1622101515515,1622101515535,20,0,39,1112.49319369655,-4,330
1622101515545,1622101515585,40,1,32,864.523046090643,-1,71
1622101515605,1622101515625,20,1,62,3433.86055756652,-3120,90
1622101515945,1622101515955,10,-1,43,2815.5347482432,-1,-1
1622101515985,1622101516205,220,35,762,39409.7138236842,-29790,106
1622101516215,1622101516545,330,6,574,49826.2185387804,-47129,291
1622101516625,1622101516705,80,9,388,20400.4338933027,-21518,269
1622101516815,1622101516825,10,-1,34,1224.99842472061,-1,-1
1622101516905,1622101517374,469,24,762,54286.8306729636,-39077,246
1622101517474,1622101517494,20,5,653,41983.1823552661,-1,47
1622101517594,1622101517784,190,19,549,38290.1960932211,-42473,167
1622101517794,1622101517844,50,1,49,3264.0047624281,-505,154
1622101517854,1622101517874,20,0,53,2688.03747710247,-1989,233
1622101518014,1622101518094,80,33,1055,52952.6054374504,-37168,119
1622101518114,1622101518234,120,5,1722,143362.161176446,-166687,339
1622101518244,1622101518264,20,0,48,1416.22731461334,-1,281
1622101518324,1622101518354,30,2,109,7223.10120802718,-7409,328
1622101518374,1622101518404,30,4,214,11915.7015860753,-10552,167
1622101518594,1622101518614,20,1,87,5648.77661944959,-1,300
1622101518793,1622101518873,80,3,204,14983.0931144922,-9901,259
1622101518953,1622101518973,20,0,43,1982.14273702598,-1047,101
1622101518983,1622101518993,10,-1,38,2805.10306650251,-1,-1
1622101519003,1622101519033,30,1,66,2727.75050110959,-3418,297
1622101519093,1622101519163,70,24,924,28875.1701178207,-328,310
1622101519383,1622101519523,140,31,812,24891.0043499801,-45206,138
1622101519553,1622101519803,250,3,283,15872.8503951137,-16118,317
1622101519893,1622101519903,10,-1,37,1593.36401449395,-1,-1
1622101520013,1622101520033,20,0,33,2559.75813746443,-6,101
1622101520093,1622101520153,60,3,72,3273.82361349148,-2597,104
1622101520462,1622101520472,10,-1,42,1970.02279929882,-1,-1
1622101520522,1622101520542,20,0,43,2393.91502141093,-229,275
1622101520752,1622101520792,40,0,55,4083.64741971908,-1488,356
1622101520822,1622101520862,40,5,216,11599.3309617052,-11700,293
1622101521002,1622101521032,30,9,1309,83313.6010516173,-1,132
1622101521122,1622101521212,90,24,816,50960.7327815489,-41381,272
1622101521222,1622101521242,20,0,44,2302.77411221921,-1002,111
1622101521422,1622101521492,70,7,146,7769.35177559959,-1388,106
1622101521502,1622101521572,70,4,89,6758.52202277733,-2920,283
1622101521662,1622101521672,10,-1,36,1095.211871563,-1,-1
1622101521782,1622101521822,40,3,150,8232.62136571516,-5494,346
1622101521842,1622101521862,20,0,39,1714.37197090865,-1,296
1622101521972,1622101521992,20,0,49,2024.52874854707,-771,0
1622101522171,1622101522181,10,-1,39,3215.68126787077,-1,-1
1622101522221,1622101522231,10,-1,33,1500.04009406777,-1,-1
1622101522241,1622101522311,70,6,212,10733.7365310331,-10695,145
1622101522391,1622101522411,20,0,41,1841.45843905541,-8,160
1622101522491,1622101522841,350,18,639,44339.0175528901,-47180,336
1622101522861,1622101522951,90,3,58,3486.53062155013,-1430,191
1622101523051,1622101523091,40,3,125,3462.6989212402,-6117,188
1622101523221,1622101523231,10,-1,32,722.70521874904,-1,-1
1622101523291,1622101523311,20,1,79,5489.29598060579,-918,8
1622101523581,1622101523601,20,4,1168,94773.7119135833,-1,89
1622101523701,1622101523870,169,11,1431,7379.19363980907,-59448,62
1622101523890,1622101523950,60,4,271,20493.9440761538,-11693,157
1622101523990,1622101524010,20,1,93,6505.38001915563,-1,73
1622101524030,1622101524080,50,0,105,5671.22076069422,-7359,284
1622101524100,1622101524250,150,9,360,25947.342655307,-27940,247
1622101524280,1622101524330,50,7,298,17052.5313284569,-13605,279
1622101524390,1622101524400,10,-1,36,1943.52404909411,-1,-1
1622101524410,1622101524440,30,3,173,14580.2857682373,-5916,71
1622101524450,1622101524460,10,-1,117,9175.06839739067,-1,-1
1622101524470,1622101524480,10,-1,76,5898.41352910603,-1,-1
1622101524580,1622101524800,220,14,1857,50181.1885189147,-110918,188
1622101524830,1622101524850,20,1,87,6692.05183897101,-4689,102
1622101524870,1622101525060,190,18,163,7879.10837760137,-9138,262
1622101525080,1622101525090,10,-1,39,2135.97391727814,-1,-1
1622101525170,1622101525200,30,1,121,6776.15850653584,-1,289
1622101525270,1622101525310,40,2,173,6622.62408021179,-1,94
1622101525499,1622101525549,50,1,54,1767.82566655624,-1786,279
1622101525559,1622101525639,80,3,225,9075.13499741579,-12788,130
1622101525649,1622101525689,40,1,58,2285.50509897752,-2063,81
1622101525699,1622101525769,70,3,64,2398.5182237321,-2793,86
1622101525789,1622101525849,60,2,92,6809.3122542524,-2473,353
1622101525879,1622101525899,20,0,36,977.878415266332,-214,84
1622101525909,1622101525969,60,2,47,1392.69019852272,-950,91
1622101526069,1622101526119,50,3,109,4873.52170540314,-3915,263
1622101526129,1622101526139,10,-1,31,1187.80052680744,-1,-1
1622101526199,1622101526209,10,-1,44,2431.79977029044,-1,-1
1622101526239,1622101526279,40,1,51,1531.19872696011,-266,238
1622101526299,1622101526329,30,1,88,5197.33191309109,-4810,274
1622101526389,1622101526479,90,6,109,5354.24610758845,-3565,78
1622101526489,1622101526509,20,0,34,1334.91142930246,-1,83
1622101526579,1622101526659,80,5,105,5959.72274237755,-5281,259
1622101526689,1622101526709,20,1,92,7574.16871169521,-1698,266
1622101526719,1622101526759,40,1,732,65950.9244933612,-69952,260
1622101526779,1622101526789,10,-1,30,1848.73460811919,-1,-1
1622101526799,1622101526819,20,0,36,435.459195180901,-1,270
1622101526829,1622101526909,80,4,61,3073.64623484418,-3103,267
1622101526989,1622101527028,39,4,174,6854.76113246646,-354,92
1622101527038,1622101527148,110,10,152,9907.06634291834,-7021,91
1622101527188,1622101527288,100,6,137,5694.61540805958,-6503,256
1622101527308,1622101527328,20,0,66,4010.40642735444,-1771,260
1622101527348,1622101527398,50,1,44,1074.13842973097,-1001,251
1622101527408,1622101527428,20,0,633,59136.689330875,-1,243
1622101527488,1622101527588,100,2,138,5213.21924248407,-10789,333
1622101527668,1622101527688,20,0,35,515.590090422779,-183,63
1622101527778,1622101527838,60,2,65,2510.34476140458,-2341,290
1622101528038,1622101528088,50,3,227,11788.6656211398,-11378,168
1622101528248,1622101528288,40,2,111,7755.59691698699,-3144,3
1622101528358,1622101528378,20,0,48,3766.42901855023,-204,82
1622101528388,1622101528498,110,1,197,10394.3248612522,-14526,109
1622101528508,1622101528538,30,0,50,3155.35225790545,-920,93
1622101528568,1622101528608,40,1,145,13262.6670050872,-10066,271
1622101528618,1622101528628,10,-1,405,38248.167906386,-1,-1
1622101528638,1622101528648,10,-1,377,36106.070770014,-1,-1
1622101528827,1622101528837,10,-1,30,1313.51626717336,-1,-1
1622101528887,1622101528907,20,0,45,3432.3257778017,-771,293
1622101528917,1622101529097,180,39,1915,86842.952235081,-111325,116
1622101529197,1622101529227,30,4,186,2153.90171591466,-3326,134
1622101529267,1622101529287,20,0,38,1692.33837638537,-1,345
1622101529297,1622101529337,40,2,80,3658.04488575791,-1,172
1622101529347,1622101529357,10,-1,32,694.957542687921,-1,-1
1622101529407,1622101529417,10,-1,32,1367.76849370152,-1,-1
1622101529427,1622101529457,30,3,135,8869.90900936622,-6857,108
1622101529467,1622101529497,30,7,343,33588.8724368728,-30545,303
1622101529517,1622101529527,10,-1,38,1958.16605981089,-1,-1
1622101529537,1622101529567,30,0,45,3960.65676161543,-1101,298
1622101529617,1622101529627,10,-1,36,1202.76597337901,-1,-1
1622101529637,1622101529667,30,3,161,9495.90212402238,-10807,289
1622101529737,1622101529997,260,24,796,39043.12983041,-39322,324
1622101530027,1622101530057,30,1,85,3698.16803071947,-4634,274
1622101530097,1622101530237,140,6,103,4609.71055677043,-5010,222
1622101530257,1622101530317,60,4,130,9765.62844052577,-2166,237
1622101530347,1622101530466,119,9,266,17271.2290789754,-12351,124
1622101530576,1622101530616,40,2,97,3522.81877996575,-2780,267
1622101530636,1622101530656,20,0,77,4765.07811897448,-2197,282
1622101530676,1622101530756,80,1,248,20449.2796361733,-18133,133
1622101530886,1622101530906,20,0,51,1723.71874181263,-1,254
1622101530936,1622101530966,30,3,138,7710.482148778,-7960,280
1622101531056,1622101531086,30,1,57,2652.47342535719,-1612,98
1622101531096,1622101531166,70,2,118,5067.27528804096,-5769,27
1622101531376,1622101531476,100,6,116,2934.30729576764,-4982,91
1622101531496,1622101531516,20,0,53,2869.90693464485,-1205,301
1622101531526,1622101531556,30,2,108,7348.69088881581,-7741,286
1622101531566,1622101531606,40,1,45,1764.83676345602,-498,273
1622101531706,1622101531766,60,4,141,6290.36989284983,-8782,97
1622101531796,1622101531826,30,1,90,5312.62579746511,-3446,289
1622101531856,1622101531876,20,0,34,2663.18652238104,-1,270
1622101531886,1622101531906,20,0,52,2026.24515202712,-1,261
1622101531966,1622101532006,40,3,146,6561.41123193894,-7038,93
1622101532016,1622101532045,29,0,48,2324.52318377233,-1,109
1622101532125,1622101532175,50,2,64,3557.29183563879,-1072,283
1622101532265,1622101532405,140,3,232,16849.6975420993,-16162,117
1622101532435,1622101532455,20,0,78,5646.66220008972,-3972,262
1622101532465,1622101532495,30,1,75,5444.14720263532,-3384,278
1622101532565,1622101532905,340,13,343,12817.5692633961,-14263,153
1622101532915,1622101532925,10,-1,38,2504.8634001498,-1,-1
1622101532945,1622101533025,80,6,303,16638.8059268456,-19466,3
1622101533055,1622101533145,90,2,102,3314.05771773259,-6808,255
1622101533335,1622101533395,60,4,167,7142.56049950862,-6246,319
1622101533485,1622101533814,329,11,1368,71916.8533635713,-50561,63
1622101533824,1622101533854,30,1,54,1565.06177645922,-590,142
1622101533864,1622101534024,160,11,168,8543.13575250199,-5076,263
1622101534034,1622101534044,10,-1,49,2317.62774150829,-1,-1
1622101534074,1622101534144,70,5,101,3747.18196562659,-4503,81
1622101534204,1622101534284,80,5,109,4490.75032746777,-3224,262
1622101534494,1622101534514,20,0,46,1619.95745363985,-1,287
1622101534534,1622101534614,80,5,94,4604.77261250567,-4349,84
1622101534704,1622101534724,20,0,31,2701.61822978254,-1,236
1622101534754,1622101534784,30,1,51,1211.66322698887,-1548,280
1622101534814,1622101534824,10,-1,34,1149.8425414732,-1,-1
1622101534904,1622101534944,40,2,94,4521.6249197457,-3357,277
1622101535074,1622101535094,20,0,50,3930.83598548191,-626,80
1622101535134,1622101535144,10,-1,32,962.488221154768,-1,-1
1622101535184,1622101535224,40,1,126,6742.04278512096,-8785,222
1622101535374,1622101535393,19,1,333,27104.0126176478,-1,84
1622101535483,1622101535603,120,5,462,24102.5906517167,-33085,143
1622101535623,1622101535723,100,1,250,13214.4762571154,-18501,28
1622101535763,1622101535873,110,11,478,21078.894553035,-14221,40
1622101535893,1622101535933,40,7,316,20303.7817022907,-15600,290
1622101536063,1622101536113,50,4,217,9403.37716780362,-13187,126
1622101536143,1622101536363,220,14,410,30002.5487597329,-23164,243
1622101536403,1622101536423,20,1,90,7253.59995394393,-2434,100
1622101536433,1622101536463,30,1,59,2861.37865340954,-1698,292
1622101536573,1622101536603,30,1,59,2963.90855119263,-2744,289
1622101536703,1622101536833,130,4,882,61757.1251483083,-79826,63
1622101536853,1622101536923,70,3,54,1711.74609069105,-1801,271
1622101537003,1622101537212,209,7,1298,73397.2773398509,-61265,82
1622101537222,1622101537302,80,2,538,45284.3136941734,-2973,253
1622101537312,1622101537332,20,0,634,60630.6784581392,-60217,135
1622101537352,1622101537372,20,2,104,7432.49334733532,-1,281
1622101537382,1622101537452,70,4,122,9246.50666587467,-5941,278
1622101537472,1622101537492,20,0,248,21011.3946441784,-1,109
1622101537502,1622101537622,120,9,461,28020.1409570734,-42080,68
1622101537662,1622101537732,70,1,506,38900.582680132,-32984,263
1622101537742,1622101537762,20,1,69,4764.31664050284,-1535,90
1622101537782,1622101537812,30,2,99,4746.32365106457,-3747,107
1622101537832,1622101537932,100,2,148,11243.2783532526,-7977,297
1622101537942,1622101538022,80,3,148,9421.66785456196,-10801,269
1622101538212,1622101538262,50,6,204,11079.2256462701,-10024,205
1622101538472,1622101538582,110,17,538,26115.6313543451,-26620,193
1622101538592,1622101538622,30,4,252,23292.1785204156,-9470,354
1622101538632,1622101538692,60,1,126,11328.3398398877,-6673,188
1622101538732,1622101538741,9,-1,53,4641.94732615513,-1,-1
1622101538761,1622101538781,20,0,42,1261.73094993892,-362,18
1622101538791,1622101538821,30,1,48,1353.35244387807,-788,345
1622101538841,1622101538891,50,8,324,16508.436589566,-13645,10
1622101538971,1622101538991,20,5,628,36806.9363493192,-1,86
1622101539081,1622101539191,110,11,1862,166416.965384621,-163494,279
1622101539231,1622101539251,20,0,41,1977.57196486906,-1,169
1622101539261,1622101539401,140,4,59,2270.18129300426,-1450,172
1622101539491,1622101539531,40,14,862,29001.9000569406,-1,100
1622101539621,1622101539811,190,12,576,8264.0441116196,-39588,158
1622101539881,1622101539901,20,0,49,4283.24611335949,-484,99
1622101539911,1622101540021,110,4,255,12827.8804868027,-14700,265
1622101540051,1622101540081,30,2,104,5184.82868697602,-6454,222
1622101540101,1622101540131,30,1,81,2950.68558374089,-5145,88
1622101540141,1622101540191,50,1,75,2640.37662087514,-4499,241
1622101540231,1622101540321,90,2,518,19855.9844199371,-39887,155
1622101540341,1622101540351,10,-1,113,9620.31063000749,-1,-1
1622101540361,1622101540391,30,3,167,12290.3136183233,-1,162
1622101540401,1622101540470,69,6,144,6900.70500486948,-8996,316
1622101540540,1622101540590,50,4,254,14236.3911305327,-14379,196
1622101540970,1622101541040,70,24,459,12488.9750183705,-195,83
1622101542129,1622101542189,60,6,311,214.233274290818,-18748,47
1622101542199,1622101542249,50,3,116,3423.37273832272,-6488,147
1622101542289,1622101542299,10,-1,39,1075.98474386862,-1,-1
1622101542319,1622101542459,140,3,2156,178352.265967662,-194932,3
1622101543079,1622101543299,220,17,963,78784.0514460034,-40080,47
1622101543319,1622101543349,30,3,147,7263.61918306215,-3851,138
1622101543369,1622101543389,20,2,314,20468.8668353545,-1,25
1622101543509,1622101543529,20,7,679,-1.0,-6741,327
1622101543619,1622101543768,149,7,114,2713.4960000869,-6778,176
1622101543778,1622101543788,10,-1,32,903.901458257417,-1,-1
1622101543858,1622101543868,10,-1,32,1877.34905696169,-1,-1
1622101543898,1622101543908,10,-1,47,2692.10708238275,-1,-1
1622101543928,1622101543958,30,0,40,3178.9355950901,-1,225
1622101543998,1622101544048,50,1,76,4395.49503727695,-3640,3
1622101544068,1622101544128,60,2,301,25265.8463068696,-17175,106
1622101544158,1622101544188,30,0,68,4008.5377582049,-3822,111
1622101544198,1622101544498,300,30,693,49206.7566703862,-40139,134
1622101544578,1622101544598,20,0,216,18092.4598741356,-1,174
1622101544708,1622101544758,50,5,581,51078.1355126377,-33026,225
1622101544768,1622101544848,80,5,115,5254.54624523904,-3190,208
1622101545418,1622101545647,229,12,821,66498.4322773496,-69287,292
1622101545747,1622101545897,150,3,464,3914.66958636667,-41609,138
1622101545917,1622101546007,90,4,116,6064.69894778038,-8308,248
1622101546247,1622101546737,490,24,1450,112913.790626094,-81201,346
1622101546787,1622101546897,110,29,967,77681.1004310743,-81403,156
1622101546907,1622101546987,80,6,1662,143768.105866473,-158127,64
1622101546997,1622101547176,179,40,1076,106018.838883756,-74593,321
1622101547186,1622101547266,80,3,101,7809.98827224591,-4391,194
1622101547276,1622101547336,60,2,115,7585.32676905159,-6770,172
1622101547346,1622101547516,170,36,1226,68443.5812630611,-46126,127
1622101547526,1622101547566,40,1,61,2465.48292649618,-2090,12
1622101547596,1622101547626,30,0,37,976.523152994232,-265,349
1622101547636,1622101547666,30,0,35,518.8705296992,-549,11
1622101547746,1622101547776,30,1,92,4388.77416580702,-3817,108
1622101548016,1622101548036,20,3,217,17936.1381271523,-1,110
1622101548156,1622101548226,70,1,299,22828.5534709437,-20228,117
1622101548266,1622101548486,220,35,1077,55519.4909647678,-73651,294
1622101548496,1622101548516,20,0,35,531.063046565221,-1,94
1622101548536,1622101548556,20,0,41,1873.16118365974,-1,239
1622101548606,1622101548815,209,29,1519,99521.7559828873,-50473,123
1622101548825,1622101549115,290,29,1019,41885.8524473324,-38493,278
1622101549135,1622101549215,80,9,1482,141628.960152194,-121955,349
1622101549265,1622101549345,80,4,107,5197.42528412907,-5793,141
1622101549375,1622101549455,80,4,99,4414.10964442495,-2090,323
1622101549475,1622101549605,130,6,157,6173.1534660277,-10561,80
1622101549615,1622101549715,100,3,155,9790.19328840265,-11249,135
1622101549755,1622101549805,50,2,66,3028.85748079541,-608,87
1622101549815,1622101549825,10,-1,33,1228.77781816374,-1,-1
1622101549865,1622101549875,10,-1,39,1544.95953850824,-1,-1
1622101549885,1622101549935,50,4,220,9717.67782762802,-14930,12
1622101549985,1622101549995,10,-1,85,8001.07958130883,-1,-1
1622101550005,1622101550015,10,-1,57,2927.95916319845,-1,-1
1622101550035,1622101550045,10,-1,31,791.502364958121,-1,-1
1622101550055,1622101550095,40,1,57,2439.64816573879,-2049,259
1622101550115,1622101550135,20,1,84,6044.31539775516,-629,261
1622101550145,1622101550155,10,-1,36,2392.00110515003,-1,-1
1622101550195,1622101550215,20,0,34,2328.10419045962,-264,276
1622101550245,1622101550265,20,0,57,2579.19442751134,-1,126
1622101550275,1622101550295,20,1,94,8081.77558270622,-1718,272
1622101550335,1622101550375,40,1,63,3061.60383764369,-1752,259
1622101550524,1622101550544,20,0,37,1394.25764915455,-475,95
1622101550704,1622101550714,10,-1,30,1783.52671341399,-1,-1
1622101550744,1622101550754,10,-1,32,1063.66661097567,-1,-1
1622101550814,1622101550824,10,-1,40,1895.68375154118,-1,-1
1622101550834,1622101550864,30,3,145,8380.24317527759,-5845,92
1622101550874,1622101550934,60,5,138,5569.49993770702,-6921,97
1622101550954,1622101551004,50,12,490,26747.4142132112,-23169,58
1622101551044,1622101551054,10,-1,35,930.712097652019,-1,-1
1622101551154,1622101551164,10,-1,49,1971.67474410941,-1,-1
1622101551184,1622101551194,10,-1,31,2037.99494324138,-1,-1
1622101551224,1622101551284,60,13,419,18725.2871038879,-23009,235
1622101551534,1622101551624,90,29,1168,68765.9492954687,-49940,121
1622101551634,1622101551714,80,2,563,41258.7910377678,-29087,32
1622101551724,1622101551784,60,1,196,12714.116711758,-11209,202
1622101551794,1622101551854,60,2,350,32115.4908498084,-17650,286
1622101551934,1622101552143,209,36,1138,49282.1605395888,-50095,302
1622101552153,1622101552183,30,1,88,3422.61109958617,-4282,110
1622101552193,1622101552213,20,0,52,2401.49054555442,-1,107
1622101552233,1622101552263,30,0,43,1982.23936048189,-1,106
1622101552273,1622101552353,80,39,768,43973.9970236142,-33961,113
1622101552373,1622101552563,190,8,344,16661.2072190196,-17305,304
1622101552573,1622101552603,30,1,99,7378.92098311027,-4912,302
1622101552613,1622101552693,80,20,730,19914.815850979,-6935,305
1622101553023,1622101553033,10,-1,46,-1.0,-1,-1
1622101553053,1622101553173,120,11,257,7992.12703238168,-3296,110
1622101553183,1622101553193,10,-1,114,8905.90399177564,-1,-1
1622101553213,1622101553273,60,2,63,2928.88193681745,-2711,272
1622101553323,1622101553353,30,0,35,1181.67875462532,-200,278
1622101553363,1622101553473,110,3,481,40550.8930831488,-20342,225
1622101553483,1622101553493,10,-1,34,2449.36001028599,-1,-1
1622101553513,1622101553753,240,46,593,26660.915494959,-20781,106
1622101553762,1622101553922,159,9,238,18164.6087781589,-11597,300
1622101553932,1622101553942,10,-1,284,26051.6126948889,-1,-1
1622101554072,1622101554212,140,8,777,24866.989913794,-45722,239
1622101554632,1622101554642,10,-1,68,-1.0,-1,-1
1622101554702,1622101554722,20,0,31,2089.12787183988,-71,85
1622101555002,1622101555012,10,-1,45,2617.39494610811,-1,-1
1622101555222,1622101555262,40,3,113,6828.75407501237,-6883,185
1622101556341,1622101556361,20,0,46,2570.51901562875,-1,131
1622101556911,1622101556941,30,2,109,5729.96095252098,-4917,6
1622101557160,1622101557320,160,4,389,17040.5628441916,-20087,224
1622101557370,1622101557390,20,0,51,1985.09891350297,-1,263
1622101557480,1622101557560,80,22,649,28975.7040808512,-555,129
1622101557970,1622101558110,140,10,241,7437.13059520613,-15143,75
1622101558350,1622101558370,20,3,342,-1.0,-1257,268
1622101558520,1622101558640,120,15,186,8548.40409519382,-5895,96
1622101558660,1622101558789,129,9,129,6195.36512437972,-2911,273
1622101558919,1622101559069,150,12,470,30710.7174927391,-34931,82
1622101559169,1622101559239,70,37,1047,4379.23380354887,-24618,261
1622101559379,1622101559519,140,24,333,10956.2460727214,-12083,90
1622101559559,1622101559609,50,1,70,3371.89940967563,-2515,233
1622101559619,1622101559639,20,2,334,20329.64945198,-1,56
1622101559729,1622101559789,60,10,1009,18122.5090029998,-33622,249
1622101559799,1622101559889,90,9,165,9280.24605958814,-10480,85
1622101559929,1622101560079,150,17,827,65356.9698050787,-64888,277
1622101560089,1622101560239,150,34,1465,140772.273628098,-79716,103
1622101560369,1622101560439,70,7,505,40276.885826716,-11889,322
1622101560628,1622101560748,120,22,813,50909.4075268446,-41208,249
1622101560788,1622101560858,70,3,144,9839.36876106639,-9269,149
1622101560868,1622101560888,20,0,43,3619.84453339727,-199,277
1622101561048,1622101561088,40,5,223,12957.2450113612,-10772,254
1622101561128,1622101561148,20,0,38,2517.54059318284,-363,278
1622101561158,1622101561428,270,30,1025,60498.8014611158,-64700,120
1622101561438,1622101561458,20,0,33,670.63832220842,-1,324
1622101561818,1622101562098,280,32,1038,57458.5983612988,-87421,303
1622101562108,1622101562147,39,1,51,1745.22974599858,-652,181
1622101562187,1622101562217,30,0,46,2865.66813654029,-822,115
1622101562227,1622101562237,10,-1,46,3321.94831325618,-1,-1
1622101562447,1622101562617,170,34,704,26844.552627744,-20118,129
1622101562627,1622101562737,110,15,778,40945.0719490256,-37216,124
1622101562747,1622101562827,80,1,150,4375.66220466679,-1319,189
1622101562837,1622101563187,350,17,354,22879.9761386475,-14805,314
1622101563207,1622101563217,10,-1,41,1222.5018016334,-1,-1
1622101563227,1622101563297,70,5,176,7972.77328061184,-8249,307
1622101563327,1622101563487,160,11,378,22089.9438014643,-27775,111
1622101563497,1622101563537,40,2,97,4822.82557308715,-2564,307
1622101563557,1622101563617,60,17,695,45244.6662459749,-58369,333
1622101563627,1622101563677,50,0,270,24032.1055907829,-18859,141
1622101563707,1622101563796,89,3,396,24189.4208256314,-13861,105
1622101563936,1622101564176,240,16,535,24644.6111321866,-32171,207
1622101564186,1622101564236,50,8,329,30924.5164490429,-12513,264
1622101564256,1622101564336,80,3,56,1639.80805921703,-2188,150
1622101564376,1622101564466,90,2,389,34320.4697718492,-35794,238
1622101564496,1622101564526,30,0,43,2447.06743443496,-1245,278
1622101564536,1622101564546,10,-1,47,2519.29510138949,-1,-1
1622101564596,1622101564606,10,-1,44,3371.69159442071,-1,-1
1622101564626,1622101564676,50,1,123,6188.84859298535,-8282,119
1622101564686,1622101564926,240,24,1133,55682.1185408515,-55462,55
1622101564936,1622101564946,10,-1,76,4782.42826449094,-1,-1
1622101564956,1622101564976,20,1,94,5007.04193591201,-1,183
1622101564996,1622101565016,20,0,59,3624.22084560984,-1233,141
1622101565026,1622101565236,210,30,617,29102.5078816203,-29049,172
1622101565326,1622101565396,70,3,595,20859.0536087961,-39291,288
1622101565406,1622101565595,189,14,557,28885.0440980592,-29105,332
1622101565705,1622101565715,10,-1,47,2656.75315008581,-1,-1
1622101566095,1622101566105,10,-1,32,2005.17226243982,-1,-1
1622101566145,1622101566185,40,1,127,4967.97721455624,-259,325
1622101566275,1622101566495,220,11,572,39784.6741632383,-51004,240
1622101566505,1622101566605,100,6,306,17967.4479564846,-15226,117
1622101566615,1622101566625,10,-1,237,20977.5353965646,-1,-1
1622101566635,1622101566995,360,13,470,44718.7492291744,-29761,317
1622101567035,1622101567045,10,-1,32,701.591171998588,-1,-1
1622101567115,1622101567254,139,10,577,38629.3763355259,-23726,344
1622101567304,1622101567324,20,0,61,5088.46389972164,-1224,150
1622101567354,1622101567804,450,25,767,34037.4035487442,-29737,342
1622101567824,1622101567864,40,0,91,8243.52443120089,-2581,164
1622101567874,1622101567894,20,0,60,3929.05552487792,-1114,96
1622101567904,1622101567924,20,0,34,701.006461663939,-1,203
1622101567964,1622101567974,10,-1,31,1153.5548401775,-1,-1
1622101568004,1622101568064,60,3,222,13954.2564017004,-9210,199
1622101568244,1622101568474,230,29,690,24542.7138320707,-28583,304
1622101568484,1622101568574,90,6,124,9509.73623483758,-7098,158
1622101568584,1622101568604,20,0,32,1729.60690110559,-31,185
1622101568614,1622101568664,50,2,82,4275.28699726214,-4753,219
1622101568674,1622101568694,20,0,40,1676.53851503412,-601,164
1622101568704,1622101568724,20,0,42,1623.69951460068,-1049,174
1622101568734,1622101568783,49,2,795,77117.280183014,-74213,145
1622101568883,1622101568923,40,1,61,1487.72663464293,-1,102
1622101568953,1622101568983,30,2,114,6914.68752450736,-1,79
1622101569133,1622101569183,50,1,45,886.167954466509,-116,227
1622101569233,1622101569263,30,3,143,8716.39070884146,-6265,243
1622101569273,1622101569323,50,2,63,2356.3592881794,-2987,247
1622101569413,1622101569423,10,-1,34,2688.0554606024,-1,-1
1622101569503,1622101569553,50,1,103,6593.12038553923,-6520,284
1622101569573,1622101569623,50,3,132,5579.87475325693,-4405,162
1622101569673,1622101569753,80,1,243,17580.4628944038,-18079,326
1622101569873,1622101570013,140,9,476,24636.850002736,-32443,9
1622101570023,1622101570253,230,5,379,19584.3528197061,-31846,253
1622101570263,1622101570313,50,4,159,9221.53059056003,-8467,265
1622101570343,1622101570612,269,38,1569,110469.475672152,-88620,3
1622101570622,1622101570812,190,16,249,22583.2331170955,-15276,185
1622101570822,1622101570882,60,0,117,7853.43652234386,-7585,213
1622101570892,1622101570912,20,0,48,3338.7232816728,-1795,264
1622101570932,1622101570952,20,0,38,1069.03599800686,-1,257
1622101570992,1622101571032,40,0,44,2504.18123222591,-979,176
1622101571052,1622101571062,10,-1,40,1494.16373377197,-1,-1
1622101571242,1622101571262,20,0,44,2960.33102712781,-1,104
1622101571362,1622101571382,20,0,53,4353.86731076432,-1,96
1622101571442,1622101571452,10,-1,40,2993.92431758068,-1,-1
1622101571482,1622101571502,20,1,61,4790.15807594937,-1,102
1622101571512,1622101571522,10,-1,39,1720.99861819926,-1,-1
1622101571712,1622101571722,10,-1,32,1590.79225919588,-1,-1
1622101571882,1622101571892,10,-1,30,285.835593491902,-1,-1
1622101571972,1622101572002,30,2,328,22715.6757902981,-1,164
1622101572012,1622101572032,20,2,340,31785.9011388214,-22288,340
1622101572181,1622101572201,20,1,72,5149.5017239489,-2019,270
1622101572331,1622101572341,10,-1,37,908.110411169604,-1,-1
1622101572441,1622101572451,10,-1,45,1691.16512307593,-1,-1
1622101572471,1622101572491,20,0,31,2359.19008222434,-67,74
1622101572631,1622101572641,10,-1,39,-1.0,-1,-1
1622101572651,1622101572661,10,-1,31,1900.28824160539,-1,-1
1622101572671,1622101572681,10,-1,46,3382.99556323174,-1,-1
1622101572741,1622101573001,260,26,971,55619.7823938359,-24010,106
1622101573011,1622101573091,80,3,1182,76219.773233555,-71447,343
1622101573101,1622101573141,40,1,77,4863.8785623366,-4406,41
1622101573191,1622101573251,60,1,362,22724.1105954131,-22678,295
1622101573261,1622101573321,60,1,176,6972.42949511608,-14368,337
1622101573651,1622101573691,40,5,213,10192.2256037401,-6949,224
1622101573870,1622101573890,20,9,1030,52938.9774813935,-1,58
1622101574010,1622101574240,230,19,568,38420.9960655903,-39441,212
1622101574260,1622101574300,40,2,73,3424.9826437897,-4107,266
1622101574400,1622101574450,50,1,40,732.321846115659,-586,195
1622101574670,1622101574680,10,-1,43,2182.16492485598,-1,-1
1622101574910,1622101574920,10,-1,40,1116.28923284747,-1,-1
1622101575040,1622101575080,40,1,73,3756.59472435878,-3871,276
1622101575090,1622101575100,10,-1,43,4142.31444129052,-1,-1
1622101575180,1622101575200,20,0,57,2360.0386803753,-1,73
1622101575210,1622101575220,10,-1,37,1314.28699322279,-1,-1
1622101575230,1622101575250,20,0,65,4709.13882236966,-2388,75
1622101575260,1622101575280,20,0,43,2611.29849130401,-1,292
1622101575400,1622101575450,50,14,609,26765.4222911384,-25189,7
1622101575489,1622101575509,20,0,37,1952.60846423525,-285,142
1622101575539,1622101575549,10,-1,34,618.995313846267,-1,-1
1622101575569,1622101575589,20,0,51,2320.60988604576,-178,137
1622101575649,1622101575719,70,16,1512,107854.433908879,-128451,164
1622101575809,1622101575829,20,0,42,2247.93743433313,-460,90
1622101575909,1622101575939,30,0,43,2039.49569982381,-1148,257
1622101576079,1622101576089,10,-1,30,557.977697095131,-1,-1
1622101576109,1622101576119,10,-1,31,1471.18747536779,-1,-1
1622101576289,1622101576309,20,0,31,2196.23773668779,-164,81
1622101576319,1622101576329,10,-1,45,3796.50759324354,-1,-1
1622101576339,1622101576379,40,0,83,6478.88167320137,-3853,298
1622101576419,1622101576669,250,23,577,30793.1470623327,-32914,124
1622101576709,1622101577039,330,21,684,23803.1719149059,-33233,321
1622101577059,1622101577099,40,2,97,4628.3131662931,-2100,210
1622101577139,1622101577158,19,0,54,1788.19501398387,-1,198
1622101577188,1622101577208,20,0,53,4055.75001405598,-2140,107
1622101577338,1622101577408,70,3,182,10727.7068543158,-11564,164
1622101577418,1622101577428,10,-1,40,1674.71815702373,-1,-1
1622101577558,1622101577568,10,-1,32,1063.87635866269,-1,-1
1622101577578,1622101577598,20,0,45,1254.90204138644,-1,323
1622101577608,1622101577658,50,23,969,54148.5956246171,-27340,144
1622101577668,1622101577788,120,9,1054,89715.8188260386,-98973,317
1622101577798,1622101577828,30,1,50,1485.61411016765,-369,16
1622101577838,1622101577878,40,1,69,2313.9189014985,-2704,255
1622101577938,1622101577948,10,-1,30,1083.53327600956,-1,-1
1622101578008,1622101578018,10,-1,39,1089.47054222951,-1,-1
1622101578028,1622101578238,210,25,2463,150346.640550947,-116062,351
1622101578248,1622101578598,350,34,1042,32379.5190232831,-61431,132
1622101578688,1622101579337,649,36,1061,55376.7712853123,-65089,290
1622101579347,1622101579357,10,-1,231,20274.1817420405,-1,-1
1622101579367,1622101579407,40,1,211,18687.7633177598,-17466,218
1622101579417,1622101579427,10,-1,30,586.118598117163,-1,-1
1622101579457,1622101579577,120,6,119,5210.35971222183,-5147,108
1622101579647,1622101579677,30,2,101,4463.07977726702,-1533,265
1622101579687,1622101579697,10,-1,203,18378.8473322041,-1,-1
1622101579707,1622101579767,60,4,389,32423.0055920473,-28015,170
1622101579777,1622101579817,40,1,265,19403.4119176401,-3614,232
1622101579827,1622101579877,50,0,285,20852.2432511909,-14499,251
1622101579887,1622101579917,30,1,279,27651.7913602949,-21130,29
1622101579937,1622101579977,40,3,138,7529.00781804068,-4479,348
1622101580007,1622101580117,110,2,229,13229.3872033176,-19505,92
1622101580137,1622101580197,60,2,68,4154.66988713601,-3504,282
1622101580207,1622101580227,20,0,64,4506.91265650935,-2723,289
1622101580307,1622101580357,50,14,547,28643.669067847,-23061,58
1622101580646,1622101580846,200,18,1262,60355.3515394652,-75527,213
1622101580876,1622101580896,20,0,66,3277.73140772228,-1,97
1622101580926,1622101580936,10,-1,35,1914.21112769387,-1,-1
1622101581226,1622101581236,10,-1,32,767.513696768906,-1,-1
1622101581246,1622101581266,20,0,39,1005.62581960653,-692,299
1622101581486,1622101581516,30,2,138,7582.00620693343,-8196,151
1622101581536,1622101581686,150,20,675,32206.6995671218,-27639,157
1622101581696,1622101581776,80,2,295,18993.9958576905,-6313,357
1622101581796,1622101582225,429,18,1617,72086.804362679,-132960,29
1622101582365,1622101582415,50,2,94,2653.96640540573,-4356,279
1622101582435,1622101582525,90,3,601,28842.6942117174,-5483,73
1622101582615,1622101582925,310,18,740,46288.3082329055,-44274,150
1622101582935,1622101583005,70,1,559,36965.6416343725,-8979,247
1622101583145,1622101583185,40,1,90,1314.98419772683,-2962,146
1622101583195,1622101583295,100,4,134,7629.80221200115,-6862,244
1622101583315,1622101583335,20,0,38,986.629539725367,-479,239
1622101583355,1622101583365,10,-1,33,718.475817496942,-1,-1
1622101583455,1622101583465,10,-1,66,-1.0,-1,-1
1622101583485,1622101583565,80,2,44,1905.20587265494,-1429,273
1622101583585,1622101583605,20,0,53,4263.66187656066,-1586,49
1622101583615,1622101583735,120,7,87,3021.38389580169,-2541,92
1622101583795,1622101583864,69,3,153,11231.2727878067,-3247,287
1622101583994,1622101584004,10,-1,30,-1.0,-1,-1
1622101584014,1622101584094,80,0,184,12884.5037784991,-12468,90
1622101584234,1622101584274,40,6,250,9935.9345810453,-14028,257
1622101584484,1622101584554,70,5,152,9810.25873715658,-6451,265
1622101584574,1622101584584,10,-1,36,1014.70150302806,-1,-1
1622101584694,1622101584704,10,-1,40,1851.11893357181,-1,-1
1622101584724,1622101584744,20,1,52,2935.86539687562,-1,244
1622101584754,1622101584774,20,0,34,932.964584277427,-351,21
1622101584794,1622101584874,80,2,77,3641.52977593261,-3711,106
1622101585094,1622101585104,10,-1,35,647.61027107586,-1,-1
1622101585114,1622101585154,40,2,102,5079.40884768434,-3017,39
1622101585304,1622101585394,90,0,201,14929.786389885,-8401,41
1622101585464,1622101585503,39,4,153,8031.71707087227,-8267,237
1622101585533,1622101585553,20,0,41,1494.12604239764,-1,278
1622101585723,1622101585803,80,13,817,8.27207231815663,-40272,87
1622101585813,1622101586113,300,13,580,26098.2450362092,-21827,177
1622101586223,1622101586433,210,4,354,26313.0247392636,-17704,328
1622101586453,1622101586473,20,0,50,1859.59687756522,-1,292
1622101586533,1622101586673,140,5,114,5705.31381844036,-4962,67
1622101586683,1622101586703,20,0,77,4390.13447085453,-1,90
1622101586713,1622101586723,10,-1,67,4637.49839769084,-1,-1
1622101586733,1622101586903,170,23,2329,109223.422389071,-119908,269
1622101586933,1622101587093,160,10,782,58050.3492918857,-40218,85
1622101587103,1622101587113,10,-1,38,1495.71010527075,-1,-1
1622101587162,1622101587232,70,4,92,6269.94789701579,-3149,278
1622101587262,1622101587282,20,0,49,2978.37733652684,-1,74
1622101587302,1622101587322,20,0,48,1399.3271416235,-1,90
1622101587342,1622101587372,30,1,77,5319.25039600701,-3063,85
1622101587412,1622101587422,10,-1,109,10053.3529300374,-1,-1
1622101587592,1622101587802,210,20,1670,29444.8222583833,-158029,281
1622101587842,1622101587852,10,-1,44,2131.48583402019,-1,-1
1622101587892,1622101588062,170,43,1265,52681.2488785094,-73651,315
1622101588072,1622101588162,90,6,136,9465.92572158075,-10654,137
1622101588172,1622101588222,50,3,1075,102541.784129421,-97030,119
1622101588402,1622101588412,10,-1,30,1313.1373589686,-1,-1
1622101588542,1622101588562,20,0,53,2818.92664765405,-1,90
1622101588572,1622101588592,20,0,42,1653.09390127028,-1,94
1622101588602,1622101588622,20,0,31,962.874963804346,-1,97
1622101588632,1622101588662,30,1,51,1465.75983086933,-1411,109
1622101588672,1622101588682,10,-1,38,1284.90272970974,-1,-1
1622101588692,1622101588812,120,7,122,3788.25389196221,-5972,271
1622101588821,1622101588861,39,0,116,9962.72151436371,-8437,56
1622101588871,1622101588911,40,0,87,3904.85699789062,-4581,132
1622101588921,1622101588941,20,1,93,7498.68592059826,-1975,100
1622101588951,1622101588961,10,-1,30,396.646793704167,-1,-1
1622101589031,1622101589041,10,-1,32,2581.46546568345,-1,-1
1622101589081,1622101589451,370,29,853,40119.072049339,-31995,135
1622101589521,1622101589531,10,-1,33,1938.62824657524,-1,-1
1622101589661,1622101589871,210,36,2779,157296.524257127,-181548,318
1622101589881,1622101589941,60,2,137,6517.43810072149,-4334,145
1622101590051,1622101590061,10,-1,42,2180.96195989124,-1,-1
1622101590321,1622101590341,20,1,94,7578.78814928378,-1647,289
1622101590371,1622101590391,20,1,102,5215.84960151665,-1,64
1622101590401,1622101590411,10,-1,48,3551.31232163738,-1,-1
1622101590680,1622101590710,30,2,96,7412.49291377289,-5957,34
1622101590840,1622101590850,10,-1,31,1060.498635523,-1,-1
1622101590920,1622101590940,20,0,45,3680.29041582602,-1081,270
1622101591030,1622101591080,50,3,105,6301.54233402091,-5043,182
1622101591150,1622101591180,30,2,121,8896.32228697124,-2991,138
1622101591330,1622101591360,30,2,102,4850.79308628685,-2577,9
1622101591370,1622101591390,20,0,50,3561.01423350067,-265,238
1622101591450,1622101591470,20,0,36,2631.19161864139,-239,264
1622101591490,1622101591520,30,3,159,11531.5959950018,-6315,68
1622101591530,1622101591600,70,1,59,3565.62716211195,-1816,261
1622101591610,1622101591650,40,4,176,13423.8568232534,-6924,227
1622101591860,1622101591920,60,17,567,37594.2633380687,-18554,85
1622101592110,1622101592149,39,2,115,5414.4922590189,-5444,338
1622101592309,1622101592429,120,9,305,14818.6266330811,-12188,248
1622101592709,1622101592809,100,25,761,50578.8111202366,-27404,151
1622101592819,1622101592829,10,-1,37,1037.9210620019,-1,-1
1622101592839,1622101592869,30,1,75,3932.70863488011,-2119,309
1622101592879,1622101592889,10,-1,58,4084.03033040032,-1,-1
1622101592899,1622101592909,10,-1,48,2397.07121682454,-1,-1
1622101592919,1622101593039,120,9,384,22564.5088566032,-16452,98
1622101593059,1622101593109,50,9,223,13456.3944986633,-16884,186
1622101593199,1622101593219,20,9,654,40362.4138427314,-1,31
1622101593329,1622101593389,60,16,1637,-1.0,-113277,291
1622101593399,1622101593449,50,2,113,9045.32390713117,-5215,156
1622101593479,1622101593589,110,6,131,5110.38255470693,-3423,266
1622101593679,1622101593729,50,3,99,4095.10362089204,-6256,231
1622101593789,1622101594378,589,21,624,28386.1268995267,-41888,88
1622101594478,1622101594638,160,3,352,15804.7048169666,-15759,317
1622101594788,1622101594848,60,19,984,12319.9628428604,-39481,243
1622101594878,1622101595358,480,26,749,58304.8704317657,-36739,345
1622101595378,1622101595757,379,10,299,12084.0293932248,-15359,129
1622101595767,1622101595907,140,22,265,10956.561381963,-12576,168
1622101595917,1622101596057,140,14,194,8208.04021613414,-7778,13
1622101596087,1622101596377,290,5,513,44967.293570336,-27629,250
1622101596417,1622101596477,60,5,206,10278.5391777311,-13249,156
1622101596517,1622101596797,280,23,719,25803.8951142478,-38352,82
1622101596817,1622101597127,310,24,2084,137788.57120303,-118824,284
1622101597137,1622101597196,59,2,106,6890.78551370578,-2909,11
1622101597266,1622101597366,100,5,145,5318.63440373573,-4454,231
1622101597386,1622101597476,90,4,107,6305.11385924166,-5297,340
1622101597506,1622101597626,120,5,136,7369.12235777218,-4981,155
1622101597636,1622101597646,10,-1,34,971.030913259666,-1,-1
1622101597666,1622101597696,30,0,33,488.846246143275,-104,34
1622101597706,1622101597856,150,7,101,3856.28288811043,-3319,272
1622101597866,1622101597906,40,3,106,3732.88988455844,-4817,106
1622101597916,1622101597946,30,3,141,7478.23579947222,-4001,90
1622101597956,1622101597996,40,1,53,1248.29099406656,-1640,90
1622101598036,1622101598056,20,0,35,2788.83013736912,-4,285
1622101598066,1622101598256,190,3,1039,93873.7825116117,-87774,177
1622101598326,1622101598336,10,-1,34,1029.46978758385,-1,-1
1622101598376,1622101598416,40,4,529,26639.1019963546,-330,88
1622101598506,1622101598606,100,5,256,12148.2948346273,-10865,351
1622101598626,1622101598676,50,3,279,15079.5642773511,-681,69
1622101598776,1622101598826,50,29,1103,35276.942249273,-59797,266
1622101598835,1622101598855,19,1,69,6565.42860204611,-2348,95
1622101598865,1622101598875,10,-1,45,2844.14122484366,-1,-1
1622101598935,1622101599045,110,4,103,5698.12210206185,-5396,206
1622101599055,1622101599095,40,1,55,2044.0279253623,-1618,145
1622101599115,1622101599125,10,-1,33,454.895308806997,-1,-1
1622101599145,1622101599165,20,0,61,3726.47409824202,-1124,96
1622101599175,1622101599195,20,0,43,2009.15898886893,-431,94
1622101599215,1622101599295,80,10,266,15403.4085775658,-15099,167
1622101599385,1622101599435,50,5,270,16603.1555484832,-11647,3
1622101599445,1622101599465,20,0,35,1876.91766338284,-1,80
1622101599475,1622101599505,30,5,239,11974.3936324169,-12471,335
1622101599525,1622101599605,80,1,340,29755.2016487387,-25879,38
1622101599745,1622101599865,120,13,520,22369.2392409081,-19856,127
1622101599875,1622101599895,20,1,82,5773.96505780237,-682,104
1622101599915,1622101599945,30,0,43,1127.67580257959,-1,302
1622101599955,1622101600115,160,17,967,55831.8569830523,-33901,314
1622101600125,1622101600135,10,-1,50,3033.30541674277,-1,-1
1622101600285,1622101600355,70,24,717,33835.7185832523,-35419,134
1622101600415,1622101600465,50,2,441,38781.1109776885,-1180,50
1622101600475,1622101600495,20,0,476,46419.4812484948,-44275,300
1622101600524,1622101600594,70,2,706,59682.0620074892,-64437,352
1622101600604,1622101600624,20,1,119,7354.66010836712,-1,102
1622101600674,1622101600694,20,5,585,29292.2869992433,-1,60
1622101600814,1622101600844,30,4,212,15911.0998575646,-15120,241
1622101600854,1622101600894,40,5,283,22447.0166718951,-13700,235
1622101600924,1622101600934,10,-1,30,1404.36633634105,-1,-1
1622101601034,1622101601044,10,-1,46,2153.90913297447,-1,-1
1622101601054,1622101601084,30,0,106,9831.72227132227,-6629,141
1622101601174,1622101601314,140,42,914,54228.0229879208,-72477,311
1622101601324,1622101601394,70,3,85,4421.32836000009,-2803,170
1622101601454,1622101601544,90,34,771,31381.4280824088,-31046,135
1622101601574,1622101601594,20,1,97,5021.40560045192,-1,337
1622101601624,1622101601634,10,-1,34,1149.73058331207,-1,-1
1622101601804,1622101601874,70,7,341,28011.0400965607,-16194,206
1622101601984,1622101602014,30,11,548,32146.3078418968,-21084,97
1622101602034,1622101602223,189,45,872,45521.029989674,-50523,317
1622101602233,1622101602323,90,3,127,12032.9000301189,-8894,200
1622101602373,1622101602403,30,1,66,4105.02122027698,-2834,182
1622101602463,1622101602583,120,43,1153,34262.2391918763,-42030,140
1622101602603,1622101602693,90,1,131,6252.93633135053,-6771,338
1622101602733,1622101602753,20,0,43,956.108140558679,-1,330
1622101602823,1622101603043,220,41,2224,142636.477367503,-113590,317
1622101603053,1622101603103,50,2,144,11597.2969017501,-9010,125
1622101603143,1622101603193,50,0,384,21911.1305626631,-25703,169
1622101603213,1622101603233,20,0,49,1943.55022717377,-1,184
1622101603243,1622101603303,60,1,119,8509.34241657072,-4589,255
1622101603383,1622101603403,20,0,41,2332.55144561531,-263,53
1622101603413,1622101603433,20,0,58,2832.63983870312,-1,123
1622101603443,1622101603483,40,0,76,5121.6898447001,-1949,234
1622101603493,1622101603533,40,2,95,4779.55016927348,-4661,293
1622101603563,1622101603643,80,1,122,5678.22632430222,-1161,24
1622101603653,1622101603663,10,-1,41,2128.53436333827,-1,-1
1622101603773,1622101603793,20,0,36,1072.29997882236,-240,276
1622101603862,1622101603892,30,1,62,4123.81447675207,-1665,74
1622101603902,1622101603942,40,4,512,36122.7722809971,-45952,180
1622101604052,1622101604072,20,0,56,2858.77801271531,-1,189
1622101604172,1622101604202,30,2,108,8400.89587357204,-5987,41
1622101604462,1622101604502,40,0,59,4679.10297491398,-798,0
1622101604602,1622101604622,20,1,85,6084.90440175667,-1,70
1622101604632,1622101604672,40,1,73,5048.06759642269,-2331,248
1622101604772,1622101604782,10,-1,54,4914.14218222365,-1,-1
1622101604902,1622101604912,10,-1,41,2799.8789354806,-1,-1
1622101605282,1622101605312,30,1,71,4010.62004582033,-2141,197
1622101605322,1622101605342,20,1,133,6298.75376406185,-1,74
1622101605352,1622101605372,20,0,80,6791.24546279138,-4428,225
1622101605382,1622101605422,40,0,57,2807.6150232313,-124,153
1622101605701,1622101605711,10,-1,32,2275.66544793584,-1,-1
1622101605721,1622101605871,150,10,977,74460.5412895052,-87329,75
1622101605901,1622101605941,40,0,48,1482.0007595324,-1,0
1622101606071,1622101606131,60,11,375,22298.6496879905,-17246,263
1622101606311,1622101606341,30,0,48,3055.50572503064,-702,198
1622101606671,1622101606761,90,28,580,32657.0442098448,-39600,170
1622101606771,1622101606801,30,3,156,8091.21879333182,-7663,327
1622101606811,1622101607160,349,29,1000,52261.5104337232,-66319,41
1622101607170,1622101607240,70,4,353,24924.7627639538,-24838,72
1622101607360,1622101607370,10,-1,32,1564.05842325236,-1,-1
1622101607390,1622101607460,70,3,109,3028.30672505378,-5077,263
1622101607480,1622101607540,60,3,92,2825.09763084979,-4366,268
1622101607550,1622101607730,180,12,128,5177.51483177466,-3898,264
1622101607820,1622101607880,60,14,868,16494.298813248,-51695,152
1622101607890,1622101607930,40,3,295,26879.5094535533,-16864,346
1622101607950,1622101607980,30,0,38,771.827388346507,-590,63
1622101608010,1622101608030,20,0,41,1293.46460889178,-801,315
1622101608090,1622101608140,50,5,103,8024.11843661834,-1,301
1622101608150,1622101608180,30,1,66,3655.70854626589,-3308,273
1622101608240,1622101608250,10,-1,259,25231.7685468286,-1,-1
1622101608350,1622101608470,120,7,375,10480.2185620799,-17270,221
1622101608480,1622101608550,70,3,64,2704.60541155859,-2158,118
1622101608570,1622101608580,10,-1,30,753.920098881771,-1,-1
1622101608610,1622101608650,40,1,43,1439.71902019583,-896,242
1622101608800,1622101608969,169,11,499,28217.7729061184,-1649,78
1622101609609,1622101609659,50,17,863,-1.0,-29829,311
1622101609669,1622101609739,70,4,143,12279.8787305097,-3828,157
1622101609749,1622101609869,120,11,259,13835.0991217774,-13545,246
1622101609879,1622101609899,20,1,83,5468.36331428224,-1505,262
1622101609939,1622101609959,20,0,100,4797.6913854709,-1,74
1622101609969,1622101610029,60,3,75,2183.11249694721,-2404,92
1622101610089,1622101610149,60,3,104,5165.04587848364,-2509,262
1622101610239,1622101610309,70,3,55,1784.37010368268,-729,84
1622101610469,1622101610499,30,1,72,2965.32769263968,-3449,229
1622101610608,1622101610618,10,-1,36,889.236164674041,-1,-1
1622101610638,1622101610658,20,0,51,2221.27918982918,-173,295
1622101610798,1622101610858,60,1,337,31047.3778759358,-22148,70
1622101610868,1622101610878,10,-1,43,3184.44556001697,-1,-1
1622101610898,1622101610938,40,2,177,7819.12227458164,-14188,85
1622101610978,1622101610998,20,1,95,7090.36236756217,-2967,84
1622101611008,1622101611548,540,0,1398,90857.0514274664,-54099,317
1622101611568,1622101611598,30,1,82,3133.36829114256,-3678,245
1622101611608,1622101611628,20,0,30,161.907859376468,-9,261
1622101611718,1622101611848,130,8,91,4775.5929784515,-2487,104
1622101611858,1622101611888,30,1,91,4170.50411875124,-5138,38
1622101611968,1622101612008,40,3,145,7318.42916444297,-8320,265
1622101612018,1622101612177,159,10,875,83778.1432403893,-6284,272
1622101612187,1622101612197,10,-1,814,79612.1470951162,-1,-1
1622101612207,1622101612247,40,3,141,7848.37027035921,-9432,172
1622101612287,1622101612317,30,1,65,3426.62694531742,-1774,93
1622101612327,1622101612347,20,0,69,2852.43040241851,-1,90
1622101612357,1622101612367,10,-1,32,298.274803376807,-1,-1
1622101612377,1622101612447,70,3,59,3062.9737551855,-1187,90
1622101612477,1622101612487,10,-1,31,244.790952942934,-1,-1
1622101612497,1622101612517,20,2,280,14152.6028406953,-1,96
1622101612657,1622101612787,130,14,240,14455.7859712576,-9972,272
1622101612817,1622101612867,50,4,160,12489.6846491504,-10148,275
1622101612877,1622101612897,20,0,54,3666.98365547498,-1995,82
1622101612907,1622101612937,30,1,91,6207.08182293192,-5574,271
1622101612957,1622101612997,40,3,123,4768.38619351984,-5539,90
1622101613007,1622101613017,10,-1,37,1501.93936153535,-1,-1
1622101613047,1622101613067,20,0,61,2872.59059543407,-1,34
1622101613097,1622101613137,40,1,44,930.24592199218,-15,282
1622101613157,1622101613237,80,4,85,3926.93705186821,-2221,273
1622101613317,1622101613427,110,4,93,3446.00960978731,-1403,134
1622101613487,1622101613517,30,1,81,4321.4988027113,-3394,266
1622101613537,1622101613607,70,2,56,3942.82464979454,-2397,268
1622101613787,1622101613846,59,3,108,7308.40272244922,-5700,52
1622101614046,1622101614056,10,-1,31,994.592524128311,-1,-1
1622101614246,1622101614266,20,0,37,903.903853924205,-1,90
1622101614306,1622101614336,30,0,42,1412.80828450946,-690,83
1622101614386,1622101614406,20,0,41,1702.22575642574,-686,96
1622101614426,1622101614436,10,-1,34,487.797483415522,-1,-1
1622101614446,1622101614606,160,2,853,54066.4649651489,-38209,252
1622101614696,1622101614706,10,-1,48,-1.0,-1,-1
1622101614776,1622101614916,140,11,199,10644.1415909738,-6886,106
1622101614956,1622101614976,20,0,58,2750.11479351104,-1,72
1622101615076,1622101615106,30,1,56,1660.14251769483,-23,273
1622101615126,1622101615136,10,-1,49,1955.2861129844,-1,-1
1622101615146,1622101615266,120,5,64,2147.98673954154,-1975,279
1622101615276,1622101615296,20,0,37,933.098851434065,-278,275
1622101615406,1622101615426,20,1,74,4157.61333697569,-1,337
1622101615436,1622101615485,49,6,215,4570.01280444008,-1,89
1622101615495,1622101615655,160,13,141,4528.14136953318,-6210,93
1622101615715,1622101615745,30,7,474,34051.6176179887,-1,87
1622101616275,1622101616325,50,4,322,8046.24082946026,-27297,277
1622101616385,1622101616505,120,24,1311,119970.212175017,-68627,303
1622101616695,1622101616725,30,23,1271,-1.0,-95606,104
1622101616755,1622101616785,30,1,66,4500.37485737838,-1233,302
1622101616795,1622101616925,130,3,1105,90810.6749535214,-85609,104
1622101617085,1622101617194,109,8,1496,110655.986435007,-129381,220
1622101617204,1622101617214,10,-1,44,1813.1936237293,-1,-1
1622101617224,1622101617234,10,-1,32,396.160747938986,-1,-1
1622101617254,1622101617344,90,3,150,6702.58012796442,-6924,349
1622101617484,1622101617554,70,23,1776,-1.0,-69095,79
1622101617594,1622101617664,70,6,89,6652.31033978858,-4106,274
1622101617674,1622101617704,30,2,99,4526.54686406056,-3846,162
1622101617724,1622101617884,160,5,216,16367.1223968377,-9642,76
1622101618064,1622101618074,10,-1,221,-1.0,-1,-1
1622101618094,1622101618294,200,32,562,32191.3255094224,-18294,300
1622101618304,1622101618344,40,2,128,4996.95660636343,-9022,218
1622101618354,1622101618374,20,0,36,687.743623494775,-70,198
1622101618384,1622101618694,310,1,641,39816.5751396586,-35920,242
1622101618704,1622101618814,110,1,235,19644.3158220159,-14044,317
1622101618823,1622101618933,109,4,74,2305.54020875216,-3019,224
1622101618953,1622101618963,10,-1,31,2095.43936311495,-1,-1
1622101618983,1622101619023,40,1,73,3447.30674833531,-2104,214
1622101619073,1622101619093,20,0,35,1123.40657925855,-215,251
1622101619153,1622101619173,20,0,34,1254.6094651946,-5,231
1622101619233,1622101619503,270,16,858,40265.4195568066,-29644,127
1622101619513,1622101619563,50,2,52,3435.17183900673,-844,343
1622101619573,1622101619613,40,6,253,12968.4439145033,-10305,122
1622101619633,1622101619703,70,2,68,3761.94965160662,-2249,348
1622101619713,1622101619763,50,3,348,18614.2280013435,-10257,39
1622101620013,1622101620123,110,7,738,15331.0820789761,-55097,5
1622101620722,1622101620962,240,23,873,14543.168717054,-49681,266
1622101620972,1622101621262,290,7,163,7964.31430167612,-6360,195
1622101621272,1622101621282,10,-1,30,630.193861734744,-1,-1
1622101621292,1622101621442,150,26,935,67083.9659162188,-42293,53
1622101621452,1622101621732,280,6,345,32468.3387591208,-31110,353
1622101621742,1622101621832,90,10,480,40083.4633206192,-21170,163
1622101621842,1622101621892,50,4,247,17848.1325267464,-11526,296
1622101621912,1622101621922,10,-1,52,3444.71466024683,-1,-1
1622101622012,1622101622082,70,9,338,12351.9857594072,-15412,271
1622101622092,1622101622132,40,3,290,20813.6259705289,-10590,92
1622101622141,1622101622191,49,1,768,82905.5954777794,-43777,180
1622101622221,1622101622261,40,1,41,1365.8789369621,-92,208
1622101622271,1622101622351,80,3,71,2604.90600505208,-1198,237
1622101622361,1622101622381,20,0,37,603.456781230166,-1,198
1622101622391,1622101622401,10,-1,31,2267.50532431733,-1,-1
1622101622451,1622101622501,50,3,269,20683.6888068919,-15468,9
1622101622541,1622101622661,120,7,111,4099.16149709851,-2959,228
1622101622671,1622101622751,80,27,563,31965.7692454182,-20758,146
1622101622771,1622101622791,20,0,38,1214.68659178014,-588,45
1622101622841,1622101622911,70,2,46,1731.95124875837,-45,295
1622101623051,1622101623081,30,13,1184,57463.1818261221,-1,86
1622101623201,1622101623321,120,6,542,20263.7669774082,-40373,274
1622101623331,1622101623401,70,5,121,9282.69843396746,-2109,171
1622101623411,1622101624130,719,20,1736,147741.398078591,-124037,318
1622101624140,1622101624270,130,6,296,16761.0806463246,-18798,18
1622101624290,1622101624510,220,31,781,60020.3071717493,-25414,192
1622101624520,1622101624550,30,0,243,21363.2637647755,-20634,320
1622101624610,1622101624620,10,-1,45,2886.48289443321,-1,-1
1622101624670,1622101624690,20,1,94,7825.7574797191,-1,202
1622101624700,1622101624710,10,-1,41,3016.35513653743,-1,-1
1622101624840,1622101624890,50,0,193,14986.2409592678,-7967,153
1622101625100,1622101625150,50,11,396,23989.6094032112,-20711,189
1622101625170,1622101625360,190,25,748,23920.2464956617,-38530,96
1622101625629,1622101625669,40,1,70,-1.0,-2064,268
1622101625799,1622101625859,60,1,191,17554.7952715002,-6015,139
1622101625869,1622101625889,20,2,195,18216.844108135,-2569,66
1622101626089,1622101626249,160,19,729,38857.5170021945,-37197,295
1622101626259,1622101626679,420,36,1277,118058.855405372,-103361,180
1622101626739,1622101626799,60,6,669,46224.3887338053,-18771,90
1622101626819,1622101626829,10,-1,32,1376.20049990131,-1,-1
1622101626909,1622101627278,369,22,679,53997.4265152045,-54285,324
1622101627288,1622101627748,460,6,899,53704.4643136183,-70072,355
1622101627768,1622101627998,230,26,1414,78039.1794416666,-98415,156
1622101628008,1622101628018,10,-1,39,3220.17748226434,-1,-1
1622101628028,1622101628058,30,0,34,1373.11175912597,-236,355
1622101628348,1622101628358,10,-1,55,2597.44836697276,-1,-1
1622101628368,1622101628418,50,2,80,4462.94909674155,-2279,113
1622101628608,1622101628628,20,0,33,766.746448777263,-1,7
1622101628788,1622101628817,29,0,36,1544.45318592736,-474,351
1622101628977,1622101629017,40,4,343,26501.8283247375,-17488,82
1622101629227,1622101629277,50,5,202,9936.24767864368,-8306,278
1622101629297,1622101629307,10,-1,41,2304.03535081355,-1,-1
1622101629387,1622101629547,160,2,403,22979.1727220551,-30626,38
1622101629637,1622101629957,320,18,811,35988.5755714186,-54345,169
1622101629967,1622101630037,70,11,375,18783.2354267844,-18054,240
1622101630257,1622101630277,20,1,101,7305.59349885942,-2646,253
1622101630287,1622101630766,479,20,586,36004.7531569996,-29152,101
1622101630776,1622101630816,40,16,731,45604.7693807647,-36687,137
1622101630826,1622101630956,130,12,137,6131.45560970568,-4585,338
1622101630966,1622101631836,870,17,1547,96032.2828889793,-137801,228
1622101631896,1622101632215,319,30,1504,99964.4888772329,-120658,35
1622101632225,1622101632245,20,0,32,741.159626408595,-196,209
1622101632315,1622101632355,40,1,51,1752.63424486866,-740,91
1622101632365,1622101632445,80,5,851,62771.734856195,-74161,219
1622101632495,1622101632515,20,0,57,3732.46486856231,-477,83
1622101632525,1622101632625,100,23,551,30485.5695316727,-36859,237
1622101632685,1622101632715,30,0,38,1131.34866116431,-152,75
1622101632855,1622101632885,30,4,234,16885.6096278638,-17769,182
1622101633095,1622101633125,30,0,48,1595.17788912774,-1246,0
1622101633415,1622101633435,20,1,71,4856.04694138722,-1,46
1622101633635,1622101633685,50,7,321,21903.7797125596,-22158,207
1622101633805,1622101633944,139,29,800,62713.1635373434,-48473,67
1622101634004,1622101634014,10,-1,36,1211.21961617266,-1,-1
1622101634084,1622101634194,110,12,482,36195.5892159253,-26016,351
1622101634354,1622101634364,10,-1,30,1014.83948501683,-1,-1
1622101634404,1622101634544,140,9,385,25198.2238120141,-21058,230
1622101634564,1622101634684,120,15,473,21212.8992178169,-20225,269
1622101634694,1622101634704,10,-1,35,975.353192193547,-1,-1
1622101634714,1622101634824,110,5,84,2385.85255779729,-2631,136
1622101634834,1622101634864,30,0,44,1593.44273050299,-706,144
1622101634904,1622101634924,20,0,38,626.822247769296,-1,140
1622101635094,1622101635154,60,5,333,18665.818214813,-19066,177
1622101635274,1622101635284,10,-1,530,-1.0,-1,-1
1622101635404,1622101635733,329,16,379,19853.1308219751,-21653,350
1622101635753,1622101635963,210,3,201,13215.939441211,-10702,130
1622101636833,1622101636843,10,-1,125,-1.0,-1,-1
1622101637972,1622101638022,50,6,129,-1.0,-183,170
1622101638032,1622101638152,120,10,148,13424.4083714154,-4224,358
1622101638162,1622101638172,10,-1,46,3144.24085502217,-1,-1
1622101638182,1622101638212,30,1,48,1103.5101580994,-1333,357
1622101638332,1622101638342,10,-1,33,820.430018547152,-1,-1
1622101638352,1622101638382,30,1,105,3675.21408086826,-1,140
1622101638482,1622101638562,80,4,233,12256.69084905,-14370,154
1622101638662,1622101638682,20,0,41,3367.34496757459,-439,0
1622101638821,1622101638871,50,3,72,1277.84200629074,-844,27
1622101638881,1622101638951,70,6,187,7485.45598122553,-8984,3
1622101639151,1622101639161,10,-1,206,-1.0,-1,-1
1622101639171,1622101639381,210,3,380,26549.6314349766,-10817,27
1622101639711,1622101639781,70,9,339,26178.6453724924,-29379,160
1622101639791,1622101639921,130,6,204,11209.1501063929,-15409,330
