start,end,duration,amplitude,peak_velocity,peak_acceleration,peak_deceleration,direction
1622105384094,1622105384134,40,1,57,817.413700486598,-1521,75
1622105384144,1622105384174,30,9,760,36044.1204216387,-1,244
1622105384234,1622105384244,10,-1,299,-1.0,-1,-1
1622105384254,1622105384294,40,1,277,25247.6553358531,-12556,49
1622105384304,1622105384314,10,-1,39,1032.92519014834,-1,-1
1622105384334,1622105384374,40,2,67,3082.57809503943,-350,14
1622105384384,1622105384434,50,4,276,16456.831940428,-1,127
1622105384494,1622105384514,20,0,428,-1.0,-38875,109
1622105384524,1622105384634,110,7,155,8456.770819381,-8348,350
1622105384664,1622105384754,90,2,178,8528.90177123268,-13841,52
1622105384794,1622105384804,10,-1,42,1428.44687787045,-1,-1
1622105384814,1622105384883,69,24,553,24305.6209227992,-17503,160
1622105384943,1622105384953,10,-1,143,-1.0,-1,-1
1622105384973,1622105385013,40,4,138,8590.24875769931,-3942,342
1622105385093,1622105385173,80,4,139,5289.34691587502,-6252,10
1622105385233,1622105385433,200,13,115,2906.86118217753,-3340,354
1622105385493,1622105385563,70,14,907,35191.3703554019,-1680,102
1622105385663,1622105385693,30,11,824,-1.0,-24288,244
1622105385793,1622105385873,80,5,231,12539.1287095613,-2071,3
1622105385933,1622105385963,30,3,458,-1.0,-29442,228
1622105386093,1622105386113,20,1,171,11173.204468034,-1,18
1622105386123,1622105386153,30,1,184,16128.6882578577,-11646,201
1622105386363,1622105386383,20,1,76,2587.05106973354,-1,29
1622105386642,1622105386662,20,0,55,3019.28440657629,-2291,108
1622105386812,1622105386822,10,-1,30,1329.77028712293,-1,-1
1622105386882,1622105386892,10,-1,103,-1.0,-1,-1
1622105386902,1622105386922,20,1,70,2399.097936863,-1,272
1622105387192,1622105387212,20,3,390,-1.0,-11733,242
1622105387222,1622105387272,50,5,354,22665.7086934924,-27736,254
1622105387352,1622105387372,20,1,1264,-1.0,-118643,321
1622105387412,1622105387422,10,-1,68,4565.33344632803,-1,-1
1622105387482,1622105387502,20,1,116,-1.0,-4593,127
1622105387542,1622105387562,20,1,67,5465.20706324149,-512,85
1622105387572,1622105387652,80,10,201,11915.7347054355,-4393,100
1622105387802,1622105387972,170,18,2408,163517.825618307,-118718,321
1622105388052,1622105388101,49,2,956,-1.0,-81573,185
1622105388111,1622105388201,90,1,137,6032.94389503294,-8559,199
1622105388211,1622105388221,10,-1,56,4111.2816788272,-1,-1
1622105388231,1622105388251,20,1,117,8422.21986887256,-1,130
1622105388331,1622105388371,40,2,87,4618.34236937424,-1495,166
1622105388391,1622105388401,10,-1,98,7099.5497630826,-1,-1
1622105388461,1622105388541,80,2,62,1614.22356238851,-1255,158
1622105388611,1622105388671,60,8,378,24793.0474525141,-7790,213
1622105388731,1622105388771,40,0,112,4287.43252385407,-7780,122
1622105388781,1622105388801,20,1,209,12595.7721949129,-1,65
1622105388871,1622105388951,80,3,2151,188550.236320729,-199884,38
1622105389011,1622105389021,10,-1,109,-1.0,-1,-1
1622105389031,1622105389061,30,7,361,22629.1843807306,-1,8
1622105389121,1622105389171,50,5,260,-1.0,-14532,319
1622105389181,1622105389231,50,2,124,10625.0782385012,-5492,135
1622105389251,1622105389331,80,1,145,8514.00396371427,-9891,90
1622105389351,1622105389361,10,-1,33,856.407947667413,-1,-1
1622105389371,1622105389471,100,7,300,10070.4440850178,-15341,129
1622105389481,1622105389491,10,-1,43,4060.11213266083,-1,-1
1622105389561,1622105389611,50,3,231,8308.64767867569,-14748,24
1622105389621,1622105389641,20,8,571,47361.4294715842,-1,160
1622105389701,1622105389720,19,0,58,-1.0,-2225,142
1622105389740,1622105389750,10,-1,48,4293.95687782238,-1,-1
1622105389760,1622105389770,10,-1,244,21723.2050605009,-1,-1
1622105389780,1622105389790,10,-1,283,26736.3246061629,-1,-1
1622105389900,1622105389920,20,2,228,11281.3795362405,-1,339
1622105390080,1622105390090,10,-1,48,2048.01512871014,-1,-1
1622105390120,1622105390200,80,5,1636,157046.49660118,-131054,9
1622105390300,1622105390430,130,4,263,7108.33887574605,-8245,232
1622105390450,1622105390480,30,1,74,2819.1338556563,-618,139
1622105390600,1622105390610,10,-1,30,378.742578585144,-1,-1
1622105390710,1622105390770,60,0,49,2485.72102844246,-876,239
1622105390830,1622105390850,20,0,85,-1.0,-3784,167
1622105390910,1622105390930,20,0,51,3559.93849957711,-1084,150
1622105390960,1622105391020,60,2,77,3972.37689413574,-3333,162
1622105391040,1622105391090,50,3,113,4591.37031342985,-1,143
1622105391100,1622105391120,20,0,72,5078.37655951315,-37,313
1622105391130,1622105391200,70,13,358,20959.444085278,-5217,104
1622105391260,1622105391290,30,5,335,-1.0,-18241,262
1622105391310,1622105391319,9,-1,31,352.772296846047,-1,-1
1622105391339,1622105391349,10,-1,43,1987.44999591413,-1,-1
1622105391409,1622105391459,50,1,57,23.6568366531785,-1641,257
1622105391549,1622105391589,40,3,145,6942.51489651349,-8428,252
1622105391689,1622105391699,10,-1,110,9531.34543659625,-1,-1
1622105391709,1622105391749,40,0,159,15392.7838290605,-11650,159
1622105391809,1622105391819,10,-1,51,-1.0,-1,-1
1622105391829,1622105391839,10,-1,39,3192.28233554967,-1,-1
1622105391879,1622105391909,30,0,40,1573.81604655554,-31,305
1622105392049,1622105392059,10,-1,34,1468.00133178933,-1,-1
1622105392099,1622105392169,70,3,91,3459.61242112816,-5079,310
1622105392319,1622105392349,30,2,97,5402.35462890806,-791,65
1622105392429,1622105392469,40,3,152,7430.84733235244,-7041,102
1622105392749,1622105392759,10,-1,47,-1.0,-1,-1
1622105392988,1622105392998,10,-1,31,2060.51889497721,-1,-1
1622105393008,1622105393018,10,-1,30,2013.97556754764,-1,-1
1622105393608,1622105393718,110,9,137,6626.58643059437,-5420,269
1622105393728,1622105393758,30,1,143,8034.48338088512,-1,129
1622105393818,1622105393898,80,3,192,6118.66217736484,-12481,294
1622105393918,1622105393958,40,8,395,37195.7346084197,-17150,94
1622105394098,1622105394148,50,4,243,5825.97859544835,-12196,188
1622105394388,1622105394438,50,6,477,33675.7270868234,-11395,183
1622105394498,1622105394508,10,-1,1338,-1.0,-1,-1
1622105395647,1622105395857,210,14,772,39798.1556246629,-26277,82
1622105395947,1622105395977,30,6,665,-1.0,-35734,95
1622105396067,1622105396107,40,7,372,202.914359470066,-21185,325
1622105396177,1622105396236,59,7,233,8831.72725748748,-10567,21
1622105396316,1622105396346,30,13,621,1714.65063280575,-43669,344
1622105396596,1622105396626,30,7,370,1036.39823263533,-1,119
1622105396636,1622105396666,30,2,353,23903.1935014713,-1,354
1622105396726,1622105396746,20,3,313,8259.81208036729,-1,6
1622105396756,1622105396876,120,7,417,30347.0462684444,-25388,36
1622105396896,1622105396926,30,7,367,17486.6641998872,-14540,210
1622105397026,1622105397036,10,-1,102,-1.0,-1,-1
1622105397096,1622105397106,10,-1,67,5666.97154779042,-1,-1
1622105397166,1622105397176,10,-1,33,-1.0,-1,-1
1622105397226,1622105397236,10,-1,486,46322.7721163214,-1,-1
1622105397296,1622105397356,60,8,835,34379.3462037512,-10,33
1622105397456,1622105397536,80,14,563,23041.2530164655,-29517,133
1622105397596,1622105397686,90,35,2242,109059.918979561,-134587,161
1622105397945,1622105397955,10,-1,40,1687.03026587943,-1,-1
1622105398035,1622105398065,30,0,690,395.38752039178,-65854,137
1622105398135,1622105398155,20,0,30,868.893637358313,-1,136
1622105398225,1622105398255,30,0,45,1056.71965949562,-1,283
1622105398325,1622105398355,30,36,1778,173847.214933826,-173721,118
1622105398625,1622105398685,60,47,1984,190117.688018069,-160149,230
1622105398845,1622105398915,70,8,326,7896.51383922846,-12867,274
1622105398925,1622105398935,10,-1,81,6648.41876009409,-1,-1
1622105399035,1622105399055,20,0,107,-1.0,-6537,0
1622105399075,1622105399145,70,9,295,16455.1141532824,-9420,216
1622105399514,1622105399674,160,20,1215,88063.038752511,-92405,97
1622105399904,1622105399924,20,2,1587,-1.0,-150351,299
1622105400044,1622105400054,10,-1,38,2977.94229763343,-1,-1
1622105400154,1622105400184,30,1,58,2535.75490259941,-882,135
1622105400194,1622105400214,20,0,34,1128.85601651425,-420,69
1622105400224,1622105400244,20,0,54,4067.91671298363,-1,233
1622105400274,1622105400284,10,-1,47,3582.76137510277,-1,-1
1622105400344,1622105400434,90,8,357,13360.0990444541,-22170,344
1622105400614,1622105400634,20,0,55,2634.75464285321,-1,72
1622105400644,1622105400674,30,2,118,9753.11043121341,-6714,229
1622105400804,1622105400824,20,1,72,3981.58249874894,-1,233
1622105400884,1622105400954,70,4,267,16166.2426011297,-16145,142
1622105401183,1622105401223,40,3,163,-1.0,-6260,283
1622105401293,1622105401303,10,-1,30,2212.37534775578,-1,-1
1622105401463,1622105401573,110,5,637,37221.3436479421,-57934,95
1622105401583,1622105401633,50,0,1095,105580.785521316,-106248,0
1622105401803,1622105401833,30,2,185,16442.3500356163,-6143,86
1622105401843,1622105401973,130,26,1128,76643.4305119651,-45955,16
1622105402033,1622105402073,40,1,106,3969.84236685706,-4558,187
1622105402083,1622105402143,60,2,227,13436.3669807908,-15569,194
1622105402193,1622105402233,40,6,259,12291.2610553224,-13817,221
1622105402463,1622105402553,90,2,355,26293.1397948084,-13130,148
1622105402563,1622105402583,20,0,76,4770.75033846673,-1,119
1622105402593,1622105402603,10,-1,55,3479.99554086761,-1,-1
1622105402662,1622105402762,100,13,732,31426.829449312,-36254,198
1622105402852,1622105402882,30,1,84,4433.15067714476,-1,27
1622105403032,1622105403042,10,-1,30,-1.0,-1,-1
1622105403152,1622105403182,30,2,129,6574.05831710274,-4433,139
1622105403192,1622105403202,10,-1,33,798.156311143111,-1,-1
1622105403412,1622105403432,20,0,40,1547.35584864409,-1,62
1622105403722,1622105403762,40,4,162,9056.45225227561,-5282,302
1622105403772,1622105403782,10,-1,41,3348.79521002951,-1,-1
1622105403812,1622105403872,60,2,171,14832.6903645636,-6434,90
1622105403902,1622105403932,30,1,83,4118.17351633951,-3809,276
1622105403952,1622105404092,140,16,1347,103304.8181639,-104710,350
1622105404202,1622105404222,20,1,167,9778.50872720524,-1,197
1622105404301,1622105404311,10,-1,72,-1.0,-1,-1
1622105404501,1622105404651,150,8,503,31922.3015468695,-22409,179
1622105404711,1622105404721,10,-1,93,-1.0,-1,-1
1622105404731,1622105404761,30,1,92,6512.24886196948,-1520,109
1622105404851,1622105404921,70,7,172,5861.47582423556,-5952,45
1622105405001,1622105405011,10,-1,44,-1.0,-1,-1
1622105405201,1622105405221,20,1,169,11027.8528852325,-1,357
1622105405281,1622105405321,40,6,280,2218.60642121709,-13725,346
1622105405331,1622105405461,130,33,2798,196058.598395269,-206350,133
1622105405591,1622105405701,110,18,777,35102.607448789,-28063,162
1622105405731,1622105405751,20,0,43,1273.33815144007,-1,341
1622105405771,1622105405781,10,-1,34,2437.5082204701,-1,-1
1622105405801,1622105405841,40,2,84,4307.67582584851,-1,16
1622105405851,1622105405930,79,10,359,16771.690420019,-6977,134
1622105406010,1622105406020,10,-1,51,-1.0,-1,-1
1622105406080,1622105406120,40,1,37,1445.63153771428,-176,340
1622105406180,1622105406200,20,3,432,27418.4954874234,-1,345
1622105406260,1622105406280,20,0,41,9.22106728622438,-1,352
1622105406420,1622105406470,50,11,346,15706.3547442461,-16581,357
1622105406530,1622105406540,10,-1,31,1616.51315272447,-1,-1
1622105406570,1622105406590,20,3,306,15018.0957136052,-1,3
1622105406740,1622105406750,10,-1,561,-1.0,-1,-1
1622105406810,1622105406840,30,10,431,9867.66612356031,-1,188
1622105406850,1622105406880,30,1,143,11674.7611319858,-7184,186
1622105406950,1622105407120,170,8,342,5916.35281189379,-26942,212
1622105407230,1622105407310,80,6,457,33314.0786058801,-20615,82
1622105407330,1622105407350,20,0,40,1131.86504180508,-1,75
1622105407360,1622105407430,70,15,415,20098.3673687844,-18822,166
1622105407509,1622105407599,89,4,146,5884.73785674449,-9120,328
1622105407619,1622105407649,30,3,282,12808.0556062167,-1,137
1622105407779,1622105407869,90,2,1320,79644.6787490254,-118033,12
1622105407889,1622105408089,200,9,171,11824.0976799312,-7020,40
1622105408109,1622105408169,60,2,166,10980.9961137452,-7748,270
1622105408179,1622105408199,20,0,41,2836.67421276786,-8,235
1622105408209,1622105408219,10,-1,37,1143.59027908389,-1,-1
1622105408229,1622105408239,10,-1,32,236.631538145114,-1,-1
1622105408259,1622105408269,10,-1,66,3840.85414830961,-1,-1
1622105408459,1622105408559,100,7,795,52448.6335369664,-67035,19
1622105408769,1622105408859,90,12,308,12391.5068851106,-24367,77
1622105409049,1622105409079,30,5,249,-1.0,-313,79
1622105409089,1622105409208,119,9,452,27534.7702310149,-30568,249
1622105409228,1622105409268,40,11,453,21516.5879244062,-22124,302
1622105409298,1622105409328,30,2,97,4179.52734630656,-4957,340
1622105409368,1622105409488,120,26,1272,115913.680216375,-106951,125
1622105409508,1622105409538,30,23,1198,113334.873705669,-1,298
1622105409548,1622105409648,100,3,164,8831.1777632808,-7577,105
1622105409658,1622105409668,10,-1,40,1532.16553434457,-1,-1
1622105409678,1622105409688,10,-1,68,3964.02637576984,-1,-1
1622105409778,1622105409818,40,10,452,24083.6531336003,-14183,314
1622105409878,1622105410088,210,27,466,18864.3016324378,-17554,120
1622105410098,1622105410128,30,0,74,5005.01399464701,-3061,286
1622105410198,1622105410248,50,2,446,38201.7722908428,-26780,254
1622105410328,1622105410348,20,1,578,-1.0,-50553,272
1622105410378,1622105410398,20,0,59,3773.95121347377,-1,266
1622105410498,1622105410548,50,8,294,12090.4421639063,-17557,227
1622105410618,1622105410628,10,-1,331,-1.0,-1,-1
1622105410747,1622105410757,9,-1,34,-1.0,-1,-1
1622105410967,1622105410987,20,1,106,8362.43638873828,-3281,14
1622105411007,1622105411047,40,15,442,27223.249748395,-7171,331
1622105411057,1622105411097,40,1,74,5185.47059267221,-1991,32
1622105411177,1622105411187,10,-1,57,-1.0,-1,-1
1622105411197,1622105411247,50,33,1792,146816.032108168,-14277,135
1622105411327,1622105411337,10,-1,149,-1.0,-1,-1
1622105411387,1622105411407,20,27,1450,135356.675996163,-1,320
1622105411467,1622105411487,20,0,85,-1.0,-5515,326
1622105411497,1622105411557,60,13,1620,94982.556864466,-37245,246
1622105411717,1622105411817,100,15,1935,116852.586187408,-149575,325
1622105411877,1622105411927,50,1,46,1535.35084413423,-1063,91
1622105412097,1622105412157,60,8,622,13817.871164893,-39382,218
1622105412177,1622105412217,40,1,65,2565.44941229237,-718,24
1622105412307,1622105412327,20,0,32,2462.37979736014,-1,135
1622105412376,1622105412386,10,-1,44,2859.47826783757,-1,-1
1622105412446,1622105412456,10,-1,32,-1.0,-1,-1
1622105412546,1622105412566,20,0,31,318.438443727612,-3,192
1622105412626,1622105412636,10,-1,45,-1.0,-1,-1
1622105412656,1622105412676,20,0,46,2367.06200791377,-1,60
1622105412766,1622105412806,40,3,113,4477.96512993551,-86,219
1622105412866,1622105412946,80,3,87,3410.93108847941,-4137,101
1622105413016,1622105413046,30,0,52,-1.0,-1035,295
1622105413066,1622105413176,110,11,327,14347.3142714396,-5078,260
1622105413276,1622105413286,10,-1,214,-1.0,-1,-1
1622105413546,1622105413576,30,0,56,-1.0,-1131,57
1622105413746,1622105413786,40,4,145,8620.79072733265,-5566,84
1622105413806,1622105413836,30,2,120,7281.33674808658,-3533,75
1622105413946,1622105413985,39,2,74,-1.0,-2100,358
1622105414245,1622105414275,30,3,446,-1.0,-27388,96
1622105414565,1622105414575,10,-1,452,-1.0,-1,-1
1622105414835,1622105414855,20,9,444,43396.4425073019,-1,89
1622105414925,1622105414975,50,9,577,29183.8792184023,-44739,93
1622105415005,1622105415035,30,3,186,10301.824873457,-7234,134
1622105415095,1622105415135,40,2,336,20680.6507038288,-22692,287
1622105415155,1622105415175,20,1,158,10337.7828474017,-1,28
1622105415235,1622105415255,20,1,124,-1.0,-5020,49
1622105415315,1622105415415,100,3,396,39249.3219974584,-26524,286
1622105415495,1622105415694,199,2,484,38756.3208969623,-34768,357
1622105415704,1622105415724,20,0,78,3144.86013898058,-1,259
1622105415784,1622105415854,70,1,1240,102677.086458591,-99303,73
1622105415934,1622105416154,220,17,1923,156986.35206828,-166971,356
1622105416224,1622105416264,40,4,647,-1.0,-47380,204
1622105416284,1622105416424,140,34,1591,100858.12275156,-140445,270
1622105416534,1622105416614,80,2,149,4978.82613919861,-7517,178
1622105416624,1622105416654,30,1,53,3120.77303127038,-392,7
1622105416674,1622105416724,50,3,217,14831.1526501458,-10936,11
1622105416784,1622105416824,40,4,189,6578.83497699988,-1,225
1622105417044,1622105417134,90,2,387,32097.9928740008,-24812,276
1622105417174,1622105417214,40,4,253,10848.6378460468,-1,49
1622105417223,1622105417273,49,16,1791,134938.37171939,-115639,121
1622105417333,1622105417353,20,0,617,-1.0,-57194,36
1622105417553,1622105417573,20,2,298,19620.2963941589,-1,199
1622105417633,1622105417703,70,18,443,29641.5017172162,-19711,102
1622105417763,1622105417773,10,-1,191,-1.0,-1,-1
1622105417783,1622105417793,10,-1,52,3967.12414691574,-1,-1
1622105417823,1622105417833,10,-1,62,4531.79964308926,-1,-1
1622105417843,1622105417853,10,-1,63,5599.72045162087,-1,-1
1622105418073,1622105418103,30,2,182,7171.96342283715,-1,65
1622105418203,1622105418253,50,6,416,19396.0328206717,-30002,258
1622105418263,1622105418283,20,0,30,993.503178231387,-1,123
1622105418293,1622105418383,90,9,221,12634.1707146535,-17737,225
1622105418393,1622105418403,10,-1,36,2233.9162947882,-1,-1
1622105418593,1622105418633,40,3,282,25612.2402380776,-9341,54
1622105418643,1622105418653,10,-1,34,1493.73072462763,-1,-1
1622105418663,1622105418683,20,2,371,24429.2492090668,-1,16
1622105418753,1622105418803,50,3,148,10312.937669166,-6464,206
1622105418822,1622105418852,29,1,50,2990.89764700233,-1860,46
1622105419032,1622105419142,110,3,110,3928.69641422163,-4600,276
1622105419182,1622105419202,20,0,64,4540.55577990529,-57,83
1622105419222,1622105419342,120,4,203,14291.9872132079,-8329,187
1622105419362,1622105419382,20,0,59,3093.49347667946,-1,94
1622105419452,1622105419482,30,1,77,5417.71488552754,-3706,282
1622105419552,1622105419572,20,0,31,1063.34682041741,-3,216
1622105419782,1622105419832,50,6,185,9702.29373731783,-6957,62
1622105419932,1622105419952,20,1,80,5793.92042805908,-958,99
1622105420052,1622105420092,40,3,145,7354.23627501671,-5601,193
1622105420431,1622105420481,50,3,198,1437.2694394552,-15742,331
1622105420501,1622105420521,20,0,131,10056.283100313,-1,90
1622105420641,1622105420671,30,2,104,4303.06505952892,-422,295
1622105420731,1622105420751,20,0,42,-1.0,-1191,0
1622105420851,1622105420871,20,0,124,-1.0,-6827,93
1622105421181,1622105421251,70,2,551,45618.3316523971,-51568,218
1622105421351,1622105421371,20,1,199,13300.5648732576,-1,180
1622105421451,1622105421461,10,-1,88,-1.0,-1,-1
1622105421631,1622105421811,180,17,426,23723.0222398717,-30159,203
1622105421841,1622105421861,20,1,73,3724.45612397034,-1,49
1622105421871,1622105421901,30,1,284,19904.6916885154,-1923,246
1622105421911,1622105421941,30,2,323,31889.8137010547,-21281,74
1622105422001,1622105422041,40,1,59,1436.91878549443,-2834,43
1622105422050,1622105422060,9,-1,58,4640.39777281352,-1,-1
1622105422160,1622105422190,30,3,245,1716.73965642907,-8713,255
1622105422410,1622105422470,60,3,134,7648.67631391523,-5684,195
1622105422490,1622105422500,10,-1,451,42369.6990524175,-1,-1
1622105422620,1622105422640,20,0,137,10536.3841704868,-1,77
1622105422700,1622105422720,20,1,119,1253.03141052823,-1,120
1622105422730,1622105422740,10,-1,160,14137.2049054786,-1,-1
1622105422750,1622105422770,20,1,125,10354.4812711561,-2734,149
1622105422850,1622105422890,40,1,126,1.9291757545048,-7436,26
1622105422900,1622105422910,10,-1,35,1943.94229562142,-1,-1
1622105423070,1622105423130,60,0,200,13052.4076225161,-11738,108
1622105423150,1622105423200,50,1,101,5705.45157261481,-4775,307
1622105423280,1622105423300,20,0,39,-1.0,-705,336
1622105423320,1622105423330,10,-1,86,6371.43359880867,-1,-1
1622105423340,1622105423350,10,-1,221,20940.2650364051,-1,-1
1622105423460,1622105423620,160,9,583,40876.906974891,-21635,21
1622105423679,1622105423689,10,-1,858,-1.0,-1,-1
1622105423699,1622105423769,70,8,609,40961.1005273876,-50688,162
1622105423829,1622105423849,20,3,276,-1.0,-7116,236
1622105423859,1622105423879,20,3,388,19627.2300113655,-1,132
1622105423979,1622105423989,10,-1,178,-1.0,-1,-1
1622105423999,1622105424049,50,0,93,8147.05862584115,-5199,160
1622105424059,1622105424089,30,1,77,3085.88396947371,-1,76
1622105424099,1622105424159,60,1,82,4241.1462277002,-1975,78
1622105424249,1622105424259,10,-1,36,-1.0,-1,-1
1622105424539,1622105424599,60,1,232,15558.3733741929,-18815,348
1622105424679,1622105424889,210,23,1219,45845.9453064444,-75438,354
1622105424949,1622105424959,10,-1,50,-1.0,-1,-1
1622105424999,1622105425059,60,2,390,19468.323180766,-14656,212
1622105425199,1622105425288,89,5,606,39880.9145004473,-22264,330
1622105425538,1622105425698,160,28,1893,76502.061393769,-127191,286
1622105425758,1622105425918,160,17,858,31053.1451126669,-56915,244
1622105425938,1622105425968,30,1,86,4564.9851226966,-1054,215
1622105426058,1622105426128,70,19,2326,111211.91115565,-56083,41
1622105426198,1622105426228,30,4,1043,-1.0,-85234,203
1622105426338,1622105426388,50,1,152,17.0536032103357,-8485,102
1622105426458,1622105426508,50,1,84,-1.0,-4004,163
1622105426917,1622105426967,49,2,1676,29477.437183242,-178383,95
1622105427047,1622105427097,50,1,110,715.829557016625,-3685,160
1622105427227,1622105427257,30,28,1442,125978.663666359,-109747,60
1622105427377,1622105427487,110,4,1585,52599.7345716249,-135460,134
1622105427497,1622105427537,40,1,141,7941.89084239297,-417,199
1622105427597,1622105427677,80,13,406,20658.2606953442,-7025,41
1622105427937,1622105428287,350,13,633,37062.3507993052,-45969,242
1622105428357,1622105428407,50,1,569,12406.7450704263,-22319,34
1622105428517,1622105428556,39,3,269,10145.147824241,-1,271
1622105428616,1622105428626,10,-1,74,-1.0,-1,-1
1622105428656,1622105428736,80,6,298,22339.4855559348,-20913,114
1622105428746,1622105428776,30,5,256,23553.8236714102,-16262,288
1622105428796,1622105428806,10,-1,116,10191.9599360368,-1,-1
1622105428896,1622105428916,20,0,189,-1.0,-15465,106
1622105429036,1622105429076,40,6,237,10129.5146076715,-1722,279
1622105429086,1622105429116,30,1,310,28400.3414540524,-23403,103
1622105429176,1622105429206,30,0,40,-1.0,-873,225
1622105429226,1622105429276,50,12,482,22911.9563215866,-25200,339
1622105429346,1622105429366,20,0,39,2209.23560905203,-1,104
1622105429516,1622105429566,50,3,172,6294.64269905419,-1,56
1622105429626,1622105429636,10,-1,45,-1.0,-1,-1
1622105429646,1622105429676,30,0,41,1123.13156423083,-532,173
1622105429686,1622105429716,30,0,49,749.818690958437,-1,193
1622105429776,1622105429886,110,18,371,18305.164737528,-11810,325
1622105429896,1622105429906,10,-1,78,6673.53755066361,-1,-1
1622105429916,1622105430066,150,7,97,6334.73431623383,-5848,163
1622105430096,1622105430135,39,1,37,2425.51635829551,-496,228
1622105430165,1622105430215,50,2,53,2329.26094220057,-698,161
1622105430265,1622105430285,20,0,53,2988.10520037673,-2265,48
1622105430305,1622105430355,50,14,734,39976.1871516973,-54028,328
1622105430485,1622105430535,50,4,2674,27844.117194008,-225536,206
1622105430595,1622105430665,70,4,142,542.080594605596,-4711,348
1622105430725,1622105430775,50,6,199,10114.9649419957,-10821,203
1622105431035,1622105431065,30,2,96,4764.80134757444,-3806,274
1622105431095,1622105431195,100,3,358,22029.0618390227,-1493,112
1622105431255,1622105431365,110,6,157,5875.43124086252,-8060,252
1622105431375,1622105431385,10,-1,54,2683.18921239007,-1,-1
1622105431445,1622105431515,70,21,728,12834.9591264064,-43146,16
1622105431575,1622105431645,70,11,525,25709.6782674126,-39557,4
1622105431655,1622105431665,10,-1,69,6157.62766617927,-1,-1
1622105431724,1622105431734,10,-1,101,-1.0,-1,-1
1622105431804,1622105431854,50,2,69,1923.29368238527,-1,181
1622105431884,1622105432084,200,10,215,8979.0332587876,-12288,260
1622105432144,1622105432164,20,2,345,23384.4375889855,-1,95
1622105432294,1622105432314,20,0,140,-1.0,-10946,84
1622105432324,1622105432344,20,0,35,2359.23242604609,-152,234
1622105432364,1622105432384,20,0,105,4416.02477507054,-1,260
1622105432444,1622105432474,30,1,60,618.536786054868,-1716,70
1622105432514,1622105432524,10,-1,40,1813.85465040576,-1,-1
1622105432594,1622105432624,30,0,46,1713.1341633457,-946,93
1622105432674,1622105432744,70,6,199,8283.33014575462,-10022,189
1622105432914,1622105432934,20,2,244,12647.4479579742,-1,334
1622105433054,1622105433104,50,4,371,10776.0193757869,-32287,315
1622105433164,1622105433174,10,-1,46,-1.0,-1,-1
1622105433443,1622105433453,10,-1,850,-1.0,-1,-1
1622105433553,1622105433603,50,28,943,70249.3303601117,-18707,192
1622105433733,1622105433813,80,2,180,13873.7296321502,-11886,303
1622105433883,1622105433933,50,1,104,7064.40327753619,-6031,5
1622105433993,1622105434023,30,3,134,7600.50759414289,-75,141
1622105434033,1622105434073,40,2,101,7955.64938304277,-3654,318
1622105434133,1622105434153,20,1,164,-1.0,-8493,90
1622105434163,1622105434183,20,0,44,1505.40688402417,-759,33
1622105434283,1622105434333,50,8,240,11855.7908464616,-7090,268
1622105434413,1622105434443,30,1,162,-1.0,-9842,233
1622105434573,1622105434623,50,3,171,10307.5756136799,-9536,258
1622105434683,1622105434693,10,-1,44,-1.0,-1,-1
1622105434733,1622105434753,20,0,35,2797.76947048368,-420,239
1622105434763,1622105434773,10,-1,51,4196.14330909158,-1,-1
1622105434833,1622105434843,10,-1,526,-1.0,-1,-1
1622105434983,1622105435022,39,1,477,20878.7112109016,-16482,250
1622105435052,1622105435102,50,4,134,8635.49660014268,-4461,30
1622105435142,1622105435182,40,1,91,3810.54997945106,-483,193
1622105435242,1622105435252,10,-1,34,-1.0,-1,-1
1622105435322,1622105435382,60,5,160,8293.97561762393,-4920,278
1622105435442,1622105435452,10,-1,89,-1.0,-1,-1
1622105435462,1622105435482,20,0,38,3217.49062813811,-1,81
1622105435492,1622105435502,10,-1,40,1920.16461407699,-1,-1
1622105435562,1622105435602,40,2,109,3747.23786858135,-6988,75
1622105435712,1622105435762,50,2,145,9443.5418777637,-10069,131
1622105436012,1622105436052,40,4,151,2557.93827667795,-6585,306
1622105436192,1622105436202,10,-1,32,1433.89540797584,-1,-1
1622105436252,1622105436322,70,12,323,12448.0834092059,-15940,14
1622105436352,1622105436382,30,1,50,1530.94198895534,-1,201
1622105436392,1622105436422,30,1,50,1391.45391457564,-1,171
1622105436442,1622105436462,20,0,38,1476.48731705923,-1,171
1622105436482,1622105436512,30,1,67,2832.57252935322,-2260,167
1622105436552,1622105436601,49,6,248,19298.4371949912,-17448,343
1622105436611,1622105436631,20,0,59,2721.15909788147,-1,105
1622105436711,1622105436791,80,3,62,1869.20202221065,-2053,176
1622105436801,1622105436831,30,0,38,1076.0357237083,-756,206
1622105437061,1622105437101,40,3,128,6386.07580750793,-4222,89
1622105437231,1622105437251,20,0,46,1298.07659418232,-1,257
1622105437391,1622105437431,40,8,375,17383.4533864576,-578,80
1622105437491,1622105437501,10,-1,103,-1.0,-1,-1
1622105437511,1622105437641,130,9,481,18963.0306619157,-24421,123
1622105438021,1622105438091,70,29,1621,2958.46932039332,-81114,212
1622105438161,1622105438171,10,-1,30,890.35353488297,-1,-1
1622105438270,1622105438310,40,0,36,1758.56173799654,-297,340
1622105438470,1622105438520,50,1,128,9507.55723805281,-8990,272
1622105438630,1622105438710,80,3,111,5431.50388335525,-5617,74
1622105438720,1622105438740,20,0,63,3625.28198481607,-1,277
1622105438750,1622105438770,20,2,143,13707.3733342087,-795,90
1622105438780,1622105438830,50,4,158,7944.49007255181,-6587,263
1622105438930,1622105438950,20,0,110,6444.22812109773,-1,86
1622105439030,1622105439070,40,1,493,4229.49599226787,-17967,85
1622105439080,1622105439090,10,-1,144,12406.5836888595,-1,-1
1622105439100,1622105439220,120,7,270,16055.5853902767,-8229,253
1622105439280,1622105439350,70,2,53,1058.22390486996,-1294,251
1622105439690,1622105439770,80,4,160,9097.4686987649,-8165,12
1622105439830,1622105439849,19,0,734,-1.0,-73164,241
1622105439859,1622105439889,30,1,84,7408.81058120282,-3623,95
1622105439919,1622105440049,130,6,660,46243.3224459618,-24342,256
1622105440129,1622105440139,10,-1,164,-1.0,-1,-1
1622105440149,1622105440169,20,0,49,4000.18409577423,-1,72
1622105440179,1622105440249,70,4,196,11493.08103644,-14859,76
1622105440299,1622105440319,20,0,63,4167.96566560508,-1,268
1622105440379,1622105440439,60,2,459,4347.92642231426,-22217,78
1622105440529,1622105440549,20,0,55,1188.19981711632,-1,253
1622105440559,1622105440619,60,10,312,15519.7322781734,-11324,338
1622105440819,1622105440849,30,3,178,8211.03924376418,-10162,26
1622105440999,1622105441089,90,13,678,50351.2380638303,-33977,21
1622105441259,1622105441309,50,13,317,17853.638713653,-21762,254
1622105441319,1622105441349,30,4,186,16308.1649099634,-9647,249
1622105441369,1622105441429,60,6,148,7075.58795248208,-4922,234
1622105441508,1622105441558,50,3,134,77.5113327777746,-4274,179
1622105441648,1622105441668,20,0,53,-1.0,-2173,95
1622105441708,1622105441718,10,-1,33,1018.4521216255,-1,-1
1622105441818,1622105441848,30,7,645,33197.3560068373,-1,112
1622105441908,1622105441928,20,3,459,-1.0,-26577,254
1622105442118,1622105442138,20,0,49,3212.40527502172,-991,94
1622105442158,1622105442178,20,0,48,2373.65564368311,-1,105
1622105442248,1622105442298,50,8,276,14511.9235728515,-11951,8
1622105442348,1622105442368,20,0,33,1034.14562933301,-1,105
1622105442378,1622105442398,20,1,89,4294.49055656423,-1,145
1622105442458,1622105442468,10,-1,82,-1.0,-1,-1
1622105442538,1622105442548,10,-1,57,3578.87033497071,-1,-1
1622105442678,1622105442808,130,11,392,16907.7714580613,-14460,325
1622105442908,1622105442968,60,3,156,8631.83063622645,-11622,146
1622105442978,1622105442988,10,-1,142,11332.6456078482,-1,-1
1622105443048,1622105443137,89,4,611,3638.19923906683,-52486,132
1622105443147,1622105443257,110,5,118,4010.53926744248,-1425,172
1622105443507,1622105443537,30,5,333,5370.71505986399,-5906,225
1622105443597,1622105443627,30,0,42,-1.0,-706,270
1622105443737,1622105443777,40,1,53,2438.38256703294,-2096,30
1622105443787,1622105443797,10,-1,32,597.758582776409,-1,-1
1622105443807,1622105443817,10,-1,51,2477.21319266403,-1,-1
1622105443877,1622105443887,10,-1,30,-1.0,-1,-1
1622105443917,1622105443937,20,3,823,65800.6840293261,-1,100
1622105443997,1622105444197,200,11,131,3684.99700997086,-8256,358
1622105444277,1622105444287,10,-1,48,-1.0,-1,-1
1622105444567,1622105444607,40,1,129,636.514848217555,-9261,309
1622105444647,1622105444657,10,-1,41,2189.56881768825,-1,-1
1622105444826,1622105444876,50,15,664,42775.3587098757,-1,185
1622105444976,1622105445046,70,8,314,17699.4069765002,-21659,63
1622105445126,1622105445236,110,16,636,3504.91808744922,-30013,273
1622105445296,1622105445336,40,1,107,2766.56180426119,-7630,203
1622105445396,1622105445416,20,0,56,29.2124179012056,-1,152
1622105445866,1622105445906,40,0,73,3164.32859636108,-8,118
1622105445946,1622105445986,40,0,105,7663.41261234351,-4337,129
1622105445996,1622105446006,10,-1,45,2508.88833699872,-1,-1
1622105446116,1622105446126,10,-1,98,7494.70680371462,-1,-1
1622105446296,1622105446345,49,3,741,5530.98510830619,-76064,162
1622105446365,1622105446385,20,0,66,2462.12867416136,-1,164
1622105446515,1622105446555,40,1,132,9.75165667377667,-8341,183
1622105446615,1622105446665,50,2,74,4818.40912286033,-3481,146
1622105446715,1622105446745,30,1,50,1753.2108550127,-1720,135
1622105446755,1622105446765,10,-1,39,1323.8260958513,-1,-1
1622105446945,1622105446965,20,0,35,1918.61392266872,-298,341
1622105447135,1622105447185,50,24,802,31175.9986841827,-3072,106
1622105447265,1622105447385,120,19,521,22414.7321082803,-23840,271
1622105447425,1622105447455,30,1,57,2348.10276594405,-409,311
1622105447465,1622105447475,10,-1,32,770.412990973464,-1,-1
1622105447675,1622105447735,60,1,548,47344.6006717787,-42029,321
1622105447845,1622105447855,10,-1,39,1108.55185366052,-1,-1
1622105447865,1622105447885,20,0,85,3339.67585111965,-1,79
1622105447954,1622105447964,10,-1,57,3205.74253388004,-1,-1
1622105448124,1622105448144,20,0,36,-1.0,-2,284
1622105448214,1622105448234,20,0,33,1353.82876052491,0,321
1622105448744,1622105448754,10,-1,65,4811.34019429482,-1,-1
1622105448824,1622105448834,10,-1,92,-1.0,-1,-1
1622105449004,1622105449024,20,0,100,4917.5017945786,-1,40
1622105449164,1622105449324,160,15,468,34584.1562902902,-23552,266
1622105449384,1622105449404,20,0,49,696.742522838994,-1,191
1622105449424,1622105449474,50,3,96,4280.15643814755,-2026,169
1622105449683,1622105449703,20,1,66,-1.0,-347,308
1622105449873,1622105449883,10,-1,40,1851.05998074694,-1,-1
1622105450003,1622105450023,20,0,82,3669.56808375302,-1,262
1622105450233,1622105450283,50,3,278,6502.20477061234,-12219,275
1622105450433,1622105450443,10,-1,79,-1.0,-1,-1
1622105450703,1622105450723,20,0,95,6081.7049511354,-1,77
1622105450783,1622105450863,80,4,88,3026.55183071076,-5206,90
1622105450943,1622105450953,10,-1,113,-1.0,-1,-1
1622105451162,1622105451282,120,3,518,22548.4832841903,-45748,14
1622105451432,1622105451442,10,-1,35,1303.44119042551,-1,-1
1622105451542,1622105451552,10,-1,35,2089.7298805825,-1,-1
1622105451662,1622105451702,40,3,169,10693.9429671684,-1,120
1622105451812,1622105451832,20,2,337,-1.0,-23316,149
1622105451892,1622105451902,10,-1,97,-1.0,-1,-1
1622105451922,1622105451942,20,1,68,6120.83537542311,-1235,343
1622105451962,1622105451972,10,-1,139,12640.2081004098,-1,-1
1622105452032,1622105452042,10,-1,35,-1.0,-1,-1
1622105452082,1622105452182,100,22,719,36001.7467978055,-28753,325
1622105452292,1622105452302,10,-1,59,-1.0,-1,-1
1622105452372,1622105452392,20,1,192,12280.2922688154,-1,111
1622105452452,1622105452572,120,23,536,20042.0085197119,-25286,243
1622105452582,1622105452632,50,11,383,26471.6363736573,-17913,56
1622105452642,1622105452652,10,-1,67,5243.69904719404,-1,-1
1622105452732,1622105452752,20,0,59,-1.0,-321,284
1622105452762,1622105452772,10,-1,116,11055.1948819872,-1,-1
1622105452781,1622105452851,69,3,168,17243.1591821435,-7760,278
1622105452881,1622105452901,20,1,62,2170.67419710707,-1,267
1622105453011,1622105453031,20,3,358,-1.0,-17334,84
1622105453071,1622105453081,10,-1,33,774.440892981093,-1,-1
1622105453451,1622105453491,40,5,224,11669.4390000594,-12633,316
1622105453641,1622105453661,20,2,343,20001.8246968207,-1,327
1622105453751,1622105453801,50,10,593,7527.21764100807,-49222,290
1622105453821,1622105453921,100,8,121,6520.49784473336,-3930,135
1622105454011,1622105454031,20,0,51,3449.93880116998,-1,167
1622105454141,1622105454151,10,-1,30,1791.84044039431,-1,-1
1622105454560,1622105454570,10,-1,34,1041.29379312724,-1,-1
1622105454820,1622105454900,80,7,269,14752.5918240575,-7661,229
1622105454960,1622105454980,20,0,46,-1.0,-1201,336
1622105455430,1622105455450,20,1,130,-1.0,-49,21
1622105455540,1622105455550,10,-1,32,795.875519553404,-1,-1
1622105455560,1622105455580,20,1,139,8750.42826539115,-1,90
1622105455650,1622105455720,70,10,525,32975.2018364677,-20893,286
1622105455830,1622105455850,20,0,51,1773.77502671696,-1,158
1622105456199,1622105456209,10,-1,42,-1.0,-1,-1
1622105456509,1622105456519,10,-1,31,1702.61925449498,-1,-1
1622105456959,1622105456969,10,-1,82,6423.4865922608,-1,-1
1622105457049,1622105457059,10,-1,48,-1.0,-1,-1
1622105457199,1622105457249,50,10,318,17524.8101553188,-20444,270
1622105457359,1622105457369,10,-1,56,3470.89791276827,-1,-1
1622105457758,1622105457768,10,-1,36,2041.75498426246,-1,-1
1622105457828,1622105457838,10,-1,591,-1.0,-1,-1
1622105457928,1622105458008,80,5,325,14390.1270297288,-22365,208
1622105458018,1622105458038,20,0,58,3584.57133102438,-1030,355
1622105458048,1622105458068,20,1,116,5397.26991291268,-1,0
1622105458128,1622105458138,10,-1,35,-1.0,-1,-1
1622105458158,1622105458188,30,0,36,677.636047055126,-528,347
1622105458208,1622105458218,10,-1,30,673.742507185244,-1,-1
1622105458278,1622105458288,10,-1,35,-1.0,-1,-1
1622105458388,1622105458408,20,0,46,1501.72868286237,-1,281
1622105458638,1622105458648,10,-1,33,2261.28904567961,-1,-1
1622105458658,1622105458688,30,3,191,9137.22739982723,-7207,110
1622105458898,1622105458958,60,13,355,19381.35559263,-19081,359
1622105459287,1622105459307,20,0,41,3374.80722297518,-1,36
1622105459537,1622105459617,80,20,475,17267.6647510805,-12899,122
1622105459737,1622105459747,10,-1,73,4373.31674456951,-1,-1
1622105459807,1622105459817,10,-1,58,-1.0,-1,-1
1622105459847,1622105459877,30,0,35,1014.35975460675,-1,274
1622105460327,1622105460377,50,6,182,6817.92218002362,-1900,330
1622105460527,1622105460607,80,3,388,29976.6216027647,-29380,274
1622105460667,1622105460757,90,4,119,3443.4762407699,-8319,145
1622105460827,1622105460837,10,-1,36,3334.53474362735,-1,-1
1622105461036,1622105461046,10,-1,31,1917.88591053661,-1,-1
1622105461056,1622105461076,20,1,135,6448.5505069441,-1,67
1622105461216,1622105461366,150,5,258,3568.48731539342,-17937,304
1622105461436,1622105461456,20,0,63,2839.40416391691,-1,0
1622105461556,1622105461576,20,1,81,5752.14769744794,-4778,27
1622105461626,1622105461636,10,-1,41,1831.18197901724,-1,-1
1622105461676,1622105461696,20,0,35,958.474473569521,-573,327
1622105461876,1622105461896,20,0,53,2986.19874980603,-1886,12
1622105461946,1622105462016,70,12,397,18023.0965308492,-20743,31
1622105462156,1622105462166,10,-1,38,1450.72884103513,-1,-1
1622105462276,1622105462346,70,17,420,18693.6051752717,-12560,132
1622105462366,1622105462406,40,0,62,4325.44935911088,-1224,162
1622105462535,1622105462655,120,22,1545,8831.09128742417,-74758,246
1622105462665,1622105462685,20,0,38,1158.17895657624,-7,247
1622105462795,1622105462805,10,-1,30,457.563340839451,-1,-1
1622105462955,1622105462985,30,1,77,3340.81452921486,-3,41
1622105463065,1622105463075,10,-1,33,-1.0,-1,-1
1622105463095,1622105463105,10,-1,37,2235.33055373698,-1,-1
1622105463235,1622105463245,10,-1,32,2966.27915951927,-1,-1
1622105463825,1622105463885,60,15,1142,5593.60300331352,-83327,233
1622105463985,1622105464005,20,0,88,5087.47628665769,-1,241
1622105464065,1622105464085,20,0,50,-1.0,-1548,259
1622105464124,1622105464144,20,0,32,1110.15168308714,-16,240
1622105464474,1622105464534,60,6,556,514.100811696662,-17407,180
1622105464544,1622105464674,130,4,254,17651.4013766454,-10235,319
1622105464684,1622105464704,20,0,58,2833.72839272957,-1,336
1622105464804,1622105464834,30,0,277,22802.0661632247,-1,152
1622105464894,1622105464964,70,13,264,8842.1938204759,-11076,150
1622105465044,1622105465214,170,35,456,22532.7371024482,-33840,9
1622105465244,1622105465304,60,2,47,2137.53479084275,-633,222
1622105465354,1622105465414,60,2,60,3007.22760321417,-1824,257
1622105465474,1622105465544,70,20,507,19970.5707797147,-4799,310
1622105465634,1622105465683,49,11,631,2650.9654461743,-38790,337
1622105465743,1622105465823,80,3,144,2941.29080038139,-8673,165
1622105465923,1622105465933,10,-1,32,742.168568967398,-1,-1
1622105465943,1622105465963,20,1,113,5317.4506744936,-1,204
1622105466043,1622105466053,10,-1,50,-1.0,-1,-1
1622105466083,1622105466093,10,-1,32,1390.94406527312,-1,-1
1622105466143,1622105466183,40,1,53,2036.58402454585,-1,197
1622105466363,1622105466373,10,-1,143,-1.0,-1,-1
1622105466543,1622105466573,30,1,74,3374.29928031382,-2067,180
1622105466733,1622105466763,30,1,222,15535.7372365605,-3531,0
1622105466773,1622105466783,10,-1,184,15897.479835884,-1,-1
1622105466793,1622105466873,80,6,123,5701.18894949675,-2209,91
1622105467013,1622105467023,10,-1,70,-1.0,-1,-1
1622105467033,1622105467063,30,1,73,3568.7985535787,-3042,287
1622105467073,1622105467113,40,1,65,1771.98232484876,-2527,286
1622105467133,1622105467153,20,0,44,2081.16191470671,-1,257
1622105467163,1622105467193,30,1,61,2032.78879038014,-1,262
1622105467293,1622105467332,39,0,83,3822.43577897416,-3018,262
1622105467442,1622105467472,30,2,305,-1.0,-20604,249
1622105467562,1622105467582,20,0,31,9.64758250629245,-1,130
1622105467842,1622105467852,10,-1,134,-1.0,-1,-1
1622105467872,1622105467892,20,0,37,1271.75233368933,-1,167
1622105468082,1622105468102,20,4,509,28198.2784246635,-1,171
1622105468162,1622105468242,80,2,173,7735.20477835399,-11379,242
1622105468292,1622105468302,10,-1,30,500.910498832827,-1,-1
1622105468322,1622105468342,20,2,386,26122.1434187123,-1,86
1622105468472,1622105468502,30,6,439,20641.5816240549,-1,271
1622105468582,1622105468702,120,11,336,9773.52258600799,-16237,14
1622105468712,1622105468732,20,0,82,6279.3036125917,0,23
1622105468742,1622105468762,20,0,38,2355.76621747011,-389,38
1622105469031,1622105469051,20,0,44,4169.5721469155,-408,214
1622105469171,1622105469181,10,-1,30,905.683866312149,-1,-1
1622105469191,1622105469201,10,-1,71,6639.69112230568,-1,-1
1622105469281,1622105469331,50,11,390,-1.0,-15313,119
1622105469541,1622105469601,60,20,659,5950.3998988656,-30055,340
1622105469651,1622105469671,20,0,47,1809.69234409189,-813,150
1622105469761,1622105469771,10,-1,35,1743.27315543523,-1,-1
1622105469951,1622105470171,220,31,598,26894.3385579542,-22126,157
1622105470231,1622105470291,60,4,199,1058.22436951171,-9360,314
1622105470301,1622105470431,130,16,695,41515.2516545061,-27001,0
1622105470511,1622105470551,40,1,740,30001.1859618757,-25031,192
1622105470610,1622105470730,120,9,216,9769.55590242247,-9280,145
1622105470810,1622105471000,190,5,281,11472.9482247684,-2869,230
1622105471100,1622105471280,180,14,862,31085.3922002564,-43252,188
1622105471310,1622105471320,10,-1,34,2487.6872618896,-1,-1
1622105471380,1622105471390,10,-1,199,-1.0,-1,-1
1622105471400,1622105471440,40,4,223,11798.2836184231,-17289,26
1622105471610,1622105471620,10,-1,41,1591.63315630904,-1,-1
1622105471640,1622105471670,30,1,65,3309.13489269875,-1,117
1622105471680,1622105471700,20,0,60,5739.51703883401,-47,293
1622105471790,1622105471980,190,1,1667,140344.275219783,-131124,190
1622105472110,1622105472120,10,-1,129,10637.0032045084,-1,-1
1622105472130,1622105472339,209,26,1467,66227.5654130283,-98754,149
1622105472399,1622105472419,20,0,52,11.4716974649859,-1,1
1622105472429,1622105472439,10,-1,50,2642.32102497777,-1,-1
1622105472559,1622105472569,10,-1,56,3321.08097644943,-1,-1
1622105472579,1622105472599,20,0,51,2203.57327179784,-1,285
1622105472759,1622105472839,80,12,283,17198.3811119938,-9135,12
1622105472969,1622105472999,30,10,1649,111458.900926125,-1,146
1622105473059,1622105473069,10,-1,459,-1.0,-1,-1
1622105473129,1622105473219,90,5,205,3816.31553528831,-8388,314
1622105473229,1622105473269,40,2,278,15966.0263094562,-1,5
1622105473329,1622105473349,20,0,331,-1.0,-25999,60
1622105473439,1622105473489,50,11,377,18971.6660613342,-11799,36
1622105473549,1622105473569,20,0,37,-1.0,-12,55
1622105473579,1622105473589,10,-1,36,2015.93323104259,-1,-1
1622105473599,1622105473619,20,2,375,26116.4377270167,-1,173
1622105473679,1622105473918,239,23,636,36652.4097923095,-30932,249
1622105474028,1622105474068,40,6,248,10575.9617387832,-10254,241
1622105474088,1622105474108,20,0,55,2684.55280004069,-726,256
1622105474158,1622105474188,30,4,225,11194.0617395603,-10173,114
1622105474288,1622105474338,50,3,523,43218.2736295775,-31242,332
1622105474348,1622105474448,100,29,583,18432.920735376,-20722,12
1622105474458,1622105474518,60,3,68,1539.8398733171,-2500,144
1622105474538,1622105474588,50,0,262,21932.653994816,-1,11
1622105474648,1622105474868,220,12,359,16992.4413171028,-19578,217
1622105474928,1622105474998,70,2,76,344.911343160817,-2029,177
1622105475288,1622105475298,10,-1,95,8262.61874279964,-1,-1
1622105475567,1622105475617,50,4,174,10721.3850682105,-7084,356
1622105475847,1622105475867,20,0,64,3636.65426157018,-2990,63
1622105475887,1622105475917,30,1,54,2305.24984017494,-1606,79
1622105475927,1622105476057,130,5,384,27740.6709410274,-23408,115
1622105476087,1622105476097,10,-1,52,3231.83404796862,-1,-1
1622105476237,1622105476247,10,-1,59,3738.96078374314,-1,-1
1622105476327,1622105476347,20,0,63,-1.0,-2617,251
1622105476657,1622105476687,30,0,34,1070.08580342058,-384,143
1622105476797,1622105476837,40,2,102,3611.74577101306,-3231,245
1622105476907,1622105476957,50,0,236,9115.93098499148,-1001,104
1622105476967,1622105476987,20,1,302,21333.7185440957,-1,154
1622105477046,1622105477116,70,5,380,21556.8818842677,-19695,131
1622105477176,1622105477256,80,5,347,13923.6083186895,-19680,55
1622105477316,1622105477406,90,3,120,4046.35491111623,-6232,10
1622105477636,1622105477776,140,42,2362,168571.559985369,-168850,301
1622105477786,1622105477886,100,7,142,8617.85864207435,-4891,133
1622105477906,1622105477936,30,1,61,2296.8301698386,-1,143
1622105478096,1622105478106,10,-1,639,-1.0,-1,-1
1622105478166,1622105478216,50,2,84,503.5130375233,-2038,32
1622105478246,1622105478256,10,-1,49,3937.36595949588,-1,-1
1622105478316,1622105478326,10,-1,31,-1.0,-1,-1
1622105478366,1622105478386,20,0,46,3599.1280146854,-527,8
1622105478496,1622105478516,20,0,47,2442.44040358834,-1661,95
1622105478526,1622105478536,10,-1,39,1568.02396607096,-1,-1
1622105478566,1622105478586,20,0,62,3646.94196526178,-1,277
1622105478596,1622105478665,69,4,109,7130.30787027247,-3046,358
1622105478725,1622105478735,10,-1,139,-1.0,-1,-1
1622105479265,1622105479275,10,-1,30,1832.18185782639,-1,-1
1622105479325,1622105479335,10,-1,60,3398.81399509048,-1,-1
1622105479395,1622105479485,90,7,133,5494.79839914002,-4291,50
1622105479545,1622105479595,50,6,615,36825.5979580988,-20483,304
1622105479685,1622105479725,40,2,74,374.091338763169,-2405,252
1622105479825,1622105479835,10,-1,61,-1.0,-1,-1
1622105479975,1622105480055,80,3,746,12315.928657081,-55539,178
1622105480255,1622105480354,99,8,355,8499.46550378441,-20386,236
1622105480414,1622105480434,20,0,54,2.89083490518465,-1,102
1622105480444,1622105480454,10,-1,61,3314.74474104253,-1,-1
1622105480464,1622105480484,20,2,225,11409.625197656,-1,242
1622105480544,1622105480574,30,1,76,-1.0,-1901,257
1622105480584,1622105480644,60,2,126,4643.13547397405,-8316,228
1622105480674,1622105480734,60,1,270,24348.3943153461,-12369,9
1622105480944,1622105481014,70,2,195,15472.7212706112,-8218,75
1622105481094,1622105481114,20,1,75,-1.0,-1651,191
1622105481144,1622105481154,10,-1,30,248.480188304729,-1,-1
1622105481174,1622105481184,10,-1,41,1800.35621284202,-1,-1
1622105481234,1622105481244,10,-1,383,36833.8171250682,-1,-1
1622105481384,1622105481464,80,19,640,28488.6782655672,-30924,245
1622105481524,1622105481594,70,3,587,2255.59973353907,-53477,1
1622105481674,1622105481734,60,2,246,12975.5576296083,-1207,32
1622105481744,1622105481764,20,0,75,2805.6873851402,-1,353
1622105481824,1622105481844,20,0,72,-1.0,-2887,30
1622105481893,1622105481903,10,-1,33,1273.17179664613,-1,-1
1622105481973,1622105482013,40,4,150,10692.338640758,-6425,176
1622105482193,1622105482243,50,4,135,5442.71181052675,-6877,16
1622105482263,1622105482283,20,1,80,5378.39763881595,-1,21
1622105482403,1622105482423,20,0,39,2387.82337529068,-1,280
1622105482593,1622105482613,20,0,42,3242.80585034566,-1267,285
1622105482623,1622105482663,40,4,193,9562.56884980017,-10216,163
1622105482763,1622105482803,40,2,315,18380.6189699956,-1030,68
1622105482933,1622105482953,20,2,510,-1.0,-23375,7
1622105483013,1622105483063,50,0,49,864.580003694841,-1107,206
1622105483073,1622105483083,10,-1,31,705.358223227231,-1,-1
1622105483143,1622105483163,20,0,85,-1.0,-4571,320
1622105483203,1622105483223,20,1,85,5941.79515562162,-797,306
1622105483233,1622105483253,20,0,65,4071.44736182723,-3,172
1622105483313,1622105483343,30,0,49,-1.0,-1715,143
1622105483363,1622105483453,90,5,222,13304.1298557495,-17538,17
1622105483463,1622105483483,20,4,197,16843.970541074,-1076,120
1622105483732,1622105483742,10,-1,1457,-1.0,-1,-1
1622105483842,1622105483902,60,2,328,8163.62838519406,-22781,69
1622105483912,1622105483932,20,4,175,14405.4312137757,-1,241
1622105483942,1622105483982,40,4,206,8626.73352188051,-1,59
1622105484042,1622105484052,10,-1,97,-1.0,-1,-1
1622105484082,1622105484092,10,-1,39,1613.81387699861,-1,-1
1622105484412,1622105484422,10,-1,749,-1.0,-1,-1
1622105484532,1622105484782,250,20,237,10945.3666258945,-14546,225
1622105484982,1622105485082,100,5,131,7153.83120189323,-4183,246
1622105485261,1622105485391,130,27,886,53711.5641511372,-42521,271
1622105485401,1622105485421,20,0,34,1941.53205450144,-1,81
1622105485431,1622105485451,20,3,1790,163404.014520805,-1,78
1622105485531,1622105485561,30,4,792,-1.0,-57524,253
1622105485571,1622105485651,80,11,290,15340.3226698836,-23055,332
1622105485681,1622105485701,20,0,32,965.531035434295,-48,57
1622105485811,1622105485821,10,-1,69,-1.0,-1,-1
1622105485841,1622105485881,40,0,45,2591.76862036424,-1046,139
1622105485941,1622105485961,20,0,38,-1.0,-834,78
1622105485981,1622105486071,90,23,445,15104.0379023157,-19978,182
1622105486081,1622105486101,20,0,43,4157.30485903027,-5,285
1622105486131,1622105486151,20,1,97,5389.76267527854,-1,356
1622105486211,1622105486231,20,0,103,-1.0,-4739,255
1622105486241,1622105486351,110,12,268,13839.0640379763,-7412,3
1622105486361,1622105486381,20,0,59,3950.02970943519,-1790,15
1622105486451,1622105486471,20,0,30,967.071412405325,-1,128
1622105486551,1622105486611,60,16,379,17194.7849452431,-15085,175
1622105486641,1622105486681,40,1,85,5073.60179810423,-5424,22
1622105486780,1622105486840,60,2,677,45848.2740659068,-2269,70
1622105486910,1622105486990,80,6,275,20086.4113001629,-13140,30
1622105487100,1622105487130,30,1,80,3277.51765098746,-1,303
1622105487140,1622105487200,60,0,139,11379.3799849346,-5841,227
1622105487220,1622105487300,80,2,578,50940.317348717,-29451,314
1622105487360,1622105487440,80,2,141,1088.10582208424,-6612,270
1622105487480,1622105487600,120,2,212,15464.8866958975,-13822,152
1622105487620,1622105487630,10,-1,91,7467.80303939799,-1,-1
1622105487690,1622105487730,40,1,69,2083.52415343409,-2753,139
1622105487770,1622105487790,20,0,43,3321.39130233002,-1,208
1622105487800,1622105487850,50,11,910,46593.0560894069,-3357,257
1622105487910,1622105487920,10,-1,102,-1.0,-1,-1
1622105487940,1622105487980,40,1,65,1793.77418263739,-1,81
1622105488070,1622105488080,10,-1,45,2078.08500464145,-1,-1
1622105488110,1622105488210,100,35,864,54402.3825966611,-47181,315
1622105488240,1622105488270,30,2,313,21533.8924594203,-1,141
1622105488330,1622105488419,89,4,166,1958.5117150842,-10322,132
1622105488479,1622105488549,70,2,150,6486.28283261942,-5941,55
1622105488629,1622105488699,70,3,95,541.234991992056,-2041,331
1622105488939,1622105488949,10,-1,30,442.957958569627,-1,-1
1622105488959,1622105488979,20,0,58,2279.67370828784,-1,274
1622105489059,1622105489149,90,27,743,28627.3960373173,-49084,160
1622105489369,1622105489389,20,0,41,2530.80076608531,-1,85
1622105489399,1622105489469,70,5,115,4474.79420443541,-4956,58
1622105489489,1622105489569,80,4,145,7564.97475802032,-3074,25
1622105489629,1622105489689,60,8,261,3578.83024435668,-13253,256
1622105489709,1622105489719,10,-1,41,1770.31597889785,-1,-1
1622105489779,1622105489799,20,0,38,-1.0,-644,275
1622105489829,1622105489859,30,1,56,1839.97885189448,-1843,262
1622105489869,1622105489889,20,0,57,2631.40192874544,-1,281
1622105489948,1622105489958,9,-1,296,-1.0,-1,-1
1622105490078,1622105490178,100,3,236,9497.93317130513,-15261,6
1622105490198,1622105490258,60,3,333,20948.3648458783,-22755,329
1622105490358,1622105490368,10,-1,102,-1.0,-1,-1
1622105490388,1622105490438,50,3,465,32236.3971733082,-211,330
1622105490498,1622105490518,20,1,242,-1.0,-19187,106
1622105490588,1622105490598,10,-1,36,2151.9599532433,-1,-1
1622105491418,1622105491438,20,0,63,2458.83559348647,-1,107
1622105491518,1622105491587,69,6,467,21524.5325235471,-14714,301
1622105491647,1622105491687,40,1,538,33.7307755426927,-44587,102
1622105491697,1622105491707,10,-1,41,1689.25322134092,-1,-1
1622105491787,1622105491817,30,1,77,3492.30089160915,-17,109
1622105491927,1622105491957,30,2,129,87.6498149341131,-7593,315
1622105491987,1622105491997,10,-1,37,1005.52498638215,-1,-1
1622105492077,1622105492087,10,-1,73,-1.0,-1,-1
1622105492097,1622105492107,10,-1,181,15499.2209955831,-1,-1
1622105492197,1622105492297,100,9,410,11073.9417717329,-26495,249
1622105492357,1622105492417,60,5,171,4271.87229382864,-7702,30
1622105492437,1622105492467,30,1,63,2993.26329597638,-2387,311
1622105492487,1622105492497,10,-1,34,2272.50937060251,-1,-1
1622105492557,1622105492567,10,-1,43,-1.0,-1,-1
1622105492627,1622105492667,40,1,62,3548.83452379077,-1438,345
1622105492687,1622105492797,110,9,136,3319.27323890082,-5381,356
1622105492927,1622105492937,10,-1,37,1032.34059642614,-1,-1
1622105492947,1622105492977,30,0,43,1046.87064069635,-1034,234
1622105493077,1622105493087,10,-1,38,-1.0,-1,-1
1622105493216,1622105493236,19,0,32,832.214484352211,-1,90
1622105493306,1622105493396,90,11,332,11399.5605792906,-84,165
1622105493456,1622105493516,60,2,264,231.140954125237,-11005,262
1622105493526,1622105493546,20,0,58,2415.04782713807,-1,5
1622105493606,1622105493616,10,-1,50,-1.0,-1,-1
1622105493636,1622105493696,60,7,170,8783.6952270403,-12013,7
1622105493706,1622105493716,10,-1,32,804.163817750653,-1,-1
1622105493726,1622105493816,90,9,192,5269.56258255378,-60,72
1622105494606,1622105494676,70,19,417,18124.7180496236,-14642,4
1622105494686,1622105494716,30,1,52,1952.09741417667,-922,218
1622105494736,1622105494796,60,2,44,619.940136482374,-1456,198
1622105494806,1622105494835,29,1,62,2134.89920942471,-2998,165
1622105494885,1622105494935,50,4,151,4851.62823984149,-655,107
1622105494995,1622105495015,20,0,75,-1.0,-3388,125
1622105495045,1622105495205,160,10,93,3573.63888575345,-3306,240
1622105495325,1622105495355,30,17,1171,9692.59954731141,-35121,275
1622105495585,1622105495685,100,7,521,40893.5067063316,-31835,22
1622105495695,1622105495735,40,1,79,5281.73532019797,-3562,240
1622105495745,1622105495755,10,-1,33,2023.23434297137,-1,-1
1622105495815,1622105495965,150,30,592,36503.805358812,-16990,248
1622105496175,1622105496295,120,15,617,30106.1326194674,-39738,80
1622105496375,1622105496494,119,19,587,20405.4326676837,-33571,253
1622105496514,1622105496534,20,0,57,3304.53707137668,-865,250
1622105496544,1622105496624,80,2,58,1973.8022399105,-1463,94
1622105496634,1622105496654,20,0,33,1437.94902794125,-4,246
1622105496724,1622105496734,10,-1,31,2114.63375211812,-1,-1
1622105496834,1622105496854,20,0,33,2613.27853554227,-60,32
1622105496884,1622105496904,20,0,50,1558.42706891515,-1,347
1622105496964,1622105497184,220,34,499,43035.3899860079,-18293,105
1622105497204,1622105497334,130,19,471,30827.4350975492,-22096,285
1622105497394,1622105497404,10,-1,42,-1.0,-1,-1
1622105497594,1622105497614,20,1,216,13116.1565702873,-1,84
1622105497674,1622105497684,10,-1,116,-1.0,-1,-1
1622105497884,1622105497904,20,0,75,4009.62066056077,-1,71
1622105497974,1622105497994,20,1,96,9191.09684233231,-4283,70
1622105498004,1622105498034,30,1,48,2505.39746293025,-674,69
1622105498313,1622105498483,170,23,1342,106495.143719565,-126884,304
1622105498513,1622105498523,10,-1,30,1034.36601313598,-1,-1
1622105498533,1622105498563,30,0,40,2280.87420189253,-708,171
1622105498643,1622105498663,20,1,92,-1.0,-3821,125
1622105498773,1622105498793,20,6,650,8196.39140879365,-1,91
1622105498923,1622105498993,70,1,240,4001.04157969258,-16192,237
1622105499073,1622105499103,30,1,103,-1.0,-3490,292
1622105499133,1622105499153,20,0,37,1755.63794329513,-1,225
1622105499273,1622105499313,40,1,34,2687.3659811107,-392,296
1622105499383,1622105499413,30,1,67,3552.37826032838,-1782,274
1622105499573,1622105499623,50,2,106,6086.35487161613,-4467,262
1622105499812,1622105499842,30,1,86,4104.81135519291,-2799,65
1622105500062,1622105500092,30,1,52,1701.05678008982,-1667,106
1622105500402,1622105500422,20,0,40,2014.30369596187,-8,128
1622105501182,1622105501212,30,1,63,3404.31396386955,-2553,154
1622105501391,1622105501401,10,-1,55,3859.37297293373,-1,-1
1622105501481,1622105501501,20,0,41,-1.0,-7,21
1622105501611,1622105501641,30,0,47,2521.96377610519,-1761,341
1622105501981,1622105502001,20,1,142,8611.20236478563,-1,270
1622105502081,1622105502091,10,-1,97,-1.0,-1,-1
1622105502621,1622105502641,20,1,378,27793.7189601966,-1,148
1622105502731,1622105502831,100,11,434,1400.63477981422,-9783,272
1622105502871,1622105502900,29,0,38,895.721084000025,-158,33
1622105503370,1622105503440,70,12,586,29705.4612508507,-31928,20
1622105503450,1622105503460,10,-1,32,402.868289768617,-1,-1
1622105503660,1622105503670,10,-1,53,2532.87826842571,-1,-1
1622105503780,1622105503830,50,6,188,11274.031703725,-3111,273
1622105503840,1622105503850,10,-1,38,1257.91156715176,-1,-1
1622105504320,1622105504330,10,-1,165,-1.0,-1,-1
1622105504410,1622105504430,20,0,40,-1.0,-934,221
1622105504470,1622105504559,89,1,125,7402.09614179125,-7972,195
1622105504689,1622105504699,10,-1,51,-1.0,-1,-1
1622105505109,1622105505159,50,1,60,3246.79094734027,-1969,268
1622105505189,1622105505199,10,-1,32,956.442526142468,-1,-1
1622105505229,1622105505249,20,0,40,3250.12457399266,-449,254
1622105505299,1622105505319,20,0,87,3817.22782680529,-1,82
1622105505559,1622105505589,30,1,68,2788.08089921141,-1,344
1622105505849,1622105505859,10,-1,39,1990.63282876003,-1,-1
1622105505869,1622105505899,30,2,143,5765.06915018794,-2420,299
1622105506009,1622105506039,30,1,84,3961.35080310318,-26,64
1622105506099,1622105506109,10,-1,31,-1.0,-1,-1
1622105506128,1622105506158,29,0,35,908.040863047831,-508,90
1622105506178,1622105506248,70,4,192,12564.2165595878,-7187,330
1622105506318,1622105506338,20,6,617,962.730044948069,-1,261
1622105506428,1622105506498,70,3,136,7261.61545675118,-350,80
1622105506608,1622105506648,40,1,70,2419.69317642524,-1,82
1622105506788,1622105506798,10,-1,31,361.527224683901,-1,-1
1622105506858,1622105506998,140,18,329,9750.85880328634,-13448,282
1622105507008,1622105507058,50,2,214,18603.6286933159,-15803,106
1622105507128,1622105507218,90,6,1466,109347.117313706,-5343,16
1622105507318,1622105507398,80,16,824,6923.57002048813,-33377,239
1622105507458,1622105507478,20,1,265,20825.6140552396,-1,84
1622105507598,1622105507638,40,1,254,22152.1797500354,-16795,243
1622105507698,1622105507817,119,6,434,33402.4272459047,-29822,286
1622105507827,1622105507847,20,0,51,2331.78143941892,-1,241
1622105507867,1622105507937,70,5,457,28321.7023409799,-23830,256
1622105507967,1622105507987,20,0,72,3915.75560083853,-1,277
1622105508047,1622105508067,20,0,36,-1.0,-213,270
1622105508177,1622105508197,20,1,120,6810.47409579331,-1,261
1622105508277,1622105508297,20,3,390,-1.0,-21602,273
1622105508307,1622105508447,140,12,240,16667.8377146209,-6301,324
1622105508527,1622105508617,90,5,338,28979.865756694,-14123,79
1622105508677,1622105508687,10,-1,87,-1.0,-1,-1
1622105508737,1622105508757,20,0,43,1363.61641011003,-1,98
1622105508797,1622105508807,10,-1,41,1295.94572500714,-1,-1
1622105508847,1622105508867,20,0,49,1769.56350627487,-1,23
1622105509057,1622105509077,20,1,344,-1.0,-28264,318
1622105509087,1622105509167,80,5,291,16580.4721664256,-17156,37
1622105509227,1622105509237,10,-1,60,-1.0,-1,-1
1622105509247,1622105509257,10,-1,31,1163.25698656172,-1,-1
1622105509267,1622105509416,149,8,460,24506.2832335712,-39438,35
1622105509436,1622105509446,10,-1,50,2738.78131334729,-1,-1
1622105509526,1622105509546,20,1,124,-1.0,-6902,104
1622105509566,1622105509586,20,0,74,4390.15115103968,-1,294
1622105509646,1622105509696,50,0,74,2808.12019559293,-3373,56
1622105509776,1622105509806,30,0,68,2867.96441366275,-3106,289
1622105509836,1622105509866,30,5,528,26877.9657600125,-1,340
1622105510056,1622105510116,60,8,274,12514.1716055216,-16682,354
1622105510216,1622105510236,20,0,73,4501.19635869124,-1,182
1622105510246,1622105510416,170,18,326,13729.6078919098,-16223,104
1622105510536,1622105510546,10,-1,66,4178.76322376954,-1,-1
1622105510626,1622105510636,10,-1,35,-1.0,-1,-1
1622105510716,1622105510756,40,5,205,11221.4528151419,-9926,121
1622105510836,1622105510946,110,21,394,25387.8589044551,-16567,318
1622105511115,1622105511145,30,4,322,-1.0,-12965,274
1622105511225,1622105511245,20,0,32,926.98839007352,-1,125
1622105511255,1622105511265,10,-1,32,227.113414275348,-1,-1
1622105511325,1622105511345,20,0,64,-1.0,-2970,274
1622105511385,1622105511405,20,0,58,2857.12839853825,-1,114
1622105511475,1622105511485,10,-1,32,936.251073092602,-1,-1
1622105511565,1622105511595,30,1,72,4345.4625755208,-3575,268
1622105511625,1622105511685,60,0,284,22385.1092663939,-16804,38
1622105511765,1622105511775,10,-1,92,-1.0,-1,-1
1622105511805,1622105511815,10,-1,43,2440.00841340686,-1,-1
1622105511965,1622105511975,10,-1,46,2479.54867174392,-1,-1
1622105512085,1622105512155,70,12,879,66950.819002877,-58453,271
1622105512265,1622105512275,10,-1,47,2719.99935067732,-1,-1
1622105512315,1622105512325,10,-1,36,1296.87530586941,-1,-1
1622105512485,1622105512535,50,8,341,24728.5550441307,-21911,161
1622105512545,1622105512664,119,5,143,7116.97640414066,-5377,64
1622105512674,1622105512684,10,-1,34,673.256558518065,-1,-1
1622105512754,1622105512784,30,1,93,3886.36229754292,-4845,254
1622105512804,1622105512814,10,-1,40,2839.73404113692,-1,-1
1622105512924,1622105512974,50,6,629,30534.7135425166,-431,96
1622105513044,1622105513084,40,2,370,26385.9327484331,-26802,72
1622105513154,1622105513164,10,-1,47,3220.13590392072,-1,-1
1622105513204,1622105513254,50,1,62,3068.1259288479,-2687,251
1622105513314,1622105513334,20,1,254,16419.6849336558,-1,217
1622105513464,1622105513474,10,-1,33,2430.23467313423,-1,-1
1622105513694,1622105513794,100,19,320,3101.05218827807,-5962,289
1622105514243,1622105514443,199,18,403,31944.6435885359,-19790,23
1622105514453,1622105514473,20,0,44,2288.62587446885,-206,200
1622105514693,1622105514783,90,19,352,9409.96503106474,-8921,109
1622105514963,1622105515033,70,16,321,13355.9766450152,-4945,116
1622105515043,1622105515053,10,-1,252,22437.114963107,-1,-1
1622105515113,1622105515133,20,2,223,-1.0,-12043,83
1622105515153,1622105515233,80,2,394,24881.6794373758,-33329,322
1622105515263,1622105515283,20,0,33,925.946686424787,-12,120
1622105515293,1622105515313,20,1,267,18918.4435059332,-1,295
1622105515373,1622105515383,10,-1,112,-1.0,-1,-1
1622105515393,1622105515403,10,-1,43,1674.03615989984,-1,-1
1622105515453,1622105515463,10,-1,45,2314.86653549054,-1,-1
1622105515533,1622105515563,30,2,99,8488.58120614417,-4352,259
1622105515653,1622105515862,209,19,160,5365.86267075075,-4124,267
1622105515922,1622105515932,10,-1,45,-1.0,-1,-1
1622105515992,1622105516012,20,0,80,4934.38590090698,-1,282
1622105516132,1622105516152,20,0,51,1807.73164103014,-1,18
1622105516212,1622105516222,10,-1,30,-1.0,-1,-1
1622105516802,1622105516852,50,2,76,2702.71283683005,-3343,301
1622105516882,1622105516892,10,-1,31,671.461177124418,-1,-1
1622105516932,1622105516942,10,-1,30,1245.14934576511,-1,-1
1622105517112,1622105517122,10,-1,36,1492.90832951164,-1,-1
1622105517132,1622105517172,40,1,66,3116.9045182612,-2473,318
1622105517232,1622105517302,70,1,335,24385.8593056655,-6113,323
1622105517352,1622105517372,20,0,46,2786.27827729571,-1,176
1622105517402,1622105517432,30,3,173,8692.73109686623,-1,65
1622105517821,1622105517851,30,1,217,9155.51953194527,-13965,166
1622105517911,1622105517981,70,6,275,13497.9921735749,-10499,112
1622105518041,1622105518121,80,6,252,10272.6628537268,-9423,177
1622105518151,1622105518201,50,1,270,11783.3321732265,-8466,90
1622105518341,1622105518411,70,18,729,39849.0082444905,-37184,41
1622105518431,1622105518441,10,-1,31,1588.98182214108,-1,-1
1622105518461,1622105518481,20,0,67,3101.21804364104,-1,270
1622105518541,1622105518551,10,-1,100,-1.0,-1,-1
1622105518701,1622105518751,50,2,67,3448.39274693008,-3312,69
1622105518891,1622105518951,60,5,138,4559.86102023724,-7022,353
1622105519220,1622105519250,30,1,68,3975.83797436448,-1469,347
1622105519820,1622105519830,10,-1,68,4651.10076497206,-1,-1
1622105519890,1622105519900,10,-1,43,-1.0,-1,-1
1622105520280,1622105520290,10,-1,31,1547.55189519039,-1,-1
1622105520360,1622105520380,20,1,288,23673.7678460097,-1,94
1622105520510,1622105520580,70,12,350,10533.7367128413,-16527,265
1622105520640,1622105520660,20,0,40,1009.15150294422,-1,35
1622105520809,1622105520879,70,13,429,26999.5852204699,-8345,222
1622105520939,1622105520949,10,-1,34,-1.0,-1,-1
1622105521029,1622105521129,100,3,634,31861.1236805332,-50289,264
1622105521139,1622105521179,40,6,425,21748.2490475497,-13756,61
1622105521249,1622105521279,30,0,47,1457.17523617526,-1650,71
1622105521299,1622105521309,10,-1,31,1912.50283301155,-1,-1
1622105521319,1622105521399,80,14,1057,45401.7494044897,-93803,22
1622105521529,1622105521579,50,14,651,47425.5551366527,-44501,84
1622105521639,1622105521729,90,10,1934,3596.11953225646,-169164,263
1622105521789,1622105521799,10,-1,34,1175.72377394363,-1,-1
1622105521859,1622105521869,10,-1,38,-1.0,-1,-1
1622105521879,1622105521899,20,0,44,2052.92105694658,-831,270
1622105522099,1622105522179,80,21,575,19019.0404102107,-20004,271
1622105522189,1622105522219,30,1,80,5812.16532629404,-1,112
1622105522229,1622105522239,10,-1,54,3299.64237974942,-1,-1
1622105522259,1622105522269,10,-1,30,9.59663048628379,-1,-1
1622105523108,1622105523128,20,1,179,-1.0,-10594,165
1622105523298,1622105523308,10,-1,55,3738.45220423212,-1,-1
1622105523318,1622105523338,20,4,375,19212.3803774114,-1,105
1622105523398,1622105523408,10,-1,119,-1.0,-1,-1
1622105523468,1622105523568,100,11,248,14932.6654411049,-13974,101
1622105523668,1622105523718,50,6,201,9498.93570479837,-8602,196
1622105523748,1622105523768,20,0,104,7005.55213190712,-1,321
1622105523848,1622105523908,60,13,362,982.233529773333,-9150,282
1622105523917,1622105523937,20,0,54,3234.39210877668,-2369,90
1622105524017,1622105524027,10,-1,37,2202.71763792715,-1,-1
1622105524067,1622105524127,60,9,256,14666.9783042105,-10074,239
1622105524177,1622105524207,30,1,60,3125.27748187159,-2259,76
1622105524297,1622105524307,10,-1,57,3996.60576430701,-1,-1
1622105524577,1622105524597,20,3,325,583.382879650998,-1,78
1622105524667,1622105524727,60,7,305,-1.0,-12206,266
1622105524817,1622105524917,100,22,335,8479.09553993079,-7535,189
1622105524977,1622105524987,10,-1,33,-1.0,-1,-1
1622105525197,1622105525217,20,1,313,23409.7085941443,-1,185
1622105525277,1622105525297,20,1,499,-1.0,-41947,328
1622105525307,1622105525367,60,2,63,3080.6322103636,-356,35
1622105525427,1622105525437,10,-1,30,-1.0,-1,-1
1622105525487,1622105525497,10,-1,58,4339.91690393446,-1,-1
1622105525556,1622105525566,10,-1,42,-1.0,-1,-1
1622105525626,1622105525646,20,0,36,1160.31901405606,-387,78
1622105525846,1622105525896,50,3,322,26141.8587020562,-9012,91
1622105525926,1622105525936,10,-1,100,7255.84623686058,-1,-1
1622105526046,1622105526066,20,0,153,11792.1865015297,-1,59
1622105526146,1622105526196,50,10,710,-1.0,-32070,299
1622105526306,1622105526346,40,7,330,21735.9392641133,-13809,355
1622105526406,1622105526436,30,0,40,582.797009533373,-1,170
1622105526476,1622105526486,10,-1,38,2030.28470313038,-1,-1
1622105526746,1622105526836,90,21,653,22769.3054970154,-9433,155
1622105526896,1622105526916,20,0,306,-1.0,-26935,276
1622105526936,1622105526956,20,0,39,1115.38118776194,-1,275
1622105527145,1622105527285,139,5,207,13940.6165763092,-12556,316
1622105527345,1622105527525,180,4,410,26568.1555762924,-22934,57
1622105527605,1622105527695,90,2,352,-1.0,-18304,127
1622105527755,1622105527775,20,0,63,4130.29128227539,-2048,139
1622105527795,1622105527835,40,2,74,2103.00288674984,-2546,264
1622105527885,1622105527905,20,0,36,1427.39836080369,-1,240
1622105528035,1622105528055,20,0,34,957.677056659055,-1,262
1622105528075,1622105528085,10,-1,34,479.774840386506,-1,-1
1622105528105,1622105528135,30,1,54,2202.02276597244,-925,262
1622105528215,1622105528285,70,3,93,3824.33558015499,-2527,267
1622105528305,1622105528385,80,3,70,2101.00833680601,-2108,269
1622105528425,1622105528535,110,4,76,3214.58449097354,-1827,263
1622105528615,1622105528635,20,0,46,1785.92825115694,-1046,258
1622105528645,1622105528695,50,2,89,2314.2733267746,-2587,262
1622105528715,1622105528735,20,0,38,1055.62290111449,-645,275
1622105528775,1622105528794,19,0,72,4346.98582150972,-3105,241
1622105528814,1622105528824,10,-1,42,2519.82751714813,-1,-1
1622105529014,1622105529034,20,1,67,5596.42688689357,-1331,70
1622105529064,1622105529094,30,1,54,2692.6335133832,-1079,122
1622105529194,1622105529214,20,0,70,2726.75457896424,-1,111
1622105529274,1622105529304,30,1,83,4961.50870646948,-1,100
1622105529324,1622105529394,70,4,107,3397.1208961343,-5433,94
1622105529414,1622105529474,60,4,98,5892.2918570496,-3625,91
1622105529764,1622105529864,100,17,1115,6150.34780450634,-58608,252
1622105529964,1622105529994,30,4,315,-1.0,-14676,135
1622105530094,1622105530134,40,5,239,4595.61533355702,-11508,160
1622105530274,1622105530314,40,8,300,16292.0393845553,-8135,317
1622105530723,1622105530733,10,-1,59,4360.06421604877,-1,-1
1622105530793,1622105530803,10,-1,48,-1.0,-1,-1
1622105531073,1622105531103,30,4,221,-1.0,-9559,286
1622105531113,1622105531153,40,0,112,9967.11817580934,-7835,127
1622105531173,1622105531223,50,1,136,6808.82258332199,-5585,25
1622105531233,1622105531263,30,1,62,3059.0546043424,-16,221
1622105531553,1622105531593,40,6,241,18097.9200174523,-14040,4
1622105531613,1622105531653,40,0,59,4275.26504323988,-1496,288
1622105531933,1622105531992,59,12,481,26814.7806441757,-30451,123
1622105532112,1622105532192,80,12,610,40481.0662415558,-32767,95
1622105532202,1622105532242,40,2,70,4683.016212166,-2120,264
1622105532272,1622105532282,10,-1,96,6660.08422576108,-1,-1
1622105532292,1622105532312,20,0,79,4916.8804162458,-3934,128
1622105532392,1622105532412,20,3,280,14129.5072539415,-1,241
1622105532472,1622105532482,10,-1,60,-1.0,-1,-1
1622105532692,1622105532702,10,-1,49,3476.73017442935,-1,-1
1622105533192,1622105533232,40,3,133,6633.68299952546,-6558,321
1622105533602,1622105533651,49,12,516,14753.2360006661,-1,92
1622105533711,1622105533731,20,0,58,-1.0,-35,93
1622105534161,1622105534211,50,16,694,-1.0,-24036,265
1622105534271,1622105534291,20,0,39,2145.36827766992,-1,57
1622105534301,1622105534311,10,-1,39,1436.53513471073,-1,-1
1622105534321,1622105534331,10,-1,117,8890.59255336101,-1,-1
1622105534391,1622105534401,10,-1,57,-1.0,-1,-1
1622105534411,1622105534431,20,0,40,1268.49966678126,-1,83
1622105534481,1622105534491,10,-1,32,1357.21118949522,-1,-1
1622105534611,1622105534631,20,0,38,691.083895548422,-1,69
1622105534651,1622105534751,100,14,388,29375.388883087,-26053,69
1622105534811,1622105534851,40,2,84,4487.35090748072,-4368,104
1622105534911,1622105535031,120,6,1052,71589.1070667263,-19985,243
1622105535091,1622105535141,50,4,184,9791.3122343134,-13390,284
1622105535151,1622105535191,40,1,65,3073.66798292963,-2633,85
1622105535470,1622105535550,80,15,264,14355.7280161576,-9373,5
1622105535870,1622105535880,10,-1,63,3675.9435365028,-1,-1
1622105535940,1622105535960,20,0,117,-1.0,-8704,209
1622105536630,1622105536640,10,-1,33,-1.0,-1,-1
1622105536780,1622105536790,10,-1,30,-1.0,-1,-1
1622105536989,1622105537019,30,4,368,17668.163373531,-1,194
1622105537079,1622105537169,90,8,486,5783.96179241084,-23847,197
1622105537229,1622105537239,10,-1,318,-1.0,-1,-1
1622105537249,1622105537259,10,-1,33,2100.81021195789,-1,-1
1622105537279,1622105537299,20,0,53,3195.83068045085,-1,329
1622105537379,1622105537389,10,-1,49,-1.0,-1,-1
1622105537779,1622105537819,40,7,759,42546.5040909333,-1,73
1622105537939,1622105537999,60,5,491,20681.9057519166,-41545,230
1622105538079,1622105538179,100,8,304,18591.6782824853,-8502,285
1622105538199,1622105538229,30,6,281,16604.6823334646,-20163,105
1622105538249,1622105538269,20,1,103,5037.15164276591,-1,265
1622105538349,1622105538379,30,0,41,1352.56188014668,-822,225
1622105538389,1622105538419,30,1,171,7950.83426955117,-1,285
1622105538638,1622105538648,10,-1,37,-1.0,-1,-1
1622105538768,1622105538808,40,4,174,9099.85577525894,-8480,303
1622105538948,1622105538978,30,3,180,10108.6936496382,-8482,123
1622105539418,1622105539428,10,-1,31,695.527421744764,-1,-1
1622105539688,1622105539698,10,-1,50,2208.63849925622,-1,-1
1622105539758,1622105539828,70,2,43,703.605183864993,-652,260
1622105539908,1622105539918,10,-1,31,-1.0,-1,-1
1622105540287,1622105540367,80,5,105,3749.00484827528,-1190,318
1622105540497,1622105540537,40,3,115,60.7192468115954,-4179,75
1622105541077,1622105541097,20,0,72,-1.0,-2990,95
1622105541127,1622105541137,10,-1,36,862.263511770089,-1,-1
1622105541257,1622105541267,10,-1,53,2895.91616358215,-1,-1
1622105541537,1622105541567,30,1,53,2199.24930308328,-1612,121
1622105541826,1622105541926,100,12,253,9984.77301208188,-6388,265
1622105542146,1622105542166,20,0,37,525.787554269272,-1,144
1622105542426,1622105542436,10,-1,34,-1.0,-1,-1
1622105542486,1622105542516,30,1,62,2749.83014181072,-6,320
1622105542576,1622105542596,20,0,113,-1.0,-6090,350
1622105542656,1622105542666,10,-1,53,2781.29826167463,-1,-1
1622105542796,1622105542866,70,6,226,9685.51695341228,-10296,162
1622105542896,1622105542906,10,-1,32,548.049267015906,-1,-1
1622105543176,1622105543196,20,3,362,19602.4642332228,-1,351
1622105543445,1622105543595,150,10,477,26238.9718857733,-20084,177
1622105543605,1622105543615,10,-1,52,3140.16497963486,-1,-1
1622105544115,1622105544165,50,15,484,27152.4895682493,-18486,315
1622105544305,1622105544445,140,13,198,12387.0437916633,-10872,128
1622105544465,1622105544485,20,1,66,2864.57973795837,-1,127
1622105544645,1622105544665,20,0,43,2443.61969565557,-1,350
1622105544685,1622105544705,20,0,45,1300.10224152892,-1,336
1622105544735,1622105544755,20,0,73,4035.05349755872,-1,306
1622105544815,1622105544845,30,1,45,609.120850620143,-1,310
1622105545174,1622105545244,70,6,545,26525.1733893733,-347,124
1622105545374,1622105545414,40,1,165,3543.26408396082,-13195,28
1622105545424,1622105545444,20,0,56,4430.4254683692,-1,159
1622105545524,1622105545534,10,-1,41,-1.0,-1,-1
1622105545734,1622105545744,10,-1,37,755.974453929869,-1,-1
1622105546004,1622105546054,50,6,247,12147.3153739866,-9630,301
1622105546374,1622105546394,20,1,146,-1.0,-8463,138
1622105546524,1622105546553,29,2,112,8687.05713112883,-8155,84
1622105546573,1622105546583,10,-1,38,2274.54553087937,-1,-1
1622105546723,1622105546733,10,-1,36,1263.49930914408,-1,-1
1622105547073,1622105547113,40,7,309,-1.0,-12955,353
1622105547233,1622105547283,50,21,1218,52659.5224776902,-1,137
1622105547363,1622105547443,80,9,210,9041.34271941431,-8229,262
1622105547473,1622105547543,70,8,246,10800.9160742958,-16058,0
1622105547663,1622105547683,20,0,52,2271.09060090721,-1776,349
1622105547863,1622105547873,10,-1,34,1388.69728914468,-1,-1
1622105548972,1622105548982,10,-1,36,1302.06513026206,-1,-1
1622105549012,1622105549042,30,0,41,1197.58697156283,-1043,68
1622105549102,1622105549132,30,1,54,1791.6201199359,-1508,79
1622105549352,1622105549362,10,-1,35,1636.35137374008,-1,-1
1622105549492,1622105549622,130,4,568,41487.4277060073,-31876,219
1622105549632,1622105549732,100,1,109,4958.0775942378,-2890,331
1622105549861,1622105549901,40,6,663,112.59597534447,-20330,353
1622105549911,1622105549921,10,-1,146,13919.6075081337,-1,-1
1622105549941,1622105549981,40,1,44,2414.63460268576,-399,136
1622105550031,1622105550041,10,-1,51,3103.67731987973,-1,-1
1622105550131,1622105550141,10,-1,49,2686.86813150476,-1,-1
1622105550151,1622105550181,30,0,47,1654.69854221093,-1,10
1622105550211,1622105550221,10,-1,32,1016.9202768275,-1,-1
1622105550281,1622105550291,10,-1,33,585.881610085908,-1,-1
1622105550341,1622105550351,10,-1,36,1973.12070200755,-1,-1
1622105550481,1622105550501,20,1,134,8571.9438127127,-1,194
1622105550561,1622105550571,10,-1,1122,-1.0,-1,-1
1622105550581,1622105550611,30,0,99,8303.00212151205,-5903,14
1622105550621,1622105550651,30,2,130,9376.87239248249,-290,317
1622105550711,1622105550721,10,-1,288,-1.0,-1,-1
1622105550841,1622105550981,140,21,443,17033.9686676904,-24215,16
1622105551041,1622105551071,30,0,471,-1.0,-42629,268
1622105551141,1622105551201,60,3,545,355.981630170126,-48780,296
1622105551211,1622105551221,10,-1,184,17093.2689093903,-1,-1
1622105551281,1622105551291,10,-1,215,-1.0,-1,-1
1622105551331,1622105551351,20,1,115,5410.75856035199,-1,63
1622105551440,1622105551470,30,6,273,12113.8328990024,-8837,246
1622105551500,1622105551520,20,0,41,1151.16625619116,-1,110
1622105551630,1622105551710,80,20,508,33266.036113014,-22956,117
1622105552040,1622105552050,10,-1,45,2724.31087506408,-1,-1
1622105552110,1622105552310,200,14,231,15564.0110714728,-11110,53
1622105552390,1622105552400,10,-1,228,-1.0,-1,-1
1622105552460,1622105552500,40,2,116,1603.76394308184,-3822,259
1622105552590,1622105552600,10,-1,37,795.745479922924,-1,-1
1622105552610,1622105552620,10,-1,50,2943.24105661563,-1,-1
1622105552680,1622105552720,40,0,216,2850.3362371369,-12400,90
1622105552820,1622105552830,10,-1,38,958.971361243811,-1,-1
1622105552840,1622105552850,10,-1,97,6865.36863560005,-1,-1
1622105552860,1622105552870,10,-1,107,8980.07336490461,-1,-1
1622105553159,1622105553299,140,16,490,3415.99211642954,-37833,222
1622105553359,1622105553449,90,5,209,12242.3439164979,-2947,186
1622105553509,1622105553579,70,2,93,3416.74633193359,-3976,178
1622105553639,1622105553659,20,0,36,-1.0,-581,172
1622105553679,1622105553749,70,3,106,4359.51212883316,-1338,208
1622105554009,1622105554029,20,1,263,18884.1013107897,-1,270
1622105554089,1622105554149,60,7,356,16552.7211871195,-25609,251
1622105554209,1622105554219,10,-1,150,-1.0,-1,-1
1622105554239,1622105554279,40,1,32,1415.49127267675,-44,101
1622105554369,1622105554559,190,5,566,52981.4656538028,-45202,46
1622105554639,1622105554648,9,-1,1836,-1.0,-1,-1
1622105554718,1622105554798,80,4,325,21638.5004002341,-27584,114
1622105554858,1622105554868,10,-1,56,-1.0,-1,-1
1622105554938,1622105554998,60,5,730,33565.1220581163,-63199,83
1622105555038,1622105555048,10,-1,72,4940.73656900763,-1,-1
1622105555248,1622105555258,10,-1,37,1785.09145137201,-1,-1
1622105555358,1622105555398,40,2,107,4263.62111661424,-4471,82
1622105555488,1622105555538,50,8,290,13927.6424747848,-15432,61
1622105555568,1622105555578,10,-1,32,2496.25171102069,-1,-1
1622105555638,1622105555648,10,-1,34,-1.0,-1,-1
1622105555938,1622105555968,30,4,248,10542.1702126739,-1,314
1622105556128,1622105556148,20,1,139,-1.0,-1473,137
1622105556228,1622105556317,89,3,320,18846.3025624384,-25680,75
1622105556357,1622105556367,10,-1,38,1677.57169317972,-1,-1
1622105556407,1622105556447,40,7,320,14166.5274965522,-7269,205
1622105556587,1622105556667,80,13,383,14788.8554628032,-10856,273
1622105556687,1622105556717,30,0,53,1899.3042935565,-1,15
1622105556777,1622105556787,10,-1,278,-1.0,-1,-1
1622105556797,1622105556807,10,-1,36,1352.18287207278,-1,-1
1622105556837,1622105556867,30,1,878,81308.3460353233,-73255,346
1622105556927,1622105557097,170,22,469,22280.2546975699,-14157,79
1622105557237,1622105557317,80,14,369,19028.4835887555,-17181,290
1622105557377,1622105557407,30,6,348,-1.0,-11673,148
1622105557427,1622105557447,20,0,80,2947.12099149405,-1,333
1622105557547,1622105557717,170,37,931,46451.9588808582,-34287,337
1622105557777,1622105557827,50,2,353,23344.1531418611,-2955,110
1622105557946,1622105557996,50,9,231,2428.95468996927,-12018,218
1622105558056,1622105558136,80,6,154,6688.44071479357,-9836,209
1622105558206,1622105558256,50,2,60,2437.65800153076,-1894,200
1622105558276,1622105558296,20,0,63,3594.82944982851,-2813,217
1622105558326,1622105558336,10,-1,40,1909.52041096336,-1,-1
1622105558456,1622105558466,10,-1,36,1710.8293562991,-1,-1
1622105558496,1622105558536,40,8,686,38208.2743311681,-1,118
1622105558626,1622105558806,180,13,663,15758.8075423637,-56017,274
1622105558826,1622105558846,20,0,44,3739.29614401551,-108,165
1622105558856,1622105558916,60,3,79,3965.53397601328,-3967,268
1622105559316,1622105559326,10,-1,32,753.550716381491,-1,-1
1622105559515,1622105559575,60,7,258,13535.0993936334,-11057,335
1622105559775,1622105559825,50,8,247,13812.6641023274,-11099,185
1622105560055,1622105560085,30,2,142,11603.7730949282,-9516,204
1622105560325,1622105560345,20,1,298,20841.9596914049,-1,334
1622105560455,1622105560465,10,-1,152,-1.0,-1,-1
1622105560545,1622105560555,10,-1,38,-1.0,-1,-1
1622105560575,1622105560595,20,0,120,7506.06510728962,-1,128
1622105560675,1622105560715,40,6,305,14616.9987504393,-17245,115
1622105560875,1622105560925,50,4,175,9298.90155319373,-7779,58
1622105560965,1622105560985,20,1,141,7996.24653716529,-1,270
1622105561124,1622105561144,20,0,39,577.594989944674,-1,282
1622105561224,1622105561254,30,2,111,7679.78817592832,-6678,192
1622105561294,1622105561304,10,-1,31,1392.41142427532,-1,-1
1622105561454,1622105561534,80,21,396,19776.1088701762,-13862,196
1622105561544,1622105561634,90,3,49,1925.03757303712,-856,19
1622105561694,1622105561704,10,-1,44,-1.0,-1,-1
1622105561824,1622105561844,20,0,33,718.088904764577,-202,45
1622105561874,1622105561934,60,14,594,23583.8239955801,-13185,6
1622105562014,1622105562094,80,2,138,2202.74883058871,-8912,270
1622105562104,1622105562234,130,9,120,6243.01734505427,-3671,166
1622105562344,1622105562364,20,0,42,1117.90566575293,-1,144
1622105562374,1622105562384,10,-1,116,10905.6771734983,-1,-1
1622105562454,1622105562494,40,14,715,3643.00168998113,-46787,352
1622105562504,1622105562514,10,-1,69,4290.52962307123,-1,-1
1622105562584,1622105562654,70,4,103,4669.64235018935,-2858,175
1622105562713,1622105562723,9,-1,58,-1.0,-1,-1
1622105562733,1622105562743,10,-1,30,442.044025788028,-1,-1
1622105562763,1622105562913,150,2,158,12062.7927863355,-6640,3
1622105562923,1622105562943,20,0,72,6272.39935551251,-2244,187
1622105562963,1622105563043,80,4,271,21467.5947011121,-13126,1
1622105563123,1622105563173,50,1,137,6942.64500755874,-9147,188
1622105563273,1622105563303,30,9,725,27884.6861674605,-1,131
1622105563363,1622105563433,70,14,2134,1400.55205687436,-133595,123
1622105563443,1622105563483,40,2,89,6789.37785210794,-2918,318
1622105563623,1622105563633,10,-1,41,3552.68138498431,-1,-1
1622105563653,1622105563733,80,2,115,4356.48954252075,-6897,333
1622105563743,1622105563763,20,0,84,5930.76255488387,-1,310
1622105563773,1622105563793,20,0,51,2667.10248843025,-1,351
1622105563803,1622105563833,30,3,214,8306.48825313026,-1,192
1622105563933,1622105564312,379,29,1110,39130.7141919322,-96071,291
1622105564332,1622105564432,100,6,780,71860.5522685036,-57342,335
1622105564532,1622105564632,100,30,455,24703.7540307436,-23193,118
1622105564662,1622105564672,10,-1,30,897.20115659889,-1,-1
1622105564682,1622105564782,100,4,1384,135193.093718943,-130115,304
1622105564792,1622105564852,60,1,46,2912.12001100776,-1376,310
1622105564872,1622105564882,10,-1,31,2626.39357476591,-1,-1
1622105564902,1622105564922,20,1,73,4760.11994199246,-2092,101
1622105564962,1622105564982,20,1,112,6422.66135305225,-1,311
1622105565042,1622105565052,10,-1,42,-1.0,-1,-1
1622105565272,1622105565292,20,0,87,-1.0,-4199,34
1622105565532,1622105565612,80,11,253,17519.433079515,-10133,232
1622105565882,1622105565892,10,-1,39,2921.17573825044,-1,-1
1622105565971,1622105565981,10,-1,42,-1.0,-1,-1
1622105566021,1622105566031,10,-1,39,2493.34281934159,-1,-1
1622105566131,1622105566161,30,3,147,9440.63343177144,-5829,14
1622105566311,1622105566331,20,0,132,9306.83878085965,-1,55
1622105566421,1622105566451,30,9,443,3291.50239483788,-35707,254
1622105566461,1622105566491,30,1,80,5962.20139061101,-3514,113
1622105566511,1622105566551,40,6,270,14406.5583049869,-15420,39
1622105566571,1622105566591,20,2,335,22641.6208054428,-1,224
1622105566671,1622105566681,10,-1,144,-1.0,-1,-1
1622105566691,1622105566721,30,4,219,16924.2444987928,-1,62
1622105566981,1622105567011,30,11,580,2539.40674852032,-1,92
1622105567101,1622105567271,170,5,346,27275.044957207,-14820,346
1622105567291,1622105567381,90,4,76,3826.89553078753,-1849,233
1622105567401,1622105567411,10,-1,39,2472.11229712787,-1,-1
1622105567461,1622105567501,40,2,136,7006.12287418761,-1,59
1622105567511,1622105567531,20,1,167,14906.6379051509,-1,239
1622105567541,1622105567650,109,28,514,31813.633670173,-18811,148
1622105567740,1622105567800,60,8,272,14710.6522452781,-11715,70
1622105567870,1622105567900,30,1,97,7118.84631418756,-1269,353
1622105567960,1622105567980,20,1,138,-1.0,-7846,45
1622105568130,1622105568180,50,27,919,-1.0,-28824,233
1622105568250,1622105568320,70,15,442,13712.9029373299,-12047,27
1622105568430,1622105568520,90,3,79,705.550190580438,-3385,12
1622105568540,1622105568550,10,-1,33,464.460560041645,-1,-1
1622105568560,1622105568580,20,0,89,4549.89953484261,-1,300
1622105568660,1622105568760,100,8,518,4385.58437467832,-36457,248
1622105568790,1622105568800,10,-1,40,2431.95924901177,-1,-1
1622105568810,1622105568880,70,3,70,1313.22875024254,-1871,69
1622105568960,1622105569000,40,3,140,10792.6909208684,-1530,227
1622105569020,1622105569050,30,2,86,3840.23302807202,-4939,217
1622105569159,1622105569199,40,1,45,1508.97932497465,-231,65
1622105569289,1622105569379,90,23,654,22112.1940906842,-27309,84
1622105569669,1622105569719,50,6,219,10836.0662983692,-10520,334
1622105569859,1622105570029,170,8,163,12930.236227867,-11605,191
1622105570069,1622105570079,10,-1,34,1743.09535263722,-1,-1
1622105570129,1622105570139,10,-1,30,223.369281944369,-1,-1
1622105570149,1622105570289,140,9,160,11423.6780433456,-10823,153
1622105570299,1622105570359,60,13,477,29003.2799306128,-18899,13
1622105570579,1622105570679,100,4,401,6976.4815587154,-16120,259
1622105570699,1622105570709,10,-1,31,812.834400411205,-1,-1
1622105570729,1622105570749,20,0,35,664.417096971594,-487,220
1622105570838,1622105571048,210,9,76,2695.4818683473,-3974,223
1622105571188,1622105571198,10,-1,35,1447.22547566311,-1,-1
1622105571378,1622105571388,10,-1,35,1491.31266267246,-1,-1
1622105571548,1622105571578,30,4,225,11309.566167897,-8357,331
1622105571598,1622105571618,20,0,81,3422.55799584509,-1,120
1622105571688,1622105571738,50,1,54,1859.59274859331,-1353,112
1622105571748,1622105571868,120,9,238,6877.94026223126,-10191,159
1622105571978,1622105571988,10,-1,40,-1.0,-1,-1
1622105572148,1622105572168,20,0,48,1952.19575343279,-1,161
1622105572507,1622105572527,20,1,206,-1.0,-12275,304
1622105572827,1622105572867,40,5,236,12228.8963790782,-8485,192
1622105572977,1622105572997,20,2,292,18355.6995425593,-1,259
1622105573207,1622105573297,90,11,669,31616.5484373982,-31934,263
1622105573317,1622105573337,20,0,58,3213.92729190557,-1,79
1622105573347,1622105573367,20,0,41,991.544756246865,-1,98
1622105573407,1622105573417,10,-1,124,10581.1680621035,-1,-1
1622105573507,1622105573567,60,2,217,20345.5774728767,-11180,296
1622105573577,1622105573597,20,0,89,7872.62828143335,-1,132
1622105573607,1622105573697,90,0,428,37895.7708214444,-17160,95
1622105574076,1622105574106,30,6,603,31959.5524602846,-1,90
1622105574196,1622105574346,150,3,514,20152.7348376968,-31830,245
1622105574456,1622105574526,70,3,255,1766.07166378144,-17248,264
1622105574726,1622105574756,30,3,242,7639.30520174975,-1,166
1622105574866,1622105574996,130,10,252,9984.14966911942,-10349,310
1622105575006,1622105575046,40,7,272,20348.301044759,-561,163
1622105575106,1622105575196,90,8,306,5771.86002741254,-11133,160
1622105575256,1622105575346,90,7,290,7339.65796130302,-17449,349
1622105575406,1622105575436,30,1,104,28.7881999845581,-3646,35
1622105575446,1622105575476,30,1,255,20640.4707481047,-20,197
1622105575556,1622105575725,169,1,284,20584.0640443798,-15048,124
1622105575735,1622105575745,10,-1,62,4696.05682410806,-1,-1
1622105575825,1622105575845,20,0,66,-1.0,-3242,23
1622105575915,1622105575925,10,-1,30,650.068392114995,-1,-1
1622105576095,1622105576145,50,7,285,13690.0041849455,-12068,308
1622105576175,1622105576185,10,-1,31,731.365986756263,-1,-1
1622105576285,1622105576295,10,-1,47,2300.96133088933,-1,-1
1622105576355,1622105576385,30,2,140,3165.72723892561,-4435,4
1622105576435,1622105576445,10,-1,52,2358.43098848875,-1,-1
1622105576505,1622105576515,10,-1,41,-1.0,-1,-1
1622105576575,1622105576585,10,-1,36,1289.70699149842,-1,-1
1622105576685,1622105576715,30,4,209,12342.3178332309,-747,3
1622105576795,1622105576845,50,4,164,5265.85027130729,-3101,162
1622105576905,1622105576935,30,2,128,-1.0,-5758,167
1622105576965,1622105576995,30,1,241,18096.1094492536,-1,201
1622105577055,1622105577205,150,53,1793,9226.77269242738,-91849,167
1622105577224,1622105577234,10,-1,45,1781.54744814661,-1,-1
1622105577245,1622105577255,10,-1,31,1113.58468148317,-1,-1
1622105577264,1622105577314,49,1,47,900.892913410702,-1,25
1622105577344,1622105577414,70,3,183,7986.81166376814,-12819,110
1622105577474,1622105577494,20,1,200,-1.0,-11840,300
1622105577534,1622105577564,30,1,58,3280.38229936171,-1684,333
1622105577594,1622105577684,90,6,199,7518.26330180962,-10822,33
1622105577694,1622105577714,20,0,43,1583.72024930324,-19,162
1622105578074,1622105578104,30,5,471,23023.8016104783,-1,347
1622105578294,1622105578384,90,12,615,7498.59852381259,-43248,240
1622105578454,1622105578634,180,8,135,7367.69801939085,-9636,173
1622105578664,1622105578754,90,29,803,34533.2414277056,-6182,163
1622105578814,1622105578863,49,13,730,6141.36164101141,-38604,234
1622105579263,1622105579293,30,4,826,26982.5828167158,-61196,17
1622105579333,1622105579403,70,4,137,9372.68823139108,-7541,198
1622105579433,1622105579453,20,1,74,4658.91164487792,-1,97
1622105579513,1622105579593,80,1,158,12291.8391474551,-12221,80
1622105579683,1622105579703,20,0,34,1499.06590834354,-1,209
1622105579733,1622105579893,160,36,632,36647.0629312804,-32042,109
1622105579913,1622105579963,50,1,42,1100.48417433295,-955,165
1622105579973,1622105579993,20,2,218,12834.8872047037,-1,131
1622105580173,1622105580283,110,16,868,33540.6599726152,-59473,296
1622105580343,1622105580363,20,1,100,-1.0,-3523,197
1622105580472,1622105580662,190,32,702,34785.1691697587,-41190,135
1622105580752,1622105580772,20,0,33,1002.4619754715,-1,315
1622105580802,1622105580822,20,0,34,1859.34294432605,-134,151
1622105581012,1622105581042,30,1,65,2032.22450243637,-2781,54
1622105581092,1622105581102,10,-1,40,1330.45234855346,-1,-1
1622105581162,1622105581172,10,-1,48,-1.0,-1,-1
1622105581182,1622105581212,30,3,246,10409.0034175194,-1,288
1622105581222,1622105581232,10,-1,286,25853.3608520787,-1,-1
1622105581292,1622105581342,50,11,414,6959.24834722708,-17504,331
1622105581442,1622105581482,40,2,88,3269.20343797642,-4458,93
1622105581612,1622105581632,20,0,49,1640.2699794195,-1,169
1622105581662,1622105581672,10,-1,35,1638.83827103283,-1,-1
1622105581702,1622105581722,20,0,54,1993.07639629631,-1,265
1622105581762,1622105581792,30,0,33,788.365566169104,-246,250
1622105581872,1622105581882,10,-1,33,-1.0,-1,-1
1622105581902,1622105581962,60,17,465,22693.3273637792,-7457,98
1622105582042,1622105582062,20,1,126,-1.0,-182,114
1622105582072,1622105582121,49,3,253,17968.9289729333,-19613,295
1622105582141,1622105582161,20,0,48,3814.55728579458,-21,66
1622105582171,1622105582211,40,1,64,3852.97103219289,-2100,274
1622105582241,1622105582271,30,2,100,6122.79802747255,-2620,272
1622105582381,1622105582421,40,1,58,1752.11402191117,-22,64
1622105582601,1622105582621,20,0,52,3793.72931833352,-1,54
1622105582721,1622105582731,10,-1,31,-1.0,-1,-1
1622105583231,1622105583251,20,0,57,2909.85555775332,-1,274
1622105583760,1622105583770,10,-1,133,11064.5862243199,-1,-1
1622105583870,1622105583900,30,10,507,13037.5712715947,-39255,265
1622105584020,1622105584050,30,1,85,2812.62913948232,-128,163
1622105584110,1622105584120,10,-1,35,-1.0,-1,-1
1622105584190,1622105584200,10,-1,106,7985.93816514438,-1,-1
1622105584270,1622105584280,10,-1,45,-1.0,-1,-1
1622105584460,1622105584480,20,2,443,32164.996240282,-1,191
1622105584560,1622105584590,30,7,310,15240.4618339688,-8922,220
1622105584600,1622105584610,10,-1,34,687.594884981599,-1,-1
1622105584710,1622105584730,20,0,86,-1.0,-3532,38
1622105584880,1622105584910,30,0,35,747.671752168725,-446,39
1622105585000,1622105585020,20,0,36,2214.93495009794,-1,50
1622105585050,1622105585200,150,8,372,26931.6634167268,-25512,80
1622105585459,1622105585489,30,4,323,-1.0,-14840,349
1622105585559,1622105585599,40,1,50,2327.77670820697,-1168,195
1622105585609,1622105585629,20,0,35,959.371452134829,-4,267
1622105585689,1622105585699,10,-1,33,-1.0,-1,-1
1622105585759,1622105585769,10,-1,46,2854.84194419191,-1,-1
1622105585829,1622105585849,20,2,446,30902.097315099,-1,96
1622105586109,1622105586179,70,0,77,3842.47686037542,-3058,158
1622105586279,1622105586299,20,0,30,2024.75569767809,-27,263
1622105586829,1622105586839,10,-1,34,-1.0,-1,-1
1622105587258,1622105587268,10,-1,51,3412.42357313994,-1,-1
1622105587278,1622105587338,60,3,553,34041.7096690052,-1794,146
1622105587448,1622105587478,30,8,635,-1.0,-28178,216
1622105587538,1622105587718,180,13,252,10887.3783464828,-14834,331
1622105587728,1622105587748,20,0,78,5280.86722099597,-1,233
1622105587808,1622105587928,120,3,130,2358.38372391233,-5642,18
1622105587938,1622105587948,10,-1,35,1333.82699629855,-1,-1
1622105587958,1622105588008,50,1,53,1436.2960784027,-1082,55
1622105588018,1622105588118,100,18,617,41079.7868396242,-38358,288
1622105588138,1622105588158,20,0,34,2364.61397189461,-353,63
1622105588178,1622105588218,40,1,36,751.347000678085,-142,119
1622105588238,1622105588308,70,5,120,4920.67857245735,-5070,128
1622105588328,1622105588348,20,0,47,3369.26819757194,-1,151
1622105588398,1622105588418,20,1,243,17099.2164044821,-1,126
1622105588478,1622105588518,40,2,169,6186.15348101461,-1,309
1622105588607,1622105588677,70,30,1104,66706.670965689,-55609,40
1622105588737,1622105588797,60,12,389,22617.1665545583,-11330,205
1622105588877,1622105589017,140,12,172,5194.39969073964,-5655,190
1622105589157,1622105589197,40,1,76,-1.0,-2391,193
1622105589207,1622105589227,20,0,64,2573.84748803109,-1,180
1622105589337,1622105589347,10,-1,31,1139.79661138727,-1,-1
1622105589597,1622105589647,50,1,55,2416.02660990108,-1426,262
1622105589707,1622105589717,10,-1,30,-1.0,-1,-1
1622105589727,1622105589767,40,1,47,1280.7055609916,-1066,250
1622105590077,1622105590087,10,-1,36,1842.16196810045,-1,-1
1622105590147,1622105590167,20,0,59,-1.0,-2559,290
1622105590476,1622105590486,10,-1,51,3628.83382817789,-1,-1
1622105590496,1622105590506,10,-1,38,1272.83596295028,-1,-1
1622105590516,1622105590536,20,1,167,7425.99079628631,-1,66
1622105590596,1622105590666,70,11,275,12285.236415286,-20142,84
1622105590726,1622105590736,10,-1,108,-1.0,-1,-1
1622105590936,1622105590966,30,3,350,15606.0740836356,-1,266
1622105591176,1622105591186,10,-1,38,1076.16898299197,-1,-1
1622105591286,1622105591386,100,5,361,16430.8987735699,-2619,155
1622105591446,1622105591606,160,13,1227,88353.8113728817,-84946,288
1622105591706,1622105591965,259,9,1038,89969.5664235234,-95609,315
1622105592045,1622105592085,40,4,308,6206.24799634909,-25869,202
1622105592095,1622105592145,50,6,185,9251.58557844908,-1115,54
1622105592155,1622105592165,10,-1,69,4816.7025871498,-1,-1
1622105592225,1622105592235,10,-1,31,1483.52872846215,-1,-1
1622105592295,1622105592305,10,-1,44,-1.0,-1,-1
1622105592465,1622105592635,170,9,933,12917.3835677494,-44057,305
1622105592695,1622105592845,150,9,189,5155.00883715498,-8621,218
1622105592865,1622105592885,20,1,104,9871.58107805463,-1,184
1622105592895,1622105592915,20,0,53,3739.73567197258,-1801,198
1622105592965,1622105592985,20,2,377,27291.0579390301,-1,130
1622105593095,1622105593305,210,9,416,9432.70511693338,-19461,253
1622105593345,1622105593405,60,1,85,5913.91365221507,-2512,0
1622105593564,1622105593574,10,-1,69,6429.10643362705,-1,-1
1622105593594,1622105593614,20,0,46,1260.81595991925,-1,246
1622105593874,1622105593984,110,8,281,13580.9476356248,-14596,208
1622105593994,1622105594004,10,-1,39,2177.0559003139,-1,-1
1622105594724,1622105594734,10,-1,47,3679.45807283801,-1,-1
1622105594854,1622105594864,10,-1,34,-1.0,-1,-1
1622105595103,1622105595113,10,-1,30,1085.98107204721,-1,-1
1622105595523,1622105595533,10,-1,87,6609.86715177557,-1,-1
1622105595613,1622105595623,10,-1,49,-1.0,-1,-1
1622105595773,1622105595823,50,6,209,11549.9145458813,-8426,13
1622105596083,1622105596113,30,1,121,5891.93959777991,-1,308
1622105596173,1622105596183,10,-1,38,-1.0,-1,-1
1622105596283,1622105596313,30,0,39,913.619939351478,-639,156
1622105596353,1622105596363,10,-1,31,716.852457259462,-1,-1
1622105596373,1622105596403,30,0,77,3799.29130848823,-1,191
1622105596463,1622105596483,20,0,59,-1.0,-1772,185
1622105596513,1622105596553,40,1,141,7117.54099755183,-1,227
1622105596613,1622105596682,69,12,2387,220158.338658633,-24126,307
1622105596882,1622105596902,20,0,114,-1.0,-3786,258
1622105597032,1622105597112,80,3,280,22285.6867681739,-6747,147
1622105597172,1622105597202,30,1,77,-1.0,-3198,114
1622105597242,1622105597262,20,1,126,7396.50602196894,-1,193
1622105597322,1622105597332,10,-1,63,-1.0,-1,-1
1622105597352,1622105597362,10,-1,52,2908.74223332813,-1,-1
1622105597472,1622105597512,40,6,434,16907.4997716507,-1,177
1622105597592,1622105597742,150,18,639,21146.589051565,-29248,119
1622105597762,1622105597932,170,7,213,15372.1192070919,-15463,293
1622105597942,1622105597952,10,-1,36,2275.34467057626,-1,-1
1622105598012,1622105598032,20,0,35,-1.0,-528,206
1622105598052,1622105598082,30,2,144,5973.57773761875,-1,261
1622105598162,1622105598232,70,16,395,11325.9037413003,-9093,303
1622105598291,1622105598331,40,28,2375,101720.009684853,-226040,0
1622105598571,1622105598651,80,6,404,17532.8199135405,-17992,243
1622105598711,1622105598781,70,4,115,4568.24584807189,-5404,156
1622105598861,1622105598881,20,6,720,11324.451022047,-1,137
1622105598991,1622105599071,80,16,1221,17998.2562757823,-111214,41
1622105599591,1622105599661,70,16,351,8858.75801613493,-15215,77
1622105599691,1622105599711,20,0,34,2307.57028391065,-1,275
1622105599871,1622105599910,39,1,105,713.476844223134,-6809,258
1622105599930,1622105599960,30,3,176,8945.73195944737,-1,88
1622105600020,1622105600040,20,0,44,-1.0,-942,77
1622105600050,1622105600080,30,2,97,4803.996952295,-4041,48
1622105600100,1622105600250,150,3,185,10141.2220243083,-12904,71
1622105600370,1622105600380,10,-1,74,-1.0,-1,-1
1622105600390,1622105600400,10,-1,79,5142.11239592838,-1,-1
1622105600460,1622105600470,10,-1,52,-1.0,-1,-1
1622105600510,1622105600520,10,-1,33,736.272738600481,-1,-1
1622105600620,1622105600630,10,-1,45,2239.85206746573,-1,-1
1622105600640,1622105600650,10,-1,149,12175.6313767331,-1,-1
1622105600710,1622105600720,10,-1,30,-1.0,-1,-1
1622105600740,1622105600750,10,-1,36,1764.73427032581,-1,-1
1622105600760,1622105600790,30,4,348,15271.3701511139,-1,322
1622105600870,1622105601080,210,25,723,64066.4343826033,-35621,303
1622105601140,1622105601280,140,33,656,29294.5987255332,-23834,157
1622105601709,1622105601739,30,1,75,225.455587445893,-3989,311
1622105601749,1622105601779,30,5,391,38240.536957678,-14784,156
1622105601839,1622105601919,80,1,615,9503.0026818507,-57860,193
1622105601979,1622105601989,10,-1,43,-1.0,-1,-1
1622105602009,1622105602049,40,2,83,4779.41171233823,-1011,293
1622105602109,1622105602169,60,2,68,2214.70097926519,-2338,287
1622105602179,1622105602199,20,1,231,14412.5078519884,-1,323
1622105602279,1622105602289,10,-1,172,-1.0,-1,-1
1622105602579,1622105602599,20,3,398,-1.0,-21695,347
1622105602619,1622105602629,10,-1,30,1290.48917847648,-1,-1
1622105602649,1622105602659,10,-1,31,304.223054033057,-1,-1
1622105602829,1622105602889,60,9,239,13426.4977256898,-11231,175
1622105602989,1622105603029,40,8,360,18036.7609847406,-17688,164
1622105603598,1622105603908,310,26,461,18577.6391770977,-16044,5
1622105603918,1622105603938,20,0,47,1545.63884124275,-1,52
1622105603978,1622105603998,20,1,110,5875.35345401071,-1,233
1622105604058,1622105604068,10,-1,58,-1.0,-1,-1
1622105604118,1622105604128,10,-1,32,1472.04706261527,-1,-1
1622105604338,1622105604398,60,12,392,19042.1069680271,-22292,163
1622105604408,1622105604418,10,-1,100,7538.69384903588,-1,-1
1622105604478,1622105604498,20,0,65,-1.0,-3019,20
1622105604588,1622105604638,50,10,336,16423.012912704,-13984,339
1622105604668,1622105604678,10,-1,39,3188.48873230965,-1,-1
1622105604817,1622105604827,10,-1,107,-1.0,-1,-1
1622105604907,1622105604937,30,3,200,-1.0,-7453,238
1622105604957,1622105604967,10,-1,150,12484.45463113,-1,-1
1622105605027,1622105605127,100,5,196,9255.90657756298,-16256,211
1622105605157,1622105605167,10,-1,48,1999.34092013773,-1,-1
1622105605387,1622105605417,30,1,59,2094.7735262335,-1,196
1622105605477,1622105605487,10,-1,46,-1.0,-1,-1
1622105605757,1622105605777,20,0,38,1772.24382353802,-2,257
1622105605787,1622105605797,10,-1,49,3813.66362835066,-1,-1
1622105605857,1622105605867,10,-1,601,-1.0,-1,-1
1622105605937,1622105606067,130,2,1342,23048.29876313,-110562,240
1622105606127,1622105606197,70,3,128,1794.37063127492,-8095,305
1622105606277,1622105606287,10,-1,99,-1.0,-1,-1
1622105606307,1622105606316,9,-1,30,159.704622604497,-1,-1
1622105606376,1622105606396,20,0,32,596.853373736158,-1,284
1622105606546,1622105606586,40,5,241,11901.8675221923,-11298,326
1622105606756,1622105606786,30,4,322,16637.2890770776,-1,282
1622105606856,1622105606906,50,29,1068,25542.5123040796,-57390,240
1622105606996,1622105607056,60,2,279,1644.53879578666,-7063,74
1622105607126,1622105607186,60,2,228,15525.9191499402,-4044,98
1622105607406,1622105607416,10,-1,294,-1.0,-1,-1
1622105607426,1622105607446,20,0,33,2126.83041434396,-1,267
1622105607486,1622105607616,130,17,316,17745.8926056388,-18252,297
1622105607696,1622105607716,20,3,462,-1.0,-29179,208
1622105607746,1622105607756,10,-1,30,1701.69192213861,-1,-1
1622105608045,1622105608065,20,0,40,2217.71376438524,-366,307
1622105608275,1622105608295,20,1,255,-1.0,-15240,101
1622105608455,1622105608495,40,4,197,7705.11770390083,-99,168
1622105608555,1622105608565,10,-1,58,-1.0,-1,-1
1622105608605,1622105608625,20,0,47,2501.62415778107,-6,68
1622105608655,1622105608735,80,12,310,14136.0714256217,-10082,275
1622105608745,1622105608765,20,1,163,7572.52132954537,-1,78
1622105608845,1622105608895,50,3,167,9769.43892467781,-4081,78
1622105608955,1622105609015,60,4,244,10474.6712155983,-17214,31
1622105609025,1622105609035,10,-1,151,14063.8404465177,-1,-1
1622105609095,1622105609125,30,1,116,-1.0,-6451,71
1622105609135,1622105609145,10,-1,39,2507.44874819645,-1,-1
1622105609355,1622105609445,90,6,295,1948.77881467033,-16628,250
1622105609505,1622105609544,39,2,121,3046.47753119251,-5374,95
1622105609574,1622105609594,20,0,37,716.987593597345,-1,219
1622105609654,1622105609824,170,13,275,8261.89350880035,-12676,291
1622105609894,1622105609914,20,0,31,324.813348503104,-1,170
1622105609974,1622105610014,40,3,146,10507.9510599256,-7179,338
1622105610124,1622105610144,20,0,61,2579.79632714646,-1,174
1622105610204,1622105610304,100,2,230,12552.4193841754,-2312,180
1622105610394,1622105610404,10,-1,876,-1.0,-1,-1
1622105610494,1622105610554,60,6,238,16135.9135200091,-9016,216
1622105610644,1622105610684,40,5,377,-1.0,-20238,119
1622105610704,1622105610754,50,4,360,21505.4446237941,-13903,207
1622105610904,1622105610964,60,6,377,22635.1731269574,-8407,249
1622105611024,1622105611183,159,7,132,6665.16205391621,-3749,324
1622105611303,1622105611343,40,7,334,15737.8556194576,-15366,4
1622105611493,1622105611563,70,20,703,32885.1485127847,-25086,199
1622105611623,1622105611633,10,-1,41,-1.0,-1,-1
1622105611643,1622105611663,20,0,39,3268.11386063876,-973,9
1622105611683,1622105611693,10,-1,35,957.417665764035,-1,-1
1622105611753,1622105611793,40,5,228,13419.4710724734,-13454,142
1622105612043,1622105612063,20,2,345,-1.0,-20138,26
1622105612173,1622105612233,60,11,429,8244.61696375306,-16114,252
1622105612273,1622105612283,10,-1,32,1302.01447914755,-1,-1
1622105612373,1622105612413,40,8,360,16678.4925002444,-8086,58
1622105612473,1622105612513,40,0,108,8.46651705971802,-7264,178
1622105612563,1622105612573,10,-1,31,661.028091849035,-1,-1
1622105612673,1622105612683,10,-1,59,4067.56377999746,-1,-1
1622105612763,1622105612783,20,0,31,582.025518091509,-1,242
1622105612792,1622105612812,19,0,71,4098.23784365797,-1,239
1622105612922,1622105612932,10,-1,35,1817.46051929052,-1,-1
1622105612942,1622105612952,10,-1,83,7208.55681534157,-1,-1
1622105613012,1622105613022,10,-1,34,-1.0,-1,-1
1622105613142,1622105613172,30,3,205,-1.0,-9521,218
1622105613472,1622105613502,30,5,277,13423.0728654423,-4148,107
1622105613842,1622105613872,30,2,111,6407.32112055791,-5319,108
1622105613962,1622105614052,90,8,185,8799.38354439407,-7404,343
1622105614322,1622105614332,10,-1,56,4104.22316546555,-1,-1
1622105614461,1622105614481,20,0,42,1829.63474841033,-545,251
1622105614521,1622105614531,10,-1,48,3107.72107476857,-1,-1
1622105614701,1622105614731,30,4,215,12394.9511182493,-11225,113
1622105614751,1622105614771,20,0,62,2724.11059303474,-1,274
1622105614861,1622105614881,20,0,42,1904.32659160875,-1,295
1622105614941,1622105614971,30,4,365,-1.0,-14177,269
1622105615001,1622105615031,30,0,47,1627.66672030406,-186,77
1622105615061,1622105615081,20,0,32,2014.19053686973,-1,53
1622105615131,1622105615161,30,0,41,761.011424924822,-1,90
1622105615221,1622105615291,70,9,237,753.100753241819,-8675,106
1622105615311,1622105615321,10,-1,32,335.856199025065,-1,-1
1622105615411,1622105615431,20,4,508,31118.0929169413,-1,268
1622105615491,1622105615501,10,-1,115,-1.0,-1,-1
1622105615521,1622105615581,60,2,57,2418.20790800955,-932,106
1622105615641,1622105615681,40,4,196,10524.8721061841,-10636,87
1622105615911,1622105615981,70,10,298,16334.1322353465,-24010,301
1622105616070,1622105616090,20,0,54,-1.0,-2232,97
1622105616210,1622105616280,70,2,93,4143.34323541961,-390,106
1622105616340,1622105616410,70,18,491,15950.4112181254,-1408,294
1622105616470,1622105616580,110,10,438,9845.63487460473,-29574,90
1622105616660,1622105616780,120,6,237,9036.67787345979,-19717,91
1622105616820,1622105616830,10,-1,30,1159.87100505204,-1,-1
1622105616890,1622105617110,220,7,345,15965.4625145659,-17106,95
1622105617170,1622105617330,160,10,110,6501.89776494674,-3965,151
1622105617340,1622105617360,20,2,168,7676.442348316,-1,184
1622105617420,1622105617590,170,7,86,1152.39156947902,-2263,205
1622105617719,1622105617739,20,0,39,2697.95974322741,-561,99
1622105618009,1622105618099,90,2,103,2604.95013675025,-5656,289
1622105618169,1622105618199,30,0,72,3909.69937588797,-1,12
1622105618289,1622105618299,10,-1,34,926.208633629317,-1,-1
1622105618319,1622105618329,10,-1,46,1848.69144781873,-1,-1
1622105618539,1622105618619,80,26,570,19982.3124596125,-20006,277
1622105618629,1622105618699,70,3,64,2248.29654073148,-1463,87
1622105618709,1622105618729,20,0,78,4061.88365887354,-1,94
1622105618809,1622105618989,180,11,145,5757.09928535333,-5722,87
1622105619149,1622105619169,20,0,84,5060.31974840258,-1,261
1622105619288,1622105619298,10,-1,43,1545.00118394274,-1,-1
1622105619508,1622105619518,10,-1,39,-1.0,-1,-1
1622105619828,1622105619848,20,0,38,2101.94684394828,-4,100
1622105620088,1622105620148,60,7,222,8536.3092470211,-11501,272
1622105620268,1622105620278,10,-1,46,3332.29652269636,-1,-1
1622105620628,1622105620688,60,2,73,2937.42673533162,-2613,266
1622105620907,1622105620927,20,0,42,-1.0,-5,58
1622105620937,1622105620977,40,3,141,7013.00423891375,-6984,212
1622105621417,1622105621457,40,4,170,7665.16259541295,-7402,40
1622105621477,1622105621497,20,0,33,355.237407621596,-1,81
1622105621777,1622105621807,30,1,90,2099.19207695786,-3120,274
1622105622197,1622105622237,40,1,43,771.728794028336,-781,87
1622105622257,1622105622277,20,0,96,3408.983465734,-1,96
1622105622337,1622105622347,10,-1,58,-1.0,-1,-1
1622105622377,1622105622387,10,-1,43,2202.33977712594,-1,-1
1622105622926,1622105622976,50,3,104,5915.48016438073,-2421,85
1622105623056,1622105623066,10,-1,53,-1.0,-1,-1
1622105623246,1622105623276,30,2,114,6051.57972525166,-3530,349
1622105623606,1622105623616,10,-1,42,2096.62813336948,-1,-1
1622105624046,1622105624076,30,3,225,-1.0,-10304,212
1622105624505,1622105624545,40,4,192,12209.042513153,-8796,44
1622105624695,1622105624725,30,2,107,6020.59174612261,-6653,353
1622105624935,1622105624965,30,1,335,25828.0431566477,-1,101
1622105625085,1622105625245,160,4,550,30203.9631302422,-26766,281
1622105625355,1622105625495,140,9,210,9231.12948803287,-15671,303
1622105625555,1622105625595,40,1,95,-1.0,-5335,299
1622105625714,1622105625784,70,22,727,28392.0263086966,-1,275
1622105625844,1622105625904,60,2,97,801.069462778003,-3743,49
1622105626034,1622105626094,60,20,702,18297.9678667605,-1,121
1622105626154,1622105626234,80,2,685,18432.2441201561,-35037,38
1622105626244,1622105626294,50,1,43,1077.3452129265,-1032,339
1622105626384,1622105626394,10,-1,39,1566.29953045911,-1,-1
1622105626464,1622105626504,40,4,170,9677.54973697384,-8222,359
1622105626644,1622105626684,40,3,140,8502.04012843039,-4051,19
1622105626744,1622105626754,10,-1,32,-1.0,-1,-1
1622105626794,1622105626844,50,1,55,1509.54558510334,-748,115
1622105626904,1622105627144,240,12,137,5186.89707639968,-3321,113
1622105627593,1622105627613,20,3,259,16878.4510310047,-1,280
1622105627683,1622105627813,130,6,728,31923.9035903546,-36775,245
1622105627883,1622105627903,20,0,61,3850.37710206936,-472,280
1622105627933,1622105627953,20,0,31,409.669233625042,-137,213
1622105628563,1622105628583,20,1,88,4778.21420761947,-1,70
1622105628972,1622105628982,10,-1,30,1373.87573598857,-1,-1
1622105629252,1622105629292,40,1,60,3636.60049083819,-598,29
1622105629312,1622105629332,20,4,629,41923.7156572173,-1,120
1622105629402,1622105629432,30,1,339,3551.2330516483,-27407,302
1622105629572,1622105629612,40,3,173,8455.8597063741,-7871,193
1622105629732,1622105629762,30,1,56,3147.54003144539,-2334,153
1622105630002,1622105630012,10,-1,49,4591.63198500703,-1,-1
1622105630092,1622105630102,10,-1,55,-1.0,-1,-1
1622105630182,1622105630222,40,4,167,8878.95188708549,-9960,338
1622105630312,1622105630322,10,-1,30,138.850267054329,-1,-1
1622105630512,1622105630541,29,1,75,3585.42711762662,-4886,74
1622105630701,1622105630731,30,3,171,8459.76566199447,-2105,160
1622105630791,1622105630811,20,0,45,-1.0,-15,102
1622105630821,1622105630831,10,-1,46,2568.28695005986,-1,-1
1622105630901,1622105630931,30,2,118,7158.73008770826,-5855,199
1622105631011,1622105631031,20,0,82,5249.96060746254,-1,274
1622105631241,1622105631251,10,-1,31,1062.66746897002,-1,-1
1622105631291,1622105631301,10,-1,39,1497.24802412485,-1,-1
1622105631311,1622105631331,20,2,389,24959.9741850315,-1,90
1622105631661,1622105631711,50,1,208,4235.75218041699,-12351,306
1622105631791,1622105631851,60,4,161,2319.5559628482,-9993,274
1622105631881,1622105631901,20,0,34,909.390167028663,-1,303
1622105632001,1622105632011,10,-1,38,2598.44935196973,-1,-1
1622105632161,1622105632190,29,1,58,2060.27337381254,-2013,105
1622105632300,1622105632400,100,12,247,11594.2565957738,-15868,114
1622105632690,1622105632700,10,-1,33,420.985223181275,-1,-1
1622105632720,1622105632730,10,-1,33,1511.92078190209,-1,-1
1622105632760,1622105632780,20,0,44,2661.05145429544,-1,304
1622105632810,1622105632820,10,-1,38,1708.90977688381,-1,-1
1622105632840,1622105632850,10,-1,32,1923.03836885375,-1,-1
1622105633010,1622105633100,90,26,580,20495.4513489511,-15710,298
1622105633110,1622105633120,10,-1,42,1573.82842764869,-1,-1
1622105633130,1622105633160,30,1,132,5708.1225689065,-1,121
1622105633220,1622105633250,30,2,102,3952.02996211558,-2414,15
1622105633260,1622105633290,30,0,35,1109.34294318172,-1,151
1622105633370,1622105633410,40,1,99,190.293857886368,-4342,125
1622105633460,1622105633480,20,0,33,926.618348386528,-1,128
1622105633510,1622105633540,30,0,49,2751.52239709527,-1888,108
1622105633590,1622105633610,20,0,39,752.03727099276,-1,98
1622105633670,1622105633680,10,-1,31,-1.0,-1,-1
1622105633710,1622105633740,30,1,96,6185.0712721029,-1872,39
1622105634029,1622105634059,30,1,54,1933.37361218953,-15,91
1622105634559,1622105634589,30,2,175,-1.0,-6169,253
1622105634919,1622105634969,50,3,92,4702.17029594054,-4893,19
1622105635149,1622105635159,10,-1,156,13765.6888366632,-1,-1
1622105635438,1622105635448,10,-1,46,2823.89043747184,-1,-1
1622105635708,1622105635768,60,3,145,5508.03208915837,-6794,243
1622105635828,1622105635898,70,4,376,21820.833571842,-18390,79
1622105635958,1622105636028,70,2,368,8442.81726824066,-33369,164
1622105636038,1622105636048,10,-1,89,7278.75514798409,-1,-1
1622105636108,1622105636198,90,4,73,2156.12442779723,-953,351
1622105636358,1622105636548,190,12,334,24315.9816668629,-22565,288
1622105636558,1622105636608,50,2,244,14876.3228009146,-8978,339
1622105636618,1622105636648,30,1,82,3427.50252058852,-3682,275
1622105636688,1622105636698,10,-1,31,827.395130242272,-1,-1
1622105636788,1622105636808,20,0,45,1742.12792324659,-1507,323
1622105636948,1622105636988,40,3,146,6492.43635523803,-6474,25
1622105637247,1622105637297,50,12,398,20871.9155176741,-17899,142
1622105637467,1622105637547,80,8,200,11174.4294846197,-5569,290
1622105637567,1622105637577,10,-1,38,2023.25187065687,-1,-1
1622105637607,1622105637667,60,4,127,8831.67115513343,-2901,89
1622105637917,1622105637937,20,0,36,1382.53719774211,-240,159
1622105637947,1622105637967,20,2,397,25405.503598712,-1,23
1622105638047,1622105638147,100,12,419,3814.07788383622,-14813,234
1622105638227,1622105638297,70,2,83,1587.16055238243,-5325,167
1622105638357,1622105638447,90,26,416,12064.6935042416,-13184,167
1622105638507,1622105638577,70,3,409,3664.57032810162,-31913,10
1622105638637,1622105638676,39,1,120,-1.0,-5908,1
1622105638726,1622105638736,10,-1,32,502.195101550919,-1,-1
1622105638776,1622105638846,70,15,433,21613.7587496072,-9735,303
1622105638906,1622105638946,40,1,71,1294.34701925568,-1923,83
1622105638986,1622105639006,20,0,40,1526.50318393832,-1011,57
1622105639066,1622105639096,30,1,232,17386.3765199261,-1,53
1622105639196,1622105639266,70,6,698,24404.0848745191,-47615,247
1622105639326,1622105639346,20,0,46,-1.0,-1132,340
1622105639366,1622105639386,20,0,41,1976.27610689651,-1070,309
1622105639396,1622105639406,10,-1,30,162.009505832039,-1,-1
1622105639536,1622105639546,10,-1,34,1742.35920154432,-1,-1
1622105639626,1622105639636,10,-1,53,-1.0,-1,-1
1622105640046,1622105640076,30,1,76,3290.32896421436,-1,357
1622105640525,1622105640545,20,1,151,10987.0963465787,-1,272
1622105640605,1622105640695,90,23,541,25955.6622179402,-31718,272
1622105640705,1622105640745,40,2,87,3639.23115199191,-2689,104
1622105640765,1622105640815,50,2,60,1568.37816723469,-146,115
1622105640945,1622105640965,20,0,39,1795.35136112315,-1,146
1622105641055,1622105641065,10,-1,31,1063.95494068275,-1,-1
1622105641105,1622105641115,10,-1,32,899.816536087917,-1,-1
1622105641155,1622105641175,20,0,35,1146.70079166333,-1,172
1622105641205,1622105641215,10,-1,42,3708.59758264353,-1,-1
1622105641305,1622105641345,40,1,43,516.989101753701,-827,142
1622105641395,1622105641405,10,-1,33,506.920065071428,-1,-1
1622105641515,1622105641525,10,-1,49,2391.42598892212,-1,-1
1622105641605,1622105641615,10,-1,206,-1.0,-1,-1
1622105641675,1622105641775,100,2,718,40547.8952365779,-4298,73
1622105641894,1622105641934,40,8,329,1425.41582731891,-12646,253
1622105641994,1622105642084,90,2,271,5757.70447928846,-23303,60
1622105642144,1622105642154,10,-1,39,-1.0,-1,-1
1622105642194,1622105642244,50,2,67,1900.23323617393,-1,178
1622105642304,1622105642314,10,-1,49,-1.0,-1,-1
1622105642324,1622105642364,40,1,52,1116.79742005269,-930,218
1622105642734,1622105642814,80,3,190,11303.2117352031,-191,16
1622105642874,1622105642924,50,3,110,2318.54476126331,-5587,268
1622105642954,1622105643024,70,8,262,10305.126649276,-3,257
1622105643134,1622105643174,40,10,509,17424.1912522047,-1,283
1622105643304,1622105643334,30,2,118,-1.0,-4549,80
1622105643394,1622105643464,70,2,74,3312.66597545604,-3123,104
1622105643543,1622105643663,120,3,276,14558.7750281547,-21782,168
1622105643683,1622105643693,10,-1,36,733.816372859758,-1,-1
1622105643713,1622105643743,30,3,353,16866.1189749941,-1,93
1622105643803,1622105643863,60,16,507,16798.1401996996,-20568,306
1622105643983,1622105644033,50,3,703,47437.9718602592,-47856,90
1622105644043,1622105644153,110,4,160,5977.06854367842,-8263,156
1622105644253,1622105644273,20,0,50,1293.83695336833,-1,230
1622105644313,1622105644323,10,-1,36,1454.06986465754,-1,-1
1622105644343,1622105644353,10,-1,36,2365.69268096906,-1,-1
1622105644363,1622105644463,100,33,610,19130.8251831225,-6352,69
1622105644523,1622105644533,10,-1,361,-1.0,-1,-1
1622105644593,1622105644613,20,2,107,-1.0,-319,260
1622105644633,1622105644673,40,1,56,2473.58426082389,-2285,264
1622105644803,1622105644883,80,20,435,477.023359490394,-15798,103
1622105644973,1622105645023,50,2,157,1358.09727273548,-7157,254
1622105645102,1622105645112,10,-1,46,-1.0,-1,-1
1622105645152,1622105645182,30,2,139,7253.74786686594,-1,48
1622105645242,1622105645262,20,0,34,-1.0,-10,48
1622105645292,1622105645302,10,-1,30,1763.11302541676,-1,-1
1622105645312,1622105645332,20,2,172,8302.15464096205,-1,251
1622105645542,1622105645622,80,6,470,36441.3578019963,-36085,28
1622105645692,1622105645712,20,0,350,-1.0,-30329,348
1622105645722,1622105645742,20,0,43,846.362127558588,-1,20
1622105645822,1622105645872,50,4,255,20292.5567520979,-10882,225
1622105645952,1622105645982,30,0,55,-1.0,-1957,120
1622105645992,1622105646002,10,-1,38,1949.81232895558,-1,-1
1622105646022,1622105646042,20,0,31,1528.60020121576,-1,246
1622105646292,1622105646362,70,4,244,2140.3430789942,-14607,204
1622105646432,1622105646452,20,0,34,1038.70858433461,-1,204
1622105646472,1622105646482,10,-1,43,2183.32993943855,-1,-1
1622105646502,1622105646532,30,1,65,3527.96344128568,-3172,208
1622105646562,1622105646572,10,-1,36,977.662068057837,-1,-1
1622105646691,1622105646701,10,-1,45,-1.0,-1,-1
1622105647181,1622105647211,30,1,58,3019.25950275293,-2088,244
1622105647451,1622105647501,50,1,75,2763.00352242305,-151,120
1622105647591,1622105647601,10,-1,30,523.827264758199,-1,-1
1622105647611,1622105647631,20,0,88,5611.99445791372,-1,84
1622105647691,1622105647721,30,1,72,1997.17346952518,-1472,231
1622105647791,1622105647801,10,-1,30,354.878027876068,-1,-1
1622105648111,1622105648161,50,7,276,15269.7783322338,-13175,308
1622105648241,1622105648261,20,0,34,1026.55287133976,-1,82
1622105648271,1622105648340,69,9,217,11372.7757195158,-10414,256
1622105648370,1622105648380,10,-1,33,683.797022388525,-1,-1
1622105648420,1622105648440,20,5,557,28067.3176930674,-1,68
1622105648510,1622105648560,50,1,163,6152.11010108278,-12799,158
1622105648620,1622105648630,10,-1,47,-1.0,-1,-1
1622105648650,1622105648690,40,1,63,2035.42411680075,-1,264
1622105648850,1622105648870,20,0,64,3792.60077532366,-1,171
1622105648970,1622105648990,20,1,212,11965.8065813062,-1,218
1622105649070,1622105649090,20,0,90,-1.0,-4059,199
1622105649160,1622105649210,50,13,362,19190.1817931603,-3180,29
1622105649220,1622105649250,30,0,135,12788.4211132318,-10113,68
1622105649280,1622105649310,30,0,33,410.249823443001,-88,180
1622105649700,1622105649730,30,2,124,6066.67577907578,-82,45
1622105649880,1622105649900,20,0,41,1883.44488182263,-658,90
1622105650279,1622105650299,20,0,33,980.616690895687,-180,315
1622105650329,1622105650429,100,6,138,4003.08341844396,-1102,271
1622105650509,1622105650529,20,0,79,-1.0,-3782,28
1622105650539,1622105650579,40,1,252,18809.3646618495,-1,75
1622105650689,1622105650709,20,4,482,-1.0,-13913,177
1622105650779,1622105650859,80,11,230,9348.48318139562,-9830,312
1622105650919,1622105650969,50,3,238,-1.0,-11676,254
1622105650989,1622105650999,10,-1,55,2792.15101644778,-1,-1
1622105651339,1622105651379,40,1,71,2413.11904073968,-2221,83
1622105651469,1622105651628,159,34,856,45555.5149111443,-31462,352
1622105651698,1622105651808,110,9,130,1746.92565115712,-4138,164
1622105651818,1622105651848,30,3,157,11337.0335336953,-5583,331
1622105651908,1622105652028,120,10,125,2522.64763498507,-1789,141
1622105652088,1622105652108,20,0,94,-1.0,-1464,147
1622105652188,1622105652348,160,8,90,3298.34933023644,-3489,169
1622105652368,1622105652378,10,-1,61,3494.61636597937,-1,-1
1622105652598,1622105652658,60,9,255,15297.371628167,-8885,18
1622105652738,1622105652748,10,-1,34,-1.0,-1,-1
1622105652778,1622105652798,20,0,40,2559.32554250184,-1,270
1622105652808,1622105652828,20,0,44,1577.17572289917,-1264,236
1622105652928,1622105652958,30,1,62,2849.75859631821,-1474,223
1622105653257,1622105653267,10,-1,46,3112.20166931785,-1,-1
1622105653327,1622105653347,20,0,38,297.193977673172,-1,277
1622105654577,1622105654597,20,0,142,10637.4364264454,-1,104
1622105654677,1622105654687,10,-1,97,-1.0,-1,-1
1622105654717,1622105654776,59,10,321,11461.2088613134,-14847,271
1622105654796,1622105654826,30,1,51,2490.02471343076,-1876,59
1622105654846,1622105654926,80,11,463,21957.5967590811,-12961,215
1622105655026,1622105655076,50,8,485,446.732984479374,-30973,24
1622105655136,1622105655356,220,45,567,12596.5314367294,-20554,38
1622105655436,1622105655476,40,3,116,5626.32276116874,-7235,207
1622105655556,1622105655566,10,-1,41,-1.0,-1,-1
1622105655606,1622105655616,10,-1,34,1280.99866074785,-1,-1
1622105655626,1622105655646,20,1,170,10180.0349786625,-1,220
1622105655706,1622105655726,20,0,66,-1.0,-2161,66
1622105656346,1622105656485,139,16,377,17188.5309083981,-17909,258
1622105656625,1622105656695,70,3,165,10229.9055623768,-1,137
1622105657255,1622105657295,40,1,38,1436.92838191283,-334,257
1622105657375,1622105657465,90,34,653,23749.6881893193,-26881,223
1622105657525,1622105657715,190,4,311,23934.089429976,-11435,317
1622105657745,1622105657765,20,0,72,4052.49450684449,-1,59
1622105657825,1622105657905,80,26,508,623.940937092368,-13531,52
1622105658024,1622105658694,670,19,2080,179847.527288115,-75041,307
1622105658754,1622105658774,20,0,426,-1.0,-39561,188
1622105658794,1622105658864,70,16,546,18718.5559586877,-511,116
1622105658924,1622105658934,10,-1,474,-1.0,-1,-1
1622105658994,1622105659054,60,2,79,1119.5959295873,-2950,9
1622105659064,1622105659084,20,0,93,4569.56799842566,-1,3
1622105659144,1622105659154,10,-1,72,-1.0,-1,-1
1622105659184,1622105659274,90,9,259,16379.2176666161,-14160,209
1622105659294,1622105659384,90,3,59,2004.90632414874,-1923,2
1622105659474,1622105659494,20,0,61,2423.79160506337,-1,33
1622105659564,1622105659584,20,0,42,4048.40528713395,-4,49
1622105659623,1622105659633,10,-1,41,1827.53000242471,-1,-1
1622105659643,1622105659703,60,2,69,4104.81352611602,-1780,174
1622105659823,1622105659843,20,0,30,-1.0,-2,50
1622105659903,1622105659913,10,-1,38,2036.7610869482,-1,-1
1622105659973,1622105660003,30,4,273,-1.0,-14326,345
1622105660103,1622105660163,60,4,220,2123.85537834411,-13536,21
1622105660203,1622105660313,110,7,305,19593.3311866661,-1305,348
1622105660503,1622105660593,90,11,597,12025.771957562,-46064,160
1622105660653,1622105660733,80,9,185,2822.51491491136,-6449,152
1622105660793,1622105660883,90,4,96,3872.47555817487,-4434,195
1622105660943,1622105661043,100,32,711,17296.4459138765,-30414,35
1622105661123,1622105661332,209,17,322,11738.558934646,-23008,169
1622105661412,1622105661492,80,4,88,3215.37045145278,-2856,170
1622105662212,1622105662252,40,3,149,7526.02259463415,-7856,271
1622105662732,1622105662762,30,11,1200,61150.9220700321,-1,144
1622105662891,1622105663031,140,10,587,33207.5833573247,-40696,259
1622105663091,1622105663211,120,9,419,30323.4859288964,-23601,120
1622105663221,1622105663251,30,1,88,7811.73001633411,-3876,318
1622105663271,1622105663311,40,0,85,6817.35740003283,-4130,45
1622105663371,1622105663461,90,8,479,24841.7445305726,-30072,3
1622105663471,1622105663481,10,-1,111,9016.36419193764,-1,-1
1622105663491,1622105663571,80,4,202,18876.0797719324,-9116,268
1622105663581,1622105663591,10,-1,38,1809.40798379471,-1,-1
1622105663671,1622105663731,60,3,118,311.984726985529,-4883,298
1622105663741,1622105663781,40,2,95,8332.61715265254,-2735,100
1622105663811,1622105663851,40,2,75,3219.41230374218,-2074,295
1622105663861,1622105663881,20,2,188,9004.44749442746,-1,293
1622105663941,1622105663991,50,0,71,2834.87412937644,-4168,329
1622105664031,1622105664041,10,-1,53,3281.03731380543,-1,-1
1622105664121,1622105664131,10,-1,61,-1.0,-1,-1
1622105664171,1622105664251,80,2,75,2641.29848272059,-4340,16
1622105664261,1622105664311,50,1,78,2823.99786433467,-85,347
1622105664381,1622105664451,70,3,96,3060.49210009848,-1345,321
1622105664530,1622105664670,140,11,277,11177.4341788471,-13614,290
1622105664700,1622105664710,10,-1,39,1477.12396113041,-1,-1
1622105664830,1622105664880,50,5,236,11021.8207655226,-9093,66
1622105664910,1622105664930,20,0,36,1366.35454241864,-602,129
1622105664960,1622105665010,50,1,75,2801.9064325705,-694,131
1622105665070,1622105665080,10,-1,35,-1.0,-1,-1
1622105665110,1622105665130,20,1,119,6490.64602285203,-1,122
1622105665190,1622105665350,160,7,181,1024.23146717416,-8247,153
1622105665360,1622105665390,30,1,85,3452.32591121779,-230,143
1622105665490,1622105665500,10,-1,33,-1.0,-1,-1
1622105666349,1622105666369,20,0,61,2123.0452122731,-1,94
1622105666569,1622105666589,20,2,241,13482.4468223076,-1,358
1622105666699,1622105666729,30,7,639,-1.0,-29453,344
1622105666809,1622105666829,20,1,101,6433.79206346943,-1,192
1622105666839,1622105666859,20,4,555,34807.3607842979,-1,7
1622105666919,1622105667009,90,9,160,3892.38488765923,-5173,203
1622105667069,1622105667079,10,-1,139,-1.0,-1,-1
1622105667089,1622105667119,30,0,37,1016.78302729095,-162,200
1622105667219,1622105667249,30,1,49,-1.0,-734,191
1622105667339,1622105667379,40,1,60,2236.48558880901,-1772,154
1622105667449,1622105667499,50,1,43,1221.07073903922,-188,192
1622105667818,1622105667958,140,6,563,39545.073494113,-1064,131
1622105668188,1622105668288,100,9,262,2496.12940287831,-6889,256
1622105668308,1622105668328,20,0,41,2461.01011836083,-570,212
1622105668508,1622105668528,20,0,88,5711.90863747271,-1,333
1622105668608,1622105668618,10,-1,40,-1.0,-1,-1
1622105668778,1622105668808,30,6,335,17790.2065544236,-637,234
1622105668868,1622105668988,120,11,307,12231.6257706391,-8241,257
1622105669058,1622105669218,160,28,322,18863.2884117609,-17208,154
1622105669278,1622105669367,89,22,701,57037.2092924166,-43548,11
1622105669427,1622105669517,90,4,152,5720.00924865994,-8359,346
1622105669587,1622105669647,60,1,44,3665.90917848602,-1432,30
1622105669657,1622105669667,10,-1,34,1375.55915464742,-1,-1
1622105669697,1622105669747,50,1,56,1975.06218927217,-1482,300
1622105669777,1622105669807,30,1,55,1461.51664368012,-2207,300
1622105669857,1622105669937,80,16,413,18975.3460504003,-13340,201
1622105669987,1622105669997,10,-1,782,75549.207130859,-1,-1
1622105670007,1622105670017,10,-1,762,74514.2410124547,-1,-1
1622105670027,1622105670037,10,-1,50,3498.27314146027,-1,-1
1622105671026,1622105671056,30,3,484,30011.0083304855,-1,358
1622105671146,1622105671196,50,10,484,1345.35624258758,-24029,262
1622105671206,1622105671216,10,-1,34,1301.57891645792,-1,-1
1622105671446,1622105671456,10,-1,32,2254.91467624967,-1,-1
1622105671686,1622105671716,30,7,475,-1.0,-27441,106
1622105671726,1622105671776,50,1,76,3302.51241893463,-4083,289
1622105671826,1622105671836,10,-1,45,1887.48408407676,-1,-1
1622105671846,1622105671916,70,4,143,5342.67293589373,-968,264
1622105673125,1622105673135,10,-1,43,-1.0,-1,-1
1622105674055,1622105674254,199,1,725,39685.1248964066,-44566,171
1622105674304,1622105674314,10,-1,31,595.975754271234,-1,-1
1622105675294,1622105675494,200,25,856,53588.8458417321,-71705,275
1622105675614,1622105675684,70,28,583,31315.2371692499,-14493,99
1622105675753,1622105675763,10,-1,47,-1.0,-1,-1
1622105675813,1622105675833,20,0,62,2840.94811827036,-1,303
1622105675933,1622105675963,30,1,69,3395.36670315151,-459,94
1622105676173,1622105676183,10,-1,35,2536.74379946143,-1,-1
1622105676903,1622105676933,30,1,82,3789.98395735211,-2624,163
1622105677652,1622105677672,20,2,473,33453.5855665347,-1,100
1622105677772,1622105677792,20,1,343,-1.0,-816,253
1622105677852,1622105677872,20,0,113,-1.0,-7120,270
1622105678552,1622105678622,70,10,258,14382.4754779501,-15749,268
1622105678632,1622105678642,10,-1,30,893.28879744615,-1,-1
1622105679621,1622105679651,30,1,60,2557.7549163654,-1465,309
1622105679781,1622105679821,40,4,175,11387.0462977092,-9881,141
1622105680101,1622105680131,30,10,498,26894.4193951766,-22974,84
1622105680161,1622105680261,100,15,369,23326.2892672658,-15957,281
1622105680351,1622105680371,20,1,179,10671.2404307871,-1,310
1622105680471,1622105680481,10,-1,49,-1.0,-1,-1
1622105680830,1622105680880,50,7,220,12607.9727411643,-10268,231
1622105681040,1622105681050,10,-1,43,-1.0,-1,-1
1622105681080,1622105681110,30,1,88,4763.84013251425,-2285,185
1622105681150,1622105681180,30,1,72,3085.41547595043,-2942,22
1622105681330,1622105681710,380,3,523,37856.1611100781,-30032,251
1622105681770,1622105681890,120,6,112,4218.05444409753,-5260,318
1622105681900,1622105681950,50,1,45,896.580754062619,-660,313
1622105681960,1622105681980,20,0,45,1326.25588875262,-1,20
1622105681990,1622105682030,40,3,113,9862.01128400305,-1184,228
1622105682090,1622105682100,10,-1,43,-1.0,-1,-1
1622105682120,1622105682190,70,2,65,3248.17197008363,-1533,27
1622105682200,1622105682299,99,3,131,6591.68105683084,-6569,341
1622105682379,1622105682439,60,2,49,1352.03994607651,-785,29
1622105682479,1622105682549,70,6,195,8211.99967613529,-7582,346
1622105682889,1622105682929,40,4,206,12685.1680771885,-4628,282
1622105683009,1622105683019,10,-1,39,-1.0,-1,-1
1622105683149,1622105683179,30,3,159,7141.01236587703,-4649,342
1622105683349,1622105683359,10,-1,30,1510.24733489549,-1,-1
1622105683419,1622105683449,30,1,90,3498.59574068492,-1405,260
1622105683469,1622105683529,60,2,98,2839.30113012872,-1,103
1622105683589,1622105683649,60,11,1468,94205.6546832427,-4325,156
1622105683709,1622105683779,70,3,1056,23449.2839161426,-92208,337
1622105683868,1622105683998,130,7,95,3828.43605277109,-2314,223
1622105684028,1622105684048,20,0,60,2476.44404189112,-1,209
1622105684228,1622105684248,20,0,46,1864.18406773929,-1,253
1622105684348,1622105684378,30,1,99,4457.70102671855,-1,346
1622105684458,1622105684538,80,13,302,17270.9417857534,-9516,80
1622105684568,1622105684658,90,4,68,1617.43783398312,-1215,238
1622105684768,1622105684778,10,-1,225,19915.6253212905,-1,-1
1622105684928,1622105685058,130,17,697,16687.2010614047,-31184,242
1622105685118,1622105685208,90,6,110,2925.52944225442,-5485,208
1622105685268,1622105685328,60,2,80,1770.98811422149,-2401,186
1622105685457,1622105685477,19,0,48,-1.0,-1000,180
1622105685507,1622105685557,50,1,64,2989.65352204485,-2151,181
1622105685587,1622105685627,40,1,90,2741.46686480913,-1,198
1622105685707,1622105685757,50,2,104,3875.46775657258,-1871,210
1622105685907,1622105685997,90,3,208,8777.75889746804,-15234,34
1622105686007,1622105686047,40,5,199,11220.3275431005,-5855,224
1622105686107,1622105686127,20,0,67,39.4907408626764,-1,284
1622105686137,1622105686187,50,6,392,17131.366558534,-3558,214
1622105686247,1622105686327,80,25,1189,16930.2844695921,-45744,259
1622105686387,1622105686467,80,6,140,1204.3755488012,-3832,7
1622105686477,1622105686527,50,2,78,4812.22551035935,-205,310
1622105686537,1622105686547,10,-1,56,3436.60243376707,-1,-1
1622105686687,1622105686737,50,11,394,21107.8008993274,-18505,73
1622105686747,1622105686767,20,0,78,5401.6774025831,-72,258
1622105686837,1622105686917,80,3,157,8268.70392414062,-10400,74
1622105686927,1622105686967,40,0,70,3551.66224499575,-1327,189
1622105687017,1622105687027,10,-1,43,1699.34288747982,-1,-1
1622105687106,1622105687136,30,0,92,900.913497193888,-6069,151
1622105687176,1622105687266,90,19,441,18766.8007129449,-14755,344
1622105687276,1622105687316,40,2,68,4099.94151069227,-3,115
1622105687376,1622105687396,20,0,44,10.5224444384938,-1,127
1622105687406,1622105687496,90,4,84,3069.73896175679,-3069,96
1622105687536,1622105687596,60,4,135,7267.33555405503,-6,189
1622105687676,1622105687696,20,0,37,-1.0,-74,180
1622105687746,1622105687896,150,36,415,23022.9717763407,-14039,207
1622105687956,1622105688046,90,16,1275,1184.27957879873,-61667,293
1622105688136,1622105688206,70,12,568,47446.0675241969,-44581,249
1622105688456,1622105688476,20,0,70,-1.0,-1144,270
1622105688486,1622105688516,30,1,88,3588.79837414976,-2711,260
1622105688626,1622105688705,79,6,270,10331.9218635756,-16112,274
1622105688735,1622105688765,30,0,120,7866.84550249668,-869,332
1622105688785,1622105688825,40,6,2228,220427.167001041,-196697,316
1622105688845,1622105688985,140,5,455,29657.9737975602,-32295,29
1622105689035,1622105689045,10,-1,30,843.845231544802,-1,-1
1622105689055,1622105689065,10,-1,40,2436.18729779223,-1,-1
1622105689135,1622105689175,40,1,85,2807.20410036326,-1,305
1622105689255,1622105689325,70,4,116,4547.1928733975,-3841,262
1622105689385,1622105689395,10,-1,52,-1.0,-1,-1
1622105689405,1622105689475,70,9,334,19907.3236251661,-13021,173
1622105689685,1622105689695,10,-1,168,-1.0,-1,-1
1622105689705,1622105689725,20,0,38,1508.23972040364,-211,0
1622105689735,1622105689805,70,8,232,8910.92793416724,-9542,345
1622105689825,1622105689845,20,0,36,1060.13588947188,-1,20
1622105690045,1622105690065,20,0,53,1868.29406769802,-1,153
1622105690095,1622105690125,30,2,97,4486.9031296778,-4235,10
1622105690215,1622105690294,79,3,158,12653.8851792335,-7901,133
1622105690324,1622105690344,20,0,59,3054.77239857116,-1855,150
1622105690554,1622105690594,40,4,171,5401.81830079642,-1,340
1622105690824,1622105690914,90,2,1238,14814.0084403535,-93600,142
1622105690974,1622105690984,10,-1,38,-1.0,-1,-1
1622105691024,1622105691034,10,-1,42,1661.90877984533,-1,-1
1622105691154,1622105691164,10,-1,72,4647.93676090434,-1,-1
1622105691284,1622105691304,20,3,400,15132.4615677803,-1,116
1622105691454,1622105691644,190,13,181,10574.7308201244,-13233,330
1622105691714,1622105691764,50,8,308,14897.2952588451,-16048,266
1622105691774,1622105691784,10,-1,50,2284.18426017074,-1,-1
1622105691893,1622105691963,69,13,400,16649.052763103,-17242,61
1622105692013,1622105692033,20,0,39,1857.12302513445,-1,123
1622105692043,1622105692063,20,1,114,7091.26944259282,-1,182
1622105692123,1622105692133,10,-1,32,-1.0,-1,-1
1622105692143,1622105692163,20,0,37,2113.83121000889,-1,327
1622105692533,1622105692593,60,16,500,23394.068237251,-2433,50
1622105692693,1622105692743,50,12,316,7193.43245256157,-4937,341
1622105692803,1622105692863,60,5,264,2913.20762736966,-13313,179
1622105692873,1622105692893,20,0,92,5199.79247065353,-1,150
1622105692953,1622105693033,80,4,111,4489.36160943891,-362,182
1622105693163,1622105693183,20,0,51,1516.09977822046,-1,251
1622105693273,1622105693283,10,-1,32,1402.0364211657,-1,-1
1622105693303,1622105693323,20,0,103,6688.96137647108,-1,261
1622105693403,1622105693423,20,0,68,-1.0,-2493,270
1622105693433,1622105693453,20,0,34,2167.19087143895,-45,113
1622105693463,1622105693503,40,2,126,4601.84669573996,-1,100
1622105693512,1622105693592,79,13,381,19658.1675627174,-13603,221
1622105693772,1622105693792,20,0,57,4509.16982130333,-804,307
1622105693822,1622105693842,20,3,466,29957.0872879676,-1,46
1622105693912,1622105694022,110,6,678,18582.8213099578,-47584,111
1622105694102,1622105694112,10,-1,41,-1.0,-1,-1
1622105694142,1622105694212,70,3,66,2046.51853911596,-773,252
1622105694242,1622105694292,50,1,53,2118.41886848414,-1171,239
1622105694352,1622105694372,20,0,71,-1.0,-3579,257
1622105694522,1622105694582,60,9,256,4879.52652228193,-11308,286
1622105694862,1622105694892,30,0,40,1034.78337493676,-687,63
1622105694972,1622105694992,20,0,49,2240.53774766261,-1058,68
1622105695002,1622105695062,60,2,68,1389.19097475817,-2310,80
1622105695102,1622105695161,59,6,144,4669.26287617309,-7582,264
1622105695251,1622105695261,10,-1,51,-1.0,-1,-1
1622105695411,1622105695461,50,3,113,6597.90928970288,-3718,72
1622105695801,1622105695811,10,-1,37,899.077685584553,-1,-1
1622105695841,1622105695871,30,1,124,4583.1666308909,-1,270
1622105695961,1622105696011,50,3,153,5543.04182497636,-7585,182
1622105696031,1622105696161,130,10,102,4352.76494161374,-2356,335
1622105696251,1622105696281,30,1,75,5343.51140978456,-2875,107
1622105696571,1622105696591,20,1,131,8310.83103947533,-1,305
1622105696790,1622105696860,70,3,95,5680.10488025084,-3696,126
1622105697050,1622105697060,10,-1,31,-1.0,-1,-1
1622105697330,1622105697410,80,29,704,26408.3527838576,-19481,138
1622105697470,1622105697560,90,3,77,717.750725353619,-3573,286
1622105697570,1622105697580,10,-1,46,3378.4976262881,-1,-1
1622105697640,1622105697660,20,2,275,-1.0,-9405,244
1622105697670,1622105697680,10,-1,38,1289.6910825854,-1,-1
1622105697810,1622105697820,10,-1,508,-1.0,-1,-1
1622105697920,1622105697930,10,-1,35,996.004875216193,-1,-1
1622105697940,1622105697960,20,0,63,2969.52101672382,-1,14
1622105697970,1622105698010,40,10,688,28696.4417616151,-1,204
1622105698070,1622105698150,80,9,649,31789.4824656343,-41547,46
1622105698210,1622105698250,40,9,473,31903.4266390427,-18155,300
1622105698260,1622105698280,20,0,43,2859.98583314221,-1,325
1622105698290,1622105698300,10,-1,247,23737.5725616223,-1,-1
1622105698359,1622105698429,69,7,850,62933.4678316058,-60858,150
1622105698489,1622105698529,40,1,47,43.2334935558835,-1272,109
1622105698539,1622105698559,20,0,52,2247.18703489928,-1,123
1622105698739,1622105698859,120,33,514,14696.1277923634,-25912,226
1622105699259,1622105699359,100,8,294,14288.6010011756,-10270,337
1622105699419,1622105699429,10,-1,34,1202.50238342877,-1,-1
1622105699449,1622105699459,10,-1,40,2472.6051458707,-1,-1
1622105699539,1622105699559,20,0,41,1011.61656703744,-1,157
1622105699569,1622105699579,10,-1,75,5731.21092621441,-1,-1
1622105699589,1622105699619,30,2,158,5280.79847075779,-1,107
1622105699629,1622105699709,80,6,124,4389.28409658387,-4005,279
1622105699809,1622105699899,90,10,464,2701.65806203541,-21785,273
1622105699929,1622105699958,29,1,78,3372.00623151495,-3396,202
1622105699988,1622105700008,20,0,35,1260.80087149221,-360,149
1622105700018,1622105700028,10,-1,53,2618.39501252149,-1,-1
1622105700108,1622105700118,10,-1,45,-1.0,-1,-1
1622105700158,1622105700178,20,0,206,16723.5770786442,-1,70
1622105700238,1622105700278,40,8,306,26406.557403508,-13025,83
1622105700308,1622105700328,20,0,89,3697.18938687779,-1,242
1622105700448,1622105700458,10,-1,36,1059.64184221912,-1,-1
1622105700508,1622105700588,80,11,244,10549.9728335309,-10475,230
1622105700698,1622105700748,50,10,391,13642.2728615276,-1525,263
1622105700868,1622105700878,10,-1,34,2343.75444677664,-1,-1
1622105701368,1622105701428,60,15,475,26369.6116743757,-21190,83
1622105701488,1622105701498,10,-1,40,-1.0,-1,-1
1622105701508,1622105701538,30,0,38,1797.81827326252,-501,277
1622105701548,1622105701577,29,2,424,33871.1379383568,-1,166
1622105701637,1622105701737,100,16,335,7799.12958474924,-15931,231
1622105701757,1622105701777,20,0,43,1348.33387111031,-1,50
1622105701797,1622105701827,30,8,439,26649.2083690069,-1,349
1622105701907,1622105701957,50,3,147,7648.09916362825,-4596,145
1622105701977,1622105702097,120,6,102,4650.14068201914,-3566,302
1622105702167,1622105702177,10,-1,46,-1.0,-1,-1
1622105702227,1622105702247,20,0,32,1175.74862176182,-1,254
1622105702307,1622105702317,10,-1,30,-1.0,-1,-1
1622105702387,1622105702397,10,-1,76,5984.85038898117,-1,-1
1622105702627,1622105702637,10,-1,43,4112.7340019896,-1,-1
1622105702647,1622105702657,10,-1,48,4111.72998175397,-1,-1
1622105702747,1622105702787,40,10,511,43992.3687542221,-4695,77
1622105702857,1622105702867,10,-1,624,-1.0,-1,-1
1622105702987,1622105703067,80,10,573,24611.1799164718,-24479,355
1622105703296,1622105703346,50,20,567,23614.6262358941,-3530,184
1622105703406,1622105703426,20,0,605,-1.0,-56715,151
1622105703436,1622105703466,30,6,313,25621.4715418229,-4945,340
1622105703536,1622105703616,80,3,344,21047.6467341816,-22137,261
1622105703676,1622105703726,50,0,482,42642.5263802069,-2236,156
1622105703746,1622105703776,30,5,258,12821.5228850023,-1,120
1622105703786,1622105703886,100,2,463,44958.7427894134,-33423,236
1622105703956,1622105704006,50,10,291,762.158044204364,-14648,46
1622105704246,1622105704316,70,4,180,12352.5710827538,-5302,270
1622105704376,1622105704416,40,11,700,-1.0,-35516,261
1622105704466,1622105704496,30,1,71,2604.99924552826,-3908,93
1622105704516,1622105704536,20,0,41,2008.20553911913,-1,81
1622105704566,1622105704576,10,-1,693,67526.2971996764,-1,-1
1622105704636,1622105704716,80,7,473,21704.5602180191,-22401,338
1622105704945,1622105704975,30,2,158,-1.0,-7258,252
1622105704985,1622105705045,60,3,123,7351.43011416909,-5056,124
1622105705075,1622105705085,10,-1,33,1310.27616045878,-1,-1
1622105705665,1622105705735,70,18,364,13769.3602779509,-19151,161
1622105705805,1622105705815,10,-1,66,-1.0,-1,-1
1622105705845,1622105705865,20,0,202,15806.6527407377,-1,0
1622105705935,1622105705945,10,-1,51,-1.0,-1,-1
1622105706205,1622105706225,20,1,162,-1.0,-7599,57
1622105706385,1622105706404,19,0,35,654.847806097254,-1,249
1622105706484,1622105706504,20,1,159,-1.0,-7767,155
1622105706564,1622105706594,30,1,48,1387.81826379049,-1530,255
1622105706624,1622105706634,10,-1,32,1328.39787505495,-1,-1
1622105706704,1622105706724,20,0,66,2767.90129154249,-1,233
1622105706814,1622105706844,30,3,251,9345.47222058126,-2247,235
1622105706904,1622105706954,50,2,100,3363.8080859179,-4328,286
1622105706984,1622105706994,10,-1,37,1921.29447993984,-1,-1
1622105707074,1622105707114,40,4,467,30101.1974920817,-7449,339
1622105707174,1622105707234,60,12,370,-1.0,-10971,276
1622105707244,1622105707274,30,0,57,2027.33612343129,-466,119
1622105707334,1622105707344,10,-1,64,-1.0,-1,-1
1622105707374,1622105707414,40,2,91,4996.74636554398,-4747,168
1622105707504,1622105707534,30,4,437,21418.5011271609,-1,252
1622105707634,1622105707664,30,1,45,-1.0,-30,236
1622105707674,1622105707764,90,3,307,17679.9870872304,-15551,13
1622105707774,1622105707784,10,-1,34,1346.17541830801,-1,-1
1622105707804,1622105707864,60,6,313,22771.21779039,-27650,38
1622105707924,1622105707964,40,5,379,13251.8659373494,-633,112
1622105708024,1622105708073,49,8,944,44689.9385211298,-74960,87
1622105708083,1622105708143,60,4,399,23239.6247673309,-22329,268
1622105708153,1622105708173,20,0,49,3080.72245780486,-1,283
1622105708183,1622105708193,10,-1,37,2946.21577180766,-1,-1
1622105708433,1622105708453,20,0,70,4166.13159195927,-1,115
1622105708463,1622105708483,20,0,43,3142.47452237416,-1,285
1622105708513,1622105708533,20,1,74,3283.50123289091,-1,261
1622105708563,1622105708583,20,0,49,1968.45162721964,-1,270
1622105708843,1622105708873,30,1,96,5795.43337417793,-4970,7
1622105709043,1622105709113,70,10,256,170.525601915296,-5586,280
1622105709253,1622105709263,10,-1,104,7730.46842951392,-1,-1
1622105709343,1622105709413,70,7,798,-1.0,-72156,224
1622105709473,1622105709533,60,1,350,33470.9284706677,-13592,12
1622105709593,1622105709613,20,0,49,1319.95922348815,-1,32
1622105709623,1622105709682,59,10,297,18571.3632646779,-14314,185
1622105709692,1622105709712,20,2,270,25807.1426619051,-16160,44
1622105709772,1622105709812,40,5,275,13047.6962515866,-1,129
1622105709872,1622105709962,90,4,329,9779.08623599858,-22643,94
1622105710022,1622105710052,30,3,272,2021.1062948899,-9220,255
1622105710062,1622105710172,110,20,599,29309.9075613679,-24762,51
1622105710482,1622105710512,30,5,370,17353.0823963197,-1,44
1622105710592,1622105710602,10,-1,65,-1.0,-1,-1
1622105710782,1622105710812,30,9,1164,70561.6949738216,-1,357
1622105710882,1622105710922,40,10,1286,-1.0,-86798,258
1622105710942,1622105710962,20,0,47,1927.67286437785,-1,158
1622105711421,1622105711521,100,27,445,11409.2793210461,-16564,88
1622105711901,1622105711911,10,-1,110,-1.0,-1,-1
1622105711991,1622105712011,20,0,92,-1.0,-5346,48
1622105712081,1622105712091,10,-1,34,2863.2255835246,-1,-1
1622105712781,1622105712811,30,2,122,6503.26844471385,-4813,116
1622105712930,1622105712940,10,-1,46,2235.03888977611,-1,-1
1622105713000,1622105713020,20,0,33,-1.0,-233,339
1622105713090,1622105713140,50,2,61,2471.43282144406,-1641,282
1622105713300,1622105713310,10,-1,50,-1.0,-1,-1
1622105713520,1622105713540,20,0,56,2010.25715386699,-1,245
1622105713600,1622105713610,10,-1,35,-1.0,-1,-1
1622105713650,1622105713660,10,-1,50,3058.73274419582,-1,-1
1622105713870,1622105713880,10,-1,99,-1.0,-1,-1
1622105713890,1622105713920,30,0,34,989.047452222967,-399,135
1622105713940,1622105713960,20,0,58,1965.23541590918,-1,114
1622105714080,1622105714140,60,11,363,14172.0769174059,-17877,40
1622105714240,1622105714260,20,0,55,2520.8490405671,-1,168
1622105714330,1622105714390,60,16,486,17814.7412822019,-7946,286
1622105714519,1622105714559,40,3,109,-1.0,-4150,122
1622105714579,1622105714629,50,3,87,4978.07485087363,-1052,118
1622105714639,1622105714679,40,2,116,10146.7581615204,-4331,334
1622105714719,1622105714729,10,-1,33,549.549301148203,-1,-1
1622105714789,1622105714809,20,1,67,2731.99535956109,-1,128
1622105714939,1622105714969,30,1,248,20140.7837462843,-123,84
1622105715039,1622105715059,20,4,548,-1.0,-30248,110
1622105715159,1622105715189,30,1,72,1497.4038160003,-2971,282
1622105715239,1622105715329,90,13,355,15542.1465708733,-12103,256
1622105715359,1622105715369,10,-1,55,3541.34471621769,-1,-1
1622105715489,1622105715509,20,0,71,5744.7665927784,-12,317
1622105715709,1622105715809,100,19,452,20411.4667714991,-16823,89
1622105715929,1622105715949,20,0,48,1775.47574057089,-1,270
1622105716079,1622105716108,29,5,267,14268.1592092163,-10970,108
1622105716128,1622105716148,20,0,31,974.503898696786,-1,116
1622105716218,1622105716228,10,-1,64,3903.30972623239,-1,-1
1622105716288,1622105716298,10,-1,35,-1.0,-1,-1
1622105716418,1622105716428,10,-1,36,-1.0,-1,-1
1622105716768,1622105716788,20,1,192,9941.32178027858,-1,39
1622105716928,1622105716988,60,3,85,5270.52072344413,-3656,264
1622105717158,1622105717188,30,2,100,4249.82677713753,-4215,332
1622105717747,1622105717787,40,5,213,13063.9593107763,-12333,354
1622105718117,1622105718187,70,34,1658,-1.0,-71999,275
1622105718197,1622105718227,30,0,42,1013.12030622934,-1,102
1622105718387,1622105718397,10,-1,48,-1.0,-1,-1
1622105718527,1622105718577,50,13,502,19255.3398341946,-1,130
1622105718657,1622105718677,20,0,91,-1.0,-3531,100
1622105718917,1622105718937,20,0,65,-1.0,-3221,333
1622105719097,1622105719157,60,16,417,18409.8920084132,-11959,324
1622105719237,1622105719436,199,17,457,16838.7705631344,-31388,158
1622105719516,1622105719536,20,1,89,-1.0,-4003,67
1622105719576,1622105719596,20,1,89,4337.81838345324,-1,60
1622105719756,1622105719846,90,16,631,46032.6497785253,-47485,86
1622105719926,1622105719996,70,5,559,290.232447892291,-40342,74
1622105720036,1622105720076,40,1,50,1105.06679512802,-36,86
1622105720126,1622105720146,20,2,183,9873.56770876974,-1,271
1622105720206,1622105720216,10,-1,99,-1.0,-1,-1
1622105720336,1622105720356,20,1,162,-1.0,-8798,191
1622105720516,1622105720746,230,38,725,33389.3882620798,-39593,223
1622105720766,1622105720826,60,7,441,19505.3919469914,-21024,33
1622105720906,1622105720926,20,0,76,-1.0,-3067,350
1622105720985,1622105721095,110,35,2433,102075.367399114,-188242,42
1622105721245,1622105721265,20,1,295,20269.8387024406,-1,250
1622105721325,1622105721355,30,2,185,-1.0,-9093,42
1622105721365,1622105721375,10,-1,33,951.09597422746,-1,-1
1622105721475,1622105721545,70,2,77,514.140104883737,-3472,237
1622105721615,1622105721635,20,0,32,754.263068636594,-32,262
1622105721645,1622105721655,10,-1,32,450.823331469959,-1,-1
1622105721665,1622105721695,30,1,79,2558.07030166394,-2820,240
1622105721735,1622105721755,20,0,46,2265.28453894912,-1587,51
1622105722325,1622105722385,60,13,318,19597.2578984897,-6918,237
1622105722834,1622105722844,10,-1,188,-1.0,-1,-1
1622105722984,1622105722994,10,-1,112,-1.0,-1,-1
1622105723144,1622105723344,200,21,538,45173.6976445768,-16337,43
1622105723404,1622105723494,90,2,351,5513.04911346702,-13317,245
1622105723574,1622105723614,40,1,70,2552.76990115192,-2187,228
1622105723634,1622105723644,10,-1,41,1966.83164357883,-1,-1
1622105723724,1622105723794,70,5,535,45180.4952207062,-8180,122
1622105723854,1622105723904,50,8,1363,10194.4781819209,-102402,290
1622105723974,1622105723984,10,-1,46,2231.53867527232,-1,-1
1622105724034,1622105724044,10,-1,1402,137917.322170263,-1,-1
1622105724143,1622105724173,30,18,909,59574.0367550948,-2070,207
1622105724263,1622105724293,30,3,473,-1.0,-32423,346
1622105724553,1622105724573,20,2,242,547.377379881382,-1,163
1622105724683,1622105724713,30,1,239,-1.0,-15807,221
1622105724723,1622105724753,30,0,38,2957.56238654836,-1,296
1622105724853,1622105724863,10,-1,107,-1.0,-1,-1
1622105724873,1622105724893,20,1,65,3182.41263498948,-1,58
1622105724923,1622105724943,20,0,37,1154.67101714043,-6,45
1622105725003,1622105725043,40,6,272,13069.3026254483,-15613,19
1622105725153,1622105725173,20,0,81,-1.0,-2615,55
1622105725213,1622105725293,80,12,409,23510.3488056521,-15376,289
1622105725303,1622105725343,40,1,90,7048.06720771757,-5030,260
1622105725573,1622105725623,50,8,370,-1.0,-16272,104
1622105725743,1622105725753,10,-1,45,-1.0,-1,-1
1622105725763,1622105725802,39,6,281,16766.0760093012,-16744,147
1622105726042,1622105726062,20,0,127,-1.0,-9136,200
1622105726232,1622105726282,50,4,176,9241.58191574907,-8799,17
1622105726672,1622105726692,20,6,789,-1.0,-36709,262
1622105726762,1622105726782,20,0,37,1998.93461913997,-1,100
1622105726792,1622105726812,20,1,72,4429.93755565477,-2060,74
1622105726842,1622105726882,40,1,46,2821.16169443102,-118,217
1622105727322,1622105727332,10,-1,33,-1.0,-1,-1
1622105727342,1622105727372,30,0,83,4327.45252748718,-2446,308
1622105727451,1622105727511,60,6,421,21833.1149929545,-29681,96
1622105727691,1622105727711,20,0,34,1002.4436420541,-1,253
1622105727771,1622105727781,10,-1,33,1805.74897243664,-1,-1
1622105727931,1622105727971,40,4,200,10812.3973325739,-10532,346
1622105728241,1622105728301,60,6,245,12718.0871347526,-9757,190
1622105728431,1622105728461,30,3,172,9076.14302361733,-7521,6
1622105728741,1622105728791,50,8,283,14891.3093717479,-11386,178
1622105729010,1622105729070,59,12,363,19465.231488628,-19599,157
1622105729170,1622105729180,10,-1,86,-1.0,-1,-1
1622105729230,1622105729240,10,-1,30,2623.09823871346,-1,-1
1622105729300,1622105729340,40,4,365,-1.0,-15299,321
1622105729490,1622105729530,40,8,300,17271.6190763454,-11362,154
1622105729740,1622105729780,40,8,367,16027.4265175904,-1,20
1622105729840,1622105729890,50,2,159,6569.06965759038,-9685,302
1622105730020,1622105730050,30,3,278,14155.4545314048,-1,8
1622105730170,1622105730220,50,13,495,20716.2974664348,-1,351
1622105730310,1622105730410,100,12,727,19428.4946701495,-30784,207
1622105730470,1622105730580,110,7,138,5387.52047943394,-4968,154
1622105731179,1622105731189,10,-1,32,2099.52274602493,-1,-1
1622105731409,1622105731569,160,22,494,8307.68018529568,-15064,131
1622105731689,1622105731899,210,13,483,33293.6795399293,-16929,311
1622105731959,1622105731969,10,-1,30,-1.0,-1,-1
1622105731979,1622105731999,20,0,33,430.175153312777,-245,303
1622105732139,1622105732199,60,3,127,6776.39080301648,-5662,100
1622105732209,1622105732219,10,-1,50,2744.46452891123,-1,-1
1622105732258,1622105732278,20,1,68,4324.65458812462,-110,87
1622105732288,1622105732308,20,6,619,33466.1989034135,-1,86
1622105732318,1622105732348,30,13,650,55409.5535099978,-1,268
1622105732408,1622105732428,20,1,189,-1.0,-11453,260
1622105732438,1622105732468,30,1,52,2624.62748685896,-1738,90
1622105732488,1622105732498,10,-1,35,1246.92071176805,-1,-1
1622105732508,1622105732598,90,9,155,7876.09072010566,-4737,255
1622105732618,1622105732698,80,4,87,2520.14550569494,-3875,92
1622105732868,1622105732878,10,-1,31,1953.76942171937,-1,-1
1622105732958,1622105733148,190,28,835,48558.5271066768,-51640,105
1622105733158,1622105733188,30,1,65,3966.05597277148,-3480,248
1622105733238,1622105733248,10,-1,32,417.659910665839,-1,-1
1622105733408,1622105733428,20,1,168,11710.9905520929,-1,45
1622105733488,1622105733498,10,-1,62,-1.0,-1,-1
1622105733867,1622105733907,40,5,206,8918.09857600604,-427,114
1622105734037,1622105734057,20,0,78,-1.0,-4373,296
1622105734097,1622105734107,10,-1,35,2225.23047246009,-1,-1
1622105734167,1622105734187,20,1,170,-1.0,-9785,263
1622105734337,1622105734347,10,-1,31,467.995360579667,-1,-1
1622105734367,1622105734377,10,-1,56,4325.91465511923,-1,-1
1622105734437,1622105734447,10,-1,34,-1.0,-1,-1
1622105734767,1622105734817,50,0,99,8364.00712178816,-3108,79
1622105735067,1622105735087,20,1,71,4516.58305176871,-2784,90
1622105735267,1622105735317,50,4,415,20368.1065408632,-33464,249
1622105735646,1622105735666,20,1,75,4221.83376462218,-1,78
1622105735676,1622105735696,20,0,39,2919.78866436889,-13,262
1622105735716,1622105735776,60,17,471,20779.0371599772,-28310,21
1622105735906,1622105735916,10,-1,54,3507.85426501574,-1,-1
1622105735996,1622105736066,70,15,914,18791.2451804779,-50114,228
1622105736176,1622105736196,20,1,92,101.083663466538,-1,353
1622105736206,1622105736356,150,3,258,13570.2236605414,-19290,96
1622105736366,1622105736376,10,-1,134,10729.8208434743,-1,-1
1622105736436,1622105736506,70,5,237,6293.57299396383,-11340,74
1622105736566,1622105736696,130,4,236,17366.0010287077,-11681,31
1622105736716,1622105736776,60,3,262,16759.80269426,-12346,108
1622105736836,1622105736936,100,2,141,9849.49313396894,-8854,357
1622105736956,1622105736996,40,2,135,9816.49909901946,-6664,258
1622105737016,1622105737046,30,1,80,2883.18942733947,-1,265
1622105737125,1622105737145,20,3,192,-1.0,-8582,108
1622105737165,1622105737175,10,-1,61,4149.48003326942,-1,-1
1622105737185,1622105737205,20,0,75,6558.78539512171,-4112,118
1622105737225,1622105737235,10,-1,54,3437.21450847673,-1,-1
1622105737265,1622105737315,50,12,550,37957.5213447813,-15987,316
1622105737375,1622105737385,10,-1,212,-1.0,-1,-1
1622105737465,1622105737525,60,2,52,1226.75893869988,-2088,197
1622105737605,1622105737615,10,-1,54,2813.08290305691,-1,-1
1622105737675,1622105737815,140,8,1221,100612.029239529,-41833,244
1622105737975,1622105738005,30,2,105,5490.02192982484,-4067,109
1622105738145,1622105738175,30,1,462,40874.2206430151,-1,54
1622105738295,1622105738405,110,2,1168,12443.8031938701,-102610,347
1622105738425,1622105738445,20,0,76,3940.43650369769,-1,236
1622105738615,1622105738685,70,3,239,17197.445998688,-39,102
1622105738884,1622105739004,120,7,115,1962.78227910799,-3050,284
1622105739014,1622105739064,50,4,190,10497.7600190451,-8548,277
1622105739134,1622105739144,10,-1,35,1510.20186116888,-1,-1
1622105739834,1622105739854,20,0,33,2317.25354775001,-1,77
1622105739944,1622105739954,10,-1,31,2191.46360189828,-1,-1
1622105740034,1622105740044,10,-1,62,-1.0,-1,-1
1622105740923,1622105740953,30,1,92,5300.12687008382,-3843,206
1622105741183,1622105741203,20,1,138,-1.0,-7859,282
1622105741503,1622105741513,10,-1,35,1002.7728688246,-1,-1
1622105741523,1622105741593,70,7,240,11412.3699892369,-10090,174
1622105741623,1622105741763,140,9,250,8459.08386675243,-6436,287
1622105741783,1622105741863,80,5,144,6720.94765148477,-1226,106
1622105741922,1622105741992,70,45,2027,13646.6757034445,-90889,305
1622105742002,1622105742012,10,-1,30,92.5653478951787,-1,-1
1622105742022,1622105742042,20,0,40,2269.79089012347,-679,0
1622105742132,1622105742142,10,-1,45,2068.66465562087,-1,-1
1622105742402,1622105742462,60,9,310,15538.9837818008,-17348,85
1622105742582,1622105742602,20,0,42,1614.96205285278,-253,257
1622105742642,1622105742652,10,-1,30,683.718228661778,-1,-1
1622105742722,1622105742772,50,7,267,12870.2760376529,-10452,263
1622105742802,1622105742812,10,-1,33,1727.67366892241,-1,-1
1622105742862,1622105742882,20,0,59,3229.29222388392,-1,262
1622105743122,1622105743132,10,-1,30,384.463210040961,-1,-1
1622105743152,1622105743162,10,-1,31,906.982744018153,-1,-1
1622105743412,1622105743581,169,33,586,21603.8192647132,-18734,45
1622105743651,1622105743721,70,3,76,2271.37491318813,-2951,202
1622105743771,1622105743841,70,30,876,31688.0721955586,-43019,323
1622105743901,1622105743931,30,2,132,-1.0,-6654,164
1622105743951,1622105744221,270,16,182,10033.5677196424,-7612,161
1622105744341,1622105744361,20,0,41,-1.0,-259,153
1622105744421,1622105744431,10,-1,36,1434.77650955289,-1,-1
1622105744491,1622105744511,20,0,52,-1.0,-1580,175
1622105744831,1622105744841,10,-1,55,3275.2027581107,-1,-1
1622105744901,1622105744941,40,5,331,-1.0,-16478,297
1622105745051,1622105745071,20,0,84,3257.007691733,-1,222
1622105745180,1622105745220,40,11,592,3398.26391530656,-31137,179
1622105745300,1622105745380,80,3,147,1834.73296039172,-7015,340
1622105745490,1622105745510,20,0,76,-1.0,-2194,323
1622105745740,1622105745760,20,0,42,2179.27765952405,-1,344
1622105745800,1622105745810,10,-1,48,2695.28786386691,-1,-1
1622105745870,1622105745880,10,-1,34,-1.0,-1,-1
1622105746220,1622105746360,140,27,1077,95490.0627285333,-86952,169
1622105746420,1622105746470,50,7,351,3357.05234202647,-18362,299
1622105746550,1622105746630,80,2,382,31388.687282109,-24209,52
1622105746690,1622105746779,89,4,562,45905.3852452733,-27864,8
1622105746839,1622105746889,50,3,401,15145.4623140909,-37102,348
1622105746929,1622105746959,30,4,238,18138.7666157629,-6305,90
1622105746979,1622105747029,50,4,486,26431.202774718,-41922,284
1622105747039,1622105747059,20,2,279,25014.9189090046,-10623,264
1622105747139,1622105747289,150,4,403,19685.7382533426,-23428,185
1622105747299,1622105747359,60,3,277,23193.7007464518,-14316,15
1622105747459,1622105747479,20,6,470,28579.5689401579,-1,70
1622105747539,1622105747599,60,7,747,41040.6050842825,-61121,96
1622105747609,1622105747679,70,4,278,13878.0376328122,-14472,107
1622105747689,1622105747739,50,5,514,27891.2035972285,-644,81
1622105747939,1622105748029,90,3,342,23443.4448390585,-21733,266
1622105748109,1622105748129,20,1,286,23507.4674515656,-1,235
1622105748209,1622105748229,20,0,158,-1.0,-10589,76
1622105748488,1622105748638,150,31,372,5637.33728420181,-13593,235
1622105748648,1622105748668,20,0,55,4654.61469589535,-1439,10
1622105748688,1622105748878,190,13,434,20862.4480243379,-24798,223
1622105748888,1622105748918,30,3,169,10948.1778675235,-11,135
1622105749048,1622105749118,70,27,1331,67684.8337686458,-104692,238
1622105749208,1622105749258,50,7,341,31363.1408816778,-24416,264
1622105749608,1622105749638,30,2,645,-1.0,-54842,309
1622105749708,1622105749828,120,26,1125,49224.6091795573,-92596,70
1622105749838,1622105749848,10,-1,106,10294.6318984757,-1,-1
1622105749858,1622105749878,20,0,40,1272.39446526864,-1,263
1622105749888,1622105749977,89,10,218,11416.4373680182,-8528,183
1622105749997,1622105750057,60,2,85,5175.43177472081,-1937,205
1622105750137,1622105750147,10,-1,162,-1.0,-1,-1
1622105750157,1622105750187,30,3,180,13225.6042272924,-9234,6
1622105750267,1622105750327,60,6,563,26803.6307707956,-17463,294
1622105750387,1622105750457,70,5,417,13400.6807585521,-25667,234
1622105750517,1622105750537,20,0,92,-1.0,-6217,233
1622105750597,1622105750677,80,7,479,40181.9531103816,-18094,212
1622105750797,1622105750837,40,1,49,1823.29918897168,-222,280
1622105750967,1622105751007,40,2,341,4942.35566378793,-18086,246
1622105751067,1622105751127,60,1,108,5539.88181535984,-7398,70
1622105751207,1622105751287,80,0,300,18082.7519493234,-9130,229
1622105751357,1622105751407,50,9,1099,-1.0,-75214,326
1622105751487,1622105751557,70,3,126,3752.16430512041,-7295,212
1622105751636,1622105751676,40,3,276,-1.0,-12706,104
1622105751696,1622105751706,10,-1,47,2022.08244528794,-1,-1
1622105751766,1622105751776,10,-1,33,-1.0,-1,-1
1622105751846,1622105751856,10,-1,32,466.876449053893,-1,-1
1622105751916,1622105751956,40,8,360,9644.61319622519,-19284,23
1622105752006,1622105752046,40,1,51,2377.85146574181,-972,214
1622105752186,1622105752196,10,-1,39,-1.0,-1,-1
1622105752406,1622105752426,20,0,116,7894.88190866811,-1,203
1622105752486,1622105752506,20,1,162,-1.0,-7553,228
1622105752776,1622105752796,20,1,163,10754.4276038046,-1,254
1622105752916,1622105752946,30,12,850,-1.0,-52482,272
1622105753176,1622105753215,39,8,299,14130.8721330615,-16189,123
1622105753225,1622105753275,50,7,444,32293.5625400969,-22659,312
1622105753345,1622105753405,60,17,461,15343.3207109801,-10337,77
1622105753505,1622105753515,10,-1,63,-1.0,-1,-1
1622105753705,1622105753785,80,2,55,1424.78966209109,-1126,121
1622105753975,1622105753995,20,0,82,4827.32014355709,-1,9
1622105754205,1622105754225,20,0,58,-1.0,-2567,26
1622105754804,1622105754844,39,4,191,10101.9789472526,-9382,291
1622105755144,1622105755214,70,9,261,16446.5561707182,-15722,321
1622105755514,1622105755694,180,13,388,29142.6034848893,-17799,212
1622105755714,1622105755894,180,6,206,5752.25008600757,-9845,238
1622105755914,1622105755924,10,-1,68,4286.18059860197,-1,-1
1622105756004,1622105756054,50,2,79,4357.74266552088,-1197,91
1622105756064,1622105756074,10,-1,35,925.351790529482,-1,-1
1622105756134,1622105756164,30,4,330,10071.074574794,-1,1
1622105756304,1622105756364,60,12,1559,8796.21218271234,-102094,308
1622105756424,1622105756443,19,0,47,-1.0,-2,242
1622105756483,1622105756533,50,2,200,11041.6066344763,0,102
1622105756633,1622105756743,110,5,402,17649.4953433636,-23795,302
1622105756833,1622105756843,10,-1,33,1494.39173785812,-1,-1
1622105756853,1622105756903,50,2,192,11754.2706475584,-5939,320
1622105756983,1622105756993,10,-1,49,-1.0,-1,-1
1622105757013,1622105757033,20,0,46,2934.06857570019,-1239,265
1622105757053,1622105757073,20,0,92,6193.73221112144,-1,123
1622105757153,1622105757163,10,-1,37,1335.4993537357,-1,-1
1622105757173,1622105757193,20,0,66,3357.6711788252,-1,296
1622105757293,1622105757343,50,2,78,2112.4218167007,-1,304
1622105757863,1622105757873,10,-1,37,2669.46925233997,-1,-1
1622105758212,1622105758262,50,2,77,3875.42977143324,-2542,266
1622105758502,1622105758522,20,1,178,-1.0,-9154,73
1622105758632,1622105758642,10,-1,32,-1.0,-1,-1
1622105758962,1622105758992,30,3,152,8565.3649655261,-7549,237
1622105759112,1622105759122,10,-1,56,4533.48748614837,-1,-1
1622105759492,1622105759562,70,3,372,28658.9009926678,-1191,231
1622105759641,1622105759681,39,1,197,-1.0,-10728,231
1622105759811,1622105759821,10,-1,44,2961.89497305466,-1,-1
1622105759831,1622105759841,10,-1,31,223.954258536417,-1,-1
1622105759941,1622105759961,20,0,68,-1.0,-3352,12
1622105760201,1622105760211,10,-1,36,1989.48593366496,-1,-1
1622105760391,1622105760411,20,13,1919,121799.52145613,-1,285
1622105760551,1622105760561,10,-1,670,-1.0,-1,-1
1622105760661,1622105760711,50,5,257,10690.8829652027,-28,102
1622105760791,1622105760801,10,-1,37,3536.64030886838,-1,-1
1622105760841,1622105760861,20,1,109,4671.37931136228,-1,258
1622105760981,1622105760991,10,-1,36,1438.2775110393,-1,-1
1622105761101,1622105761111,10,-1,49,2647.2694073636,-1,-1
1622105761191,1622105761201,10,-1,34,-1.0,-1,-1
1622105761520,1622105761540,20,0,51,2805.27030476311,-293,284
1622105762060,1622105762080,20,0,38,1054.98429751597,-1,75
1622105762150,1622105762160,10,-1,95,6653.00577852073,-1,-1
1622105762240,1622105762260,20,0,69,-1.0,-3703,71
1622105762690,1622105762700,10,-1,39,1803.98050953643,-1,-1
1622105762710,1622105762740,30,3,161,9036.81579765134,-4268,184
1622105762889,1622105762929,40,2,81,5376.62406581817,-2349,339
1622105763119,1622105763139,20,1,148,-1.0,-7937,259
1622105763379,1622105763429,50,8,287,14763.1836493097,-12207,353
1622105763729,1622105763739,10,-1,311,-1.0,-1,-1
1622105763799,1622105763819,20,0,49,-1.0,-1851,246
1622105763929,1622105763979,50,10,363,21200.1604960645,-17527,56
1622105764409,1622105764459,50,5,166,7286.29576600965,-8523,104
1622105764528,1622105764568,40,1,49,1559.37686203007,-310,240
1622105764648,1622105764658,10,-1,43,-1.0,-1,-1
1622105764858,1622105764878,20,0,81,5166.00864533092,-1,311
1622105765148,1622105765188,40,3,128,6512.96585838668,-5923,259
1622105765458,1622105765478,20,1,66,4853.62195078412,-1,223
1622105766048,1622105766058,10,-1,33,416.68019972611,-1,-1
1622105766537,1622105766557,20,2,281,-1.0,-2118,248
1622105766617,1622105766627,10,-1,31,-1.0,-1,-1
1622105766687,1622105766747,60,7,295,15770.808123381,-12797,266
1622105766787,1622105766807,20,0,31,1479.61320468432,-9,90
1622105766907,1622105766937,30,0,47,-1.0,-1363,302
1622105766947,1622105767007,60,4,92,4134.75892247297,-1981,96
1622105767017,1622105767057,40,5,188,10162.5328291446,-9724,294
1622105767067,1622105767127,60,2,70,4071.17305042637,-1154,75
1622105767187,1622105767257,70,11,268,3923.51062696999,-10862,215
1622105767277,1622105767307,30,1,59,2421.00013317425,-1836,94
1622105767537,1622105767557,20,5,960,69413.9720365144,-1,77
1622105767726,1622105767766,40,2,108,95.2666949550789,-4726,265
1622105767776,1622105767856,80,4,116,5058.3601071704,-2504,274
1622105767916,1622105767926,10,-1,40,-1.0,-1,-1
1622105767936,1622105767996,60,3,86,2716.36958561374,-1004,274
1622105768106,1622105768136,30,2,98,4396.51783659485,-5316,95
1622105768226,1622105768236,10,-1,51,2454.02354133034,-1,-1
1622105768326,1622105768336,10,-1,30,289.987586252203,-1,-1
1622105768386,1622105768406,20,0,81,3238.27635913537,-1,315
1622105768616,1622105768656,40,4,191,12379.8274336888,-11078,250
1622105768676,1622105768706,30,1,53,2055.90072218439,-1713,87
1622105768736,1622105768746,10,-1,32,1065.78557614451,-1,-1
1622105768756,1622105768786,30,1,67,2668.39205499835,-1832,107
1622105769026,1622105769066,40,6,327,15441.1640082444,-16038,300
1622105769256,1622105769286,30,2,91,3017.85203026146,-4119,71
1622105769306,1622105769335,29,3,143,9993.28851382221,-10681,78
1622105769345,1622105769375,30,0,99,6691.97588308496,-385,153
1622105769515,1622105769525,10,-1,53,2410.00121917815,-1,-1
1622105769585,1622105769635,50,4,306,17903.5556986525,-22378,246
1622105769725,1622105769735,10,-1,85,-1.0,-1,-1
1622105769765,1622105769775,10,-1,43,2760.98017960564,-1,-1
1622105769945,1622105770015,70,5,251,6371.19814383106,-8121,108
1622105770035,1622105770055,20,0,110,7948.33909643673,-1,18
1622105770155,1622105770255,100,5,1038,3561.10623271382,-66889,185
1622105770275,1622105770355,80,0,148,8337.34031867796,-7939,331
1622105770365,1622105770375,10,-1,43,2200.45479268856,-1,-1
1622105770485,1622105770495,10,-1,31,1467.69928887082,-1,-1
1622105770555,1622105770565,10,-1,31,-1.0,-1,-1
1622105770875,1622105770885,10,-1,37,3353.02098866412,-1,-1
1622105771944,1622105771964,20,0,39,2355.53566392056,-1,146
1622105772114,1622105772144,30,3,149,8178.40495338812,-6569,312
1622105772583,1622105772593,10,-1,30,2353.26552804447,-1,-1
1622105773203,1622105773223,20,0,67,3734.45621414844,-1942,65
1622105773463,1622105773493,30,2,100,5025.59858773931,-3502,84
1622105773733,1622105773743,10,-1,574,-1.0,-1,-1
1622105773873,1622105773913,40,4,652,-1.0,-44713,243
1622105774083,1622105774093,10,-1,38,2286.06139046948,-1,-1
1622105774762,1622105774812,50,5,180,9077.18106112564,-7522,257
1622105774932,1622105774982,50,3,97,3624.06162450764,-4704,311
1622105775272,1622105775292,20,0,91,-1.0,-4773,3
1622105775452,1622105775512,60,12,408,14512.1296369489,-15884,171
1622105775831,1622105775891,60,5,175,7324.4190143753,-7137,352
1622105776111,1622105776191,80,9,545,33726.2356487276,-21134,63
1622105776251,1622105776261,10,-1,67,-1.0,-1,-1
1622105776561,1622105776591,30,2,107,5754.63378102073,-1,197
1622105776861,1622105776871,10,-1,31,2171.3469225166,-1,-1
1622105776951,1622105776971,20,0,89,-1.0,-3463,297
1622105777221,1622105777301,80,8,597,28637.8616944174,-1313,88
1622105777400,1622105777440,40,14,600,9164.45755690283,-20269,260
1622105777500,1622105777520,20,0,49,-1.0,-1681,255
1622105777550,1622105777590,40,2,104,3911.23764042893,-109,248
1622105777670,1622105777700,30,1,81,4848.59522385578,-2537,91
1622105777720,1622105777780,60,1,400,34468.9487309896,-30449,90
1622105777790,1622105777800,10,-1,183,16425.3873206066,-1,-1
1622105777840,1622105777850,10,-1,43,2260.03395883224,-1,-1
1622105777860,1622105777880,20,0,51,1457.20471588409,-1,102
1622105778080,1622105778140,60,9,695,28916.7177783372,-1,67
1622105778240,1622105778330,90,6,243,10303.9964312685,-12015,276
1622105778390,1622105778400,10,-1,64,-1.0,-1,-1
1622105778410,1622105778420,10,-1,34,1168.81962448599,-1,-1
1622105778500,1622105778510,10,-1,38,-1.0,-1,-1
1622105778620,1622105778640,20,0,45,2695.61703927106,-942,65
1622105779289,1622105779319,30,4,196,9829.15786544605,-9539,64
1622105779349,1622105779359,10,-1,32,976.626339945361,-1,-1
1622105779679,1622105779689,10,-1,39,1967.12280696487,-1,-1
1622105779769,1622105779779,10,-1,32,-1.0,-1,-1
1622105780359,1622105780379,20,1,109,7133.82066202673,-1,170
1622105780579,1622105780589,10,-1,53,3483.71522594246,-1,-1
1622105780648,1622105780658,10,-1,48,-1.0,-1,-1
1622105780798,1622105780818,20,0,49,1444.33538877766,-1,78
1622105780858,1622105780878,20,2,472,32665.5059880541,-1,86
1622105781048,1622105781078,30,1,89,3467.84708088118,-5489,257
1622105781348,1622105781388,40,4,165,8159.57049541345,-7716,282
1622105781778,1622105781818,40,4,180,10780.6629807263,-9197,121
1622105782287,1622105782307,20,0,36,2244.25207377449,-1,144
1622105782447,1622105782507,60,13,406,24679.7897922141,-15497,246
1622105782587,1622105782607,20,1,117,9.64378485107176,-1,337
1622105782837,1622105782867,30,3,239,8908.32259967589,-9922,126
1622105783047,1622105783157,110,2,503,3811.00566863211,-37108,253
1622105783237,1622105783267,30,1,96,7107.61985506505,-4407,96
1622105783277,1622105783297,20,1,118,9536.71320722931,-2995,271
1622105783317,1622105783327,10,-1,32,1088.00998578469,-1,-1
1622105783337,1622105783407,70,5,101,8674.18448606657,-2678,70
1622105783457,1622105783467,10,-1,56,3360.81473629583,-1,-1
1622105783497,1622105783577,80,2,196,15192.6190330161,-13474,199
1622105783797,1622105783847,50,5,161,10176.5400821427,-8116,321
1622105784116,1622105784196,80,5,253,24735.0272197157,-20253,130
1622105784266,1622105784276,10,-1,56,3174.14589745079,-1,-1
1622105784416,1622105784466,50,1,46,1809.67241721391,-1237,99
1622105784476,1622105784526,50,3,87,3338.88510680084,-2390,86
1622105784566,1622105784586,20,0,49,1991.34521388777,-1416,98
1622105784596,1622105784606,10,-1,40,2002.54994054717,-1,-1
1622105784656,1622105784746,90,0,128,8574.09488284394,-8731,225
1622105784806,1622105784866,60,8,232,11665.6256012383,-9919,261
1622105785026,1622105785056,30,3,177,8854.92362225692,-7094,91
1622105785106,1622105785196,90,3,381,24779.4150627928,-24566,282
1622105785236,1622105785246,10,-1,35,1596.99816267035,-1,-1
1622105785266,1622105785296,30,1,59,1979.3193639795,-1174,267
1622105785306,1622105785336,30,2,117,6627.13977025315,-6591,136
1622105785416,1622105785426,10,-1,103,7573.36640386095,-1,-1
1622105785505,1622105785525,20,0,77,-1.0,-4266,254
1622105785555,1622105785575,20,1,73,4771.68240964167,-1,135
1622105786265,1622105786325,60,2,54,1999.90630244202,-708,19
1622105786445,1622105786455,10,-1,34,1303.10118788501,-1,-1
1622105786515,1622105786555,40,2,71,2208.2099645644,-2702,262
1622105786565,1622105786605,40,1,48,1534.08050657888,-203,270
1622105786725,1622105786745,20,1,247,17809.0016836797,-1,104
1622105786805,1622105786855,50,1,70,1434.57517474797,-2106,340
1622105786875,1622105786895,20,0,36,1552.76725770444,-599,305
1622105786955,1622105786975,20,0,43,-1.0,-1192,236
1622105787045,1622105787054,9,-1,34,1452.68814046272,-1,-1
1622105787164,1622105787174,10,-1,76,-1.0,-1,-1
1622105787464,1622105787474,10,-1,30,2046.63289303551,-1,-1
1622105787824,1622105787964,140,2,640,39530.5008515705,-25918,256
1622105787974,1622105787984,10,-1,87,7222.46167556542,-1,-1
1622105788034,1622105788044,10,-1,43,2052.49547902825,-1,-1
1622105788144,1622105788194,50,11,442,20910.1238022852,-20394,306
1622105788274,1622105788304,30,0,42,737.231549210609,-64,110
1622105788324,1622105788354,30,1,62,2245.15091378293,-2199,131
1622105788424,1622105788504,80,2,48,937.771527078375,-1736,123
1622105788534,1622105788544,10,-1,37,1314.44602006425,-1,-1
1622105788684,1622105788703,19,0,71,-1.0,-4590,110
1622105788753,1622105788763,10,-1,64,3895.55192242446,-1,-1
1622105788833,1622105788873,40,5,217,12690.3277501679,-13213,166
1622105788893,1622105788913,20,0,71,2968.56890866268,-1,0
1622105788923,1622105788953,30,0,504,46891.2711047191,-1,215
1622105789103,1622105789203,100,10,790,7105.70525088515,-70849,330
1622105789213,1622105789243,30,1,87,3711.34828937345,-3087,351
1622105789303,1622105789323,20,0,68,3316.98127949652,-1,0
1622105789403,1622105789423,20,1,110,4177.91840892859,-1,155
1622105789433,1622105789483,50,2,96,8467.03969731244,-5222,301
1622105789583,1622105789593,10,-1,32,636.540651623276,-1,-1
1622105789603,1622105789623,20,0,93,4187.28869241712,-1,222
1622105789683,1622105789733,50,4,101,3702.1607259699,-2232,175
1622105789853,1622105789993,140,6,847,35699.3753430014,-39812,348
1622105790073,1622105790093,20,0,53,-1.0,-1078,183
1622105790123,1622105790133,10,-1,42,1910.5695370546,-1,-1
1622105790143,1622105790163,20,0,58,2262.39729096563,-1,156
1622105790223,1622105790233,10,-1,38,-1.0,-1,-1
1622105790402,1622105790422,20,0,38,1119.17508825412,-1,293
1622105790502,1622105790642,140,14,642,4837.72240121652,-16402,234
1622105790692,1622105790722,30,5,264,12531.4929914216,-769,260
1622105790782,1622105790822,40,4,187,6222.14139456878,-10518,89
1622105790852,1622105790872,20,2,131,11684.677044508,-661,275
1622105790882,1622105791022,140,30,707,34958.0338341957,-40147,77
1622105791122,1622105791172,50,7,283,13769.775634201,-10797,72
1622105791232,1622105791242,10,-1,32,1385.03988354859,-1,-1
1622105791412,1622105791422,10,-1,37,1449.53746906792,-1,-1
1622105791432,1622105791442,10,-1,30,478.854292658557,-1,-1
1622105792201,1622105792221,20,0,31,1295.22152492981,-5,32
1622105792241,1622105792261,20,0,39,1741.34407651707,-1,20
1622105792281,1622105792351,70,4,107,2650.25087935243,-5567,314
1622105792371,1622105792421,50,4,137,9579.32462704351,-5303,262
1622105792481,1622105792541,60,2,95,728.590251350036,-2470,205
1622105792551,1622105792561,10,-1,125,11425.4465927577,-1,-1
1622105792621,1622105792651,30,0,66,-1.0,-2253,208
1622105792721,1622105792731,10,-1,36,738.588445939804,-1,-1
1622105792781,1622105792841,60,1,63,2423.57414521313,-1240,20
1622105792901,1622105793031,130,7,722,45377.6653978687,-1878,105
1622105793171,1622105793381,210,3,541,23717.0112023643,-35496,277
1622105793441,1622105793481,40,5,187,-1.0,-6227,181
1622105793490,1622105793510,20,0,59,4402.6622383737,-1123,347
1622105793570,1622105793690,120,6,137,6797.37519964498,-2900,62
1622105793750,1622105793810,60,5,120,4105.58711741254,-611,105
1622105793870,1622105793890,20,1,80,913.795168596288,-1,141
1622105793900,1622105793930,30,5,295,12451.4541274322,-1,316
1622105794150,1622105794180,30,5,244,-1.0,-541,340
1622105794190,1622105794220,30,5,242,21530.556067636,-10153,162
1622105794290,1622105794300,10,-1,58,-1.0,-1,-1
1622105794310,1622105794340,30,3,122,7630.11924670033,-3445,222
1622105794450,1622105794460,10,-1,112,-1.0,-1,-1
1622105794470,1622105794510,40,3,166,5009.02142339541,-1,229
1622105794590,1622105794620,30,1,90,-1.0,-2011,229
1622105794720,1622105794740,20,2,159,14338.7785135633,-160,232
1622105794750,1622105794760,10,-1,142,11361.9535810663,-1,-1
1622105794840,1622105794860,20,1,153,-1.0,-8290,180
1622105794990,1622105795010,20,0,77,-1.0,-3138,311
1622105795349,1622105795359,10,-1,33,1794.4853252059,-1,-1
1622105795539,1622105795549,10,-1,30,2331.31716072863,-1,-1
1622105795859,1622105795899,40,5,242,12989.7144839773,-10068,326
1622105796389,1622105796409,20,0,133,9971.90232103355,-1,270
1622105796569,1622105796599,30,2,132,2177.04402086343,-8225,270
1622105796748,1622105796758,10,-1,37,2146.66288594512,-1,-1
1622105797178,1622105797228,50,3,105,6870.39807633485,-2675,335
1622105797488,1622105797538,50,5,215,11733.0905593165,-11853,154
1622105798248,1622105798288,40,3,132,8542.29677383228,-6787,147
1622105798607,1622105798657,50,7,271,11832.9004865527,-14502,331
1622105799117,1622105799127,10,-1,149,-1.0,-1,-1
1622105799207,1622105799227,20,0,47,1100.90282164361,-1,236
1622105799397,1622105799407,10,-1,35,1954.21842030083,-1,-1
1622105799467,1622105799477,10,-1,40,-1.0,-1,-1
1622105800066,1622105800126,60,7,484,29318.3543230227,-23268,96
1622105800186,1622105800226,40,2,142,-1.0,-6635,292
1622105801016,1622105801036,20,0,55,-1.0,-837,245
1622105801166,1622105801196,30,0,36,7.91311895093898,-362,270
1622105801256,1622105801266,10,-1,35,729.867529452344,-1,-1
1622105801366,1622105801376,10,-1,32,2160.74450486397,-1,-1
1622105801526,1622105801536,10,-1,32,460.2688523006,-1,-1
1622105802055,1622105802075,20,0,103,6805.95998750697,-1,72
1622105802155,1622105802165,10,-1,83,-1.0,-1,-1
1622105802495,1622105802525,30,1,65,3387.47007375891,-2499,49
1622105802765,1622105802785,20,0,50,2350.95757168252,-1876,236
1622105803135,1622105803155,20,4,673,44180.066139276,-1,82
1622105803244,1622105803304,60,9,207,2947.51902392422,-4915,269
1622105803454,1622105803474,20,0,63,2540.79079999353,-1,236
1622105803574,1622105803624,50,2,68,3275.29911909151,-2173,38
1622105803704,1622105803724,20,0,33,-1.0,-6,26
1622105803914,1622105803924,10,-1,61,4339.01929286175,-1,-1
1622105804274,1622105804304,30,0,47,1558.30388227824,-5,8
1622105806472,1622105806502,30,1,58,2347.13895080125,-1149,67
1622105806602,1622105806622,20,0,53,2817.83833201051,-1,244
1622105806702,1622105806722,20,1,126,-1.0,-5286,262
1622105806892,1622105806902,10,-1,69,4128.06320087107,-1,-1
1622105806982,1622105807002,20,0,68,-1.0,-1435,105
1622105807342,1622105807372,30,0,40,985.685385164185,-891,277
1622105807402,1622105807412,10,-1,32,668.014068059636,-1,-1
1622105807422,1622105807572,150,8,514,29226.5014931047,-16476,279
1622105807692,1622105807752,60,5,213,8742.63625739469,-10246,102
1622105807772,1622105807812,40,1,52,1845.80869287873,-1,294
1622105807852,1622105807942,90,8,297,13111.8750471498,-9081,95
1622105807962,1622105808061,99,4,78,2436.51985095069,-1631,314
1622105808121,1622105808161,40,1,70,-1.0,-2979,293
1622105808171,1622105808191,20,0,43,1061.99646209537,-1,300
1622105808301,1622105808391,90,18,440,17301.3878586087,-15169,285
1622105808411,1622105808421,10,-1,34,1110.26353882326,-1,-1
1622105808501,1622105808511,10,-1,41,-1.0,-1,-1
1622105808551,1622105808571,20,0,45,2629.83583269557,-1,127
1622105808581,1622105808611,30,1,70,2794.30448388069,-1,121
1622105808621,1622105808681,60,8,307,13932.0251051132,-18315,270
1622105808691,1622105808711,20,1,120,6942.71177990268,-1,107
1622105808771,1622105808901,130,7,105,3278.17127919524,-4938,99
1622105808921,1622105808961,40,1,55,2526.71673715359,-1263,90
1622105808991,1622105809011,20,0,71,3304.89607359186,-1,90
1622105809101,1622105809111,10,-1,33,999.947452687755,-1,-1
1622105809271,1622105809291,20,0,58,2683.76750083678,-1,108
1622105809391,1622105809461,70,6,257,14250.473933318,-11214,84
1622105809571,1622105809591,20,1,111,5648.81385751224,-1,240
1622105809710,1622105809720,10,-1,56,4320.22490994629,-1,-1
1622105809780,1622105809920,140,7,76,1115.65947407854,-4054,279
1622105809930,1622105809950,20,0,95,4069.80063319651,-1,277
1622105809960,1622105809970,10,-1,153,14344.8481356014,-1,-1
1622105810050,1622105810110,60,1,101,619.338636300287,-5439,263
1622105810120,1622105810140,20,0,66,2405.14622908914,-1,302
1622105810200,1622105810220,20,0,49,-1.0,-336,289
1622105810280,1622105810310,30,1,58,1606.6911092787,-17,284
1622105810340,1622105810360,20,1,50,2402.43706201028,-1,294
1622105810400,1622105810410,10,-1,66,4562.22940567657,-1,-1
1622105810560,1622105810580,20,1,157,7003.21010138149,-1,297
1622105810770,1622105810790,20,0,38,511.946024104188,-1,353
1622105811090,1622105811110,20,1,125,8838.46131091759,-1,138
1622105811190,1622105811210,20,0,82,-1.0,-5267,352
1622105811399,1622105811429,30,2,117,6069.13126887051,-5244,249
1622105811509,1622105811529,20,0,90,5082.89946594418,-1,203
1622105811719,1622105811749,30,1,75,-1.0,-2112,294
1622105811919,1622105811929,10,-1,34,1588.41401518828,-1,-1
1622105812029,1622105812109,80,4,71,2953.66761612811,-1919,247
1622105812119,1622105812189,70,3,125,4931.36262017503,-1726,106
1622105812249,1622105812309,60,5,220,12020.262408828,-12108,9
1622105812319,1622105812329,10,-1,38,1612.69880615985,-1,-1
1622105812339,1622105812459,120,5,85,2479.62968198756,-790,117
1622105812519,1622105812539,20,3,370,-1.0,-22761,247
1622105812549,1622105812629,80,4,148,5756.67362103749,-9695,175
1622105812689,1622105812709,20,0,54,-1.0,-2415,105
1622105812749,1622105812759,10,-1,37,1341.73025841808,-1,-1
1622105812908,1622105813038,130,7,438,34067.5606130652,-20766,89
1622105813118,1622105813128,10,-1,37,-1.0,-1,-1
1622105813208,1622105813328,120,3,300,15946.3897200327,-5755,156
1622105813388,1622105813458,70,4,113,4673.77984515762,-6010,85
1622105813468,1622105813508,40,3,162,6957.9895945588,-8519,88
1622105813538,1622105813548,10,-1,35,1828.85266931266,-1,-1
1622105813558,1622105813598,40,3,135,6866.63315509357,-1872,244
1622105813798,1622105813808,10,-1,30,835.046382442445,-1,-1
1622105813818,1622105813838,20,0,32,177.601822843256,-1,195
1622105813908,1622105813928,20,0,41,1249.92486152423,-1,185
1622105813958,1622105814098,140,36,669,21245.4085064371,-27592,319
1622105814308,1622105814378,70,4,500,22663.3676121492,-34286,146
1622105814408,1622105814428,20,0,30,816.293177442631,-1,69
1622105814487,1622105814547,60,4,112,3474.28400815582,-4665,315
1622105814787,1622105814807,20,5,963,-1.0,-68407,111
1622105814817,1622105814887,70,8,179,12324.3722633475,-5410,274
1622105814907,1622105814957,50,3,100,4470.42554402295,-2683,298
1622105815037,1622105815117,80,6,330,20325.7758478306,-17528,320
1622105815127,1622105815207,80,6,510,31727.3943094046,-38353,119
1622105815217,1622105815257,40,3,105,7313.90699288669,-132,271
1622105815337,1622105815547,210,17,168,7711.30311768739,-7057,273
1622105815907,1622105815937,30,1,198,-1.0,-13315,112
1622105815947,1622105815997,50,2,129,10137.882881784,-9532,147
1622105816057,1622105816106,49,10,502,24144.1401519195,-22142,43
1622105816166,1622105816206,40,1,68,-1.0,-1919,326
1622105816256,1622105816386,130,14,1666,148783.315134303,-158405,259
1622105816466,1622105816626,160,3,415,30927.3513876522,-29068,299
1622105816636,1622105816646,10,-1,55,2543.41651620244,-1,-1
1622105816656,1622105816666,10,-1,46,2557.28259347509,-1,-1
1622105816766,1622105816806,40,3,151,-1.0,-6680,72
1622105816826,1622105816846,20,0,79,4614.65802316943,-1,4
1622105816906,1622105816946,40,1,159,414.793835642188,-6676,101
1622105817036,1622105817046,10,-1,99,-1.0,-1,-1
1622105817056,1622105817076,20,0,136,11109.0767832207,-10428,264
1622105817166,1622105817206,40,2,421,-1.0,-35586,49
1622105817216,1622105817246,30,1,147,6814.81532346538,-575,268
1622105817306,1622105817366,60,5,1273,30989.4343201391,-116513,55
1622105817476,1622105817546,70,8,539,14123.5942318803,-41084,299
1622105817606,1622105817675,69,1,787,32829.8211518764,-57208,351
1622105817735,1622105817765,30,10,1121,27846.1758600875,-61405,166
1622105817885,1622105818135,250,24,702,28627.5772270274,-34520,278
1622105817885,1622105818135,250,24,702,28627.5772270274,-34520,278
1622105818225,1622105818275,50,9,478,41472.0832766599,-43163,257
1622105818345,1622105818365,20,1,94,4071.66103630265,-1,316
1622105818475,1622105818685,210,32,1201,95763.8773473237,-36707,304
1622105818795,1622105818915,120,18,484,6326.75153310306,-16196,128
1622105818925,1622105818935,10,-1,31,166.286899855386,-1,-1
1622105818945,1622105818965,20,0,34,561.548068264767,-1,352
1622105818975,1622105819015,40,1,97,3082.89697877738,-1,205
1622105819025,1622105819045,20,0,59,3413.82320231732,-1,326
1622105819055,1622105819155,100,1,453,41359.5926625051,-40148,250
1622105819165,1622105819175,10,-1,43,3016.70099272473,-1,-1
1622105819185,1622105819215,30,1,60,4014.48211169805,-525,266
1622105819265,1622105819275,10,-1,39,2541.45599999983,-1,-1
1622105819354,1622105819404,50,23,1161,110739.50136075,-7070,222
1622105819464,1622105819474,10,-1,177,-1.0,-1,-1
1622105819484,1622105819644,160,7,266,8565.07694500519,-19045,67
1622105819654,1622105819694,40,1,50,4844.30275018988,-1731,111
1622105819704,1622105819724,20,0,35,682.704507329228,-1,108
1622105819914,1622105819964,50,9,385,12346.5926849047,-583,242
1622105820054,1622105820084,30,2,253,2654.52031760589,-16996,64
1622105820214,1622105820384,170,31,1591,55079.8186391617,-122023,43
1622105820464,1622105820524,60,3,228,13085.7205741734,-10116,222
1622105820604,1622105820624,20,0,97,-1.0,-6690,138
1622105820654,1622105820674,20,0,66,2569.52954789897,-1,196
1622105820764,1622105820784,20,0,51,2224.84903004116,-1494,232
1622105820904,1622105821033,129,4,1046,23360.8252857689,-100280,117
1622105821043,1622105821093,50,3,203,10220.1613792552,-1690,211
1622105821243,1622105821253,10,-1,122,-1.0,-1,-1
1622105821333,1622105821343,10,-1,201,-1.0,-1,-1
1622105821353,1622105821393,40,5,305,27838.4164750096,-13235,30
1622105821473,1622105821563,90,33,647,21379.8915321535,-24087,343
1622105821763,1622105821823,60,15,444,-1.0,-23320,272
1622105822802,1622105822942,140,3,224,8661.96638845472,-14403,210
1622105823002,1622105823072,70,23,1394,45316.2151961339,-78398,115
1622105823152,1622105823192,40,2,394,14581.9683355119,-22954,270
1622105823272,1622105823342,70,11,473,984.464031719298,-13016,1
1622105823352,1622105823462,110,7,341,16635.9945727841,-15140,98
1622105823532,1622105823612,80,18,987,68892.5761850908,-62425,246
1622105823672,1622105823772,100,4,648,26824.779839421,-54634,252
1622105823782,1622105823872,90,13,453,23645.0790070065,-4266,178
1622105823952,1622105824142,190,17,519,32889.1191401688,-24282,323
1622105824421,1622105824441,20,2,363,24135.2271050082,-1,59
1622105824511,1622105824571,60,5,212,9782.52385912718,-637,280
1622105824581,1622105824591,10,-1,294,27837.2391457339,-1,-1
1622105824651,1622105824841,190,13,589,13339.2910920064,-23858,91
1622105824901,1622105824921,20,0,93,-1.0,-4849,167
1622105824931,1622105824981,50,3,114,5740.43911712827,-1853,225
1622105824991,1622105825061,70,3,126,6031.504767309,-5332,223
1622105825071,1622105825121,50,2,59,2431.67781159752,-734,228
1622105825221,1622105825231,10,-1,68,-1.0,-1,-1
1622105825241,1622105825271,30,1,77,3945.20459810819,-1,261
1622105825281,1622105825291,10,-1,59,3947.66315529906,-1,-1
1622105825301,1622105825311,10,-1,37,2224.17592083225,-1,-1
1622105825351,1622105825371,20,0,49,3176.67600605404,-572,275
1622105825541,1622105825551,10,-1,31,343.253775685883,-1,-1
1622105825651,1622105825661,10,-1,329,30327.0855412937,-1,-1
1622105825950,1622105825970,20,0,223,15992.416826566,-1,123
1622105826050,1622105826100,50,3,125,301.581415295435,-3760,178
1622105826210,1622105826250,40,2,301,21955.5021632638,-530,172
1622105826270,1622105826290,20,0,65,1972.80970728359,-1,97
1622105826350,1622105826400,50,0,236,9555.40747412856,-7681,311
1622105826490,1622105826500,10,-1,126,10946.9255301589,-1,-1
1622105826510,1622105826560,50,4,286,14500.1072971819,-19322,78
1622105826590,1622105826640,50,3,136,8799.90994788483,-4585,203
1622105826650,1622105826660,10,-1,43,3027.58146744673,-1,-1
1622105826670,1622105826690,20,3,178,15600.0118487556,-45,96
1622105826770,1622105826790,20,4,210,20494.3023519278,-740,287
1622105826870,1622105826980,110,5,366,27240.9163635967,-32554,243
1622105827040,1622105827110,70,6,173,-1.0,-7535,288
1622105827170,1622105827180,10,-1,49,-1.0,-1,-1
1622105827210,1622105827230,20,0,34,568.749669092856,-392,344
1622105827529,1622105827609,80,3,211,17870.5993005606,-6556,186
1622105827749,1622105827979,230,9,1684,49553.1058065336,-148276,355
1622105828099,1622105828179,80,2,204,10482.4158972356,-14059,129
1622105828209,1622105828259,50,1,71,3153.73387698177,-2155,266
1622105828289,1622105828329,40,0,51,3892.49204688371,-919,281
1622105828339,1622105828379,40,1,129,7547.72492796321,-1,53
1622105828439,1622105828449,10,-1,40,-1.0,-1,-1
1622105828639,1622105828659,20,1,195,13199.3918765302,-1,15
1622105828719,1622105828729,10,-1,275,-1.0,-1,-1
1622105828998,1622105829048,50,4,437,-1.0,-27648,100
1622105829148,1622105829208,60,13,1773,118635.522379788,-63729,100
1622105829288,1622105829358,70,29,1224,118575.010197377,-37999,102
1622105829468,1622105829508,40,4,260,23377.0149271235,-16561,80
1622105829588,1622105829648,60,4,675,40022.2199612409,-37698,180
1622105829988,1622105830088,100,2,113,7786.41932499563,-7944,221
1622105830148,1622105830198,50,2,78,1874.20054500905,-4390,231
1622105830348,1622105830368,20,2,344,18076.3389264126,-1,355
1622105830468,1622105830478,10,-1,82,-1.0,-1,-1
1622105830558,1622105830637,79,7,127,6717.75875865248,-8588,202
1622105830747,1622105830767,20,0,59,-1.0,-2886,110
1622105830927,1622105830967,40,3,182,9502.86759003266,-11937,171
1622105831177,1622105831317,140,9,157,7460.69803009035,-8226,96
1622105831327,1622105831367,40,6,524,22708.2637108708,-1,18
1622105831597,1622105831657,60,19,1312,115373.640175352,-38720,112
1622105831757,1622105831817,60,27,1346,133792.157539782,-129683,189
1622105831837,1622105831877,40,1,51,3031.01098838005,-1221,236
1622105831887,1622105832087,200,9,1392,107604.980802174,-83703,38
1622105832167,1622105832217,50,4,669,712.675435645615,-45699,218
1622105832226,1622105832236,9,-1,58,3971.11289321883,-1,-1
1622105832246,1622105832326,80,2,1114,107270.221656447,-99423,73
1622105832446,1622105832496,50,25,1049,86089.8793449496,-79858,294
1622105832616,1622105832666,50,10,694,25342.2092401289,-43163,256
1622105832736,1622105832876,140,12,626,2947.15069823339,-35530,152
1622105832886,1622105832926,40,1,57,2708.99595793368,-2175,320
1622105833036,1622105833046,10,-1,693,-1.0,-1,-1
1622105833056,1622105833166,110,12,266,19211.6608567893,-8250,279
1622105833176,1622105833196,20,0,90,3733.63924422672,-1,276
1622105833276,1622105833316,40,0,46,2302.44804004646,-914,302
1622105833436,1622105833446,10,-1,31,1318.35646476177,-1,-1
1622105833536,1622105833546,10,-1,54,-1.0,-1,-1
1622105833566,1622105833606,40,3,152,6433.09306346534,-1,292
1622105833686,1622105833696,10,-1,41,-1.0,-1,-1
1622105833895,1622105833905,10,-1,61,4104.79429407245,-1,-1
1622105833965,1622105833975,10,-1,41,-1.0,-1,-1
1622105834175,1622105834295,120,23,888,52565.3343935044,-67373,22
1622105834365,1622105834445,80,4,301,17267.2308599955,-16372,246
1622105834505,1622105834635,130,7,482,27216.2987125524,-33405,169
1622105834655,1622105834745,90,3,558,46942.6868457469,-32592,228
1622105834805,1622105834835,30,0,504,29481.6876321165,-47137,252
1622105834845,1622105835025,180,0,525,49875.2681722188,-39426,245
1622105835105,1622105835265,160,2,533,21591.5474471186,-30788,2
1622105835385,1622105835395,10,-1,136,-1.0,-1,-1
1622105835405,1622105835454,49,7,477,27690.0619414527,-1,118
1622105835514,1622105835554,40,4,561,5508.93751525257,-26134,279
1622105835584,1622105835604,20,0,89,5772.85096810777,-1,143
1622105835664,1622105835694,30,3,152,6643.78295189139,-1,191
1622105835704,1622105835744,40,2,125,7660.9210649351,-7331,21
1622105835804,1622105835814,10,-1,73,-1.0,-1,-1
1622105835844,1622105835874,30,2,191,8220.76986071837,-1,83
1622105835884,1622105835924,40,0,183,17766.0664595813,-12353,260
1622105835934,1622105836014,80,2,208,14089.2925794767,-6052,322
1622105836224,1622105836274,50,3,184,13386.6372952163,-6164,101
1622105836354,1622105836574,220,2,669,45509.9059981363,-49322,93
1622105836764,1622105836804,40,2,201,328.190908335677,-10845,217
1622105836824,1622105836834,10,-1,35,1283.47226437124,-1,-1
1622105836844,1622105836894,50,4,134,4046.67404585071,-69,263
1622105836904,1622105836984,80,4,105,4358.3261803115,-3178,261
1622105837083,1622105837093,10,-1,31,541.872405285025,-1,-1
1622105837163,1622105837173,10,-1,36,814.050874644804,-1,-1
1622105837323,1622105837363,40,2,98,3741.58088692079,-4040,193
1622105837483,1622105837493,10,-1,34,2155.69590514381,-1,-1
1622105837783,1622105837793,10,-1,32,1483.22909293679,-1,-1
1622105837803,1622105837813,10,-1,36,1928.54114792163,-1,-1
1622105837903,1622105838003,100,4,93,4798.39685396945,-3063,84
1622105838043,1622105838063,20,2,216,10946.3984466228,-1,79
1622105838203,1622105838213,10,-1,45,-1.0,-1,-1
1622105838273,1622105838293,20,0,118,8198.51571724739,-1,284
1622105838353,1622105838363,10,-1,63,-1.0,-1,-1
1622105838483,1622105838533,50,1,304,13886.0371731549,-7536,91
1622105839102,1622105839112,10,-1,37,2061.90576143763,-1,-1
1622105839172,1622105839182,10,-1,797,-1.0,-1,-1
1622105839252,1622105839312,60,6,883,12.4363421986239,-60546,230
1622105839492,1622105839502,10,-1,31,1601.11369848653,-1,-1
1622105839522,1622105839572,50,1,57,2635.80323967195,-1581,263
1622105839632,1622105839642,10,-1,93,-1.0,-1,-1
1622105839662,1622105839682,20,0,51,1714.1242510816,-1,26
1622105839692,1622105839742,50,2,81,4854.78331885611,-2232,106
1622105839802,1622105839822,20,0,45,-1.0,-23,313
1622105839882,1622105839912,30,3,373,21304.5470603963,-1,67
1622105840032,1622105840112,80,3,309,1719.32457541589,-16112,231
1622105840202,1622105840222,20,0,32,819.608009662252,-1,270
1622105840301,1622105840321,19,0,58,-1.0,-1673,122
1622105840401,1622105840411,10,-1,31,1600.73185023055,-1,-1
1622105840731,1622105840761,30,1,57,2715.38107578937,-2186,350
1622105840881,1622105840891,10,-1,30,296.688967671367,-1,-1
1622105840981,1622105841021,40,1,48,1041.46942732686,-1814,198
1622105841031,1622105841061,30,3,133,8712.66261011881,-2947,137
1622105841071,1622105841091,20,0,32,1381.98348971737,-1,121
1622105841151,1622105841191,40,3,1052,6083.52272511289,-78777,101
1622105841251,1622105841461,210,6,622,33245.8498913556,-42688,105
1622105841521,1622105841581,60,0,529,38252.4465016625,-17849,0
1622105841661,1622105841681,20,2,146,11912.5347124114,-5595,125
1622105841691,1622105841791,100,1,449,21072.2280510269,-37707,272
1622105841861,1622105841920,59,6,879,-1.0,-67395,250
1622105841940,1622105841960,20,0,57,3928.22176844595,-1854,304
1622105841970,1622105841990,20,0,42,1037.81524417412,-1,345
1622105842010,1622105842020,10,-1,62,4204.93393123869,-1,-1
1622105842130,1622105842140,10,-1,129,-1.0,-1,-1
1622105842240,1622105842290,50,9,347,12459.3340496047,-5750,282
1622105842350,1622105842360,10,-1,95,-1.0,-1,-1
1622105842370,1622105842440,70,11,206,10947.3226441608,-9345,214
1622105842470,1622105842550,80,9,627,38596.4524630802,-55005,171
1622105842660,1622105842670,10,-1,328,-1.0,-1,-1
1622105842730,1622105842820,90,17,323,16249.4857604714,-9263,305
1622105842900,1622105842970,70,7,477,27698.7935953505,-28015,42
1622105843050,1622105843060,10,-1,372,-1.0,-1,-1
1622105843070,1622105843100,30,1,159,13220.2890887895,-9194,244
1622105843140,1622105843360,220,18,1500,94048.1963733827,-72393,112
1622105843649,1622105843659,10,-1,234,-1.0,-1,-1
1622105843719,1622105843789,70,5,142,5544.74291317428,-4844,270
1622105843849,1622105843859,10,-1,46,-1.0,-1,-1
1622105843999,1622105844079,80,5,91,2976.47043529496,-3224,93
1622105844139,1622105844179,40,1,45,1052.27424331698,-1,194
1622105844189,1622105844279,90,9,383,18171.4732049523,-23403,268
1622105844289,1622105844299,10,-1,105,8924.72028724595,-1,-1
1622105844309,1622105844319,10,-1,54,2489.02288570869,-1,-1
1622105844399,1622105844499,100,28,684,25398.0363845707,-41350,359
1622105844569,1622105844599,30,37,2252,-1.0,-125731,156
1622105844699,1622105844759,60,15,1960,170329.927660837,-132537,275
1622105844819,1622105844869,50,1,434,26917.3963087671,-34549,289
1622105844999,1622105845019,20,2,304,-1.0,-21792,154
1622105845039,1622105845069,30,1,87,5475.71999898872,-2215,274
1622105845138,1622105845158,19,1,166,10837.0401831444,-1,109
1622105845218,1622105845328,110,5,507,32904.3816452679,-14085,159
1622105845388,1622105845428,40,1,337,18544.7079061199,-15501,60
1622105845498,1622105845518,20,1,231,-1.0,-17555,41
1622105845648,1622105845738,90,2,497,19724.0218557976,-21424,290
1622105845798,1622105845808,10,-1,38,-1.0,-1,-1
1622105845818,1622105845858,40,3,223,13938.3880650116,-11155,176
1622105845878,1622105845948,70,4,636,56549.2670924531,-10158,18
1622105846018,1622105846028,10,-1,380,-1.0,-1,-1
1622105846088,1622105846178,90,0,325,7831.72100777795,-28634,8
1622105846208,1622105846228,20,0,48,2256.303218037,-1,214
1622105846318,1622105846328,10,-1,39,3685.63029107281,-1,-1
1622105846338,1622105846438,100,19,490,28345.4330517306,-19126,162
1622105846448,1622105846458,10,-1,32,2483.49398662136,-1,-1
1622105846558,1622105846608,50,16,719,31075.5743446944,-1,20
1622105846668,1622105846707,39,7,433,-1.0,-19331,250
1622105846718,1622105846847,129,1,403,21179.4333166801,-35727,344
1622105847007,1622105847027,20,0,66,3698.76948993608,-1,40
1622105847197,1622105847267,70,1,680,60692.3874489182,-47578,274
1622105847277,1622105847287,10,-1,44,3704.48861063598,-1,-1
1622105847707,1622105847727,20,1,121,4746.53506329595,-1,330
1622105847787,1622105847797,10,-1,89,-1.0,-1,-1
1622105847807,1622105847827,20,0,52,3845.3098971473,-1,247
1622105847837,1622105847857,20,2,220,12592.8634757095,-1,270
1622105847917,1622105847947,30,1,75,4111.82654189817,-2012,82
1622105847987,1622105848007,20,1,127,7108.4915477433,-1,284
1622105848067,1622105848097,30,6,319,3850.3218665149,-14106,1
1622105848197,1622105848207,10,-1,31,888.992618482252,-1,-1
1622105848287,1622105848346,59,7,220,13041.2449119001,-7374,261
1622105848536,1622105848566,30,4,287,14271.4624704733,-1,45
1622105848816,1622105848876,60,8,300,12856.7450558839,-14164,247
1622105849146,1622105849186,40,4,162,8507.82780211032,-2935,172
1622105849306,1622105849326,20,0,38,1059.47800111356,-244,246
1622105849336,1622105849386,50,2,129,8006.9207555008,-1,20
1622105849546,1622105849556,10,-1,90,7697.56340852572,-1,-1
1622105849566,1622105849676,110,10,410,26727.5977933978,-18083,163
1622105849686,1622105849726,40,1,92,5202.04532281914,-4512,152
1622105849866,1622105849896,30,0,43,2065.54375490632,-1298,96
1622105850175,1622105850225,50,2,56,3935.94705457064,-965,335
1622105850405,1622105850425,20,7,1700,135904.135712607,-1,124
1622105850505,1622105850535,30,3,572,-1.0,-43010,290
1622105850695,1622105850705,10,-1,40,2608.99064262662,-1,-1
1622105850785,1622105850805,20,0,35,11.8968678306793,-1,182
1622105851005,1622105851025,20,1,301,21914.9079832855,-1,81
1622105851135,1622105851175,40,5,322,-1.0,-11918,257
1622105851385,1622105851405,20,0,39,2347.29815109522,-1,109
1622105851554,1622105851584,29,2,127,7061.00352072488,-7198,169
1622105851894,1622105851954,60,4,92,4596.16116860301,-2699,334
1622105852064,1622105852084,20,0,44,2265.33522867678,-1,3
1622105852164,1622105852214,50,4,180,9890.69919569155,-13828,159
1622105852244,1622105852274,30,1,205,12486.7638034089,-1,329
1622105852334,1622105852384,50,0,461,10062.8482985848,-40898,308
1622105852404,1622105852514,110,1,347,31780.6360768312,-25517,43
1622105852604,1622105852644,40,2,88,5639.78846386072,-4940,341
1622105852934,1622105852974,40,4,122,7813.98930660211,-6045,174
1622105853283,1622105853313,30,0,44,1142.49420718864,-1303,344
1622105853453,1622105853493,40,3,102,5621.19388501075,-4481,187
1622105853553,1622105853563,10,-1,31,1785.01808868639,-1,-1
1622105853853,1622105853883,30,2,106,3322.00496612375,-4951,333
1622105854113,1622105854143,30,2,110,5939.02901801882,-3392,197
1622105854293,1622105854393,100,15,498,13109.0953382364,-4386,115
1622105854563,1622105854633,70,8,341,12617.8873585704,-16564,253
1622105854713,1622105854772,59,5,179,4071.55417243429,-8586,291
1622105854852,1622105854862,10,-1,41,-1.0,-1,-1
1622105854882,1622105854902,20,0,38,944.647615614361,-328,74
1622105854952,1622105854972,20,0,47,3007.74642069907,-1,261
1622105854992,1622105855052,60,3,80,3176.50735043646,-2080,276
1622105855272,1622105855292,20,0,35,628.511458938001,-1,285
1622105855452,1622105855502,50,6,192,10361.5478552066,-8183,96
1622105855682,1622105855872,190,38,1235,80899.0525145291,-58037,320
1622105855892,1622105855942,50,5,158,9364.1789773299,-10114,137
1622105856002,1622105856022,20,0,61,3076.53388057091,-1,145
1622105856082,1622105856092,10,-1,38,-1.0,-1,-1
1622105856102,1622105856112,10,-1,30,629.271161345459,-1,-1
1622105856342,1622105856372,30,0,39,1635.22454443995,-816,298
1622105856392,1622105856421,29,2,99,4091.4849748099,-622,289
1622105856541,1622105856551,10,-1,36,1374.68663039248,-1,-1
1622105856631,1622105856641,10,-1,41,1224.14207894232,-1,-1
1622105856721,1622105856771,50,2,61,2421.74528857404,-2694,144
1622105856941,1622105857071,130,2,444,16506.8819962359,-27049,0
1622105857221,1622105857231,10,-1,55,-1.0,-1,-1
1622105857281,1622105857311,30,3,145,7001.76285580343,-6580,187
1622105857601,1622105857641,40,6,233,9766.2000527632,-926,339
1622105857751,1622105857801,50,6,475,4439.42780725448,-35036,284
1622105857831,1622105857841,10,-1,31,2315.18123343399,-1,-1
1622105857901,1622105857921,20,0,30,10.1968115111262,-1,92
1622105857961,1622105857991,30,1,78,4739.30856748715,-262,215
1622105858240,1622105858270,30,3,153,7444.7149873617,-5768,342
1622105858420,1622105858440,20,1,103,7294.62687041527,-1,190
1622105858920,1622105858940,20,0,37,1774.04439126631,-22,296
1622105858950,1622105858970,20,1,99,3983.05929173438,-1,78
1622105859050,1622105859110,60,9,330,2981.25341755463,-13266,261
1622105859350,1622105859360,10,-1,36,3151.84852514736,-1,-1
1622105859520,1622105859590,70,0,190,13032.0012478273,-11033,135
1622105859819,1622105859889,70,16,435,14862.2858565046,-17150,159
1622105859929,1622105859939,10,-1,34,1744.53147770325,-1,-1
1622105860029,1622105860109,80,17,478,21292.4783723438,-20251,335
1622105860169,1622105860179,10,-1,120,-1.0,-1,-1
1622105860189,1622105860269,80,7,112,3711.84389529388,-6325,115
1622105860329,1622105860349,20,0,62,3424.04701212597,-1144,263
1622105860359,1622105860379,20,0,59,2387.1413377297,-1,266
1622105860489,1622105860539,50,1,74,2546.11144088642,-3614,92
1622105860679,1622105860689,10,-1,32,1354.28950150826,-1,-1
1622105860749,1622105860769,20,1,107,-1.0,-3907,332
1622105860989,1622105861029,40,2,71,3220.96391131262,-571,176
1622105861208,1622105861248,39,4,495,30061.5100917133,-2105,101
1622105861358,1622105861378,20,5,465,-1.0,-7872,171
1622105861438,1622105861628,190,5,308,11374.9203730426,-18061,330
1622105861838,1622105862078,240,46,995,49041.6616482425,-59198,324
1622105862138,1622105862188,50,4,126,3817.32705084907,-3775,185
1622105862248,1622105862278,30,0,75,-1.0,-4014,291
1622105862348,1622105862368,20,0,38,3026.92023538684,-208,189
1622105862728,1622105862758,30,2,99,5831.48328861195,-2545,358
1622105862977,1622105863007,30,1,62,2560.79939153409,-2944,287
1622105863027,1622105863037,10,-1,284,27531.3976107317,-1,-1
1622105863117,1622105863207,90,13,492,28525.4449319676,-21892,262
1622105863227,1622105863307,80,6,107,5472.17455648043,-4443,147
1622105863377,1622105863397,20,0,49,1933.15585870373,-165,277
1622105863427,1622105863437,10,-1,63,4224.29860603643,-1,-1
1622105863557,1622105863567,10,-1,39,2638.39360274217,-1,-1
1622105863647,1622105863657,10,-1,51,-1.0,-1,-1
1622105863767,1622105863777,10,-1,56,4186.31118885653,-1,-1
1622105863787,1622105863807,20,0,79,5919.08348883188,-3324,252
1622105864007,1622105864117,110,6,109,5398.20604430119,-4168,121
1622105864197,1622105864307,110,21,582,18000.7605877489,-23588,124
1622105864516,1622105864536,20,3,538,-1.0,-31472,112
1622105864606,1622105864676,70,3,80,5156.18520255239,-2706,275
1622105864766,1622105864826,60,7,275,10946.4815627513,-16053,50
1622105864926,1622105864946,20,5,585,30430.8069027148,-1,97
1622105865196,1622105865226,30,3,276,-1.0,-12548,233
1622105865236,1622105865256,20,4,401,24172.6908677804,-1,59
1622105865316,1622105865586,270,16,305,19268.4310888477,-19664,289
1622105865606,1622105865626,20,0,56,3253.39228100678,-1,36
1622105865686,1622105865696,10,-1,36,2902.62124268611,-1,-1
1622105865786,1622105865826,40,2,112,3789.5403548779,-28,68
1622105865886,1622105865896,10,-1,34,-1.0,-1,-1
1622105865916,1622105865936,20,1,196,10977.163875829,-1,232
1622105865996,1622105866045,49,1,123,-1.0,-7911,209
1622105866055,1622105866065,10,-1,36,770.935443050285,-1,-1
1622105866155,1622105866205,50,9,314,19867.4090876636,-13822,14
1622105866215,1622105866235,20,0,53,2021.6868043569,-1,323
1622105866295,1622105866335,40,2,105,6740.05335527077,-6804,12
1622105866405,1622105866465,60,3,314,13158.5678346559,0,1
1622105866605,1622105866625,20,1,363,-1.0,-30513,257
1622105866645,1622105866655,10,-1,62,4772.2806330172,-1,-1
1622105866735,1622105866745,10,-1,54,-1.0,-1,-1
1622105866925,1622105866935,10,-1,37,2108.02963146716,-1,-1
1622105867035,1622105867045,10,-1,41,-1.0,-1,-1
1622105867105,1622105867115,10,-1,48,2773.7103532293,-1,-1
1622105867205,1622105867225,20,0,53,2308.54260062504,-1,129
1622105867305,1622105867375,70,3,482,6026.67904383515,-32704,316
1622105867435,1622105867485,50,4,204,9156.66703888953,-2416,102
1622105867555,1622105867605,50,8,304,11405.5725889784,-17481,262
1622105867704,1622105867714,10,-1,34,-1.0,-1,-1
1622105867754,1622105867774,20,1,272,21480.7804274975,-1,64
1622105868004,1622105868084,80,4,225,7767.54250953106,-13830,224
1622105868234,1622105868274,40,6,511,7953.51886247911,-38795,327
1622105868284,1622105868324,40,2,112,5334.58021051024,-7435,275
1622105868354,1622105868394,40,1,66,3782.67422442566,-1773,126
1622105868404,1622105868424,20,0,34,1351.67340418464,-254,78
1622105868534,1622105868594,60,17,942,82307.4904995805,-14164,136
1622105868654,1622105868734,80,7,360,8179.9580518019,-20460,302
1622105868804,1622105868894,90,10,311,17463.7636681883,-7016,88
1622105868954,1622105868974,20,0,86,74.3974125237912,-1,78
1622105868984,1622105868994,10,-1,36,2018.73421835483,-1,-1
1622105869084,1622105869134,50,1,149,10253.4099419109,-11372,276
1622105869144,1622105869174,30,2,190,17736.7318289818,-7444,108
1622105869184,1622105869214,30,2,92,6376.80400491126,-4390,246
1622105869224,1622105869244,20,0,37,1608.56818658984,-1,177
1622105869254,1622105869264,10,-1,32,1265.78299283257,-1,-1
1622105869353,1622105869363,10,-1,40,-1.0,-1,-1
1622105869403,1622105869413,10,-1,38,3284.25955300393,-1,-1
1622105869713,1622105869773,60,4,300,-1.0,-19680,252
1622105869913,1622105869923,10,-1,33,-1.0,-1,-1
1622105869933,1622105869953,20,0,34,1647.29048359159,-1,118
1622105870123,1622105870163,40,1,50,2137.43230840684,-1979,189
1622105870303,1622105870353,50,3,474,15636.0174470099,-1,303
1622105870363,1622105870403,40,2,223,12003.4176140216,-1596,135
1622105870493,1622105870513,20,3,304,17555.1627392051,-1,305
1622105870613,1622105870623,10,-1,97,-1.0,-1,-1
1622105870743,1622105870793,50,1,240,10741.9206428181,-7947,6
1622105871072,1622105871092,20,1,178,11993.6690429634,-1,189
1622105871272,1622105871302,30,0,53,1223.61134788799,-1,256
1622105871382,1622105871432,50,3,270,9226.2513922096,-19589,235
1622105871642,1622105871722,80,29,592,19041.1045177983,-22729,137
1622105871862,1622105871872,10,-1,38,2227.99190080396,-1,-1
1622105871952,1622105871962,10,-1,70,-1.0,-1,-1
1622105872152,1622105872162,10,-1,72,4682.51166570907,-1,-1
1622105872222,1622105872332,110,21,1840,65967.7256976284,-70747,294
1622105872362,1622105872392,30,1,49,1789.09779245405,-1,118
1622105872731,1622105872761,30,2,95,5189.64324678952,-91,269
1622105872771,1622105872811,40,1,58,3988.49419232734,-2461,106
1622105872831,1622105872851,20,1,56,4469.39947514492,-1,150
1622105872951,1622105872961,10,-1,31,966.956412039203,-1,-1
1622105873041,1622105873151,110,8,114,5690.96812244627,-5646,280
1622105873221,1622105873301,80,10,339,11574.1970957282,-1,84
1622105873481,1622105873511,30,1,650,-1.0,-59140,247
1622105873571,1622105873641,70,3,49,1225.81307690572,-1247,109
1622105873661,1622105873711,50,2,75,3655.93181959162,-4021,202
1622105873771,1622105873831,60,0,229,9889.89662346951,-2081,113
1622105873841,1622105873851,10,-1,43,3679.60660050142,-1,-1
1622105873861,1622105873871,10,-1,32,1286.994637054,-1,-1
1622105873941,1622105873961,20,0,35,2047.05631614473,-1,16
1622105874200,1622105874220,20,0,32,6.67615457846864,-1,194
1622105874630,1622105874650,20,0,35,1255.58222915843,-1,122
1622105874800,1622105874940,140,1,143,9801.60776239925,-6898,75
1622105875070,1622105875090,20,1,141,9358.52686000564,-1,109
1622105875150,1622105875160,10,-1,148,-1.0,-1,-1
1622105875220,1622105875290,70,2,686,60752.7646154671,-58199,129
1622105875300,1622105875320,20,0,65,4002.25862722471,-2978,164
1622105875520,1622105875540,20,5,751,49349.3987001779,-1,80
1622105875610,1622105875689,79,7,363,-1.0,-28905,258
1622105875749,1622105875759,10,-1,38,2212.49592757538,-1,-1
1622105876179,1622105876189,10,-1,71,-1.0,-1,-1
1622105876359,1622105876369,10,-1,40,2612.26521931653,-1,-1
1622105876379,1622105876389,10,-1,43,2905.90888993239,-1,-1
1622105876569,1622105876589,20,1,106,5272.53643742793,-1,349
1622105877239,1622105877299,60,7,306,13590.1128665001,-1,173
1622105877378,1622105877488,110,7,196,5862.58852313947,-9976,256
1622105877498,1622105877508,10,-1,58,3014.59050535457,-1,-1
1622105877628,1622105877658,30,2,122,5330.69721791684,-1,305
1622105877938,1622105877988,50,4,187,11281.5066969369,-8934,115
1622105878288,1622105878328,40,6,237,14632.4016913313,-12730,296
1622105878518,1622105878558,40,2,85,3950.71323519812,-2362,18
1622105878608,1622105878618,10,-1,34,1479.00983831408,-1,-1
1622105878738,1622105878758,20,0,39,1316.60274225522,-848,75
1622105878808,1622105878828,20,0,58,2881.46141567094,-1,161
1622105879367,1622105879377,10,-1,43,1458.65611138851,-1,-1
1622105879587,1622105879597,10,-1,30,528.001027671255,-1,-1
1622105879917,1622105879947,30,2,105,4639.80464848841,-3422,98
1622105880287,1622105880307,20,0,44,1599.33947897187,-550,77
1622105880427,1622105880437,10,-1,38,1477.96925637049,-1,-1
1622105880517,1622105880537,20,4,544,23921.6343742918,-1,39
1622105880596,1622105880696,100,10,522,5336.93702609878,-34047,238
1622105880706,1622105880726,20,0,89,5517.07611294396,-1,164
1622105880786,1622105880806,20,0,71,-1.0,-2955,206
1622105880826,1622105880856,30,1,80,4117.30850683916,-1,252
1622105880996,1622105881106,110,28,787,69013.8738885812,-57495,346
1622105881116,1622105881136,20,0,66,4705.91730792141,-1119,169
1622105881196,1622105881206,10,-1,46,-1.0,-1,-1
1622105881356,1622105881386,30,1,67,2848.96469817394,-2614,275
1622105881396,1622105881486,90,26,658,31923.5686209228,-26917,161
1622105881496,1622105881536,40,2,122,8430.90759646916,-1947,67
1622105881596,1622105881606,10,-1,42,-1.0,-1,-1
1622105881666,1622105881676,10,-1,37,-1.0,-1,-1
1622105882166,1622105882195,29,2,112,8061.53690805221,-8187,22
1622105883175,1622105883185,10,-1,41,2781.83588501419,-1,-1
1622105883405,1622105883415,10,-1,31,1862.12176177126,-1,-1
1622105883675,1622105883864,189,22,934,43144.1850323103,-31651,128
1622105883874,1622105883894,20,0,74,3474.76602417397,-1,349
1622105883954,1622105884004,50,1,237,19681.8676607924,-1323,326
1622105884064,1622105884084,20,1,108,-1.0,-3404,284
1622105884544,1622105884554,10,-1,65,4734.64439134579,-1,-1
1622105884874,1622105884924,50,4,182,9017.19983327643,-6352,240
1622105885214,1622105885244,30,1,65,6.01178527152442,-1256,90
1622105885663,1622105885723,60,21,1404,101300.185243961,-65051,78
1622105885783,1622105885793,10,-1,407,-1.0,-1,-1
1622105885913,1622105885933,20,0,40,-1.0,-936,26
1622105886213,1622105886223,10,-1,45,-1.0,-1,-1
1622105886273,1622105886293,20,0,83,3730.5944560846,-1,273
1622105886383,1622105886413,30,2,112,6348.10246239536,-4575,193
1622105886653,1622105886693,40,6,249,10683.1136134618,-11547,3
1622105886903,1622105886963,60,9,346,17106.7957353982,-18723,136
1622105887182,1622105887192,10,-1,420,-1.0,-1,-1
1622105887262,1622105887362,100,15,799,12348.6926872184,-37444,322
1622105887462,1622105887472,10,-1,99,-1.0,-1,-1
1622105887482,1622105887492,10,-1,51,2193.05304777682,-1,-1
1622105887552,1622105887562,10,-1,36,2842.01541482935,-1,-1
1622105887572,1622105887592,20,0,50,3024.58651910106,-17,34
1622105887602,1622105887612,10,-1,40,2183.23580025094,-1,-1
1622105887732,1622105887742,10,-1,37,-1.0,-1,-1
1622105887752,1622105887772,20,0,47,3634.11079971863,-1,202
1622105887802,1622105887822,20,0,52,2657.22317178512,-1,60
1622105887892,1622105887922,30,1,49,2147.85322179227,-542,144
1622105888072,1622105888082,10,-1,37,2350.92217144081,-1,-1
1622105888092,1622105888122,30,1,61,2300.40251784551,-207,129
1622105888202,1622105888222,20,1,51,2677.28031774031,-1,323
1622105888242,1622105888272,30,2,140,4625.79986215517,-1,313
1622105888502,1622105888572,70,1,546,10240.6936967438,-32877,187
1622105888631,1622105888641,9,-1,33,-1.0,-1,-1
1622105888671,1622105888691,20,0,36,2581.03828156892,-357,270
1622105888701,1622105888741,40,3,154,9024.87274896964,-5265,332
1622105888991,1622105889091,100,6,156,9669.19665046578,-9280,38
1622105889131,1622105889151,20,2,325,22209.1227527451,-1,337
1622105889301,1622105889311,10,-1,770,-1.0,-1,-1
1622105889371,1622105889461,90,5,522,40352.0251323671,-37854,39
1622105889521,1622105889591,70,2,115,6971.26180123385,-6901,183
1622105889701,1622105889721,20,0,70,2845.45378873175,-1,140
1622105890081,1622105890101,20,4,613,41953.8746818225,-1,101
1622105890191,1622105890260,69,9,311,19935.5317777321,-29628,286
1622105890680,1622105890700,20,1,133,-1.0,-7553,289
1622105890790,1622105890810,20,2,106,9793.90126177258,-1,51
1622105890820,1622105890840,20,1,180,13918.6291050018,-1,222
1622105890850,1622105890860,10,-1,209,20554.2374413461,-1,-1
1622105890920,1622105890930,10,-1,48,-1.0,-1,-1
1622105890940,1622105890960,20,1,123,6811.1686318507,-1,296
1622105890970,1622105890980,10,-1,138,12043.2265353638,-1,-1
1622105891080,1622105891090,10,-1,44,-1.0,-1,-1
1622105891110,1622105891120,10,-1,31,734.460457547544,-1,-1
1622105891440,1622105891540,100,24,489,21440.0481910126,-16462,147
1622105891670,1622105891690,20,0,71,-1.0,-2277,104
1622105891740,1622105891859,119,28,991,71006.3666128725,-72102,323
1622105891919,1622105891949,30,1,62,948.748084883577,-2075,121
1622105892439,1622105892489,50,3,100,6881.25466557354,-4990,330
1622105892789,1622105892829,40,3,102,6274.33091258447,-4846,173
1622105892999,1622105893029,30,3,201,6979.95432165241,-1,122
1622105893039,1622105893059,20,0,40,1962.58807866606,-1,118
1622105893069,1622105893109,40,4,176,12783.9266735913,-13887,302
1622105893179,1622105893219,40,0,622,52198.3777606694,-1,80
1622105893299,1622105893349,50,20,597,14247.3421187495,-35089,244
1622105893389,1622105893488,99,9,282,9628.47009640605,-17638,156
1622105893788,1622105893838,50,6,189,9018.12126423139,-8222,128
1622105893988,1622105894018,30,6,295,14795.1307058638,-448,15
1622105894088,1622105894118,30,8,579,-1.0,-22157,293
1622105894178,1622105894208,30,1,77,1515.97712141676,-1,101
1622105894218,1622105894228,10,-1,54,3151.09232220849,-1,-1
1622105894268,1622105894298,30,1,57,3555.28280275502,-1343,182
1622105894668,1622105894698,30,1,77,3543.56460799005,-4738,350
1622105894858,1622105894888,30,2,94,6422.50406934069,-3392,200
1622105895317,1622105895357,40,1,40,1439.3650015741,-78,323
1622105895567,1622105895637,70,11,668,27054.5744334725,-60363,271
1622105895707,1622105895727,20,0,56,3012.57658497617,-1,127
1622105896197,1622105896277,80,2,915,32571.5956389741,-78597,169
1622105896337,1622105896387,50,4,325,4418.07077484508,-20449,76
1622105896407,1622105896547,140,7,84,4239.06045981446,-2416,279
1622105896617,1622105896657,40,5,199,4828.89130305518,-1045,353
1622105896666,1622105896686,19,0,105,9888.20696617417,-6434,54
1622105896786,1622105896856,70,12,367,14905.1750937686,-17769,251
1622105896996,1622105897006,10,-1,31,589.558858283848,-1,-1
1622105897076,1622105897126,50,2,83,4635.58372587162,-3334,345
1622105897446,1622105897476,30,1,89,3384.77150640917,-1,20
1622105897486,1622105897496,10,-1,65,4219.2895324932,-1,-1
1622105897916,1622105897966,50,2,405,33959.8413325378,-91,2
1622105898046,1622105898136,90,5,698,9014.97104095405,-32467,267
1622105898196,1622105898246,50,2,215,9303.29390465245,-11823,317
1622105898385,1622105898395,10,-1,45,3156.01097892064,-1,-1
1622105898425,1622105898455,30,2,106,4965.50632854538,-11,43
1622105898465,1622105898555,90,3,627,37651.2612697495,-3821,180
1622105898615,1622105898775,160,15,532,21397.2666612886,-25306,178
1622105899035,1622105899055,20,3,311,-1.0,-480,258
1622105899065,1622105899105,40,2,319,30194.2240843364,-17803,145
1622105899115,1622105899145,30,1,96,8545.80080881567,-471,322
1622105899245,1622105899345,100,9,801,57989.6889469455,-59055,298
1622105899535,1622105899635,100,11,636,15844.5011960507,-32632,26
1622105899765,1622105899795,30,12,576,42760.8013609336,-4988,6
1622105900184,1622105900204,20,1,67,-1.0,-707,68
1622105900224,1622105900244,20,3,448,29071.5221002617,-1,217
1622105900614,1622105900624,10,-1,879,-1.0,-1,-1
1622105900804,1622105900824,20,3,283,-1.0,-38,203
1622105900884,1622105900944,60,2,446,35835.7900653539,-38724,16
1622105900984,1622105901104,120,4,492,29725.1577065081,-42205,59
1622105901184,1622105901224,40,4,308,5997.18337357665,-17002,312
1622105901234,1622105901294,60,2,415,21371.8455641905,-31775,114
1622105901623,1622105901633,10,-1,41,-1.0,-1,-1
1622105901893,1622105901903,10,-1,71,-1.0,-1,-1
1622105901983,1622105901993,10,-1,220,-1.0,-1,-1
1622105902133,1622105902203,70,8,281,23023.0752507774,-12825,109
1622105902303,1622105902343,40,6,250,20497.3094868077,-3283,115
1622105902413,1622105902463,50,8,315,23571.0312734064,-3252,311
1622105902493,1622105902653,160,11,458,34039.0524749397,-17980,13
1622105902713,1622105902763,50,22,769,32733.804963585,-31038,156
1622105902833,1622105902843,10,-1,1183,-1.0,-1,-1
1622105902983,1622105902993,10,-1,53,-1.0,-1,-1
1622105903013,1622105903053,40,1,573,46440.0864022119,-22426,71
1622105903112,1622105903142,30,6,265,11770.3850592048,-1,82
1622105903152,1622105903192,40,0,247,23863.9386522999,-15746,262
1622105903262,1622105903322,60,18,758,39279.7060540034,-24732,124
1622105903472,1622105903492,20,0,98,6237.27118071262,-1,341
1622105903552,1622105903622,70,2,292,11962.0154458622,-19089,268
1622105903682,1622105903702,20,0,84,-1.0,-1697,96
1622105903712,1622105903732,20,0,90,6814.21126560697,-4133,315
1622105903752,1622105903762,10,-1,31,713.631709919942,-1,-1
1622105903782,1622105903822,40,1,42,1267.91659788791,-389,293
1622105903902,1622105903922,20,0,52,1504.6036904837,-1,270
1622105903952,1622105904002,50,2,68,3829.77901677782,-1524,286
1622105904042,1622105904052,10,-1,78,5809.27507995839,-1,-1
1622105904112,1622105904192,80,1,419,9324.58949053246,-29132,305
1622105904252,1622105904292,40,1,362,7.78713398725017,-25134,251
1622105904302,1622105904312,10,-1,31,1469.03956334225,-1,-1
1622105904372,1622105904392,20,0,64,3565.83448968252,-1,26
1622105904402,1622105904422,20,0,33,1066.69239903355,-1,162
1622105904432,1622105904452,20,0,42,3379.44624350179,0,6
1622105904542,1622105904622,80,18,497,17549.9420228152,-19792,359
1622105904831,1622105904861,30,1,264,-1.0,-19127,136
1622105904921,1622105904941,20,0,30,1390.14534734363,-1,138
1622105904971,1622105905011,40,6,201,10115.9917599711,-5,51
1622105905101,1622105905111,10,-1,278,-1.0,-1,-1
1622105905121,1622105905301,180,6,627,44320.6871033978,-55298,198
1622105905361,1622105905391,30,2,428,-1.0,-32528,108
1622105905421,1622105905441,20,5,242,23488.294633953,-635,282
1622105905521,1622105905581,60,7,445,31138.1626230978,-29822,272
1622105905681,1622105905691,10,-1,45,-1.0,-1,-1
1622105905751,1622105905851,100,0,416,36398.107512286,-25630,63
1622105905911,1622105905921,10,-1,127,-1.0,-1,-1
1622105906051,1622105906071,20,0,194,-1.0,-15888,277
1622105906101,1622105906121,20,0,84,5426.02685733288,-1,344
1622105906181,1622105906221,40,9,436,21435.404193216,-21245,109
1622105906340,1622105906350,9,-1,34,-1.0,-1,-1
1622105906390,1622105906420,30,8,409,27105.851457497,-17881,298
1622105906500,1622105906640,140,19,563,42219.0322936737,-19148,147
1622105906850,1622105906970,120,15,1580,81204.0707197795,-107069,282
1622105907050,1622105907120,70,13,739,23894.7462665153,-43023,60
1622105907200,1622105907270,70,5,793,24797.870726771,-71664,67
1622105907330,1622105907420,90,8,520,21091.9182599193,-47257,345
1622105907480,1622105907490,10,-1,133,-1.0,-1,-1
1622105907530,1622105907540,10,-1,51,3449.80737036817,-1,-1
1622105907610,1622105907710,100,21,676,27892.9256018255,-38939,52
1622105907790,1622105907810,20,0,92,4958.17312013461,-1,246
1622105907890,1622105907959,69,1,73,4172.52684774224,-2248,180
1622105908019,1622105908059,40,1,54,531.466963308523,-929,249
1622105908069,1622105908129,60,2,77,3196.48901924495,-2037,252
1622105908189,1622105908209,20,0,77,3351.46613657293,-1,282
1622105908269,1622105908279,10,-1,82,-1.0,-1,-1
1622105908289,1622105908329,40,1,160,15242.4234473441,-3501,288
1622105908339,1622105908369,30,4,230,15627.5607670618,-9959,117
1622105908389,1622105908589,200,12,451,39380.0494162238,-39661,270
1622105908719,1622105908729,10,-1,31,1371.15889020447,-1,-1
1622105908839,1622105908859,20,1,255,15360.5989162652,-1,353
1622105909099,1622105909129,30,3,176,-1.0,-5952,75
1622105909139,1622105909189,50,1,341,13505.7494200148,-2977,67
1622105909249,1622105909309,60,10,356,30714.9654677773,-17247,83
1622105909399,1622105909409,10,-1,323,-1.0,-1,-1
1622105909728,1622105909818,90,16,750,61136.777261359,-70218,252
1622105909828,1622105909858,30,0,350,33120.6980899802,-30445,273
1622105909868,1622105909978,110,4,342,23899.7526630709,-11538,239
1622105910078,1622105910098,20,0,73,-1.0,-1934,296
1622105910128,1622105910158,30,1,556,46437.9304940792,-1,109
1622105910218,1622105910238,20,2,296,-1.0,-17674,231
1622105910268,1622105910308,40,6,516,20239.6346176652,-30960,6
1622105910368,1622105910418,50,1,334,27825.9413480868,-14852,329
1622105910498,1622105910568,70,2,459,23858.964727439,-40882,273
1622105910628,1622105910638,10,-1,43,-1.0,-1,-1
1622105910698,1622105910708,10,-1,43,2006.87676803212,-1,-1
1622105911138,1622105911158,20,1,182,10836.915548334,-1,262
1622105911217,1622105911227,10,-1,128,-1.0,-1,-1
1622105911437,1622105911457,20,0,34,1479.93173461722,-3,313
1622105911487,1622105911567,80,0,396,12900.9326139344,-25004,84
1622105911577,1622105911587,10,-1,303,29105.6896691928,-1,-1
1622105911687,1622105911717,30,0,110,-1.0,-6527,160
1622105911727,1622105911757,30,3,191,14220.0952515124,-4348,301
1622105911817,1622105911947,130,1,429,22787.1425092844,-38854,302
1622105911967,1622105912027,60,3,106,4961.68562349811,-3942,87
1622105912037,1622105912047,10,-1,30,2641.08747998176,-1,-1
1622105912197,1622105912357,160,23,550,24147.590276627,-24129,326
1622105912367,1622105912427,60,8,395,23706.1323168427,-789,138
1622105912487,1622105912537,50,1,464,38749.6083966835,-36118,4
1622105912547,1622105912647,100,2,211,7708.08824086631,-17683,271
1622105912786,1622105912816,30,1,434,-1.0,-34925,70
1622105912826,1622105912836,10,-1,43,3256.14599877988,-1,-1
1622105912886,1622105912926,40,3,145,10052.7235455576,-8479,119
1622105913046,1622105913076,30,1,49,23.0366899027132,-662,216
1622105913196,1622105913226,30,2,235,-1.0,-12076,262
1622105913236,1622105913246,10,-1,45,3650.07523479148,-1,-1
1622105913256,1622105913276,20,0,51,2044.38077671862,-1,162
1622105913316,1622105913326,10,-1,40,2406.71482112443,-1,-1
1622105913446,1622105913506,60,3,74,1168.99133999173,-1767,102
1622105913536,1622105913546,10,-1,47,3587.84690593122,-1,-1
1622105913576,1622105913606,30,0,44,1599.51346784845,-1,262
1622105913906,1622105913926,20,1,79,5424.86958789893,-1023,324
1622105914066,1622105914076,10,-1,64,5296.77263725193,-1,-1
1622105914176,1622105914236,60,7,325,7395.77594816131,-20577,236
1622105914266,1622105914286,20,0,50,3081.98806743749,-1,285
1622105914575,1622105914585,10,-1,31,2782.77172950538,-1,-1
1622105914595,1622105914605,10,-1,56,2908.07358621212,-1,-1
1622105914795,1622105914805,10,-1,59,-1.0,-1,-1
1622105914835,1622105914925,90,0,596,29069.7155266722,-52453,127
1622105915105,1622105915155,50,1,68,3352.14036573655,-2841,193
1622105915495,1622105915525,30,1,169,-1.0,-11904,267
1622105915585,1622105915625,40,5,271,14753.8977576541,-1,121
1622105915785,1622105915805,20,1,96,-1.0,-3468,236
1622105915835,1622105915855,20,2,272,15891.7797737594,-1,108
1622105915935,1622105915955,20,0,324,-1.0,-29455,262
1622105916244,1622105916314,70,4,369,17355.6289381912,-33203,280
1622105916354,1622105916434,80,24,1030,72933.2426486397,-55007,159
1622105916494,1622105916534,40,0,278,-1.0,-21915,37
1622105916544,1622105916564,20,0,46,2492.35745575154,-1623,339
1622105916584,1622105916624,40,0,68,4205.15046190802,-2245,24
1622105916634,1622105916674,40,0,85,5783.97404677072,-3471,270
1622105916824,1622105916864,40,1,117,8477.28095273112,-7397,303
1622105916884,1622105916964,80,3,114,8953.16788981288,-4121,97
1622105916974,1622105917004,30,1,138,7427.20761454044,-1,66
1622105917064,1622105917074,10,-1,45,-1.0,-1,-1
1622105917144,1622105917214,70,2,51,1198.56643207752,-297,50
1622105917294,1622105917344,50,2,57,2357.63247331084,-673,303
1622105917374,1622105917434,60,3,163,7307.28530193353,-8494,71
1622105917444,1622105917574,130,6,96,3503.40533452091,-2515,275
1622105917633,1622105917723,90,2,156,6728.02513588358,-9434,275
1622105917813,1622105917853,40,1,63,4160.01162098047,-2271,59
1622105917933,1622105918003,70,2,95,4459.14059591029,-751,354
1622105918063,1622105918073,10,-1,66,-1.0,-1,-1
1622105918093,1622105918233,140,8,567,19241.0961516565,-47771,142
1622105918313,1622105918323,10,-1,268,-1.0,-1,-1
1622105918363,1622105918473,110,2,439,24580.4373155523,-36127,347
1622105918603,1622105918653,50,2,173,10447.5877077187,-11659,23
1622105918883,1622105918903,20,3,380,-1.0,-598,262
1622105918913,1622105918963,50,3,218,18592.2338783763,-12871,101
1622105918973,1622105919123,150,10,408,32996.9469638135,-16560,3
1622105919183,1622105919232,49,13,1042,33976.1318894096,-93685,294
1622105919312,1622105919412,100,3,303,5137.63906016656,-21781,302
1622105919442,1622105919472,30,1,90,4766.74712332729,-1,142
1622105919532,1622105919672,140,17,911,47086.3258343686,-38854,186
1622105919732,1622105919782,50,3,399,31125.1517033556,-33905,84
1622105919882,1622105920092,210,6,397,36444.6306885166,-33021,102
1622105920152,1622105920272,120,9,303,10889.9831055995,-15151,100
1622105920961,1622105920981,20,0,51,2623.51616859575,-1563,180
1622105921131,1622105921171,40,2,95,4901.08653464862,-4651,84
1622105921451,1622105921471,20,2,309,18415.141588038,-1,285
1622105921551,1622105921571,20,0,92,-1.0,-4835,276
1622105921661,1622105921681,20,0,46,2827.52685224801,-728,85
1622105922011,1622105922041,30,1,63,3214.19065556784,-448,186
1622105922411,1622105922421,10,-1,31,2062.24771062044,-1,-1
1622105922431,1622105922450,19,0,45,2377.42692184252,-1,40
1622105922710,1622105922730,20,1,55,4828.11692929903,-99,75
1622105922870,1622105922890,20,0,122,9219.02082779703,-1,79
1622105922970,1622105922980,10,-1,120,-1.0,-1,-1
1622105923240,1622105923270,30,16,1343,77006.7512609184,-1,80
1622105923370,1622105923460,90,8,836,17914.1741210997,-78247,235
1622105923670,1622105923680,10,-1,49,2773.91681248302,-1,-1
1622105923850,1622105923900,50,9,275,14275.4556977276,-9778,350
1622105924159,1622105924209,50,2,103,5174.22743436173,-3568,191
1622105924219,1622105924239,20,0,42,2517.34836161199,-1,110
1622105924249,1622105924259,10,-1,47,2641.78153563621,-1,-1
1622105924439,1622105924459,20,1,210,11664.5359921842,-1,282
1622105924519,1622105924529,10,-1,140,-1.0,-1,-1
1622105924539,1622105924559,20,0,38,2222.59117470055,-1,109
1622105924579,1622105924669,90,4,372,25780.5200427083,-18905,270
1622105924689,1622105924739,50,2,271,26256.2426752103,-10813,112
1622105924799,1622105924879,80,6,258,8752.46809163534,-17137,129
1622105924899,1622105924919,20,0,36,1412.67170857843,-1,54
1622105924939,1622105924959,20,0,50,3271.32050540964,-1,58
1622105924969,1622105924979,10,-1,42,2329.35721899808,-1,-1
1622105925219,1622105925229,10,-1,45,-1.0,-1,-1
1622105925499,1622105925509,10,-1,218,-1.0,-1,-1
1622105925629,1622105925639,10,-1,386,-1.0,-1,-1
1622105925768,1622105925778,10,-1,35,1151.69669276349,-1,-1
1622105926098,1622105926208,110,12,327,19586.4630272249,-23668,160
1622105926638,1622105926658,20,1,159,11052.9317587769,-1,78
1622105926778,1622105926818,40,8,526,24328.0906316882,-1,260
1622105926878,1622105926888,10,-1,112,-1.0,-1,-1
1622105927617,1622105927637,20,0,80,4003.83229233137,-1,176
1622105928427,1622105928537,110,9,278,10028.9986060418,-9840,82
1622105928727,1622105928737,10,-1,87,8597.47982475295,-1,-1
1622105928817,1622105928837,20,1,132,-1.0,-7181,349
1622105928996,1622105929006,10,-1,80,5684.72159867581,-1,-1
1622105929086,1622105929176,90,8,206,12151.1012545795,-11873,253
1622105929286,1622105929306,20,3,271,15292.0270722049,-1,255
1622105929656,1622105929696,40,3,137,9752.41459084326,-7384,160
1622105930116,1622105930126,10,-1,34,765.83424978996,-1,-1
1622105930436,1622105930446,10,-1,376,-1.0,-1,-1
1622105930645,1622105930695,50,2,669,23785.1626764166,-30942,42
1622105930795,1622105930815,20,0,45,-1.0,-1277,240
1622105930845,1622105930895,50,3,166,8249.77758904583,-7000,328
1622105930985,1622105931005,20,0,206,16762.627970363,-1,82
1622105931065,1622105931175,110,12,358,11163.0161393356,-22727,256
1622105931265,1622105931285,20,0,30,1548.79770894992,-1,63
1622105931305,1622105931355,50,1,42,731.888222582437,-4,51
1622105931565,1622105931715,150,11,1492,132897.928036521,-23268,269
1622105931925,1622105931985,60,4,159,1836.26793364527,-5049,103
1622105932045,1622105932065,20,0,197,-1.0,-16497,160
1622105932075,1622105932144,69,3,384,21570.3040440918,-7131,159
1622105932234,1622105932334,100,16,370,9304.39389368192,-27174,186
1622105932354,1622105932434,80,6,130,8016.2165294585,-6931,175
1622105932454,1622105932484,30,1,67,2560.40327457998,-2262,184
1622105932494,1622105932534,40,1,147,10575.8385906847,-1,130
1622105932594,1622105932604,10,-1,174,-1.0,-1,-1
1622105932624,1622105932634,10,-1,33,329.759974973144,-1,-1
1622105932644,1622105932654,10,-1,37,1985.09675215584,-1,-1
1622105932734,1622105932754,20,0,84,-1.0,-1713,99
1622105932764,1622105932824,60,8,390,23319.1808943679,-15817,258
1622105932884,1622105932894,10,-1,32,-1.0,-1,-1
1622105932944,1622105932954,10,-1,36,1916.61280349618,-1,-1
1622105933034,1622105933054,20,0,51,-1.0,-1763,149
1622105933324,1622105933364,40,1,51,1697.04897572292,-1,233
1622105933374,1622105933504,130,20,518,23126.7165311969,-23717,331
1622105933584,1622105933634,50,4,155,5529.32595580319,-7262,184
1622105933654,1622105933674,20,0,77,3796.89797588114,-1,123
1622105933733,1622105933783,50,18,556,15636.8262012605,-2177,167
1622105933863,1622105934033,170,14,868,44358.2530056333,-65205,23
1622105934043,1622105934063,20,0,41,1417.12619315667,-655,350
1622105934083,1622105934103,20,4,486,28001.2832153706,-1,23
1622105934183,1622105934213,30,4,193,-1.0,-10655,260
1622105934263,1622105934273,10,-1,41,2141.3423714559,-1,-1
1622105934483,1622105934503,20,0,57,3105.60169988168,-2652,225
1622105934513,1622105934523,10,-1,47,2951.86586335344,-1,-1
1622105934593,1622105934673,80,31,769,23993.604429496,-7032,22
1622105934733,1622105934803,70,9,730,25061.9985501001,-38730,300
1622105934863,1622105934873,10,-1,134,-1.0,-1,-1
1622105934903,1622105934943,40,15,1192,54244.4233377777,-1,146
1622105935003,1622105935063,60,2,116,4127.59287566886,-4279,16
1622105935163,1622105935213,50,5,220,11214.3315688424,-17178,316
1622105935303,1622105935322,19,0,41,3113.79005912667,-1,150
1622105935342,1622105935352,10,-1,107,10380.2814706327,-1,-1
1622105935562,1622105935582,20,9,841,23536.2284943259,-1,51
1622105935712,1622105935772,60,9,396,348.151222063024,-17909,233
1622105935832,1622105935892,60,8,469,25272.1354797091,-12457,52
1622105935952,1622105936052,100,7,126,3219.68849324436,-8349,173
1622105936162,1622105936242,80,3,101,2135.41642758048,-4874,174
1622105936252,1622105936342,90,2,67,2958.30052084,-2863,190
1622105936462,1622105936472,10,-1,33,1561.82934892071,-1,-1
1622105936542,1622105936552,10,-1,34,2189.93594952797,-1,-1
1622105936562,1622105936572,10,-1,30,322.47658779685,-1,-1
1622105936592,1622105936602,10,-1,50,2979.57703119059,-1,-1
1622105936702,1622105936732,30,0,38,2058.38581469592,-1,78
1622105936872,1622105936952,80,29,780,38464.4610753219,-26530,213
1622105936961,1622105937021,59,5,125,4428.42201790536,-5694,20
1622105937081,1622105937151,70,2,197,8824.77152316913,-8808,71
1622105937211,1622105937221,10,-1,48,-1.0,-1,-1
1622105937261,1622105937271,10,-1,96,6657.89973568923,-1,-1
1622105937351,1622105937371,20,1,71,-1.0,-1081,8
1622105937391,1622105937591,200,17,333,14364.6902581969,-14169,36
1622105937651,1622105937661,10,-1,121,-1.0,-1,-1
1622105937691,1622105937711,20,0,50,2074.12669488039,-1,248
1622105937731,1622105937771,40,1,40,2150.52397942842,-6,112
1622105937861,1622105937971,110,35,1205,48537.8187148079,-73157,206
1622105937981,1622105938001,20,2,198,9869.94419641928,-1,24
1622105938081,1622105938101,20,3,198,-1.0,-6050,49
1622105938111,1622105938211,100,6,285,13177.0907161588,-11306,102
1622105938221,1622105938301,80,4,75,3676.8889637287,-965,358
1622105938411,1622105938421,10,-1,31,287.648227498258,-1,-1
1622105938431,1622105938441,10,-1,30,501.070852536757,-1,-1
1622105938551,1622105938600,49,10,365,16250.048306033,-17074,359
1622105938710,1622105938770,60,4,154,7332.61057417179,-8899,121
1622105939010,1622105939020,10,-1,43,-1.0,-1,-1
1622105939050,1622105939080,30,2,112,5927.67345856397,-5241,300
1622105939200,1622105939220,20,0,90,4397.71120394425,-1,79
1622105939420,1622105939440,20,0,41,2803.06319221921,-1,104
1622105939580,1622105939600,20,0,37,1265.57834501236,-150,77
1622105939800,1622105940219,419,25,670,48337.621119313,-55915,228
1622105940329,1622105940519,190,40,773,28148.340707189,-22362,30
1622105940579,1622105940669,90,7,202,14661.5032862888,-15931,182
1622105940799,1622105940909,110,18,389,11970.493464318,-11105,229
1622105940919,1622105940949,30,1,67,5402.22297358779,-1723,348
1622105941039,1622105941049,10,-1,72,5199.40467794117,-1,-1
1622105941079,1622105941089,10,-1,62,3326.61366059932,-1,-1
1622105941149,1622105941169,20,0,136,-1.0,-10077,270
1622105941179,1622105941219,40,7,647,37581.5131941249,-1,86
1622105941279,1622105941329,50,0,88,4544.88350629571,-2539,39
1622105941339,1622105941359,20,1,94,8723.19805130557,-2791,87
1622105941429,1622105941479,50,2,73,588.372066220212,-2957,281
1622105941489,1622105941519,30,4,203,11055.0947817203,-1,224
1622105941599,1622105941619,20,0,332,-1.0,-27887,257
1622105941669,1622105941689,20,2,270,17043.7651059273,-1,207
1622105941888,1622105941998,110,6,176,7783.24208726675,-6638,249
1622105942018,1622105942038,20,0,37,590.145244236977,-1,236
1622105942068,1622105942088,20,0,43,2785.22731492598,-1,237
1622105942168,1622105942218,50,4,163,10145.4386765195,-13311,229
1622105942398,1622105942408,10,-1,194,16549.7143321067,-1,-1
1622105942618,1622105942648,30,1,75,-1.0,-2721,272
1622105942718,1622105942728,10,-1,44,-1.0,-1,-1
1622105942758,1622105942768,10,-1,48,3170.8698784694,-1,-1
1622105942958,1622105942988,30,9,456,9661.36798358911,-1,203
1622105943328,1622105943367,39,3,121,4449.10914230029,-1679,63
1622105943427,1622105943507,80,3,71,913.886885592615,-3050,6
1622105943567,1622105943587,20,1,84,886.107894719807,-1,111
1622105943597,1622105943717,120,16,291,11449.5568912458,-9661,57
1622105943777,1622105943787,10,-1,30,894.259067895466,-1,-1
1622105943857,1622105943917,60,9,428,25159.6301103178,-8906,49
1622105943997,1622105944017,20,7,490,-1.0,-13110,67
1622105944027,1622105944067,40,1,81,5922.84985771787,-3006,157
1622105944207,1622105944237,30,1,113,5866.07840161008,-1,221
1622105944317,1622105944367,50,20,992,34433.0299056351,-3292,231
1622105944857,1622105944887,30,8,281,19321.4617908382,-1861,190
1622105944897,1622105944957,60,4,249,21664.0197950471,-21600,356
1622105945026,1622105945056,30,1,118,-1.0,-4955,278
1622105945076,1622105945116,40,8,328,21062.6705268287,-20329,80
1622105945176,1622105945266,90,6,468,32254.3043148053,-31084,205
1622105945276,1622105945306,30,1,72,2684.26348505907,-1,39
