start,end,duration,amplitude,peak_velocity,peak_acceleration,peak_deceleration,direction
1621842901540,1621842901620,79,3,59,1420.12584972839,-1719,6
1621842901630,1621842901650,20,0,31,627.266746394022,-131,23
1621842901740,1621842901790,50,9,312,15901.341777983,-12563,6
1621842901870,1621842901900,30,1,56,1645.34592752081,-2109,287
1621842901910,1621842902020,110,5,78,2442.28454898577,-2482,297
1621842902040,1621842902060,20,0,43,2320.8564420333,-1,302
1621842902160,1621842902200,40,7,296,16123.9291580312,-13404,185
1621842902400,1621842902410,10,-1,30,1337.0874544525,-1,-1
1621842902430,1621842902470,40,1,48,1727.80851190895,-644,305
1621842902500,1621842902510,10,-1,31,582.339843168808,-1,-1
1621842902620,1621842902650,30,1,47,3221.62755112124,-735,103
1621842902730,1621842902890,160,14,659,32001.6345679118,-40843,26
1621842902910,1621842902980,70,1,114,7527.48392388533,-5396,133
1621842902990,1621842903020,30,1,64,2558.5949163299,-454,250
1621842903219,1621842903249,30,1,485,39299.9854758455,-1,29
1621842903259,1621842903329,70,5,471,44608.8701077277,-38631,206
1621842903359,1621842903369,10,-1,47,2411.44222667125,-1,-1
1621842903419,1621842903459,40,0,105,7709.75565632481,-5706,78
1621842903499,1621842903619,120,9,380,16268.95472436,-21298,221
1621842903649,1621842903669,20,0,39,1030.55840934616,-411,144
1621842903689,1621842903719,30,0,41,1157.19707649912,-518,141
1621842903739,1621842903759,20,0,33,2362.36548602179,-57,119
1621842903769,1621842903839,70,4,120,4203.4292076428,-3671,201
1621842903849,1621842903859,10,-1,34,1584.07627941432,-1,-1
1621842903879,1621842903889,10,-1,38,2128.03314580541,-1,-1
1621842904309,1621842904349,40,6,251,16358.5965801842,-12397,294
1621842904549,1621842904609,60,13,372,15763.4631203652,-16096,46
1621842904719,1621842904729,10,-1,33,1387.29869398879,-1,-1
1621842904799,1621842904809,10,-1,49,2576.07248290947,-1,-1
1621842905028,1621842905058,30,1,84,4500.33209248144,-727,28
1621842905398,1621842905478,80,23,533,21860.9329842108,-19131,208
1621842905958,1621842905978,20,0,38,2979.56308136842,-440,250
1621842906098,1621842906108,10,-1,38,2854.25734164771,-1,-1
1621842906208,1621842906268,60,0,737,40630.5813569111,-60238,257
1621842906278,1621842906358,80,12,317,15272.2869480949,-11536,73
1621842906827,1621842906877,50,15,613,37677.7110359099,-686,266
1621842907047,1621842907057,10,-1,48,-1.0,-1,-1
1621842907067,1621842907187,120,19,593,22081.3032868634,-24550,154
1621842907307,1621842907337,30,1,81,5746.39837969417,-4748,232
1621842907797,1621842907877,80,18,451,15656.502933695,-15710,24
1621842908726,1621842908766,40,6,265,14588.9114201046,-11294,155
1621842909206,1621842909326,120,17,485,28891.8538359199,-21898,10
1621842909336,1621842909346,10,-1,34,1210.61101645867,-1,-1
1621842909356,1621842909366,10,-1,38,2634.08605233281,-1,-1
1621842909416,1621842909436,20,0,43,3469.58284691447,-919,22
1621842909516,1621842909526,10,-1,41,2234.28581157686,-1,-1
1621842909536,1621842909776,240,11,1124,72401.6816642928,-52155,330
1621842909786,1621842909916,130,11,212,10263.7657132571,-7817,176
1621842911285,1621842911305,20,0,31,290.130744532746,-1,164
1621842911315,1621842911545,230,8,48,1430.94997845226,-1483,157
1621842912124,1621842912174,50,6,222,10924.6048124964,-9271,205
1621842912194,1621842912204,10,-1,30,460.568603635289,-1,-1
1621842912294,1621842912354,60,8,243,12633.1980786825,-8649,222
1621842912474,1621842912524,50,3,92,2767.39846901402,-4076,255
1621842912644,1621842912654,10,-1,34,1380.01486977224,-1,-1
1621842912664,1621842912674,10,-1,33,569.301960983772,-1,-1
1621842912704,1621842912724,20,0,55,2381.59303851948,-1,323
1621842912974,1621842912984,10,-1,48,2047.83376517416,-1,-1
1621842913993,1621842914043,50,4,133,7086.2779291527,-5129,66
1621842914443,1621842914493,50,3,96,2770.57023082344,-5506,243
1621842914943,1621842914983,40,2,108,6141.74772935459,-5413,1
1621842915103,1621842915283,180,9,157,7117.20679732802,-5443,19
1621842915362,1621842915392,30,1,72,2795.03168556656,-2285,97
1621842915552,1621842915582,30,1,76,5111.15764483833,-4634,156
1621842915892,1621842915942,50,10,351,18261.772602298,-14990,279
1621842916192,1621842916272,80,17,1440,121734.488913788,-94032,20
1621842916312,1621842916462,150,2,916,47839.6729546382,-74985,307
1621842916472,1621842916502,30,1,176,17151.8088945969,-10861,129
1621842916822,1621842916882,60,7,252,11410.5305910898,-11873,181
1621842917012,1621842917061,49,11,353,15602.1942978942,-16788,201
1621842917231,1621842917271,40,5,186,12573.0806287382,-11238,268
1621842917671,1621842917701,30,1,78,4430.238890218,-4691,305
1621842917761,1621842917831,70,1,248,17110.9153790602,-9349,163
1621842918051,1621842918061,10,-1,31,-1.0,-1,-1
1621842918301,1621842918311,10,-1,46,2643.56953208388,-1,-1
1621842918321,1621842918331,10,-1,86,8296.3465488153,-1,-1
1621842918341,1621842918411,70,11,253,6622.5617249291,-11265,51
1621842918760,1621842918800,40,3,158,8154.84622778782,-6825,65
1621842919430,1621842919460,30,3,149,8560.32163512981,-6689,129
1621842919790,1621842919840,50,14,801,53430.8663593856,-36797,8
1621842919850,1621842919880,30,1,514,49797.04247658,-43648,55
1621842919950,1621842919960,10,-1,43,2494.13034356543,-1,-1
1621842920010,1621842920030,20,0,39,2038.16921036788,-857,180
1621842920190,1621842920250,60,6,248,22661.5507957183,-6805,340
1621842920260,1621842920320,60,5,1008,83451.4711400048,-75308,135
1621842920330,1621842920340,10,-1,34,1724.47419133289,-1,-1
1621842920380,1621842920460,80,6,812,69996.906230401,-57675,174
1621842920619,1621842920669,50,5,155,9872.13162133584,-8933,0
1621842921049,1621842921119,70,4,463,8372.02863512779,-28656,264
1621842921279,1621842921359,80,3,406,23768.4254285234,-34441,323
1621842921549,1621842921559,10,-1,54,4041.01180390572,-1,-1
1621842921569,1621842921579,10,-1,62,5189.83482821004,-1,-1
1621842921589,1621842921609,20,0,48,4296.39848675666,-1098,145
1621842921659,1621842921709,50,3,79,4037.42003816876,-2888,252
1621842921919,1621842921999,80,11,335,18710.6616295667,-16593,167
1621842922218,1621842922268,50,10,307,15686.1792764418,-11623,341
1621842922468,1621842922478,10,-1,34,1685.66085374373,-1,-1
1621842923228,1621842923238,10,-1,39,1598.39764830594,-1,-1
1621842923278,1621842923298,20,1,63,3514.60448598088,-1209,286
1621842923318,1621842923378,60,16,363,22965.5316301321,-19298,159
1621842924307,1621842924377,70,20,609,29592.6574332689,-25662,5
1621842924467,1621842924507,40,0,100,7642.7506678735,-3598,240
1621842924587,1621842924617,30,1,76,4527.35376315377,-4243,149
1621842924627,1621842924717,90,2,295,26852.3856171456,-16869,156
1621842924767,1621842924837,70,2,427,26958.0408947266,-13664,334
1621842924847,1621842924857,10,-1,149,14416.2572163441,-1,-1
1621842924867,1621842924907,40,2,135,11403.8730305316,-5622,133
1621842925007,1621842925147,140,18,474,29562.6492073369,-18285,199
1621842925866,1621842925876,10,-1,32,309.622609341613,-1,-1
1621842925916,1621842925996,80,16,444,16635.7741710185,-21837,14
1621842926026,1621842926036,10,-1,38,1348.10737045572,-1,-1
1621842926046,1621842926056,10,-1,54,2980.78615189459,-1,-1
1621842926076,1621842926126,50,2,47,1092.37793816658,-1692,148
1621842926176,1621842926336,160,4,905,57431.4014011124,-31926,283
1621842926366,1621842926516,150,3,493,28910.4143686132,-37350,177
1621842926526,1621842926536,10,-1,52,2869.56908006961,-1,-1
1621842926626,1621842926656,30,3,149,7348.60341010094,-9041,103
1621842926666,1621842926746,80,0,433,24671.2323326648,-19623,228
1621842926766,1621842926846,80,5,394,14272.4047688709,-33152,275
1621842926896,1621842926976,80,4,176,12976.6927216332,-11563,132
1621842927286,1621842927336,50,2,67,2219.47948832502,-1643,263
1621842927525,1621842927605,80,17,562,25482.640803012,-32661,215
1621842927625,1621842927665,40,2,72,2221.71863040792,-2380,52
1621842927675,1621842927755,80,4,447,33552.0257356534,-31711,43
1621842927845,1621842927895,50,1,546,47008.6134991899,-50870,22
1621842927985,1621842928035,50,9,377,28606.2924603977,-31815,45
1621842928085,1621842928115,30,8,391,25505.9182179213,-21698,228
1621842928185,1621842928205,20,1,585,50981.2492500015,-1,22
1621842928215,1621842928245,30,2,586,56182.4438061651,-48030,236
1621842928255,1621842928545,290,16,591,30931.4846529689,-32433,15
1621842928695,1621842928705,10,-1,42,1684.72364885608,-1,-1
1621842928765,1621842928825,60,5,198,9544.62486105659,-8427,146
1621842928975,1621842929005,30,0,45,1299.20077177645,-1238,285
1621842929284,1621842929294,10,-1,47,2660.85650420152,-1,-1
1621842929324,1621842929384,60,5,351,16932.9601491078,-23969,166
1621842929874,1621842929924,50,6,209,10675.802149024,-8214,66
1621842930184,1621842930234,50,4,141,7999.89671156503,-4677,59
1621842930534,1621842930584,50,6,261,18074.5312838385,-15189,266
1621842930943,1621842930993,50,6,230,13699.2837265427,-11279,184
1621842931253,1621842931293,40,4,177,8597.79575799518,-7296,355
1621842931493,1621842931533,40,7,285,13782.7161312478,-14134,312
1621842932483,1621842932622,139,19,1262,60578.1812315068,-54950,153
1621842932802,1621842932872,70,11,329,17034.4053106931,-9800,342
1621842933032,1621842933112,80,7,296,13363.9470117988,-13231,327
1621842933282,1621842933382,100,5,321,22363.3794654486,-20668,129
1621842933612,1621842933642,30,1,58,2918.27658307645,-1879,70
1621842934012,1621842934032,20,0,40,1554.02467949486,-413,329
1621842934691,1621842934731,40,3,111,7898.47343895868,-7393,131
1621842934971,1621842935011,40,4,187,9725.72856263497,-7371,192
1621842935341,1621842935451,110,12,417,18592.6537063557,-21928,239
1621842935541,1621842935551,10,-1,30,355.883622204254,-1,-1
1621842936390,1621842936410,20,0,42,3581.15690987529,-1131,225
1621842936610,1621842936710,100,15,436,18392.4832549513,-18106,33
1621842936960,1621842937010,50,5,199,12415.5680731063,-8394,187
1621842937360,1621842937410,50,8,268,14740.8385099485,-13439,19
1621842937670,1621842937699,29,0,42,2213.51671831237,-767,159
1621842938149,1621842938659,510,1,1647,107822.810823551,-103439,62
1621842939568,1621842939878,310,18,388,28619.8723984705,-17966,1
1621842940028,1621842940118,90,8,365,18654.2903588922,-16698,234
1621842940208,1621842940218,10,-1,33,1145.0583026716,-1,-1
1621842940288,1621842940318,30,1,50,1373.4178762177,-1677,69
1621842940528,1621842940568,40,2,193,9769.22136269544,-1,66
1621842940758,1621842940958,200,13,583,50046.6458291449,-26682,173
1621842940988,1621842941018,30,1,50,1382.18979567487,-1903,162
1621842941098,1621842941108,10,-1,30,1247.66418695453,-1,-1
1621842941118,1621842941427,309,20,718,45176.7757844982,-29781,18
1621842941437,1621842941447,10,-1,30,145.777348339081,-1,-1
1621842941457,1621842941547,90,5,227,8594.77293352551,-15830,225
1621842941757,1621842941857,100,28,599,17385.7488343254,-20662,191
1621842941867,1621842941967,100,7,114,10520.4535110539,-2950,8
1621842942017,1621842942067,50,1,385,30088.4631377203,-12294,50
1621842942337,1621842942377,40,3,146,6852.63440008885,-6383,80
1621842942507,1621842942547,40,4,159,7762.26766831203,-8605,262
1621842942577,1621842942637,60,0,355,29429.6312192431,-30325,40
1621842942647,1621842942687,40,0,395,35887.2368966225,-8642,122
1621842942916,1621842942976,60,0,338,28638.2155305081,-30680,290
1621842942996,1621842943086,90,2,357,16123.8444108204,-17198,33
1621842943096,1621842943146,50,1,344,16764.1112357955,-14598,249
1621842943176,1621842943236,60,2,239,18662.9127383954,-8128,237
1621842943176,1621842943236,60,2,239,18662.9127383954,-8128,237
1621842943246,1621842943286,40,1,145,11697.6870531363,-10611,249
1621842943306,1621842943346,40,9,527,42295.4838697065,-48692,48
1621842943376,1621842943436,60,10,313,21019.993433132,-17052,228
1621842943606,1621842943626,20,0,47,2437.36230282295,-1,108
1621842943656,1621842943786,130,2,541,42683.082930099,-28505,315
1621842943796,1621842943806,10,-1,36,1270.21776424726,-1,-1
1621842943906,1621842943926,20,1,98,4989.51719448815,-1,217
1621842943936,1621842943976,40,3,262,15388.7258498006,-3534,57
1621842943986,1621842944026,40,4,297,22561.9753003894,-26578,49
1621842944096,1621842944176,80,6,355,21556.1207140299,-24245,226
1621842944186,1621842944216,30,1,226,14752.2498426004,-1,53
1621842944226,1621842944236,10,-1,161,15917.1374623213,-1,-1
1621842944246,1621842944276,30,2,108,5968.71173883635,-7688,222
1621842944336,1621842944356,20,2,226,13956.9163050337,-1,49
1621842944366,1621842944376,10,-1,164,15247.4789222555,-1,-1
1621842944386,1621842944516,130,5,349,26516.0492863583,-23714,157
1621842944735,1621842944765,30,2,128,7405.69924545086,-6290,171
1621842945065,1621842945105,40,3,125,4849.69807482576,-4504,37
1621842945175,1621842945235,60,6,843,70004.2656296041,-24472,86
1621842945345,1621842945635,290,22,574,16528.3363182212,-43130,228
1621842945645,1621842945725,80,14,792,40231.9664367415,-50965,240
1621842945785,1621842945795,10,-1,30,1452.60625904911,-1,-1
1621842945825,1621842945855,30,1,74,2537.92902976047,-1453,49
1621842945865,1621842945905,40,4,179,10124.6716142131,-9418,199
1621842945935,1621842946035,100,4,51,1031.15437512859,-911,357
1621842946205,1621842946245,40,1,57,1206.13192621143,-1,175
1621842946255,1621842946544,289,22,765,31496.2574252152,-42451,17
1621842946644,1621842946664,20,0,36,641.132795075563,-1,219
1621842946714,1621842946744,30,0,40,752.85987893886,-140,240
1621842946784,1621842946834,50,8,257,12097.4492419943,-10313,240
1621842947014,1621842947064,50,6,209,10499.9376786431,-7274,66
1621842947194,1621842947224,30,1,55,2547.11525893193,-1421,59
1621842947454,1621842947494,40,5,211,13544.7532653077,-12583,200
1621842947664,1621842947734,70,20,561,19838.6547578869,-27254,331
1621842947764,1621842947784,20,0,42,2369.67735645321,-1,160
1621842947794,1621842947804,10,-1,33,1603.69018567601,-1,-1
1621842947814,1621842947854,40,0,585,51587.9090046461,-53829,126
1621842947884,1621842947904,20,0,54,2607.3343288833,-1,186
1621842947954,1621842947974,20,1,77,6424.09286898735,-2359,129
1621842947984,1621842948383,399,33,3325,195660.530010429,-286630,198
1621842948393,1621842948483,90,5,105,2911.93705636558,-3993,40
1621842948513,1621842948533,20,1,87,5944.55949663676,-1842,259
1621842948573,1621842948593,20,0,51,2215.07345531838,-2018,24
1621842948833,1621842948843,10,-1,34,1984.89224529541,-1,-1
1621842948893,1621842949053,160,52,1633,148758.363222463,-121155,27
1621842949063,1621842949353,290,26,1168,105835.1427736,-52288,220
1621842949363,1621842949463,100,13,351,22849.038404374,-17184,113
1621842949493,1621842949503,10,-1,34,639.368412476198,-1,-1
1621842949583,1621842949643,60,1,230,16460.5291822713,-15031,145
1621842949792,1621842949852,60,10,260,13863.519804196,-18205,283
1621842949872,1621842949882,10,-1,36,1587.82545044436,-1,-1
1621842950022,1621842950082,60,1,342,28082.6323808562,-27463,313
1621842950222,1621842950262,40,5,217,11285.5606606582,-10571,221
1621842950532,1621842950542,10,-1,30,439.728609765869,-1,-1
1621842950692,1621842950862,170,21,979,39646.9472669357,-44593,176
1621842950872,1621842950892,20,0,37,578.043948543718,-1,7
1621842951082,1621842951142,60,15,431,20968.3217228109,-14849,27
1621842951332,1621842951362,30,2,127,8247.25874763865,-7475,198
1621842951501,1621842951571,70,15,452,17774.1566996837,-20400,11
1621842951591,1621842951631,40,1,45,2864.6308246513,-930,177
1621842951711,1621842951721,10,-1,31,751.421076631528,-1,-1
1621842951741,1621842951761,20,1,75,5243.5291878784,-557,10
1621842951991,1621842952051,60,10,302,17813.9102370785,-12127,294
1621842952261,1621842952331,70,17,409,23768.3331005674,-18570,178
1621842952371,1621842952391,20,0,37,2733.42506449052,-704,95
1621842952531,1621842952541,10,-1,38,2706.17851363917,-1,-1
1621842952591,1621842952621,30,0,38,755.620695620404,-378,53
1621842952631,1621842952641,10,-1,37,884.383589947646,-1,-1
1621842952651,1621842952721,70,16,441,19714.3219327499,-14401,182
1621842952741,1621842952761,20,0,39,2702.69254575693,-1,19
1621842952851,1621842952861,10,-1,33,544.843047509254,-1,-1
1621842952991,1621842953021,30,2,107,6833.22784618923,-6527,262
1621842953061,1621842953320,259,9,1874,150551.516163981,-83399,249
1621842953330,1621842953350,20,0,56,4000.40306288941,-532,243
1621842953540,1621842953550,10,-1,32,585.557293876819,-1,-1
1621842953820,1621842953850,30,2,118,7194.74941230645,-6622,1
1621842954160,1621842954200,40,4,176,9162.94746759026,-7863,192
1621842954280,1621842954380,100,4,462,33262.4542401287,-24101,31
1621842954410,1621842954480,70,0,155,9728.39553612097,-12138,243
1621842954830,1621842954930,100,3,316,22425.1300640008,-20632,102
1621842954940,1621842955079,139,8,282,19965.675794473,-19085,242
1621842955189,1621842955259,70,5,326,24175.408086681,-14196,37
1621842955599,1621842955639,40,3,126,5199.97512330165,-5076,180
1621842955709,1621842955759,50,1,323,26968.4882000189,-12684,0
1621842955799,1621842955839,40,4,224,17198.8550356097,-18727,35
1621842955939,1621842955999,60,2,281,18447.1531803534,-9584,232
1621842956009,1621842956089,80,2,207,18571.589264297,-6715,28
1621842956579,1621842956609,30,1,72,4067.50627542557,-1842,209
1621842956838,1621842956858,20,0,46,2272.53275635257,-1534,143
1621842957168,1621842957178,10,-1,31,2245.4052629473,-1,-1
1621842957188,1621842957198,10,-1,31,1801.51810339602,-1,-1
1621842957398,1621842957428,30,3,140,6691.87076123178,-5867,10
1621842957638,1621842957738,100,0,1700,99394.1815481656,-101813,144
1621842957788,1621842957958,170,45,1720,90648.3210473475,-74670,24
1621842957978,1621842958188,210,1,364,24863.3921986097,-20997,115
1621842958378,1621842958407,29,2,115,10299.2452254211,-8930,299
1621842958427,1621842958447,20,1,81,5961.25552276839,-365,115
1621842958557,1621842958607,50,17,912,-1.0,-40120,210
1621842958757,1621842958837,80,7,132,6513.12445861051,-6581,247
1621842958887,1621842958937,50,1,67,3989.74421555853,-3128,24
1621842959257,1621842959287,30,1,74,3798.66716013574,-2254,62
1621842959397,1621842959437,40,3,145,8560.57971764661,-8518,326
1621842959507,1621842959557,50,1,40,1851.14906310139,-831,77
1621842959567,1621842959637,70,1,402,36193.7456166649,-21347,75
1621842959647,1621842959657,10,-1,38,1264.33413058701,-1,-1
1621842959867,1621842959887,20,0,49,3326.58547530613,-1,143
1621842960756,1621842960776,20,1,174,9475.6696614762,-1,80
1621842960886,1621842961046,160,6,736,7989.90992866319,-56374,252
1621842961056,1621842961086,30,4,194,16644.9190072357,-14733,287
1621842961116,1621842961206,90,1,486,41809.1152402641,-15624,149
1621842961286,1621842961336,50,4,430,35703.1328360046,-14967,113
1621842961366,1621842961376,10,-1,32,1347.75811002635,-1,-1
1621842961396,1621842961466,70,4,93,3655.63730379847,-2686,201
1621842961566,1621842961596,30,1,143,-1.0,-6146,196
1621842965853,1621842965883,30,1,170,2714.19508784029,-12173,161
1621842966623,1621842966683,60,13,893,-1.0,-31890,50
1621842966823,1621842966873,50,1,42,698.30686133573,-659,257
1621842966903,1621842966953,50,7,276,14236.4574415494,-13172,275
1621842967002,1621842967022,20,0,32,1750.88291051904,-52,230
1621842967102,1621842967132,30,3,227,11486.5712793531,-1,272
1621842967142,1621842967192,50,0,150,13512.7841994109,-5832,94
1621842967402,1621842967472,70,8,447,29653.4617805025,-25587,254
1621842967902,1621842967952,50,4,164,9931.93769900023,-7367,27
1621842968212,1621842968262,50,11,361,19598.8940654664,-17438,17
1621842968602,1621842968662,60,11,325,16129.4319623679,-9479,263
1621842968741,1621842968751,10,-1,35,2501.63548424741,-1,-1
1621842968811,1621842968861,50,9,309,17979.5443824879,-12741,222
1621842968951,1621842968981,30,0,32,561.438644851526,-110,118
1621842969161,1621842969201,40,5,200,10630.2173595648,-10169,196
1621842969411,1621842969481,70,10,243,10438.9157263988,-8273,66
1621842969711,1621842969761,50,8,308,15720.3718949886,-12577,241
1621842969851,1621842969871,20,0,33,983.914661529538,-1,90
1621842969951,1621842969991,40,1,42,839.264118306564,-807,97
1621842970001,1621842970021,20,0,40,1346.24579614235,-1032,116
1621842970041,1621842970131,90,3,72,1758.44056566504,-1167,104
1621842970141,1621842970191,50,9,316,17236.2993810232,-10420,315
1621842970311,1621842970341,30,1,85,4426.23273171878,-1919,109
1621842970391,1621842970470,79,15,390,16059.2836725486,-17262,351
1621842970530,1621842970540,10,-1,30,158.894565019907,-1,-1
1621842970570,1621842970900,330,35,590,18629.0226197149,-31492,207
1621842970910,1621842970970,60,3,62,1934.47026997635,-761,32
1621842971730,1621842972020,290,21,565,48843.755138682,-40596,214
1621842972030,1621842972050,20,0,60,3125.79629688496,-1343,32
1621842972060,1621842972110,50,9,262,19894.0611540257,-5446,51
1621842972120,1621842972229,109,44,1888,90435.9835108209,-89944,23
1621842972239,1621842972269,30,1,81,3527.01858451201,-1750,216
1621842972279,1621842972289,10,-1,101,7113.18543208166,-1,-1
1621842972299,1621842972499,200,13,233,18662.1907775939,-17339,181
1621842972509,1621842972529,20,2,145,10423.4019773659,-1,47
1621842972539,1621842972699,160,11,116,5261.03608653528,-2864,212
1621842972709,1621842972749,40,3,141,7951.52207894202,-5663,91
1621842972769,1621842972799,30,0,38,1234.29525411111,-426,180
1621842972869,1621842972889,20,0,38,995.292074227197,-1,187
1621842972959,1621842972969,10,-1,33,569.89218463071,-1,-1
1621842972989,1621842973059,70,23,639,39502.1204042059,-26357,311
1621842973269,1621842973299,30,2,94,4678.51689420234,-4927,349
1621842973619,1621842973689,70,13,362,16038.6526132064,-15268,112
1621842973779,1621842973789,10,-1,30,319.238094760622,-1,-1
1621842973858,1621842973898,39,5,220,9675.28811520987,-9008,127
1621842974258,1621842974328,70,18,422,24597.3257542073,-14796,282
1621842974948,1621842974968,20,0,43,1261.46834259404,-1,278
1621842974978,1621842975058,80,3,122,7056.2114516099,-5303,349
1621842975258,1621842975358,100,5,166,6126.8615040164,-6575,222
1621842975518,1621842975528,10,-1,33,668.245704313545,-1,-1
1621842975757,1621842975817,60,17,489,29195.6036617173,-15895,154
1621842975837,1621842975857,20,0,31,1943.67870820692,-11,7
1621842975877,1621842976037,160,8,198,8807.92521255734,-8401,22
1621842976357,1621842976387,30,2,104,5930.80997927861,-3592,217
1621842976587,1621842976707,120,23,1053,45616.780477613,-49884,329
1621842976717,1621842976747,30,0,46,1773.5229969079,-429,180
1621842976777,1621842976817,40,1,78,4805.56565689288,-1458,137
1621842976857,1621842976907,50,3,113,4948.54944532735,-3306,154
1621842976987,1621842977007,20,0,48,2164.07315643482,-1,104
1621842977077,1621842977097,20,0,62,4714.19928977225,-1253,180
1621842977127,1621842977157,30,3,144,7458.72293910618,-4042,7
1621842977566,1621842977606,40,3,149,9927.64770736237,-8045,205
1621842977946,1621842977986,40,3,122,5768.20984536993,-6217,359
1621842978166,1621842978176,10,-1,33,2104.01775978619,-1,-1
1621842978296,1621842978306,10,-1,30,224.173608558435,-1,-1
1621842978506,1621842978546,40,4,157,9112.29494222098,-8513,157
1621842978756,1621842978816,60,16,459,20081.2677182551,-20934,169
1621842978996,1621842979016,20,0,48,2918.58331701188,-1,135
1621842979315,1621842979435,120,6,1078,88057.5386170003,-52487,91
1621842979445,1621842979475,30,1,868,84912.6241275255,-78181,270
1621842979565,1621842979615,50,7,245,9799.46458295567,-12034,111
1621842979725,1621842979735,10,-1,36,1937.38556265096,-1,-1
1621842979885,1621842979895,10,-1,34,1369.49764124514,-1,-1
1621842979965,1621842980045,80,25,560,20398.451530242,-20788,326
1621842980055,1621842980065,10,-1,30,307.536673248524,-1,-1
1621842980215,1621842980245,30,2,120,8069.49375985015,-7559,341
1621842980715,1621842980734,19,0,52,4988.15418643835,-1925,245
1621842981134,1621842981284,150,19,1977,92797.3272894179,-120655,159
1621842981674,1621842981734,60,6,157,6870.84151507262,-8272,55
1621842982024,1621842982044,20,0,61,3487.06776480594,-1560,197
1621842982254,1621842982294,40,4,180,9715.63748954877,-7483,359
1621842982453,1621842982553,99,22,1788,90053.6595292348,-147727,139
1621842982563,1621842982653,90,4,331,25189.6494096687,-19819,330
1621842982663,1621842982763,100,3,38,810.01267150411,-653,354
1621842982773,1621842982833,60,13,441,21407.9354159466,-19865,187
1621842982853,1621842982923,70,2,36,653.659023443822,-497,349
1621842982933,1621842983003,70,2,38,796.551566123833,-579,356
1621842983063,1621842983133,70,18,556,28116.5233782881,-16899,333
1621842983233,1621842983423,190,16,917,58155.6851210147,-41571,348
1621842983513,1621842983583,70,2,260,16803.6628079943,-18959,228
1621842983613,1621842983643,30,0,55,4192.33342007149,-1626,111
1621842983673,1621842983713,40,4,182,9260.61897844612,-8281,72
1621842983743,1621842983843,100,3,312,24472.9082657881,-20920,201
1621842985232,1621842985432,200,20,404,25054.1775656281,-22630,355
1621842985442,1621842985472,30,1,75,5322.22128028721,-2454,231
1621842985492,1621842985532,40,1,38,1136.71151067879,-800,205
1621842985572,1621842985702,130,0,375,28364.5966651079,-20140,203
1621842985772,1621842985961,189,0,214,16396.0626289457,-13023,236
1621842986111,1621842986121,10,-1,32,1651.75017629328,-1,-1
1621842986181,1621842986191,10,-1,32,2352.8209379805,-1,-1
1621842986281,1621842986311,30,2,104,5960.76214717626,-5783,161
1621842986631,1621842986691,60,2,114,4189.90221063713,-4001,347
1621842986791,1621842986811,20,2,117,9312.1694454354,-1,131
1621842986821,1621842986841,20,2,117,9627.8044536257,-1,313
1621842986891,1621842986931,40,3,85,6062.10578366487,-1149,168
1621842987521,1621842987720,199,24,493,36800.1314640615,-23482,173
1621842987880,1621842987910,30,1,49,2091.2514740326,-334,23
1621842988450,1621842988630,180,29,675,51488.2598553038,-38440,353
1621842988660,1621842988700,40,1,53,2161.44665530649,-2239,131
1621842988710,1621842988720,10,-1,49,2426.82848654586,-1,-1
1621842988740,1621842988830,90,0,278,15205.3444412713,-21647,180
1621842988840,1621842988930,90,0,372,21535.0125651168,-30313,273
1621842989100,1621842989120,20,9,961,48691.7466984211,-1,128
1621842989210,1621842989250,40,5,838,-1.0,-56516,227
1621842989339,1621842989379,39,1,61,2145.39621293819,-2544,283
1621842989419,1621842989429,10,-1,31,807.718212783441,-1,-1
1621842989439,1621842989499,60,10,286,13267.6611285599,-11887,22
1621842989689,1621842989749,60,9,305,18235.6243261743,-15409,147
1621842990109,1621842990159,50,5,200,12155.4250967429,-10252,287
1621842990419,1621842990469,50,24,618,30750.7848760322,-4047,28
1621842990569,1621842990599,30,3,164,13183.4794768929,-4968,204
1621842990779,1621842990799,20,0,107,-1.0,-5612,319
1621842990909,1621842991088,179,10,962,61157.2860234018,-40844,117
1621842991098,1621842991118,20,0,39,1000.24239421802,-822,234
1621842991138,1621842991178,40,1,64,2328.75886144896,-2572,273
1621842991248,1621842991278,30,1,50,2335.02833351045,-1823,281
1621842991378,1621842991458,80,13,490,30955.1318330173,-36088,150
1621842991468,1621842991488,20,1,151,13246.097966178,-4134,246
1621842991498,1621842991638,140,7,84,1988.82367780215,-2771,346
1621842991668,1621842991698,30,1,59,2479.84924614091,-1793,87
1621842991888,1621842991958,70,11,316,11162.293594696,-11430,56
1621842992038,1621842992058,20,0,47,1742.81543568169,-1,77
1621842992068,1621842992078,10,-1,31,1448.7886460176,-1,-1
1621842992088,1621842992168,80,23,525,24455.2467449768,-17328,318
1621842992308,1621842992358,50,1,48,1862.47451766758,-1589,193
1621842992378,1621842992438,60,2,119,6508.37306443609,-6722,266
1621842992448,1621842992508,60,2,69,1600.92222519366,-2281,197
1621842992668,1621842992698,30,1,92,6007.94307447681,-5873,195
1621842992807,1621842992927,120,27,579,27773.7175053086,-38052,332
1621842992937,1621842992987,50,4,128,3727.39732367213,-9603,145
1621842993007,1621842993017,10,-1,31,612.866842802,-1,-1
1621842993087,1621842993097,10,-1,34,1401.82825009203,-1,-1
1621842993157,1621842993167,10,-1,31,883.029361971804,-1,-1
1621842993787,1621842993857,70,25,649,31391.6881570291,-27277,167
1621842993987,1621842994017,30,1,68,3320.29406185595,-1839,218
1621842994277,1621842994327,50,10,317,13166.117631841,-16939,28
1621842994447,1621842994457,10,-1,31,410.528127652869,-1,-1
1621842994477,1621842994646,169,6,514,27086.4303322312,-23955,201
1621842994656,1621842994676,20,0,39,2048.54024861516,-439,16
1621842994766,1621842994806,40,2,105,4921.21806861661,-6160,281
1621842995046,1621842995266,220,18,429,16168.9014634693,-36998,136
1621842995296,1621842995326,30,1,70,2317.98967508071,-1,16
1621842996235,1621842996295,59,19,546,10921.1997392798,-16106,323
1621842996305,1621842996315,10,-1,40,2463.9431047978,-1,-1
1621842996335,1621842996405,70,3,387,32556.2575901681,-162,183
1621842996655,1621842996775,120,7,581,19437.6115669967,-43441,276
1621842996795,1621842996825,30,1,67,2910.81141815278,-3739,150
1621842996835,1621842996865,30,1,67,3013.61169412201,-1253,216
1621842996875,1621842996895,20,0,50,1779.97214709583,-1,208
1621842996905,1621842996915,10,-1,40,2783.71076600887,-1,-1
1621842996925,1621842997025,100,27,857,51507.5938452319,-51911,139
1621842997135,1621842997175,40,3,160,9681.46772942015,-8764,103
1621842997205,1621842997235,30,0,33,259.314211249111,-13,85
1621842997265,1621842997345,80,3,82,4465.58709650173,-3890,105
1621842997395,1621842997465,70,15,489,25724.9552592073,-24853,286
1621842997625,1621842997675,50,12,451,21654.5953371802,-19213,105
1621842997735,1621842997765,30,1,64,3130.53755067787,-2253,251
1621842997815,1621842997845,30,2,137,9108.00788707062,-8825,118
1621842997935,1621842997994,59,2,51,1612.33490157836,-1280,271
1621842998014,1621842998054,40,1,44,771.630168727743,-765,277
1621842998064,1621842998084,20,0,41,817.640629385335,-1,262
1621842998114,1621842998174,60,17,541,32234.5369876284,-19067,119
1621842998224,1621842998234,10,-1,30,743.174570930876,-1,-1
1621842998384,1621842998404,20,4,223,21779.8258843581,-1203,248
1621842998434,1621842998464,30,3,250,10063.8305439172,-1,44
1621842998484,1621842998544,60,12,394,22680.3084781513,-13301,335
1621842998754,1621842998804,50,10,365,18924.0341483321,-17936,263
1621842998924,1621842998944,20,0,31,586.49199582999,-1,74
1621842999024,1621842999044,20,0,36,1014.94350169919,-138,97
1621842999054,1621842999364,310,27,1070,56951.0040207548,-35977,305
1621842999404,1621842999424,20,1,75,5992.53976569591,-2493,99
1621842999693,1621842999723,30,1,70,2960.13997877182,-3021,338
1621842999903,1621842999943,40,0,64,2787.02986709938,-1690,248
1621843000113,1621843000173,60,3,433,22719.3142793647,-22368,165
1621843000223,1621843000303,80,0,337,25268.8131961776,-16253,216
1621843000423,1621843000473,50,2,368,30137.1801018324,-20284,353
1621843000663,1621843000713,50,2,344,25415.9140517827,-13756,183
1621843001113,1621843001133,20,0,83,6634.26867412307,-5030,21
1621843002102,1621843002112,10,-1,59,3865.50544883318,-1,-1
1621843002122,1621843002352,230,29,2551,157702.510918516,-124704,165
1621843002362,1621843002412,50,3,176,15233.3115392958,-11839,61
1621843002462,1621843002512,50,7,246,13005.487822366,-8951,83
1621843003062,1621843003121,59,12,334,16743.4016673297,-14340,352
1621843003301,1621843003361,60,10,320,14203.9162106487,-12840,171
1621843003881,1621843004371,490,25,617,26324.5535588803,-47391,234
1621843004421,1621843004441,20,1,90,7058.98805976426,-4149,35
1621843004461,1621843004481,20,0,47,3725.64589866277,-1223,72
1621843004531,1621843004571,40,4,138,7296.28011729056,-7015,204
1621843004581,1621843004711,130,4,396,32788.3474957202,-29511,24
1621843004731,1621843004771,40,1,182,18226.9157480473,-1197,150
1621843004781,1621843004791,10,-1,34,2910.7379289665,-1,-1
1621843004850,1621843004920,70,1,181,10729.4298882736,-7637,264
1621843004970,1621843005030,60,2,71,4025.95661490677,-1982,190
1621843005040,1621843005060,20,8,777,42943.1867192379,-1,65
1621843005180,1621843005380,200,7,360,14854.273132251,-14529,175
1621843005680,1621843005690,10,-1,55,3678.25282645506,-1,-1
1621843005760,1621843005770,10,-1,39,2279.56952700832,-1,-1
1621843005840,1621843005860,20,1,47,3118.72419758126,-690,300
1621843005910,1621843006000,90,35,756,22469.203595157,-30266,166
1621843006030,1621843006050,20,0,35,1265.12704050699,-1,14
1621843006799,1621843006819,20,0,46,3605.04783097945,-776,273
1621843006899,1621843006989,90,4,85,2386.24056345172,-2791,249
1621843006999,1621843007169,170,2,881,56367.0338563055,-43441,100
1621843007509,1621843007519,10,-1,55,4401.3541231974,-1,-1
1621843007609,1621843007639,30,1,91,5262.62969061088,-3633,230
1621843008229,1621843008268,39,11,613,18820.9508881274,-1,342
1621843008278,1621843008388,110,23,1483,147759.45889653,-82783,335
1621843008398,1621843008508,110,5,123,10945.7773828322,-5190,141
1621843008518,1621843008558,40,3,107,3256.90692108129,-5049,135
1621843008678,1621843008718,40,1,52,2060.16109769401,-2212,130
1621843008878,1621843008908,30,2,116,6820.51439428176,-3931,341
1621843009188,1621843009198,10,-1,30,921.729774831255,-1,-1
1621843009728,1621843009758,30,2,111,6285.5362360105,-4359,180
1621843009977,1621843010067,90,2,412,26957.9672422328,-34261,152
1621843010097,1621843010147,50,1,217,17933.4229738524,-17986,311
1621843010217,1621843010257,40,2,133,6506.43802785293,-6344,335
1621843010267,1621843010297,30,1,50,1916.62020520539,-1920,73
1621843010327,1621843010377,50,3,112,6078.58120556522,-6644,339
1621843010517,1621843010537,20,0,51,3182.48494655884,-1259,331
1621843010547,1621843010667,120,32,1028,76128.4794966368,-54034,166
1621843010677,1621843010737,60,1,178,14075.0330122453,-4910,0
1621843010747,1621843010757,10,-1,30,1272.79948669942,-1,-1
1621843011297,1621843011377,80,25,546,19070.410497203,-18538,92
1621843011457,1621843011507,50,1,290,21648.9721326672,-19823,270
1621843011617,1621843011647,30,3,182,9199.21745524417,-8344,251
1621843011657,1621843011677,20,0,41,1413.71635279763,-1,253
1621843011746,1621843011856,110,2,618,38439.2546473215,-36431,123
1621843011866,1621843011876,10,-1,30,135.171184866222,-1,-1
1621843012166,1621843012176,10,-1,53,3997.60818519996,-1,-1
1621843012186,1621843012196,10,-1,34,655.186696296077,-1,-1
1621843012206,1621843012266,60,12,485,29567.9604100594,-24682,276
1621843012396,1621843012406,10,-1,68,4540.4616691767,-1,-1
1621843012416,1621843012516,100,14,607,38330.5933500735,-37255,308
1621843012526,1621843012536,10,-1,31,170.211604532877,-1,-1
1621843013046,1621843013156,110,9,288,14590.5366428269,-12986,22
1621843013266,1621843013326,60,13,406,21815.7203282519,-12787,195
1621843013396,1621843013405,9,-1,30,1613.48230280082,-1,-1
1621843014625,1621843014685,60,7,232,11877.7685522485,-7602,117
1621843014865,1621843014935,70,12,345,18335.0423972778,-11414,69
1621843015055,1621843015124,69,12,277,9719.53632722207,-9705,95
1621843015224,1621843015234,10,-1,45,3210.0229843612,-1,-1
1621843015784,1621843015854,70,13,664,5244.94457996926,-21573,259
1621843015864,1621843015874,10,-1,30,559.30108940669,-1,-1
1621843015894,1621843015924,30,1,43,1268.98877600557,-750,315
1621843015994,1621843016014,20,1,67,5698.42135563084,-1178,225
1621843016354,1621843016394,40,4,138,7469.13365735754,-5264,6
1621843016714,1621843016754,40,5,175,10351.0158440709,-8764,199
1621843017043,1621843017073,30,2,87,4211.67393845448,-2227,350
1621843017523,1621843017543,20,4,180,17005.9891562859,-1,28
1621843017693,1621843017783,90,2,237,17656.7674734114,-17096,273
1621843017943,1621843018053,110,3,330,29905.436324821,-10749,147
1621843018063,1621843018103,40,3,201,18297.9475453811,-10546,222
1621843018283,1621843018333,50,6,192,9875.90600633938,-7470,186
1621843018822,1621843018842,20,1,66,4653.97568119999,-1,177
1621843018932,1621843018962,30,1,49,1578.84642171189,-1558,85
1621843019082,1621843019102,20,1,75,5995.44860466935,-2411,271
1621843019122,1621843019142,20,0,37,2594.85929437256,-597,250
1621843019222,1621843019452,230,15,420,21934.0013082667,-35072,24
1621843019502,1621843019542,40,1,36,1556.42521435286,-378,267
1621843019562,1621843019672,110,3,355,17333.0126337872,-29467,276
1621843019692,1621843019772,80,4,62,1372.49814480295,-1686,79
1621843019822,1621843019892,70,6,142,7293.88884482218,-4956,201
1621843019952,1621843019972,20,1,70,4365.14551462459,-1,244
1621843020102,1621843020122,20,0,34,1693.2141751994,-202,84
1621843020182,1621843020222,40,4,154,7353.40345943276,-7677,4
1621843020261,1621843020281,20,0,42,1304.45960482556,-937,255
1621843020291,1621843020361,70,3,370,26369.2479660121,-14742,319
1621843020371,1621843020411,40,1,55,2843.27801304794,-2552,275
1621843020421,1621843020551,130,33,647,21527.3546926597,-22855,45
1621843020561,1621843020631,70,2,70,3589.60264516601,-2692,170
1621843020741,1621843020751,10,-1,33,386.074321947123,-1,-1
1621843020781,1621843020831,50,7,230,11259.7309624212,-13313,165
1621843021051,1621843021101,50,7,260,10386.1483280791,-11765,322
1621843021321,1621843021561,240,29,710,32082.6231608688,-59888,219
1621843021621,1621843021691,70,1,194,10304.7164143196,-5685,164
1621843021701,1621843021711,10,-1,63,5879.92341867623,-1,-1
1621843021761,1621843021771,10,-1,32,2143.35664900815,-1,-1
1621843021881,1621843021961,80,4,280,20586.3381821088,-21195,30
1621843022190,1621843022260,70,8,221,18903.9248049155,-11968,116
1621843022300,1621843022340,40,4,424,42185.2205059384,-16492,258
1621843022380,1621843022560,180,55,889,30408.2504189223,-27232,49
1621843022570,1621843022660,90,4,103,6106.50683803536,-2386,211
1621843024029,1621843024299,270,23,291,16908.3500951381,-15132,263
1621843024329,1621843024349,20,0,38,1746.82311611886,-513,263
1621843024389,1621843024409,20,0,40,1510.5827945199,-1,249
1621843024719,1621843024749,30,0,49,1208.91622745978,-1697,98
1621843024779,1621843024789,10,-1,31,577.052292939175,-1,-1
1621843024819,1621843024839,20,0,31,714.041519920656,-1,105
1621843024919,1621843024929,10,-1,35,2196.30803400678,-1,-1
1621843026068,1621843026078,10,-1,30,67.5490756890863,-1,-1
1621843026158,1621843026178,20,0,31,476.381947804746,-1,288
1621843028047,1621843028057,10,-1,59,4419.10123805814,-1,-1
1621843028107,1621843028127,20,0,40,2289.28842123721,-482,95
1621843028257,1621843028327,70,3,86,2912.69865770651,-3839,65
1621843028347,1621843028387,40,1,47,1542.05938129079,-757,92
1621843028397,1621843028557,160,7,61,1749.17197639978,-1193,93
1621843028617,1621843028707,90,4,79,3513.05442884618,-1422,251
1621843028767,1621843028797,30,1,55,2619.92651844495,-1317,257
1621843028817,1621843028826,9,-1,48,2100.68450922685,-1,-1
1621843028936,1621843029476,540,6,411,23138.6954424642,-22876,357
1621843029486,1621843029546,60,3,67,2694.31586968456,-1,37
1621843029556,1621843029616,60,22,705,41545.2956644115,-22793,226
1621843029626,1621843029646,20,0,44,2471.11952792326,-1084,323
1621843029656,1621843029736,80,2,56,1270.93404925566,-1097,16
1621843029746,1621843029946,200,24,1582,67255.1714158051,-98092,236
1621843029956,1621843029986,30,1,86,3497.82710056797,-3765,49
1621843030106,1621843030116,10,-1,35,2136.53439054405,-1,-1
1621843030236,1621843030266,30,1,96,8510.63637044474,-3530,53
1621843030286,1621843030296,10,-1,67,4059.78199844617,-1,-1
1621843030306,1621843030316,10,-1,56,4488.15994540285,-1,-1
1621843030356,1621843030376,20,1,81,7132.59193607871,-1,353
1621843030446,1621843030456,10,-1,40,1725.22524741881,-1,-1
1621843030466,1621843030476,10,-1,38,3151.77295116386,-1,-1
1621843030545,1621843030566,20,0,30,3097.56321129142,-1,73
1621843030765,1621843030815,50,3,104,7334.102601895,-4116,199
1621843031175,1621843031185,10,-1,74,4828.65383568526,-1,-1
1621843031325,1621843031345,20,0,57,3803.23033749564,-2092,66
1621843031355,1621843031385,30,1,67,4460.27500035823,-3236,75
1621843031535,1621843031585,50,4,135,5338.28913218629,-5971,204
1621843032314,1621843032404,90,7,866,31046.6531338034,-74893,357
1621843032464,1621843032484,20,0,41,1293.29355637462,-1,237
1621843032584,1621843032594,10,-1,53,2917.31658559017,-1,-1
1621843032604,1621843032634,30,0,44,3306.10606794083,-881,243
1621843032884,1621843032904,20,1,60,4835.83143841663,-363,43
1621843033004,1621843033034,30,1,88,2576.50862619615,-1,61
1621843033214,1621843033464,250,17,839,14372.0293138062,-33085,320
1621843033544,1621843033584,40,1,89,3823.08260340205,-1558,163
1621843033794,1621843033924,130,11,478,13998.993577285,-37340,185
1621843033944,1621843033964,20,0,57,3285.26276695428,-1379,347
1621843034103,1621843034113,10,-1,38,916.610216481693,-1,-1
1621843034143,1621843034213,70,2,124,6860.7022745879,-7386,266
1621843034313,1621843034333,20,1,108,-1.0,-5147,264
1621843034353,1621843034583,230,16,105,4401.68658484974,-4968,271
1621843034603,1621843034683,80,4,74,2678.59813839568,-1968,284
1621843035183,1621843035263,80,3,411,21488.9160186678,-4392,157
1621843035353,1621843035613,260,22,549,38783.7768599077,-32854,335
1621843035643,1621843035663,20,0,45,1816.00284515719,-1,38
1621843035852,1621843035882,30,3,163,10378.4088527114,-9098,294
1621843035982,1621843036042,60,2,48,997.605492226698,-999,57
1621843036362,1621843036372,10,-1,31,1293.62570468971,-1,-1
1621843036402,1621843036432,30,1,75,3909.89174151613,-2915,9
1621843036642,1621843036722,80,7,233,10238.9974367613,-9735,122
1621843036732,1621843036752,20,0,41,1279.03451394236,-261,90
1621843036802,1621843036892,90,5,82,2831.23614626267,-2223,88
1621843036922,1621843037032,110,1,208,17802.2504909117,-15788,180
1621843037042,1621843037082,40,2,282,25680.2997714364,-8702,73
1621843037272,1621843037322,50,3,200,7659.66320210778,-16484,80
1621843037382,1621843037431,49,2,328,25087.4163762082,-10575,265
1621843037461,1621843037531,70,5,118,3845.98225088966,-5933,151
1621843037701,1621843037841,140,4,858,13008.4208708468,-37607,217
1621843037851,1621843037921,70,3,223,15623.6638048274,-10230,262
1621843037931,1621843037951,20,0,56,2684.99654591101,-1,120
1621843038031,1621843038051,20,1,89,6658.65993785312,-2099,324
1621843038241,1621843038321,80,3,356,2952.90973214704,-28373,158
1621843039300,1621843039340,40,15,942,-1.0,-44790,301
1621843039450,1621843039490,40,3,146,7057.75171281165,-5668,180
1621843039910,1621843039920,10,-1,31,970.430908763856,-1,-1
1621843039990,1621843040000,10,-1,30,1358.29471615472,-1,-1
1621843040050,1621843040080,30,1,92,4491.23433075279,-3914,64
1621843042089,1621843042139,50,6,545,-1.0,-29150,268
1621843042219,1621843042279,60,5,180,9809.24531745798,-8155,239
1621843043048,1621843043068,20,10,1470,96809.2341957143,-1,56
1621843043338,1621843043388,50,0,197,11965.8569221761,-15428,341
1621843044437,1621843044497,60,15,1009,-1.0,-37614,279
1621843044767,1621843044817,50,26,857,35376.8998831677,-24448,109
1621843045577,1621843045627,50,15,855,-1.0,-31565,286
1621843045637,1621843045647,10,-1,31,422.178262955946,-1,-1
1621843045697,1621843045717,20,0,36,896.133405782004,-333,129
1621843045817,1621843045887,70,24,641,29498.8674391125,-20769,117
1621843046096,1621843046196,100,4,71,978.847259435494,-1805,248
1621843046206,1621843046256,50,2,97,4864.90162166143,-4596,245
1621843046546,1621843046586,40,1,102,5876.48021018493,-4122,181
1621843046696,1621843046906,210,3,366,28905.6319368865,-29283,88
1621843046926,1621843046966,40,2,120,5821.33374692711,-4710,56
1621843047006,1621843047106,100,28,821,43065.0193081844,-21560,292
1621843047116,1621843047126,10,-1,48,3418.90970165367,-1,-1
1621843047815,1621843047895,79,3,207,10627.2876214591,-115,79
1621843048005,1621843048335,330,22,818,28837.4436530437,-53138,25
1621843048355,1621843048415,60,14,397,16343.4036802784,-16127,5
1621843048575,1621843048665,90,17,530,23373.8369557646,-28565,210
1621843048705,1621843048815,110,8,445,24337.7218638591,-4157,144
1621843048905,1621843049165,260,6,695,9872.12483617392,-29816,224
1621843049195,1621843049205,10,-1,30,2016.03644028546,-1,-1
1621843049614,1621843049654,40,2,92,5571.44510697478,-4540,254
1621843049854,1621843049874,20,0,71,5005.85004746253,-768,90
1621843050034,1621843050074,40,1,47,1278.92331681051,0,98
1621843050174,1621843050184,10,-1,30,218.999780427626,-1,-1
1621843050194,1621843050284,90,2,39,775.296163394481,-749,120
1621843050294,1621843050334,40,2,82,4102.94270390483,-3083,233
1621843050394,1621843050404,10,-1,32,856.833760464346,-1,-1
1621843050564,1621843050604,40,3,175,7805.92828137673,-7173,102
1621843050654,1621843050704,50,1,43,757.275821158738,-314,107
1621843050654,1621843050704,50,1,43,757.275821158738,-314,107
1621843050764,1621843050774,10,-1,33,1587.65806718905,-1,-1
1621843050894,1621843050904,10,-1,39,1594.86349653839,-1,-1
1621843051004,1621843051024,20,0,35,726.601334811947,-1,284
1621843052083,1621843052163,80,4,75,2488.67126800861,-3186,256
1621843052193,1621843052213,20,0,32,1383.5177550862,-1,254
1621843052233,1621843052283,50,2,57,1334.37336897079,-2113,275
1621843052553,1621843052593,40,2,102,6269.85084335923,-6423,112
1621843052733,1621843052892,159,5,238,10560.8147740507,-5190,60
1621843053072,1621843053082,10,-1,610,-1.0,-1,-1
1621843053102,1621843053172,70,8,197,8876.74768514472,-9378,354
1621843053182,1621843053272,90,3,268,14158.9471762493,-23439,0
1621843053282,1621843053312,30,2,119,8166.79352057943,-1802,249
1621843053332,1621843053372,40,1,39,2128.9204263648,-274,258
1621843053382,1621843053412,30,1,71,3288.18931432137,-3674,228
1621843053712,1621843053832,120,44,996,58643.3341026748,-91373,24
1621843053852,1621843054512,660,15,1000,58105.5459727037,-50289,114
1621843054522,1621843054582,60,2,62,2468.32442331262,-2371,249
1621843054641,1621843054651,10,-1,39,2107.86601048792,-1,-1
1621843054791,1621843054811,20,0,38,2006.52583319574,-1,263
1621843054851,1621843054871,20,0,47,2405.57486564325,-1041,254
1621843054931,1621843054941,10,-1,40,1691.36464067049,-1,-1
1621843054971,1621843054991,20,0,40,2709.27092743412,-1,240
1621843055231,1621843055281,50,8,295,17049.5888857874,-14845,80
1621843055581,1621843055651,70,2,121,5904.26111615911,-5808,33
1621843055671,1621843055741,70,6,227,12919.1075936469,-11146,288
1621843055921,1621843055981,60,12,444,24046.111464045,-24310,188
1621843056330,1621843056350,20,0,53,2791.43392732614,-1174,232
1621843056700,1621843056740,40,2,96,6441.4019973633,-5731,18
1621843057380,1621843057430,50,4,170,8991.88208888219,-6747,56
1621843057810,1621843057820,10,-1,31,362.014020049615,-1,-1
1621843057900,1621843057930,30,2,112,8147.48706686712,-7858,170
1621843058009,1621843058069,59,2,51,1212.3340177004,-807,256
1621843058079,1621843058249,170,11,104,2912.98848819057,-3291,245
1621843058499,1621843058529,30,0,44,1486.92007865667,-1433,83
1621843058849,1621843058879,30,0,38,1131.61643368872,-626,70
1621843060178,1621843060288,110,17,1094,100491.729030049,-79542,273
1621843060308,1621843060318,10,-1,43,1674.30728772346,-1,-1
1621843061088,1621843061158,70,13,373,18276.4680368043,-11776,101
1621843062987,1621843063017,30,1,88,6252.97963725436,-5826,108
1621843063766,1621843063796,30,2,118,8273.62512283781,-7515,94
1621843064146,1621843064176,30,1,67,4012.18000672907,-2215,330
1621843064836,1621843064855,19,0,42,2148.18147249971,-1,45
1621843065155,1621843065195,40,3,117,6526.38542263756,-5333,205
1621843065515,1621843065535,20,0,45,2295.09591652679,-1042,299
1621843066035,1621843066065,30,5,267,18276.1290962935,-7612,83
1621843066115,1621843066165,50,6,230,8650.69455257987,-13007,271
1621843066585,1621843066594,9,-1,40,2201.89493110603,-1,-1
1621843066714,1621843066724,10,-1,36,1843.97067041699,-1,-1
1621843066904,1621843066934,30,2,112,5586.87180834529,-4175,164
1621843067704,1621843067734,30,1,51,1787.19725524253,-1383,0
1621843068393,1621843068483,90,3,46,1709.26561473598,-1426,135
1621843068783,1621843068813,30,2,143,7574.61754573594,-6374,173
1621843069053,1621843069083,30,2,125,6138.5428558883,-4229,282
1621843069573,1621843069613,40,3,133,7799.23248722108,-6680,96
1621843069903,1621843069933,30,1,77,3712.10150410027,-2647,312
1621843070302,1621843070312,10,-1,33,575.1972816814,-1,-1
1621843070712,1621843070772,60,14,410,19478.5996555921,-14636,334
1621843070962,1621843071062,100,16,1399,77500.9673921206,-82950,154
1621843071562,1621843071582,20,0,35,1739.99005596779,-370,0
1621843071771,1621843071841,70,17,458,25211.0430750094,-16529,337
1621843072341,1621843072401,60,15,454,20504.307416568,-19969,156
1621843072681,1621843072701,20,0,51,3840.3590946358,-1,164
1621843072981,1621843073001,20,0,68,4834.10332227771,-1,20
1621843073381,1621843073421,40,4,164,12158.9472350341,-7973,162
1621843073790,1621843073830,40,5,235,11061.301214216,-10415,6
1621843074140,1621843074180,40,6,241,13521.3897086911,-12817,184
1621843074820,1621843074830,10,-1,55,4286.11926762566,-1,-1
1621843074910,1621843074930,20,0,39,2158.06751518725,-940,32
1621843075060,1621843075090,30,0,42,1814.78226878037,-919,287
1621843075569,1621843075599,30,2,117,7436.73583825128,-7349,127
1621843075939,1621843075949,10,-1,86,6964.25977821714,-1,-1
1621843076029,1621843076039,10,-1,31,2871.02899083149,-1,-1
1621843076049,1621843076069,20,0,32,380.700646673002,-244,250
1621843076519,1621843076539,20,0,34,545.203638574965,-289,80
1621843076669,1621843076799,130,4,1042,61312.4419131309,-47916,76
1621843077108,1621843077138,30,1,86,4222.2303811817,-3251,258
1621843077148,1621843077158,10,-1,31,221.029562756856,-1,-1
1621843077398,1621843077428,30,1,80,4751.93739184806,-3694,82
1621843077608,1621843077638,30,1,73,3457.11715300945,-2774,129
1621843077958,1621843077978,20,0,48,2754.10481999883,-1,248
1621843078408,1621843078438,30,2,131,9134.56206228783,-8454,280
1621843078837,1621843078957,120,2,425,25152.1235959988,-17315,87
1621843079007,1621843079027,20,0,48,3522.524428182,-206,234
1621843079037,1621843079067,30,0,46,1620.36649924325,-237,86
1621843079087,1621843079107,20,0,35,1498.7633779091,-147,82
1621843079327,1621843079367,40,1,61,3236.09048189859,-1518,154
1621843079597,1621843079637,40,1,51,1622.75196024527,-795,68
1621843079717,1621843079807,90,1,98,6774.44859726953,-1,24
1621843079927,1621843079947,20,0,41,2081.17524658202,-513,203
1621843080117,1621843080157,40,2,92,6714.74194648601,-5721,108
1621843080516,1621843080556,40,3,125,6716.18572829057,-6408,261
1621843080806,1621843080836,30,1,73,4724.46124148208,-2923,77
1621843081256,1621843081266,10,-1,32,388.162036850465,-1,-1
1621843081336,1621843081666,330,23,1321,104022.84794901,-107252,236
1621843081716,1621843081736,20,0,31,953.339824014678,-141,39
1621843081906,1621843081936,30,1,53,1757.5494785052,-1059,41
1621843082455,1621843082475,20,8,1298,90464.6825288976,-1,58
1621843082575,1621843082765,190,4,209,16664.9360826632,-12402,175
1621843082785,1621843083025,240,10,139,8683.65189382605,-9467,249
1621843083045,1621843083105,60,2,56,2766.31451383987,-1339,266
1621843083255,1621843083285,30,1,82,4241.18492782623,-2141,231
1621843083714,1621843083754,39,2,114,6541.79924811642,-5633,28
1621843083914,1621843083924,10,-1,37,2296.75593516211,-1,-1
1621843084004,1621843084034,30,2,120,7920.56660961228,-7992,223
1621843084134,1621843084144,10,-1,32,1883.49052648235,-1,-1
1621843084484,1621843084514,30,2,108,5335.84145507562,-4398,357
1621843084694,1621843084724,30,3,150,8414.38682737061,-6683,215
1621843085304,1621843085334,30,1,92,4990.37490171524,-4711,78
1621843085803,1621843085833,30,1,91,6033.77770979192,-2378,278
1621843086113,1621843086153,40,3,148,9863.31944571275,-10304,72
1621843086243,1621843086253,10,-1,38,2166.94229292331,-1,-1
1621843086503,1621843086533,30,1,59,1880.76642857972,-2728,7
1621843086853,1621843086903,50,4,169,9821.98771361481,-8170,221
1621843087602,1621843087642,40,3,145,8775.85123463838,-9160,138
1621843088112,1621843088162,50,1,47,1018.04605088286,-1576,342
1621843088342,1621843088362,20,0,36,1050.9965878286,-583,278
1621843088842,1621843088851,9,-1,30,588.040336773791,-1,-1
1621843088901,1621843088961,60,5,177,7802.00920602862,-7159,168
1621843089121,1621843089191,70,9,303,16764.0086280374,-16062,9
1621843089371,1621843089391,20,0,32,601.070351027332,-242,153
1621843089421,1621843089441,20,0,36,899.943801730164,-1,125
1621843089531,1621843089551,20,0,36,1443.27300602481,-554,129
1621843090071,1621843090101,30,0,38,1823.37347375261,-690,137
1621843090151,1621843090191,40,1,52,2424.90416960684,-1197,98
1621843090241,1621843090321,80,3,67,2861.98431370023,-1181,68
1621843090540,1621843090561,21,0,65,4791.42624393778,-1,170
1621843090600,1621843090650,50,2,158,12570.3008458895,-11361,57
1621843090740,1621843090810,70,21,893,-1.0,-43721,237
1621843090900,1621843091030,130,17,728,63452.360047743,-56915,358
1621843091090,1621843091130,40,4,188,13432.773232712,-11825,239
1621843091150,1621843091220,70,2,45,2180.50805808271,-602,95
1621843091240,1621843091290,50,2,84,1798.08895603045,-1,133
1621843091380,1621843091700,320,18,729,49304.1301819292,-35944,218
1621843091720,1621843091830,110,5,135,4527.37289730728,-444,157
1621843091920,1621843092100,180,8,403,31135.6887944749,-30839,237
1621843092110,1621843092130,20,1,100,8106.65580490482,-3878,34
1621843092140,1621843092180,40,0,44,1220.63289792011,-1032,199
1621843092190,1621843092210,20,0,69,4602.85637273196,-2705,197
1621843092220,1621843092239,19,0,80,3521.26939865993,-1,209
1621843092309,1621843092349,40,1,54,1212.4981463203,-1773,132
1621843092369,1621843092399,30,1,56,2213.87519536814,-1650,116
1621843092419,1621843092449,30,1,66,3094.33662828752,-2869,124
1621843093079,1621843093089,10,-1,31,2278.15538600255,-1,-1
1621843093219,1621843093229,10,-1,35,3288.36574578462,-1,-1
1621843093279,1621843093299,20,0,56,3445.63355566128,-1,252
1621843093469,1621843093499,30,1,85,5620.40487216382,-4043,65
1621843093539,1621843093569,30,0,219,18497.3882187933,-68,77
1621843093659,1621843093779,120,3,1044,7005.88634490003,-75503,58
1621843093789,1621843093809,20,0,30,298.554603288182,-1,80
1621843093849,1621843093869,20,0,39,1787.84972292196,-298,102
1621843094018,1621843094058,40,1,68,3308.4932274311,-2326,273
1621843094438,1621843094478,40,1,50,2664.33951962266,-1102,229
1621843094828,1621843094848,20,0,70,4353.79894677385,-1,60
1621843095058,1621843095168,110,37,1723,93887.7588646304,-79166,78
1621843095218,1621843095278,60,5,162,8398.78284182127,-5832,259
1621843095448,1621843095528,80,2,224,14928.9554831945,-8996,246
1621843095608,1621843095787,179,2,208,11435.7776858249,-14521,251
1621843095807,1621843095827,20,0,35,2290.12285835057,-92,303
1621843095837,1621843095847,10,-1,31,1219.57008819682,-1,-1
1621843095877,1621843095887,10,-1,32,1468.81550362838,-1,-1
1621843096287,1621843096317,30,1,69,3733.41939112462,-120,232
1621843096577,1621843096607,30,1,82,4457.15266844559,-3150,61
1621843096937,1621843096957,20,1,95,6318.26549985923,-1,240
1621843097137,1621843097387,250,20,611,41523.7983965635,-46442,269
1621843097397,1621843097446,49,5,193,11226.8468795251,-8881,277
1621843097466,1621843097486,20,0,32,2515.08541553694,-19,100
1621843097496,1621843097516,20,0,35,1544.36461260461,-1,57
1621843098176,1621843098186,10,-1,32,398.882555046737,-1,-1
1621843098996,1621843099086,90,6,563,4917.20171898923,-24690,171
1621843099096,1621843099115,19,0,74,4592.64233822609,-1739,67
1621843099295,1621843099355,60,2,45,850.324720983536,-696,87
1621843102364,1621843102374,10,-1,33,-1.0,-1,-1
1621843102993,1621843103023,30,8,631,-1.0,-27437,283
1621843103033,1621843103043,10,-1,51,2614.63242353925,-1,-1
1621843103053,1621843103063,10,-1,47,3293.89104934339,-1,-1
1621843103073,1621843103233,160,13,333,30865.4999427254,-20335,89
1621843103333,1621843103353,20,3,599,-1.0,-39863,277
1621843103363,1621843103523,160,10,103,6070.09696563245,-2730,90
1621843103553,1621843103733,180,8,450,25301.9540579438,-22943,155
1621843103743,1621843103753,10,-1,248,22249.7157686268,-1,-1
1621843103763,1621843103933,170,20,477,27009.874235302,-22214,13
1621843103943,1621843104233,290,16,256,16183.0046402422,-17711,211
1621843104252,1621843104262,10,-1,30,343.16400875614,-1,-1
1621843104272,1621843104292,20,0,45,1068.26571787936,-1,225
1621843104322,1621843104342,20,0,36,1459.15657102672,-514,225
1621843104592,1621843104612,20,0,36,1033.72954760875,-525,90
1621843104622,1621843104752,130,7,246,11605.4875559839,-11260,353
1621843104762,1621843104862,100,4,63,875.756743522955,-1187,52
1621843105242,1621843105282,40,5,225,11988.5515145039,-9613,143
1621843105302,1621843105312,10,-1,36,2032.29837108657,-1,-1
1621843105332,1621843105342,10,-1,30,1440.71811101994,-1,-1
1621843105402,1621843105452,50,1,46,1928.07903966029,-707,270
1621843105502,1621843105522,20,0,48,1793.76276039177,-1,270
1621843106081,1621843106121,40,5,210,10345.4656261111,-10164,85
1621843106621,1621843106661,40,4,201,13572.2556616255,-13371,255
1621843106981,1621843106991,10,-1,34,811.649907702443,-1,-1
1621843107201,1621843107271,70,16,472,18713.7808675553,-25574,145
1621843107301,1621843107361,60,2,55,1947.62367438207,-1173,321
1621843107441,1621843107451,10,-1,31,492.815059390834,-1,-1
1621843107571,1621843107621,50,8,295,15853.579811505,-12569,250
1621843107900,1621843107920,20,0,31,1831.21639259543,-13,26
1621843107930,1621843107940,10,-1,48,2658.13640870364,-1,-1
1621843107950,1621843108010,60,17,681,35242.6238135231,-34377,129
1621843108070,1621843108090,20,0,34,1413.40744410581,-1,288
1621843108320,1621843108430,110,9,689,23762.4189525651,-34910,259
1621843108530,1621843108590,60,5,745,45062.8608766349,-3060,104
1621843108730,1621843108930,200,18,559,26759.5769580248,-25477,1
1621843109070,1621843109080,10,-1,78,5243.02443439855,-1,-1
1621843109210,1621843109260,50,6,257,14159.8958270258,-9742,344
1621843109290,1621843109320,30,0,48,1474.73992126536,-1248,90
1621843109350,1621843109419,69,2,53,1251.95285099236,-786,87
1621843109429,1621843109459,30,0,48,1449.69918783231,-1,96
1621843109559,1621843109609,50,1,52,1487.66089606045,-1134,25
1621843109619,1621843109629,10,-1,33,1895.28973668181,-1,-1
1621843109639,1621843109689,50,6,247,10778.0620370923,-11675,202
1621843109729,1621843109889,160,6,55,1181.06391521928,-1984,358
1621843110229,1621843110269,40,6,268,13721.1865739174,-13443,240
1621843110549,1621843110819,270,11,567,21376.8154015908,-22651,27
1621843110829,1621843110899,70,4,134,4613.07867842466,-169,130
1621843110909,1621843110979,70,6,320,27121.7400363421,-18619,94
1621843111408,1621843111448,40,1,206,286.383917227233,-12616,219
1621843111498,1621843111558,60,2,79,3600.20598119387,-2479,98
1621843112398,1621843112468,70,2,42,1896.1485781582,-739,322
1621843112518,1621843112608,90,20,527,23536.0811314095,-17711,276
1621843112698,1621843112728,30,0,41,2264.86239547993,-1083,280
1621843112847,1621843112867,20,0,41,995.176141455249,-1,278
1621843112877,1621843112937,60,15,466,26366.0997858976,-16030,74
1621843113077,1621843113087,10,-1,38,2850.38447029538,-1,-1
1621843113097,1621843113117,20,0,47,2762.22487989613,-547,245
1621843113127,1621843113137,10,-1,37,1900.25899974746,-1,-1
1621843113147,1621843113187,40,4,176,12337.6777601655,-10731,206
1621843113537,1621843113557,20,0,66,4256.514711181,-1816,345
1621843113637,1621843113677,40,1,37,1297.06973699493,-4,81
1621843113777,1621843113787,10,-1,40,2502.17165364086,-1,-1
1621843113827,1621843113877,50,4,143,7619.15322031322,-4850,37
1621843113987,1621843114027,40,5,190,10970.5839044377,-10424,22
1621843114167,1621843114197,30,1,73,4713.03909691317,-2793,146
1621843114207,1621843114257,50,7,279,13321.4850263982,-12981,48
1621843114287,1621843114297,10,-1,34,2742.96919344994,-1,-1
1621843114327,1621843114367,40,1,50,1399.91694259932,-1263,107
1621843114377,1621843114417,40,1,47,1444.94468276837,-1026,107
1621843114656,1621843114776,120,34,1494,3187.15229102185,-106373,141
1621843114786,1621843114966,180,7,128,7471.41112246268,-7684,319
1621843114976,1621843115076,100,1,442,18359.3870361955,-12281,159
1621843115186,1621843115376,190,1,418,11305.5678510435,-21522,41
1621843115396,1621843115476,80,10,313,17663.902761682,-13054,264
1621843115496,1621843115506,10,-1,30,1076.99789410818,-1,-1
1621843115926,1621843115966,40,3,159,7529.9950460622,-7480,254
1621843116136,1621843116186,50,7,244,11765.3788801403,-11023,342
1621843116285,1621843116345,60,7,315,17637.8594398472,-18109,65
1621843116455,1621843116515,60,11,366,18761.5475812221,-10004,228
1621843116705,1621843116715,10,-1,90,6942.53237545263,-1,-1
1621843116745,1621843116785,40,6,262,14736.0400127412,-15165,136
1621843116965,1621843117175,210,12,508,19058.8799883896,-22323,161
1621843117185,1621843117205,20,0,57,2770.65583330065,-762,24
1621843117235,1621843117255,20,0,39,1104.21221100188,-546,57
1621843117265,1621843117495,230,27,646,34114.9312206118,-27698,287
1621843117645,1621843117685,40,3,145,7785.04550698121,-8211,155
1621843117715,1621843117775,60,1,43,1075.63030805166,-792,108
1621843117835,1621843117994,159,33,494,17625.3784098313,-16516,93
1621843118544,1621843118594,50,2,136,6367.02606580479,-6172,267
1621843118614,1621843118744,130,11,158,5852.31749945754,-8860,180
1621843118754,1621843118784,30,1,50,1853.14858150709,-197,339
1621843118804,1621843118984,180,19,600,29486.415408594,-21126,350
1621843118994,1621843119124,130,5,152,6534.0787714027,-9692,46
1621843119264,1621843119284,20,3,293,-1.0,-13608,217
1621843119314,1621843119354,40,1,42,696.243069242235,-1249,49
1621843119414,1621843119454,40,1,33,304.972838856561,-1,236
1621843119484,1621843119643,159,6,128,11094.411860183,-8309,299
1621843119663,1621843119793,130,10,376,17079.1637166251,-19106,120
1621843119803,1621843119813,10,-1,36,673.064527031964,-1,-1
1621843119823,1621843119843,20,0,39,2108.6064626203,-1,209
1621843120003,1621843120023,20,0,59,2991.75026263209,-2614,66
1621843120033,1621843120203,170,7,244,11388.8821004426,-7413,26
1621843120213,1621843120273,60,18,594,31455.1824746784,-19993,259
1621843120513,1621843120543,30,0,49,2005.67935867836,-1270,263
1621843121033,1621843121263,230,17,1127,66669.0832172998,-58895,51
1621843121402,1621843121422,20,1,67,4921.10477374907,-536,131
1621843121432,1621843121472,40,7,306,14364.5123314841,-16697,251
1621843121602,1621843121702,100,6,203,10722.3821797006,-8537,83
1621843121712,1621843121792,80,10,331,30208.0802815255,-13629,68
1621843124531,1621843124571,40,1,82,796.459002193031,-4506,285
1621843124701,1621843124760,59,4,283,13126.3657216799,-11629,247
1621843124780,1621843124810,30,0,56,2492.52691189508,-97,282
1621843124820,1621843124960,140,11,163,10435.4297688852,-5456,113
1621843125520,1621843125550,30,15,986,21817.2803061363,-1,104
1621843127599,1621843127809,210,14,903,37438.4059070742,-51725,238
1621843127819,1621843127899,80,4,136,8328.86409365511,-6845,292
1621843127929,1621843127949,20,0,32,412.947097029018,-249,180
1621843127979,1621843128059,80,2,40,1545.49585721275,-941,148
1621843128069,1621843128149,80,3,49,1498.2091561325,-945,156
1621843128159,1621843128248,89,23,573,19876.5651772568,-23163,124
1621843128288,1621843128308,20,0,30,372.480313272938,-1,326
1621843128378,1621843128398,20,1,73,5001.05836315021,-179,50
1621843128428,1621843128468,40,0,69,4841.68335791015,-1508,180
1621843128498,1621843128578,80,3,148,10301.2301408516,-7872,53
1621843129328,1621843129348,20,5,991,-1.0,-74809,280
1621843129358,1621843129418,60,3,110,5916.88854048575,-4037,219
1621843129428,1621843129438,10,-1,40,3162.80950581225,-1,-1
1621843129448,1621843129468,20,0,72,4622.11505788099,-2329,204
1621843129508,1621843129578,70,2,63,1991.14209190392,-1723,200
1621843129638,1621843129658,20,0,31,231.033320991907,-1,231
1621843129688,1621843129738,50,1,283,22981.9180877932,-4551,85
1621843129808,1621843129878,70,1,361,28509.0983725135,-20818,97
1621843129887,1621843129927,39,4,188,8380.956983313,-6604,45
1621843130147,1621843130187,40,5,231,19108.5976492089,-17655,298
1621843130197,1621843130257,60,6,302,11351.4009587053,-18628,100
1621843130547,1621843130627,80,1,393,29149.7416394976,-19019,231
1621843130757,1621843130977,220,12,1162,29875.5775852685,-94688,125
1621843130987,1621843131147,160,11,267,20393.3727874907,-12169,358
1621843131796,1621843132036,240,17,1138,7539.22097472377,-93191,204
1621843132046,1621843132116,70,31,743,32954.2396032871,-9599,136
1621843132226,1621843132236,10,-1,34,-1.0,-1,-1
1621843132256,1621843132266,10,-1,31,290.169164018473,-1,-1
1621843132586,1621843132616,30,0,44,661.276777789932,-1,102
1621843133325,1621843133405,80,10,1709,125693.183125162,-136566,281
1621843133415,1621843133455,40,1,61,1776.38953796336,-1953,220
1621843133485,1621843133505,20,0,39,1956.76300408797,-462,206
1621843133515,1621843133525,10,-1,33,1023.72182497456,-1,-1
1621843133545,1621843133575,30,1,79,6205.63573287715,-4495,336
1621843133585,1621843133595,10,-1,34,677.147676448694,-1,-1
1621843133715,1621843133735,20,0,38,1507.77701334423,-1,187
1621843133825,1621843133845,20,1,90,7282.86536375429,-1,81
1621843134095,1621843134125,30,2,139,9018.91063099229,-8833,106
1621843134575,1621843134595,20,0,36,2371.30243484174,-646,310
1621843134635,1621843134665,30,3,409,23670.3883342298,-1,130
1621843134815,1621843134885,70,21,563,12212.8486462747,-16929,218
1621843135174,1621843135204,30,22,1000,91317.1991612396,-6434,248
1621843135224,1621843135264,40,26,1171,113504.89812561,-112775,67
1621843135274,1621843135354,80,17,671,34285.5971512797,-52013,250
1621843135384,1621843135474,90,1,457,34559.2781535632,-25811,255
1621843135484,1621843135574,90,4,221,16552.8847943503,-9625,270
1621843136164,1621843136394,230,20,802,17475.6024831685,-40937,205
1621843136404,1621843136424,20,0,60,1958.38552224528,-1,7
1621843136444,1621843136524,80,3,75,2653.58134199677,-2123,216
1621843136554,1621843136564,10,-1,33,432.715694961343,-1,-1
1621843136644,1621843136654,10,-1,30,437.263137495793,-1,-1
1621843136803,1621843136853,50,4,139,8763.0063313978,-6169,90
1621843137003,1621843137053,50,1,322,22916.335870645,-10627,75
1621843137103,1621843137183,80,4,386,28834.7000454735,-2273,348
1621843137393,1621843137633,240,33,508,4348.47454951185,-34082,46
1621843137643,1621843137693,50,7,244,14764.4454629621,-14105,221
1621843137863,1621843137983,120,8,82,2311.56273538834,-3628,84
1621843140092,1621843140301,209,26,445,25928.9511941882,-25639,182
1621843140311,1621843140371,60,1,79,4105.16743046559,-1128,257
1621843140381,1621843140511,130,8,111,7200.70250429347,-4209,225
1621843140631,1621843140661,30,1,70,4012.65648498792,-2791,113
1621843141041,1621843141091,50,10,398,19377.8292809388,-18706,83
1621843141271,1621843141351,80,4,79,2083.17926404724,-2277,58
1621843141381,1621843141551,170,10,348,28954.9604726169,-16792,216
1621843141561,1621843141621,60,5,332,23418.4922791593,-16202,89
1621843141641,1621843141651,10,-1,33,1256.02251447191,-1,-1
1621843141681,1621843141691,10,-1,55,2604.19021624576,-1,-1
1621843141751,1621843142000,249,15,275,18503.2515824093,-10632,279
1621843142010,1621843142030,20,0,40,1421.10608848549,-68,286
1621843142250,1621843142270,20,0,50,1901.11322294861,-1,77
1621843142460,1621843142470,10,-1,32,293.69457703849,-1,-1
1621843142860,1621843142880,20,0,52,3460.97308610456,-1,75
1621843143669,1621843143689,20,0,40,2719.93755465855,-798,232
1621843143729,1621843143749,20,0,32,1716.12998181289,-124,246
1621843143759,1621843143829,70,3,105,4204.22022980014,-3952,221
1621843143959,1621843143989,30,1,72,3837.70402568546,-2548,132
1621843144269,1621843144299,30,1,59,2869.61833636207,-1662,216
1621843144619,1621843144639,20,0,66,4297.80959219219,0,137
1621843146878,1621843146888,10,-1,30,1805.31933552463,-1,-1
1621843147117,1621843147157,40,3,138,6765.73421013633,-6274,348
1621843147647,1621843147787,140,10,1585,105289.71146185,-67705,352
1621843147967,1621843148037,70,12,372,17148.0922445123,-12132,162
1621843148686,1621843148716,29,1,56,2546.38747165551,-2529,328
1621843148806,1621843148886,80,2,40,1811.42408125235,-770,76
1621843148896,1621843148926,30,1,93,5240.65210777737,-2348,72
1621843148936,1621843148956,20,6,995,64658.8848669301,-1,159
1621843149306,1621843149696,390,29,849,60854.6425371457,-65286,355
1621843150006,1621843150016,10,-1,33,-1.0,-1,-1
1621843150056,1621843150066,10,-1,45,1851.72168711811,-1,-1
1621843150086,1621843150116,30,1,56,2289.38411972741,-1481,239
1621843150216,1621843150296,80,2,41,799.370415892795,-509,135
1621843151275,1621843151295,20,0,96,-1.0,-5667,298
1621843153114,1621843153124,10,-1,80,-1.0,-1,-1
1621843153144,1621843153164,20,2,270,18971.4252428643,-1,292
1621843153174,1621843153194,20,2,292,28541.2649058083,-16906,79
1621843155153,1621843155373,220,37,671,29128.3168021591,-28681,349
1621843155403,1621843155433,30,1,52,1462.88124175552,-1247,223
1621843155463,1621843155512,49,8,421,19496.910123334,-23655,347
1621843155732,1621843155762,30,1,56,2628.57040922004,-1312,100
1621843156292,1621843156332,40,2,79,4799.43408916942,-3855,168
1621843156972,1621843157072,100,10,1524,100106.538635739,-16389,142
1621843157251,1621843157281,30,4,180,6135.18272287813,-14925,85
1621843157291,1621843157301,10,-1,38,1724.16339134342,-1,-1
1621843157321,1621843157331,10,-1,93,8934.51860369498,-1,-1
1621843158011,1621843158021,10,-1,49,-1.0,-1,-1
1621843158301,1621843158351,50,2,93,4129.87133739814,-3061,218
1621843158361,1621843158471,110,5,129,6648.17880657202,-6378,267
1621843158501,1621843158611,110,9,327,21713.6393293891,-18037,159
1621843158621,1621843158671,50,4,480,29870.2833997143,-11748,49
1621843158681,1621843158731,50,6,323,29458.9340361694,-16255,240
1621843158741,1621843158801,60,10,380,23495.2504607567,-19250,73
1621843158831,1621843158841,10,-1,63,5005.27350492145,-1,-1
1621843158851,1621843158871,20,1,71,5679.50714217896,-1709,60
1621843159850,1621843160210,360,33,732,17186.4253362805,-44316,202
1621843160240,1621843160280,40,1,51,1452.12193640299,-1783,180
1621843160310,1621843160360,50,1,44,1027.3628986167,-766,88
1621843160400,1621843160420,20,0,39,923.187074914312,-1,129
1621843160440,1621843160460,20,0,47,2538.21655607812,-1,239
1621843160909,1621843160939,30,1,78,4179.93849780036,-1815,43
1621843161249,1621843161259,10,-1,30,1031.30566619249,-1,-1
1621843161299,1621843161319,20,0,41,2531.70474063596,-1,243
1621843161369,1621843161389,20,0,36,884.059529439134,-1,270
1621843161669,1621843161699,30,2,100,5448.50122355051,-2843,215
1621843163698,1621843163708,10,-1,32,762.172038012051,-1,-1
1621843163948,1621843164087,139,19,1051,69371.3037444924,-42391,36
1621843164097,1621843164117,20,0,55,3380.36415351061,-993,235
1621843164347,1621843164397,50,8,281,15046.544268551,-12029,302
1621843164717,1621843164747,30,3,184,10837.2359377627,-9099,281
1621843164897,1621843165007,110,17,363,20214.6829241536,-12564,121
1621843165017,1621843165067,50,1,295,22743.0650704711,-16452,253
1621843165277,1621843165287,10,-1,80,5367.6704583419,-1,-1
1621843165577,1621843165677,100,7,197,9764.00873334818,-8635,286
1621843165786,1621843165846,60,16,608,29462.0662537603,-32976,335
1621843166026,1621843166046,20,1,87,7250.58018751953,-1991,218
1621843166066,1621843166076,10,-1,48,3083.97571958704,-1,-1
1621843166356,1621843166426,70,16,388,20285.7349394227,-11815,273
1621843167086,1621843167116,30,2,123,9424.07617603375,-7809,298
1621843167456,1621843167565,109,22,1308,83119.8403309658,-55200,97
1621843167625,1621843167745,120,1,1671,135838.848950808,-118723,253
1621843168005,1621843168135,130,24,475,24886.1612673862,-18218,180
1621843168155,1621843168245,90,5,597,46371.9663158075,-23787,47
1621843168345,1621843168415,70,9,383,35221.1397490435,-17114,282
1621843168615,1621843168655,40,3,139,8637.18183360944,-7628,176
1621843168795,1621843168915,120,27,776,39626.7556137412,-43507,326
1621843169274,1621843169344,70,12,342,15494.9747551478,-12178,81
1621843169704,1621843169744,40,5,228,11931.7528451395,-9851,104
1621843170264,1621843170334,70,20,501,27848.3972790836,-17891,277
1621843170404,1621843170444,40,3,135,6450.79305246163,-7104,96
1621843170464,1621843170484,20,0,50,3213.56186023385,-1344,98
1621843170624,1621843170684,60,3,103,4212.77807841652,-3301,107
1621843170694,1621843170754,60,3,73,2795.18076906312,-1367,98
1621843170764,1621843170943,179,7,58,1762.80942385584,-1294,122
1621843170973,1621843171013,40,1,86,5303.66382703069,-3058,100
1621843171093,1621843171163,70,2,287,16935.1662506051,-4675,102
1621843171403,1621843171543,140,8,326,18990.586148655,-13062,306
1621843171553,1621843171793,240,15,428,33360.827678995,-30141,329
1621843171813,1621843171833,20,0,33,330.721704173345,-1,38
1621843171843,1621843171923,80,1,255,18768.5879171653,-14739,38
1621843171943,1621843172103,160,11,461,40990.9810791082,-22359,70
1621843173112,1621843173152,40,6,331,-1.0,-14845,248
1621843173182,1621843173192,10,-1,45,2715.039446395,-1,-1
1621843173312,1621843173412,100,2,251,23953.9809004624,-16433,45
1621843173522,1621843173542,20,0,48,2162.50014158383,-1749,81
1621843173552,1621843173562,10,-1,169,15102.1670461446,-1,-1
1621843174212,1621843174252,40,0,135,1103.13328291646,-10259,349
1621843174311,1621843174341,30,2,101,5676.22917225122,-4071,241
1621843174361,1621843174371,10,-1,44,3243.54161250969,-1,-1
1621843174431,1621843174511,80,12,368,18461.9570502842,-12995,256
1621843174541,1621843174561,20,0,31,1074.89791480576,-44,330
1621843174571,1621843174601,30,1,53,1610.41081314579,-1200,283
1621843174781,1621843174841,60,2,69,2613.39381527017,-2301,74
1621843174851,1621843174891,40,1,102,6343.08130125178,-4762,63
1621843175031,1621843175081,50,2,447,127.259906853887,-26605,50
1621843175151,1621843175231,80,1,265,22415.5889253239,-13036,99
1621843175421,1621843175431,10,-1,34,994.568580195585,-1,-1
1621843175441,1621843175471,30,5,231,12850.8318499515,-2029,52
1621843176020,1621843176080,60,7,239,14968.6337308127,-12129,110
1621843176310,1621843176330,20,0,158,-1.0,-11251,255
1621843176510,1621843176550,40,7,254,13416.5875534136,-14128,117
1621843176570,1621843176590,20,0,46,1667.26979923261,-456,90
1621843176990,1621843177050,60,12,804,-1.0,-28965,272
1621843177180,1621843177220,40,3,122,6727.74925676654,-6987,212
1621843177410,1621843177560,150,24,377,15185.4113164544,-22352,71
1621843177570,1621843177640,70,1,314,22325.0359585203,-17059,214
1621843177650,1621843177660,10,-1,30,2248.55340235573,-1,-1
1621843177939,1621843178019,80,4,160,12585.7728890176,-12031,253
1621843178479,1621843178559,80,18,473,23149.1429283443,-15997,263
1621843178599,1621843178609,10,-1,30,514.568750874602,-1,-1
1621843178729,1621843178769,40,6,231,14706.9771043193,-13633,199
1621843179069,1621843179089,20,0,32,986.67540684159,-1,270
1621843179099,1621843179159,60,6,220,11192.7981416429,-7311,32
1621843179219,1621843179239,20,0,37,968.546614145908,-733,284
1621843179428,1621843179488,60,5,209,11793.0460132173,-9442,353
1621843179588,1621843179738,150,9,357,21169.2272242809,-13147,151
1621843179768,1621843179828,60,2,52,1575.21789045336,-1065,79
1621843179838,1621843179848,10,-1,31,514.547627358059,-1,-1
1621843179858,1621843179928,70,8,323,16272.7624158781,-15824,11
1621843179988,1621843180068,80,3,61,1721.72303486437,-1486,97
1621843180118,1621843180148,30,1,57,2465.07233899413,-516,90
1621843180168,1621843180238,70,2,56,1909.51780069361,-1170,50
1621843180268,1621843180278,10,-1,38,1333.25270397762,-1,-1
1621843180288,1621843180358,70,13,406,19175.7421846976,-17207,218
1621843180418,1621843180438,20,0,35,1780.43505274254,-207,40
1621843180608,1621843180738,130,10,369,18102.6735127771,-14991,74
1621843180748,1621843180808,60,6,245,19503.852731763,-15150,255
1621843180818,1621843180828,10,-1,53,3135.54466584045,-1,-1
1621843180838,1621843180848,10,-1,51,3060.59078457937,-1,-1
1621843180858,1621843180948,90,3,241,17948.7890198927,-14753,49
1621843181098,1621843181207,109,0,376,25941.0384624363,-19138,251
1621843181267,1621843181297,30,1,54,2110.49698078649,-876,108
1621843181347,1621843181387,40,4,181,9337.907717883,-7280,41
1621843181507,1621843181537,30,1,74,2660.95565819536,-2097,270
1621843182307,1621843182327,20,1,65,3987.30956889488,-897,124
1621843182347,1621843182367,20,0,40,2512.59464679739,-80,322
1621843182377,1621843182447,70,11,352,14280.8723194322,-15986,194
1621843182497,1621843182517,20,0,41,2060.49296750446,-366,48
1621843182717,1621843182767,50,7,243,13593.778232715,-10781,292
1621843183016,1621843183076,60,7,290,17430.8445799083,-17715,83
1621843183236,1621843183306,70,0,236,20297.6863831808,-10054,113
1621843183406,1621843183476,70,16,461,21852.6546615448,-17979,200
1621843183536,1621843183586,50,1,325,21320.0332345127,-10528,70
1621843183616,1621843183656,40,1,100,9221.58292817783,-2909,279
1621843183726,1621843183756,30,0,36,724.966627241496,-250,93
1621843183816,1621843183866,50,15,463,28159.0823503296,-19374,359
1621843183886,1621843183906,20,0,45,1475.24804821009,-1,20
1621843184106,1621843184126,20,0,37,1617.67567851349,-312,243
1621843184196,1621843184256,60,2,74,4512.18583031816,-2132,268
1621843184266,1621843184466,200,6,351,22443.2243483417,-19797,11
1621843184515,1621843184595,79,4,77,3318.27380414045,-3248,261
1621843185815,1621843185825,10,-1,75,-1.0,-1,-1
1621843185835,1621843185865,30,2,117,8387.78193991315,-2713,61
1621843185875,1621843185885,10,-1,31,392.220286661595,-1,-1
1621843186115,1621843186185,70,30,1282,11042.129345674,-39478,257
1621843186195,1621843186404,209,36,286,20466.846695756,-4893,30
1621843186414,1621843186444,30,3,169,12123.6232419456,-9789,208
1621843186484,1621843186534,50,1,50,1644.35985238876,-1394,12
1621843186574,1621843186644,70,17,367,20567.8391734438,-21908,157
1621843186664,1621843186724,60,8,277,21721.6133179198,-17664,343
1621843186744,1621843186844,100,4,224,10471.0394019848,-11919,69
1621843186854,1621843186864,10,-1,31,1269.31062443321,-1,-1
1621843186894,1621843186904,10,-1,30,1369.88711101319,-1,-1
1621843186914,1621843186944,30,5,230,13202.6373963626,-13221,130
1621843186964,1621843187014,50,1,50,1625.84484877141,-930,308
1621843187094,1621843187104,10,-1,41,2888.51554452095,-1,-1
1621843187134,1621843187184,50,0,302,20667.0993713409,-20578,293
1621843187244,1621843187354,110,2,390,35658.4652885835,-12882,305
1621843187364,1621843187454,90,1,304,27202.2689954027,-20569,106
1621843187504,1621843187534,30,1,47,1897.65788343284,-1772,206
1621843187554,1621843187574,20,0,37,786.42492537303,-390,165
1621843187594,1621843187704,110,3,52,1267.68339352332,-1141,215
1621843187744,1621843187923,179,3,406,32186.5415395343,-11968,349
1621843187943,1621843188093,150,6,360,24125.9912780728,-19696,91
1621843188113,1621843188153,40,1,53,1669.19347177113,-1133,235
1621843188173,1621843188203,30,1,53,1616.16828733462,-1503,257
1621843188263,1621843188393,130,4,228,10399.6876387986,-10259,184
1621843188403,1621843188423,20,1,88,4816.38755269239,-1,249
1621843188483,1621843188533,50,0,271,25515.5342105821,-14275,74
1621843188543,1621843188583,40,2,86,5292.12630645685,-3822,82
1621843188633,1621843188753,120,6,201,11269.2708111319,-11845,47
1621843188763,1621843188963,200,7,175,8576.53308088173,-10201,19
1621843189133,1621843189223,90,1,366,28810.9760946601,-12697,335
1621843189293,1621843189423,130,6,261,13979.4725420424,-2772,126
1621843189523,1621843189762,239,9,581,5764.1844460054,-18482,243
1621843189782,1621843189792,10,-1,37,1374.04672219779,-1,-1
1621843189812,1621843189862,50,3,170,12007.6045981436,-9346,265
1621843189972,1621843189992,20,0,51,2334.90785224183,-1078,228
1621843190032,1621843190082,50,1,54,1633.65406111798,-2280,255
1621843190102,1621843190112,10,-1,43,2932.34315240264,-1,-1
1621843190162,1621843190202,40,1,60,2214.81156332943,-2215,109
1621843190212,1621843190662,450,24,150,10020.3765029544,-9711,91
1621843192391,1621843192501,110,26,1492,3.47703173475225,-61035,327
1621843192521,1621843192551,30,1,62,2816.31163572435,-856,128
1621843192561,1621843192591,30,3,180,13724.1955598524,-11694,338
1621843192921,1621843192991,70,28,650,24672.7280087752,-18287,91
1621843193400,1621843193430,30,2,160,-1.0,-6105,165
1621843193860,1621843193900,40,21,1258,-1.0,-69276,275
1621843194060,1621843194070,10,-1,41,2449.8544016085,-1,-1
1621843194500,1621843194520,20,7,1227,85445.3670876598,-1,69
1621843194630,1621843194700,70,4,922,561.273173898809,-80500,182
1621843194710,1621843194939,229,15,106,5786.68549591546,-3281,270
1621843195039,1621843195049,10,-1,36,901.437239191388,-1,-1
1621843195059,1621843195109,50,1,210,17550.7438852281,-11611,249
1621843195119,1621843195159,40,0,219,19420.1135719937,-11242,259
1621843195469,1621843195519,50,0,246,18012.3993385646,-12745,42
1621843195649,1621843195829,180,27,569,44311.1618299337,-43339,277
1621843195839,1621843195869,30,1,73,2768.59440521916,-1602,106
1621843195879,1621843195909,30,1,55,1645.68263552518,-2031,107
1621843196049,1621843196059,10,-1,35,1323.5541211168,-1,-1
1621843196069,1621843196119,50,9,271,13835.0524601985,-12464,246
1621843196449,1621843196548,99,32,523,23499.3980832475,-18609,86
1621843196808,1621843196838,30,1,85,5374.92401270511,-5134,78
1621843196908,1621843196918,10,-1,36,1192.24924382923,-1,-1
1621843196938,1621843196958,20,0,30,838.283817689804,-1,254
1621843196988,1621843196998,10,-1,30,367.080460975136,-1,-1
1621843197048,1621843197058,10,-1,32,537.565192174438,-1,-1
1621843197068,1621843197078,10,-1,30,287.040608690113,-1,-1
1621843197108,1621843197118,10,-1,39,1415.55245622334,-1,-1
1621843197398,1621843197428,30,2,106,5795.00106475759,-3946,72
1621843197538,1621843197588,50,2,64,4501.97248908324,-1951,250
1621843198008,1621843198038,30,1,85,4264.04063454236,-2349,256
1621843198387,1621843198437,50,0,244,20611.2528907095,-6125,344
1621843198487,1621843198547,60,7,259,11646.5818032878,-11034,178
1621843198707,1621843198727,20,0,105,5194.27115803806,-1,86
1621843198847,1621843198887,40,16,1206,-1.0,-47924,321
1621843198897,1621843198987,90,5,87,6794.64068636041,-2723,95
1621843198997,1621843199037,40,4,169,10596.7506242658,-9843,257
1621843199047,1621843199087,40,1,41,1375.71551282168,-431,118
1621843199107,1621843199147,40,1,42,1214.37754736963,-988,92
1621843199467,1621843199477,10,-1,42,2502.03945730634,-1,-1
1621843199487,1621843199497,10,-1,71,5970.91096005457,-1,-1
1621843199617,1621843199667,50,1,246,5011.22901433851,-10477,352
1621843199687,1621843199707,20,0,39,2139.65925368065,-1,281
1621843199737,1621843199777,40,1,33,236.199209755977,-30,280
1621843199846,1621843199866,19,2,275,15042.5850896579,-1,54
1621843200196,1621843200206,10,-1,36,-1.0,-1,-1
1621843200216,1621843200236,20,1,113,5321.09695937108,-1,275
1621843201655,1621843201795,140,4,431,21591.0035389235,-37946,273
1621843201885,1621843201935,50,5,189,9158.96973948367,-11889,304
1621843202045,1621843202065,20,0,1033,-1.0,-99376,164
1621843202075,1621843202085,10,-1,52,2329.56592380747,-1,-1
1621843202115,1621843202135,20,0,45,2787.94021184253,-1,253
1621843202145,1621843202165,20,0,47,1702.21354787101,-1,246
1621843202185,1621843202215,30,1,97,6825.60700694601,-4691,296
1621843202625,1621843202685,60,9,341,15897.682370514,-14587,158
1621843202885,1621843202925,40,8,351,20861.8039131896,-20019,134
1621843203125,1621843203264,139,7,259,14218.8639863141,-12060,203
1621843203404,1621843203424,20,0,44,2858.77899283933,-1088,55
1621843203474,1621843203504,30,2,128,9268.74114769629,-2014,271
1621843203684,1621843203964,280,10,636,24422.8226233598,-31624,274
1621843204444,1621843204504,60,6,904,54947.8550723403,-1563,89
1621843204594,1621843204844,250,15,706,38161.2690875965,-36614,287
1621843204864,1621843204874,10,-1,32,1567.25716835828,-1,-1
1621843205183,1621843205233,50,12,392,17221.6704034726,-23143,140
1621843205323,1621843205343,20,0,41,1383.22497847896,-1,251
1621843205353,1621843205483,130,24,1065,53523.5367809111,-48867,62
1621843205493,1621843205533,40,1,50,1206.12953675903,-953,275
1621843205683,1621843205713,30,1,82,3900.10234806819,-4972,55
1621843205723,1621843205743,20,0,47,2754.82839671536,-1347,41
1621843205783,1621843205853,70,2,37,963.76982897258,-461,257
1621843205913,1621843205923,10,-1,32,263.168712721773,-1,-1
1621843206053,1621843206103,50,7,296,14571.4344563187,-15050,208
1621843206393,1621843206433,40,7,289,15864.6831383346,-14844,352
1621843206603,1621843206832,229,20,1947,138740.565970862,-84529,264
1621843206862,1621843206892,30,3,139,9112.74672599022,-7263,270
1621843208262,1621843208431,169,35,1845,123329.517711235,-102313,86
1621843208971,1621843209001,30,6,307,15885.1697175065,-14816,206
1621843209201,1621843209261,60,7,296,18326.9594349611,-19852,15
1621843209441,1621843209461,20,3,176,15253.2975755086,-1,253
1621843209501,1621843209521,20,3,176,12926.5195092335,-1,69
1621843209631,1621843209671,40,2,85,4770.71322386147,-4350,74
1621843209691,1621843209701,10,-1,31,2369.76884697414,-1,-1
1621843209881,1621843210051,170,32,1900,64872.1604115975,-125622,265
1621843210120,1621843210130,10,-1,33,468.057355545716,-1,-1
1621843210140,1621843210160,20,0,60,4100.05270629675,-1321,270
1621843210400,1621843210440,40,1,69,3218.94321107807,-2045,167
1621843210990,1621843211160,170,35,491,16163.9141703992,-21423,81
1621843211190,1621843211230,40,0,48,2497.96701931785,-1518,248
1621843211340,1621843211370,30,0,37,607.662988276353,-449,255
1621843211420,1621843211430,10,-1,30,643.05355159232,-1,-1
1621843211440,1621843211470,30,1,84,3678.2955187904,-3957,37
1621843211779,1621843211849,70,4,172,6732.99842698247,-6469,253
1621843212469,1621843212509,40,3,131,6247.71605908104,-6108,99
1621843212739,1621843212799,60,6,221,13079.0875839612,-12306,260
1621843213059,1621843213119,60,13,472,26199.2469754536,-21459,50
1621843213199,1621843213219,20,0,54,4586.81560629627,-670,45
1621843213239,1621843213279,40,0,54,4906.56345720945,-1804,0
1621843213578,1621843213638,60,12,422,26272.5082821028,-17004,230
1621843214058,1621843214088,30,1,63,2731.45739252313,-1988,255
1621843214518,1621843214528,10,-1,38,2061.17982001172,-1,-1
1621843214818,1621843214848,30,1,85,5119.02159336371,-1249,46
1621843215098,1621843215118,20,1,126,7801.46899882147,-1,95
1621843215287,1621843215317,30,7,887,-1.0,-53776,329
1621843215327,1621843215377,50,2,64,4144.25199250722,-2543,67
1621843215407,1621843215427,20,0,40,900.103208351264,-1,75
1621843215507,1621843215557,50,8,308,17195.7321683195,-14128,173
1621843215767,1621843215827,60,12,378,15727.3880250616,-16795,329
1621843216147,1621843216177,30,0,49,2800.90106157482,-1744,317
1621843216527,1621843216657,130,36,486,16279.0881874821,-28667,88
1621843216667,1621843216717,50,2,120,9862.2392752004,-4118,254
1621843216797,1621843216827,30,0,33,247.905768413433,-1,265
1621843216857,1621843216877,20,0,33,986.645127731357,-183,262
1621843216926,1621843217016,90,1,220,16904.3733391209,-11966,102
1621843217106,1621843217136,30,4,197,14728.9954578088,-15684,249
1621843217176,1621843217326,150,1,370,21205.1803991493,-14283,70
1621843217356,1621843217366,10,-1,37,885.758815100466,-1,-1
1621843217476,1621843217526,50,1,307,26335.8740596241,-12803,255
1621843217656,1621843217726,70,6,347,29536.9852489409,-15151,277
1621843218286,1621843218326,40,5,214,12141.6034714382,-10517,111
1621843218685,1621843218735,50,5,206,10656.1586364534,-7347,282
1621843219065,1621843219085,20,0,74,4463.47059492858,-1,236
1621843219265,1621843219395,130,6,1440,103675.649494853,-70985,90
1621843219565,1621843219585,20,1,191,13201.0168781122,-1,259
1621843219595,1621843219735,140,23,162,13353.5662300233,-1,247
1621843219825,1621843219925,100,4,294,23570.5350209427,-16865,57
1621843219935,1621843219955,20,0,39,2747.62657996679,-729,249
1621843219975,1621843219995,20,0,39,3035.84569639111,-691,37
1621843220025,1621843220035,10,-1,45,3756.56856416936,-1,-1
1621843220045,1621843220065,20,0,46,3955.62494968153,-1557,237
1621843220265,1621843220284,19,0,54,3712.62903914443,-442,122
1621843220344,1621843220364,20,0,64,4641.37457839304,-1122,303
1621843220464,1621843220494,30,3,149,7825.74458733261,-6081,125
1621843220634,1621843220684,50,0,288,21552.5178690281,-16437,0
1621843220694,1621843220744,50,7,336,18432.1599918727,-14983,268
1621843221514,1621843221574,60,10,309,18074.1775136569,-10188,277
1621843221754,1621843221804,50,9,302,16968.8915607172,-13326,265
1621843222023,1621843222263,240,4,1170,73980.3730755345,-61112,186
1621843222853,1621843222973,120,0,884,40950.1493005871,-73150,322
1621843223113,1621843223133,20,1,788,71993.4527915441,-1,291
1621843223263,1621843223293,30,2,471,5705.64275297862,-38251,153
1621843223323,1621843223403,80,4,58,2257.69996469814,-1364,146
1621843223423,1621843223483,60,4,216,16070.5416498992,-9045,32
1621843223543,1621843223553,10,-1,41,1292.01087003905,-1,-1
1621843223573,1621843223613,40,5,358,18168.6630005509,-1,148
1621843223703,1621843223762,59,16,468,1097.76973183436,-22901,256
1621843223782,1621843223802,20,0,36,2063.78473940327,-1,48
1621843223832,1621843223842,10,-1,30,552.054330842722,-1,-1
1621843223892,1621843223912,20,0,31,1151.47118050563,-1,26
1621843224012,1621843224032,20,1,82,6574.67970853007,-1,204
1621843224282,1621843224302,20,8,1172,74599.2834758255,-1,46
1621843226241,1621843226331,90,8,576,438.883253172739,-40876,259
1621843226341,1621843226391,50,0,448,31264.9670748241,-38829,218
1621843226501,1621843226521,20,0,68,4579.1765707369,-438,266
1621843226691,1621843226751,60,16,551,22343.1257461279,-27346,103
1621843227240,1621843227260,20,0,37,2639.75828288904,-632,11
1621843227460,1621843227510,50,10,425,-1.0,-17844,266
1621843227550,1621843227560,10,-1,32,1864.28101046657,-1,-1
1621843227680,1621843227740,60,9,271,10885.351849722,-11544,220
1621843227950,1621843227990,40,10,1126,59768.0589152983,-1,93
1621843228200,1621843228460,260,12,414,20524.8445977019,-22216,248
1621843228470,1621843228490,20,1,70,5635.26747867029,-1,63
1621843228510,1621843228530,20,0,38,2681.27051481692,-692,264
1621843228540,1621843228550,10,-1,31,835.310190530226,-1,-1
1621843228839,1621843228859,20,0,40,2540.44992416941,-504,264
1621843229129,1621843229159,30,1,54,3054.60035313068,-2160,340
1621843229369,1621843229399,30,2,103,5924.28712507915,-5856,153
1621843230039,1621843230049,10,-1,33,1718.42890268606,-1,-1
1621843230389,1621843230399,10,-1,31,1053.1731010502,-1,-1
1621843230429,1621843230459,30,0,33,468.692374456027,-259,90
1621843230499,1621843230508,9,-1,32,1169.22983596128,-1,-1
1621843230518,1621843230558,40,5,233,13625.3816632563,-12047,271
1621843230688,1621843230718,30,1,56,2557.46361192427,-802,84
1621843230968,1621843231168,200,1,301,24733.8191002118,-13003,85
1621843231228,1621843231248,20,0,57,3889.97193916488,-1905,214
1621843231258,1621843231268,10,-1,32,361.683704470324,-1,-1
1621843231288,1621843231358,70,3,386,27092.9607987934,-23186,90
1621843231478,1621843231498,20,0,30,502.340497471398,-1,288
1621843231508,1621843231578,70,1,333,28699.8755976104,-21649,61
1621843231588,1621843231628,40,2,197,17772.5155028389,-11956,243
1621843231868,1621843231918,50,6,269,15778.8249167421,-12608,257
1621843232058,1621843232337,279,15,837,47262.6291871277,-38506,267
1621843232477,1621843232487,10,-1,30,664.680267182326,-1,-1
1621843232507,1621843232517,10,-1,30,6.33638922781685,-1,-1
1621843233617,1621843233637,20,1,81,5863.14290161955,-101,164
1621843233926,1621843234046,119,18,426,30284.4505390193,-17408,92
1621843234216,1621843234256,40,6,238,16401.7398284397,-14363,341
1621843234646,1621843234706,60,10,299,18138.4189184825,-9385,256
1621843234946,1621843235126,180,6,1306,86182.7441402078,-65835,89
1621843235216,1621843235266,50,21,763,40182.8211712703,-16157,76
1621843236425,1621843236475,50,5,167,9393.37332089355,-5027,130
1621843236535,1621843236585,50,0,87,4981.11513308573,-1593,328
1621843236595,1621843236645,50,4,165,12378.799215018,-11822,309
1621843237334,1621843237374,40,11,716,-1.0,-25684,261
1621843237384,1621843237394,10,-1,33,421.072257484344,-1,-1
1621843237554,1621843237584,30,1,97,5206.24447465003,-3855,68
1621843238124,1621843238154,30,2,109,6449.79780364403,-5301,195
1621843238394,1621843238414,20,0,62,4848.55187252824,-1,6
1621843238854,1621843238874,20,1,256,-1.0,-15499,243
1621843238924,1621843238984,60,25,823,24582.4189496038,-4274,80
1621843239363,1621843239383,20,2,213,13517.0733504049,-1,102
1621843239643,1621843239663,20,2,203,13215.4035075542,-1,106
1621843245350,1621843245420,70,12,223,175.725577149152,-8871,254
1621843245740,1621843245780,40,4,153,8686.08416312324,-7436,265
1621843246099,1621843246129,30,1,81,4811.76671148197,-1682,194
1621843246409,1621843246439,30,1,97,6293.77903186787,-531,6
1621843246719,1621843246789,70,11,271,13253.3915604147,-12174,84
1621843246969,1621843246999,30,1,87,4724.37758432974,-3841,74
1621843247319,1621843247469,150,15,717,49275.3150075848,-34665,255
1621843247818,1621843247838,20,0,60,3529.16949315957,-1,17
1621843248678,1621843248698,20,2,289,15927.2224190945,-1,92
1621843253335,1621843253395,60,13,664,-1.0,-27012,261
1621843253605,1621843253635,30,2,147,7357.40317353479,-4542,246
1621843254235,1621843254265,30,1,63,3686.50307799469,-1817,201
1621843254694,1621843254714,20,1,82,5487.92505959089,-819,69
1621843254954,1621843254994,40,6,241,14296.6655411951,-13767,148
1621843255234,1621843255324,90,22,355,17016.8965700847,-1553,162
1621843255534,1621843255574,40,1,42,852.149841017597,-992,69
1621843255624,1621843255654,30,2,125,6087.19278732969,-1,294
1621843255664,1621843255674,10,-1,70,4836.9489081007,-1,-1
1621843255714,1621843255734,20,0,91,5841.32716920586,-1,296
1621843255744,1621843255754,10,-1,124,11747.0727956803,-1,-1
1621843255764,1621843255774,10,-1,83,7141.7897001835,-1,-1
1621843255794,1621843255834,40,2,142,8041.20352979352,-10287,86
1621843255844,1621843255864,20,1,85,5678.30075320769,-3994,283
1621843256143,1621843256193,50,6,226,11856.2996052207,-9209,133
1621843256203,1621843256213,10,-1,275,25114.1416126752,-1,-1
1621843256223,1621843256243,20,2,199,16963.5286739123,-10804,45
1621843256413,1621843256423,10,-1,32,2111.58663444033,-1,-1
1621843256443,1621843256463,20,4,183,16738.1170456873,-1,70
1621843256543,1621843256563,20,9,387,37693.3987916499,-1,253
1621843256573,1621843256593,20,0,36,1740.98382777,-1,258
1621843256603,1621843256683,80,3,99,4792.54606111312,-3447,348
1621843256783,1621843256803,20,0,39,2579.91622862707,-57,68
1621843256853,1621843256903,50,2,289,26214.0779339764,-11782,180
1621843257043,1621843257123,80,22,552,35627.4380144401,-17128,76
1621843257233,1621843257303,70,16,401,19861.2725886075,-18087,218
1621843257623,1621843257752,129,7,231,21553.1767717059,-13729,75
1621843257782,1621843257792,10,-1,32,2957.11784318952,-1,-1
1621843257972,1621843258042,70,9,353,19637.9178128216,-22008,203
1621843258082,1621843258122,40,3,130,7697.45142080682,-6415,225
1621843258142,1621843258172,30,4,157,12133.1032402089,-4140,42
1621843258182,1621843258272,90,10,336,17481.9018740953,-13862,28
1621843258292,1621843258362,70,0,307,21148.581140183,-10648,340
1621843258432,1621843258502,70,0,293,21547.5904396533,-7809,56
1621843258512,1621843258562,50,12,394,23283.6890095289,-17776,21
1621843258612,1621843258622,10,-1,31,218.781715578778,-1,-1
1621843258822,1621843258982,160,20,410,21221.51371866,-20175,357
1621843258992,1621843259002,10,-1,49,2430.81666665521,-1,-1
1621843259012,1621843259022,10,-1,31,2623.73653876478,-1,-1
1621843259102,1621843259172,70,14,459,18987.1567188241,-23644,139
1621843259911,1621843260041,130,19,1415,77674.2517396247,-83707,315
1621843260141,1621843260211,70,30,725,20351.7824146323,-22055,85
1621843260491,1621843260751,260,25,787,23171.3309646121,-32139,238
1621843260831,1621843260971,140,25,533,20667.1091430279,-19485,233
1621843260991,1621843261041,50,4,444,43121.9089024562,-31187,59
1621843261071,1621843261081,10,-1,36,1303.73973274296,-1,-1
1621843261111,1621843261150,39,6,218,12959.6714261166,-13617,40
1621843261580,1621843261660,80,7,304,11059.1541080397,-926,237
1621843261840,1621843261900,60,4,124,4770.36433113217,-7013,222
1621843262000,1621843262040,40,7,353,22567.2787285255,-16180,58
1621843262300,1621843262320,20,4,202,19844.8979295934,-201,88
1621843262400,1621843262490,90,15,583,53393.8712729496,-21768,52
1621843262510,1621843262540,30,1,58,2044.12483739936,-2516,233
1621843262600,1621843262640,40,1,62,2287.91050317157,-2320,78
1621843262670,1621843262720,50,7,249,12320.283473631,-9664,29
1621843262869,1621843262929,60,11,353,18484.5682243028,-14613,32
1621843263309,1621843263499,190,31,1098,79166.3575510429,-55242,218
1621843263539,1621843263559,20,4,187,16802.1034575519,-1,55
1621843263609,1621843263679,70,0,228,14385.7294882408,-15757,72
1621843263799,1621843263809,10,-1,39,3605.19828481571,-1,-1
1621843263819,1621843263829,10,-1,62,3566.19583591818,-1,-1
1621843264269,1621843264309,40,6,223,14232.3648808769,-6025,100
1621843265198,1621843265248,50,12,929,-1.0,-38066,279
1621843265368,1621843265408,40,4,197,10572.6303310668,-9179,266
1621843266307,1621843266327,20,7,956,60050.5038102552,-1,83
1621843269516,1621843269546,30,3,808,-1.0,-62569,240
1621843269755,1621843269805,50,7,276,18172.9461002091,-15761,334
1621843270795,1621843270915,120,1,2015,52139.9800652962,-169335,113
1621843271055,1621843271115,60,26,736,21759.6890084886,-13111,84
1621843271824,1621843271834,10,-1,327,-1.0,-1,-1
1621843271924,1621843272004,80,6,545,41486.2099527953,-18314,57
1621843274483,1621843274533,50,14,685,-1.0,-16883,265
1621843274633,1621843274673,40,4,178,12128.50391121,-10836,272
1621843275432,1621843275452,20,0,55,3569.94298609751,-1,4
1621843275772,1621843275792,20,1,91,6750.84808837363,-248,180
1621843276132,1621843276152,20,0,35,2115.08392589943,-1,167
1621843276372,1621843276421,49,10,367,17488.5380145254,-15828,144
1621843276701,1621843276791,90,19,627,22338.1682371544,-33561,61
1621843276801,1621843276821,20,1,380,23624.0298561397,-1,85
1621843277711,1621843277751,40,6,651,-1.0,-36940,259
1621843277881,1621843277921,40,5,219,13660.4630307612,-12504,323
1621843278510,1621843278530,20,0,35,1298.97833653094,-411,18
1621843278800,1621843278830,30,2,114,5986.69979464162,-2735,176
1621843279340,1621843279360,20,2,324,18678.438934032,-1,105
1621843280509,1621843280559,50,6,378,12880.8268131863,-26607,222
1621843280569,1621843280589,20,1,74,4698.91248559544,-511,262
1621843280599,1621843280619,20,0,41,1391.0803630988,-779,246
1621843280669,1621843280729,60,4,307,23512.0759306851,-14860,40
1621843280749,1621843280819,70,10,308,17627.9990518785,-19279,183
1621843280999,1621843281129,130,5,224,18177.9073301989,-17668,36
1621843281279,1621843281289,10,-1,50,3337.19151331217,-1,-1
1621843281299,1621843281548,249,7,1053,65948.0074450039,-55305,305
1621843281558,1621843281678,120,12,593,37986.4475144347,-35194,98
1621843282368,1621843282388,20,1,171,13612.5823852221,-1,73
1621843283477,1621843283607,130,25,758,38502.1454489403,-8600,298
1621843283757,1621843283847,90,5,82,1967.69795124646,-2349,138
1621843283887,1621843283907,20,29,1400,136215.868533055,-1,102
1621843283917,1621843283927,10,-1,30,1322.78325230433,-1,-1
1621843286346,1621843286416,70,29,1168,55601.4994307662,-74817,155
1621843286586,1621843286615,29,3,183,10389.358486073,-5907,281
1621843286965,1621843286985,20,0,56,2771.72015897986,-2296,184
1621843287275,1621843287305,30,2,121,7807.70094565275,-6907,350
1621843287495,1621843287515,20,1,123,6594.45273051449,-1,92
1621843297679,1621843297729,50,14,868,-1.0,-30428,268
1621843298069,1621843298109,40,4,189,10332.9947972106,-8345,275
1621843298279,1621843298329,50,7,256,13082.1951958832,-9796,305
1621843299008,1621843299138,130,8,983,61416.7046315797,-53773,121
1621843299198,1621843299248,50,17,931,32298.5409121999,-1,80
1621843301237,1621843301317,80,13,650,28863.2906839917,-31390,282
1621843301327,1621843301337,10,-1,42,1946.82748435462,-1,-1
1621843301407,1621843301427,20,0,50,3022.69745858831,-1,279
1621843301537,1621843301567,30,4,423,20258.7532079497,-1,86
1621843304725,1621843304755,30,1,87,-1.0,-2504,147
1621843306474,1621843306714,240,29,1967,135348.965841368,-172821,76
1621843307453,1621843307633,180,16,704,59909.4981373849,-58734,143
1621843307643,1621843307663,20,0,42,2637.45125634532,-577,323
1621843307713,1621843307763,50,6,196,12489.5895889716,-10687,339
1621843307773,1621843307793,20,1,106,8330.50384095428,-2859,207
1621843307813,1621843307853,40,2,270,25375.3854996894,-13670,341
1621843307963,1621843308023,60,6,252,16964.6079895425,-14741,309
1621843308033,1621843308083,50,2,140,11110.7162025145,-8377,87
1621843308113,1621843308123,10,-1,109,8272.03223122451,-1,-1
1621843308133,1621843308233,100,11,198,13669.3378246392,-11674,332
1621843309262,1621843309682,420,14,1131,18664.3322671292,-43335,228
1621843309692,1621843309802,110,4,65,2942.73424322103,-1560,124
1621843309992,1621843310022,30,1,59,2834.18003271536,-1601,244
1621843310062,1621843310192,130,10,290,15152.2295702251,-11054,238
1621843310332,1621843310361,29,0,47,973.353866109301,-225,222
1621843310371,1621843310451,80,1,115,7787.2855542251,-8251,312
1621843310781,1621843310841,60,3,85,3163.51126327636,-2580,201
1621843310891,1621843310901,10,-1,30,238.000078075108,-1,-1
1621843310931,1621843311061,130,7,99,3065.17639320613,-4147,203
1621843311141,1621843311171,30,1,76,4456.37714127425,-2629,76
1621843311191,1621843311221,30,1,54,2111.75394327156,-2268,60
1621843311701,1621843311711,10,-1,31,762.672279626343,-1,-1
1621843311771,1621843311921,150,9,216,10722.4168153051,-3778,17
1621843312400,1621843312500,100,3,675,28696.5336366023,-41285,102
1621843312510,1621843312520,10,-1,53,3902.76614542535,-1,-1
1621843312530,1621843312610,80,3,50,1093.90209589102,-682,140
1621843312640,1621843312670,30,2,106,6684.13950208023,-4599,15
1621843312680,1621843312700,20,0,60,5396.33779762621,-1653,273
1621843312730,1621843312780,50,1,57,2139.76938409192,-2400,208
1621843312800,1621843312820,20,0,31,854.25625035337,-1,200
1621843312850,1621843312930,80,4,70,1535.83250311699,-3096,184
1621843312940,1621843313010,70,1,160,12917.9713900419,-12796,62
1621843313030,1621843313130,100,4,84,2592.34913803481,-1878,192
1621843313140,1621843313170,30,0,37,678.528050071021,-517,222
1621843313460,1621843313510,50,6,234,12703.4938570982,-9340,241
1621843314179,1621843314209,30,3,186,11604.8075892708,-10552,205
1621843314499,1621843314539,40,4,164,8994.71943023984,-6799,18
1621843315079,1621843315109,30,2,117,6111.11459770756,-5027,54
1621843315399,1621843315439,40,5,224,13996.1130238489,-13353,114
1621843315928,1621843315968,40,5,212,13531.7883933623,-13178,289
1621843316448,1621843316488,40,4,193,9876.68744793148,-9510,220
1621843316838,1621843316868,30,3,173,11099.430472247,-9303,230
1621843317307,1621843317357,50,6,214,11769.4429524309,-8709,24
1621843317727,1621843317767,40,3,134,7993.52167059313,-6641,232
1621843318307,1621843318457,150,0,1422,60501.4944951464,-84720,281
1621843318996,1621843319046,50,8,285,14349.6495107592,-13147,38
1621843319266,1621843319316,50,7,301,15892.6009019225,-13120,219
1621843319736,1621843319756,20,0,36,1190.13158225042,-1,7
1621843320715,1621843320745,30,2,136,7000.81802902786,-4686,188
1621843321465,1621843321505,40,4,179,8930.130939043,-8840,13
1621843321675,1621843321795,120,0,1032,61692.9677669614,-70292,340
1621843321805,1621843321815,10,-1,38,1775.78855214525,-1,-1
1621843322195,1621843322205,10,-1,39,1638.82079064451,-1,-1
1621843322235,1621843322274,39,3,171,9241.74435695445,-8057,34
1621843322564,1621843322614,50,6,231,12463.3032518683,-8197,210
1621843322974,1621843323004,30,2,148,7096.79801719246,-4738,352
1621843323384,1621843323414,30,3,194,11094.9529914693,-8910,183
1621843323993,1621843324013,20,0,38,1387.36318897475,-1,336
1621843324333,1621843324363,30,2,123,5942.12524834047,-3918,14
1621843324573,1621843324713,140,1,371,14542.4112528287,-26462,217
1621843325213,1621843325243,30,1,81,4850.66840236874,-4521,198
1621843325483,1621843325513,30,3,190,9410.06964019579,-2512,77
1621843325523,1621843325563,40,3,145,8027.32135558138,-5720,273
1621843325682,1621843325812,130,1,427,15655.5570898059,-25278,327
1621843326502,1621843326562,60,27,722,36994.6671866647,-25066,102
1621843326652,1621843326772,120,4,63,2446.42519769435,-1378,285
1621843326842,1621843326882,40,8,329,15900.0913938587,-13614,310
1621843327002,1621843327112,110,15,470,22682.2979684586,-16809,265
1621843328501,1621843328561,60,6,224,12792.8709144186,-10797,83
1621843328851,1621843328861,10,-1,32,833.259534932539,-1,-1
1621843328871,1621843328911,40,4,159,8370.98118085177,-7847,82
1621843329140,1621843329170,30,1,79,3910.86699080424,-981,234
1621843329610,1621843329650,40,5,249,14017.460576805,-9586,229
1621843329830,1621843330150,320,17,91,2653.12939098732,-2929,81
1621843329830,1621843330150,320,17,91,2653.12939098732,-2929,81
1621843330160,1621843330240,80,6,242,9307.03735328019,-321,84
1621843331029,1621843331059,30,2,128,-1.0,-1680,47
1621843331069,1621843331079,10,-1,40,1688.5461737697,-1,-1
1621843331269,1621843331309,40,1,36,2567.66977924046,-442,87
1621843332309,1621843332419,110,16,915,1468.25727846258,-49796,271
1621843332528,1621843332568,40,4,175,12266.6235613698,-11712,50
1621843332868,1621843332908,40,5,197,10309.605469024,-9128,204
1621843333028,1621843333088,60,2,59,1949.79460640706,-1232,94
1621843333098,1621843333298,200,8,655,50312.4927207849,-42606,284
1621843333328,1621843333338,10,-1,30,1701.84101197161,-1,-1
1621843333448,1621843333528,80,19,603,25842.2646054335,-26708,101
1621843333698,1621843333758,60,2,90,4051.6077868625,-2984,317
1621843333768,1621843333818,50,14,391,20779.1811403117,-14024,103
1621843333828,1621843333968,140,8,93,4405.89969762755,-5072,276
1621843333988,1621843334078,90,15,450,22955.3326221221,-16975,292
1621843334257,1621843334297,40,7,310,16052.8790086857,-13564,267
1621843334427,1621843334607,180,26,654,41847.5146230686,-56277,99
1621843334837,1621843334927,90,20,564,27155.1076126779,-20631,283
1621843335197,1621843335217,20,0,42,1615.288225308,-434,248
1621843335297,1621843335317,20,0,39,1707.31874831412,-794,255
1621843335377,1621843335427,50,10,371,19695.3261236003,-15763,108
1621843335457,1621843335477,20,0,36,2061.38568838333,-248,290
1621843335487,1621843335497,10,-1,30,260.014707185769,-1,-1
1621843335657,1621843335717,60,12,396,17308.2944711571,-17697,274
1621843335886,1621843335956,70,8,266,12761.6380552735,-11491,98
1621843336136,1621843336166,30,2,147,10195.1819407658,-8932,201
1621843336296,1621843336336,40,6,268,13195.701653833,-12041,331
1621843336476,1621843336536,60,9,317,15830.8975963759,-16062,280
1621843336756,1621843336936,180,9,1039,67785.2796146429,-84484,99
1621843336976,1621843336996,20,0,34,1359.71783613274,-302,98
1621843337006,1621843337026,20,0,45,1982.41375789234,-1396,52
1621843337076,1621843337126,50,2,99,5041.70671057437,-6308,332
1621843337705,1621843337755,50,10,366,18557.4997854855,-16964,101
1621843337825,1621843337845,20,0,52,1651.92955504082,-1,83
1621843337855,1621843337915,60,18,600,27793.2790503773,-25801,275
1621843337955,1621843337985,30,1,53,1739.31896220953,-885,73
1621843338055,1621843338095,40,1,39,706.16877265626,-686,82
1621843338125,1621843338155,30,0,64,4366.79831657044,-2713,61
1621843338185,1621843338205,20,1,110,4883.3116992343,-1,81
1621843338375,1621843338515,140,6,384,21057.2231295044,-24195,254
1621843338375,1621843338515,140,6,384,21057.2231295044,-24195,254
1621843338535,1621843338715,180,9,259,13925.5387879086,-9353,330
1621843338765,1621843338815,50,1,45,1845.36764147982,-981,259
1621843338825,1621843338845,20,0,85,5418.0799881972,-1,104
1621843339714,1621843339774,60,8,528,8155.82351529361,-33167,240
1621843339784,1621843340014,230,7,483,25060.0159213681,-35884,322
1621843340024,1621843340114,90,0,316,13923.6102399573,-24478,23
1621843340124,1621843340444,320,4,501,41314.6489945671,-41731,21
1621843340464,1621843340494,30,1,59,2998.90201501457,-2390,318
1621843340554,1621843340594,40,3,172,13482.6773242015,-12446,271
1621843340554,1621843340594,40,3,172,13482.6773242015,-12446,271
1621843340604,1621843340644,40,4,336,19533.5587716313,-1,71
1621843340894,1621843341203,309,8,768,33036.9552828822,-63667,262
1621843341233,1621843341363,130,12,312,14448.4564855546,-12829,266
1621843341443,1621843341533,90,34,794,30473.935556273,-29579,90
1621843341553,1621843341573,20,0,49,2986.59267770305,-627,263
1621843341583,1621843341613,30,1,58,2502.45841133175,-911,240
1621843341623,1621843341633,10,-1,59,5607.73306896395,-1,-1
1621843341643,1621843341713,70,4,91,2922.62089719652,-3032,251
1621843341743,1621843342003,260,15,285,17631.2859797428,-19095,259
1621843342113,1621843342123,10,-1,31,357.662139628422,-1,-1
1621843342143,1621843342163,20,0,33,1348.31154860268,-63,352
1621843342283,1621843342333,50,9,364,16703.6611174066,-14835,325
1621843342343,1621843342403,60,2,62,2998.30311801258,-1237,132
1621843342602,1621843342652,50,11,424,23025.9484391813,-19703,189
1621843342712,1621843342722,10,-1,34,929.772404195347,-1,-1
1621843342742,1621843342862,120,8,291,16635.2578286439,-10281,354
1621843342872,1621843343042,170,8,108,3283.28174345357,-4891,87
1621843343052,1621843343062,10,-1,37,933.558552664961,-1,-1
1621843343072,1621843343112,40,3,190,10684.732478355,-11939,313
1621843343122,1621843343132,10,-1,64,4656.2324775814,-1,-1
1621843343212,1621843343262,50,22,725,25344.8063163163,-12075,84
1621843343352,1621843343442,90,8,685,21180.909998418,-27054,6
1621843343692,1621843343772,80,8,704,10484.1628805304,-62077,237
1621843343782,1621843343812,30,0,43,938.415695549877,-266,150
1621843343882,1621843343892,10,-1,30,1786.6228235289,-1,-1
1621843343942,1621843343952,10,-1,32,1087.97672435436,-1,-1
1621843344032,1621843344052,20,0,47,2032.68003321671,-16,273
1621843344082,1621843344092,10,-1,38,2463.58961487691,-1,-1
1621843344122,1621843344132,10,-1,30,823.968906961656,-1,-1
1621843344142,1621843344162,20,0,37,2715.66156474729,-164,164
1621843344441,1621843344481,40,2,79,3589.12329277598,-3544,301
1621843344611,1621843344631,20,0,38,1593.00581452744,-1,116
1621843344941,1621843344951,10,-1,33,1112.99055956617,-1,-1
1621843345171,1621843345211,40,0,583,54572.8124186556,-1,135
1621843345441,1621843345531,90,11,791,38752.0879922153,-13,81
1621843345871,1621843345980,109,19,484,21970.9339533482,-14208,240
1621843346000,1621843346080,80,17,794,66499.4690736911,-63156,306
1621843346130,1621843346150,20,0,40,1504.49690852704,-1070,296
1621843346170,1621843346330,160,47,1820,120333.357690406,-104050,75
1621843347829,1621843347929,100,9,415,1545.31910782973,-15462,280
1621843347939,1621843347959,20,0,39,1364.95351551271,-64,253
1621843347969,1621843348059,90,12,515,29364.9500748428,-25532,31
1621843348199,1621843348209,10,-1,44,1964.41452093941,-1,-1
1621843348229,1621843348239,10,-1,38,1519.91529090009,-1,-1
1621843348259,1621843348269,10,-1,31,2672.95508710857,-1,-1
1621843348279,1621843348339,60,1,84,5409.38553403941,-5277,290
1621843348369,1621843348399,30,0,46,1632.32549031082,-1531,102
1621843348499,1621843348509,10,-1,38,2866.7676158536,-1,-1
1621843348569,1621843348599,30,1,66,3557.42797298368,-892,61
1621843348609,1621843348619,10,-1,39,975.504018838638,-1,-1
1621843348649,1621843348659,10,-1,34,844.958155195058,-1,-1
1621843348689,1621843348699,10,-1,36,1561.71854512892,-1,-1
1621843348709,1621843348849,140,28,581,25738.8953098375,-22776,156
1621843348859,1621843349009,150,8,296,18750.12106197,-10738,345
1621843349129,1621843349149,20,0,106,-1.0,-3955,47
1621843349388,1621843349428,40,11,520,9024.62503231173,-18910,271
1621843349438,1621843349608,170,3,369,18171.0576756188,-11077,38
1621843349618,1621843349908,290,14,219,11861.7651944739,-7505,90
1621843349918,1621843349938,20,12,1664,94266.6786864226,-1,41
1621843350028,1621843350318,290,25,653,22014.918407484,-42734,159
1621843350408,1621843350748,340,48,752,20615.8589828386,-35449,212
1621843351357,1621843351397,40,2,119,6263.56642949379,-4302,358
1621843351697,1621843352067,370,22,457,32540.7050267284,-23820,144
1621843352097,1621843352157,60,5,438,32700.0395649801,-30633,51
1621843352517,1621843352547,30,1,47,2764.66873096889,-745,291
1621843352687,1621843352756,69,0,188,9935.51102121522,-13704,0
1621843352936,1621843352966,30,3,186,15036.9569923175,-13223,228
1621843353206,1621843353236,30,1,72,3795.56004322732,-2131,59
1621843353286,1621843353416,130,10,261,25258.5201592932,-13917,306
1621843353496,1621843353516,20,0,62,3377.1196176563,-2066,98
1621843353716,1621843353756,40,6,269,15494.3550335635,-12577,137
1621843354206,1621843354246,40,6,266,14433.7474004262,-13846,206
1621843354615,1621843354655,40,10,434,17782.9590254369,-8112,278
1621843354855,1621843354885,30,0,64,5271.29212855691,-3136,139
1621843354895,1621843354905,10,-1,40,2116.16233746435,-1,-1
1621843354945,1621843355015,70,14,289,15015.8069521798,-11697,77
1621843355375,1621843355425,50,7,285,18168.8518053606,-13686,323
1621843355505,1621843355545,40,1,70,2862.99365598727,-539,154
1621843355655,1621843355785,130,14,589,41616.5898500624,-34324,184
1621843355795,1621843355865,70,4,112,7386.12665393714,-7122,149
1621843356434,1621843356464,30,2,127,5949.68900649376,-3784,337
1621843356514,1621843356544,30,1,92,7322.06010249671,-4114,279
1621843356834,1621843356844,10,-1,39,2606.79407066367,-1,-1
1621843356854,1621843356864,10,-1,50,3412.13251151424,-1,-1
1621843356874,1621843356924,50,4,182,12273.0883410113,-9269,166
1621843356974,1621843356994,20,0,51,3483.80838652174,-70,246
1621843357224,1621843357254,30,3,169,9559.09493911288,-5521,339
1621843357654,1621843357684,30,2,115,7184.49322159829,-6874,183
1621843357694,1621843357704,10,-1,31,974.727778378659,-1,-1
1621843357843,1621843357883,40,1,58,1908.66862059506,-1631,101
1621843357933,1621843357963,30,3,140,8419.75451900354,-6609,345
1621843358343,1621843358373,30,4,181,10436.0659685774,-9689,162
1621843358723,1621843358763,40,3,124,7396.89969586609,-7399,342
1621843359113,1621843359133,20,2,164,7943.64687414585,-1,142
1621843359243,1621843359293,50,7,451,-1.0,-24899,157
1621843359303,1621843359363,60,1,522,39750.3961152814,-40539,303
1621843359403,1621843359453,50,3,77,2766.87520951093,-3244,83
1621843359463,1621843359473,10,-1,36,937.043559504291,-1,-1
1621843359682,1621843359782,100,1,169,14472.7703906488,-11650,82
1621843359822,1621843359872,50,3,347,22179.340734984,-290,52
1621843360362,1621843360372,10,-1,107,8978.14789801713,-1,-1
1621843360512,1621843360522,10,-1,44,3579.8135425818,-1,-1
1621843360622,1621843360682,60,3,329,20413.2281917942,-27721,54
1621843360762,1621843360882,120,0,311,22719.6005053935,-16625,50
1621843361152,1621843361221,69,11,590,27679.7704520792,-32887,280
1621843361371,1621843361511,140,8,568,23805.8197998759,-25402,135
1621843361731,1621843361961,230,46,494,26613.0437273954,-40127,322
1621843361981,1621843362001,20,0,33,2068.9919203845,-262,127
1621843362011,1621843362031,20,1,78,4818.92613382512,-2318,102
1621843362081,1621843362101,20,0,40,3143.14368298098,-1011,298
1621843362141,1621843362161,20,0,50,2897.6343674767,-1,273
1621843362271,1621843362291,20,1,67,5223.83725140176,-1761,98
1621843362571,1621843362601,30,3,127,6745.71884302867,-4624,338
1621843363070,1621843363110,40,5,142,7634.71773191163,-11176,161
1621843363120,1621843363160,40,0,166,14225.5299187665,-8352,77
1621843363190,1621843363220,30,1,46,2169.48302849544,-1409,104
1621843363280,1621843363290,10,-1,39,2610.28571067493,-1,-1
1621843363330,1621843363340,10,-1,39,1058.34184995791,-1,-1
1621843363450,1621843363490,40,4,175,10701.6847654527,-9715,357
1621843363560,1621843363610,50,1,51,1979.87723240626,-1650,259
1621843363750,1621843363790,40,4,165,8552.4625777411,-6741,165
1621843364000,1621843364060,60,2,374,37226.2819655726,-10097,162
1621843364100,1621843364120,20,1,107,8181.14572795998,-1861,333
1621843364170,1621843364220,50,2,341,23017.5441357602,-5406,162
1621843364540,1621843364609,69,3,117,10837.5538878566,-5785,338
1621843364729,1621843364769,40,3,127,6710.70702386297,-4495,346
1621843364879,1621843364899,20,0,32,879.293521227635,-1,102
1621843364959,1621843364969,10,-1,34,2967.30454317625,-1,-1
1621843365329,1621843365349,20,1,68,4675.07677474595,-2458,102
1621843365489,1621843365529,40,3,145,7051.48330515822,-6634,162
1621843365809,1621843365869,60,7,183,7307.47192442547,-7586,325
1621843366109,1621843366129,20,0,54,2867.15226519793,-2248,104
1621843366199,1621843366239,40,4,149,9679.66590502343,-6061,162
1621843366518,1621843366628,110,3,159,11393.0498415643,-3590,327
1621843366658,1621843366698,40,0,270,25130.7303459417,-19755,180
1621843366708,1621843366768,60,0,384,25842.1208836533,-33474,86
1621843366848,1621843366878,30,1,58,2876.32015370167,-1641,142
1621843367428,1621843367458,30,1,61,3093.48674167429,-2233,321
1621843368127,1621843368157,30,4,182,8372.39212307743,-11274,144
1621843368267,1621843368317,50,8,361,17794.3872383936,-24558,336
1621843368427,1621843368447,20,2,115,10478.267722746,-792,304
1621843368527,1621843368547,20,0,61,3536.2613753536,-2391,98
1621843368687,1621843368727,40,4,155,8102.42933268401,-7169,160
1621843368847,1621843369067,220,1,1009,47843.0610955778,-66728,297
1621843369507,1621843369557,50,4,216,11667.4497895696,-10719,332
1621843369567,1621843369597,30,1,94,8974.78248331171,-3571,106
1621843370126,1621843370136,10,-1,113,8736.29281477466,-1,-1
1621843370476,1621843370516,40,4,166,10884.335314137,-8450,330
1621843370896,1621843370936,40,4,158,9892.45401963769,-9566,163
1621843371595,1621843371605,10,-1,34,1843.22010168608,-1,-1
1621843371975,1621843372025,50,5,163,10732.6427864042,-8590,325
1621843372145,1621843372185,40,1,141,12607.8056226428,-10506,344
1621843372265,1621843372285,20,1,84,7134.31060130133,-1489,121
1621843372525,1621843372555,30,0,94,7069.0911112544,-6106,153
1621843372815,1621843372825,10,-1,34,2997.3823222044,-1,-1
1621843373944,1621843374124,180,0,905,57470.5323838114,-42207,153
1621843374144,1621843374184,40,2,109,5251.82256223409,-6132,334
1621843374254,1621843374274,20,2,133,10682.0708368716,-458,93
1621843374294,1621843374304,10,-1,31,1975.36100551573,-1,-1
1621843374314,1621843374354,40,4,392,15022.889908508,-1,286
1621843374364,1621843374414,50,4,540,51427.5960358353,-42362,285
1621843374454,1621843374504,50,5,157,11436.2368960424,-7680,143
1621843374514,1621843374534,20,0,32,201.95862181392,-1,127
1621843375153,1621843375173,20,0,47,2595.40904623473,-1,195
1621843375503,1621843375533,30,3,147,10104.8761346658,-9033,345
1621843375873,1621843375913,40,3,111,8011.4661030349,-7196,170
1621843376572,1621843376602,30,3,160,9539.87054656171,-8644,340
1621843377272,1621843377312,40,4,156,8216.77458087233,-6370,167
1621843377642,1621843377732,90,26,1082,101847.632330422,-224,31
1621843377762,1621843377902,140,26,824,49030.130040924,-34461,219
1621843378002,1621843378032,30,1,45,1249.85844280655,-368,159
1621843378261,1621843378311,50,5,155,6672.78732510964,-4672,333
1621843378541,1621843378551,10,-1,48,2892.13307535938,-1,-1
1621843378711,1621843378751,40,4,144,8919.20615181968,-4893,167
1621843378951,1621843378971,20,0,41,1621.18536283972,-715,275
1621843379121,1621843379301,180,1,984,68465.5342550336,-41024,325
1621843379880,1621843379920,40,4,155,7905.19563011214,-7017,335
1621843380280,1621843380300,20,0,80,4740.98762027836,-1,156
1621843380410,1621843380430,20,0,53,3566.91664178502,-1,163
1621843381060,1621843381090,30,3,136,9610.66246716146,-8777,0
1621843381480,1621843381509,29,3,163,8218.34427779476,-9606,173
1621843381869,1621843381909,40,3,109,6818.40590759549,-5901,338
1621843382419,1621843382459,40,4,135,5761.23251238667,-6557,165
1621843383478,1621843383488,10,-1,56,3331.66158162909,-1,-1
1621843383938,1621843383978,40,2,101,5715.33869499426,-4814,342
1621843384268,1621843384388,120,1,212,10005.7703098498,-14781,201
1621843384398,1621843384408,10,-1,33,1816.022620447,-1,-1
1621843384638,1621843384658,20,0,42,2860.49744605956,-1221,104
1621843384808,1621843384838,30,2,126,7364.65763479955,-5860,333
1621843385157,1621843385167,10,-1,32,2069.11374572455,-1,-1
1621843385237,1621843385287,50,4,125,6948.55642812899,-4276,143
1621843385687,1621843385717,30,1,70,3754.4598488023,-2561,47
1621843386077,1621843386087,10,-1,36,2387.47252284103,-1,-1
1621843386517,1621843386547,30,2,128,7704.31284779801,-3420,352
1621843386916,1621843386956,40,3,113,7256.63017624164,-6751,180
1621843387086,1621843387096,10,-1,53,4431.37061172124,-1,-1
1621843387236,1621843387296,60,2,539,48543.8288729153,-33140,12
1621843387346,1621843387426,80,3,485,35590.6273045523,-39724,358
1621843387566,1621843387736,170,3,211,17595.8205121639,-9509,89
1621843387906,1621843387916,10,-1,86,6612.07573055094,-1,-1
1621843387926,1621843387996,70,1,452,39986.9672363509,-24825,97
1621843388056,1621843388066,10,-1,35,816.8247221917,-1,-1
1621843388086,1621843388106,20,4,224,21954.017166214,-392,258
1621843388156,1621843388246,90,27,634,32175.2085499489,-24762,344
1621843388275,1621843388295,19,0,34,2197.56560673808,-1,225
1621843388395,1621843388405,10,-1,32,1062.11904123063,-1,-1
1621843388415,1621843388495,80,29,526,18059.4936967252,-3313,343
1621843388505,1621843388615,110,16,571,39341.9997014416,-39661,205
1621843388765,1621843388835,70,1,255,14133.0655732962,-17642,169
1621843389045,1621843389075,30,3,163,7881.35733031371,-5651,331
1621843389345,1621843389395,50,0,134,9008.38985302554,-10139,146
1621843389455,1621843389495,40,4,170,9238.90622970631,-6932,159
1621843389645,1621843389675,30,12,1641,104690.46032345,-1,41
1621843389765,1621843389845,80,5,343,23375.1706024382,-22456,252
1621843389855,1621843389994,139,7,107,6715.83170515638,-3721,100
1621843390024,1621843390054,30,4,192,16431.9932601048,-15095,101
1621843390094,1621843390174,80,9,604,34335.85034523,-50194,281
1621843390234,1621843390354,120,5,308,23469.0637288759,-26949,105
1621843390454,1621843390504,50,2,170,11747.2997203362,-8103,36
1621843390534,1621843390614,80,4,370,14732.9875534002,-23074,226
1621843390734,1621843390784,50,4,136,10195.3003327703,-8149,331
1621843391284,1621843391314,30,3,147,7541.62875651152,-7413,171
1621843391564,1621843391653,89,31,678,28714.6674082796,-33268,160
1621843391863,1621843391893,30,1,74,4445.00704733802,-4216,228
1621843392023,1621843392863,840,16,825,56236.180971147,-64835,268
1621843392873,1621843392893,20,0,57,2659.31868565041,-1,26
1621843392973,1621843393123,150,4,137,10095.3645631584,-8658,358
1621843393193,1621843393203,10,-1,30,1544.4803018473,-1,-1
1621843393213,1621843393552,339,13,988,59112.6221114642,-55111,95
1621843393562,1621843393642,80,8,384,20122.4095840607,-17836,194
1621843393662,1621843393692,30,1,72,3292.39285921677,-3497,66
1621843393702,1621843393722,20,1,221,10828.147219924,-1,292
1621843393732,1621843393742,10,-1,310,29068.6849843781,-1,-1
1621843393762,1621843393782,20,0,38,906.993982555914,-1,17
1621843393792,1621843393822,30,0,96,5660.09985970232,-1805,74
1621843393852,1621843393902,50,12,369,19158.5860089257,-13053,19
1621843393912,1621843393922,10,-1,65,3886.65047611092,-1,-1
1621843393932,1621843393972,40,1,72,5773.70772669158,-3191,217
1621843393982,1621843393992,10,-1,43,2109.48077539402,-1,-1
1621843394052,1621843394062,10,-1,31,561.25200775464,-1,-1
1621843394082,1621843394112,30,0,38,1420.50573662772,-402,221
1621843394132,1621843394332,200,9,875,42224.1292301906,-63224,8
1621843394362,1621843394492,130,15,1223,59814.5690234211,-16483,165
1621843394582,1621843394742,160,15,230,11649.0355812249,-9206,169
1621843394832,1621843394882,50,19,778,-1.0,-24132,289
1621843394902,1621843395041,139,13,187,14528.1925253287,-10441,157
1621843395201,1621843395261,60,13,448,22432.5884968037,-20490,136
1621843395451,1621843395491,40,3,154,7766.3320526362,-6325,79
1621843395611,1621843395661,50,4,269,17654.4105020745,-21494,22
1621843395681,1621843395721,40,4,210,16619.7346495568,-15356,194
1621843395741,1621843395771,30,3,199,10670.0996961006,-9540,108
1621843395841,1621843395861,20,0,32,1100.66612451907,-1,273
1621843395881,1621843395921,40,1,43,2744.93934869939,-1,282
1621843395941,1621843396281,340,16,343,29478.8563463158,-15515,325
1621843396321,1621843396341,20,0,59,1981.50346544567,-1,70
1621843396381,1621843396431,50,6,187,6777.82640442968,-11445,107
1621843396451,1621843396481,30,1,49,2254.6412072326,-1227,139
1621843396501,1621843396521,20,0,32,703.62690608038,-1,188
1621843396571,1621843396631,60,1,40,537.742741087984,-756,180
1621843396651,1621843396661,10,-1,36,797.95343862214,-1,-1
1621843396731,1621843396741,10,-1,33,1277.36730740204,-1,-1
1621843396750,1621843396800,49,5,184,7958.71889875197,-8139,238
1621843396980,1621843397010,30,1,85,5196.78335858327,-3209,247
1621843397090,1621843397240,150,23,541,39649.88542008,-33368,326
1621843397370,1621843397380,10,-1,35,2050.90695294857,-1,-1
1621843397890,1621843397920,30,2,116,6628.96163251601,-3559,352
1621843398160,1621843398190,30,2,105,4866.4121604717,-4669,176
1621843398589,1621843398609,20,1,74,4809.60541393478,-1,0
1621843398619,1621843398649,30,2,125,9902.46252311989,-9144,147
1621843398669,1621843398699,30,3,139,11834.6375917254,-7933,331
1621843398949,1621843398969,20,0,81,7427.60982983337,-4830,153
1621843399319,1621843399359,40,3,141,6883.00115077778,-4843,344
1621843399369,1621843399389,20,0,64,5287.40487053874,-2378,129
1621843399599,1621843399629,30,2,105,6528.46804813178,-2408,172
1621843399729,1621843399739,10,-1,53,4203.93301926325,-1,-1
1621843399749,1621843399769,20,0,57,2772.88646133617,-1,125
1621843399869,1621843399929,60,2,133,7307.56738443512,-2659,320
1621843399939,1621843399949,10,-1,38,3590.81571477945,-1,-1
1621843400448,1621843400488,40,2,108,7522.14145979768,-2836,189
1621843401078,1621843401108,30,2,109,4667.67940632451,-4456,3
1621843401368,1621843401398,30,1,85,6581.52657757054,-4380,202
1621843401748,1621843401788,40,2,88,3955.55165698189,-4770,19
1621843402127,1621843402167,40,2,98,3809.1175810126,-5466,189
1621843402627,1621843402797,170,2,984,54698.7205709103,-51799,320
1621843402807,1621843402877,70,1,330,11874.8767310323,-8515,102
1621843403167,1621843403177,10,-1,33,1819.47410794845,-1,-1
1621843403197,1621843403257,60,0,440,33274.8491310995,-33029,236
1621843403277,1621843403337,60,2,629,46914.9180326579,-34887,36
1621843403646,1621843403696,50,0,111,6534.59326398267,-6665,167
1621843403966,1621843403996,30,1,59,4163.80548362407,-2693,160
1621843404426,1621843404606,180,1,2563,108037.193250937,-136292,291
1621843404646,1621843404696,50,0,552,28889.2113875674,-11756,60
1621843405036,1621843405096,60,2,428,29575.5711844495,-18205,138
1621843405805,1621843405825,20,7,711,-1.0,-28571,289
1621843405835,1621843405905,70,3,558,31510.737792906,-36620,139
1621843406045,1621843406085,40,3,135,8358.85192796582,-6359,293
1621843406425,1621843406455,30,4,186,9325.17677995882,-11666,143
1621843406695,1621843406755,60,0,159,12074.1323722706,-11952,0
1621843407014,1621843407044,30,2,137,9440.62693497088,-8426,339
1621843407124,1621843407154,30,1,69,3977.90222845715,-3286,14
1621843407434,1621843407464,30,1,73,3974.15706711688,-4077,187
1621843407894,1621843407924,30,4,217,16331.8402244994,-17151,46
1621843407934,1621843407954,20,5,257,24094.5384926239,-1530,235
1621843407964,1621843408054,90,0,412,32624.177610795,-23074,300
1621843408424,1621843408434,10,-1,39,2777.09837022834,-1,-1
1621843408464,1621843408484,20,0,53,3457.66895002845,-1312,296
1621843408683,1621843408703,20,0,39,2679.18885556177,-395,105
1621843408773,1621843408783,10,-1,30,139.512993931415,-1,-1
1621843408853,1621843408883,30,2,124,6288.98032010691,-5474,340
1621843409183,1621843409203,20,1,103,8072.17796842833,-445,168
1621843409823,1621843409843,20,1,245,17289.7291360532,-1,99
1621843409943,1621843410013,70,16,728,8282.650443929,-55793,282
1621843410033,1621843410133,100,3,254,12361.1827056543,-14947,304
1621843410213,1621843410223,10,-1,30,43.8376786014171,-1,-1
1621843410233,1621843410282,49,3,73,3417.31297550735,-897,47
1621843410312,1621843410332,20,4,245,21795.7733125496,-1828,261
1621843410382,1621843410472,90,3,460,27027.5219851193,-28894,66
1621843410482,1621843410652,170,10,338,19813.6266497711,-20214,14
1621843410682,1621843410712,30,1,73,4136.12979579905,-1955,266
1621843410782,1621843410942,160,12,376,20114.0956770638,-9880,352
1621843411102,1621843411132,30,1,73,4277.802948464,-2468,257
1621843411492,1621843411542,50,9,317,16394.9754844561,-14899,39
1621843411862,1621843411912,50,8,276,16271.0527767816,-12125,211
1621843412111,1621843412141,30,1,78,4910.50410163682,-3939,228
1621843412461,1621843412491,30,1,84,4924.07036674291,-3723,52
1621843413411,1621843413501,90,29,670,30209.0052835946,-26607,307
1621843413521,1621843413571,50,2,72,5430.25108520116,-2005,112
1621843413950,1621843413990,40,2,68,2904.83891454106,-3068,289
1621843414180,1621843414200,20,1,127,6563.79981303496,-1,95
1621843414290,1621843414320,30,3,659,-1.0,-50424,125
1621843414440,1621843414500,60,0,375,30037.7846012331,-27311,172
1621843414580,1621843414640,60,8,338,20778.1995677602,-15181,237
1621843414750,1621843414780,30,2,102,5803.92712464132,-5,150
1621843414870,1621843415280,410,21,474,27006.2613118405,-31919,339
1621843415290,1621843416289,999,18,1686,84435.531583039,-77331,181
1621843416469,1621843416489,20,0,109,9078.97270280539,-6390,258
1621843416509,1621843416529,20,0,35,1416.03882013998,-1,45
1621843416549,1621843416599,50,2,52,1062.52392409256,-1397,30
1621843416619,1621843416699,80,4,68,2343.37706461011,-1182,16
1621843416719,1621843416839,120,4,186,10657.0522060977,-12612,5
1621843416909,1621843416989,80,3,61,3015.58382405353,-2772,77
1621843417038,1621843417078,40,1,51,1187.21947972245,-1626,31
1621843417118,1621843417138,20,0,35,1113.7150006536,-1,56
1621843417158,1621843417188,30,1,64,2815.82182539989,-3109,99
1621843417198,1621843417218,20,0,43,1455.473410477,-1046,83
1621843417288,1621843417398,110,2,181,10085.1644804105,-7223,186
1621843417418,1621843417428,10,-1,60,4456.35299654502,-1,-1
1621843417458,1621843417528,70,1,320,22811.6583996453,-20016,358
1621843417538,1621843417558,20,0,65,3115.98320107091,-1,54
1621843417568,1621843417648,80,11,574,43644.1186381307,-39482,29
1621843417698,1621843417708,10,-1,33,1021.02419718588,-1,-1
1621843417848,1621843417918,70,7,186,9610.90058341748,-7996,97
1621843417948,1621843417978,30,1,44,1050.72886418901,-1245,87
1621843417988,1621843418048,60,2,101,5868.46104603008,-3599,83
1621843418638,1621843418917,279,35,1555,112499.756619458,-125860,327
1621843418927,1621843418937,10,-1,30,1421.13177782852,-1,-1
1621843418947,1621843419027,80,7,354,22085.2918556234,-23038,142
1621843419077,1621843419097,20,0,65,3383.92281318868,-1,23
1621843419117,1621843419167,50,1,59,1359.1406785685,-1430,342
1621843419797,1621843419817,20,0,66,2616.34975151125,-1,113
1621843419827,1621843419897,70,5,231,13349.735970784,-15868,253
1621843419937,1621843419987,50,1,373,19468.7603712855,-29622,294
1621843419997,1621843420037,40,0,210,9694.43079483715,-8571,289
1621843420077,1621843420127,50,7,261,16569.2780730435,-11385,27
1621843420157,1621843420277,120,8,113,2586.91969362066,-1703,157
1621843420436,1621843420486,50,23,566,-1.0,-18995,331
1621843420496,1621843420786,290,41,552,15205.4834111281,-35541,172
1621843420796,1621843420816,20,1,71,3398.6811423572,-1,323
1621843420846,1621843420866,20,0,32,319.332614961322,-1,140
1621843420886,1621843420896,10,-1,30,482.056816371416,-1,-1
1621843420906,1621843420926,20,0,31,534.542076153781,-1,135
1621843421376,1621843421406,30,1,55,-1.0,-1080,233
1621843421826,1621843421916,90,8,509,29229.2481347463,-42121,70
1621843422155,1621843422195,40,1,65,2003.52236745668,-2759,305
1621843422255,1621843422285,30,0,43,813.811078362178,-1,303
1621843422295,1621843422345,50,0,79,5186.71857657748,-2780,25
1621843422385,1621843422465,80,9,344,18669.9081350413,-13497,303
