start,end,duration,amplitude,peak_velocity,peak_acceleration,peak_deceleration,direction
1621843596579,1621843596649,70,3,87,4994.18436287314,-2945,102
1621843596739,1621843596759,20,0,47,1881.46780124947,-1,263
1621843596769,1621843596789,20,1,82,5073.29126278466,-1,277
1621843596799,1621843596819,20,0,39,2447.3526992609,-623,289
1621843596949,1621843597089,140,3,605,16898.6687921004,-14818,345
1621843597139,1621843597179,40,3,188,7751.6480877988,-14104,63
1621843597189,1621843597269,80,2,186,13452.9987365199,-8112,239
1621843597289,1621843597309,20,0,69,3585.17810234017,-1,61
1621843597389,1621843597409,20,0,37,1757.49135255557,-1,90
1621843597509,1621843597589,80,3,245,15208.1613628098,-11163,247
1621843597609,1621843597619,10,-1,627,62423.975814496,-1,-1
1621843597629,1621843597639,10,-1,584,55523.5858839602,-1,-1
1621843597759,1621843597769,10,-1,65,5175.7725220861,-1,-1
1621843597779,1621843597789,10,-1,34,1890.16311222361,-1,-1
1621843598049,1621843598059,10,-1,61,5761.9094879792,-1,-1
1621843598069,1621843598079,10,-1,37,2524.72404826254,-1,-1
1621843598129,1621843598248,119,0,686,60848.829406782,-64313,210
1621843599018,1621843599148,130,0,661,32969.7546552826,-43561,96
1621843599178,1621843599188,10,-1,85,7608.70089011205,-1,-1
1621843599298,1621843599308,10,-1,37,1554.52979353126,-1,-1
1621843599658,1621843599668,10,-1,34,2076.39049641725,-1,-1
1621843600167,1621843600177,10,-1,54,2505.65061890432,-1,-1
1621843600187,1621843600207,20,0,43,2385.19885155296,-4,254
1621843600437,1621843600447,10,-1,44,2239.00538588869,-1,-1
1621843600457,1621843600487,30,0,51,3676.00926398498,-1383,296
1621843600507,1621843600677,170,18,2220,172126.014756282,-63289,160
1621843600687,1621843600707,20,0,2006,198388.874412655,-197143,282
1621843600767,1621843600777,10,-1,35,1527.78717987476,-1,-1
1621843600857,1621843600917,60,4,127,6392.16097777057,-4129,278
1621843601207,1621843601227,20,0,50,2801.36712187728,-557,345
1621843601516,1621843601526,10,-1,59,4079.66732809787,-1,-1
1621843601536,1621843601556,20,0,41,1957.05368670694,-738,198
1621843601576,1621843601586,10,-1,43,3981.87087733636,-1,-1
1621843601696,1621843601706,10,-1,51,4400.65895659634,-1,-1
1621843601716,1621843601866,150,1,1151,83111.4932192749,-45094,285
1621843602456,1621843602616,160,0,1702,108043.976136727,-88057,66
1621843603136,1621843603275,139,0,686,47986.9236475594,-28902,333
1621843603945,1621843604015,70,2,71,2420.44849694935,-2811,151
1621843604205,1621843604225,20,0,36,1461.1418902011,-1,330
1621843604485,1621843604515,30,1,61,3860.83324882292,-3038,155
1621843604715,1621843604735,20,1,167,8122.72205442779,-1,358
1621843604835,1621843604904,69,8,620,13066.4248547949,-35005,354
1621843604914,1621843605024,110,3,481,21204.6539601291,-27643,167
1621843605034,1621843605044,10,-1,41,1451.91946243449,-1,-1
1621843605054,1621843605124,70,3,94,6590.34248340874,-3528,237
1621843605144,1621843605254,110,3,331,16532.0918026128,-27083,142
1621843605294,1621843605304,10,-1,47,2519.92898446367,-1,-1
1621843605314,1621843605344,30,1,53,4299.98012892008,-849,133
1621843605364,1621843605404,40,1,75,2077.99066639712,-763,221
1621843605414,1621843605434,20,1,69,2630.03558354887,-1,200
1621843605504,1621843605554,50,0,61,3136.58294929383,-2435,309
1621843605564,1621843605754,190,18,2253,146906.0639018,-136877,166
1621843605954,1621843606004,50,7,273,16912.2999761156,-14669,240
1621843606214,1621843606264,50,3,420,38171.3364911803,-23591,214
1621843606284,1621843606294,10,-1,56,4947.40497248575,-1,-1
1621843606334,1621843606364,30,1,85,4632.26736983744,-4265,355
1621843606404,1621843606444,40,5,227,11788.6611804523,-1256,276
1621843607263,1621843607363,100,6,562,11359.8475349627,-39916,203
1621843607383,1621843607413,30,1,53,2116.40214367094,-966,170
1621843607433,1621843607443,10,-1,30,2132.41921164168,-1,-1
1621843607473,1621843607493,20,0,31,1253.98288607284,-126,195
1621843607603,1621843607623,20,0,32,965.644961440818,-84,195
1621843607983,1621843608272,289,27,452,40226.0107856424,-30314,209
1621843608302,1621843608312,10,-1,34,1203.12805446046,-1,-1
1621843608332,1621843608352,20,0,50,2253.70040995112,-1,294
1621843608602,1621843608632,30,8,362,22986.6623868791,-27210,175
1621843608642,1621843608652,10,-1,52,2547.97828661507,-1,-1
1621843608682,1621843608822,140,4,318,22583.7231599966,-16744,93
1621843608832,1621843608852,20,1,156,14024.8324690987,-10137,174
1621843608862,1621843608902,40,1,156,10716.4393602987,-4182,273
1621843609032,1621843609212,180,15,569,45180.4237195954,-19687,192
1621843609312,1621843609372,60,1,215,16599.2558943081,-17821,345
1621843609472,1621843609492,20,2,166,13342.5225700952,-1,240
1621843609502,1621843609552,50,2,316,29488.1681658521,-10674,2
1621843609562,1621843609792,230,4,237,17710.5222380864,-6360,300
1621843609822,1621843609832,10,-1,33,578.335057699488,-1,-1
1621843610051,1621843610101,50,5,306,-1.0,-9667,164
1621843610121,1621843610191,70,6,147,3226.71536460251,-9611,289
1621843610201,1621843610391,190,8,258,15594.0046395782,-10391,63
1621843610401,1621843610421,20,1,83,6662.72684561334,-4012,140
1621843610431,1621843610451,20,0,94,6352.13543589764,-1,24
1621843610461,1621843610481,20,0,109,9779.85377271271,-6577,190
1621843610551,1621843610601,50,5,214,9090.9632744548,-13658,90
1621843610681,1621843610721,40,10,413,26821.8135441139,-16877,300
1621843610781,1621843610811,30,3,164,9519.33434607777,-8503,54
1621843610851,1621843610951,100,3,451,34270.2892975327,-26480,235
1621843611331,1621843611391,60,7,232,15098.8001696166,-7418,148
1621843611531,1621843611541,10,-1,37,3053.71306632957,-1,-1
1621843611630,1621843611730,100,6,426,35855.0062277387,-24952,195
1621843611910,1621843611930,20,5,680,39457.0823952608,-1,1
1621843612040,1621843612240,200,9,816,68505.2179377325,-75137,296
1621843612250,1621843612300,50,1,388,22283.5421615515,-33909,199
1621843612310,1621843612370,60,2,63,4279.04317458576,-1882,110
1621843612380,1621843612400,20,1,93,7647.59054508454,-1338,248
1621843612460,1621843612480,20,0,66,3738.15915884529,-1,73
1621843612690,1621843612850,160,3,282,16143.066180562,-15792,357
1621843612860,1621843612870,10,-1,57,4753.06479361398,-1,-1
1621843612880,1621843613060,180,24,570,44776.7257099053,-32442,196
1621843613080,1621843613110,30,0,43,843.834292283737,-95,336
1621843613130,1621843613140,10,-1,31,292.736390454985,-1,-1
1621843613150,1621843613240,90,5,237,16347.3881619078,-13613,294
1621843613260,1621843613349,89,3,49,1189.3049968863,-1185,17
1621843613359,1621843613419,60,2,44,987.696365066409,-765,5
1621843613429,1621843613479,50,1,52,1340.15504421717,-336,22
1621843613499,1621843613519,20,1,77,2746.63962086933,-1,311
1621843613539,1621843613549,10,-1,32,602.680270278755,-1,-1
1621843613909,1621843613939,30,3,157,7833.89738222182,-8768,145
1621843613959,1621843614049,90,3,56,2035.82006123355,-1476,232
1621843614239,1621843614299,60,1,263,12112.8482655949,-11462,119
1621843614449,1621843614479,30,1,96,5886.80669056394,-1399,317
1621843614659,1621843614679,20,0,58,3023.45653529418,-1,85
1621843614859,1621843614889,30,0,103,9741.6574699155,-5503,276
1621843614899,1621843614929,30,2,131,7265.51544736899,-5863,67
1621843614949,1621843614989,40,4,491,44410.9236138156,-37312,67
1621843614998,1621843615108,109,1,330,29382.0626631953,-22054,338
1621843615238,1621843615478,240,22,798,55289.3618811899,-42993,300
1621843615488,1621843615558,70,6,125,3696.43811286437,-1,130
1621843615648,1621843615658,10,-1,39,-1.0,-1,-1
1621843615668,1621843615768,100,4,66,1734.36882373397,-1794,256
1621843616268,1621843616288,20,8,670,-1.0,-32232,173
1621843616298,1621843616388,90,38,1432,130241.594463229,-125961,141
1621843616677,1621843616707,30,8,501,-1.0,-16935,140
1621843617247,1621843617617,370,14,456,27100.5628816133,-23708,301
1621843617657,1621843617667,10,-1,33,2138.30173948166,-1,-1
1621843617687,1621843617867,180,6,326,21097.9120077952,-28201,25
1621843617877,1621843617887,10,-1,55,4619.50415825252,-1,-1
1621843617897,1621843617987,90,2,101,6063.77915206394,-5219,211
1621843617997,1621843618057,60,2,51,1845.47487265882,-282,143
1621843618067,1621843618167,100,6,969,82466.2265090651,-43977,101
1621843618187,1621843618606,419,7,1194,89383.9234765122,-111685,146
1621843618826,1621843619146,320,37,1690,113869.252599834,-103326,217
1621843619156,1621843619166,10,-1,56,3673.43830356451,-1,-1
1621843619296,1621843619346,50,4,119,27.0389342795028,-3349,61
1621843619366,1621843619606,240,8,1099,106525.256303768,-78616,199
1621843619616,1621843619706,90,5,448,32019.2647872043,-17831,47
1621843619726,1621843619766,40,4,244,12643.0393000197,-4999,171
1621843619866,1621843619906,40,6,321,23678.4172915212,-22977,21
1621843619916,1621843620105,189,5,406,32800.8570961477,-24276,273
1621843620125,1621843620155,30,2,221,10053.4640493963,-1,250
1621843620165,1621843620275,110,10,431,34100.5596194382,-28530,204
1621843620285,1621843620325,40,2,335,26882.9048760692,-15829,66
1621843620475,1621843620515,40,6,743,57538.5309942936,-60777,206
1621843620525,1621843620535,10,-1,57,4942.56721087653,-1,-1
1621843620545,1621843620555,10,-1,45,1993.11359692368,-1,-1
1621843620645,1621843620665,20,0,43,2905.60132223381,-268,122
1621843620685,1621843620695,10,-1,56,3314.7394995756,-1,-1
1621843620705,1621843620715,10,-1,39,1416.85895866005,-1,-1
1621843620745,1621843620775,30,2,139,7595.07553945203,-6140,300
1621843620895,1621843620965,70,7,290,24094.4597383132,-20629,40
1621843621135,1621843621205,70,7,336,26154.0592630951,-26410,202
1621843621235,1621843621315,80,3,1254,114003.561524007,-104697,65
1621843621325,1621843621365,40,3,495,21820.0335738343,-6539,233
1621843621375,1621843621435,60,11,418,18754.1085467966,-20324,291
1621843621455,1621843621465,10,-1,72,5801.19031491546,-1,-1
1621843621475,1621843621485,10,-1,73,6660.82391001505,-1,-1
1621843621575,1621843621615,40,1,58,1776.99938074718,-2149,81
1621843621834,1621843621944,110,6,223,9300.26539242445,-10556,96
1621843622034,1621843622094,60,2,590,43338.943418299,-41367,283
1621843622104,1621843622114,10,-1,191,17851.34541438,-1,-1
1621843622124,1621843622244,120,4,407,19061.5841231068,-14988,303
1621843622254,1621843622274,20,1,85,5680.28050006839,-3134,286
1621843622284,1621843622334,50,2,83,2467.84459313476,-41,1
1621843622344,1621843622464,120,4,298,21371.6404660419,-25220,70
1621843622584,1621843622704,120,2,311,20895.942486282,-18926,183
1621843622714,1621843622734,20,0,69,6408.32834081293,-1056,3
1621843622744,1621843622774,30,1,65,2303.13233560079,-1548,324
1621843622784,1621843622814,30,1,81,3294.7158923977,-4569,306
1621843622844,1621843623044,200,14,486,31612.8053458323,-17718,327
1621843623174,1621843623384,210,25,467,17711.8922596064,-19662,60
1621843623433,1621843623483,50,2,52,2067.25080778151,-1118,109
1621843623493,1621843623503,10,-1,69,4306.45538341605,-1,-1
1621843623703,1621843623723,20,3,1077,19822.3530256708,-1,178
1621843623833,1621843624003,170,14,1397,123353.712531362,-126204,112
1621843624013,1621843624083,70,2,329,29033.7123831755,-22509,308
1621843624113,1621843624143,30,0,41,1427.73561463644,-97,290
1621843624223,1621843624253,30,0,69,6287.41468097002,-3331,42
1621843624353,1621843624363,10,-1,85,-1.0,-1,-1
1621843624373,1621843624383,10,-1,86,6542.15610729561,-1,-1
1621843624413,1621843624423,10,-1,33,620.911912020591,-1,-1
1621843624483,1621843624493,10,-1,30,1709.37636886937,-1,-1
1621843624623,1621843624653,30,3,183,12796.0455728553,-6413,102
1621843624673,1621843624703,30,3,186,8638.16723816763,-11635,93
1621843625053,1621843625122,69,4,206,9506.58837874896,-16754,54
1621843625212,1621843625362,150,8,1056,60079.0978258742,-51568,272
1621843625542,1621843625592,50,6,192,9357.38666016721,-8911,101
1621843625822,1621843625902,80,9,349,18832.0780229515,-14079,195
1621843626102,1621843626162,60,11,340,15738.1635838236,-13899,279
1621843626242,1621843626382,140,1,564,38141.4312211687,-18434,178
1621843626472,1621843626482,10,-1,41,3499.2595532894,-1,-1
1621843626492,1621843626542,50,2,79,5037.98875593262,-2527,354
1621843626642,1621843626682,40,10,1137,-1.0,-66349,346
1621843626692,1621843626961,269,4,1885,176799.373610573,-171716,92
1621843627061,1621843627111,50,4,180,7374.44304026643,-5376,326
1621843627121,1621843627151,30,1,54,2627.34997639906,-1875,13
1621843627361,1621843627481,120,3,108,7611.12996158143,-1680,162
1621843627491,1621843627551,60,8,398,22786.4893774733,-21166,27
1621843627591,1621843627611,20,0,48,3198.06883247927,-1,90
1621843627621,1621843627631,10,-1,46,2780.47656197941,-1,-1
1621843627701,1621843627791,90,5,658,48638.278936422,-56040,191
1621843628141,1621843628171,30,4,461,-1.0,-24598,298
1621843628191,1621843628211,20,0,37,2286.42023923389,-1,100
1621843628251,1621843628311,60,8,311,21914.6613113706,-14843,245
1621843628540,1621843628560,20,0,49,2143.67128071188,-1,299
1621843628720,1621843628770,50,12,519,33813.0629356618,-27669,349
1621843628780,1621843628820,40,1,66,4551.91000001054,-2692,227
1621843628840,1621843628850,10,-1,35,1160.20009445628,-1,-1
1621843628870,1621843628890,20,0,52,4795.06335286254,-1610,258
1621843628910,1621843628950,40,3,369,32103.1122009865,-25087,70
1621843628980,1621843629010,30,3,145,10218.3250829787,-3870,245
1621843629070,1621843629090,20,2,130,7975.87528264348,-1,79
1621843629100,1621843629120,20,0,36,637.391548554341,-1,206
1621843629190,1621843629210,20,0,52,2115.19746682171,-1,90
1621843629330,1621843629370,40,3,96,4105.02072856797,-4411,260
1621843629410,1621843629420,10,-1,39,2529.81905075339,-1,-1
1621843629610,1621843629630,20,2,107,9188.39339796732,-254,71
1621843629660,1621843629720,60,7,283,23370.4300876532,-17845,330
1621843629740,1621843629770,30,0,46,1914.63061729144,-1,180
1621843629780,1621843629860,80,2,255,17258.4930050586,-4660,102
1621843629870,1621843629920,50,2,287,26119.5069217245,-21422,234
1621843630010,1621843630040,30,10,1006,-1.0,-50085,239
1621843630199,1621843630249,50,7,278,15950.2547335013,-10740,173
1621843630329,1621843630399,70,2,178,8739.34919520505,-11198,88
1621843630489,1621843630569,80,12,434,30367.7349544843,-12375,356
1621843630579,1621843630589,10,-1,74,5221.48916923027,-1,-1
1621843630609,1621843630629,20,0,50,3906.81294556861,-1,75
1621843630729,1621843630749,20,0,121,8108.37195497786,-1,78
1621843630759,1621843630769,10,-1,163,14880.1435410519,-1,-1
1621843630779,1621843630789,10,-1,189,16966.0210140637,-1,-1
1621843630909,1621843630929,20,3,493,-1.0,-34974,320
1621843630939,1621843631149,210,15,271,17121.9197762469,-14303,151
1621843631159,1621843631339,180,7,221,10088.3975103597,-14158,203
1621843631349,1621843631399,50,4,250,22199.7689986499,-12864,331
1621843631539,1621843631569,30,2,117,6983.86022145584,-5718,156
1621843631659,1621843631669,10,-1,45,3058.16388155586,-1,-1
1621843631699,1621843631719,20,1,63,4689.57899694921,-1383,280
1621843631918,1621843632178,260,22,831,40843.4741425279,-66852,151
1621843631918,1621843632178,260,22,831,40843.4741425279,-66852,151
1621843632188,1621843632208,20,0,35,619.828533687564,-1,20
1621843632378,1621843632478,100,9,299,12665.3202664835,-16149,229
1621843632508,1621843632538,30,1,66,2915.79315657199,-1774,120
1621843632548,1621843632568,20,1,70,4576.58474383327,-679,307
1621843632598,1621843632678,80,0,235,8973.69408637938,-18981,72
1621843632738,1621843632768,30,3,198,14582.1189842764,-1,76
1621843632858,1621843632928,70,7,245,21358.4877758566,-19868,248
1621843632978,1621843632998,20,0,51,3814.40063842789,-1813,113
1621843633018,1621843633038,20,0,50,4521.35962145884,-555,112
1621843633048,1621843633058,10,-1,103,8518.87569516372,-1,-1
1621843633108,1621843633128,20,0,129,11651.8524964529,-8732,343
1621843633228,1621843633298,70,2,270,15387.9909997886,-17682,261
1621843633388,1621843633527,139,2,138,7492.84107851421,-7748,61
1621843633537,1621843633577,40,2,128,10274.1384300333,-7641,144
1621843633587,1621843633747,160,10,238,18757.6393509058,-14399,63
1621843633777,1621843633907,130,3,298,15998.3635004623,-15732,272
1621843633977,1621843634057,80,3,284,17321.4050193497,-9356,82
1621843634087,1621843634167,80,1,567,37060.6625249107,-20683,271
1621843634287,1621843634447,160,3,269,15592.0919792815,-9500,71
1621843634887,1621843634897,10,-1,40,1589.65515037438,-1,-1
1621843634907,1621843634937,30,2,148,12679.816465514,-6562,112
1621843634947,1621843635007,60,1,271,12539.81296061,-6497,201
1621843635166,1621843635386,220,4,1367,97912.0516663563,-80533,17
1621843636186,1621843636196,10,-1,30,1769.85925015682,-1,-1
1621843636546,1621843636566,20,0,48,2882.66496696855,-61,194
1621843637335,1621843637455,120,2,730,54636.2993782668,-22161,1
1621843637935,1621843637945,10,-1,43,1960.50624801667,-1,-1
1621843637985,1621843638155,170,12,159,5978.86014646716,-9204,238
1621843638165,1621843638185,20,2,119,9589.50907336577,-2696,184
1621843638195,1621843638245,50,4,336,17157.0506872132,-1251,124
1621843638255,1621843638355,100,10,406,40686.4614014373,-15652,0
1621843638425,1621843638435,10,-1,36,1134.98426973853,-1,-1
1621843638455,1621843638465,10,-1,38,834.577344834053,-1,-1
1621843638514,1621843638544,29,0,65,3788.44805425215,-2478,276
1621843638614,1621843638644,30,1,57,5272.43087386173,-1123,275
1621843638724,1621843638774,50,2,50,1650.0582483489,-161,126
1621843638794,1621843638864,70,2,219,15296.5962576651,-15874,271
1621843638874,1621843638904,30,1,100,8692.05447938873,-4653,133
1621843638944,1621843638964,20,1,79,4355.35376080578,-1,309
1621843638974,1621843639004,30,1,250,24501.7085841897,-18843,118
1621843639014,1621843639134,120,0,337,23233.6451304642,-24121,266
1621843639184,1621843639264,80,1,242,16366.0061122237,-19299,261
1621843639574,1621843639624,50,12,398,20549.0463903208,-19715,166
1621843639694,1621843639924,230,14,237,13213.1688299171,-8271,342
1621843639934,1621843639944,10,-1,41,3863.2953490155,-1,-1
1621843640034,1621843640044,10,-1,54,4993.96910181619,-1,-1
1621843640054,1621843640064,10,-1,65,4367.41275345904,-1,-1
1621843640273,1621843640293,20,0,65,4929.29214642806,-2514,303
1621843640333,1621843640353,20,0,47,3613.31901972231,-1,111
1621843640393,1621843640403,10,-1,69,4351.92646059528,-1,-1
1621843640413,1621843640433,20,0,54,3261.95452135567,-1502,120
1621843640443,1621843640463,20,0,41,2291.43103435608,-1,309
1621843640823,1621843640843,20,4,578,36097.3475987303,-1,356
1621843640993,1621843641143,150,16,919,6565.15478355557,-78830,239
1621843641293,1621843641403,110,4,1163,58941.9889402485,-94825,252
1621843641453,1621843641493,40,1,71,3189.69137873624,-2925,285
1621843641503,1621843641593,90,10,246,11302.9458972707,-9352,313
1621843641683,1621843641703,20,0,40,670.881593404596,-1,66
1621843641713,1621843641773,60,8,340,25061.4996692037,-29185,279
1621843641793,1621843641813,20,0,40,3553.43986229238,-1,90
1621843641823,1621843641902,79,1,220,18458.4844093587,-3272,90
1621843641912,1621843641942,30,6,430,32207.0567351389,-3746,284
1621843642032,1621843642292,260,9,146,10156.109302915,-8722,129
1621843642352,1621843642362,10,-1,39,2124.20319259691,-1,-1
1621843642382,1621843642482,100,19,661,32122.8499023231,-31403,358
1621843642502,1621843642742,240,12,598,31257.2067508658,-36118,149
1621843642752,1621843642772,20,0,37,1518.64054687201,-276,147
1621843642822,1621843642832,10,-1,33,630.392365923433,-1,-1
1621843642852,1621843642902,50,6,251,14989.7690186619,-17470,21
1621843642912,1621843642922,10,-1,47,2582.42154519593,-1,-1
1621843642932,1621843642962,30,1,51,1360.68149637764,-367,215
1621843642992,1621843643042,50,1,124,9597.13493995768,-9335,197
1621843643052,1621843643192,140,11,499,27307.9468771579,-31972,344
1621843643222,1621843643352,130,13,478,39880.2886578087,-21379,337
1621843643372,1621843643382,10,-1,31,943.634209434944,-1,-1
1621843643442,1621843643462,20,1,72,2847.31267534901,-1,146
1621843643472,1621843643482,10,-1,126,10465.5882727542,-1,-1
1621843643492,1621843643522,30,2,271,26493.7067340633,-17968,128
1621843643532,1621843643651,119,14,329,32084.5360729903,-22986,138
1621843643661,1621843643681,20,0,51,2049.06899065084,-1,127
1621843643691,1621843643761,70,1,83,5436.9224658143,-3030,252
1621843643771,1621843643791,20,0,41,2395.02521826782,-260,317
1621843643981,1621843643991,10,-1,173,-1.0,-1,-1
1621843644001,1621843644041,40,3,118,6549.46683756535,-2881,312
1621843644051,1621843644121,70,2,255,24726.165909667,-16721,334
1621843644131,1621843644171,40,1,128,7556.67217728134,-7912,296
1621843644181,1621843644281,100,23,504,25541.6205495673,-23589,329
1621843644301,1621843644331,30,0,32,1070.00511063516,-1,198
1621843644351,1621843644361,10,-1,30,386.806438575811,-1,-1
1621843644431,1621843644461,30,1,76,5170.96255434173,-4198,352
1621843644511,1621843644531,20,0,45,1728.47826929149,-590,100
1621843644751,1621843644811,60,11,291,10942.8691117842,-14607,316
1621843644851,1621843644901,50,1,83,7570.75190018678,-3935,110
1621843645001,1621843645011,10,-1,39,2088.78558854441,-1,-1
1621843645021,1621843645031,10,-1,33,990.260330445514,-1,-1
1621843645121,1621843645161,40,3,690,-1.0,-54182,185
1621843645270,1621843645380,110,25,389,23375.7167146749,-14373,108
1621843645400,1621843645450,50,3,148,11049.3536968883,-7971,288
1621843645460,1621843645510,50,3,122,10723.8699292258,-2689,296
1621843645520,1621843645570,50,8,259,13488.1803050731,-9862,78
1621843645700,1621843645790,90,21,762,32127.8403387284,-49417,281
1621843645800,1621843645900,100,4,93,4382.7771964652,-4966,118
1621843645910,1621843645920,10,-1,45,2379.32016196441,-1,-1
1621843645930,1621843645950,20,1,89,6281.38322919281,-555,96
1621843645970,1621843646020,50,1,45,1963.67872342829,-569,109
1621843646040,1621843646060,20,0,41,1501.9268520562,-517,90
1621843646070,1621843646090,20,1,75,5114.30821901233,-1058,97
1621843646100,1621843646110,10,-1,38,1972.10557948335,-1,-1
1621843646130,1621843646190,60,16,622,37470.6089041707,-36355,276
1621843646240,1621843646390,150,7,73,3683.87054749519,-2568,114
1621843646400,1621843646440,40,6,259,14176.4418949641,-14769,328
1621843646660,1621843646680,20,0,62,4181.05165189998,-1,205
1621843646850,1621843647089,239,13,846,44885.7763055907,-47046,326
1621843647119,1621843647139,20,0,39,496.278364421861,-1,172
1621843647149,1621843647209,60,12,493,26894.8735468605,-22024,52
1621843647259,1621843647289,30,1,51,1183.34645306675,-1949,199
1621843647309,1621843647369,60,1,42,521.962296933481,-257,147
1621843647379,1621843647409,30,1,51,1275.05366685437,-1453,119
1621843647519,1621843647539,20,1,564,-1.0,-50030,233
1621843647619,1621843647729,110,3,42,1201.03132228737,-916,282
1621843647739,1621843647789,50,4,184,12234.2258149282,-8799,160
1621843647899,1621843647969,70,19,531,25052.1514060311,-16588,201
1621843648039,1621843648049,10,-1,37,1028.58700440717,-1,-1
1621843648239,1621843648289,50,3,142,5549.66743061999,-8652,237
1621843648439,1621843648519,80,19,528,24753.6365828366,-17876,294
1621843648648,1621843648658,10,-1,31,180.417547627066,-1,-1
1621843648748,1621843648758,10,-1,30,139.746979993609,-1,-1
1621843648848,1621843648858,10,-1,35,1324.20797583788,-1,-1
1621843648868,1621843649238,370,9,811,28716.0189540487,-36439,30
1621843649658,1621843649678,20,0,59,4571.20563609507,-1,170
1621843650687,1621843650707,20,1,161,11321.691986495,-1,79
1621843650797,1621843650857,60,16,436,2881.91119112408,-15420,148
1621843650867,1621843650977,110,9,130,4601.67471849194,-2095,352
1621843651137,1621843651157,20,1,56,240.753048262025,-1,261
1621843651177,1621843651247,70,3,93,5761.01090599441,-4466,289
1621843651337,1621843651377,40,7,288,15042.1658611953,-14640,213
1621843651497,1621843651617,120,8,348,24969.8758286,-23600,348
1621843651627,1621843651687,60,3,101,5735.70573884629,-5256,247
1621843651787,1621843651797,10,-1,35,702.332127711667,-1,-1
1621843651946,1621843652006,59,8,311,15623.5236632361,-17248,254
1621843652186,1621843652216,30,3,192,10063.2621558015,-9170,210
1621843652456,1621843652536,80,6,155,6778.519490317,-8270,81
1621843652656,1621843652686,30,2,109,4150.06054847195,-4744,66
1621843652696,1621843652726,30,9,1332,86032.5825784937,-1,8
1621843653166,1621843653256,90,3,790,18032.6047316389,-44754,173
1621843653316,1621843653346,30,0,54,3230.30083518743,-1843,55
1621843653356,1621843653396,40,3,123,5002.8026209968,-5717,327
1621843653645,1621843653745,99,3,137,5813.39792452496,-8215,347
1621843654015,1621843654035,20,0,33,1962.71873388104,-1,126
1621843654165,1621843654285,120,8,112,4737.92948152011,-1756,260
1621843654295,1621843654755,460,33,1370,70241.2192304192,-61003,76
1621843654805,1621843654945,140,21,898,63660.2402075391,-9646,253
1621843655065,1621843655255,190,14,1349,7739.06995030356,-62748,185
1621843655275,1621843655344,69,9,324,15598.8735769844,-16351,253
1621843655744,1621843655774,30,0,61,3695.17280971971,-2000,270
1621843655884,1621843655924,40,2,223,2977.73501941257,-14552,310
1621843656024,1621843656044,20,0,66,4687.9710053647,-1,283
1621843656084,1621843656144,60,14,389,16248.0424898369,-18620,267
1621843656274,1621843656324,50,3,110,6258.05696901347,-5102,195
1621843656854,1621843656874,20,0,47,2209.10022933938,-1139,278
1621843656884,1621843656904,20,23,2092,113324.812764383,-1,16
1621843657013,1621843657093,80,1,370,18835.6944908726,-27820,181
1621843657383,1621843657393,10,-1,43,2386.79985814113,-1,-1
1621843657413,1621843657423,10,-1,33,2256.47905915899,-1,-1
1621843657593,1621843657633,40,5,246,14812.3782854883,-11980,27
1621843657853,1621843657903,50,11,426,21824.9240612063,-20272,173
1621843657953,1621843657973,20,0,51,3686.73933200665,-1,240
1621843658083,1621843658093,10,-1,35,1567.79188464841,-1,-1
1621843658113,1621843658123,10,-1,36,1091.48153435022,-1,-1
1621843658163,1621843658173,10,-1,62,5463.61696897611,-1,-1
1621843658263,1621843658303,40,11,983,-1.0,-56070,213
1621843658333,1621843658393,60,0,314,19273.1496672784,-24360,263
1621843658403,1621843658663,260,17,431,25601.8216436707,-13809,38
1621843658902,1621843658972,70,21,626,28463.2512109052,-23401,258
1621843659072,1621843659112,40,5,231,12062.386395362,-13003,168
1621843659252,1621843659272,20,0,36,1243.62828472109,-109,29
1621843659282,1621843659502,220,16,441,21483.2730001414,-15956,179
1621843659512,1621843659582,70,8,288,15410.0241327047,-12680,309
1621843659632,1621843659672,40,1,45,1210.74108224378,-1086,73
1621843659702,1621843659712,10,-1,30,200.498955898264,-1,-1
1621843660701,1621843660721,20,2,264,14415.8779141184,-1,347
1621843660811,1621843661011,200,10,701,1129.8570079153,-34113,249
1621843661021,1621843661031,10,-1,35,1596.3302734928,-1,-1
1621843661071,1621843661221,150,7,67,1799.36678081174,-1081,315
1621843661311,1621843661431,120,5,60,1088.84238020919,-1353,133
1621843661951,1621843661981,30,1,75,4565.88279888649,-3675,191
1621843662770,1621843662800,30,2,123,7974.07131699412,-6816,2
1621843663410,1621843663470,60,2,42,1846.03508068369,-267,162
1621843663600,1621843663610,10,-1,45,3276.55241391904,-1,-1
1621843663620,1621843663779,159,0,463,25736.8507407052,-14252,210
1621843663819,1621843663829,10,-1,38,3053.01908614901,-1,-1
1621843663839,1621843663859,20,1,51,2454.02673737438,-415,101
1621843664189,1621843664229,40,0,30,1687.31398812616,-5,275
1621843664239,1621843664259,20,0,37,1347.21795068978,-194,310
1621843664759,1621843664789,30,3,157,7810.27910740481,-5929,25
1621843664979,1621843664989,10,-1,33,720.236656238735,-1,-1
1621843665019,1621843665059,40,1,34,241.843232590876,-21,272
1621843665069,1621843665239,170,7,1104,50374.6430543127,-2239,183
1621843665388,1621843665638,250,14,294,8266.48099066404,-16184,40
1621843665838,1621843665858,20,0,147,12054.096444923,-11712,243
1621843665878,1621843665888,10,-1,32,3222.33539620842,-1,-1
1621843665968,1621843666048,80,24,637,32417.6947221255,-21388,276
1621843666238,1621843666278,40,4,167,8169.95680748727,-9581,262
1621843666288,1621843666308,20,0,50,2950.15126976462,-559,261
1621843666338,1621843666358,20,0,49,4171.62960735425,-1173,93
1621843666458,1621843666468,10,-1,33,3150.59111576055,-1,-1
1621843666618,1621843666628,10,-1,59,3974.59537627952,-1,-1
1621843666988,1621843667008,20,10,1876,136417.561164757,-1,149
1621843667107,1621843667157,50,4,861,2642.93073447413,-61447,354
1621843667237,1621843667247,10,-1,36,2304.62300910742,-1,-1
1621843667267,1621843667287,20,0,54,2536.5500194344,-1016,257
1621843667417,1621843667467,50,8,335,16181.5845579707,-13880,106
1621843667497,1621843667507,10,-1,30,1425.47464040178,-1,-1
1621843667547,1621843667577,30,1,83,5033.22193363935,-4533,266
1621843667587,1621843667597,10,-1,31,1123.51675020102,-1,-1
1621843667737,1621843667767,30,2,112,6934.87518934872,-5501,37
1621843667927,1621843667977,50,10,397,21483.0841518146,-17755,177
1621843668127,1621843668207,80,28,578,44260.3028403029,-23644,290
1621843668437,1621843668487,50,6,243,13187.4117177107,-12264,347
1621843669126,1621843669136,10,-1,34,1118.94704805424,-1,-1
1621843669146,1621843669156,10,-1,89,7699.79087044845,-1,-1
1621843669246,1621843669276,30,2,349,-1.0,-22579,182
1621843669406,1621843669416,10,-1,34,882.589841566926,-1,-1
1621843669526,1621843669536,10,-1,33,1627.12322062663,-1,-1
1621843669546,1621843669586,40,8,330,19550.4286522883,-18686,142
1621843669606,1621843669616,10,-1,31,2050.37427306254,-1,-1
1621843669666,1621843669696,30,1,51,1594.47938706311,-466,313
1621843669976,1621843670026,50,10,483,31127.4384214797,-33109,7
1621843670196,1621843670356,160,23,684,41630.4609528875,-34778,250
1621843670376,1621843670455,79,3,55,1498.46377913422,-1779,119
1621843670465,1621843670475,10,-1,34,1157.46448825343,-1,-1
1621843670685,1621843670745,60,3,92,3302.3489238577,-3535,264
1621843670795,1621843670885,90,6,1664,147149.659202025,-26776,37
1621843670985,1621843671095,110,6,470,28560.0124919493,-36520,40
1621843671135,1621843671165,30,1,64,2256.76709123069,-809,263
1621843671195,1621843671295,100,11,159,5044.29658706507,-4172,60
1621843671325,1621843671455,130,11,190,7355.23008831714,-6327,247
1621843671465,1621843671995,530,14,905,49779.9606197521,-17901,163
1621843672544,1621843672684,140,9,810,24412.1232765709,-62717,270
1621843672714,1621843672834,120,5,264,16577.3795764354,-18884,101
1621843672894,1621843672964,70,10,397,18039.0019146637,-21865,347
1621843672984,1621843672994,10,-1,36,1431.31465294676,-1,-1
1621843673004,1621843673154,150,18,473,28609.3548141511,-18687,256
1621843673164,1621843673194,30,0,33,1231.81220396023,-1,167
1621843673254,1621843673284,30,0,44,1444.47625429147,-320,122
1621843673304,1621843673334,30,1,51,1828.86836472216,-743,117
1621843673454,1621843673574,120,3,155,12377.7058840261,-1,230
1621843673644,1621843673654,10,-1,32,942.085952333396,-1,-1
1621843673744,1621843673764,20,0,43,2902.0081336885,-1,85
1621843673873,1621843673923,50,2,66,4423.61817958587,-2715,289
1621843673963,1621843673973,10,-1,31,2641.88737752543,-1,-1
1621843673983,1621843674023,40,1,90,4274.47550994863,-5266,270
1621843674113,1621843674173,60,9,272,691.515455843552,-12175,192
1621843674183,1621843674203,20,0,49,2670.36035560298,-1,90
1621843674423,1621843674463,40,4,173,10710.2113991146,-9935,351
1621843674543,1621843674553,10,-1,31,2388.72697239537,-1,-1
1621843674613,1621843674633,20,0,41,2226.08856033674,-932,100
1621843674653,1621843674673,20,0,39,1590.73721850844,-179,172
1621843674833,1621843674873,40,1,45,1127.04964778334,-697,202
1621843675163,1621843675193,30,0,256,493.925002718894,-21696,101
1621843675213,1621843675223,10,-1,33,766.082559990739,-1,-1
1621843675323,1621843675413,90,13,488,27867.0546242974,-21749,142
1621843675473,1621843675562,89,3,40,1328.8361915281,-558,292
1621843675572,1621843675612,40,1,47,1445.063184706,-1262,291
1621843675642,1621843675652,10,-1,38,982.198824150514,-1,-1
1621843675692,1621843675742,50,5,203,11695.2941067135,-9634,228
1621843675852,1621843675922,70,21,603,44683.9869515181,-19684,270
1621843675982,1621843676002,20,0,35,482.651523396983,-1,90
1621843676032,1621843676382,350,6,712,35708.3691838952,-32852,152
1621843676392,1621843676462,70,4,190,11425.3938062045,-11218,327
1621843676482,1621843676502,20,1,90,6490.04558071897,-1,102
1621843676522,1621843676542,20,1,148,8325.28473700462,-1,103
1621843676692,1621843676712,20,0,74,4063.77271918315,-1,111
1621843676762,1621843676822,60,1,101,8494.53926396744,-3251,258
1621843676862,1621843676892,30,2,115,6578.78902755936,-7690,158
1621843677012,1621843677062,50,5,252,17521.502496164,-2514,7
1621843677221,1621843677241,20,1,105,6054.41776332589,-1,86
1621843677251,1621843677261,10,-1,33,885.132832324273,-1,-1
1621843677271,1621843677281,10,-1,34,1794.22152372297,-1,-1
1621843677361,1621843677411,50,12,502,30141.4664261804,-33061,143
1621843677491,1621843677501,10,-1,32,371.97504405341,-1,-1
1621843677541,1621843677551,10,-1,30,567.088751292326,-1,-1
1621843677691,1621843677721,30,2,117,7044.81149351614,-6223,342
1621843677831,1621843677881,50,6,202,10389.8703866488,-7682,188
1621843678101,1621843678131,30,0,34,306.781813911181,-1,17
1621843678151,1621843678171,20,0,32,457.000968300702,-1,351
1621843678331,1621843678361,30,2,122,7428.63659789479,-2852,81
1621843678581,1621843678611,30,2,139,9604.47186100613,-8504,275
1621843678930,1621843679070,140,2,1522,68346.5454961897,-108469,60
1621843679210,1621843679240,30,1,98,5228.23262090167,-2204,332
1621843679350,1621843679380,30,1,61,2530.34947681165,-1475,119
1621843679410,1621843679440,30,1,79,3419.97582839788,-4223,112
1621843679470,1621843679480,10,-1,36,802.084807667085,-1,-1
1621843679490,1621843679520,30,3,155,8390.24226928032,-5482,80
1621843679590,1621843679640,50,1,54,1322.21575986671,-1280,266
1621843679870,1621843679910,40,5,256,12404.8856594256,-11197,149
1621843680060,1621843680070,10,-1,39,-1.0,-1,-1
1621843680190,1621843680220,30,2,108,5494.76463055852,-5069,272
1621843680380,1621843680390,10,-1,166,16162.7050536982,-1,-1
1621843680480,1621843680519,39,5,333,19090.3182740878,-13593,288
1621843680679,1621843680729,50,8,219,11062.6622635401,-7292,320
1621843681009,1621843681019,10,-1,31,920.468077551172,-1,-1
1621843681049,1621843681089,40,0,62,3886.61838207193,-654,135
1621843681109,1621843681149,40,3,137,7584.41611578999,-5792,9
1621843681379,1621843681389,10,-1,37,1516.98293793981,-1,-1
1621843681749,1621843681929,180,2,1121,74884.6923536217,-48956,77
1621843681999,1621843682039,40,6,197,9855.68648472316,-8866,111
1621843682198,1621843682208,10,-1,81,6057.78728257659,-1,-1
1621843682578,1621843682608,30,1,71,3927.922417003,-2937,167
1621843682758,1621843682808,50,5,204,15675.3438967204,-12772,283
1621843682828,1621843682838,10,-1,49,2814.6821534474,-1,-1
1621843683068,1621843683118,50,3,121,7590.20375205315,-4092,105
1621843683278,1621843683308,30,5,276,23553.5546035992,-21921,343
1621843683917,1621843683957,40,6,266,23518.9594111053,-14003,320
1621843684077,1621843684157,80,31,624,30404.9696534327,-25809,3
1621843684167,1621843684357,190,6,338,24147.0345642076,-3416,152
1621843684447,1621843684617,170,7,236,18961.850255465,-15397,192
1621843684697,1621843684797,100,13,503,32199.3691543977,-31383,203
1621843684907,1621843684997,90,16,341,17263.0484028786,-14334,90
1621843685027,1621843685087,60,1,505,43552.0409820361,-40487,344
1621843685097,1621843685107,10,-1,45,3737.22878595525,-1,-1
1621843685157,1621843685227,70,16,527,29748.7466113615,-25086,275
1621843685606,1621843685656,50,12,423,23174.4260547064,-21189,11
1621843685696,1621843685706,10,-1,44,1620.09789926171,-1,-1
1621843685746,1621843685756,10,-1,440,42575.0944712549,-1,-1
1621843685766,1621843685776,10,-1,466,44540.9649360505,-1,-1
1621843685836,1621843685886,50,15,508,19251.6390590596,-30368,193
1621843686636,1621843686676,40,9,417,1285.60198525441,-14818,86
1621843686686,1621843686856,170,10,232,14576.408731663,-12955,343
1621843686936,1621843686956,20,0,35,1970.03546464675,-214,111
1621843686966,1621843686996,30,2,96,6631.63888634732,-3726,123
1621843687036,1621843687046,10,-1,38,2582.42552735069,-1,-1
1621843687725,1621843687755,30,5,233,14165.3934472791,-13109,298
1621843687815,1621843687945,130,46,1020,63032.8574251538,-69144,311
1621843687965,1621843688175,210,20,334,15817.7097109,-23410,181
1621843688295,1621843688435,140,26,2029,153588.428760612,-183939,157
1621843688445,1621843688585,140,7,194,7759.40446205173,-13040,335
1621843688605,1621843688655,50,1,46,832.557246056849,-1079,20
1621843688755,1621843688815,60,10,452,20822.0219365129,-21997,15
1621843688994,1621843689044,50,10,530,39685.2081783666,-34408,196
1621843689094,1621843689124,30,0,41,1403.03314747411,-798,37
1621843689164,1621843689204,40,1,98,4297.66864856684,-1,7
1621843689314,1621843689444,130,4,389,13450.7596641451,-27325,7
1621843689574,1621843689824,250,19,1277,118215.536580494,-42425,298
1621843689834,1621843689864,30,0,35,565.753643123041,-187,309
1621843689924,1621843690024,100,6,331,11490.1509869296,-13757,116
1621843690044,1621843690204,160,16,461,20282.5053763031,-20440,316
1621843690214,1621843690374,160,17,585,38218.5482024548,-21675,145
1621843690384,1621843690663,279,16,173,7275.0163594283,-5194,359
1621843690384,1621843690663,279,16,173,7275.0163594283,-5194,359
1621843690703,1621843690763,60,10,335,13676.9320026736,-15380,348
1621843690793,1621843690833,40,2,121,4396.33954169016,-8433,117
1621843690843,1621843690993,150,20,1888,120047.088443782,-164988,320
1621843691063,1621843691453,390,17,692,28433.7948974523,-39086,128
1621843691543,1621843691563,20,0,48,3488.94008491319,-1177,59
1621843691603,1621843691653,50,4,134,4787.06365473522,-6627,124
1621843691793,1621843691813,20,3,209,18195.4920306357,-1,97
1621843691823,1621843691853,30,1,396,37355.7483738792,-29857,266
1621843691893,1621843691953,60,17,502,17006.1265734003,-10521,346
1621843691963,1621843691973,10,-1,150,14078.2449847449,-1,-1
1621843691983,1621843692013,30,1,58,2477.62590676541,-1195,226
1621843692023,1621843692123,100,0,552,29160.4967252126,-1960,248
1621843692322,1621843692332,10,-1,253,-1.0,-1,-1
1621843692482,1621843692602,120,0,723,51277.953771552,-44964,158
1621843692612,1621843692652,40,5,191,13289.6679219877,-7263,262
1621843692682,1621843692862,180,9,591,43841.4170957089,-52882,153
1621843693122,1621843693322,200,11,608,30659.6253085227,-43944,287
1621843693332,1621843693342,10,-1,44,3244.40184666941,-1,-1
1621843693352,1621843693362,10,-1,30,178.143407128909,-1,-1
1621843693372,1621843693432,60,2,70,4016.42555436396,-1442,302
1621843693472,1621843693542,70,11,391,21989.2511295784,-18412,143
1621843693552,1621843693572,20,0,35,1807.16902168632,-1,75
1621843693632,1621843693682,50,3,100,6187.12158774704,-4497,263
1621843693692,1621843693712,20,0,46,896.628653459389,-1,237
1621843693822,1621843693902,80,5,964,32567.3847598209,-91308,316
1621843693961,1621843694031,70,2,61,1741.84980749586,-1884,107
1621843694041,1621843694071,30,0,41,765.573759269281,-1051,97
1621843694211,1621843694281,70,7,337,17260.37329502,-16518,74
1621843694331,1621843694351,20,0,36,791.804398384785,-1,98
1621843694381,1621843694461,80,8,223,7870.05357445592,-10874,90
1621843694481,1621843694581,100,10,120,3955.38194678112,-2987,82
1621843697489,1621843697619,130,22,394,2.33330210719629,-9263,260
1621843697729,1621843697739,10,-1,32,609.519234630484,-1,-1
1621843697799,1621843697979,180,18,1641,156476.453674425,-138855,162
1621843698099,1621843698229,130,5,1375,72763.7847529382,-89684,151
1621843698279,1621843698339,60,1,396,37853.0082788946,-18546,21
1621843698639,1621843698709,70,11,736,66373.7270067037,-49883,45
1621843698719,1621843698799,80,23,801,40458.1310405121,-59855,64
1621843698809,1621843698909,100,24,1012,61416.7745964293,-48929,245
1621843698919,1621843699088,169,4,1563,118205.007150263,-64409,266
1621843699138,1621843699198,60,3,59,1383.27030014581,-1397,248
1621843699208,1621843699228,20,0,79,5233.62072625379,-2670,90
1621843699308,1621843699318,10,-1,34,1964.15050606946,-1,-1
1621843699338,1621843699398,60,8,576,53985.750153337,-31630,68
1621843699408,1621843699418,10,-1,38,861.908458736228,-1,-1
1621843699608,1621843699618,10,-1,245,-1.0,-1,-1
1621843699738,1621843699788,50,19,1046,80964.86668897,-87678,211
1621843699798,1621843699818,20,3,183,16267.5662584152,-8408,161
1621843699828,1621843700048,220,4,375,17055.071496615,-19297,70
1621843700058,1621843700218,160,9,85,3335.35679818532,-3855,152
1621843700228,1621843700268,40,6,245,17948.2889604358,-9488,352
1621843700278,1621843700288,10,-1,106,9061.58544253028,-1,-1
1621843700298,1621843700448,150,9,439,32741.3813849897,-34625,265
1621843700458,1621843700508,50,1,237,19936.8687433026,-18498,128
1621843700548,1621843700568,20,1,81,5336.7551735242,-2880,110
1621843700627,1621843700637,10,-1,69,4414.09862461669,-1,-1
1621843700647,1621843700657,10,-1,38,2116.04439863695,-1,-1
1621843700767,1621843700777,10,-1,31,1003.12477057009,-1,-1
1621843700787,1621843700947,160,12,813,49388.1800446041,-48747,143
1621843700957,1621843700977,20,0,389,35945.6221130903,-35230,104
1621843701137,1621843701147,10,-1,77,4898.58567612834,-1,-1
1621843703356,1621843703396,40,3,369,-1.0,-24992,250
1621843703446,1621843703536,90,27,1842,106233.194759344,-69001,278
1621843703796,1621843703806,10,-1,112,-1.0,-1,-1
1621843703816,1621843703916,100,3,288,15618.1011866571,-15030,272
1621843703936,1621843703956,20,1,93,6597.40139395894,-2410,351
1621843703975,1621843703995,20,0,48,3960.50654113413,-815,116
1621843704015,1621843704035,20,2,217,11201.8020238965,-1,8
1621843704045,1621843704065,20,1,175,15824.4037259699,-7529,188
1621843704115,1621843704155,40,1,140,11487.5224528977,-4396,109
1621843704195,1621843704215,20,2,219,11246.6401224331,-1,3
1621843704315,1621843704405,90,26,1268,2920.99545872921,-55263,290
1621843704565,1621843704645,80,18,961,60782.6005740779,-49752,332
1621843704655,1621843704665,10,-1,37,1936.60256296517,-1,-1
1621843705115,1621843705165,50,9,296,19011.0410664372,-10681,24
1621843705235,1621843705255,20,1,114,9142.88487942862,-8393,82
1621843705265,1621843705305,40,2,91,5983.317325525,-4881,260
1621843705485,1621843705515,30,6,339,20966.5865418858,-13642,177
1621843705525,1621843705535,10,-1,37,1227.12575984724,-1,-1
1621843705714,1621843705774,60,10,282,14322.9115727395,-14735,246
1621843705934,1621843705944,10,-1,45,3271.26557709889,-1,-1
1621843706044,1621843706124,80,16,1925,18368.8173138921,-119311,222
1621843706134,1621843706154,20,0,38,2256.48874893394,-1,106
1621843706234,1621843706244,10,-1,42,3688.50642112755,-1,-1
1621843706264,1621843706334,70,9,346,23933.0586124146,-21593,5
1621843706344,1621843706584,240,17,250,13795.6596894621,-9299,102
1621843706604,1621843706814,210,22,353,29249.6912276595,-9354,271
1621843707064,1621843707104,40,3,173,-1.0,-5469,83
1621843707134,1621843707184,50,1,125,6073.21988795204,-8353,128
1621843707194,1621843707214,20,0,43,1327.23838135017,-1,229
1621843707234,1621843707314,80,7,658,64840.7803341838,-38260,41
1621843707383,1621843707423,40,1,43,1717.84177868456,-885,238
1621843707493,1621843707533,40,10,432,29281.6855792305,-26951,307
1621843707573,1621843707583,10,-1,41,1966.97910421227,-1,-1
1621843707603,1621843707613,10,-1,36,2752.49965749487,-1,-1
1621843707733,1621843707803,70,16,1009,53165.7718807776,-87539,204
1621843707813,1621843707823,10,-1,35,773.25901482786,-1,-1
1621843708063,1621843708083,20,1,163,10422.2313665556,-1,98
1621843708183,1621843708193,10,-1,87,-1.0,-1,-1
1621843708203,1621843708223,20,0,59,3625.21239460027,-297,299
1621843708383,1621843708433,50,5,205,9569.08375504435,-9638,281
1621843708553,1621843708583,30,1,61,2082.23798571169,-769,101
1621843708793,1621843708843,50,4,172,10302.1775461792,-5165,195
1621843708893,1621843708913,20,0,50,3611.10377294862,-235,288
1621843708933,1621843708953,20,0,39,781.989035830961,-1,296
1621843708973,1621843708993,20,0,81,4359.44136132241,-1,101
1621843709013,1621843709032,19,1,98,5166.96630374965,-1,288
1621843709042,1621843709052,10,-1,136,12288.2992507351,-1,-1
1621843709152,1621843709422,270,9,525,41591.4804620585,-45122,321
1621843709432,1621843709442,10,-1,43,2019.09858770995,-1,-1
1621843709452,1621843709642,190,10,98,7309.53763417436,-4571,4
1621843709692,1621843709802,110,4,70,3993.75289465442,-2075,6
1621843709832,1621843709852,20,0,43,1495.25970522384,-456,21
1621843709952,1621843709992,40,3,152,7925.95471956577,-7597,166
1621843710042,1621843710072,30,0,39,768.207791890654,-798,82
1621843710132,1621843710352,220,23,546,34295.3347500387,-37730,200
1621843710372,1621843710412,40,1,55,2527.22739378947,-1010,33
1621843710422,1621843710452,30,1,57,2696.85452315955,-1702,38
1621843710462,1621843710472,10,-1,54,2834.4842362229,-1,-1
1621843710582,1621843710771,189,25,1801,89391.5097520365,-102685,53
1621843710781,1621843710951,170,12,238,18136.7972326348,-12482,37
1621843710991,1621843711031,40,1,43,726.960014425576,-840,58
1621843711071,1621843711081,10,-1,40,1686.06878451056,-1,-1
1621843711231,1621843711301,70,15,416,20499.4260128146,-18652,330
1621843711371,1621843711391,20,0,45,1864.49299980139,-1387,120
1621843711401,1621843711421,20,0,31,1170.2986925034,-25,125
1621843711511,1621843711531,20,1,71,4276.31776125407,-988,99
1621843711601,1621843711631,30,1,137,8146.69371646035,-1,281
1621843712111,1621843712830,719,7,1855,139169.117178616,-125386,131
1621843712860,1621843712900,40,4,350,21863.6898836259,-23819,107
1621843712910,1621843712920,10,-1,46,1693.98005153911,-1,-1
1621843712950,1621843713030,80,5,240,11814.4546147051,-1240,179
1621843713070,1621843713080,10,-1,32,472.925000444621,-1,-1
1621843713090,1621843713110,20,0,42,2327.53348978124,-1,288
1621843713130,1621843713140,10,-1,30,280.746771609529,-1,-1
1621843713150,1621843713180,30,1,88,3570.00138026896,-1,82
1621843713190,1621843713200,10,-1,87,7358.12808873015,-1,-1
1621843713210,1621843713290,80,11,370,12964.4534626004,-16236,220
1621843713300,1621843713320,20,0,51,2630.43295356168,-1797,315
1621843713340,1621843713420,80,5,391,25765.6583688214,-881,57
1621843713550,1621843713680,130,6,241,3104.03799717632,-11225,282
1621843713790,1621843713830,40,4,225,13998.6782972306,-12720,262
1621843713840,1621843713930,90,7,382,19586.1861518452,-16066,260
1621843714109,1621843714129,20,0,40,1873.62101137894,-813,73
1621843714149,1621843714219,70,15,384,14774.7157086965,-13650,255
1621843714229,1621843714239,10,-1,33,1456.50347772706,-1,-1
1621843714249,1621843714449,200,6,248,12714.6683616591,-12847,73
1621843714469,1621843714659,190,6,367,19716.0362038773,-16313,158
1621843714669,1621843714859,190,6,195,11127.6664464996,-9689,24
1621843714999,1621843715019,20,0,37,1043.86767003131,-1,262
1621843715029,1621843715299,270,11,648,28228.9192205665,-20408,356
1621843715319,1621843715329,10,-1,31,364.622793248438,-1,-1
1621843715439,1621843715519,80,5,185,11750.9556854842,-6845,212
1621843715529,1621843715559,30,0,42,1139.08756664321,-1067,165
1621843715609,1621843715619,10,-1,48,2038.12936336181,-1,-1
1621843715659,1621843715669,10,-1,33,650.90762088578,-1,-1
1621843715708,1621843715728,19,0,57,3496.03230642339,-267,270
1621843715738,1621843715778,40,3,153,10744.7058842509,-8288,155
1621843715988,1621843715998,10,-1,32,721.615551067868,-1,-1
1621843716018,1621843716088,70,17,559,32569.1857227554,-32538,301
1621843716128,1621843716188,60,1,40,1974.10567061633,-503,100
1621843716358,1621843716608,250,11,503,35164.312202614,-19193,104
1621843716618,1621843716668,50,2,75,4064.35081951159,-1750,74
1621843716688,1621843716708,20,0,32,692.357992227943,-1,9
1621843716728,1621843716768,40,1,37,940.106495509386,-358,23
1621843716788,1621843716798,10,-1,38,1606.37396058189,-1,-1
1621843717088,1621843717128,40,1,37,930.407791363071,-370,328
1621843717328,1621843717397,69,2,45,781.317866824699,-749,131
1621843717457,1621843717527,70,2,56,2569.80087087872,-1609,232
1621843717687,1621843717697,10,-1,36,1809.07546079471,-1,-1
1621843717717,1621843717727,10,-1,43,3043.30824658963,-1,-1
1621843717737,1621843717867,130,6,117,4257.75069957569,-2143,101
1621843717967,1621843718007,40,9,491,-1.0,-21322,270
1621843718037,1621843718247,210,10,74,1953.81521422927,-2354,73
1621843718257,1621843718827,570,3,400,24060.0225588372,-17212,261
1621843719096,1621843719186,89,17,518,5386.61449194483,-21019,159
1621843719216,1621843719256,40,2,115,4845.6228571269,-4500,275
1621843719376,1621843719426,50,9,302,16077.0840230895,-12502,81
1621843719436,1621843719596,160,20,229,9660.55671621436,-5745,288
1621843719606,1621843719626,20,0,31,227.143658640214,-95,39
1621843719806,1621843719816,10,-1,38,2185.1911903361,-1,-1
1621843719866,1621843719886,20,0,39,2516.05625008776,-1,101
1621843720096,1621843720116,20,0,52,3919.67575355029,-289,78
1621843720725,1621843720875,149,7,82,4303.97939649714,-2344,284
1621843721615,1621843721645,30,1,70,4274.11742654892,-3591,28
1621843723444,1621843723454,10,-1,32,1000.99836559067,-1,-1
1621843723604,1621843723644,40,1,40,1520.15420179926,-759,265
1621843723884,1621843723904,20,0,109,7126.02526260855,-1,90
1621843724014,1621843724054,40,1,580,187.278459702865,-52641,221
1621843724064,1621843724074,10,-1,30,559.825259669387,-1,-1
1621843724114,1621843724163,49,0,323,27878.0203112501,-19763,311
1621843725133,1621843725433,300,21,1206,44118.2345278522,-47774,247
1621843725463,1621843725473,10,-1,34,738.893936314643,-1,-1
1621843725493,1621843725533,40,4,159,9116.96483438608,-8334,275
1621843725623,1621843725753,130,15,416,17259.9890545158,-20491,184
1621843725763,1621843725773,10,-1,35,2293.57784397668,-1,-1
1621843725783,1621843725812,29,1,48,1750.36545981841,-1230,5
1621843725832,1621843725872,40,1,35,598.785427584867,-115,40
1621843725942,1621843725972,30,1,154,8504.53564551638,-1,90
1621843726072,1621843726112,40,6,265,1203.3802357414,-21329,10
1621843726122,1621843726312,190,8,72,5053.1391002224,-1760,158
1621843726322,1621843726372,50,4,146,9483.66599911456,-5219,176
1621843726382,1621843726402,20,0,44,2271.60541694018,-1344,113
1621843726462,1621843726472,10,-1,35,1393.41082148611,-1,-1
1621843726482,1621843726582,100,17,541,18587.9595117757,-25226,252
1621843726592,1621843726632,40,1,59,4120.76458002154,-1377,101
1621843726712,1621843726722,10,-1,33,2852.29750932265,-1,-1
1621843726822,1621843726832,10,-1,57,-1.0,-1,-1
1621843726842,1621843726912,70,5,83,3943.32445455026,-1,69
1621843727032,1621843727082,50,0,473,2792.99123700153,-42490,270
1621843727172,1621843727192,20,0,52,3769.68568780579,-566,266
1621843727202,1621843727212,10,-1,36,1803.94239532094,-1,-1
1621843728011,1621843728041,30,1,93,4720.87736223635,-4613,219
1621843728281,1621843728341,60,12,426,17904.8089785699,-21879,165
1621843728541,1621843728761,220,4,176,14539.6228718501,-12046,296
1621843728771,1621843728781,10,-1,31,382.566690897304,-1,-1
1621843728801,1621843728811,10,-1,38,947.074267792517,-1,-1
1621843728821,1621843728851,30,0,187,16402.1960369535,-13990,6
1621843728861,1621843728871,10,-1,51,2786.11405919866,-1,-1
1621843728901,1621843728921,20,0,41,1652.74902021079,-1006,33
1621843728971,1621843728981,10,-1,35,1281.38453910836,-1,-1
1621843729350,1621843729370,20,0,41,2887.49327953928,-1,250
1621843730150,1621843730180,30,1,130,8606.13355503854,-4493,188
1621843730510,1621843730520,10,-1,44,1659.20853074487,-1,-1
1621843730590,1621843730630,40,2,84,3887.01437582631,-465,354
1621843730809,1621843730829,19,1,181,13250.9070605797,-1,97
1621843730919,1621843730969,50,14,1571,-1.0,-102191,320
1621843731609,1621843731639,30,2,121,6398.60870186755,-4665,349
1621843732089,1621843732219,130,6,415,30019.8347008424,-25496,104
1621843732259,1621843732339,80,4,65,1291.93493454144,-617,120
1621843732978,1621843732998,20,1,67,4122.78961625648,-1226,117
1621843733178,1621843733218,40,32,1179,1500.8324125627,-19055,301
1621843733338,1621843733428,90,13,436,21249.444581303,-20265,238
1621843733438,1621843733468,30,1,73,4561.6397100204,-997,85
1621843733478,1621843733488,10,-1,103,8334.61567814409,-1,-1
1621843733668,1621843734138,470,29,556,36980.1388487021,-26106,25
1621843734148,1621843734227,79,2,56,1246.19055215266,-1480,131
1621843734287,1621843734307,20,0,52,2600.32601669533,-1579,248
1621843734477,1621843734527,50,2,54,2048.09137222159,-563,249
1621843734597,1621843734647,50,2,60,2814.90960659332,-1313,77
1621843734717,1621843734737,20,0,51,2880.20698620507,-1,270
1621843734747,1621843734797,50,4,158,7487.67124538624,-6341,179
1621843734807,1621843734867,60,1,44,1059.78565108124,-895,78
1621843734917,1621843734977,60,2,59,2470.67352232835,-1728,280
1621843735047,1621843735117,70,3,57,1739.53361543147,-1344,72
1621843735177,1621843735217,40,1,54,2196.88897768915,-988,266
1621843735297,1621843735347,50,1,52,1992.98303406696,-955,78
1621843735417,1621843735497,80,2,250,14223.998507737,-4754,278
1621843735737,1621843735976,239,5,524,27163.9362135324,-31609,353
1621843735986,1621843736026,40,1,64,4435.07129734698,-2658,322
1621843736046,1621843736076,30,1,55,2046.06366213381,-2405,62
1621843736086,1621843736106,20,0,36,1350.09366599059,-518,45
1621843736166,1621843736176,10,-1,31,2198.1283431733,-1,-1
1621843736206,1621843736296,90,5,288,10871.0223591786,-17637,37
1621843736336,1621843736366,30,3,186,14884.6638473083,-7842,266
1621843736386,1621843736416,30,1,51,1867.83268061458,-1139,107
1621843736486,1621843736496,10,-1,31,1041.74788962031,-1,-1
1621843736536,1621843736556,20,1,96,5873.05681683942,-1,264
1621843736566,1621843736576,10,-1,127,9861.22660003322,-1,-1
1621843736676,1621843736766,90,5,296,19356.7568006341,-16465,269
1621843736776,1621843736786,10,-1,51,2458.02765302994,-1,-1
1621843736806,1621843736816,10,-1,40,1639.07528335483,-1,-1
1621843737216,1621843737276,60,3,135,5799.44327515579,-6853,326
1621843737635,1621843737645,10,-1,69,6395.38687230425,-1,-1
1621843737655,1621843737735,80,22,424,16634.2057779181,-15228,292
1621843738055,1621843738065,10,-1,55,4812.66908546498,-1,-1
1621843738075,1621843738085,10,-1,49,3865.54685739692,-1,-1
1621843738115,1621843738325,210,20,270,17985.4284386269,-19405,112
1621843738455,1621843738465,10,-1,43,2773.75480852781,-1,-1
1621843738685,1621843738715,30,1,67,3646.92231488185,-2827,175
1621843738995,1621843739005,10,-1,30,1796.99953519269,-1,-1
1621843739025,1621843739095,70,9,595,42792.4941158686,-26079,157
1621843739224,1621843739244,20,0,143,9659.7220277823,-1,96
1621843739364,1621843739404,40,3,176,-1.0,-6776,256
1621843739644,1621843739704,60,8,260,8042.25225368323,-10925,203
1621843740434,1621843740474,40,4,195,9833.00237137453,-9149,253
1621843740604,1621843740624,20,9,1353,85094.9271667996,-1,146
1621843740734,1621843740774,40,3,197,-1.0,-7586,292
1621843740913,1621843740963,50,8,516,43367.4349371414,-21192,198
1621843741393,1621843741413,20,0,50,3429.23722819126,-623,282
1621843741633,1621843741653,20,2,112,9977.41557981007,-302,178
1621843741873,1621843742133,260,1,1727,115991.219203323,-100834,76
1621843742373,1621843742383,10,-1,34,524.76657729147,-1,-1
1621843742393,1621843742453,60,15,446,25004.8890235486,-20421,217
1621843742493,1621843742542,49,2,90,6034.7011171201,-2984,49
1621843742562,1621843742602,40,1,54,1578.88826306601,-1138,36
1621843742612,1621843742622,10,-1,41,1596.43167555231,-1,-1
1621843742632,1621843742642,10,-1,38,2128.99140534865,-1,-1
1621843742662,1621843742692,30,0,75,3348.34795207519,-1,66
1621843742702,1621843742712,10,-1,39,1728.16435315449,-1,-1
1621843742732,1621843742772,40,11,453,32150.9820026619,-15476,276
1621843742882,1621843742902,20,0,61,1720.82625495522,-1,102
1621843742912,1621843742942,30,5,221,12651.7682032718,-5410,41
1621843742972,1621843743012,40,4,337,22027.1786183622,-29416,215
1621843743052,1621843743122,70,6,396,25621.0739413971,-22246,15
1621843743262,1621843743362,100,5,903,83202.4694467942,-83542,290
1621843743572,1621843743612,40,3,160,10927.1060439238,-5911,100
1621843743732,1621843743922,190,2,278,24460.5164645973,-11200,107
1621843743932,1621843743982,50,5,194,10903.8883304812,-9344,148
1621843744261,1621843744301,40,6,254,15308.73572333,-10448,340
1621843744311,1621843744321,10,-1,34,2675.40480013077,-1,-1
1621843744611,1621843744631,20,0,61,2788.32031556916,-1,141
1621843744641,1621843744661,20,1,144,12025.3905928955,-5752,104
1621843744791,1621843744931,140,5,806,28496.99624305,-36695,112
1621843745001,1621843745021,20,0,32,1429.10040177716,-99,96
1621843745041,1621843745081,40,1,142,9545.86776281527,-10778,101
1621843745101,1621843745121,20,0,58,3189.23201261005,-1182,282
1621843745171,1621843745231,60,11,333,20324.6189899282,-12341,95
1621843745461,1621843745511,50,10,596,52916.5078268922,-32622,51
1621843745591,1621843745611,20,0,34,923.362307133729,-196,293
1621843745890,1621843745920,29,4,247,16200.2592743964,-8609,126
1621843746070,1621843746090,20,1,144,10041.7146084406,-1,50
1621843746190,1621843746220,30,1,142,-1.0,-8256,309
1621843746230,1621843746240,10,-1,35,795.619668676416,-1,-1
1621843746350,1621843746390,40,4,178,10853.5257923007,-7974,180
1621843746610,1621843746650,40,6,326,27086.7597923461,-26358,315
1621843746970,1621843747010,40,4,197,12234.4181720221,-8824,184
1621843747110,1621843747190,80,13,872,43969.1912943871,-83126,259
1621843747579,1621843747639,60,8,309,23447.3182651384,-21004,59
1621843747719,1621843747739,20,12,1219,60879.0043860391,-1,139
1621843747829,1621843747899,70,13,1464,-1.0,-87795,233
1621843747929,1621843747939,10,-1,34,1338.92453900296,-1,-1
1621843748149,1621843748159,10,-1,49,2940.51266152572,-1,-1
1621843748229,1621843748269,40,5,200,11490.0379302761,-10815,7
1621843748399,1621843748409,10,-1,30,523.094053387635,-1,-1
1621843748669,1621843748699,30,3,180,12959.5826091405,-13526,153
1621843748979,1621843749029,50,6,820,55363.4153461271,-76859,165
1621843749398,1621843749488,90,0,1142,109903.770111246,-40314,174
1621843749628,1621843749638,10,-1,96,6914.47286090712,-1,-1
1621843749998,1621843750028,30,5,563,-1.0,-33654,59
1621843750308,1621843750318,10,-1,35,1547.96703825478,-1,-1
1621843750738,1621843750758,20,0,40,-1.0,-9,50
1621843750897,1621843750947,50,5,313,-1.0,-18544,87
1621843752756,1621843752776,20,0,48,1244.86563789803,-1,138
1621843753866,1621843753886,20,0,89,-1.0,-5338,233
1621843753906,1621843753946,40,0,98,8833.05299503575,-3128,35
1621843753966,1621843754036,70,7,438,37385.7655825439,-30219,162
1621843754086,1621843754096,10,-1,33,402.981270748081,-1,-1
1621843754156,1621843754206,50,15,481,19668.9587261529,-11263,285
1621843754495,1621843754525,30,4,558,-1.0,-35692,291
1621843754535,1621843754805,270,11,242,17914.1461108523,-17024,111
1621843754815,1621843755045,230,6,603,29348.4567061286,-22829,304
1621843755055,1621843755225,170,9,106,2401.61144214992,-4153,188
1621843755295,1621843755445,150,6,73,4087.17985155765,-2434,348
1621843755515,1621843755545,30,2,116,7293.26477947579,-6219,158
1621843755775,1621843755914,139,6,86,3669.09159957372,-1731,345
1621843755944,1621843755964,20,0,37,995.477753721827,-1,173
1621843755984,1621843755994,10,-1,33,818.242672527618,-1,-1
1621843756044,1621843756084,40,1,49,1868.15713294242,-1,345
1621843756104,1621843756114,10,-1,32,1407.03203258636,-1,-1
1621843756234,1621843756274,40,5,218,13272.1902505707,-11673,353
1621843756364,1621843756374,10,-1,32,1193.7013181065,-1,-1
1621843756494,1621843756544,50,2,85,4776.22221575984,-2725,52
1621843756604,1621843756654,50,3,122,6960.19083263093,-2653,227
1621843756704,1621843756754,50,3,99,4372.22231274118,-5407,25
1621843756804,1621843756814,10,-1,36,1231.06832713752,-1,-1
1621843756824,1621843756844,20,1,97,6952.57996011748,-1,143
1621843756854,1621843756874,20,0,42,843.563282162128,-1,304
1621843756974,1621843757074,100,2,302,21610.5561333984,-4599,209
1621843757284,1621843757713,429,20,1744,91253.4515552281,-144416,267
1621843757753,1621843757823,70,5,175,9238.44876464203,-6758,205
1621843757833,1621843757913,80,8,377,19926.5203221513,-26477,109
1621843757973,1621843758193,220,12,217,10115.5501079523,-7557,344
1621843758203,1621843758293,90,4,130,6178.54515126857,-5953,269
1621843758303,1621843758323,20,0,37,1568.39166995616,-517,111
1621843758363,1621843758383,20,0,38,682.334867409267,-1,164
1621843758393,1621843758443,50,3,90,2605.33604611081,-2636,275
1621843758463,1621843758653,190,2,288,16940.3604211639,-25488,358
1621843758463,1621843758653,190,2,288,16940.3604211639,-25488,358
1621843758663,1621843758673,10,-1,216,19224.8454240884,-1,-1
1621843758683,1621843758743,60,2,174,16144.9460753614,-11291,84
1621843758763,1621843758903,140,10,321,20932.7625489495,-21749,153
1621843758953,1621843758983,30,2,124,7609.45458486758,-1,236
1621843758993,1621843759043,50,8,248,11224.9788892327,-17259,285
1621843759053,1621843759063,10,-1,84,6341.0085152996,-1,-1
1621843759073,1621843759103,30,1,164,11501.1370041247,-4238,30
1621843759113,1621843759123,10,-1,144,12176.0326764647,-1,-1
1621843759133,1621843759143,10,-1,117,11044.1298917334,-1,-1
1621843759153,1621843759203,50,0,93,7243.69313851981,-4690,333
1621843759213,1621843759223,10,-1,63,4868.80407429381,-1,-1
1621843759283,1621843759322,39,3,127,6859.84059878266,-5491,90
1621843759352,1621843759412,60,2,57,2315.81620253167,-2616,313
1621843759442,1621843759462,20,0,47,3466.82431853307,-1,109
1621843759472,1621843759542,70,3,60,1707.23728901976,-2032,77
1621843759592,1621843759702,110,6,125,6832.72017119195,-5297,302
1621843759722,1621843759912,190,18,1257,71193.2459818384,-11554,109
1621843760172,1621843760302,130,36,854,13908.494870401,-56192,354
1621843760362,1621843760452,90,21,536,18285.7108417814,-14322,207
1621843760472,1621843760632,160,2,543,35832.6118361276,-21269,271
1621843760642,1621843760742,100,5,511,46664.2802308991,-18043,24
1621843760762,1621843760802,40,2,383,26353.7982322153,-12111,300
1621843760812,1621843760862,50,3,222,18677.9910114252,-19141,31
1621843760872,1621843760922,50,2,402,18217.9669520741,-2559,244
1621843761231,1621843761341,110,10,372,-1.0,-11734,85
1621843761401,1621843761421,20,4,198,19077.5938515355,-1,81
1621843761431,1621843761521,90,4,388,27585.0343549128,-20851,12
1621843761541,1621843761551,10,-1,34,1515.51919701324,-1,-1
1621843763120,1621843763180,60,3,54,-1.0,-41,68
1621843765729,1621843765749,20,1,288,-1.0,-19648,241
1621843765789,1621843765799,10,-1,1238,123102.047129285,-1,-1
1621843765899,1621843765948,49,16,706,38038.0512235938,-36850,328
1621843765978,1621843766048,69,15,598,43765.8992417817,-40490,160
1621843766058,1621843766068,10,-1,73,5774.4986382591,-1,-1
1621843766078,1621843766108,30,1,92,6071.59875261271,-5283,232
1621843766178,1621843766228,50,14,598,45696.8368783141,-41921,337
1621843766278,1621843766298,20,1,93,7061.39156134561,-1,62
1621843766308,1621843766328,20,0,85,6880.79492206301,-10,247
1621843766528,1621843766538,10,-1,30,2437.34468116399,-1,-1
1621843766638,1621843766668,30,0,47,1456.39593335903,-1386,225
1621843766848,1621843766868,20,0,34,1334.41378552985,-440,60
1621843766898,1621843766928,30,15,1520,75287.3418770743,-1,138
1621843767028,1621843767058,30,5,1125,-1.0,-83201,252
1621843767148,1621843767218,70,6,321,19044.9353962171,-14135,54
1621843767258,1621843767368,110,1,1069,106404.981131956,-72311,110
1621843767378,1621843767508,130,7,425,25315.3224316332,-37080,299
1621843767608,1621843767717,109,5,1085,67202.5958544026,-59895,112
1621843767787,1621843767807,20,2,976,85166.6857729564,-1,216
1621843767897,1621843767927,30,2,279,-1.0,-18036,258
1621843767947,1621843767967,20,0,47,2533.47383316261,-1,39
1621843767977,1621843767997,20,24,1178,112918.605326057,-1,66
1621843768087,1621843768147,60,27,1253,117858.454918051,-118834,236
1621843768257,1621843768267,10,-1,30,219.250730508088,-1,-1
1621843768297,1621843768317,20,24,1251,114116.835208413,-1,70
1621843769456,1621843769466,10,-1,56,-1.0,-1,-1
1621843769476,1621843769506,30,2,181,9370.33029447214,-2163,237
1621843769806,1621843769836,30,13,626,58302.3538678194,-39149,252
1621843769936,1621843769986,50,27,1234,1285.0955969272,-61936,237
1621843770046,1621843770076,30,0,41,1244.18130715598,-893,253
1621843770126,1621843770136,10,-1,32,1323.00609643794,-1,-1
1621843770276,1621843770366,90,1,280,24405.7253155321,-18975,225
1621843770406,1621843770606,200,13,210,6481.05534865037,-8719,259
1621843770806,1621843770836,30,1,55,2195.33277600781,-2407,248
1621843771205,1621843771235,30,2,141,8531.58553672105,-7376,304
1621843771485,1621843771505,20,0,38,1287.05593478179,-1,39
1621843771725,1621843771765,40,1,98,2886.30767440477,-1,34
1621843771775,1621843771925,150,6,344,19366.4159835873,-16516,145
1621843772055,1621843772115,60,12,579,-1.0,-22552,187
1621843772125,1621843772485,360,9,1538,133749.722815968,-84928,333
1621843772525,1621843772555,30,2,102,5645.60515131681,-388,216
1621843772575,1621843772585,10,-1,50,2186.30362914404,-1,-1
1621843772644,1621843772664,20,0,49,3398.0236159635,-1027,116
1621843772674,1621843772704,29,1,53,2267.42108793272,-1624,345
1621843772824,1621843772874,50,12,661,53880.5863395562,-26169,20
1621843772984,1621843773014,30,2,314,20275.1475969968,-3760,277
1621843773024,1621843773164,140,1,379,36089.1890811697,-28837,227
1621843773334,1621843773594,260,13,349,15387.4553151418,-16059,184
1621843773614,1621843773624,10,-1,30,12.476520179689,-1,-1
1621843773634,1621843773664,30,1,57,2649.15934494092,-1623,259
1621843773724,1621843773754,30,1,51,2577.22373496999,-1755,116
1621843773814,1621843773904,90,3,64,3926.54977649831,-1643,262
1621843774004,1621843774034,30,2,141,7758.87136063964,-6787,284
1621843774194,1621843774214,20,0,33,774.917929384209,-267,90
1621843774603,1621843774623,20,0,40,2069.25072266997,-497,60
1621843774653,1621843774663,10,-1,30,478.710393924516,-1,-1
1621843774723,1621843774763,40,3,131,6421.60955909677,-6581,91
1621843774823,1621843774943,120,6,76,2933.54787507993,-2084,260
1621843775193,1621843775203,10,-1,31,2051.4929815685,-1,-1
1621843775223,1621843775233,10,-1,33,932.395422737422,-1,-1
1621843775253,1621843775283,30,0,48,1836.45348631015,-1559,15
1621843775293,1621843775393,100,6,164,12078.2239450325,-5791,358
1621843775533,1621843775713,180,4,723,41084.055029845,-53900,118
1621843775763,1621843775793,30,2,117,8619.75502498998,-6514,335
1621843775803,1621843775843,40,5,189,13220.8377348249,-11542,197
1621843775853,1621843775913,60,10,489,24274.5852423203,-15898,44
1621843775923,1621843775943,20,4,302,27726.5964577744,-7134,242
1621843775973,1621843775992,19,0,70,4634.05476218174,-1360,64
1621843776002,1621843776072,70,3,100,5223.63155895412,-2086,10
1621843776152,1621843776262,110,4,78,1604.3253812784,-2383,279
1621843776272,1621843776282,10,-1,446,42749.6271279573,-1,-1
1621843776382,1621843776492,110,10,180,11650.8119120573,-12066,268
1621843776632,1621843776682,50,6,264,12874.1506631325,-15802,358
1621843777252,1621843777262,10,-1,38,1259.90762837459,-1,-1
1621843777292,1621843777332,40,14,1859,114433.038485864,-418,48
1621843777442,1621843777462,20,2,157,8162.81428866373,-1,208
1621843777552,1621843777661,109,5,86,2965.42760464776,-1567,305
1621843777711,1621843777741,30,6,339,20475.9654471933,-19584,161
1621843777921,1621843777961,40,9,413,22917.8776617654,-22593,310
1621843778231,1621843778251,20,0,37,1839.21716213616,-252,96
1621843778501,1621843778541,40,6,256,14428.6634634537,-9992,97
1621843778631,1621843778641,10,-1,31,369.181357023011,-1,-1
1621843778651,1621843778681,30,1,58,1784.79672756703,-1864,282
1621843778741,1621843778751,10,-1,37,1476.97862318862,-1,-1
1621843778851,1621843778931,80,6,619,5948.16214643483,-49207,264
1621843778961,1621843778971,10,-1,34,1785.9954501416,-1,-1
1621843779091,1621843779131,40,5,212,12155.1748507697,-13445,283
1621843779490,1621843779540,50,10,365,24100.4192132001,-18551,4
1621843779670,1621843779680,10,-1,33,423.640967789073,-1,-1
1621843779740,1621843779790,50,9,394,22883.4818172177,-20957,165
1621843780010,1621843780050,40,4,186,13731.6882800403,-13394,135
1621843780240,1621843780280,40,7,297,19488.8341719568,-16764,301
1621843780530,1621843780570,40,7,288,16255.0610323999,-15550,202
1621843780710,1621843780790,80,22,739,41800.0175468609,-48703,281
1621843780820,1621843780860,40,1,56,3123.07957803822,-1,93
1621843780980,1621843780990,10,-1,57,2902.056418371,-1,-1
1621843781019,1621843781029,10,-1,32,1305.20462929763,-1,-1
1621843781039,1621843781059,20,0,42,1270.33379144013,-1,102
1621843781099,1621843781159,60,4,162,6775.4451455607,-10104,5
1621843781349,1621843781399,50,8,288,15871.4366423648,-11622,179
1621843781679,1621843781699,20,0,150,9991.42293954145,-1,105
1621843781709,1621843781759,50,0,109,10155.5225880359,-3835,108
1621843781779,1621843781789,10,-1,36,2581.03591849331,-1,-1
1621843781819,1621843781869,50,5,190,9129.67264413202,-5864,294
1621843781989,1621843781999,10,-1,34,1529.73905791275,-1,-1
1621843782009,1621843782039,30,1,159,9105.45590622417,-1397,254
1621843782149,1621843782169,20,1,1429,-1.0,-134748,349
1621843782199,1621843782209,10,-1,32,632.724504430989,-1,-1
1621843782239,1621843782279,40,1,49,1369.11502407496,-1,195
1621843782539,1621843782649,110,12,411,20543.3661932398,-16600,126
1621843782659,1621843782669,10,-1,120,9183.12630311369,-1,-1
1621843782758,1621843782778,20,0,37,1309.52861770091,-327,324
1621843782808,1621843782918,110,4,47,894.244607718975,-652,340
1621843782928,1621843782988,60,5,429,26830.1957988237,-21441,172
1621843783028,1621843783038,10,-1,33,1036.26935464843,-1,-1
1621843783058,1621843783198,140,6,76,1848.98210912464,-2496,305
1621843783388,1621843783438,50,7,265,17738.3176047738,-14623,214
1621843783898,1621843783938,40,7,296,14855.0055234714,-13263,150
1621843784068,1621843784198,130,12,249,14600.5839211854,-1,355
1621843784397,1621843784427,30,1,70,3772.59210705796,-1556,107
1621843784437,1621843784487,50,17,607,19924.4538207708,-10693,267
1621843784577,1621843784647,70,3,122,7547.4761320199,-7243,115
1621843784677,1621843784717,40,1,48,1640.1966892053,-650,94
1621843784807,1621843784847,40,8,1280,88237.4011212946,-1,154
1621843784937,1621843784957,20,4,1336,-1.0,-108071,231
1621843784967,1621843785077,110,3,96,5284.17836081374,-3895,265
1621843785087,1621843785107,20,0,54,2564.46232637325,-848,290
1621843785287,1621843785307,20,0,34,2065.01864166243,-1,255
1621843785547,1621843785567,20,2,191,11798.0763873013,-1,29
1621843785847,1621843785887,40,4,176,11759.7468697408,-10209,137
1621843786026,1621843786036,9,-1,32,1816.50698489492,-1,-1
1621843786066,1621843786106,40,4,184,11759.5611229858,-10482,311
1621843786426,1621843786486,60,2,58,1358.23139737536,-1398,146
1621843786496,1621843786656,160,12,369,18127.3372255916,-21081,111
1621843786666,1621843786936,270,17,641,50329.4636341847,-44201,278
1621843786966,1621843787046,80,3,58,1162.08679098021,-1908,319
1621843787116,1621843787126,10,-1,30,295.904848410337,-1,-1
1621843787146,1621843787156,10,-1,33,549.856652928422,-1,-1
1621843787476,1621843787526,50,7,243,12983.4387865093,-8446,65
1621843787815,1621843787845,30,2,116,5553.38887950379,-4156,272
1621843787975,1621843788015,40,4,198,9028.42950641085,-9672,206
1621843789035,1621843789065,30,1,90,5301.56986549766,-3915,350
1621843789305,1621843789345,40,2,290,-1.0,-21293,298
1621843789365,1621843789394,29,0,44,1532.11176286961,-211,248
1621843789474,1621843789504,30,1,93,4950.68131727952,-4856,270
1621843789714,1621843789754,40,4,205,12394.3877359571,-11360,1
1621843789894,1621843789984,90,4,57,2872.80911569959,0,91
1621843790164,1621843790204,40,6,306,16897.9010659805,-13954,26
1621843790404,1621843790444,40,9,397,19729.1442672596,-18186,159
1621843790684,1621843790714,30,1,97,5620.55703198618,-3680,176
1621843790854,1621843790914,60,11,438,21355.9593068205,-20127,258
1621843791063,1621843791103,40,3,149,9288.60663852181,-8066,198
1621843791223,1621843791243,20,6,1041,71302.5573514039,-1,146
1621843791333,1621843791393,60,3,331,13357.9090636098,-24258,332
1621843791473,1621843791493,20,0,41,2083.52803056267,-815,66
1621843791553,1621843791603,50,11,454,25382.024649219,-18190,225
1621843792053,1621843792083,30,4,245,12306.665196544,-10803,175
1621843792333,1621843792373,40,4,178,12547.773105341,-10656,355
1621843792513,1621843792663,150,6,51,1281.50374094783,-1393,122
1621843792762,1621843792772,10,-1,35,2035.81476106431,-1,-1
1621843792912,1621843792942,30,1,96,7442.09842293628,-3139,199
1621843792952,1621843792972,20,0,39,1042.12181339236,-330,144
1621843792982,1621843793182,200,10,349,24063.8787397085,-14955,88
1621843793192,1621843793262,70,3,118,8207.40500101566,-6041,101
1621843793272,1621843793312,40,6,198,9050.54144204104,-945,141
1621843793322,1621843793332,10,-1,38,3063.14788487318,-1,-1
1621843793342,1621843793352,10,-1,244,23221.0687769927,-1,-1
1621843794531,1621843794551,20,0,54,4365.05613146715,-2137,80
1621843794801,1621843794831,30,0,60,3963.49832813851,-2636,238
1621843794881,1621843794921,40,3,132,9142.39841550691,-2752,348
1621843795021,1621843795031,10,-1,36,2441.81605950692,-1,-1
1621843795141,1621843795161,20,4,494,27602.5705102675,-1,314
1621843795301,1621843795711,410,21,1130,30008.446740322,-45870,102
1621843795721,1621843795991,270,12,119,7984.64550235745,-8719,218
1621843796021,1621843796051,30,1,67,2940.94817488461,-2155,133
1621843796090,1621843796370,280,18,1535,66717.5948501923,-76936,267
1621843796380,1621843796390,10,-1,30,87.1344778223104,-1,-1
1621843796480,1621843796760,280,15,554,20447.8659219986,-20651,98
1621843796790,1621843796830,40,1,54,2086.3677188668,-1297,273
1621843796840,1621843796860,20,1,89,7172.15371243506,-1,121
1621843796910,1621843796930,20,0,36,2049.78072819452,-169,275
1621843797050,1621843797070,20,0,168,12409.9651625915,-1,93
1621843797180,1621843797280,100,7,407,24162.6055997351,-16811,265
1621843797360,1621843797380,20,0,36,1889.74690032375,-42,262
1621843797400,1621843797480,80,3,75,4174.27234385414,-2691,249
1621843797500,1621843797540,40,2,91,2963.8145033944,-4003,263
1621843797710,1621843797720,10,-1,51,-1.0,-1,-1
1621843797819,1621843797829,10,-1,33,922.450963210865,-1,-1
1621843797839,1621843797899,60,1,38,574.020111482577,-575,210
1621843797909,1621843797959,50,0,73,4179.20408886271,-3422,264
1621843797999,1621843798029,30,4,216,11068.4879060077,-7889,150
1621843798069,1621843798079,10,-1,36,1086.13954239907,-1,-1
1621843798099,1621843798139,40,1,46,1381.97192976029,-100,62
1621843798189,1621843798199,10,-1,33,1311.54543343154,-1,-1
1621843798299,1621843798329,30,1,58,2201.76378126044,-1932,285
1621843798449,1621843798479,30,1,94,7259.04277052025,-6450,135
1621843798499,1621843798519,20,0,36,1780.96489698777,-1,90
1621843798549,1621843798559,10,-1,31,1007.49383685894,-1,-1
1621843798699,1621843798749,50,13,535,25322.2659071868,-26481,331
1621843798879,1621843798899,20,8,1174,77171.2066653131,-1,22
1621843798989,1621843799069,80,14,869,1801.14114429214,-48155,295
1621843799079,1621843799089,10,-1,36,3270.79995495489,-1,-1
1621843799269,1621843799289,20,0,36,1552.80459741742,-1,90
1621843799808,1621843799828,20,0,35,2697.62336216487,-360,16
1621843800078,1621843800118,40,2,103,6869.11534981641,-5423,219
1621843800238,1621843800398,160,5,1206,67545.4259632376,-63913,280
1621843800698,1621843800708,10,-1,30,440.959824055903,-1,-1
1621843800748,1621843800798,50,11,448,27559.676572631,-23397,76
1621843800868,1621843800878,10,-1,35,1338.75596690705,-1,-1
1621843801157,1621843801177,20,1,124,5691.01827046823,-1,102
1621843801287,1621843801467,180,13,407,30497.7925476928,-23628,271
1621843801687,1621843801717,30,1,62,2563.94507286306,-1383,277
1621843801887,1621843801907,20,1,177,-1.0,-10797,163
1621843801997,1621843802057,60,1,38,574.177857419483,-204,306
1621843802147,1621843802187,40,1,66,3178.15076157702,-2939,150
1621843802217,1621843802237,20,0,38,1737.62077124235,-673,299
1621843802387,1621843802417,30,1,54,2370.19524054112,-2344,58
1621843802437,1621843802527,90,6,244,16031.2627298559,-9899,171
1621843802547,1621843802657,110,4,78,1233.70381119061,-2619,54
1621843802677,1621843802687,10,-1,44,1575.56194320817,-1,-1
1621843802816,1621843803286,470,15,882,41841.8569588378,-43215,190
1621843803296,1621843803306,10,-1,126,11598.3117260629,-1,-1
1621843803316,1621843803636,320,21,520,26550.9616662859,-22930,324
1621843803656,1621843803756,100,7,187,8571.41005469737,-8793,309
1621843803816,1621843803856,40,1,58,1760.16371617692,-1159,74
1621843803866,1621843803886,20,0,43,1509.19163697396,-257,90
1621843803936,1621843803986,50,7,224,11967.7541953715,-13377,348
1621843804096,1621843804126,30,0,46,1860.13406431691,-1097,132
1621843804246,1621843804336,90,3,68,3004.37446544604,-1540,259
1621843804346,1621843804356,10,-1,54,4318.79563965829,-1,-1
1621843804445,1621843804465,20,0,166,-1.0,-12639,58
1621843804485,1621843804535,50,2,67,1838.58361961478,-2372,263
1621843804585,1621843804605,20,0,44,1536.92805828009,-1,276
1621843804635,1621843804675,40,6,311,15819.9523135546,-11324,20
1621843804765,1621843804825,60,1,51,2438.18191285318,-1330,132
1621843804835,1621843804855,20,0,41,927.996468293794,-1,105
1621843804865,1621843804925,60,9,324,16626.9087319997,-13983,296
1621843805015,1621843805075,60,2,43,1076.66591564434,-113,114
1621843805185,1621843805205,20,3,385,21513.3100344414,-1,181
1621843805395,1621843805435,40,5,209,12618.18760347,-11160,173
1621843805475,1621843805485,10,-1,33,1615.09099118119,-1,-1
1621843805505,1621843805515,10,-1,41,1208.27209699009,-1,-1
1621843805555,1621843805595,40,1,105,3599.6885102338,-1,29
1621843805695,1621843805735,40,1,144,2722.91407786573,-8255,266
1621843805765,1621843805785,20,0,31,463.031788878125,-17,303
1621843805935,1621843805945,10,-1,33,1804.75058077529,-1,-1
1621843806075,1621843806105,30,1,64,3596.60419003573,-2589,16
1621843806544,1621843806584,40,2,109,7936.88104681685,-7120,328
1621843806854,1621843806874,20,0,41,-1.0,-222,168
1621843807144,1621843807214,70,13,396,19744.8278054315,-16035,19
1621843807264,1621843807574,310,21,1977,130767.021519775,-92835,245
1621843807584,1621843807604,20,0,62,3416.68045883877,-3169,333
1621843807614,1621843807664,50,1,64,2267.84769179663,-1395,309
1621843807714,1621843807734,20,0,43,3250.27006157664,-1,258
1621843807744,1621843807764,20,0,35,1031.28048220345,-14,254
1621843807773,1621843807793,19,19,2123,111248.833016749,-1,146
1621843807943,1621843808183,240,5,1386,37388.7508837852,-83329,303
1621843808213,1621843808273,60,8,316,10939.7169742524,-16038,197
1621843808313,1621843808693,380,18,1884,183754.32044206,-29317,286
1621843808703,1621843808763,60,0,1940,191519.09033952,-189009,30
1621843808813,1621843808863,50,2,91,4324.85023967715,-1622,104
1621843808873,1621843808923,50,0,121,6913.4312482128,-4349,128
1621843808943,1621843808973,30,4,218,10143.9217106744,-11028,159
1621843808983,1621843809003,20,0,54,1673.3447853444,-1,270
1621843809043,1621843809063,20,0,52,2594.64321888201,-1,277
1621843809213,1621843809223,10,-1,37,2400.51654278582,-1,-1
1621843809243,1621843809253,10,-1,36,2924.99353747962,-1,-1
1621843809263,1621843809283,20,1,132,10370.9040629687,-1892,300
1621843809403,1621843809462,59,6,383,1670.32460944585,-28196,91
1621843809482,1621843809502,20,0,38,1088.69666147497,-489,315
1621843809662,1621843809792,130,2,146,11150.8980824466,-11349,202
1621843809942,1621843809972,30,2,102,6756.8377865769,-6553,177
1621843810202,1621843810252,50,0,148,10051.60063129,-8263,322
1621843810312,1621843810332,20,0,53,2449.49853733179,-2079,315
1621843810342,1621843810392,50,5,450,34806.3266896754,-29837,13
1621843810402,1621843810472,70,17,794,78504.4252466242,-53191,36
1621843810652,1621843810672,20,0,36,760.60578294097,-547,180
1621843810692,1621843810722,30,2,106,6333.13811515695,-4741,135
1621843810742,1621843810802,60,5,123,5616.79987635717,-3124,161
1621843810962,1621843811052,90,28,613,31415.8712649754,-18393,278
1621843811351,1621843811401,50,13,530,39397.2230862683,-35912,51
1621843811421,1621843811431,10,-1,30,1474.24615995297,-1,-1
1621843811441,1621843811651,210,9,63,2794.47713292296,-1778,239
1621843811671,1621843811711,40,7,318,18300.1258511624,-14155,10
1621843811731,1621843811831,100,7,1131,52790.101253336,-8166,29
1621843811951,1621843812291,340,31,472,29636.8345869353,-29369,167
1621843812331,1621843812361,30,8,400,35319.1633797474,-35924,274
1621843812611,1621843812621,10,-1,33,1101.27908289689,-1,-1
1621843812691,1621843812830,139,6,143,5076.56320323541,-9052,5
1621843812940,1621843813170,230,3,1711,84494.4154726371,-157019,293
1621843813190,1621843813200,10,-1,32,340.55013558764,-1,-1
1621843813310,1621843813350,40,6,257,13988.6483377377,-10366,295
1621843813410,1621843813430,20,0,34,1624.86146462466,-423,254
1621843813520,1621843813570,50,7,243,9946.96013540485,-14896,174
1621843814300,1621843814350,50,9,380,19407.2686745562,-17541,164
1621843814360,1621843814429,69,4,365,26914.0061481012,-15670,31
1621843814469,1621843814519,50,4,178,13206.7964486214,-11239,249
1621843814529,1621843814549,20,0,34,601.776119324721,-317,344
1621843814569,1621843814579,10,-1,30,691.081128523567,-1,-1
1621843814599,1621843814619,20,0,32,772.343526510816,-31,351
1621843814639,1621843814689,50,10,389,23140.0220903925,-16824,41
1621843814809,1621843814829,20,0,43,2947.99606492522,-1,260
1621843814979,1621843815029,50,7,279,13021.6973511264,-15414,235
1621843815319,1621843815359,40,4,175,9981.65950603567,-8682,194
1621843815729,1621843815779,50,10,446,22151.3346721201,-21152,12
1621843815829,1621843815839,10,-1,30,480.932614189567,-1,-1
1621843815849,1621843815859,10,-1,38,1273.32959135943,-1,-1
1621843815999,1621843816039,40,3,116,2097.75793899587,-4340,265
1621843816388,1621843816428,40,4,169,10852.1212852963,-8370,79
1621843816558,1621843816608,50,7,322,18006.4703706066,-16349,225
1621843816628,1621843816638,10,-1,32,1389.06262315795,-1,-1
1621843816668,1621843816728,60,1,40,1218.70093334618,-548,41
1621843816778,1621843816818,40,4,192,9406.09069024821,-9055,206
1621843817128,1621843817208,80,11,235,12647.770170368,-4888,1
1621843817268,1621843817288,20,0,51,2412.76142057161,-239,90
1621843817318,1621843817348,30,0,48,1830.21950043079,-1498,115
1621843817418,1621843817428,10,-1,36,1524.00828020966,-1,-1
1621843817438,1621843817478,40,8,367,22719.4842907027,-22205,32
1621843817528,1621843817618,90,30,860,53368.9762624422,-43061,262
1621843817628,1621843817708,80,6,119,4871.70805541892,-6540,86
1621843817758,1621843817778,20,0,62,2231.99852333767,-1,80
1621843817787,1621843817837,49,5,213,12494.0635719442,-15066,168
1621843817967,1621843817997,30,0,42,1679.92056351571,-437,83
1621843818007,1621843818017,10,-1,31,241.175730801711,-1,-1
1621843818077,1621843818097,20,1,76,6336.63016756283,-1,114
1621843818137,1621843818157,20,0,65,3516.75411516159,-1,90
1621843818237,1621843818387,150,2,1173,46083.1325341466,-89894,280
1621843818397,1621843818407,10,-1,53,2613.85637243343,-1,-1
1621843818537,1621843818547,10,-1,39,1795.62927513412,-1,-1
1621843818567,1621843818587,20,2,124,11659.5704998241,-1,96
1621843818607,1621843818627,20,0,50,2018.27123396955,-1,273
1621843818657,1621843818677,20,0,48,2509.42772557433,-1,119
1621843818717,1621843818727,10,-1,34,566.856842522736,-1,-1
1621843818737,1621843818907,170,35,1927,99453.6792969606,-94332,25
1621843819107,1621843819227,120,7,265,20674.0743706859,-14808,185
1621843819267,1621843819287,20,1,77,5117.11374193792,-1,27
1621843819297,1621843819307,10,-1,95,6581.02492524522,-1,-1
1621843819437,1621843819656,219,14,482,11527.5762691005,-26939,338
1621843819716,1621843819746,30,11,1340,74672.4193978794,-1,19
1621843819866,1621843820146,280,27,448,26781.1394919416,-29907,179
1621843820226,1621843820276,50,0,158,9661.60797961459,-8517,299
1621843820336,1621843820516,180,8,391,21700.0261943244,-5331,339
1621843820636,1621843820976,340,15,665,23249.3194084617,-21926,329
1621843821086,1621843821245,159,11,302,16598.2300310693,-17164,15
1621843821395,1621843821415,20,0,45,1993.12333391587,-1238,198
1621843821425,1621843821435,10,-1,31,344.170884595292,-1,-1
1621843821505,1621843821515,10,-1,32,1127.50408146142,-1,-1
1621843821535,1621843821565,30,3,149,9654.94477330198,-9230,89
1621843821745,1621843821795,50,6,388,18936.430609434,-19732,61
1621843821855,1621843821875,20,0,46,2256.57073954679,-1,239
1621843822355,1621843822385,30,2,104,6701.94677612713,-5734,290
1621843822545,1621843822555,10,-1,30,641.469491532377,-1,-1
1621843822755,1621843822765,10,-1,32,635.696975733021,-1,-1
1621843822824,1621843822874,50,3,116,5483.01995177959,-3900,77
1621843822884,1621843822934,50,1,41,1126.41998478159,-931,185
1621843822944,1621843822964,20,0,33,723.003142629244,-1,161
1621843822974,1621843823314,340,13,1064,65102.8402531144,-18824,164
1621843823434,1621843823564,130,12,1739,3770.03157326165,-144758,212
1621843823584,1621843823604,20,3,290,15110.1353482788,-1,164
1621843823744,1621843823884,140,46,1425,50169.1514249206,-105790,43
1621843823894,1621843824024,130,5,109,5299.01571977802,-4240,347
1621843824094,1621843824134,40,7,327,19265.7670005138,-20137,28
1621843824174,1621843824204,30,0,217,17071.4925092265,-1,90
1621843824214,1621843824334,120,7,310,29237.9757717766,-13367,210
1621843824374,1621843824513,139,0,434,36922.332052612,-16435,229
1621843824583,1621843824693,110,6,125,3620.79056855087,-2789,163
1621843824703,1621843824743,40,5,865,71804.8467740238,-33869,286
1621843824883,1621843825173,290,9,743,16245.8862098614,-35413,167
1621843825213,1621843825243,30,0,34,306.337656233092,-47,167
1621843825853,1621843825883,30,1,60,2439.16848032614,-672,230
1621843826342,1621843826362,20,0,49,3835.70072031825,-1,65
1621843827941,1621843828101,160,31,1688,103857.764581806,-71652,283
1621843828121,1621843828151,30,1,57,2357.27419401976,-1294,94
1621843828321,1621843828341,20,1,54,3944.33023472052,-1,309
1621843828361,1621843828381,20,0,47,1809.46588096848,-703,270
1621843828481,1621843828501,20,1,195,15120.7637953498,-1,115
1621843828611,1621843828671,60,3,316,9388.86280320791,-13939,7
1621843828681,1621843828711,30,1,48,2915.06201960851,-618,299
1621843828731,1621843828761,30,0,38,971.421618676372,-717,304
1621843828801,1621843828861,60,1,454,36659.3611732532,-25256,310
1621843828871,1621843828901,30,0,41,2405.06692895861,-820,295
1621843828911,1621843828951,40,11,503,25740.5081853399,-7139,46
1621843829151,1621843829201,50,1,87,7348.2947639228,-2345,303
1621843829291,1621843829341,50,4,159,10188.0332728317,-7246,11
1621843829570,1621843829610,40,6,228,14772.5165155336,-13527,304
1621843829840,1621843829870,30,5,269,16925.5500304216,-16576,200
1621843830390,1621843830420,30,2,106,5092.44416635083,-3309,217
1621843831020,1621843831090,70,6,234,8564.1626795266,-12215,280
1621843831239,1621843831259,20,0,50,3428.95975870257,-1,206
1621843831399,1621843831469,70,2,61,1894.56499757222,-2438,82
1621843831489,1621843831509,20,0,43,1619.86801388967,-162,71
1621843831589,1621843831639,50,8,285,17446.7383461984,-13355,208
1621843831739,1621843831749,10,-1,46,3356.06894201673,-1,-1
1621843832089,1621843832119,30,6,521,-1.0,-23896,342
1621843832459,1621843832519,60,16,581,28416.885945004,-21604,159
1621843832639,1621843832659,20,1,144,8563.77538505979,-1,68
1621843832769,1621843832789,20,3,346,-1.0,-17152,101
1621843832808,1621843833018,210,8,52,1028.54532344784,-1142,331
1621843833028,1621843833108,80,4,181,8193.80721350063,-7676,52
1621843833538,1621843833598,60,2,54,2268.84247643064,-1690,250
1621843833658,1621843833668,10,-1,33,2534.79724815264,-1,-1
1621843833808,1621843834058,250,19,596,29515.7940001279,-16571,226
1621843834148,1621843834258,110,9,317,8744.40474055438,-15460,350
1621843834418,1621843834807,389,33,1236,17116.7204589005,-65898,25
1621843834827,1621843834897,70,3,70,2393.5918977388,-2783,85
1621843834907,1621843834927,20,0,46,1893.33709231901,-1002,85
1621843835247,1621843835267,20,0,111,-1.0,-7416,246
1621843835437,1621843835447,10,-1,66,3984.83516133874,-1,-1
1621843835457,1621843835467,10,-1,65,5263.70731117988,-1,-1
1621843835477,1621843835497,20,0,70,6404.39163228255,-3723,124
1621843835607,1621843835637,30,1,72,3704.19672672974,-3368,295
1621843835687,1621843835727,40,6,210,14851.3417503005,-13336,312
1621843835847,1621843835897,50,7,259,17744.2738183825,-11972,152
1621843835927,1621843835957,30,1,63,2878.56028235223,-2274,113
1621843835997,1621843836007,10,-1,32,470.556319269217,-1,-1
1621843836137,1621843836426,289,35,623,24196.2356663185,-18786,296
1621843836456,1621843836466,10,-1,30,326.943634642447,-1,-1
1621843836476,1621843836486,10,-1,30,314.70692392365,-1,-1
1621843836546,1621843836566,20,0,37,813.487542658512,-1,203
1621843836586,1621843836926,340,13,783,36635.4955635753,-35068,84
1621843836936,1621843836996,60,2,77,3271.77882189729,-2304,278
1621843837196,1621843837236,40,4,165,8205.12106560756,-8767,197
1621843837346,1621843837376,30,2,135,7364.48637051634,-7841,173
1621843837516,1621843837556,40,4,227,12597.8521937761,-13142,184
1621843837626,1621843837646,20,0,30,1052.97856603288,-1,344
1621843837656,1621843837716,60,1,38,728.902126604934,-500,322
1621843837806,1621843837935,129,10,237,6907.04970459042,-7643,265
1621843838005,1621843838035,30,3,169,9408.7503455999,-8818,355
1621843838135,1621843838185,50,13,503,31448.4992481296,-16882,200
1621843838305,1621843838325,20,0,48,2345.37406208427,-564,70
1621843838335,1621843838355,20,0,38,757.0258422323,-1,63
1621843838365,1621843838405,40,4,197,10052.0148530366,-10193,205
1621843838445,1621843838475,30,0,44,1284.84648114562,-824,79
1621843838495,1621843838695,200,6,453,22653.0633884215,-19920,299
1621843838835,1621843839205,370,6,659,29636.7505527144,-29575,99
1621843839275,1621843839285,10,-1,32,1128.30123795727,-1,-1
1621843839485,1621843839524,39,4,165,10643.2116598709,-8425,0
1621843839624,1621843839634,10,-1,31,757.300709144132,-1,-1
1621843839674,1621843839734,60,8,330,17576.8015067391,-17133,147
1621843839774,1621843839784,10,-1,35,2518.19802432223,-1,-1
1621843839804,1621843839824,20,0,35,1431.88332127386,-199,320
1621843839914,1621843840054,140,5,98,5617.89110938862,-584,303
1621843840184,1621843840214,30,3,159,8093.9209638238,-5998,209
1621843840324,1621843840374,50,10,405,17437.3124220112,-18605,57
1621843840634,1621843840654,20,0,87,4269.44744721154,-1,118
1621843840744,1621843840764,20,2,270,-1.0,-15386,285
1621843840814,1621843840844,30,1,54,2318.03968196035,-1258,158
1621843840994,1621843841004,10,-1,32,1450.58087638723,-1,-1
1621843841723,1621843841883,160,7,61,1718.52350606763,-849,159
1621843841923,1621843842003,80,4,123,6663.40991680175,-5743,143
1621843842033,1621843842053,20,0,47,2717.07313446275,-1552,102
1621843842093,1621843842243,150,2,435,30510.8196974861,-27260,119
1621843842263,1621843842293,30,0,37,610.826852471982,-106,119
1621843842313,1621843842323,10,-1,33,586.875110303532,-1,-1
1621843842343,1621843842353,10,-1,40,1351.05142850559,-1,-1
1621843842403,1621843842473,70,16,1284,65293.8473314921,-1,356
1621843842603,1621843842753,150,15,514,42423.8659539822,-42337,211
1621843842773,1621843842902,129,4,102,7852.30130908566,-6477,173
1621843843002,1621843843022,20,0,103,-1.0,-5977,170
1621843843112,1621843843152,40,1,46,826.524324400961,-719,243
1621843843162,1621843843192,30,3,188,13809.2465393489,-11301,60
1621843843522,1621843843572,50,2,64,2802.90266484849,-1422,26
1621843843582,1621843843622,40,6,260,15660.6237627466,-11434,200
1621843843662,1621843843772,110,5,82,2061.94021373077,-2293,22
1621843843872,1621843843952,80,7,161,6382.90454589067,-3009,271
1621843843982,1621843844002,20,0,30,1127.87395628793,-2,172
1621843844032,1621843844062,30,0,41,2075.13355778242,-1055,228
1621843844112,1621843844142,30,4,227,13953.2996313746,-13047,31
1621843844332,1621843844352,20,0,47,1589.70247335538,-1,229
1621843844841,1621843844871,30,0,37,2079.24394996659,-458,74
1621843845501,1621843845531,30,1,77,4868.69616130167,-3583,178
1621843846310,1621843846330,20,3,333,17675.7911599345,-1,77
1621843846430,1621843846490,60,7,260,-1.0,-9452,267
1621843846510,1621843846570,60,1,343,21312.5714738132,-19094,272
1621843847760,1621843847780,20,0,43,1476.83407719137,-1,125
1621843847790,1621843847810,20,0,106,5270.99589720226,-1,77
1621843847899,1621843848119,220,16,1305,1942.77064791326,-63336,240
1621843848349,1621843848369,20,1,190,14015.5575257403,-1,74
1621843848509,1621843848619,110,3,273,21887.6645921541,-20714,347
1621843848719,1621843848749,30,0,34,534.643605780031,-458,303
1621843848789,1621843848929,140,10,194,8882.87764545158,-9122,299
1621843848979,1621843848989,10,-1,32,573.054385194669,-1,-1
1621843848999,1621843849029,30,1,61,2548.80061842027,-1,272
1621843849049,1621843849059,10,-1,30,1794.57723612904,-1,-1
1621843849129,1621843849149,20,0,34,1629.27101788739,-356,135
1621843849159,1621843849209,50,7,312,12943.5109828631,-13583,195
1621843849369,1621843849409,40,7,301,15822.4697193494,-14556,202
1621843849469,1621843849498,29,0,38,703.722792633663,-105,309
1621843849528,1621843849548,20,0,41,1254.50808208647,-685,319
1621843849608,1621843849788,180,17,336,23991.8798896837,-24793,31
1621843850198,1621843850228,30,1,58,2758.56827258067,-985,142
1621843850638,1621843850748,110,3,202,7974.32207735187,-5698,357
1621843850938,1621843851177,239,8,935,25389.080616082,-40383,207
1621843851187,1621843851197,10,-1,30,974.215347117495,-1,-1
1621843851237,1621843851327,90,2,221,20374.8172546787,-14264,311
1621843851337,1621843851367,30,2,119,6325.83404296093,-4056,151
1621843851417,1621843851427,10,-1,56,3341.36160684495,-1,-1
1621843851627,1621843851647,20,0,141,11408.4966202238,-9640,321
1621843851687,1621843851707,20,0,35,1857.28969818819,-1,305
1621843851717,1621843851727,10,-1,33,425.404778666117,-1,-1
1621843851777,1621843851787,10,-1,32,349.970187921305,-1,-1
1621843851947,1621843851967,20,0,85,3854.51456320869,-1,93
1621843852057,1621843852107,50,4,466,25098.8613913868,-29604,316
1621843852127,1621843852137,10,-1,31,255.55993671112,-1,-1
1621843852177,1621843852217,40,5,239,13907.8287212491,-12095,230
1621843852747,1621843852767,20,0,62,5730.45543992174,-1131,288
1621843852827,1621843853166,339,25,114,3911.35407473168,-3751,107
1621843854226,1621843854246,20,0,46,2979.66619454104,-403,30
1621843854685,1621843854705,20,0,50,2283.04804192791,-1,197
1621843854865,1621843854915,50,5,204,13221.4668388335,-9503,7
1621843855485,1621843855495,10,-1,32,-1.0,-1,-1
1621843855655,1621843855705,50,8,192,9452.63322056621,-7724,159
1621843855885,1621843855905,20,0,37,2287.79644241368,-1,302
1621843855955,1621843856015,60,9,281,16588.0607325601,-12257,348
1621843856095,1621843856115,20,0,49,1192.3607960967,-1,138
1621843856204,1621843856224,20,0,32,281.311292804406,-1,110
1621843856394,1621843856414,20,0,45,1939.20291688222,-1,195
1621843856424,1621843856454,30,5,223,12703.3744486754,-1,318
1621843856604,1621843856994,390,9,776,34289.2564083971,-41968,226
1621843857004,1621843857014,10,-1,38,1613.63408394244,-1,-1
1621843857034,1621843857064,30,0,34,1025.49595849252,-249,149
1621843857084,1621843857204,120,4,52,946.390388321305,-1449,170
1621843857224,1621843857264,40,1,54,1276.02660017379,-965,137
1621843857274,1621843857334,60,2,49,954.924150163091,-952,125
1621843857344,1621843857354,10,-1,30,904.711881965146,-1,-1
1621843857364,1621843857414,50,1,42,1852.17310149875,-467,119
1621843857434,1621843857464,30,1,49,2727.65416196418,-830,252
1621843857514,1621843857564,50,2,56,1884.00079980667,-740,257
1621843857574,1621843857644,70,3,78,2867.43409974896,-2360,263
1621843857694,1621843857704,10,-1,34,834.067542463568,-1,-1
1621843857923,1621843857993,70,4,207,10071.4347903884,-11423,245
1621843858553,1621843858583,30,1,67,3683.01449313227,-3081,335
1621843858893,1621843858923,30,2,115,7319.19140405041,-7208,135
1621843858993,1621843859023,30,1,75,3544.67149704608,-3511,270
1621843859033,1621843859073,40,1,66,2184.660467243,-2827,312
1621843859113,1621843859143,30,1,70,3291.33515046533,-3882,261
1621843859582,1621843859602,20,0,65,4208.78982642692,-2181,244
1621843859732,1621843859752,20,13,2065,142280.595187401,-1,21
1621843859842,1621843860062,220,28,664,33748.5662512213,-22759,281
1621843860072,1621843860212,140,9,91,4106.9087017631,-2371,112
1621843860222,1621843860262,40,4,159,8992.09857396063,-7252,244
1621843860302,1621843860312,10,-1,30,476.635171400148,-1,-1
1621843860382,1621843860422,40,9,1263,80724.8448235825,-299,137
1621843860632,1621843860662,30,19,1338,37197.3722019541,-1,129
1621843860682,1621843860752,70,3,67,2306.86667266294,-1938,83
1621843860832,1621843860982,150,18,325,10827.1635142218,-11048,260
1621843861052,1621843861152,100,5,82,3501.04203377001,-2649,88
1621843861162,1621843861191,29,1,53,2458.64407247527,-1027,267
1621843861251,1621843861301,50,2,51,1790.99596825805,-1816,275
1621843861571,1621843861621,50,3,95,3617.78984547801,-3514,297
1621843861851,1621843862081,230,19,1597,151322.872852364,-92924,275
1621843862091,1621843862121,30,1,145,13518.6288557204,-8069,84
1621843862141,1621843862151,10,-1,36,776.956841429488,-1,-1
1621843862191,1621843862201,10,-1,32,1324.56998152795,-1,-1
1621843862301,1621843862351,50,12,377,13946.0522108155,-23829,156
1621843862601,1621843862661,60,10,307,17145.7054949284,-13506,194
1621843862671,1621843862741,70,4,229,11369.3162059515,-9390,252
1621843862791,1621843862920,129,4,360,19383.0941553427,-20935,34
1621843862930,1621843862990,60,2,58,2832.17913946366,-1123,336
1621843863000,1621843863030,30,2,99,4511.22770034892,-3315,165
1621843863110,1621843863130,20,1,125,7646.4228846705,-1,76
1621843863290,1621843863360,70,8,337,18098.9452013941,-23425,57
1621843863450,1621843863490,40,2,94,4679.41278047003,-1017,93
1621843863500,1621843863560,60,2,98,3640.09064529587,-6232,144
1621843863580,1621843863600,20,0,57,2677.83817022257,-1,146
1621843863650,1621843863660,10,-1,32,368.541622900501,-1,-1
1621843863790,1621843863830,40,2,95,4599.09672993394,-2771,232
1621843864460,1621843864549,89,34,868,53942.2619181386,-48599,271
1621843864599,1621843864779,180,2,920,73747.6754378116,-54320,328
1621843865189,1621843865229,40,10,547,25980.1390375572,-1,236
1621843865699,1621843865749,50,5,167,2068.1793730983,-4709,258
1621843865829,1621843866009,180,8,790,52807.2905795449,-60255,261
1621843866019,1621843866029,10,-1,31,1885.64553772323,-1,-1
1621843866059,1621843866089,30,1,828,82265.3306970173,-75369,293
1621843866099,1621843866188,89,5,302,28845.7446585196,-25617,285
1621843866298,1621843866338,40,1,57,1977.13562731565,-1787,33
1621843866358,1621843866398,40,1,58,2316.48229947876,-1430,354
1621843866508,1621843866558,50,7,416,37133.4952208342,-26474,163
1621843866688,1621843866698,10,-1,565,54499.8996705538,-1,-1
1621843866868,1621843866938,70,10,512,17554.309368372,-25527,144
1621843866958,1621843867028,70,2,91,3919.39116452605,-5899,220
1621843867038,1621843867108,70,2,41,2177.92782351222,-525,117
1621843867208,1621843867268,60,6,132,6395.40901042357,-4136,171
1621843867288,1621843867298,10,-1,40,3078.75411517349,-1,-1
1621843867708,1621843867718,10,-1,76,-1.0,-1,-1
1621843867728,1621843867798,70,5,113,8837.95328188318,-2686,339
1621843867808,1621843867847,39,4,234,22745.9576459557,-12672,140
1621843868517,1621843868577,60,4,76,36.4320082656306,-1,352
1621843868697,1621843868927,230,15,469,41687.3429616922,-25501,216
1621843868937,1621843868987,50,10,381,12409.5377193348,-17845,208
1621843868997,1621843869007,10,-1,34,509.881836699919,-1,-1
1621843869057,1621843869167,110,4,56,1278.89551730984,-1388,35
1621843869227,1621843869506,279,16,485,21564.4326319023,-16008,56
1621843869546,1621843869636,90,5,198,7691.21697953926,-10617,10
1621843869826,1621843869926,100,23,1267,7793.61131682119,-54903,32
1621843869996,1621843870046,50,1,36,714.113213234786,-254,266
1621843870066,1621843870136,70,1,435,38168.3883760165,-30247,280
1621843870156,1621843870216,60,1,561,48173.6501679354,-35263,340
1621843870276,1621843870396,120,14,507,25830.4689568615,-21398,350
1621843870416,1621843870446,30,0,45,1801.16640103509,-1169,334
1621843870456,1621843870516,60,12,598,35755.2542528375,-33948,188
1621843870776,1621843870816,40,7,339,17583.0790888746,-17247,298
1621843870916,1621843871076,160,30,843,47781.7584146307,-33433,144
1621843871166,1621843871255,89,32,726,37040.2401962192,-40213,341
1621843871275,1621843871405,130,5,57,2447.18770544264,-1163,162
1621843871445,1621843871475,30,1,56,1597.75175124858,-1923,133
1621843871515,1621843871555,40,1,55,1836.23080932948,-1414,182
1621843871625,1621843871655,30,3,188,13809.0134410535,-13107,11
1621843871715,1621843871725,10,-1,38,2013.64053152272,-1,-1
1621843871815,1621843871845,30,0,38,1544.94693459071,-516,274
1621843872015,1621843872055,40,5,201,13540.1626551391,-13882,182
1621843872355,1621843872385,30,4,219,15925.8719595547,-15169,354
1621843872425,1621843872445,20,0,40,1849.14139561411,-1031,156
1621843872455,1621843873184,729,16,1063,65749.8141245532,-45492,46
1621843873204,1621843873384,180,10,83,1487.92369518231,-2138,119
1621843874184,1621843874364,180,10,113,5542.86507717924,-6227,284
1621843874673,1621843874703,30,5,1070,-1.0,-79574,290
1621843874713,1621843874763,50,1,38,2882.16585924405,-530,126
1621843874793,1621843874803,10,-1,34,1832.87654417175,-1,-1
1621843874843,1621843874873,30,2,164,6547.97516218192,-1,66
1621843875283,1621843875373,90,1,516,41323.1338993214,-43393,115
1621843875393,1621843875493,100,15,432,25999.289382717,-25422,279
1621843875693,1621843875753,60,11,516,24756.0349995535,-23804,171
1621843875923,1621843875943,20,0,41,1647.75556064572,-1,56
1621843875953,1621843875973,20,0,32,201.598977319113,-1,51
1621843876083,1621843876332,249,9,404,2215.2508320879,-17142,59
1621843876342,1621843876382,40,5,221,14316.9692771841,-7518,286
1621843876392,1621843876502,110,7,121,5094.27761007498,-3259,76
1621843876512,1621843876542,30,1,51,2085.88497526975,-1051,84
1621843876842,1621843876902,60,10,380,21315.6721839252,-19854,3
1621843876972,1621843876992,20,0,39,722.314941178314,-1,146
1621843877032,1621843877052,20,0,43,1016.20083484558,-1,165
1621843877162,1621843877192,30,2,199,-1.0,-8361,249
1621843877212,1621843877222,10,-1,34,805.271027431826,-1,-1
1621843877252,1621843877272,20,1,82,6448.87397988829,-2448,78
1621843877302,1621843877312,10,-1,36,716.341143996098,-1,-1
1621843877322,1621843877362,40,0,34,510.964982578258,-336,81
1621843877372,1621843877412,40,3,165,7767.41632475335,-8066,189
1621843877512,1621843877522,10,-1,31,719.519479867593,-1,-1
1621843877542,1621843877552,10,-1,33,1562.67764028908,-1,-1
1621843877762,1621843877831,69,25,598,22705.9199192038,-16699,295
1621843877931,1621843877991,60,2,55,1529.23415818793,-958,108
1621843878201,1621843878231,30,2,125,5777.34692000212,-5651,291
1621843878401,1621843878411,10,-1,70,5785.59942256791,-1,-1
1621843878521,1621843878541,20,1,395,-1.0,-29202,254
1621843878661,1621843878761,100,24,603,26684.8829004847,-24740,202
1621843878771,1621843878801,30,2,149,13539.9051587589,-6036,102
1621843878811,1621843878841,30,1,54,2019.57806141813,-1313,272
1621843878851,1621843878971,120,11,223,11680.3334781503,-10432,101
1621843879031,1621843879101,70,1,360,23375.2357066806,-22317,323
1621843879111,1621843879251,140,3,554,24272.66563576,-40558,21
1621843879261,1621843879271,10,-1,34,2653.84803166238,-1,-1
1621843879401,1621843879411,10,-1,33,2959.08588304178,-1,-1
1621843879530,1621843879550,20,6,924,59902.6019192129,-1,27
1621843879660,1621843879930,270,3,599,18364.4353315122,-39866,110
1621843879980,1621843880010,30,1,81,3666.12228438543,-1015,213
1621843880170,1621843880180,10,-1,30,340.014027357155,-1,-1
1621843880240,1621843880260,20,0,55,2983.18763134265,-1725,233
1621843880300,1621843880320,20,0,36,829.220322187668,-266,167
1621843880410,1621843880420,10,-1,350,33969.099941465,-1,-1
1621843880530,1621843880600,70,8,614,-1.0,-39991,279
1621843880990,1621843881090,100,21,469,19099.9599901965,-24211,265
1621843881239,1621843881309,70,19,380,16980.9031953865,-14556,84
1621843881649,1621843881669,20,0,41,3000.69797888899,-1,165
1621843881979,1621843882079,100,3,154,15123.5717625476,-10361,82
1621843882259,1621843882319,60,4,344,13922.6174240757,-23808,324
1621843882439,1621843882449,10,-1,44,2520.12743925929,-1,-1
1621843882639,1621843882669,30,1,333,5557.03516522981,-26992,229
1621843882858,1621843882888,30,6,802,-1.0,-51711,250
1621843882908,1621843882998,90,4,430,23323.9856635619,-17969,295
1621843883048,1621843883068,20,0,58,2286.28276322577,-1,53
1621843883078,1621843883088,10,-1,49,3071.55119131344,-1,-1
1621843883208,1621843883288,80,19,1300,61280.598531132,-70154,266
1621843883298,1621843883318,20,0,47,2761.20689288673,-862,38
1621843883468,1621843883708,240,2,347,23138.7764154331,-17774,106
1621843884028,1621843884058,30,1,1199,111920.575922418,-1,283
1621843884258,1621843884348,90,3,880,2383.08934911472,-82257,169
1621843884398,1621843884408,10,-1,34,460.52169867752,-1,-1
1621843884418,1621843884438,20,1,68,5405.3296276951,-1804,129
1621843886526,1621843886556,30,0,138,122.887110646052,-9716,299
1621843886566,1621843886586,20,1,98,7170.02668132184,-5507,72
1621843886616,1621843886626,10,-1,38,2889.35670727323,-1,-1
1621843886666,1621843886686,20,1,56,4052.33703836067,-1720,248
1621843886736,1621843886806,70,14,360,13337.8593140302,-22102,11
1621843887146,1621843887156,10,-1,336,-1.0,-1,-1
1621843887166,1621843887276,110,10,287,22356.4433785313,-9555,258
1621843887306,1621843887376,70,2,53,2792.50197725083,-1694,319
1621843887416,1621843887476,60,9,314,23931.1578088891,-14020,174
1621843887506,1621843887516,10,-1,49,3467.41585201095,-1,-1
1621843887546,1621843887556,10,-1,54,3725.79236324647,-1,-1
1621843887706,1621843887726,20,0,44,3453.27819855964,-701,213
1621843887825,1621843887835,9,-1,45,3489.04723104367,-1,-1
1621843887855,1621843887875,20,1,158,9575.00726973728,-1,90
1621843888005,1621843888255,250,8,1076,17222.8799818435,-61494,217
1621843888265,1621843888275,10,-1,38,1942.15637930534,-1,-1
1621843888345,1621843888365,20,0,80,3443.20333073295,-1,72
1621843888465,1621843888505,40,19,896,-1.0,-39147,212
1621843888525,1621843888585,60,21,697,31665.5970161467,-46903,191
1621843888595,1621843888805,210,17,433,27317.5265613893,-28512,2
1621843889075,1621843889105,30,4,214,14073.917613321,-12125,147
1621843889235,1621843889255,20,0,78,4233.38266615069,-1,80
1621843889345,1621843889405,60,12,1456,26650.4647164372,-122569,234
1621843889604,1621843889634,30,0,36,486.762023651536,-1,291
1621843889664,1621843889674,10,-1,31,436.601601459967,-1,-1
1621843889744,1621843889754,10,-1,32,1282.9795553465,-1,-1
1621843889944,1621843890004,60,5,246,12622.0306486007,-9578,137
1621843890654,1621843890704,50,8,891,51962.5786106089,-82913,329
1621843890834,1621843890844,10,-1,36,943.896317040623,-1,-1
1621843890874,1621843890914,40,7,1617,120859.537855415,-990,13
1621843891074,1621843891213,139,13,393,31966.6049464873,-35898,153
1621843891223,1621843891293,70,2,53,1507.28085225867,-726,161
1621843891313,1621843891353,40,3,147,9927.56573015441,-8660,270
1621843891403,1621843891473,70,4,77,3092.04925007644,-1657,97
1621843891503,1621843891533,30,1,42,1240.63342624548,-17,87
1621843892023,1621843892073,50,7,157,8021.42308582327,-8196,356
1621843892743,1621843892753,10,-1,50,-1.0,-1,-1
1621843893062,1621843893102,40,5,219,11325.9091295067,-10364,185
1621843893122,1621843893132,10,-1,40,3571.15400215837,-1,-1
1621843893282,1621843893342,60,12,419,20923.4121879625,-18761,174
1621843893532,1621843893542,10,-1,33,1258.62157664995,-1,-1
1621843893692,1621843893752,60,8,267,11728.9037374709,-10846,185
1621843893922,1621843893952,30,2,107,7031.87953085406,-6090,149
1621843894212,1621843894222,10,-1,57,3160.63638101009,-1,-1
1621843894352,1621843894412,60,14,695,197.386996619754,-27106,286
1621843894841,1621843894861,20,1,118,7048.22966080271,-1,90
1621843895381,1621843895411,30,9,435,15695.5302825697,-19153,96
1621843895421,1621843895441,20,0,56,2762.29201553013,-2167,229
1621843895481,1621843895491,10,-1,45,3733.93768007781,-1,-1
1621843895501,1621843895521,20,0,72,5963.08288699494,-2878,280
1621843895531,1621843895601,70,18,453,14594.4959568462,-15366,239
1621843895761,1621843895811,50,11,379,21006.0080427695,-15858,232
1621843895841,1621843895871,30,0,41,1266.20773963149,-227,10
1621843895881,1621843895971,90,4,129,4827.56622698685,-7292,71
1621843895981,1621843896290,309,22,770,46631.194840878,-35035,275
1621843896300,1621843896410,110,4,52,1876.30269159009,-1714,34
1621843896460,1621843896480,20,0,35,918.318998834741,-361,69
1621843896540,1621843896550,10,-1,37,2267.86686335069,-1,-1
1621843896560,1621843896610,50,7,260,9405.23752039047,-11631,206
1621843896790,1621843896890,100,29,774,50322.7738233997,-51744,184
1621843896900,1621843897110,210,24,700,60929.2622649771,-56522,17
1621843897160,1621843897210,50,1,50,1733.42472754511,-1380,12
1621843898329,1621843898359,30,2,131,9452.20314313443,-9531,84
1621843898499,1621843898669,170,1,1140,84132.634531273,-48321,240
1621843898999,1621843899019,20,0,46,2600.33478539547,-1242,318
1621843899159,1621843899199,40,4,143,7533.1656753487,-5387,337
1621843899528,1621843899568,40,4,149,7196.5488116984,-10126,25
1621843899758,1621843899768,10,-1,42,1989.76830101243,-1,-1
1621843899988,1621843900048,60,9,1126,96182.715463163,-91804,168
1621843900408,1621843900428,20,0,69,3970.00621281701,-1,127
1621843900528,1621843900588,60,8,344,-1.0,-14282,311
1621843900818,1621843900858,40,7,316,19466.5367262671,-13121,330
1621843901197,1621843901227,30,1,82,4496.51918525591,-2508,0
1621843901697,1621843901717,20,1,88,5869.5870807022,-1,128
1621843901917,1621843901947,30,1,298,21959.3353786182,-1,80
1621843902037,1621843902087,50,25,1249,-1.0,-51972,322
1621843902227,1621843902267,40,2,82,4427.54787271037,-3127,302
1621843902807,1621843902816,9,-1,44,3588.84532267876,-1,-1
1621843903196,1621843903216,20,1,96,6807.78239246456,-514,271
1621843903486,1621843903526,40,3,134,6932.01803936659,-8280,233
1621843903646,1621843903706,60,8,300,21729.8448773465,-20081,226
1621843903716,1621843903726,10,-1,30,1020.96557448179,-1,-1
1621843903736,1621843903846,110,1,364,24434.7106893612,-11891,236
1621843903886,1621843903906,20,1,85,6991.91264645763,-1,135
1621843903916,1621843903926,10,-1,30,2336.95171742834,-1,-1
1621843903946,1621843904086,140,21,1367,71842.8499532332,-83638,82
1621843904186,1621843904206,20,0,90,-1.0,-5195,0
1621843904396,1621843904446,50,8,329,19649.6006833482,-12419,353
1621843904466,1621843904476,10,-1,51,2222.77510416726,-1,-1
1621843904545,1621843904565,20,0,58,3150.00461968495,-18,97
1621843904625,1621843904645,20,0,53,5085.81289735186,-1,263
1621843904685,1621843904785,100,15,703,39955.9495115795,-30479,55
1621843905045,1621843905105,60,17,566,39457.5389635529,-31455,232
1621843905385,1621843905505,120,21,849,56908.741113655,-78713,84
1621843905585,1621843905595,10,-1,57,3989.19528270335,-1,-1
1621843905725,1621843905775,50,17,677,39227.8227331878,-34041,55
1621843910522,1621843910532,10,-1,758,-1.0,-1,-1
1621843910992,1621843911012,20,0,256,-1.0,-21131,265
1621843911112,1621843911122,10,-1,41,1632.85435253753,-1,-1
1621843911132,1621843911161,29,0,71,4326.29422349507,-2278,351
1621843911171,1621843911181,10,-1,40,2825.49579009829,-1,-1
1621843911271,1621843911291,20,11,1082,55684.0824997823,-1,67
1621843911411,1621843911431,20,23,1106,109844.425031969,-1,246
1621843911491,1621843911531,40,8,388,20190.014295147,-26521,17
1621843911671,1621843911721,50,6,283,13601.5188664928,-19660,195
1621843911751,1621843911761,10,-1,32,1791.14081983917,-1,-1
1621843911951,1621843911981,30,2,113,9152.87934730538,-6042,6
1621843912171,1621843912221,50,7,331,22899.4709755893,-3315,32
1621843912471,1621843912521,50,6,285,13638.3996594845,-20928,196
1621843912551,1621843912661,110,0,452,20157.5163582181,-29463,327
1621843912691,1621843912711,20,1,105,8213.11700081614,-3177,233
1621843912721,1621843912751,30,3,166,11662.7118837892,-6331,112
1621843912810,1621843912830,19,1,111,6649.70358306371,-1,278
1621843912940,1621843912980,40,1,63,1456.80767615769,-1416,133
1621843912990,1621843913020,30,0,59,3049.47889455072,-2645,122
1621843913030,1621843913040,10,-1,33,730.290762758993,-1,-1
1621843913050,1621843913070,20,24,1142,111561.097371228,-1,65
1621843913310,1621843913320,10,-1,1776,176957.008319682,-1,-1
1621843913590,1621843913620,30,1,152,-1.0,-5529,243
1621843913650,1621843913700,50,24,1121,110141.947677913,-104870,65
1621843913730,1621843913740,10,-1,32,926.574466514722,-1,-1
1621843913750,1621843913830,80,3,40,2514.23810622092,-479,242
1621843913850,1621843913880,30,2,1627,153258.442577504,-1,47
1621843913890,1621843913920,30,23,1147,112549.924059188,-54441,247
1621843914070,1621843914090,20,23,1124,110636.246714568,-1,68
1621843914170,1621843914200,30,22,1092,107915.638630633,-101611,244
1621843914270,1621843914290,20,23,1107,109814.734116043,-150,65
1621843914330,1621843914430,100,23,1182,117460.850629698,-83040,246
1621843914449,1621843914469,19,23,1184,130999.823674824,-5929,65
1621843914559,1621843914599,40,6,205,11189.6092445004,-10705,279
1621843914769,1621843914789,20,23,1173,116805.720198664,-1,246
1621843914869,1621843914889,20,25,1265,125684.667213364,-1670,63
1621843914929,1621843914949,20,25,1255,125300.445083681,-989,243
1621843914989,1621843915049,60,5,139,7520.87789919192,-5683,58
1621843915089,1621843915109,20,24,1180,117087.931840908,-1,65
1621843915509,1621843915539,30,1,80,4701.21758638326,-4433,203
1621843915869,1621843915879,10,-1,33,-1.0,-1,-1
1621843915889,1621843915919,30,2,99,4598.0493530422,-3724,60
1621843917768,1621843917807,39,1,135,-1.0,-7030,154
1621843918057,1621843918067,10,-1,32,1911.93958377497,-1,-1
1621843918307,1621843918337,30,2,96,5876.58562843041,-5731,294
1621843918347,1621843918447,100,12,693,34757.2821731355,-52024,12
1621843918497,1621843918507,10,-1,2049,203414.449708477,-1,-1
1621843918767,1621843918777,10,-1,413,-1.0,-1,-1
1621843918787,1621843918927,140,1,1343,127796.605622046,-36438,316
1621843919247,1621843919287,40,2,100,4911.33396038136,-4178,27
1621843919297,1621843919367,70,1,105,6931.16543520319,-3460,286
1621843919596,1621843919646,50,2,54,-1.0,-655,107
1621843920066,1621843920096,30,2,103,5654.00828884221,-4617,293
1621843920126,1621843920146,20,1,131,6074.20097058531,-1,101
1621843920266,1621843920416,150,27,632,40783.7740487525,-38459,330
1621843920426,1621843920436,10,-1,34,1366.47833934269,-1,-1
1621843920466,1621843920476,10,-1,35,1920.00814196234,-1,-1
1621843920486,1621843920566,80,5,196,9958.30340906731,-6875,15
1621843920786,1621843920866,80,10,513,23122.78791493,-28167,235
1621843920926,1621843920976,50,1,361,20083.2627346323,-29980,73
1621843920986,1621843920996,10,-1,35,577.693771325107,-1,-1
1621843921036,1621843921126,90,2,250,20269.1879749585,-18917,181
1621843921136,1621843921175,39,2,203,18099.7045271319,-10967,1
1621843921185,1621843921255,70,1,282,20608.4452579711,-18440,289
1621843921305,1621843921345,40,6,229,13380.7314907239,-11425,228
1621843921395,1621843921455,60,12,366,23240.9055642058,-15828,32
1621843921475,1621843921495,20,0,63,3653.50489909973,-1,100
1621843921675,1621843921705,30,3,176,9321.54135866252,-7863,276
1621843921885,1621843921905,20,12,1624,104507.842197468,-1,10
1621843923794,1621843923864,70,12,446,30266.9516825106,-22425,70
1621843924593,1621843924603,10,-1,193,-1.0,-1,-1
1621843924623,1621843924633,10,-1,62,3439.0654828386,-1,-1
1621843924993,1621843925003,10,-1,34,2182.60554682388,-1,-1
1621843925103,1621843925123,20,0,30,201.561339094231,-15,65
1621843926352,1621843926422,70,16,256,745.447438377576,-581,100
1621843926522,1621843926532,10,-1,72,-1.0,-1,-1
1621843927951,1621843927981,30,0,40,2782.16508714387,-677,346
1621843928081,1621843928091,10,-1,37,-1.0,-1,-1
1621843929590,1621843929640,50,5,392,-1.0,-20847,295
1621843929690,1621843929780,90,30,592,34319.4372168824,-18338,70
1621843929800,1621843929840,40,1,43,1333.50571042386,-603,277
1621843929860,1621843930210,350,19,158,11024.5352111689,-9901,280
1621843930270,1621843930320,50,1,173,11522.7652329417,-3801,52
1621843930470,1621843930660,190,7,546,10047.9601235504,-28033,32
1621843930680,1621843930690,10,-1,36,2185.96406211949,-1,-1
1621843930720,1621843930960,240,11,298,16725.1573386868,-20742,173
1621843930970,1621843931020,50,2,44,3702.40927020171,-1,13
1621843931169,1621843931509,340,17,766,24221.9194600865,-34871,201
1621843931629,1621843931679,50,5,184,9056.98512590287,-10072,250
1621843932129,1621843932149,20,0,134,8939.46585844816,-1,60
1621843932249,1621843932309,60,8,940,-1.0,-67289,238
1621843932329,1621843932339,10,-1,33,726.057711448458,-1,-1
1621843932349,1621843932369,20,0,44,1288.61450400315,-1,320
1621843932529,1621843932539,10,-1,30,1860.55196005277,-1,-1
1621843932769,1621843933018,249,20,605,23848.4609523465,-32338,246
1621843933038,1621843933058,20,0,48,2095.25081515784,-1223,70
1621843933258,1621843933278,20,1,390,33064.8611415325,-1,349
1621843933448,1621843933458,10,-1,32,-1.0,-1,-1
1621843933528,1621843933598,70,16,572,28270.9758551371,-24198,9
1621843933618,1621843933678,60,3,83,4711.34642482874,-3629,131
1621843933768,1621843933928,160,6,836,71851.586432792,-42682,133
1621843933968,1621843933978,10,-1,32,596.629826429823,-1,-1
1621843934238,1621843934298,60,16,502,22790.2764477031,-19125,125
1621843934338,1621843934358,20,0,52,2872.79878579756,-1,270
1621843934557,1621843934577,20,0,40,729.079692116586,-1,15
1621843934597,1621843934617,20,0,40,2088.13652802077,-1,56
1621843934627,1621843934677,50,3,103,5609.13238098212,-4694,227
1621843934727,1621843934807,80,2,55,1557.73670896914,-793,310
1621843934817,1621843934827,10,-1,165,14514.0226898628,-1,-1
1621843934947,1621843935047,100,7,249,9609.65356993018,-15358,279
1621843935117,1621843935217,100,9,166,7645.65828166438,-2878,95
1621843937096,1621843937466,370,21,1222,43259.9063968726,-68817,199
1621843937476,1621843937556,80,2,75,3922.06730069916,-494,94
1621843937706,1621843937736,30,1,73,3039.36592481381,-3553,245
1621843937845,1621843937895,50,4,141,6825.92963288849,-5884,212
1621843937965,1621843937975,10,-1,41,1290.94844090629,-1,-1
1621843938015,1621843938055,40,20,1722,86270.125213933,-1,27
1621843938165,1621843938245,80,5,546,4132.05619423816,-40620,246
1621843938355,1621843938365,10,-1,35,809.598601786381,-1,-1
1621843938475,1621843938505,30,0,44,1033.63564720788,-1,270
1621843938835,1621843938875,40,5,232,13817.275925585,-11932,57
1621843939135,1621843939155,20,1,158,10182.6009923909,-1,92
1621843939265,1621843939345,80,7,197,1894.99508472255,-9864,255
1621843939584,1621843939614,30,1,90,6941.92702678398,-5132,199
1621843939694,1621843939754,60,19,523,17320.236193407,-4573,252
1621843939864,1621843939944,80,8,166,2420.65320390217,-5055,78
1621843939964,1621843939974,10,-1,36,712.174821681924,-1,-1
1621843940094,1621843940114,20,0,38,1237.21521948408,-18,95
1621843940214,1621843940224,10,-1,31,1150.6593544924,-1,-1
1621843940234,1621843940274,40,7,271,12698.7920350314,-12087,326
1621843940324,1621843940394,70,2,61,1711.83038684658,-1007,112
1621843940414,1621843940424,10,-1,40,1233.53534860752,-1,-1
1621843940444,1621843940564,120,4,868,62569.4065612152,-69785,70
1621843940584,1621843940594,10,-1,32,916.973522444517,-1,-1
1621843940624,1621843940634,10,-1,37,1024.61907707596,-1,-1
1621843940674,1621843940704,30,0,32,1822.83756822283,-194,231
1621843940714,1621843940794,80,29,615,19784.4815155739,-15750,77
1621843945131,1621843945141,10,-1,36,-1.0,-1,-1
1621843945361,1621843945411,50,1,125,7537.47931162567,-6687,113
1621843945481,1621843945501,20,0,34,1158.37763373355,-306,225
1621843945511,1621843945611,100,3,429,30756.2217551586,-29808,54
1621843945791,1621843945821,30,6,592,-1.0,-28467,58
1621843945911,1621843945941,30,24,1186,117089.570145835,-115486,245
1621843945991,1621843946041,50,24,613,30835.4008395623,-30539,65
1621843946230,1621843946240,10,-1,1808,178055.391941656,-1,-1
1621843946250,1621843946260,10,-1,1850,182991.627044929,-1,-1
1621843946340,1621843946390,50,23,1417,127876.634959863,-86533,259
1621843946500,1621843946580,80,11,454,27145.819697316,-19712,241
1621843946590,1621843946600,10,-1,33,1130.35568663349,-1,-1
1621843946860,1621843946930,70,19,612,22184.2324093867,-28625,345
1621843947190,1621843947440,250,14,538,40649.3398924088,-38962,164
1621843947460,1621843947560,100,23,1256,54145.2050405178,-96030,337
1621843947600,1621843947610,10,-1,31,853.810524186818,-1,-1
1621843947640,1621843947650,10,-1,31,432.260740083313,-1,-1
1621843947670,1621843947680,10,-1,35,1129.11946385343,-1,-1
1621843947700,1621843947720,20,0,38,1411.85065789295,-64,144
1621843947759,1621843947839,80,25,585,25588.9838687491,-28277,153
1621843948039,1621843948059,20,0,117,8615.11294359705,-1,90
1621843948159,1621843948169,10,-1,51,-1.0,-1,-1
1621843948209,1621843948219,10,-1,33,2047.82493406133,-1,-1
1621843948259,1621843948279,20,0,39,1190.92260089816,-1,257
1621843948339,1621843948399,60,19,448,25862.7739112113,-7313,70
1621843948839,1621843948879,40,8,726,-1.0,-33459,257
1621843948949,1621843949029,80,6,175,8424.59192207015,-5541,272
1621843949578,1621843949668,90,23,1594,107532.880006833,-138152,94
1621843952247,1621843952277,30,1,232,-1.0,-16130,251
1621843952297,1621843952317,20,3,176,16998.8482401246,-347,254
1621843952327,1621843952437,110,1,659,25501.1099437774,-16436,9
1621843953276,1621843953286,10,-1,650,-1.0,-1,-1
1621843953466,1621843953586,120,23,825,51642.826087815,-69603,72
1621843953606,1621843953616,10,-1,30,305.82465113851,-1,-1
1621843953866,1621843953916,50,22,1102,110050.604588427,-102924,242
1621843954106,1621843954136,30,0,41,2677.28234888561,-1,239
1621843954146,1621843954156,10,-1,72,5527.48427695066,-1,-1
1621843954815,1621843954825,10,-1,405,-1.0,-1,-1
1621843954995,1621843955115,120,46,1815,84284.7611178817,-90296,268
1621843955165,1621843955245,80,50,1205,48700.599478431,-34757,84
1621843957843,1621843957913,70,13,1397,19593.7423613105,-98580,299
1621843958163,1621843958273,110,0,290,11342.8570979615,-6299,159
1621843958693,1621843958783,90,34,1574,79087.2086976153,-49594,228
1621843958933,1621843958953,20,1,124,-1.0,-6206,92
1621843958983,1621843959043,60,1,83,7252.38321487725,-2495,347
1621843959083,1621843959253,170,11,332,19426.0827291778,-11560,264
1621843959263,1621843959343,80,8,451,34537.4522751318,-31130,328
1621843959353,1621843959382,29,1,92,2974.97419966328,-1,181
1621843959472,1621843959492,20,11,1087,48739.2052945713,-1,20
1621843959632,1621843959942,310,15,348,22345.4310775161,-12354,169
1621843960002,1621843960162,160,6,351,26035.8009957499,-19586,275
1621843960362,1621843960392,30,2,142,10279.3639651035,-7515,73
1621843960702,1621843960732,30,1,70,5251.41582966162,-3923,151
1621843961281,1621843961291,10,-1,66,3998.68402264974,-1,-1
1621843961401,1621843961491,90,15,1566,-1.0,-100673,310
1621843961791,1621843961821,30,2,138,6819.11506190544,-6004,187
1621843962171,1621843962201,30,1,51,2769.49520119013,-1489,174
1621843962281,1621843962291,10,-1,36,2123.65730510199,-1,-1
1621843962331,1621843962351,20,10,1560,102103.6390642,-1,138
1621843962451,1621843962511,60,26,1070,-1.0,-55821,323
1621843962521,1621843962541,20,0,51,1792.24931129202,-1,93
1621843962551,1621843962561,10,-1,37,1244.58132369201,-1,-1
1621843962681,1621843962760,79,25,558,29415.7872769,-14082,71
1621843963040,1621843963060,20,0,76,4536.58746150985,-1,90
1621843963190,1621843963260,70,4,90,1677.600740713,-2514,267
1621843963410,1621843963480,70,33,672,27832.3667413047,-9373,241
1621843963570,1621843963590,20,14,901,-1.0,-39060,58
1621843963680,1621843963960,280,24,660,28853.2934460465,-62340,65
1621843964190,1621843964250,60,3,79,3522.48066023772,-3736,89
1621843964569,1621843964629,60,4,375,28494.5650038866,-17072,71
1621843964689,1621843964719,30,3,148,7916.73750302398,-8032,359
1621843964839,1621843964899,60,15,541,24274.5474680561,-35138,298
1621843964949,1621843964969,20,0,84,3628.70688493391,-1,183
1621843964979,1621843964989,10,-1,121,9715.64892179459,-1,-1
1621843965169,1621843965289,120,1,900,74326.4717716846,-45690,207
1621843965319,1621843965329,10,-1,43,1750.07618616275,-1,-1
1621843965449,1621843965539,90,5,102,4018.67154055764,-1700,95
1621843967807,1621843967867,60,13,1446,7234.88734050575,-110902,299
1621843968057,1621843968087,30,0,48,1982.04126225518,-1300,315
1621843968277,1621843968337,60,17,521,28624.0017441022,-20256,14
1621843968537,1621843968557,20,1,144,9494.73835371015,-1,84
1621843968667,1621843968727,60,19,728,25265.2766935203,-39973,223
1621843968947,1621843969037,90,35,627,30301.8693809439,-16983,108
1621843970556,1621843970726,170,14,205,8299.81549257449,-6891,272
1621843970736,1621843970746,10,-1,30,285.633266275266,-1,-1
1621843970776,1621843970796,20,0,34,1244.48971249004,-405,278
1621843970806,1621843970876,70,2,55,803.240956093404,-722,275
1621843971006,1621843971075,69,3,177,9351.74993081097,-10017,270
1621843971105,1621843971235,130,5,67,2446.31799547397,-2074,275
1621843971245,1621843971255,10,-1,54,2599.06005245117,-1,-1
1621843971285,1621843971305,20,0,38,2809.07883654555,-25,240
1621843971405,1621843971435,30,1,71,1878.38121132312,-1,281
1621843971555,1621843971565,10,-1,62,-1.0,-1,-1
1621843971575,1621843971625,50,2,86,6558.36053892627,-3308,256
1621843971645,1621843971675,30,0,46,1087.40715644487,-1599,243
1621843971685,1621843971705,20,0,31,1551.51270138093,-1,213
1621843972055,1621843972085,30,3,167,10227.9402184058,-7964,260
1621843972585,1621843972635,50,6,220,13597.6519867294,-12483,47
1621843972924,1621843972944,20,2,434,28776.2679924751,-1,83
1621843973054,1621843973154,100,8,173,3146.24109434037,-4874,262
1621843973514,1621843973524,10,-1,35,1571.37104040123,-1,-1
1621843973594,1621843973634,40,4,178,11371.3600927032,-10608,182
1621843973994,1621843974034,40,4,183,9345.9366361567,-9017,305
1621843974513,1621843974623,110,27,393,10479.7203265996,-14230,250
1621843974653,1621843974693,40,4,170,11967.3240673305,-13014,43
1621843974703,1621843974783,80,9,337,15548.0041129099,-13062,215
1621843974863,1621843974883,20,6,2106,180438.118184156,-1,118
1621843974973,1621843975003,30,5,576,-1.0,-30435,7
1621843975013,1621843975093,80,2,331,18839.7873598803,-20249,293
1621843975293,1621843975333,40,4,180,11397.8796151219,-10323,267
1621843975633,1621843975673,40,3,124,7055.67291155541,-4660,248
1621843976042,1621843976102,60,9,315,19604.0623432999,-16228,80
1621843976412,1621843976442,30,2,121,5720.15100260503,-4419,124
1621843976662,1621843976682,20,1,279,18251.1636841569,-1,74
1621843976802,1621843976852,50,3,179,8945.96538490609,-10804,264
1621843977192,1621843977222,30,2,113,6717.06779061505,-7038,230
1621843977462,1621843977502,40,3,152,7351.84512234164,-6488,285
1621843977821,1621843977831,10,-1,36,1445.75721657852,-1,-1
1621843977961,1621843978021,60,5,150,1677.04803030934,-6370,270
1621843978141,1621843978241,100,32,587,19459.9415086648,-14008,279
1621843978431,1621843978451,20,6,504,25972.0928920888,-1,147
1621843978541,1621843978631,90,20,1889,302.931915261762,-88888,14
1621843978641,1621843978651,10,-1,34,801.897833197778,-1,-1
1621843979181,1621843979201,20,0,34,756.653173871266,-268,243
1621843979750,1621843979780,30,1,67,4309.07310157931,-2892,292
1621843980290,1621843980340,50,3,286,-1.0,-15509,258
1621843980810,1621843980820,10,-1,43,1796.69495347121,-1,-1
1621843981169,1621843981209,40,4,195,11525.4957508817,-8144,264
1621843981489,1621843981529,40,5,220,13178.5861559601,-11442,81
1621843982109,1621843982149,40,3,137,6483.24329620622,-5674,223
1621843982429,1621843982449,20,0,107,5899.10105617263,-1,90
1621843982579,1621843982658,79,8,277,9563.00748191532,-22512,271
1621843982708,1621843982718,10,-1,30,702.743980248296,-1,-1
1621843982748,1621843982818,70,0,304,23029.6675641397,-15329,341
1621843982958,1621843982998,40,2,107,5625.01996965085,-5362,14
1621843983108,1621843983208,100,3,42,956.230886489822,-702,182
1621843983408,1621843983428,20,0,36,2124.1560660635,-1,167
1621843983448,1621843983468,20,0,59,3565.7178788751,-1,246
1621843983618,1621843983708,90,32,588,33635.1782869046,-18484,268
1621843983748,1621843983758,10,-1,31,1662.70856436039,-1,-1
1621843983848,1621843983858,10,-1,38,1387.94071335432,-1,-1
1621843983888,1621843983908,20,0,115,8434.16851430149,-1,274
1621843984128,1621843984198,70,1,75,1256.44709486664,-1991,227
1621843984218,1621843984228,10,-1,30,564.712513309065,-1,-1
1621843984248,1621843984307,59,3,130,11914.4244838308,-5587,205
1621843984347,1621843984367,20,1,61,4301.08477379287,-2642,79
1621843984507,1621843984557,50,12,594,45688.1062137808,-32390,149
1621843984687,1621843984727,40,0,50,3995.26397832698,-1882,63
1621843984757,1621843984797,40,13,1971,132267.227277765,-1,87
1621843984907,1621843984967,60,2,334,1860.45877912158,-29331,273
1621843984987,1621843984997,10,-1,34,1109.9728774532,-1,-1
1621843985267,1621843985317,50,7,270,13404.5351389342,-10993,251
1621843985507,1621843985557,50,5,207,12532.0449574438,-9371,287
1621843985867,1621843985936,69,12,326,15271.0862305292,-13426,98
1621843986166,1621843986186,20,9,1728,125961.510321541,-1,34
1621843986296,1621843986346,50,3,286,1094.59062469285,-14593,209
1621843986796,1621843986826,30,3,194,11355.6466822588,-9390,264
1621843987266,1621843987306,40,2,77,4408.97061045518,-2591,277
1621843987815,1621843987835,20,6,1040,69521.9091757633,-1,150
1621843987945,1621843988005,60,7,280,4167.3930659964,-15118,298
1621843988035,1621843988045,10,-1,35,1557.61793840728,-1,-1
1621843989344,1621843989514,170,2,338,14952.8879760297,-15231,290
1621843990144,1621843990174,30,1,87,6107.63975595048,-5192,216
1621843990484,1621843990524,40,3,121,8089.97578331834,-7153,161
1621843990634,1621843990654,20,0,112,7685.72261356195,-1,90
1621843990764,1621843990834,70,9,338,20839.9250394944,-22887,274
1621843991363,1621843991403,40,2,115,7859.52829802443,-7109,10
1621843991853,1621843991863,10,-1,565,55952.3354512862,-1,-1
1621843991973,1621843992083,110,14,1261,3305.88088251994,-86286,328
1621843992762,1621843992792,30,1,83,6240.31330510008,-4877,201
1621843993162,1621843993182,20,1,198,12860.695626434,-1,41
1621843993292,1621843993352,60,1,172,3264.23187854313,-12130,229
1621843993442,1621843993502,60,9,346,21852.5929122584,-19407,266
1621843994202,1621843994252,50,8,282,13854.3692173139,-12303,105
1621843994411,1621843994431,20,0,123,7746.16169285917,-1,99
1621843994551,1621843994631,80,3,217,13235.1141741812,-17875,260
1621843994651,1621843994671,20,0,37,1261.60467043711,-1,276
1621843994781,1621843994831,50,6,229,12231.2832083021,-9304,284
1621843995301,1621843995331,30,1,98,5322.34509438836,-3074,146
1621843995531,1621843995551,20,12,1882,126593.011659687,-1,23
1621843995671,1621843995721,50,3,862,4680.69288723946,-72412,215
1621843995920,1621843995960,39,8,373,21453.5582383531,-16040,47
1621843996290,1621843996340,50,9,336,18813.0775108004,-16593,240
1621843996830,1621843996870,40,3,154,9986.30319400098,-9217,145
1621843996990,1621843997010,20,0,102,6779.14089895446,-1,74
1621843997120,1621843997200,80,6,182,3184.11419041222,-8691,293
1621843997260,1621843997270,10,-1,31,2050.48175098053,-1,-1
1621843997819,1621843997839,20,0,114,7826.75568573424,-1,78
1621843997969,1621843998029,60,6,203,8021.01800487405,-7766,260
1621843998039,1621843998069,30,1,75,3844.07247978197,-3113,256
1621843998329,1621843998379,50,8,283,13167.5228478954,-13499,274
1621843998899,1621843998939,40,6,258,14080.8349391168,-14147,353
1621843999198,1621843999219,20,3,426,24363.233155375,-1,106
1621843999308,1621843999378,70,3,190,9166.86059156663,-12660,266
1621843999548,1621843999588,40,4,206,10058.5068259382,-10039,182
1621844000058,1621844000088,30,1,77,4479.6805974022,-1394,111
1621844000718,1621844000768,50,5,211,10600.9323656312,-10927,328
1621844001027,1621844001097,70,5,125,5523.18710848063,-3876,264
1621844001437,1621844001487,50,10,419,22808.8239113756,-18827,116
1621844001667,1621844001697,30,1,63,2941.92059625803,-3277,241
1621844001717,1621844001737,20,0,44,2590.4901079494,-558,293
1621844001807,1621844001827,20,0,38,1197.59546117695,-1,309
1621844001847,1621844001897,50,1,50,930.932856833381,-1465,331
1621844001917,1621844001957,40,0,33,558.099869194906,-370,351
1621844001967,1621844001977,10,-1,32,908.856795544476,-1,-1
1621844002317,1621844002337,20,2,311,18542.065395474,-1,68
1621844002427,1621844002477,50,6,371,786.413006295848,-19808,253
1621844002936,1621844002996,60,5,178,10273.8185605494,-8026,322
1621844003056,1621844003066,10,-1,38,2305.29660253232,-1,-1
1621844003496,1621844003526,30,3,168,8996.15045740965,-7549,237
1621844003806,1621844003826,20,11,1813,124060.575845186,-1,27
1621844003926,1621844003986,60,5,736,1579.01265651638,-62852,249
1621844004285,1621844004305,20,0,40,1298.79256338827,-519,186
1621844004345,1621844004365,20,0,35,1100.35687659076,-1,194
1621844004375,1621844004445,70,2,41,995.261321465273,-697,156
1621844004525,1621844004575,50,3,120,5403.00185329017,-5598,57
1621844004695,1621844004725,30,0,97,6296.45188438478,-1,126
1621844004825,1621844004955,130,8,626,1404.35283972779,-44761,221
1621844004985,1621844005005,20,0,34,1509.73218036686,-321,225
1621844005015,1621844005035,20,0,36,784.644928901168,-179,195
1621844005075,1621844005095,20,0,50,2627.22644674332,-1954,255
1621844005115,1621844005125,10,-1,31,1329.89122165391,-1,-1
1621844005145,1621844005165,20,0,30,1370.63768092146,0,254
1621844005175,1621844005195,20,0,33,512.277713940033,-1,231
1621844005715,1621844005735,20,0,35,2367.98987743897,-1,186
1621844006014,1621844006024,10,-1,112,9152.37567295058,-1,-1
1621844006224,1621844006254,30,3,324,31713.0798426496,-16465,155
1621844006324,1621844006334,10,-1,33,416.915848008561,-1,-1
1621844006424,1621844006434,10,-1,31,232.660540598869,-1,-1
1621844006644,1621844006654,10,-1,30,1509.10366481497,-1,-1
1621844007054,1621844007094,40,5,244,13632.7581413906,-12869,211
1621844007753,1621844007773,20,0,70,3876.2077556657,-1,104
1621844007883,1621844007943,60,5,248,9992.08023859223,-16796,271
1621844008223,1621844008263,40,4,179,11078.9531759543,-10192,206
1621844008553,1621844008573,20,0,34,1415.61890537411,-409,140
1621844008673,1621844008693,20,10,1527,101252.484355354,-1,7
1621844008813,1621844008953,140,6,773,10241.4505797848,-50964,247
1621844008983,1621844009003,20,0,33,360.454431520655,-1,326
1621844009143,1621844009182,39,1,80,4062.72073476656,-4989,114
1621844009392,1621844009402,10,-1,36,1254.34045776979,-1,-1
1621844009582,1621844009592,10,-1,39,3117.06791565542,-1,-1
1621844009752,1621844009802,50,7,299,18225.4507206563,-16147,339
1621844010412,1621844010432,20,9,1295,85211.9004387827,-1,31
1621844010532,1621844010592,60,7,598,-1.0,-33974,231
1621844010762,1621844010782,20,0,32,1675.09639551009,-160,159
1621844010812,1621844010841,29,1,76,4386.39799670813,-2415,27
1621844010871,1621844010931,60,1,43,1195.47416400633,-1100,188
1621844010951,1621844010991,40,1,38,1276.80418472434,-596,180
1621844011001,1621844011041,40,1,49,1751.41370365694,-1572,191
1621844011051,1621844011061,10,-1,32,681.243232452617,-1,-1
1621844011071,1621844011091,20,0,59,4064.14681847051,-1,10
1621844011571,1621844011581,10,-1,73,5299.22398169891,-1,-1
1621844012530,1621844012540,10,-1,69,4400.44460085047,-1,-1
1621844012640,1621844012700,60,5,276,21911.2941875965,-17541,264
1621844012930,1621844012960,30,0,33,753.258374519759,-172,85
1621844012980,1621844013000,20,0,30,455.274802907921,-1,90
1621844013040,1621844013140,100,3,43,781.593900613944,-674,83
1621844013170,1621844013180,10,-1,32,230.634823380525,-1,-1
1621844013220,1621844013230,10,-1,30,287.243796282748,-1,-1
1621844013270,1621844013330,60,7,189,6809.42635127598,-7343,88
1621844013360,1621844013410,50,2,52,1719.0188930156,-1050,80
1621844014569,1621844014629,60,3,83,-1.0,-1586,257
1621844014639,1621844014699,60,3,95,3814.55448416688,-4593,273
1621844014729,1621844014899,170,10,88,3140.43508111371,-2881,280
1621844014929,1621844015009,80,5,1057,68508.3116269221,-4096,349
1621844015119,1621844015209,90,7,333,6510.60466227724,-18369,237
1621844015229,1621844015349,120,6,98,3217.17845920322,-3158,261
1621844015399,1621844015669,270,16,562,36233.2660985472,-17746,271
1621844015848,1621844015868,20,1,150,9360.78756130189,-1,79
1621844015958,1621844016178,219,18,253,11483.8555809073,-16541,270
1621844016188,1621844016198,10,-1,272,25956.677711458,-1,-1
1621844016328,1621844016398,70,12,568,-1.0,-22368,242
1621844016428,1621844016478,50,9,312,17390.3851965529,-14172,271
1621844016568,1621844016588,20,0,34,916.430888655693,-1,82
1621844016598,1621844016618,20,0,42,773.730945535927,-1,83
1621844016638,1621844016668,30,3,185,10510.7708267225,-8959,271
1621844016678,1621844016708,30,2,120,5896.57343230052,-4450,81
1621844016728,1621844017158,430,11,1362,61992.1944969876,-55519,66
1621844017258,1621844017268,10,-1,88,-1.0,-1,-1
1621844017358,1621844017398,40,3,124,8368.03983591906,-8178,51
1621844017577,1621844017997,420,16,676,23848.9478053419,-26823,298
1621844018087,1621844018187,100,4,79,2967.21590863959,-1962,43
1621844018197,1621844018217,20,0,57,3963.89192173465,-1171,225
1621844018237,1621844018247,10,-1,30,1006.56314231853,-1,-1
1621844018267,1621844018297,30,0,40,546.745619915962,-1,315
1621844018757,1621844018787,30,0,37,990.01437618402,-628,345
1621844018817,1621844018857,40,4,168,8612.45103545553,-8206,7
1621844019037,1621844019047,10,-1,94,-1.0,-1,-1
1621844019107,1621844019127,20,1,67,3784.0601838825,-1,146
1621844019196,1621844019206,10,-1,30,1077.74922438313,-1,-1
1621844019306,1621844019346,40,2,96,6194.59189859056,-6158,177
1621844019616,1621844019686,70,2,251,18315.1883307455,-21568,77
1621844019746,1621844019856,110,1,336,33224.8240954817,-15653,321
1621844019866,1621844019956,90,4,301,19990.4630336102,-15938,242
1621844019866,1621844019956,90,4,301,19990.4630336102,-15938,242
1621844019966,1621844019986,20,2,277,26389.46015181,-15755,273
1621844020046,1621844020086,40,3,115,7080.1388084368,-2022,11
1621844020236,1621844020276,40,1,47,2121.68298446096,-393,310
1621844020386,1621844020566,180,13,2149,18057.7290024312,-100293,187
1621844020676,1621844020686,10,-1,34,883.914256603724,-1,-1
1621844020696,1621844020835,139,1,381,23288.0962267949,-18054,104
1621844021095,1621844021205,110,8,350,19169.1149756866,-12668,92
1621844021295,1621844021395,100,10,636,2608.13113786423,-30697,258
1621844021405,1621844021425,20,0,45,951.941211291759,-1,209
1621844021535,1621844021585,50,1,48,2381.03433078785,-1699,79
1621844021605,1621844021625,20,0,34,616.390141074915,-1,74
1621844021825,1621844021885,60,2,67,1525.21294289609,-1774,83
1621844022015,1621844022105,90,3,77,2479.29779843871,-2407,284
1621844022454,1621844022494,40,4,158,9085.42975800958,-9116,184
1621844022664,1621844022694,30,3,188,12382.1224219214,-8950,54
1621844022874,1621844022884,10,-1,32,2844.93890275404,-1,-1
1621844022894,1621844022914,20,0,63,4026.02866664941,-1855,95
1621844023004,1621844023014,10,-1,32,1627.49605197303,-1,-1
1621844023234,1621844023254,20,0,63,4014.75901091936,-83,159
1621844023434,1621844023464,30,1,69,2259.17073877549,-2563,272
1621844023474,1621844023494,20,0,38,1188.59583254118,-1,276
1621844023514,1621844023544,30,1,66,2683.13250174507,-2632,325
1621844024004,1621844024054,50,3,117,4285.36270963179,-6478,24
1621844024493,1621844024523,30,2,103,7465.195047549,-6216,192
1621844024553,1621844024583,30,1,48,1442.98619421557,-569,248
1621844024603,1621844024613,10,-1,37,1239.02523240279,-1,-1
1621844024623,1621844024753,130,4,1702,66250.3927005645,-105274,71
1621844024763,1621844024813,50,2,57,1352.39874564626,-826,101
1621844024843,1621844024913,70,0,352,29159.1924315436,-23132,45
1621844024943,1621844025013,70,3,65,2736.66150579848,-2290,272
1621844025073,1621844025153,80,4,67,2130.09127803302,-2210,85
1621844025233,1621844025353,120,7,96,3243.77834132568,-2740,260
1621844025393,1621844025513,120,9,161,5036.81397406221,-3446,81
1621844025533,1621844025673,140,20,221,7838.06391984856,-4929,246
1621844025683,1621844025693,10,-1,34,2822.73716528985,-1,-1
1621844025703,1621844025842,139,10,141,5677.27687244301,-4164,92
1621844025922,1621844025982,60,5,146,7206.34311045976,-4416,273
1621844026032,1621844026152,120,9,125,6069.14756550055,-2825,79
1621844026192,1621844026282,90,7,124,7474.83019312077,-5897,266
1621844026382,1621844026462,80,4,77,3369.23054132204,-3222,65
1621844026472,1621844026482,10,-1,31,367.327242320902,-1,-1
1621844026542,1621844026662,120,22,2177,128525.344488176,-3930,160
1621844026882,1621844027062,180,6,81,2914.11732599289,-3083,333
1621844027132,1621844027412,280,20,1947,125894.04538093,-150740,346
1621844027491,1621844027581,90,4,71,2393.62909902986,-2872,294
1621844027631,1621844027731,100,6,83,2700.79528784185,-1591,105
1621844027791,1621844027861,70,5,111,5470.59340547324,-2330,261
1621844028011,1621844028041,30,1,96,7293.31043131377,-3784,94
1621844028121,1621844028181,60,2,46,1292.37457932642,-1550,262
1621844028231,1621844028311,80,6,191,7650.14251686616,-8901,41
1621844028421,1621844028441,20,0,35,788.060952635273,-1,255
1621844028671,1621844028771,100,6,145,3730.98919439178,-6526,241
1621844028841,1621844028881,40,2,67,2599.12504838084,-2796,63
1621844028941,1621844028961,20,0,38,2501.05554818037,-1,75
1621844029041,1621844029200,159,2,1023,61176.634014657,-48646,73
1621844029530,1621844029540,10,-1,64,5039.77707630628,-1,-1
1621844029560,1621844029600,40,1,70,3478.08840745639,-2280,189
1621844030190,1621844030210,20,1,74,4876.57618209133,-589,343
1621844030320,1621844030620,300,0,1157,106645.262049041,-104491,302
1621844030829,1621844030859,30,1,64,2110.45058061846,-1256,215
1621844031019,1621844031149,130,3,1033,66475.2753128117,-44781,91
1621844031189,1621844031259,70,2,56,2447.83808005844,-1357,67
1621844031359,1621844031399,40,1,52,1238.12466331106,-1,347
1621844031689,1621844031909,220,38,1294,76435.3567871653,-54202,359
1621844031929,1621844032189,260,27,263,10273.9789600496,-7947,276
1621844032219,1621844032319,100,5,101,4482.04114746792,-3123,110
1621844032378,1621844032538,159,9,72,2619.34887015386,-2542,258
1621844032588,1621844032728,140,13,124,4167.48102926811,-3938,89
1621844032768,1621844032778,10,-1,33,362.007505985243,-1,-1
1621844032788,1621844032888,100,6,103,4490.68753056594,-3051,274
1621844032938,1621844033118,180,15,323,11498.5755040793,-11998,65
1621844033168,1621844033198,30,1,50,1690.90627481136,-1403,197
1621844033228,1621844033238,10,-1,33,911.865357188776,-1,-1
1621844033268,1621844033398,130,15,449,19157.9255965306,-17168,155
1621844033438,1621844033568,130,11,140,7272.89993151167,-4290,287
1621844033648,1621844033738,90,7,183,4816.6237623295,-6964,75
1621844033788,1621844033838,50,2,65,2693.44215563215,-885,243
1621844033848,1621844033878,30,1,85,3627.33101398895,-3392,263
1621844034247,1621844034297,50,5,327,14277.3605560262,-23757,252
1621844034307,1621844034377,70,3,59,2548.31093347866,-2067,79
1621844034467,1621844034537,70,7,233,11661.4232849808,-12162,224
1621844034547,1621844034567,20,0,36,1076.23266892139,-256,262
1621844034657,1621844034797,140,19,599,22325.4863829865,-28200,309
1621844034977,1621844034997,20,0,47,3713.38944194801,-1599,285
1621844035197,1621844035217,20,0,46,2114.30864380702,-939,300
1621844035287,1621844035367,80,6,235,10252.4684979543,-1,76
1621844035567,1621844035687,120,8,610,15367.8606064468,-37445,258
1621844035697,1621844035717,20,0,37,867.201281750374,-239,11
1621844035726,1621844035846,119,6,99,3873.7348411915,-2827,65
1621844035856,1621844035886,30,2,121,9884.32579168288,-6173,301
1621844035966,1621844035996,30,1,50,2027.42741653056,-1063,278
1621844036016,1621844036036,20,0,44,1990.79368937801,-501,275
1621844036056,1621844036086,30,0,42,1186.23250568342,-294,280
1621844036176,1621844036236,60,11,710,43696.289544107,-53209,34
1621844036316,1621844036326,10,-1,288,27214.3285702184,-1,-1
1621844036466,1621844036516,50,16,886,70959.7347422691,-71754,73
1621844036526,1621844036606,80,4,115,6852.52197670591,-4656,140
1621844036616,1621844036626,10,-1,33,343.86679461896,-1,-1
1621844037006,1621844037046,40,4,168,12865.9656809633,-5725,143
1621844037276,1621844037286,10,-1,49,4243.74325877363,-1,-1
1621844037445,1621844037455,10,-1,142,-1.0,-1,-1
1621844037465,1621844037485,20,1,84,5530.33595249543,-2520,62
1621844037505,1621844037515,10,-1,45,3539.25558197312,-1,-1
1621844037615,1621844037635,20,1,119,-1.0,-4690,62
1621844037745,1621844037755,10,-1,34,-1.0,-1,-1
1621844038015,1621844038075,60,3,452,-1.0,-32908,203
1621844038155,1621844038255,100,21,494,15798.0733118724,-19103,293
1621844038335,1621844038345,10,-1,35,574.465629433732,-1,-1
1621844038355,1621844038575,220,10,401,21518.1698437641,-18444,316
1621844038595,1621844038685,90,4,75,2778.50450936259,-1506,111
1621844038725,1621844038745,20,1,205,12243.2043785709,-1,36
1621844038755,1621844038815,60,0,373,26111.8186069518,-32812,260
1621844038845,1621844038985,140,3,396,13959.3442243074,-26598,86
1621844039094,1621844039184,90,2,294,3616.62292780356,-15727,224
1621844039204,1621844039224,20,0,44,2771.2454919055,-1,171
1621844039244,1621844039274,30,0,35,847.647862842487,-295,162
1621844039284,1621844039314,30,0,43,796.133530718731,-800,186
1621844039334,1621844039394,60,2,52,1955.8443732763,-1014,214
1621844039454,1621844039464,10,-1,34,514.963234198958,-1,-1
1621844039514,1621844039524,10,-1,33,720.046016324094,-1,-1
1621844039534,1621844039564,30,4,210,14737.694652579,-9531,356
1621844039874,1621844039924,50,4,163,8017.90007675504,-6998,271
1621844039954,1621844039974,20,1,77,6465.50043601091,-163,85
1621844040004,1621844040014,10,-1,33,1486.67136213316,-1,-1
1621844040034,1621844040074,40,2,142,10086.1005288021,-7870,145
1621844040234,1621844040244,10,-1,46,4081.19820317345,-1,-1
1621844040254,1621844040294,40,2,109,7392.75376677909,-4440,280
1621844040354,1621844040414,60,1,38,1363.01390101111,-662,61
1621844040434,1621844040454,20,0,47,2886.93471084411,-123,59
1621844040474,1621844040494,20,1,129,6919.44304136261,-1,95
1621844040594,1621844040664,70,2,543,17472.9371750627,-34402,230
1621844040683,1621844040773,90,8,159,7641.39248886622,-4716,11
1621844040783,1621844040843,60,3,114,5241.19518206813,-3065,269
1621844040943,1621844040953,10,-1,36,684.286851564811,-1,-1
1621844040963,1621844040993,30,1,68,2828.44032206888,-1906,133
1621844041003,1621844041023,20,0,43,1660.89496032394,-129,160
1621844041063,1621844041083,20,1,62,3465.33112652216,-2245,177
1621844041143,1621844041233,90,4,70,1759.39992887877,-3514,14
1621844041243,1621844041283,40,3,121,5460.45117188803,-4426,148
1621844041293,1621844041323,30,1,449,37350.5950131383,-30033,313
1621844041333,1621844041353,20,1,58,4624.31219962736,-1387,39
1621844041403,1621844041423,20,0,49,3441.05699790437,-1,276
1621844041433,1621844041583,150,4,1082,72932.0420243027,-55594,238
1621844041613,1621844041633,20,0,38,870.805754483508,-756,49
1621844041643,1621844041773,130,6,256,16024.1536308486,-19556,12
1621844041963,1621844042113,150,15,594,26199.4548469888,-31168,306
1621844043612,1621844043942,330,30,639,19978.464529942,-18166,64
1621844043952,1621844043962,10,-1,83,5613.18495008149,-1,-1
1621844043971,1621844043981,9,-1,44,1908.26293719896,-1,-1
1621844044061,1621844044091,30,2,103,4899.4399853176,-4412,267
1621844044161,1621844044171,10,-1,31,737.542143664222,-1,-1
1621844044541,1621844044571,30,1,48,1573.23689942689,-1338,210
1621844044601,1621844044711,110,12,479,21138.812334252,-24990,179
1621844044721,1621844044761,40,1,50,1855.18453055644,-643,130
1621844044791,1621844044841,50,2,89,5381.51058785978,-935,256
1621844044851,1621844044981,130,13,1291,84482.3059214909,-57521,332
1621844044991,1621844045101,110,14,607,37485.9804461147,-8192,346
1621844045111,1621844045271,160,10,106,4272.64484150655,-4417,219
1621844045281,1621844045351,70,4,80,2411.86368541397,-270,121
1621844045431,1621844045521,90,2,113,8310.02559834412,-1,120
1621844045541,1621844045591,50,1,43,925.740776716477,-522,256
1621844045641,1621844045770,129,7,160,9730.2039182823,-1190,77
1621844046180,1621844046370,190,21,818,40660.2641177266,-30874,285
1621844046430,1621844046500,70,3,61,1871.00470261468,-1010,113
1621844046570,1621844046650,80,3,64,2048.83040350597,-3117,261
1621844046720,1621844046780,60,2,64,1306.77731003883,-1037,94
1621844046800,1621844046840,40,5,218,11308.4052870816,-10712,80
1621844046880,1621844046970,90,5,108,3081.06836274521,-3544,271
1621844047020,1621844047110,90,4,101,4913.95113533409,-2918,90
1621844047240,1621844047409,169,7,322,2027.63967821516,-12215,173
1621844047469,1621844047569,100,11,201,5247.04617979522,-9446,251
1621844047629,1621844047689,60,16,2319,153038.867734902,-2676,43
1621844047779,1621844047959,180,22,1380,21312.0878943804,-99082,241
1621844047989,1621844048119,130,8,116,5424.38369545302,-7512,91
1621844048209,1621844048219,10,-1,32,788.814679703265,-1,-1
1621844048329,1621844048339,10,-1,32,918.246662103906,-1,-1
1621844048459,1621844048509,50,2,102,5828.838617854,-6050,324
1621844048609,1621844048629,20,0,30,1043.3575928233,-1,81
1621844048829,1621844048859,30,2,110,7512.65052591345,-7405,153
1621844048978,1621844049118,140,0,949,57968.4171526151,-48109,332
1621844049128,1621844049228,100,4,80,1943.43549914422,-3010,86
1621844049358,1621844049388,30,4,236,14385.4822398803,-8751,44
1621844049428,1621844049458,30,1,88,5528.32339798852,-5862,170
1621844049548,1621844049658,110,5,68,3337.97767384669,-3348,245
1621844049688,1621844049748,60,2,58,1614.49912443252,-1396,102
1621844049818,1621844049928,110,5,76,2545.20552998243,-2044,265
1621844049998,1621844050038,40,3,139,8651.69160972531,-8354,18
1621844050108,1621844050218,110,6,92,3024.08697285588,-2103,272
1621844050298,1621844050338,40,1,47,1737.26037578076,-312,112
1621844050458,1621844050478,20,1,93,7087.76773263675,-521,190
1621844050727,1621844050777,50,1,42,1228.51616519003,-727,275
1621844050867,1621844050907,40,2,86,2829.5858767259,-3952,95
1621844051007,1621844051057,50,2,54,2461.61936075069,-794,258
1621844051197,1621844051257,60,2,187,16961.2205398289,-8439,31
1621844051327,1621844051437,110,5,69,2374.31051163781,-1648,263
1621844051497,1621844051567,70,2,50,2135.2657879787,-1193,100
1621844051607,1621844051637,30,2,142,7103.79157778829,-6278,172
1621844051647,1621844051727,80,3,57,1912.88530785632,-1971,255
1621844051837,1621844051887,50,2,49,1687.63988671631,-1195,84
1621844051897,1621844051947,50,1,46,1101.11386340244,-779,73
1621844052037,1621844052217,180,9,1854,138075.692616059,-77022,289
1621844052237,1621844052356,119,8,109,3725.33084301277,-3071,105
1621844052436,1621844052566,130,6,78,1925.56995855954,-1702,277
1621844052616,1621844052686,70,3,61,2832.91519862484,-2172,77
1621844052926,1621844053006,80,3,91,7244.99769929801,-5426,101
1621844053106,1621844053126,20,0,33,855.671979563848,-11,285
1621844053226,1621844053266,40,1,49,2647.80947593422,-872,107
1621844053286,1621844053306,20,0,32,944.196113326586,-1,140
1621844053406,1621844053416,10,-1,34,925.4470363693,-1,-1
1621844053536,1621844053576,40,1,41,1704.49558098316,-949,85
1621844053736,1621844053766,30,3,157,7629.1798981874,-6332,10
1621844053975,1621844054015,40,5,270,15645.0570679598,-11777,106
1621844054075,1621844054115,40,0,121,10841.8685892237,-1686,216
1621844054125,1621844054185,60,1,46,2832.534832871,-753,71
1621844054195,1621844054235,40,1,67,3649.72272415188,-2337,66
1621844054245,1621844054255,10,-1,34,608.089580126263,-1,-1
1621844054315,1621844054445,130,8,104,5196.00461425765,-3346,211
1621844054585,1621844054755,170,8,67,2664.63177439741,-2133,292
1621844054825,1621844054855,30,2,140,6747.42881016801,-5821,10
1621844054875,1621844054915,40,1,60,1586.4671996491,-2509,104
1621844055025,1621844055085,60,3,81,5458.66230943267,-2071,266
1621844055155,1621844055265,110,7,149,6354.07476767822,-7959,120
1621844055305,1621844055335,30,1,64,2223.92419446575,-1,278
1621844055465,1621844055475,10,-1,41,2663.46263694371,-1,-1
1621844055545,1621844055555,10,-1,30,977.356052845781,-1,-1
1621844055584,1621844055774,189,2,378,25443.2640217575,-21294,37
1621844055864,1621844055964,100,4,55,1978.00086242499,-1371,290
1621844056054,1621844056094,40,1,38,1188.0951969075,-355,113
1621844056294,1621844056334,40,3,145,7559.56158721849,-6612,161
1621844056974,1621844057014,40,1,38,1121.76084474112,-482,253
1621844057124,1621844057164,40,3,131,6272.03640379197,-6321,12
1621844057503,1621844057563,60,2,48,1978.39639059478,-1173,255
1621844057613,1621844057703,90,6,145,6063.65502606516,-985,67
1621844057803,1621844057923,120,13,290,11677.1911241149,-9935,234
1621844057933,1621844057943,10,-1,32,532.547451638051,-1,-1
1621844058003,1621844058083,80,3,80,3053.31456536261,-2468,82
1621844058163,1621844058213,50,1,50,2265.76464559716,-1248,265
1621844058333,1621844058363,30,1,61,2061.62081991759,-617,55
1621844058383,1621844058583,200,17,212,8985.59375787359,-9506,308
1621844058613,1621844058753,140,9,101,3525.82460195349,-2616,119
1621844058823,1621844058952,129,10,134,3840.68478775081,-4526,285
1621844058962,1621844058982,20,0,39,2433.8400032372,-24,331
1621844059002,1621844059112,110,10,171,9153.22341334699,-5763,100
1621844059162,1621844059272,110,7,82,1966.94273451497,-2535,290
1621844059332,1621844059462,130,10,1290,95753.6765438368,-1309,120
1621844059552,1621844059692,140,5,629,24937.4968008759,-54110,348
1621844059802,1621844059872,70,14,469,25907.7509216203,-17496,287
1621844059892,1621844059902,10,-1,38,1016.72441487295,-1,-1
1621844059942,1621844060042,100,3,1176,100118.662826203,-1170,84
1621844060142,1621844060272,130,5,461,24679.8644873164,-31066,270
1621844060282,1621844060322,40,1,38,666.399755005832,-535,162
1621844060362,1621844060392,30,1,47,2547.72760266817,-844,124
1621844060552,1621844060571,19,1,211,18175.7738566382,-1,39
1621844060681,1621844060741,60,7,326,17305.7344618821,-21501,242
1621844061181,1621844061191,10,-1,568,56244.7115180019,-1,-1
1621844061291,1621844061351,60,17,469,2279.60552200472,-17074,225
1621844061691,1621844061701,10,-1,53,2877.19713630224,-1,-1
1621844061811,1621844061861,50,10,570,-1.0,-24806,220
1621844062630,1621844062660,30,2,111,7869.65132411525,-6475,14
1621844062960,1621844062980,20,9,1412,94549.6847893202,-1,42
1621844063070,1621844063120,50,8,291,10.8053012177606,-7393,250
1621844064059,1621844064089,30,0,168,13045.8310511348,-1,36
1621844064189,1621844064219,30,6,525,-1.0,-22227,313
1621844064719,1621844064729,10,-1,41,3405.97441013828,-1,-1
1621844064829,1621844064849,20,13,1999,134185.469194421,-1,146
1621844064949,1621844064989,40,9,800,-1.0,-47606,304
1621844065009,1621844065029,20,0,40,1499.54010194691,-1,90
1621844065688,1621844065718,30,2,101,6257.66875467569,-5811,358
1621844065958,1621844065978,20,6,756,41640.9636719411,-1,119
1621844066068,1621844066128,60,9,250,3581.69286216119,-9842,284
1621844066578,1621844066598,20,1,165,11151.2756709916,-1,57
1621844066688,1621844066748,60,9,291,6618.75806482624,-9133,286
1621844067128,1621844067148,20,0,38,2759.67103629854,-1,153
1621844067297,1621844067317,20,7,1091,70841.7511053556,-1,56
1621844067417,1621844067467,50,11,1063,-1.0,-60815,274
1621844067957,1621844067987,30,2,97,5994.26232699473,-5139,351
1621844068317,1621844068337,20,7,925,53210.8251786504,-1,122
1621844068427,1621844068487,60,12,1522,-1.0,-102893,297
1621844068507,1621844068557,50,1,38,1222.17368734247,-817,83
1621844068577,1621844068587,10,-1,40,1498.7444113773,-1,-1
1621844068637,1621844068707,70,3,74,1941.78721850824,-2962,277
1621844068797,1621844068916,119,6,81,1927.12310900549,-2558,96
1621844068976,1621844069056,80,4,88,4039.24315427888,-2276,271
1621844069066,1621844069076,10,-1,39,1149.44012637005,-1,-1
1621844069096,1621844069116,20,10,1340,81937.5647998434,-1,34
1621844069216,1621844069266,50,9,921,-1.0,-57079,272
1621844069276,1621844069326,50,4,164,5644.44908959091,-6590,266
1621844069416,1621844069476,60,2,46,1737.58192362368,-1128,94
1621844069556,1621844069606,50,1,54,1740.96580890809,-1689,245
1621844069696,1621844069706,10,-1,30,190.789745614856,-1,-1
1621844069736,1621844069756,20,1,203,11602.9372807354,-1,70
1621844069886,1621844069936,50,8,604,-1.0,-27407,227
1621844069996,1621844070006,10,-1,44,2984.27548599613,-1,-1
1621844070356,1621844070386,30,1,54,3055.11312348517,-1960,2
1621844070825,1621844070845,20,11,1820,123726.482348827,-1,146
1621844070945,1621844070985,40,13,715,-1.0,-48120,316
1621844071475,1621844071485,10,-1,51,3625.83567091694,-1,-1
1621844071575,1621844071635,60,25,1425,-1.0,-70637,218
1621844071975,1621844072035,60,3,90,1988.03519402016,-5358,86
1621844072384,1621844072434,50,5,761,125.966372715094,-58047,259
1621844072454,1621844072604,150,8,71,4497.67668310739,-3549,83
1621844072684,1621844072704,20,0,34,1418.00618584185,-1,270
1621844072734,1621844072864,130,5,61,2792.40128077377,-1382,262
1621844072954,1621844073024,70,2,52,1953.4553003993,-937,95
1621844073214,1621844073224,10,-1,37,713.677365794119,-1,-1
1621844073274,1621844073304,30,2,105,5366.74303396385,-2769,193
1621844073554,1621844073574,20,0,52,2235.94906557588,-1249,274
1621844073584,1621844073594,10,-1,52,3876.29648284634,-1,-1
1621844073684,1621844073744,60,16,1576,18228.8675533695,-79621,324
1621844073983,1621844074023,40,2,92,5960.82600922055,-3905,86
1621844074513,1621844074533,20,10,1158,68689.3221662341,-1,12
1621844074623,1621844074683,60,23,984,-1.0,-44955,225
1621844075033,1621844075043,10,-1,50,3180.62082223599,-1,-1
1621844075682,1621844075712,30,2,125,9073.78588579742,-7889,187
1621844076172,1621844076192,20,0,130,8323.8159610293,-1,83
1621844076282,1621844076322,40,7,324,14288.0871259275,-10292,269
1621844076332,1621844076352,20,0,55,3103.83852200846,-988,122
1621844076592,1621844076612,20,0,53,3617.07672484304,-1,3
1621844077092,1621844077121,29,2,129,7782.42564586422,-8041,167
1621844077231,1621844077241,10,-1,60,3248.59869757265,-1,-1
1621844077251,1621844077261,10,-1,249,22625.0124179549,-1,-1
1621844077361,1621844077411,50,8,387,25032.9180682133,-33154,337
1621844077431,1621844077451,20,0,47,4402.08983303261,-1163,250
1621844077911,1621844077921,10,-1,36,1928.23580568077,-1,-1
1621844078231,1621844078251,20,1,182,10305.9623457449,-1,75
1621844078361,1621844078561,200,28,572,5139.28713168726,-44243,200
1621844078721,1621844078850,129,8,95,4651.25006540247,-5004,79
1621844078970,1621844078990,20,0,43,1725.37121323962,-562,299
1621844079030,1621844079170,140,5,60,1753.32058882211,-3016,264
1621844079280,1621844079360,80,29,2268,24550.6685181344,-106060,249
1621844079370,1621844079380,10,-1,32,1420.35317384098,-1,-1
1621844079410,1621844079450,40,1,57,1973.09271204281,-1696,91
1621844079460,1621844079500,40,2,97,5690.98612554277,-4783,81
1621844079640,1621844079670,30,1,73,3483.35099614121,-1762,266
1621844079680,1621844079770,90,4,65,2036.65202055208,-1507,264
1621844079910,1621844080020,110,4,47,1493.3402595463,-705,83
1621844080140,1621844080150,10,-1,33,1327.04838954786,-1,-1
1621844080240,1621844080290,50,9,586,-1.0,-21469,239
1621844080400,1621844080450,50,1,58,1504.86080219581,-1356,78
1621844080629,1621844080679,50,2,86,3169.03376994625,-3566,243
1621844081499,1621844081659,160,0,918,43697.5591440095,-62331,82
1621844082009,1621844082039,30,1,93,5384.41531641097,-3050,7
1621844082268,1621844082288,20,2,484,37259.600335196,-1,165
1621844082418,1621844082578,160,11,192,8840.54606923418,-9113,300
1621844082728,1621844082748,20,0,45,1482.25398879453,-1,77
1621844082818,1621844082858,40,5,215,11548.9106436548,-11709,109
1621844083008,1621844083058,50,1,85,5350.23187350732,-3424,92
1621844083158,1621844083188,30,1,88,5719.91522914565,-5155,39
1621844083648,1621844083718,70,7,285,20510.3866582784,-16341,269
1621844083737,1621844083957,220,15,114,2785.98415565817,-2282,271
1621844084167,1621844084177,10,-1,52,-1.0,-1,-1
1621844084257,1621844084347,90,17,500,28901.6973016951,-13856,275
1621844084447,1621844084467,20,0,33,1417.16540885614,-47,98
1621844084657,1621844084727,70,13,321,15131.4070768446,-13896,96
1621844084747,1621844084767,20,0,36,533.822999971053,-1,270
1621844085037,1621844085047,10,-1,30,778.799088744999,-1,-1
1621844085107,1621844085157,50,5,214,11741.8225900564,-10705,58
1621844085327,1621844085367,40,5,212,13480.062963998,-12822,216
1621844085886,1621844085936,50,8,278,13855.9439736382,-9657,331
1621844086286,1621844086306,20,1,130,-1.0,-3671,150
1621844086736,1621844086806,70,14,340,17617.6929307135,-11710,95
1621844086906,1621844087145,239,15,268,20962.0513568912,-19609,269
1621844087365,1621844087465,100,14,412,32749.3194255531,-22490,89
1621844087595,1621844087615,20,0,34,2470.20484942559,-11,61
1621844087875,1621844087915,40,7,250,13266.1019212681,-8714,262
1621844087995,1621844088095,100,5,67,3092.68732055385,-1615,89
1621844088235,1621844088295,60,5,216,10113.3907263867,-11556,263
1621844088595,1621844088645,50,10,361,19538.8457322174,-18577,301
1621844088894,1621844088954,60,16,563,32525.4927284724,-20738,324
1621844089104,1621844089174,70,20,712,38295.5194445558,-34822,137
1621844089244,1621844089314,70,2,43,1991.19811810667,-696,272
1621844089634,1621844089654,20,1,113,-1.0,-4145,300
1621844089664,1621844089674,10,-1,45,2938.34099565088,-1,-1
1621844089864,1621844089904,40,1,55,2750.23059943278,-1324,282
1621844089934,1621844089994,60,3,163,9842.96248959799,-6797,159
1621844090084,1621844090104,20,0,67,2353.79157090493,-1,65
1621844090274,1621844090314,40,3,548,37870.0652859617,-46386,22
1621844090324,1621844090393,69,6,239,14805.7182431759,-11873,312
1621844090513,1621844090613,100,5,307,21013.2515192171,-25423,346
1621844091033,1621844091053,20,11,1687,115408.218374642,-1,155
1621844091633,1621844091723,90,16,610,52129.6672404146,-30271,343
1621844091783,1621844091793,10,-1,36,2029.27113168777,-1,-1
1621844091823,1621844091843,20,1,202,12423.8640512975,-1,88
1621844091953,1621844092072,119,9,467,24914.9525494156,-32887,269
1621844092162,1621844092182,20,0,33,844.689330653465,-1,153
1621844092322,1621844092352,30,4,184,12432.7118418149,-11074,346
1621844092602,1621844092622,20,0,34,766.250482591104,-1,113
1621844092842,1621844092862,20,1,126,5966.14912678354,-1,95
1621844092962,1621844093022,60,4,207,1253.93992576455,-8744,270
1621844093122,1621844093152,30,1,81,5358.85122830182,-4632,299
1621844093592,1621844093612,20,1,678,58680.0531331445,-1,180
1621844093841,1621844094181,340,14,1049,62918.7174042255,-48512,214
1621844094201,1621844094231,30,1,173,15655.7904747061,-8679,35
1621844094241,1621844094411,170,8,377,35108.1602702206,-31184,260
1621844094421,1621844094481,60,3,138,12068.5074213264,-6637,257
1621844094501,1621844094631,130,6,200,10432.1041798511,-12020,344
1621844094641,1621844094651,10,-1,44,1691.67433138369,-1,-1
1621844094661,1621844094671,10,-1,45,2050.80545592828,-1,-1
1621844094681,1621844094781,100,24,556,33590.1527701588,-38565,24
1621844094801,1621844094811,10,-1,31,249.454532721009,-1,-1
1621844094921,1621844094931,10,-1,32,1396.80987526781,-1,-1
1621844094951,1621844095041,90,13,301,12006.9565452903,-5204,174
1621844095191,1621844095590,399,16,671,60278.4008344352,-57233,306
1621844095690,1621844095970,280,7,484,32181.5528653213,-23183,157
1621844095980,1621844096180,200,15,382,21470.1330267106,-24992,351
1621844096190,1621844096290,100,19,1095,72011.8193728316,-61850,95
1621844096520,1621844096550,30,3,444,16483.0598269144,-28758,278
1621844096570,1621844096640,70,4,91,2997.09378100514,-3642,82
1621844096650,1621844096690,40,6,232,14026.5459360624,-8913,314
1621844097019,1621844097089,70,1,194,2642.28277740709,-6719,304
1621844097139,1621844097159,20,0,36,1419.69314755315,-615,263
1621844097259,1621844097309,50,7,302,19339.2335258393,-20530,113
1621844097319,1621844097329,10,-1,220,20158.438666378,-1,-1
1621844097399,1621844097419,20,0,49,1901.6739117593,-1,276
1621844097479,1621844097569,90,23,527,22718.9201447703,-17239,252
1621844097619,1621844097689,70,2,838,62012.358600889,-70905,39
1621844097699,1621844097789,90,6,331,22003.2902431007,-12809,55
1621844097829,1621844097879,50,2,562,33248.2385608002,-23574,209
1621844097889,1621844097929,40,3,197,14828.4066835327,-10108,89
1621844097939,1621844098009,70,4,205,10016.8189505934,-10576,4
1621844098059,1621844098249,190,4,1621,100655.539123277,-64956,47
1621844098279,1621844098289,10,-1,45,3034.58584211245,-1,-1
1621844098349,1621844098369,20,0,46,1773.34025961055,-518,111
1621844098379,1621844098439,60,14,370,18210.8474778385,-13830,261
1621844098449,1621844098599,150,11,130,9308.24934750092,-7882,81
1621844098619,1621844098629,10,-1,41,1723.5490807748,-1,-1
1621844098639,1621844098968,329,9,888,64598.8666039064,-77477,14
1621844098998,1621844099028,30,0,42,1477.56740988526,-1083,6
1621844099058,1621844099078,20,0,42,1141.68498959089,-1,71
1621844099168,1621844099378,210,35,710,39546.9157996587,-28896,162
1621844099388,1621844099508,120,8,516,35812.6021501883,-17885,328
1621844099518,1621844099578,60,2,66,3306.99941321971,-1842,2
1621844099648,1621844099778,130,4,118,8742.78327311213,-3041,315
1621844099788,1621844099808,20,0,41,1626.7922043544,-60,319
1621844099818,1621844099958,140,15,331,19157.4034422484,-19609,262
1621844099968,1621844100018,50,2,59,1651.52906745225,-865,11
1621844100028,1621844100038,10,-1,33,383.092055307017,-1,-1
1621844100068,1621844100078,10,-1,32,1418.2871287516,-1,-1
1621844100108,1621844100118,10,-1,33,883.199854342838,-1,-1
1621844100158,1621844100188,30,1,114,5571.94809840729,-1,229
1621844100198,1621844100208,10,-1,185,17115.2849024291,-1,-1
1621844100297,1621844100367,70,13,955,10015.2781337748,-61900,14
1621844100377,1621844100417,40,2,115,7634.03852334774,-3735,263
1621844100437,1621844100497,60,6,232,8960.88282751253,-5605,143
