start,end,duration,amplitude,peak_velocity,peak_acceleration,peak_deceleration,direction
1621841243846,1621841243896,49,1,55,1386.9425445952,-1401,193
1621841243916,1621841243926,10,-1,33,541.771325918557,-1,-1
1621841243936,1621841243976,40,1,102,6529.2404749047,-7132,213
1621841243986,1621841244036,50,1,40,2553.81860129314,-739,259
1621841244166,1621841244206,40,1,40,873.821898557846,-653,210
1621841244236,1621841244256,20,0,33,253.536251031579,-1,141
1621841244286,1621841244296,10,-1,32,751.353739025934,-1,-1
1621841244316,1621841244576,260,20,586,17574.9037397404,-26745,3
1621841244586,1621841244596,10,-1,44,1529.65093559409,-1,-1
1621841244606,1621841244626,20,0,54,4920.82630919698,-2356,156
1621841244636,1621841244696,60,4,226,10364.8076776579,-14996,175
1621841244706,1621841244896,190,25,503,21908.2398010022,-21818,166
1621841244906,1621841245126,220,13,776,55219.1792462837,-22994,296
1621841245805,1621841245865,60,9,355,22480.8459145394,-18999,96
1621841246145,1621841246165,20,0,54,3196.5687106677,-901,292
1621841246245,1621841246365,120,27,1736,112061.969323318,-133944,199
1621841246385,1621841246405,20,1,83,4082.38347421522,-1,175
1621841246425,1621841246435,10,-1,125,9797.28831414804,-1,-1
1621841246445,1621841246465,20,2,197,16826.5328436097,-7445,11
1621841246475,1621841246505,30,1,45,1300.04243778829,-1495,2
1621841246525,1621841246585,60,3,208,16126.9268626604,-12966,24
1621841246605,1621841246675,70,3,179,15303.5666214779,-12751,54
1621841246725,1621841246755,30,0,36,2699.26022655132,-273,26
1621841246765,1621841246855,90,13,290,17479.240235643,-14614,170
1621841246865,1621841246875,10,-1,88,6070.35198100633,-1,-1
1621841246885,1621841246925,40,3,149,5000.49061418192,-9873,346
1621841246935,1621841246945,10,-1,346,32447.692486937,-1,-1
1621841246955,1621841246995,40,1,413,38559.2552733043,-36064,324
1621841247005,1621841247015,10,-1,36,2417.55078511943,-1,-1
1621841247025,1621841247065,40,1,51,1469.86236584536,-575,321
1621841247084,1621841247184,99,2,265,13139.6856915191,-4536,240
1621841247284,1621841247374,90,12,1367,3616.46483014541,-66098,326
1621841247384,1621841247614,230,22,221,14793.2923356114,-13970,126
1621841247744,1621841247814,70,2,49,1766.18528351129,-1230,280
1621841247844,1621841247854,10,-1,34,1528.25580764711,-1,-1
1621841247864,1621841247954,90,8,300,18552.9588670671,-13976,120
1621841248134,1621841248174,40,4,212,15051.3692285751,-13565,126
1621841248204,1621841248214,10,-1,49,3838.20358655071,-1,-1
1621841248314,1621841248354,40,4,199,10294.5338031459,-8299,22
1621841248843,1621841248873,30,1,76,5629.57871973219,-4597,1
1621841249223,1621841249253,30,2,116,6186.64102000976,-4452,194
1621841249383,1621841249723,340,8,241,13950.6320016058,-12900,284
1621841250023,1621841250153,130,7,89,3095.46202074567,-2153,273
1621841250163,1621841250193,30,0,34,247.352900556013,-1,278
1621841250263,1621841250273,10,-1,32,1123.02772426485,-1,-1
1621841250283,1621841250402,119,6,77,1631.67846319314,-1805,103
1621841250442,1621841250472,30,1,81,3916.97285251059,-2871,17
1621841250512,1621841250562,50,1,39,1308.75169291139,-525,266
1621841250592,1621841250642,50,2,58,1935.80291740572,-1628,257
1621841251652,1621841251712,60,15,402,22580.0499700026,-12277,159
1621841251722,1621841251842,120,11,290,15257.4281098058,-23450,204
1621841251852,1621841251872,20,0,134,10745.7981751383,-9081,198
1621841251902,1621841252191,289,16,389,20800.0085890448,-27491,62
1621841252211,1621841252281,70,5,323,22802.6984272634,-15953,341
1621841252301,1621841252341,40,4,248,20767.5844450581,-9516,172
1621841252381,1621841252411,30,5,255,18455.924632098,-17559,342
1621841252501,1621841252521,20,0,90,5363.83751807698,-1,342
1621841252531,1621841252551,20,0,87,7593.13071949702,-5473,191
1621841253091,1621841253141,50,5,202,9472.87808516792,-9544,133
1621841253411,1621841253471,60,14,386,11928.9945061065,-18846,248
1621841253521,1621841253531,10,-1,60,4874.79331371801,-1,-1
1621841253670,1621841253680,10,-1,30,1217.2206340648,-1,-1
1621841253840,1621841253850,10,-1,36,2055.37525101985,-1,-1
1621841253860,1621841253920,60,0,108,5739.29218847374,-5224,270
1621841253940,1621841253960,20,1,59,5015.17191814842,-2058,95
1621841253980,1621841254150,170,37,1567,77314.8841507994,-104618,354
1621841254180,1621841254200,20,0,34,2036.72783907336,-76,145
1621841254360,1621841254400,40,2,74,4233.83980934007,-2612,182
1621841254760,1621841254820,60,3,159,14192.9516488477,-8361,96
1621841254860,1621841254940,80,13,397,17628.846694049,-18721,104
1621841255130,1621841255169,39,6,237,15656.5410966472,-16841,107
1621841255619,1621841255679,60,10,257,9157.77792717789,-12773,272
1621841255829,1621841255899,70,10,321,22263.9894967344,-16656,299
1621841255999,1621841256019,20,0,46,2293.46922492239,-395,121
1621841256029,1621841256059,30,2,118,7921.53553552292,-2950,77
1621841256109,1621841256359,250,27,623,37367.5402283279,-25743,154
1621841256379,1621841256409,30,2,101,6480.63481032104,-4441,87
1621841256469,1621841256559,90,3,64,2541.03098154214,-1491,321
1621841256569,1621841256609,40,2,172,9150.24787114522,-2802,144
1621841256619,1621841256699,80,2,105,8412.00559486284,-6114,305
1621841256729,1621841256779,50,1,40,1141.84884127528,-564,303
1621841256818,1621841256878,60,1,175,12302.5236041114,-10277,280
1621841256888,1621841256928,40,2,150,8752.37099176459,-9190,172
1621841256948,1621841256978,30,2,142,10441.7874437861,-8074,296
1621841257088,1621841257118,30,1,78,3885.57680668267,-4692,292
1621841257128,1621841257148,20,0,39,1412.77320743495,-1,236
1621841257188,1621841257278,90,9,621,48684.2699189292,-55195,185
1621841257358,1621841257368,10,-1,71,5229.05214837603,-1,-1
1621841257378,1621841257398,20,0,84,7209.49782386794,-5396,293
1621841257448,1621841257508,60,10,416,29650.8704562936,-27335,263
1621841257548,1621841257578,30,2,85,4358.99363315002,-4503,17
1621841257718,1621841257728,10,-1,38,2324.57197357526,-1,-1
1621841258018,1621841258028,10,-1,63,5284.39091730173,-1,-1
1621841258378,1621841258397,19,0,63,4389.24349580664,-2667,346
1621841258428,1621841258477,49,12,419,19603.6263298245,-19876,45
1621841258737,1621841258807,70,8,205,7674.62724300045,-7588,215
1621841258897,1621841259027,130,3,241,17817.1408024651,-13635,241
1621841259047,1621841259077,30,5,334,23236.9773766365,-1,356
1621841259087,1621841259137,50,6,546,35833.0231498524,-23911,167
1621841259157,1621841259487,330,34,869,45668.9813265816,-45391,16
1621841259497,1621841259527,30,4,199,10261.3493081858,-11636,164
1621841259557,1621841259567,10,-1,35,1109.32675187404,-1,-1
1621841259597,1621841259627,30,0,34,755.875092351129,-422,175
1621841259827,1621841259847,20,0,95,6431.19629340653,-1,247
1621841259857,1621841259937,80,12,338,15007.7271253111,-13270,93
1621841260426,1621841260486,60,11,355,16948.8932674317,-19120,286
1621841260636,1621841260646,10,-1,34,1755.7047659689,-1,-1
1621841260656,1621841260666,10,-1,61,5146.71980680998,-1,-1
1621841260676,1621841260716,40,1,126,8445.13156766891,-7203,228
1621841260756,1621841260766,10,-1,32,1667.36455081365,-1,-1
1621841261106,1621841261196,90,22,550,22080.054113193,-19725,174
1621841261246,1621841261306,60,4,329,19644.3862053221,-21463,98
1621841261316,1621841261376,60,4,104,7518.70678206767,-5548,285
1621841261406,1621841261436,30,1,61,4107.02426853605,-2409,286
1621841261456,1621841261476,20,0,49,2227.96996231231,-311,305
1621841261496,1621841261506,10,-1,34,908.442688858123,-1,-1
1621841261646,1621841261685,39,1,277,26638.3035532921,-6386,353
1621841261775,1621841261915,140,25,585,23606.2811938294,-34714,357
1621841262075,1621841262105,30,1,86,5049.67109691234,-3665,220
1621841262235,1621841262245,10,-1,33,1008.30455738701,-1,-1
1621841262425,1621841262485,60,13,430,22241.4199136262,-15109,102
1621841262645,1621841262675,30,0,43,1292.98133351207,-231,93
1621841262755,1621841262815,60,8,1045,50882.6151040314,-5951,48
1621841262905,1621841262955,50,28,1738,-1.0,-84223,227
1621841263035,1621841263075,40,1,37,1229.27741159582,-283,122
1621841263085,1621841263095,10,-1,36,1142.79429442671,-1,-1
1621841263105,1621841263205,100,24,433,19644.9004987046,-13495,198
1621841263215,1621841263245,30,2,247,14261.2768844514,-1,315
1621841263255,1621841263265,10,-1,186,16541.6148883486,-1,-1
1621841263274,1621841263364,89,3,63,4472.12567817057,-2775,32
1621841263374,1621841263474,100,4,120,6199.17047451576,-6448,4
1621841263524,1621841263534,10,-1,99,8485.27416886591,-1,-1
1621841263544,1621841263554,10,-1,131,10177.6445478878,-1,-1
1621841263634,1621841263684,50,7,264,12719.4712807701,-12398,122
1621841263854,1621841263884,30,0,44,1641.93749067603,-720,59
1621841263914,1621841263934,20,0,41,2101.64182040684,-544,101
1621841263994,1621841264004,10,-1,53,3086.74431390822,-1,-1
1621841264034,1621841264054,20,0,64,3835.57858774804,-3040,162
1621841264074,1621841264174,100,12,312,12303.5273681196,-14445,265
1621841264184,1621841264194,10,-1,158,15350.1709138438,-1,-1
1621841264224,1621841264274,50,0,103,4409.84332806958,-4846,111
1621841264284,1621841264304,20,0,90,8061.7198841614,-5537,171
1621841264324,1621841264434,110,6,649,33499.9654401489,-45459,140
1621841264484,1621841264564,80,5,145,8883.88737170914,-7050,291
1621841264574,1621841264584,10,-1,35,1531.58584582679,-1,-1
1621841264594,1621841264614,20,0,49,3058.47660287757,-1863,278
1621841264664,1621841264694,30,1,62,2411.53264556908,-1,124
1621841264724,1621841264764,40,2,150,8492.29271087145,-10144,304
1621841264814,1621841264854,40,2,165,9889.99461586247,-1346,101
1621841264864,1621841264963,99,10,688,46301.6643070624,-34456,342
1621841265253,1621841265263,10,-1,51,2674.56859603891,-1,-1
1621841265343,1621841265353,10,-1,48,4536.99307580703,-1,-1
1621841265363,1621841265383,20,0,90,7453.11742655673,-3630,282
1621841265403,1621841265423,20,0,40,3306.80588365303,-995,285
1621841265673,1621841265683,10,-1,32,1886.75522873391,-1,-1
1621841265693,1621841265733,40,1,110,7491.55630673037,-7266,138
1621841265743,1621841265833,90,17,428,20932.8231889557,-28491,7
1621841266013,1621841266063,50,6,292,10994.4839295656,-13546,169
1621841266173,1621841266243,70,7,250,13813.9746178054,-12927,173
1621841266253,1621841266263,10,-1,63,6055.18337235896,-1,-1
1621841266373,1621841266403,30,0,196,15874.4541455619,-1,90
1621841266413,1621841266423,10,-1,215,20562.5393804193,-1,-1
1621841266662,1621841266682,20,0,38,2103.06085840269,-1,347
1621841266852,1621841266902,50,3,317,12270.3065555866,-822,273
1621841266922,1621841267082,160,3,1189,53560.8228325915,-63117,268
1621841267112,1621841267122,10,-1,38,1241.8925176189,-1,-1
1621841267132,1621841267142,10,-1,48,2302.82511540787,-1,-1
1621841267552,1621841267792,240,22,609,28030.1299721749,-31846,7
1621841267842,1621841267912,70,2,190,13373.789647259,-11670,172
1621841268022,1621841268102,80,20,569,21090.0821479444,-22357,176
1621841268171,1621841268201,30,0,84,5718.56194508605,-5383,304
1621841268231,1621841268271,40,4,169,9151.52161665584,-7127,202
1621841268301,1621841268321,20,1,70,5780.98111196738,-1213,296
1621841268351,1621841268361,10,-1,36,1772.5237695287,-1,-1
1621841268431,1621841268481,50,8,287,15450.7631470772,-13124,188
1621841268511,1621841268521,10,-1,32,1166.08624977279,-1,-1
1621841268631,1621841268641,10,-1,35,1661.25633766219,-1,-1
1621841268771,1621841268781,10,-1,62,3521.19277735502,-1,-1
1621841268961,1621841269091,130,8,283,13236.3728030954,-11561,184
1621841269101,1621841269111,10,-1,223,20286.8230651086,-1,-1
1621841269121,1621841269281,160,4,198,13083.7660218642,-6583,104
1621841269291,1621841269521,230,12,224,14275.1727846464,-12288,31
1621841269651,1621841269701,50,1,594,56327.4926140863,-3371,200
1621841269711,1621841269721,10,-1,638,62079.0729339524,-1,-1
1621841269790,1621841269980,190,18,3308,201338.297501443,-180079,341
1621841269990,1621841270020,30,0,81,6251.61342202095,-4257,225
1621841270030,1621841270090,60,3,111,6483.15473791762,-7961,261
1621841270140,1621841270180,40,0,139,8920.65857172166,-3866,161
1621841270190,1621841270240,50,1,184,15911.2263656075,-15026,196
1621841270250,1621841270270,20,0,51,4613.73514786456,-1657,93
1621841270290,1621841270440,150,9,332,16765.4272923699,-13910,55
1621841270550,1621841270560,10,-1,51,3959.73239853766,-1,-1
1621841270630,1621841270640,10,-1,31,1359.61894875738,-1,-1
1621841270650,1621841270670,20,0,87,5726.34757888916,-1,78
1621841270680,1621841270710,30,1,94,5564.76423984607,-6304,241
1621841270750,1621841270760,10,-1,34,1797.85152198544,-1,-1
1621841270930,1621841271220,290,15,694,37326.9131393664,-28294,351
1621841271230,1621841271290,60,4,103,8953.9734852923,-4253,148
1621841271310,1621841271350,40,2,100,3405.2076740124,-2459,145
1621841271479,1621841271529,50,6,205,10624.1208826617,-9819,78
1621841271569,1621841271579,10,-1,41,2057.60818029596,-1,-1
1621841271749,1621841271759,10,-1,34,750.656300117817,-1,-1
1621841271799,1621841271899,100,18,1417,129422.154001495,-113695,196
1621841271909,1621841271919,10,-1,34,1086.40246636662,-1,-1
1621841271939,1621841271999,60,3,129,6820.98248877203,-6841,313
1621841272009,1621841272029,20,0,53,2998.96264505255,-2046,323
1621841272089,1621841272099,10,-1,58,3158.20416112752,-1,-1
1621841272109,1621841272139,30,1,108,5641.01606587327,-152,54
1621841272169,1621841272229,60,1,153,10589.0915570579,-12225,52
1621841272259,1621841272279,20,2,232,12518.1438169085,-1,259
1621841272499,1621841272509,10,-1,64,5322.77551305982,-1,-1
1621841272699,1621841272709,10,-1,33,743.110586789769,-1,-1
1621841272929,1621841272989,60,8,454,30388.7972844125,-14990,171
1621841273178,1621841273248,70,0,79,3543.86489761141,-3534,0
1621841273268,1621841273378,110,28,483,25871.4638209364,-37909,24
1621841273388,1621841273418,30,0,61,4124.84413893749,-1528,227
1621841273428,1621841273448,20,0,56,5225.461134147,-2300,60
1621841273498,1621841273508,10,-1,47,4478.00241856276,-1,-1
1621841273518,1621841273538,20,1,130,10686.3136992738,-5404,231
1621841273618,1621841273638,20,1,80,3417.9264767869,-1,254
1621841273668,1621841273708,40,1,50,1149.82584254932,-1119,159
1621841273718,1621841273748,30,11,763,37310.6953999828,-1,339
1621841273908,1621841273938,30,2,194,2743.93224833147,-11497,200
1621841273948,1621841274138,190,17,495,41712.7700409189,-25545,243
1621841274148,1621841274178,30,2,89,6400.12055185396,-2750,165
1621841274188,1621841274268,80,8,130,3632.01455038636,-6177,138
1621841274328,1621841274338,10,-1,33,2910.89350190537,-1,-1
1621841274488,1621841274558,70,3,62,3030.32277761507,-2107,269
1621841274667,1621841274727,60,17,452,21197.1356898029,-19505,109
1621841275007,1621841275037,30,2,104,5305.18915424846,-3843,119
1621841275457,1621841275517,60,5,174,9280.83834088962,-7634,206
1621841275557,1621841275597,40,1,43,1970.86700396439,-970,252
1621841275637,1621841275687,50,3,112,4728.81011161526,-3472,310
1621841275797,1621841275837,40,4,210,10821.9997252259,-8348,289
1621841275857,1621841275877,20,0,45,1857.87411907588,-1,265
1621841275927,1621841275937,10,-1,30,395.15467576164,-1,-1
1621841276007,1621841276027,20,0,41,1156.69459143792,-1,263
1621841276127,1621841276177,50,5,176,8614.92124918092,-8026,1
1621841276237,1621841276246,9,-1,31,1022.73352138903,-1,-1
1621841277865,1621841277905,40,8,311,20581.038284776,-19796,126
1621841278375,1621841278385,10,-1,38,3342.9521311416,-1,-1
1621841278405,1621841278435,30,0,45,1507.31269614403,-300,116
1621841278555,1621841278605,50,6,193,11285.1448429352,-7787,331
1621841278665,1621841278745,80,10,359,17220.731201833,-17196,324
1621841278815,1621841278835,20,0,38,622.29172385185,-1,165
1621841278865,1621841278875,10,-1,34,1472.58080004345,-1,-1
1621841279015,1621841279095,80,19,671,24391.764583669,-38920,142
1621841279115,1621841279145,30,1,67,5173.64787373424,-2319,350
1621841279155,1621841279245,90,3,148,6159.66858003903,-8822,215
1621841279425,1621841279444,19,0,53,2913.83796426254,-1616,333
1621841279465,1621841279475,10,-1,42,3260.00194634168,-1,-1
1621841279554,1621841279644,89,4,209,16648.8884433277,-1,6
1621841279674,1621841279804,130,9,530,24199.7358078499,-35058,252
1621841279874,1621841279884,10,-1,52,4538.34576652566,-1,-1
1621841280114,1621841280124,10,-1,58,4359.15214647009,-1,-1
1621841280134,1621841280254,120,8,336,19704.5657809988,-12802,156
1621841280264,1621841280284,20,2,333,31673.4348390309,-22490,154
1621841280314,1621841280384,70,-1,68,4699.92603528303,-1,-1
1621841280454,1621841280494,40,1,321,30180.111327543,-26499,328
1621841280504,1621841280634,130,6,310,20783.2884555508,-23347,358
1621841280724,1621841280804,80,2,130,7939.09958054324,-7205,246
1621841280964,1621841280994,30,1,57,2512.65431452171,-1450,225
1621841281083,1621841281093,9,-1,106,9186.07112433219,-1,-1
1621841281113,1621841281123,10,-1,55,3017.67603481665,-1,-1
1621841281983,1621841282013,30,7,466,-1.0,-12049,27
1621841282143,1621841282153,10,-1,37,2479.24275948061,-1,-1
1621841282163,1621841282183,20,0,59,5154.84996080103,-2418,245
1621841282423,1621841282443,20,0,46,3931.31061804861,-1,247
1621841282453,1621841282513,60,4,150,5363.24533403964,-8833,133
1621841282573,1621841282613,40,3,235,10633.4856810682,-16804,318
1621841282663,1621841282742,79,15,1875,141148.436989342,-89937,27
1621841282862,1621841282902,40,1,145,6785.86231552063,-9784,31
1621841282972,1621841283022,50,1,168,13497.0483818483,-8353,233
1621841283092,1621841283142,50,5,145,4946.76479198689,-7816,148
1621841283312,1621841283392,80,12,513,33153.3231781755,-21448,155
1621841283602,1621841283642,40,4,188,10284.7055509555,-11917,293
1621841283672,1621841283692,20,0,100,6179.15450870883,-1,184
1621841283702,1621841283722,20,1,107,9651.56667166287,-6353,339
1621841283952,1621841283962,10,-1,60,4779.6526289354,-1,-1
1621841283982,1621841284042,60,0,65,5908.27510328277,-1797,240
1621841284052,1621841284072,20,2,139,11622.2215436992,-1033,96
1621841284272,1621841284282,10,-1,30,3074.42320959997,-1,-1
1621841284292,1621841284321,29,1,87,3355.19983175763,-5214,93
1621841284451,1621841284471,20,1,222,14703.8935740288,-1,356
1621841284481,1621841284591,110,8,299,19249.4990088127,-17630,337
1621841284761,1621841284781,20,0,47,3349.52514685342,-243,255
1621841284861,1621841284871,10,-1,58,5318.67150918208,-1,-1
1621841284881,1621841284911,30,1,187,10168.234486366,-1,222
1621841284921,1621841285001,80,1,372,33560.8753986003,-32080,306
1621841285021,1621841285041,20,0,50,2534.95888205042,-1,75
1621841285051,1621841285091,40,0,199,16581.6698524225,-15477,213
1621841285181,1621841285191,10,-1,37,2955.0336132042,-1,-1
1621841285201,1621841285211,10,-1,51,4411.30800469115,-1,-1
1621841285241,1621841285251,10,-1,731,72871.6275627522,-1,-1
1621841285261,1621841285271,10,-1,733,70871.9160674643,-1,-1
1621841285301,1621841285321,20,0,55,4006.70019786642,-2505,180
1621841285511,1621841285531,20,1,111,7454.33981439314,-1,209
1621841285541,1621841285551,10,-1,81,7597.92339669562,-1,-1
1621841285960,1621841285970,9,-1,38,3838.07753125621,-1,-1
1621841285980,1621841286020,40,1,254,15904.0322837122,-499,0
1621841286120,1621841286130,10,-1,50,3466.32590043204,-1,-1
1621841286140,1621841286230,90,1,516,45969.6800974206,-12304,177
1621841286250,1621841286290,40,2,136,8720.41133234053,-7865,90
1621841286310,1621841286350,40,3,189,13235.8666767495,-12539,253
1621841286450,1621841286720,270,33,1647,77789.5283261096,-105350,222
1621841286730,1621841286790,60,1,83,3802.61590907414,-2564,50
1621841286800,1621841286830,30,1,65,5509.7388040543,-1497,20
1621841286900,1621841286920,20,0,39,2266.34173586537,-1,15
1621841286930,1621841286940,10,-1,48,3069.62683700805,-1,-1
1621841287000,1621841287140,140,10,307,23053.3272403085,-24484,126
1621841287210,1621841287240,30,2,521,42475.7061896221,-33031,318
1621841287250,1621841287260,10,-1,39,2468.72903731191,-1,-1
1621841287270,1621841287340,70,13,335,17522.0757177453,-11077,262
1621841287400,1621841287420,20,0,35,1329.74981491428,-1,8
1621841287440,1621841287460,20,1,104,7498.69371150501,-1,22
1621841287470,1621841287480,10,-1,36,1353.28884466702,-1,-1
1621841287520,1621841287530,10,-1,32,703.267421351373,-1,-1
1621841287729,1621841287769,40,0,197,16313.8675797591,-13744,75
1621841287869,1621841287889,20,1,164,9991.22041863241,-1,24
1621841287999,1621841288019,20,0,208,7313.09128013992,-1,243
1621841288029,1621841288049,20,0,110,8531.62954039208,-6836,251
1621841288059,1621841288089,30,1,60,2526.51265530446,-2058,81
1621841288139,1621841288159,20,1,55,3356.34490139363,-1961,295
1621841288179,1621841288259,80,22,887,40949.5879935662,-57347,20
1621841288349,1621841288419,70,3,290,21728.9628052922,-15940,22
1621841288449,1621841288549,100,7,314,21465.5746719788,-24810,208
1621841288559,1621841288569,10,-1,47,3438.9826394933,-1,-1
1621841288579,1621841288679,100,11,327,7711.3301229648,-14609,121
1621841288689,1621841288729,40,0,243,17711.7215120972,-4959,219
1621841288739,1621841288779,40,1,1210,116950.766120816,-114973,245
1621841288939,1621841288959,20,0,60,4911.03685219018,-1232,247
1621841289179,1621841289248,69,4,191,16302.4913391202,-9985,18
1621841289348,1621841289368,20,0,43,2264.49713021972,-1,74
1621841289388,1621841289418,30,2,138,10307.2185282075,-10046,249
1621841289478,1621841289488,10,-1,52,3017.05414676364,-1,-1
1621841289518,1621841289718,200,21,322,21653.2234824107,-23367,202
1621841289738,1621841289788,50,2,107,5189.25023678321,-3910,306
1621841289928,1621841289948,20,0,35,3549.33091708321,-429,356
1621841289988,1621841290008,20,0,37,1446.12171633394,-141,39
1621841290018,1621841290038,20,0,49,2367.99569479281,-1074,316
1621841290378,1621841290388,10,-1,33,2563.64705793128,-1,-1
1621841290708,1621841290718,10,-1,166,15664.8349676607,-1,-1
1621841290728,1621841290738,10,-1,146,12786.7467692901,-1,-1
1621841290807,1621841290847,39,0,98,6239.49961894111,-7089,28
1621841291087,1621841291217,130,8,224,18770.9525015815,-14681,98
1621841291307,1621841291317,10,-1,39,3125.81390629916,-1,-1
1621841291327,1621841291377,50,3,229,9866.09727684217,-10725,26
1621841291387,1621841291447,60,4,227,11402.5202114402,-10686,218
1621841291457,1621841291537,80,5,751,69031.9618676722,-2653,268
1621841291637,1621841291677,40,2,144,6402.88573434468,-9183,176
1621841291697,1621841291717,20,0,59,3763.02548805113,-1,296
1621841292137,1621841292147,10,-1,90,7563.72551320383,-1,-1
1621841292157,1621841292167,10,-1,79,7004.31398500463,-1,-1
1621841292287,1621841292297,10,-1,31,2036.43446145838,-1,-1
1621841292387,1621841292427,40,10,359,18844.1328264579,-16114,91
1621841292446,1621841292516,70,0,436,22107.7286868062,-27936,285
1621841292606,1621841292616,10,-1,65,6227.25945406447,-1,-1
1621841292626,1621841292636,10,-1,82,6279.83247683824,-1,-1
1621841292676,1621841292686,10,-1,31,808.646955273857,-1,-1
1621841292696,1621841292706,10,-1,30,2298.85110556265,-1,-1
1621841292896,1621841293046,150,9,311,27124.6957778447,-12358,354
1621841293056,1621841293066,10,-1,43,3352.4852094514,-1,-1
1621841293076,1621841293086,10,-1,74,6880.13815900408,-1,-1
1621841293096,1621841293226,130,12,484,19738.4997698295,-27864,3
1621841293246,1621841293256,10,-1,33,3038.35365016671,-1,-1
1621841293276,1621841293316,40,3,256,8722.12786054024,-21958,81
1621841293326,1621841293426,100,8,279,15499.2898178848,-23363,202
1621841293436,1621841293576,140,1,483,47639.2847950099,-39307,255
1621841293586,1621841293626,40,2,101,8027.10925018332,-4025,150
1621841293656,1621841293736,80,3,184,10082.9006460415,-12021,187
1621841293836,1621841293876,40,2,90,6797.15838481883,-1989,87
1621841293926,1621841294085,159,12,1062,39470.0605580285,-70653,338
1621841294095,1621841294105,10,-1,372,35520.646483898,-1,-1
1621841294115,1621841294155,40,0,173,14435.1229970418,-10777,76
1621841294175,1621841294205,30,0,71,5123.13013504522,-2616,180
1621841294215,1621841294225,10,-1,87,7537.48657582783,-1,-1
1621841294235,1621841294245,10,-1,36,3145.65172840781,-1,-1
1621841294255,1621841294275,20,1,65,3708.55813744729,-511,195
1621841294295,1621841294315,20,0,44,2711.29262589939,-477,282
1621841294455,1621841294505,50,8,264,14216.2720622324,-12162,129
1621841294525,1621841294565,40,4,761,61708.3012251018,-70671,69
1621841294705,1621841294805,100,1,114,9696.91175485998,-7514,56
1621841294815,1621841294825,10,-1,59,3583.19928249073,-1,-1
1621841294885,1621841294925,40,1,143,9499.49782653436,-3294,225
1621841294945,1621841295125,180,5,1174,77936.2483254927,-113012,296
1621841295145,1621841295165,20,1,253,18087.9175738994,-1,22
1621841295175,1621841295215,40,2,352,32257.9049660372,-29275,280
1621841295335,1621841295345,10,-1,97,8757.64318345011,-1,-1
1621841295355,1621841295395,40,1,196,17892.3066424263,-9509,347
1621841295405,1621841295445,40,0,296,19853.1584439436,-14611,45
1621841295475,1621841295485,10,-1,38,1014.10409196841,-1,-1
1621841295505,1621841295565,60,2,69,2780.53826679642,-1846,64
1621841295575,1621841295605,30,3,154,7917.37298495166,-10015,191
1621841295615,1621841295645,30,3,165,8738.1692004849,-11405,329
1621841295684,1621841295784,100,2,90,7136.91766713565,-2734,129
1621841295794,1621841295824,30,0,112,7003.0378740924,-1,200
1621841295834,1621841295844,10,-1,99,8216.54977328923,-1,-1
1621841295854,1621841295864,10,-1,65,6221.46940559713,-1,-1
1621841295934,1621841295964,30,1,294,23621.0431427773,-15405,277
1621841295974,1621841296064,90,5,412,39520.7324567998,-27472,84
1621841296124,1621841296264,140,3,279,12527.1859548034,-23025,131
1621841296274,1621841296284,10,-1,35,1610.14046838603,-1,-1
1621841296414,1621841296434,20,0,201,18169.6512407306,-16008,254
1621841296534,1621841296564,30,3,187,14475.4821607147,-6195,51
1621841296574,1621841296584,10,-1,356,33359.2045169263,-1,-1
1621841296594,1621841296614,20,2,270,24982.5237879065,-18430,177
1621841296624,1621841296644,20,3,426,22793.7763539311,-1,22
1621841296654,1621841296754,100,4,1119,105793.876943573,-103533,239
1621841296774,1621841296864,90,9,1214,41767.1178011157,-7111,157
1621841296994,1621841297024,30,0,68,5125.79406837017,-2414,215
1621841297054,1621841297114,60,9,378,24754.1756035279,-18674,350
1621841297124,1621841297144,20,0,43,4037.42270637203,-1,250
1621841297164,1621841297194,30,1,76,3554.8854660162,-3859,277
1621841297264,1621841297413,149,6,690,50115.3084576721,-37735,213
1621841297543,1621841297593,50,2,354,27128.700026483,-26238,183
1621841297753,1621841297863,110,10,341,23553.9804910264,-19196,345
1621841297873,1621841297883,10,-1,56,3811.53790771868,-1,-1
1621841297923,1621841297963,40,3,218,16340.1439470969,-13507,66
1621841297973,1621841298063,90,5,198,8443.341063459,-16392,274
1621841298133,1621841298173,40,1,34,388.552721794222,-1,110
1621841298213,1621841298243,30,1,75,4078.80363719966,-1762,93
1621841298323,1621841298433,110,1,998,94175.125515811,-90159,196
1621841298553,1621841298563,10,-1,67,6387.50507270784,-1,-1
1621841298573,1621841298583,10,-1,69,4260.83416542101,-1,-1
1621841298663,1621841298693,30,1,89,5888.6260433454,-4412,187
1621841298703,1621841298723,20,0,46,1459.27488538279,-1,127
1621841298733,1621841298783,50,2,142,7688.99027496801,-8908,320
1621841298853,1621841298873,20,1,76,5823.44418033325,-2759,148
1621841298883,1621841298903,20,1,103,6422.27837504815,-1,346
1621841298912,1621841299022,109,0,311,22945.9304201225,-17605,143
1621841299032,1621841299052,20,1,47,3683.48162193399,-288,316
1621841299072,1621841299152,80,1,390,34646.3699092583,-32140,214
1621841299222,1621841299242,20,0,51,3910.92841716706,-1225,77
1621841299262,1621841299272,10,-1,55,2929.05442954638,-1,-1
1621841299282,1621841299302,20,1,233,15324.8460936155,-1,103
1621841299312,1621841299352,40,1,220,21471.9415849763,-18155,266
1621841299362,1621841299452,90,7,412,19011.3405015982,-27301,116
1621841299462,1621841299482,20,1,105,5911.20235525687,-1,258
1621841299492,1621841299592,100,25,425,19002.4980538186,-19102,185
1621841299602,1621841299632,30,1,77,3710.89677926884,-2861,349
1621841299642,1621841299662,20,0,35,665.881070536369,-66,26
1621841299672,1621841299702,30,1,51,1315.69282706881,-1525,295
1621841299712,1621841299762,50,0,163,14479.2924604844,-8276,72
1621841299902,1621841299942,40,2,73,3336.0775203584,-4067,331
1621841300012,1621841300022,10,-1,52,2418.82266154345,-1,-1
1621841300032,1621841300092,60,4,407,38841.7156560315,-35696,115
1621841300102,1621841300142,40,4,276,16916.4439472057,-13037,298
1621841300392,1621841300402,10,-1,50,3091.39660376373,-1,-1
1621841300442,1621841300452,10,-1,53,4592.48625942935,-1,-1
1621841300492,1621841300551,59,0,549,36113.1039751578,-46032,74
1621841300611,1621841300761,150,6,67,1997.32163566894,-2180,93
1621841300811,1621841300831,20,0,47,2639.64748510704,-1,303
1621841300851,1621841300861,10,-1,31,461.376001497555,-1,-1
1621841300871,1621841300891,20,1,84,4545.11795870797,-1,301
1621841300901,1621841300951,50,2,143,6830.7096848861,-6750,277
1621841300961,1621841301081,120,5,81,2194.17558938792,-2738,273
1621841301131,1621841301231,100,2,271,19707.0118331198,-22955,79
1621841301241,1621841301251,10,-1,35,1534.93988450233,-1,-1
1621841301261,1621841301271,10,-1,39,1360.39814361973,-1,-1
1621841301281,1621841301361,80,10,268,14113.5265736903,-8106,73
1621841301511,1621841301541,30,0,51,2770.56322974571,-1527,270
1621841301591,1621841301611,20,1,107,7211.6569645136,-1,96
1621841301721,1621841301741,20,1,103,620.97642326097,-1,284
1621841301751,1621841301841,90,19,351,16437.2444402486,-9065,3
1621841301881,1621841301891,10,-1,30,1162.41062111889,-1,-1
1621841301901,1621841301941,40,0,155,10865.4624379765,-7973,195
1621841301951,1621841301961,10,-1,369,36184.8470498601,-1,-1
1621841301971,1621841302001,30,0,305,29470.970586735,-25714,266
1621841302011,1621841302041,30,1,517,50752.8068850474,-46454,87
1621841302051,1621841302061,10,-1,34,2168.0374074179,-1,-1
1621841302150,1621841302210,60,4,288,17542.988485451,-20838,16
1621841302340,1621841302420,80,9,323,15447.6985063984,-12960,222
1621841302430,1621841302440,10,-1,197,16728.9981968113,-1,-1
1621841302450,1621841302470,20,1,202,19486.8400162645,-14109,198
1621841302530,1621841302540,10,-1,177,16562.0209886081,-1,-1
1621841302550,1621841302560,10,-1,185,16257.8764206556,-1,-1
1621841302580,1621841302700,120,6,566,32288.1148738089,-30475,258
1621841302710,1621841302730,20,1,264,24686.5037259909,-21092,296
1621841302750,1621841302760,10,-1,49,2258.30959746713,-1,-1
1621841303480,1621841303510,30,1,130,6431.26591388393,-1,68
1621841303540,1621841303610,70,7,250,17708.2967361068,-14254,128
1621841303620,1621841303650,30,2,133,7708.12272708676,-8096,94
1621841303750,1621841303899,149,13,559,49941.4498914031,-51896,331
1621841303989,1621841304029,40,4,193,8487.76774075803,-9032,68
1621841304039,1621841304089,50,3,335,22825.2323342615,-23298,270
1621841304109,1621841304139,30,3,332,14154.2066271068,-1,243
1621841304349,1621841304359,10,-1,308,29471.9268076922,-1,-1
1621841304369,1621841304489,120,6,307,29978.318287054,-25957,168
1621841304509,1621841304649,140,3,594,51924.1249548836,-39319,141
1621841304659,1621841304699,40,0,237,17607.5634093457,-14359,281
1621841304949,1621841304959,10,-1,98,9283.3422799681,-1,-1
1621841305159,1621841305179,20,0,84,6004.06887674657,-5333,104
1621841305229,1621841305349,120,8,215,15245.28163281,-9982,339
1621841305369,1621841305388,19,1,72,5045.7841061484,-2659,248
1621841305448,1621841305538,90,6,397,25243.9055089064,-15475,339
1621841305548,1621841305558,10,-1,98,9883.67998811471,-1,-1
1621841305748,1621841305778,30,1,102,5172.24754570858,-1,343
1621841306008,1621841306198,190,27,551,27896.1930080746,-18891,193
1621841306208,1621841306338,130,5,413,36324.4585587087,-22115,350
1621841306408,1621841306428,20,0,47,2314.69338831304,-1,13
1621841306528,1621841306558,30,0,65,4321.71337018673,-3157,67
1621841306568,1621841306638,70,1,84,5319.51085362458,-4428,0
1621841306658,1621841306678,20,0,52,2205.18365442985,-1,309
1621841306688,1621841306708,20,1,71,5806.3174475976,-210,90
1621841306778,1621841306788,10,-1,40,3728.20119381632,-1,-1
1621841306818,1621841306838,20,0,44,2117.09900202668,-1267,306
1621841307107,1621841307117,10,-1,52,3486.24646155054,-1,-1
1621841307157,1621841307307,150,6,336,25875.4274258992,-28355,81
1621841307387,1621841307397,10,-1,85,7302.80276734757,-1,-1
1621841307407,1621841307417,10,-1,75,7015.50566037512,-1,-1
1621841307547,1621841307557,10,-1,81,7338.10922844131,-1,-1
1621841307567,1621841307577,10,-1,111,9582.67964821795,-1,-1
1621841307587,1621841307597,10,-1,37,1240.03327373495,-1,-1
1621841307697,1621841307737,40,2,100,4679.22528331262,-5213,21
1621841307927,1621841307937,10,-1,66,4105.60490650542,-1,-1
1621841307957,1621841307997,40,2,481,29624.1451083809,-18651,240
1621841308147,1621841308157,10,-1,35,2883.0294325301,-1,-1
1621841308167,1621841308187,20,0,32,2070.56209819058,-6,258
1621841308347,1621841308357,10,-1,38,1776.33756431029,-1,-1
1621841308766,1621841308776,10,-1,36,2514.17042593676,-1,-1
1621841308946,1621841308956,10,-1,47,2570.23381736519,-1,-1
1621841308986,1621841308996,10,-1,47,3233.15931463454,-1,-1
1621841309196,1621841309206,10,-1,33,2067.88785672058,-1,-1
1621841309226,1621841309246,20,0,34,1559.28476340202,-219,236
1621841309276,1621841309286,10,-1,84,5940.12655754512,-1,-1
1621841309296,1621841309306,10,-1,57,3563.17387593094,-1,-1
1621841309316,1621841309346,30,1,58,2932.02586498662,-1,152
1621841309426,1621841309606,180,15,744,56534.8811033889,-62004,2
1621841309626,1621841309646,20,0,77,4984.21470647592,-4558,210
1621841309706,1621841309776,70,3,395,31799.5578752356,-21579,165
1621841309906,1621841309936,30,0,51,3923.20555659826,-1928,337
1621841310046,1621841310076,30,1,169,11608.4460397917,-1,58
1621841310086,1621841310315,229,10,643,47979.8554318037,-44880,343
1621841310435,1621841310445,10,-1,74,4539.39739063581,-1,-1
1621841310455,1621841310475,20,0,35,1291.53355438451,-214,119
1621841310635,1621841310715,80,1,285,15631.3982575531,-7362,337
1621841310635,1621841310715,80,1,285,15631.3982575531,-7362,337
1621841310725,1621841310925,200,6,1006,68911.2769818744,-56921,139
1621841310965,1621841311025,60,2,326,23719.7398764836,-24661,279
1621841311145,1621841311155,10,-1,76,5874.4710358316,-1,-1
1621841311185,1621841311195,10,-1,34,3213.47152565989,-1,-1
1621841311205,1621841311255,50,8,419,39437.5876431177,-19581,159
1621841311465,1621841311475,10,-1,120,11093.5728193506,-1,-1
1621841311485,1621841311525,40,4,231,22269.5582377189,-7409,242
1621841311765,1621841311775,10,-1,47,3964.3310032014,-1,-1
1621841311785,1621841311815,30,1,69,4047.8586485997,-1393,347
1621841311865,1621841311875,10,-1,41,3927.95665169316,-1,-1
1621841312054,1621841312084,30,1,55,2954.05611067862,-688,249
1621841312094,1621841312144,50,0,595,52931.7121114918,-54576,274
1621841312204,1621841312214,10,-1,51,3554.75640513713,-1,-1
1621841312464,1621841312534,70,1,217,7762.47468775463,-17005,148
1621841312554,1621841312574,20,1,62,3626.41588172579,-1,353
1621841312884,1621841312894,10,-1,59,3708.6977099599,-1,-1
1621841312904,1621841312944,40,1,103,8112.65156558333,-3866,126
1621841312954,1621841312994,40,1,68,6082.51955150549,-2889,145
1621841313344,1621841313354,10,-1,64,4074.11165968075,-1,-1
1621841313573,1621841313613,40,2,102,5580.25969304838,-3163,59
1621841313623,1621841313633,10,-1,37,1608.44596404248,-1,-1
1621841313643,1621841313663,20,0,78,5599.02513293615,-3453,189
1621841313673,1621841313873,200,2,2131,136216.133947628,-109656,270
1621841314003,1621841314053,50,1,214,18861.7793418008,-16413,97
1621841314063,1621841314073,10,-1,63,6099.15022162345,-1,-1
1621841314083,1621841314113,30,1,58,2510.73573884582,-2784,270
1621841314163,1621841314173,10,-1,36,2859.77071689757,-1,-1
1621841314243,1621841314253,10,-1,68,4886.88217223217,-1,-1
1621841314263,1621841314373,110,20,278,16736.3758271022,-12248,212
1621841314383,1621841314593,210,7,158,8838.80450680817,-7141,5
1621841314603,1621841314613,10,-1,34,1474.04348705259,-1,-1
1621841314633,1621841314643,10,-1,43,1900.98553334766,-1,-1
1621841314713,1621841314733,20,1,60,5414.93864214753,-559,95
1621841314773,1621841314913,140,28,619,30030.9033296244,-25414,24
1621841314983,1621841315083,100,3,197,16166.5914423078,-10150,63
1621841315192,1621841315292,100,12,832,68955.2397897467,-73361,210
1621841315302,1621841315392,90,4,136,12903.9878667552,-6597,189
1621841315412,1621841315452,40,1,63,2360.13126009831,-1634,210
1621841315582,1621841315602,20,0,47,2096.4805936113,-1389,234
1621841315732,1621841315752,20,0,670,63440.8323003029,-1,94
1621841315762,1621841315822,60,2,618,59275.9655814861,-56557,115
1621841315832,1621841315902,70,5,449,29635.8886352555,-40895,38
1621841315962,1621841315972,10,-1,37,2175.67769357747,-1,-1
1621841315992,1621841316002,10,-1,31,1008.89873650495,-1,-1
1621841316022,1621841316032,10,-1,32,1249.46417275241,-1,-1
1621841316072,1621841316092,20,0,35,813.764096759646,-276,246
1621841316122,1621841316192,70,12,423,19294.6960854342,-24881,254
1621841316202,1621841316232,30,0,89,7474.40159676211,-5291,132
1621841316242,1621841316272,30,0,44,1819.06760277043,-913,83
1621841316721,1621841316751,29,0,44,2084.52965405741,-535,39
1621841316761,1621841317011,250,20,1927,125487.09248654,-66616,203
1621841317031,1621841317051,20,1,83,5436.05416365166,-1826,2
1621841317061,1621841317091,30,1,76,4460.07914797684,-4375,208
1621841317281,1621841317311,30,1,46,2812.54640371233,-1520,209
1621841317431,1621841317531,100,26,602,27301.5263501564,-19688,37
1621841317541,1621841317631,90,3,190,17643.1543489224,-9595,222
1621841317661,1621841317691,30,0,38,1142.84602886503,-333,201
1621841317751,1621841317771,20,1,93,6358.07375911578,-1,17
1621841317811,1621841317831,20,0,32,1629.69742838224,-143,206
1621841317841,1621841317861,20,0,46,3051.76445437871,-99,98
1621841317871,1621841317891,20,0,58,3638.69083657974,-1836,250
1621841317911,1621841317931,20,0,34,628.90250114403,-261,212
1621841318111,1621841318121,10,-1,31,1554.86485607711,-1,-1
1621841318131,1621841318161,30,1,74,3821.81893090544,-3009,91
1621841318181,1621841318201,20,0,53,3738.61318523049,-605,129
1621841318231,1621841318271,40,3,167,8573.72745900073,-8540,286
1621841318380,1621841318600,220,1,1442,53965.4999180803,-80764,267
1621841318720,1621841318730,10,-1,53,3982.03291346711,-1,-1
1621841318870,1621841318920,50,5,192,10330.7598723296,-8819,138
1621841318990,1621841319050,60,0,181,11984.0920090703,-11895,323
1621841319060,1621841319070,10,-1,88,7787.05487143074,-1,-1
1621841319260,1621841319300,40,2,83,7310.78331395759,-4748,147
1621841319760,1621841319810,50,3,106,7283.79496757937,-4332,358
1621841320199,1621841320219,20,1,79,6551.11080827783,-1462,62
1621841320539,1621841320569,30,3,153,7977.15050142938,-9817,302
1621841320919,1621841320949,30,1,151,12147.817432188,-9622,155
1621841320999,1621841321019,20,0,31,2019.68492195367,-1,199
1621841321289,1621841321399,110,19,596,46000.6329298906,-30950,15
1621841321439,1621841321479,40,1,86,6304.19387451927,-5580,174
1621841321499,1621841321519,20,0,53,3418.77379096029,-593,33
1621841321618,1621841321628,10,-1,350,32283.3538052247,-1,-1
1621841321728,1621841321888,160,3,67,3125.07114364471,-1886,141
1621841321898,1621841321948,50,2,90,4330.48919360843,-3813,105
1621841321968,1621841322008,40,1,52,1480.13647163491,-435,220
1621841322038,1621841322048,10,-1,35,1152.03664780125,-1,-1
1621841322098,1621841322158,60,2,660,51958.0702026208,-54516,252
1621841322168,1621841322188,20,0,54,2882.28908315517,-1852,270
1621841322218,1621841322368,150,24,542,31571.7111084367,-27780,345
1621841322378,1621841322508,130,7,698,59240.4725244542,-62006,166
1621841322578,1621841322588,10,-1,38,2443.05612352069,-1,-1
1621841322608,1621841322628,20,0,39,1531.46209661606,-1,217
1621841322648,1621841322688,40,2,85,4546.58424490724,-2879,174
1621841322698,1621841322708,10,-1,49,2273.2157393384,-1,-1
1621841322718,1621841322748,30,1,75,3954.07815428867,-289,85
1621841322758,1621841322788,30,1,69,2743.7566930672,-3502,110
1621841322998,1621841323028,30,2,106,4400.75319198413,-7524,260
1621841323108,1621841323148,40,2,106,7465.82509830008,-5751,300
1621841323197,1621841323277,79,22,399,19019.0485683407,-16086,171
1621841323337,1621841323347,10,-1,32,851.852337707707,-1,-1
1621841323357,1621841323367,10,-1,33,731.662426830408,-1,-1
1621841323387,1621841323417,30,1,69,4187.6797098089,-3871,298
1621841323527,1621841323797,270,14,461,31426.9521165189,-38984,202
1621841323807,1621841323897,90,4,103,6032.80892772196,-4471,311
1621841323917,1621841323977,60,2,56,1621.26868644301,-2078,14
1621841323987,1621841324017,30,1,50,1920.03087479751,-1495,280
1621841324037,1621841324047,10,-1,30,1259.20017569711,-1,-1
1621841324127,1621841324217,90,0,182,6299.17222268542,-3805,33
1621841324227,1621841324247,20,1,113,9636.08853610081,-685,282
1621841324547,1621841324617,70,1,198,18228.5228661031,-10760,74
1621841324627,1621841324717,90,19,682,35390.8224448053,-35716,41
1621841324807,1621841324876,69,2,782,53203.9506989934,-54444,251
1621841324926,1621841324986,60,3,237,16142.7401281265,-9035,112
1621841325076,1621841325096,20,4,240,23212.2164589601,-2698,81
1621841325116,1621841325126,10,-1,32,443.523612080293,-1,-1
1621841325156,1621841325206,50,3,147,8754.84684796152,-6374,256
1621841325216,1621841325246,30,0,64,5846.56204990525,-3083,90
1621841325256,1621841325276,20,0,80,5380.31367702081,-4252,257
1621841325326,1621841325346,20,0,41,3157.96406162985,-1,258
1621841325916,1621841326186,270,21,1223,76977.8003837399,-105794,227
1621841326196,1621841326216,20,1,106,8361.95045707485,-3446,40
1621841326236,1621841326256,20,0,37,1361.94769011409,-677,180
1621841326266,1621841326296,30,1,74,3596.88307753873,-3271,278
1621841326585,1621841326595,10,-1,41,1232.06793950936,-1,-1
1621841326605,1621841326825,220,17,358,29436.0018546121,-19484,33
1621841327045,1621841327155,110,11,316,20213.5062380565,-9502,256
1621841327225,1621841327235,10,-1,54,2802.56943297986,-1,-1
1621841327245,1621841327265,20,0,38,985.365227962605,-1,90
1621841327275,1621841327325,50,4,127,5329.98846698732,-4761,248
1621841327475,1621841327495,20,0,47,2174.09813178396,-29,225
1621841327525,1621841327595,70,24,553,26343.3753940493,-20925,54
1621841327815,1621841327825,10,-1,37,2156.88409434564,-1,-1
1621841327835,1621841327945,110,3,183,14096.0592877494,-7753,143
1621841328194,1621841328244,50,2,286,28304.1935498217,-17558,193
1621841328354,1621841328364,10,-1,65,6519.33417995206,-1,-1
1621841328774,1621841328784,10,-1,54,3134.02533140316,-1,-1
1621841328794,1621841328824,30,3,149,12730.6209589977,-1769,32
1621841328834,1621841328844,10,-1,88,7177.09463952059,-1,-1
1621841329164,1621841329204,40,1,51,1870.91840899773,-274,273
1621841329504,1621841329594,90,13,443,14552.4425883437,-28473,35
1621841329693,1621841329713,20,0,32,1321.92344544396,-1,139
1621841329753,1621841329773,20,0,52,2388.86466919017,-598,221
1621841329803,1621841330093,290,4,415,21459.2865203656,-14023,153
1621841330283,1621841330323,40,2,162,7939.28458218396,-11845,284
1621841330343,1621841330353,10,-1,623,59718.4091012056,-1,-1
1621841330473,1621841330523,50,0,401,8094.45961098784,-26714,137
1621841330553,1621841330563,10,-1,32,688.941278751908,-1,-1
1621841330603,1621841330623,20,0,123,8311.40772607331,-1,168
1621841330633,1621841330683,50,1,262,19857.4570329436,-17018,5
1621841330703,1621841330823,120,15,387,26473.8787254954,-26873,175
1621841330833,1621841330843,10,-1,31,1833.29994421274,-1,-1
1621841330853,1621841330893,40,2,115,4184.4149580481,-462,331
1621841330903,1621841330993,90,4,401,19506.4034867772,-27514,1
1621841331003,1621841331043,40,7,327,22945.6944388433,-23804,193
1621841331193,1621841331203,10,-1,56,3381.41514678509,-1,-1
1621841331243,1621841331612,369,20,1108,49774.2548872317,-68083,11
1621841331652,1621841331682,30,1,73,4358.01811488787,-1299,187
1621841331692,1621841331752,60,2,71,2214.96083018805,-2497,235
1621841331812,1621841331822,10,-1,35,1277.60112507223,-1,-1
1621841331832,1621841331872,40,2,98,3466.30771522416,-4854,272
1621841332072,1621841332082,10,-1,54,4453.60336846292,-1,-1
1621841332092,1621841332102,10,-1,37,1151.71012357779,-1,-1
1621841332112,1621841332142,30,2,102,6807.59935173597,-6550,279
1621841332332,1621841332352,20,0,39,981.528341601601,-1,270
1621841332412,1621841332432,20,0,43,1056.28017950654,-1,308
1621841332462,1621841332482,20,0,41,2925.20249592445,-753,276
1621841332512,1621841332552,40,3,130,9182.41227812745,-874,72
1621841332682,1621841332742,60,2,63,1797.14793314011,-1655,272
1621841332782,1621841332802,20,0,42,1547.7413901607,-1209,146
1621841332991,1621841333011,20,0,40,1334.88323249565,-1,123
1621841333111,1621841333131,20,0,63,3879.89061135247,-1978,296
1621841333151,1621841333161,10,-1,38,1222.84535731837,-1,-1
1621841333231,1621841333241,10,-1,43,3141.685041572,-1,-1
1621841333291,1621841333311,20,0,34,908.045690874003,-266,116
1621841333431,1621841333461,30,0,43,964.515201381415,-15,273
1621841333471,1621841333501,30,1,52,1705.53785454778,-1758,322
1621841333631,1621841333691,60,2,45,1315.25402366405,-777,95
1621841333911,1621841333941,30,1,55,1435.65623644094,-1,220
1621841334301,1621841334341,40,1,52,1182.23152991178,-887,33
1621841334431,1621841334740,309,14,734,40302.2153575028,-37513,185
1621841334760,1621841334770,10,-1,52,2563.70526167404,-1,-1
1621841334780,1621841334850,70,2,169,13301.5423418512,-4572,345
1621841334870,1621841334880,10,-1,139,12683.1704230699,-1,-1
1621841334890,1621841334970,80,4,151,10070.0388349624,-7074,273
1621841334980,1621841335040,60,3,84,5317.86474097915,-1920,327
1621841335150,1621841335170,20,1,82,-1.0,-2770,29
1621841335240,1621841335260,20,0,105,6843.18287623594,-1,213
1621841335270,1621841335300,30,4,284,19550.3882059266,-1,346
1621841335420,1621841335590,170,21,356,14886.2361556089,-10546,171
1621841335610,1621841335620,10,-1,32,1006.13426690628,-1,-1
1621841335640,1621841335650,10,-1,31,970.529425691865,-1,-1
1621841335740,1621841335810,70,2,66,2557.40391192811,-2654,211
1621841336050,1621841336060,10,-1,53,4187.49390860286,-1,-1
1621841336189,1621841336199,9,-1,41,1410.81172625433,-1,-1
1621841336339,1621841336509,170,12,500,26646.1273986521,-22057,136
1621841336529,1621841336589,60,6,245,11897.5353540283,-10523,207
1621841336639,1621841336679,40,1,74,4398.74485637829,-4262,37
1621841336699,1621841336709,10,-1,32,1186.49386560419,-1,-1
1621841336719,1621841336799,80,15,494,24376.8451712667,-21842,110
1621841336809,1621841336839,30,1,54,2123.99204330454,-1973,357
1621841336859,1621841336929,70,2,64,2155.61036304453,-1360,310
1621841336939,1621841336979,40,1,55,2446.16469652956,-546,40
1621841337039,1621841337049,10,-1,34,546.354771423071,-1,-1
1621841337169,1621841337179,10,-1,32,1802.73002895442,-1,-1
1621841337209,1621841337239,30,15,1488,73566.0805223928,-1,353
1621841337329,1621841337389,60,9,961,2537.87656547408,-62625,218
1621841337399,1621841337499,100,5,230,18461.4340131189,-11889,164
1621841337509,1621841337599,90,2,319,22465.2997910643,-27410,178
1621841337928,1621841337968,40,0,48,3845.9427444688,-1738,206
1621841338008,1621841338028,20,1,55,4368.6419663565,-594,150
1621841338308,1621841338328,20,0,38,2364.27508974483,-894,90
1621841338338,1621841338348,10,-1,33,439.463483890786,-1,-1
1621841338408,1621841338428,20,0,44,3517.79740598847,-329,102
1621841338488,1621841338508,20,0,62,3774.95180364007,-1,26
1621841338678,1621841338708,30,0,57,3955.07526883557,-1478,180
1621841339467,1621841339517,50,2,121,8670.30974688347,-4619,21
1621841339807,1621841339817,10,-1,37,3497.63742964904,-1,-1
1621841339927,1621841339967,40,2,69,3480.75597433568,-2701,189
1621841340667,1621841340697,30,3,188,10126.5927005628,-10405,83
1621841340747,1621841340787,40,4,141,6093.39660815975,-2422,263
1621841341506,1621841341596,90,19,487,18822.2053722701,-21255,158
1621841341656,1621841341746,90,3,56,1718.78232714694,-1919,57
1621841341766,1621841341796,30,0,47,1011.89689081479,-1,45
1621841341816,1621841341826,10,-1,41,1423.53931537182,-1,-1
1621841341836,1621841341896,60,10,253,14124.477126151,-14369,203
1621841341916,1621841342016,100,3,58,4183.77502926245,-1115,327
1621841342026,1621841342156,130,7,661,52194.6884749627,-29494,336
1621841342166,1621841342176,10,-1,38,2757.72043403385,-1,-1
1621841342226,1621841342236,10,-1,33,1830.85480418164,-1,-1
1621841342266,1621841342316,50,7,271,18014.400838986,-15101,23
1621841342326,1621841342336,10,-1,39,2200.72761529884,-1,-1
1621841342486,1621841342496,10,-1,31,526.544164781158,-1,-1
1621841342516,1621841342536,20,0,30,1152.90739605338,-9,243
1621841342665,1621841342695,30,0,93,5506.24829550793,-2948,208
1621841342705,1621841342895,190,11,1237,58022.8692303235,-52639,325
1621841342905,1621841342915,10,-1,33,1077.42186847477,-1,-1
1621841342945,1621841343225,280,28,585,18348.3117932111,-27166,181
1621841343235,1621841343395,160,7,170,9970.59760574885,-7153,37
1621841343455,1621841343475,20,1,66,5777.01747737188,-638,343
1621841343625,1621841343635,10,-1,41,3536.3703007131,-1,-1
1621841343645,1621841343815,170,15,213,9669.88067610024,-17756,229
1621841343855,1621841343865,10,-1,32,1594.17739056228,-1,-1
1621841343915,1621841343945,30,0,44,1756.12416305505,-1066,248
1621841343955,1621841344015,60,10,390,21579.8034803406,-15563,350
1621841344115,1621841344334,219,7,1526,18058.7886696881,-116935,176
1621841344344,1621841344394,50,2,104,7646.19758806632,-3624,211
1621841344404,1621841344434,30,1,114,8737.2489421425,-4799,140
1621841344444,1621841344474,30,0,57,2108.70845826246,-917,169
1621841344524,1621841344534,10,-1,54,3214.51232422133,-1,-1
1621841344544,1621841344554,10,-1,38,3367.74456126487,-1,-1
1621841344584,1621841344604,20,0,59,3151.28692709944,-2614,228
1621841344634,1621841344644,10,-1,33,786.33324778664,-1,-1
1621841344744,1621841344764,20,0,30,1524.2500134719,-1,165
1621841344884,1621841344924,40,2,87,3594.81446100842,-5141,195
1621841345474,1621841345484,10,-1,33,1266.11141602081,-1,-1
1621841345494,1621841345504,10,-1,30,2301.95672562691,-1,-1
1621841345714,1621841345774,60,3,139,8928.22781436432,-7446,3
1621841345943,1621841346263,320,29,646,40355.7114171168,-39949,187
1621841346283,1621841346293,10,-1,33,2228.74086322832,-1,-1
1621841346313,1621841346373,60,3,74,1571.62190317717,-3981,325
1621841346393,1621841346403,10,-1,64,5007.08192901583,-1,-1
1621841346503,1621841346543,40,1,94,911.152421923365,-4021,351
1621841346553,1621841346823,270,6,210,12701.5603951246,-7917,267
1621841346883,1621841346943,60,3,97,4198.10471764609,-3630,244
1621841346993,1621841347043,50,2,71,3186.54739493321,-2479,157
1621841347053,1621841347063,10,-1,38,1046.75163949229,-1,-1
1621841347123,1621841347153,30,1,57,1818.54042700536,-1825,188
1621841347163,1621841347203,40,1,67,3504.64309649527,-872,249
1621841347373,1621841347463,90,12,390,16940.1096803783,-20027,152
1621841347473,1621841347522,49,5,153,7927.3338672103,-8513,187
1621841347532,1621841347592,60,2,58,2406.76632441657,-2624,177
1621841347652,1621841347682,30,0,40,1930.79638994136,-1,105
1621841347732,1621841347752,20,1,132,7276.21699969599,-1,219
1621841347922,1621841347992,70,15,373,15600.7834668371,-21590,92
1621841348102,1621841348112,10,-1,32,1955.7180279036,-1,-1
1621841348192,1621841348242,50,4,159,9254.2488722887,-6549,2
1621841348562,1621841348612,50,7,235,12719.7158740886,-7721,126
1621841348762,1621841348862,100,22,482,23264.9327214917,-16562,267
1621841348882,1621841348892,10,-1,51,2209.35709853945,-1,-1
1621841349141,1621841349151,10,-1,41,2689.7805126211,-1,-1
1621841349161,1621841349181,20,1,80,5946.20913764568,-157,303
1621841349191,1621841349231,40,2,93,4519.81366857222,-3355,107
1621841349241,1621841349311,70,0,329,29412.3345099895,-6096,342
1621841349321,1621841349361,40,0,368,36297.4609654768,-33668,144
1621841349381,1621841349461,80,18,607,25171.6587519736,-23968,160
1621841349601,1621841349611,10,-1,86,6145.53964378646,-1,-1
1621841349671,1621841349691,20,0,49,1890.39954421353,-1,304
1621841349701,1621841349811,110,4,96,4490.64332770856,-3120,346
1621841349831,1621841349851,20,0,40,1416.16504392682,-1,326
1621841349861,1621841349871,10,-1,35,677.104894129131,-1,-1
1621841349921,1621841349941,20,0,39,2046.01179958569,-738,51
1621841350141,1621841350401,260,13,1133,74093.351235077,-48997,174
1621841350441,1621841350471,30,1,69,3624.55655843891,-3813,342
1621841350491,1621841350521,30,2,102,6262.15239408788,-6676,328
1621841350541,1621841350820,279,12,513,27379.7761781019,-20653,225
1621841351000,1621841351070,70,21,484,29212.0970908228,-22609,13
1621841351080,1621841351100,20,1,99,9457.34659703274,-3194,226
1621841351110,1621841351130,20,1,140,8510.10836635822,-1,69
1621841351140,1621841351180,40,1,118,9128.82675911688,-8228,188
1621841351200,1621841351250,50,2,143,6787.61641559487,-170,106
1621841351260,1621841351330,70,3,170,9850.15959227778,-7438,119
1621841351360,1621841351410,50,1,65,3147.85034044916,-2900,242
1621841351440,1621841351490,50,2,58,1711.34876749723,-876,226
1621841351810,1621841351850,40,3,139,7194.12389072993,-8129,206
1621841351870,1621841351890,20,0,45,1460.95848145071,-1,206
1621841352140,1621841352150,10,-1,30,444.186207116683,-1,-1
1621841352220,1621841352240,20,1,83,4115.22350041868,-1,250
1621841352429,1621841352689,260,11,830,36472.0650563736,-57933,221
1621841352739,1621841352779,40,2,93,3726.72000614253,-1947,236
1621841353619,1621841353649,30,2,98,6478.03471908839,-5885,358
1621841354138,1621841354148,10,-1,32,2681.44291131375,-1,-1
1621841354158,1621841354378,220,19,490,19017.2980809443,-17547,46
1621841354388,1621841354478,90,4,74,3611.4857723929,-3238,149
1621841354558,1621841354588,30,0,140,11787.1601914227,-9945,150
1621841354618,1621841354638,20,1,80,5707.03534682736,-1611,58
1621841354818,1621841354828,10,-1,71,5348.45205402461,-1,-1
1621841354898,1621841354908,10,-1,33,568.601136132063,-1,-1
1621841355178,1621841355338,160,13,515,27718.4569787258,-33408,16
1621841355438,1621841355617,179,10,533,17318.9919265247,-37757,211
1621841355637,1621841355697,60,2,61,1961.75603166016,-1930,164
1621841355707,1621841355727,20,0,53,2819.8637007703,-1090,108
1621841355737,1621841355777,40,1,75,2291.56925146586,-4185,162
1621841355817,1621841355867,50,2,60,1943.51505319838,-2464,271
1621841355877,1621841355967,90,4,65,3979.43670187056,-2913,270
1621841355987,1621841356007,20,0,47,2102.77906445081,-989,275
1621841356027,1621841356037,10,-1,30,66.0346933105441,-1,-1
1621841356057,1621841356267,210,12,456,19199.0313648185,-23725,170
1621841356277,1621841356317,40,2,110,8282.18986464008,-4032,167
1621841356327,1621841356367,40,1,66,3506.65708949386,-2760,319
1621841356377,1621841356397,20,0,37,742.351648161662,-1,320
1621841356417,1621841356437,20,0,49,2352.03276421438,-1,351
1621841356477,1621841356547,70,2,39,1669.95086278522,-529,24
1621841356567,1621841356807,240,13,468,28624.7296038761,-28341,197
1621841356817,1621841356837,20,0,81,6251.31144271996,-4312,304
1621841356847,1621841356867,20,1,78,4516.96949462036,-1,297
1621841356897,1621841356937,40,2,180,9371.21310687027,-11464,152
1621841356957,1621841356967,10,-1,43,3482.198807064,-1,-1
1621841356977,1621841357017,40,0,90,6557.403423341,-4327,225
1621841357137,1621841357167,30,0,131,10001.2160598936,-1,0
1621841357177,1621841357187,10,-1,93,6724.11939747062,-1,-1
1621841357197,1621841357206,9,-1,38,1861.30412857209,-1,-1
1621841357216,1621841357236,20,0,57,1622.8920930703,-1,6
1621841357246,1621841357506,260,2,292,23654.5004041382,-17320,13
1621841357676,1621841357716,40,6,442,36206.9450374569,-21409,117
1621841357726,1621841357746,20,0,65,3927.45824893492,-1,319
1621841357896,1621841357926,30,1,78,3949.88853335449,-2452,340
1621841358166,1621841358186,20,0,37,2177.96995224927,-3,316
1621841358196,1621841358206,10,-1,43,2455.87546012661,-1,-1
1621841358236,1621841358476,240,18,636,33982.8487231723,-32639,232
1621841358526,1621841358536,10,-1,38,1369.63640174334,-1,-1
1621841358586,1621841358616,30,1,66,3410.07105873327,-1736,208
1621841359175,1621841359185,10,-1,30,2044.30854459786,-1,-1
1621841359535,1621841359545,10,-1,77,6414.53829500577,-1,-1
1621841359555,1621841359575,20,0,67,4207.39890210459,-3262,323
1621841359605,1621841359625,20,0,56,3246.22505298851,-1,260
1621841359745,1621841359765,20,1,69,3156.01920578867,-1,109
1621841359905,1621841359965,60,2,103,6407.41281182016,-4037,347
1621841360075,1621841360105,30,0,83,6838.18578155345,-4840,132
1621841360215,1621841360225,10,-1,36,1063.08225632204,-1,-1
1621841360235,1621841360255,20,0,56,3557.44682051376,-1837,147
1621841360355,1621841360375,20,0,48,2795.90501662672,-1,50
1621841360385,1621841360405,20,0,43,2060.77821202717,-20,292
1621841360415,1621841360435,20,1,91,7071.73962305899,-3436,73
1621841360534,1621841360674,140,4,1656,76253.2487949013,-137679,117
1621841360764,1621841360774,10,-1,57,3086.73584231183,-1,-1
1621841360974,1621841361014,40,2,127,9807.52934768874,-5679,238
1621841361044,1621841361054,10,-1,46,3136.42722285004,-1,-1
1621841361064,1621841361094,30,0,113,9157.5008522982,-7284,105
1621841361104,1621841361114,10,-1,46,2311.35996704063,-1,-1
1621841361204,1621841361214,10,-1,30,2003.06692257866,-1,-1
1621841361234,1621841361254,20,0,48,2818.62881478622,-469,273
1621841361874,1621841362103,229,14,363,9898.63986456026,-15040,125
1621841362353,1621841362363,10,-1,80,5548.27616713267,-1,-1
1621841362373,1621841362383,10,-1,82,7085.525490956,-1,-1
1621841362393,1621841362403,10,-1,42,3744.76523993678,-1,-1
1621841362453,1621841362463,10,-1,36,1558.25378531779,-1,-1
1621841362473,1621841362483,10,-1,46,2516.86626210551,-1,-1
1621841362523,1621841362543,20,0,57,3604.43549166753,-1,35
1621841362553,1621841362563,10,-1,44,1504.32732217488,-1,-1
1621841362633,1621841362643,10,-1,63,4179.77613792446,-1,-1
1621841362653,1621841362673,20,0,69,4456.12968219373,-3186,284
1621841362793,1621841362823,30,1,74,4436.7172932836,-1892,284
1621841362893,1621841362943,50,2,113,6115.37554680365,-3053,95
1621841363033,1621841363053,20,0,49,3538.71513475141,-932,142
1621841363073,1621841363143,70,3,86,3782.35756603083,-3483,1
1621841363313,1621841363353,40,1,57,3236.68551387361,-1425,25
1621841363363,1621841363633,270,31,1904,138223.913089809,-147526,199
1621841363643,1621841363712,69,2,139,7793.62575601919,-8344,277
1621841363752,1621841363782,30,2,114,8223.78382133409,-7612,306
1621841363822,1621841364282,460,33,1455,140990.160678845,-138171,21
1621841364332,1621841364392,60,3,113,5908.71252590971,-7832,166
1621841364402,1621841364422,20,1,77,3240.30093086783,-1,251
1621841364442,1621841364462,20,0,39,1256.68820227553,-1,159
1621841364482,1621841364512,30,1,54,2203.78556911362,-1251,162
1621841364522,1621841364592,70,0,169,12654.192383348,-11360,51
1621841364622,1621841364662,40,1,79,4760.62016816818,-4609,162
1621841364672,1621841364682,10,-1,34,1674.30304598674,-1,-1
1621841364752,1621841364762,10,-1,35,1265.16083191112,-1,-1
1621841364872,1621841364942,70,2,177,7992.99969534301,-3560,185
1621841365032,1621841365222,190,4,658,15359.2434393342,-19211,43
1621841365242,1621841365341,99,4,100,3905.06021117808,-2632,284
1621841365351,1621841365361,10,-1,38,1100.78986648328,-1,-1
1621841365441,1621841365551,110,7,123,3026.19817379587,-4235,76
1621841365651,1621841365721,70,3,70,2281.88401280221,-546,248
1621841365801,1621841365971,170,35,504,25170.9011621651,-7970,356
1621841366091,1621841366241,150,20,923,3184.81459192845,-53184,205
1621841366251,1621841366291,40,1,124,6751.3577119252,-3309,155
1621841366301,1621841366331,30,2,134,6181.62926625588,-4545,155
1621841366351,1621841366361,10,-1,34,780.050981060112,-1,-1
1621841366371,1621841366381,10,-1,40,1678.74466732135,-1,-1
1621841366631,1621841366671,40,1,40,1015.93799908164,-470,282
1621841366701,1621841366761,60,1,65,3958.37911537404,-1521,39
1621841366771,1621841367000,229,28,724,35806.3324164651,-51705,132
1621841367010,1621841367040,30,2,111,6441.94684702819,-6251,80
1621841367050,1621841367140,90,3,63,3752.38751437739,-1401,341
1621841367170,1621841367190,20,0,38,1105.39426759031,-729,26
1621841367210,1621841367230,20,0,38,3282.85090961264,-616,97
1621841367270,1621841367290,20,0,36,664.239647174856,-1,66
1621841367350,1621841367360,10,-1,36,1625.9289237824,-1,-1
1621841367440,1621841367460,20,0,37,1804.47863899646,-1,306
1621841367900,1621841367910,10,-1,35,605.877371533708,-1,-1
1621841367950,1621841367960,10,-1,30,1104.3277737968,-1,-1
1621841368060,1621841368080,20,0,51,3052.40158281064,-1616,245
1621841368150,1621841368180,30,3,170,8694.40762641977,-8620,322
1621841368220,1621841368240,20,0,59,3731.15219072851,-1,336
1621841368350,1621841368420,70,3,180,16402.8960349822,-7905,161
1621841368490,1621841368709,219,1,484,20883.0381448162,-21483,63
1621841368819,1621841368869,50,13,918,-1.0,-33730,223
1621841368899,1621841368909,10,-1,49,1964.52904026637,-1,-1
1621841368919,1621841368939,20,0,40,892.570423746797,-1,318
1621841368949,1621841368959,10,-1,60,3072.16983793716,-1,-1
1621841368969,1621841369059,90,2,104,4013.72560303325,-6626,277
1621841369189,1621841369299,110,5,82,1304.60119204368,-2108,75
1621841369339,1621841369379,40,2,78,3713.75999842484,-4021,185
1621841369499,1621841369689,190,9,187,13833.0795428197,-12974,342
1621841369829,1621841369839,10,-1,30,1292.60446071938,-1,-1
1621841369849,1621841369869,20,1,68,4116.16099009716,-1823,128
1621841369919,1621841369979,60,10,237,13083.1876586226,-14309,140
1621841370218,1621841370258,40,1,47,2504.16016065963,-1,11
1621841370478,1621841370548,70,26,1684,8047.42293256812,-73135,299
1621841370628,1621841370638,10,-1,30,1294.87758667627,-1,-1
1621841370858,1621841370878,20,0,37,1328.73619836313,-1,73
1621841371388,1621841371398,10,-1,40,1136.52837740404,-1,-1
1621841371448,1621841371458,10,-1,30,1267.30611152545,-1,-1
1621841371508,1621841371528,20,1,159,8370.58205876586,-1,164
1621841371538,1621841371548,10,-1,109,9708.53039134536,-1,-1
1621841371708,1621841371728,20,0,48,2897.03548536949,-490,274
1621841372127,1621841372167,40,27,1327,42795.5946854784,-122172,290
1621841372317,1621841372387,70,14,286,13829.034839613,-13428,245
1621841372397,1621841372417,20,0,41,1626.62432601931,-1,75
1621841372477,1621841372547,70,6,156,11623.1368933984,-12268,76
1621841372577,1621841372637,60,9,294,14938.9145335454,-9853,271
1621841372687,1621841372727,40,1,44,793.573897263578,-647,77
1621841372787,1621841372807,20,1,85,6671.08499758828,-639,202
1621841373077,1621841373087,10,-1,32,573.187887412101,-1,-1
1621841373137,1621841373177,40,1,115,5984.80089236852,-1,268
1621841373566,1621841373576,10,-1,48,2043.40580770828,-1,-1
1621841373586,1621841373626,40,0,164,13404.7480709455,-2612,146
1621841373726,1621841373756,30,1,70,3723.86903228005,-3770,13
1621841373766,1621841373786,20,1,92,4944.20776604063,-1,194
1621841373796,1621841373806,10,-1,58,5146.91061036861,-1,-1
1621841373876,1621841373936,60,10,388,17901.128438299,-5754,358
1621841374036,1621841374266,230,15,613,37324.7115658384,-42073,157
1621841374306,1621841374326,20,0,52,3684.93881351172,-569,341
1621841374436,1621841374456,20,0,41,1586.46004097025,-1,240
1621841374516,1621841374566,50,3,224,14491.856077731,-8825,298
1621841374576,1621841374606,30,3,149,6163.45034176204,-4963,154
1621841374926,1621841374936,10,-1,30,2079.54093774828,-1,-1
1621841375175,1621841375195,20,0,45,2827.92249437286,-1339,57
1621841375205,1621841375255,50,9,403,13129.9416766134,-1,160
1621841375535,1621841375555,20,0,36,1225.56390295514,-492,345
1621841375565,1621841375575,10,-1,34,1118.04703655326,-1,-1
1621841376045,1621841376105,60,14,456,29942.3681748812,-21463,25
1621841376125,1621841376265,140,8,106,8450.36315307202,-3786,160
1621841376285,1621841376295,10,-1,35,661.451682511234,-1,-1
1621841376305,1621841376315,10,-1,37,1121.09975129644,-1,-1
1621841376345,1621841376355,10,-1,31,1606.73909691337,-1,-1
1621841376365,1621841376405,40,1,104,8592.86132972537,-2695,187
1621841376415,1621841376435,20,0,35,827.808509123557,-1,250
1621841376475,1621841376515,40,1,64,2684.57824814902,-2087,248
1621841376525,1621841376784,259,14,250,15328.268953079,-12248,227
1621841376794,1621841376804,10,-1,43,1911.66131463214,-1,-1
1621841376814,1621841376884,70,1,130,6567.80699961751,-8698,41
1621841376904,1621841376914,10,-1,39,989.697892638674,-1,-1
1621841377174,1621841377264,90,16,440,12074.4868508046,-15268,342
1621841377324,1621841377474,150,7,504,35874.8051018182,-46324,176
1621841377564,1621841377614,50,2,123,5381.55705542644,-7096,252
1621841377624,1621841377664,40,3,126,8787.31159950554,-5943,262
1621841377694,1621841377714,20,0,46,3196.20548660552,-636,34
1621841377784,1621841377804,20,0,32,222.63257518706,-1,98
1621841378393,1621841378423,30,2,138,8858.23665246286,-8027,166
1621841378893,1621841378913,20,0,35,2209.87136506371,-316,56
1621841379623,1621841379653,30,0,32,781.32792428263,-1,355
1621841379663,1621841379673,10,-1,48,2670.25524019439,-1,-1
1621841379753,1621841379783,30,0,45,979.268276442189,-1,334
1621841379793,1621841379892,99,3,106,3781.41957309972,-5811,41
1621841379902,1621841380212,310,40,590,52627.4747210133,-49749,161
1621841380222,1621841380262,40,9,328,17668.9581002476,-9233,330
1621841380272,1621841380442,170,5,48,2149.11126919988,-32,349
1621841380462,1621841380472,10,-1,41,1766.96649241244,-1,-1
1621841380502,1621841380532,30,0,47,3419.09711795618,-1,306
1621841380542,1621841380552,10,-1,61,3188.6413887519,-1,-1
1621841380662,1621841380712,50,2,118,6941.53369515721,-8321,181
1621841380772,1621841380802,30,0,45,1398.79872930179,-1291,315
1621841380812,1621841380832,20,3,186,16681.1633428844,-2451,254
1621841380842,1621841380902,60,4,174,10834.4615067208,-5626,39
1621841380972,1621841381012,40,5,218,12728.0916717314,-9302,348
1621841381312,1621841381322,10,-1,79,5756.81281388733,-1,-1
1621841381352,1621841381382,30,0,75,4402.3049776387,-925,225
1621841381432,1621841381452,20,0,46,2616.0418102885,-1422,98
1621841381861,1621841381901,40,2,87,4257.84484275843,-3606,298
1621841382011,1621841382061,50,7,224,9409.50132804174,-10808,92
1621841382571,1621841382591,20,0,31,242.758651841935,-1,68
1621841382621,1621841382641,20,0,50,4207.0962522815,-741,57
1621841382991,1621841383001,10,-1,31,2110.40372935163,-1,-1
1621841383021,1621841383100,79,4,162,10836.9257292639,-7759,83
1621841383730,1621841383760,30,1,64,2574.40811260249,-1900,92
1621841384040,1621841384050,10,-1,33,2773.01901933276,-1,-1
1621841384440,1621841384480,40,1,123,7777.85374317229,-2922,279
1621841384540,1621841384550,10,-1,37,1823.99056832585,-1,-1
1621841384650,1621841384660,10,-1,30,-1.0,-1,-1
1621841384789,1621841384799,10,-1,36,907.127736970469,-1,-1
1621841384939,1621841384979,40,3,157,6457.13390727001,-7823,35
1621841385139,1621841385169,30,0,45,3424.2081826387,-823,137
1621841385679,1621841385689,10,-1,33,1270.37479072119,-1,-1
1621841386408,1621841386418,10,-1,39,3311.69677313856,-1,-1
1621841386438,1621841386588,150,10,439,25567.6661034661,-15076,28
1621841386698,1621841386788,90,4,117,4261.65739962193,-3660,259
1621841386808,1621841386828,20,0,45,2879.92084631294,-174,230
1621841386838,1621841386918,80,5,181,7805.80291482765,-6546,323
1621841386938,1621841386968,30,1,56,2962.46058278718,-2164,264
1621841387028,1621841387078,50,2,58,1727.36161755151,-1248,117
1621841387118,1621841387128,10,-1,33,914.589916681587,-1,-1
1621841387178,1621841387218,40,2,133,7402.71374256233,-1407,45
1621841387648,1621841387658,10,-1,281,27481.4069114767,-1,-1
1621841387748,1621841387838,90,1,472,9437.8075003392,-24591,186
1621841387848,1621841387918,70,3,90,2728.25480179743,-4727,74
1621841387928,1621841387967,39,6,282,16090.610125755,-11320,137
1621841388027,1621841388047,20,0,43,858.229045074225,-1,75
1621841388057,1621841388087,30,0,59,1590.75879630403,-1,40
1621841388097,1621841388107,10,-1,32,398.855587278636,-1,-1
1621841388117,1621841388127,10,-1,34,647.357051779698,-1,-1
1621841388147,1621841388397,250,16,1299,71547.810150349,-70454,317
1621841388407,1621841388427,20,0,40,2036.15164015917,-13,158
1621841388467,1621841388497,30,1,81,5874.73839501678,-2704,178
1621841389237,1621841389257,20,0,41,2721.56364049493,-1159,21
1621841390596,1621841390646,50,5,184,9431.68171028527,-9587,42
1621841391106,1621841391136,30,1,79,4564.24426818379,-2316,247
1621841391156,1621841391166,10,-1,30,1269.87473205383,-1,-1
1621841391295,1621841391355,60,12,2141,9634.75231778647,-154461,286
1621841391365,1621841391375,10,-1,59,3815.1035452942,-1,-1
1621841391425,1621841391435,10,-1,58,3604.63185377097,-1,-1
1621841391515,1621841391525,10,-1,39,2512.41343899376,-1,-1
1621841391535,1621841391545,10,-1,55,4056.47976736614,-1,-1
1621841391695,1621841391725,30,0,56,2982.40224110187,-2149,118
1621841391835,1621841391845,10,-1,35,2373.41933074455,-1,-1
1621841391935,1621841391955,20,0,35,2362.11553279255,-357,102
1621841392235,1621841392265,30,0,70,5198.59339290932,-3377,301
1621841392375,1621841392455,80,1,484,17108.026823862,-3540,153
1621841392465,1621841392485,20,1,56,4894.73371436217,-727,120
1621841392505,1621841392545,40,5,627,48419.2918037156,-50740,305
1621841392555,1621841392565,10,-1,36,1792.05490439862,-1,-1
1621841392575,1621841392615,40,3,93,6026.91955747013,-1872,124
1621841392655,1621841392665,10,-1,39,1181.41563123151,-1,-1
1621841392884,1621841392994,110,5,100,4273.49592871858,-3461,92
1621841393014,1621841393084,70,2,877,82540.2710970668,-84662,105
1621841393094,1621841393124,30,1,84,7105.71811109354,-3248,101
1621841393134,1621841393144,10,-1,68,4758.00432156986,-1,-1
1621841393154,1621841393594,440,16,626,33899.1721241986,-46064,184
1621841393634,1621841393644,10,-1,36,2109.5801354706,-1,-1
1621841393674,1621841393694,20,0,52,4050.24675627289,-17,74
1621841394094,1621841394204,110,21,397,16431.5878022012,-23312,321
1621841394434,1621841394453,19,0,44,2082.88708980064,-547,343
1621841394673,1621841394683,10,-1,30,2089.99128919502,-1,-1
1621841394883,1621841394933,50,4,151,9002.44346610265,-5469,194
1621841395063,1621841395123,60,7,232,8684.38580712965,-6755,357
1621841395213,1621841395253,40,1,264,23.6250067241073,-18172,312
1621841395273,1621841395293,20,0,37,2615.86210347151,-1,113
1621841395303,1621841395313,10,-1,65,4790.09950595226,-1,-1
1621841395343,1621841395373,30,1,104,9289.95731733099,-4877,99
1621841395383,1621841395403,20,1,67,4491.65952006077,-681,81
1621841395433,1621841395443,10,-1,36,1696.96686252084,-1,-1
1621841395513,1621841395523,10,-1,33,584.808195201099,-1,-1
1621841395543,1621841395593,50,2,167,10637.3680057812,-3658,167
1621841395603,1621841395623,20,1,133,11052.9117570127,-8493,71
1621841395653,1621841395693,40,0,165,8934.48643598776,-1,17
1621841395733,1621841395753,20,0,70,3622.06726325523,-1,63
1621841395763,1621841395773,10,-1,62,5512.72142784953,-1,-1
1621841396112,1621841396182,70,12,574,20705.4334216354,-51278,84
1621841396212,1621841396252,40,5,371,22276.8188519721,-18474,174
1621841396262,1621841396322,60,5,215,14237.7280187582,-12306,336
1621841396412,1621841396492,80,4,217,14930.8432979524,-9384,42
1621841396512,1621841396542,30,0,45,3543.38942223955,-861,194
1621841396632,1621841396662,30,0,49,1564.7604000952,-1,229
1621841396672,1621841396722,50,3,175,10303.2176917567,-7620,133
1621841396852,1621841396862,10,-1,92,8871.58523723183,-1,-1
1621841396872,1621841396882,10,-1,73,5497.31862638433,-1,-1
1621841396912,1621841396922,10,-1,33,1236.92392564033,-1,-1
1621841397122,1621841397182,60,3,279,19037.1178201766,-17282,291
1621841397302,1621841397322,20,0,51,2803.16971574252,-1,257
1621841397352,1621841397412,60,7,278,20980.1665956863,-14986,196
1621841397432,1621841397502,70,2,68,3614.97560183504,-3257,338
1621841397512,1621841397532,20,0,249,21238.1354995839,-1,29
1621841397681,1621841397761,80,15,360,11207.0508843204,-20105,114
1621841397781,1621841397851,70,4,89,4930.32647455596,-3095,275
1621841397891,1621841397911,20,0,31,599.736397972283,-1,285
1621841398121,1621841398161,40,1,52,2034.69355804325,-1246,275
1621841398271,1621841398341,70,6,251,21494.0912158237,-12147,241
1621841398541,1621841398551,10,-1,34,655.838754150947,-1,-1
1621841398571,1621841398581,10,-1,34,574.923331051187,-1,-1
1621841398641,1621841398651,10,-1,30,1771.18058602565,-1,-1
1621841398791,1621841398801,10,-1,44,2454.22284907823,-1,-1
1621841398881,1621841398891,10,-1,39,1373.25430033823,-1,-1
1621841399081,1621841399121,40,3,156,7969.75941310825,-7968,14
1621841399410,1621841399440,30,3,164,10759.8103623081,-9552,43
1621841399720,1621841399760,40,1,75,3483.59743054727,-1,210
1621841399910,1621841399940,30,2,113,5621.53655587196,-5059,29
1621841400170,1621841400390,220,28,1007,62812.5251922122,-56065,267
1621841400400,1621841400420,20,0,33,324.115845821896,-1,90
1621841400470,1621841400520,50,6,245,12617.9110791386,-10954,110
1621841400620,1621841400640,20,0,35,1056.69059462228,-1,82
1621841400670,1621841400700,30,1,51,2785.30098199305,-1351,122
1621841400889,1621841400959,70,7,164,5538.9295671011,-10570,44
1621841400969,1621841401029,60,0,57,4942.84338488153,-2574,4
1621841401069,1621841401119,50,5,182,9185.34397419457,-7885,65
1621841401149,1621841401169,20,0,52,3104.38268494716,-2198,257
1621841401219,1621841401259,40,2,86,5247.83737485389,-3699,258
1621841401269,1621841401309,40,5,416,38901.9792208058,-17049,150
1621841401339,1621841401369,30,2,116,6053.26601797562,-6526,266
1621841401419,1621841401519,100,16,720,64327.7140479199,-34834,86
1621841401539,1621841401559,20,1,94,6204.82502607815,-1,97
1621841401599,1621841401649,50,1,38,977.309988984894,-506,246
1621841401819,1621841401869,50,3,125,6188.59747728378,-4719,303
1621841402029,1621841402039,10,-1,34,1691.44386566567,-1,-1
1621841402269,1621841402339,70,16,571,30861.6292865423,-22066,302
1621841402359,1621841402369,10,-1,37,1234.93314946985,-1,-1
1621841402449,1621841402459,10,-1,31,1306.08272507806,-1,-1
1621841402528,1621841402698,170,17,1959,85859.8398281557,-117639,235
1621841402718,1621841402748,30,3,164,10169.70907239,-5391,105
1621841402788,1621841402808,20,1,113,6211.50117857876,-1,344
1621841402908,1621841403058,150,6,465,9830.76680520267,-30135,122
1621841403268,1621841403288,20,0,36,1903.82346218044,-1,261
1621841403598,1621841403628,30,1,56,3168.95375053622,-1712,15
1621841404277,1621841404307,30,2,99,5376.28174385392,-4513,167
1621841404527,1621841404537,10,-1,48,2321.42118603578,-1,-1
1621841404927,1621841404947,20,0,45,2125.60673263371,-1,70
1621841405826,1621841405836,10,-1,34,1243.16835907337,-1,-1
1621841405926,1621841405936,10,-1,31,1582.11162943075,-1,-1
1621841407705,1621841407715,10,-1,47,2560.80750759978,-1,-1
1621841407725,1621841407735,10,-1,42,1886.04805936075,-1,-1
1621841407745,1621841407775,30,1,109,3583.60428088055,-1,145
1621841407955,1621841408035,80,8,760,38808.0931459985,-68707,73
1621841408055,1621841408075,20,0,46,2111.16462940103,-1023,281
1621841408095,1621841408105,10,-1,30,62.2390662842676,-1,-1
1621841408205,1621841408235,30,2,96,4322.72879307414,-6019,104
1621841408405,1621841408465,60,5,138,8027.87761635057,-4783,293
1621841409194,1621841409334,140,31,1114,51970.7255020653,-70655,266
1621841409344,1621841409404,60,3,79,5123.274386362,-2169,82
1621841409494,1621841409524,30,3,147,8792.68229130301,-6943,128
1621841409804,1621841409814,10,-1,31,1366.86647253856,-1,-1
1621841409894,1621841409914,20,0,66,4026.60944684186,-1617,93
1621841410174,1621841410214,40,3,139,6289.32252548695,-6760,327
1621841410583,1621841410623,40,4,142,6765.05275491231,-6419,142
1621841410903,1621841410913,10,-1,50,3047.99066816306,-1,-1
1621841410923,1621841410933,10,-1,40,2434.13894245795,-1,-1
1621841411083,1621841411123,40,5,202,10223.7463765994,-8681,91
1621841411273,1621841411313,40,5,223,9980.45129349898,-10457,270
1621841411383,1621841411403,20,0,65,4521.92270030297,-2353,47
1621841411443,1621841411503,60,2,87,3496.25072091458,-4346,305
1621841412662,1621841412712,50,3,124,6989.50778543217,-4607,341
1621841412902,1621841412912,10,-1,34,2278.81259567236,-1,-1
1621841412942,1621841412962,20,0,49,2084.24092426191,-1,109
1621841412972,1621841413002,30,4,254,14717.3474642465,-1,267
1621841413102,1621841413232,130,9,510,17949.3182752342,-40271,139
1621841413242,1621841413342,100,15,928,36482.3650966991,-55620,339
1621841413352,1621841413542,190,10,1669,152431.48852746,-149995,159
1621841413652,1621841413672,20,0,34,771.610091718517,-3,226
1621841413732,1621841413752,20,0,61,3791.24197683199,-22,344
1621841413762,1621841413772,10,-1,37,1677.08933010809,-1,-1
1621841413851,1621841413871,20,0,35,1347.75944380208,-1,158
1621841413961,1621841413971,10,-1,77,5548.89002606377,-1,-1
1621841413981,1621841413991,10,-1,34,1526.19168948726,-1,-1
1621841414141,1621841414151,10,-1,31,1853.35095656543,-1,-1
1621841414191,1621841414261,70,3,232,16956.5055291458,-11269,321
1621841414301,1621841414321,20,1,83,5672.56384746145,-1,128
1621841414331,1621841414341,10,-1,34,1107.00890117015,-1,-1
1621841414431,1621841414461,30,1,93,4917.31172948754,-5396,81
1621841414541,1621841414591,50,1,95,4239.6810818599,-6341,295
1621841414601,1621841414691,90,0,227,15998.5090205405,-14883,77
1621841414721,1621841414811,90,19,496,22417.6479490611,-20294,168
1621841414831,1621841414881,50,1,32,604.703246333041,-240,348
1621841414901,1621841414911,10,-1,30,1087.39379346196,-1,-1
1621841414941,1621841414951,10,-1,31,421.86952624539,-1,-1
1621841414961,1621841414981,20,0,32,516.477980408839,-1,0
1621841415021,1621841415031,10,-1,41,1529.77054146233,-1,-1
1621841415101,1621841415161,60,2,42,1251.31270903428,-456,294
1621841415460,1621841415570,109,4,140,4113.18276475961,-652,355
1621841415680,1621841415690,10,-1,43,3250.2229704159,-1,-1
1621841415700,1621841415710,10,-1,33,1296.96923120667,-1,-1
1621841416010,1621841416180,170,40,439,15616.1530039408,-14488,93
1621841416190,1621841416300,110,6,117,9874.98064683943,-4589,266
1621841416330,1621841416360,30,2,127,7325.25513933748,-6106,92
1621841416540,1621841416580,40,1,56,2941.20035296771,-693,88
1621841416540,1621841416580,40,1,56,2941.20035296771,-693,88
1621841416620,1621841416630,10,-1,32,1000.47787407806,-1,-1
1621841417859,1621841417929,70,27,1009,35768.6826445489,-57240,264
1621841417959,1621841417969,10,-1,32,2488.26408274775,-1,-1
1621841418239,1621841418279,40,1,54,2414.31719087536,-2010,341
1621841418409,1621841418449,40,3,124,6518.75881251006,-6918,109
1621841419348,1621841419378,30,0,48,2072.18132308896,-1,253
1621841419388,1621841419468,80,0,80,4383.73511694247,-3962,231
1621841419558,1621841419598,40,4,152,6867.68311073237,-8409,193
1621841419698,1621841419728,30,0,39,1588.23993375656,-94,66
1621841419858,1621841419958,100,8,537,29271.0242911309,-30228,190
1621841420048,1621841420337,289,13,407,28143.2297191977,-27594,22
1621841420347,1621841420467,120,6,165,8436.52981204926,-7745,17
1621841420497,1621841420547,50,2,160,8633.22413757775,-7306,194
1621841420587,1621841420597,10,-1,32,773.104113390844,-1,-1
1621841420627,1621841420697,70,2,142,7834.27122769613,-9742,301
1621841420727,1621841420737,10,-1,61,3367.74628897397,-1,-1
1621841420747,1621841420757,10,-1,51,3958.99576255163,-1,-1
1621841420857,1621841420887,30,3,165,7968.02012021867,-8128,161
1621841420927,1621841420937,10,-1,35,848.227364168614,-1,-1
1621841420967,1621841420997,30,1,85,3347.77501393931,-3784,351
1621841421017,1621841421027,10,-1,31,940.649533790599,-1,-1
1621841421037,1621841421057,20,0,36,1178.03230455052,-500,39
1621841421067,1621841421077,10,-1,43,2292.62084157347,-1,-1
1621841421127,1621841421137,10,-1,37,2757.48083280899,-1,-1
1621841421147,1621841421167,20,0,45,3021.22935798966,-1291,127
1621841421177,1621841421227,50,1,185,10184.7012315535,-15400,311
1621841421337,1621841421367,30,1,68,2542.62135448914,-2924,308
1621841421387,1621841421407,20,0,50,2012.64464916757,-1,265
1621841421617,1621841421687,70,2,83,4473.8488613452,-3115,264
1621841421917,1621841421936,19,0,54,2851.43080468482,-1,155
1621841421946,1621841421956,10,-1,43,2508.30148431514,-1,-1
1621841422376,1621841422416,40,3,161,7792.86193235109,-6038,57
1621841422716,1621841422736,20,1,118,9561.35186406189,-1,184
1621841422826,1621841422856,30,2,106,7176.89245534211,-2641,353
1621841422916,1621841422956,40,2,115,7970.11246748823,-7008,184
1621841423096,1621841423146,50,10,358,18444.8747744114,-16601,35
1621841423246,1621841423256,10,-1,31,207.499279070955,-1,-1
1621841423595,1621841423605,10,-1,38,2097.15824155268,-1,-1
1621841423615,1621841423645,30,3,178,8569.49872095528,-6442,5
1621841423735,1621841423765,30,1,51,2221.261718675,-1799,87
1621841423775,1621841423805,30,0,44,2938.2659429489,-167,215
1621841423815,1621841423835,20,3,327,16245.5533436761,-1,347
1621841424035,1621841424135,100,21,423,2791.69390325758,-20558,163
1621841424145,1621841424315,170,5,231,17112.1830100581,-17833,140
1621841424335,1621841424415,80,3,50,1751.08501019789,-999,163
1621841424425,1621841424455,30,1,63,1739.1733217364,-2826,177
1621841424495,1621841424825,330,13,188,11722.8414561094,-10110,247
1621841425274,1621841425354,80,21,638,18932.7710614233,-29376,100
1621841425364,1621841425444,80,3,58,2012.5680142222,-1713,284
1621841425524,1621841425534,10,-1,31,735.976147701055,-1,-1
1621841425554,1621841425574,20,0,36,1011.25092185107,-248,277
1621841425594,1621841425604,10,-1,30,258.597691691465,-1,-1
1621841425854,1621841425874,20,0,31,1391.69835414899,-97,288
1621841425904,1621841425924,20,0,35,721.353344625956,-414,278
1621841426274,1621841426294,20,0,37,2977.42795549179,-432,253
1621841426344,1621841426354,10,-1,31,290.18504856376,-1,-1
1621841426444,1621841426454,10,-1,33,708.740509903699,-1,-1
1621841426534,1621841426544,10,-1,36,1987.19086728361,-1,-1
1621841426624,1621841426664,40,1,59,2617.64743928742,-1698,221
1621841426813,1621841426843,30,1,84,5471.50711355783,-5247,42
1621841427083,1621841427123,40,3,157,8643.09445811074,-7060,90
1621841427623,1621841427673,50,3,108,4207.86702037962,-3495,207
1621841427903,1621841427933,30,2,143,8837.52613065187,-7988,329
1621841428243,1621841428263,20,1,80,5911.56844298968,-1,144
1621841428333,1621841428403,70,3,292,9667.23156984177,-1523,216
1621841428502,1621841428742,240,21,664,32461.9061830655,-51297,12
1621841428752,1621841428772,20,0,38,587.681475284785,-1,180
1621841428812,1621841428832,20,1,78,6436.87343204036,-545,195
1621841428892,1621841428972,80,3,367,36403.6335066564,-9988,329
1621841429082,1621841429322,240,7,509,20309.0076675593,-30873,219
1621841429332,1621841429362,30,1,69,4506.19026319975,-1887,162
1621841429412,1621841429422,10,-1,53,2401.88282129016,-1,-1
1621841429442,1621841429452,10,-1,32,356.689811537446,-1,-1
1621841429762,1621841429772,10,-1,107,7847.2397893515,-1,-1
1621841430861,1621841430921,60,1,34,1846.75368397953,-1,322
1621841431011,1621841431101,90,33,2283,42716.9333343708,-124422,240
1621841431121,1621841431181,60,3,71,3484.09554923029,-2916,103
1621841431211,1621841431251,40,3,147,6688.42585860796,-6723,233
1621841431341,1621841431351,10,-1,33,484.573547626291,-1,-1
1621841431401,1621841431421,20,0,41,977.249265426852,-1,75
1621841431930,1621841431980,50,9,437,15983.0986636648,-1,251
1621841432170,1621841432180,10,-1,108,-1.0,-1,-1
1621841432190,1621841432260,70,4,103,5295.29672034587,-4950,74
1621841432270,1621841432300,30,0,105,8310.01520682647,-6406,83
1621841432310,1621841432340,30,1,207,18332.7197562734,-12704,66
1621841432350,1621841432360,10,-1,35,1000.08056977387,-1,-1
1621841432410,1621841432480,70,7,211,8239.62580571774,-13170,157
1621841432650,1621841432660,10,-1,42,2425.36006646911,-1,-1
1621841432680,1621841432760,80,10,1121,74126.1772602211,-105447,16
1621841433050,1621841433070,20,0,51,4474.58760006985,-1,254
1621841433170,1621841433180,10,-1,40,1446.73281292846,-1,-1
1621841433379,1621841433649,270,24,639,34598.2560196256,-43119,8
1621841433659,1621841433749,90,5,233,19633.9828117352,-6795,171
1621841433779,1621841433859,80,4,223,13542.2420476815,-11319,178
1621841433979,1621841434009,30,1,61,2417.03793267246,-446,201
1621841434569,1621841434599,30,2,144,8670.89771377931,-1,0
1621841434759,1621841434769,10,-1,35,3309.24631639422,-1,-1
1621841434848,1621841434858,9,-1,32,932.462606552471,-1,-1
1621841435248,1621841435298,50,3,107,4725.56757809105,-4328,180
1621841435308,1621841435318,10,-1,49,2706.93095779193,-1,-1
1621841435328,1621841435338,10,-1,41,3564.20861510886,-1,-1
1621841435848,1621841435888,40,2,136,11520.6922897635,-4932,1
1621841436118,1621841436148,30,1,47,2420.52316065235,-1112,348
1621841436228,1621841436238,10,-1,35,3292.25085124564,-1,-1
1621841436248,1621841436258,10,-1,35,917.90936370232,-1,-1
1621841436487,1621841436527,39,0,65,5497.80917203519,-2231,140
1621841436587,1621841436597,10,-1,44,3491.08916932641,-1,-1
1621841436607,1621841436617,10,-1,58,4225.45867420285,-1,-1
1621841436627,1621841436657,30,3,141,8546.08733293819,-8487,165
1621841436807,1621841436847,40,0,117,9816.39346118604,-3592,259
1621841436877,1621841436907,30,1,68,2982.75339593317,-3778,3
1621841437137,1621841437217,80,30,1083,38263.2209201025,-676,173
1621841437487,1621841437727,240,20,471,28288.5418937946,-30564,9
1621841437737,1621841437887,150,1,201,16505.9583575016,-16978,340
1621841437947,1621841437957,10,-1,33,1449.64534287009,-1,-1
1621841438047,1621841438057,10,-1,48,4057.86554419117,-1,-1
1621841438067,1621841438086,19,0,36,1022.27086750065,-426,48
1621841438206,1621841438226,20,0,48,3633.17463368279,-1712,29
1621841438246,1621841438256,10,-1,34,2210.08571690688,-1,-1
1621841438286,1621841438296,10,-1,30,973.18970369657,-1,-1
1621841438606,1621841438626,20,1,57,4087.90317001478,-1,284
1621841438746,1621841438776,30,0,48,1924.5130342567,-1,260
1621841438806,1621841438816,10,-1,41,3447.87591253272,-1,-1
1621841438866,1621841439236,370,39,554,28285.1069432479,-34436,50
1621841439346,1621841439356,10,-1,31,741.407973609128,-1,-1
1621841439396,1621841439416,20,0,44,1749.34296618351,-974,248
1621841439466,1621841439476,10,-1,34,1926.68196895885,-1,-1
1621841439486,1621841439656,170,4,262,22412.1630593538,-7475,243
1621841439706,1621841439725,19,1,82,5732.54966125895,-2091,277
1621841440755,1621841440765,10,-1,45,2985.40530419412,-1,-1
1621841441045,1621841441065,20,0,33,2535.18323305223,-162,270
1621841441225,1621841441245,20,0,66,5022.27799032362,-1471,327
1621841441265,1621841441275,10,-1,32,2341.34821727345,-1,-1
1621841441744,1621841441754,10,-1,34,2383.62310346314,-1,-1
1621841441844,1621841441884,40,2,82,4229.05122110282,-2085,88
1621841442134,1621841442144,10,-1,40,2195.68380358845,-1,-1
1621841442294,1621841442424,130,26,1197,38665.7307265765,-53077,276
1621841442464,1621841442504,40,1,60,2479.2462856452,-1073,117
1621841442514,1621841442554,40,1,38,868.64224463057,-159,66
1621841442584,1621841442614,30,2,127,6136.10916657438,-5008,251
1621841443043,1621841443053,10,-1,34,1741.05019329318,-1,-1
1621841443383,1621841443473,90,28,633,22472.6559043777,-22310,173
1621841443493,1621841443593,100,5,93,4642.83980543399,-2176,14
1621841443603,1621841443613,10,-1,37,3090.42028994032,-1,-1
1621841443623,1621841443633,10,-1,43,1582.88304188836,-1,-1
1621841443853,1621841443913,60,9,284,14761.0770493047,-10510,336
1621841444293,1621841444313,20,1,112,8913.1299615192,-1,118
1621841444642,1621841444672,30,1,62,2954.82524709288,-2946,211
1621841444912,1621841444952,40,8,1279,84028.8941422771,-1,50
1621841445042,1621841445062,20,1,318,-1.0,-26669,304
1621841445222,1621841445322,100,1,72,5930.59224858444,-3052,296
1621841445582,1621841445612,30,2,95,3948.33197004173,-2933,138
1621841445662,1621841445682,20,0,53,1523.83989637523,-1,156
1621841445732,1621841445742,10,-1,47,3600.45031948155,-1,-1
1621841445752,1621841445762,10,-1,38,2347.70220996116,-1,-1
1621841445932,1621841445972,40,4,163,9379.16918848085,-5063,192
1621841446291,1621841446301,10,-1,42,1891.59263698166,-1,-1
1621841446601,1621841446651,50,7,225,9609.99832654853,-15759,18
1621841446971,1621841447001,30,1,84,4307.8236465335,-3710,150
1621841447341,1621841447381,40,2,84,4352.55273649594,-4385,150
1621841447671,1621841447701,30,0,48,4287.39648041977,-1010,252
1621841447950,1621841447980,30,1,77,3353.48468588583,-1783,346
1621841448470,1621841448490,20,0,37,1000.56711560216,-244,260
1621841448550,1621841448570,20,0,33,1509.51421797581,-1,278
1621841448740,1621841448800,60,5,139,6634.85664592844,-6968,351
1621841449070,1621841449170,100,7,701,52332.8766944683,-63904,166
1621841449779,1621841449789,10,-1,57,3156.35305596784,-1,-1
1621841449799,1621841449989,190,40,344,14373.2495513416,-12665,79
1621841449999,1621841450089,90,9,131,7233.19251059782,-6468,252
1621841450109,1621841450149,40,1,75,4773.36828818775,-3922,276
1621841450209,1621841450239,30,1,64,2075.35661359211,-2492,265
1621841450309,1621841450349,40,10,513,30960.6030754605,-18327,258
1621841450409,1621841450429,20,7,387,38193.0548164303,-1642,74
1621841450509,1621841450539,30,1,77,4627.00706037465,-3031,201
1621841450809,1621841450849,40,1,49,2549.12575553618,-949,273
1621841451068,1621841451238,170,29,1232,47417.9327454341,-46406,284
1621841451248,1621841451288,40,1,42,1281.79813882162,-1101,81
1621841451518,1621841451538,20,0,38,3133.75575854643,-555,70
1621841451548,1621841451568,20,0,32,1119.98708269843,-221,90
1621841451588,1621841451608,20,0,37,1840.63864303348,-1,84
1621841451708,1621841451728,20,1,86,6584.67282251487,-227,173
1621841451738,1621841451748,10,-1,30,1009.86479000969,-1,-1
1621841451818,1621841451828,10,-1,31,781.357844377236,-1,-1
1621841451848,1621841451878,30,6,683,38308.7174362943,-1,283
1621841452238,1621841452248,10,-1,31,-1.0,-1,-1
1621841452268,1621841452338,70,3,54,1379.01783995354,-983,90
1621841452518,1621841452528,10,-1,36,1969.19944891443,-1,-1
1621841452677,1621841452687,10,-1,61,4387.88894119551,-1,-1
1621841452757,1621841452767,10,-1,46,2501.31874493931,-1,-1
1621841452777,1621841452787,10,-1,40,1032.88640587268,-1,-1
1621841452797,1621841452817,20,0,79,6717.60450669757,-4434,281
1621841452917,1621841452927,10,-1,39,1097.91065477333,-1,-1
1621841453237,1621841453277,40,3,107,4743.34527439405,-5774,176
1621841453447,1621841453497,50,6,175,12092.4379408112,-5856,188
1621841453667,1621841453677,10,-1,30,631.514404326108,-1,-1
1621841453887,1621841453907,20,0,52,1924.06960836861,-1,123
1621841453957,1621841453967,10,-1,46,3547.6601095386,-1,-1
1621841453977,1621841453987,10,-1,94,6962.14126762554,-1,-1
1621841454107,1621841454276,169,4,243,20455.8507688004,-9748,357
1621841454416,1621841454426,10,-1,33,2021.84665080607,-1,-1
1621841454536,1621841454856,320,33,481,23168.0558742891,-27667,91
1621841454886,1621841454946,60,2,79,3654.79318313531,-2220,263
1621841455626,1621841455666,40,8,442,15695.7371405625,-1,305
1621841455786,1621841455965,179,10,234,14697.2250505415,-17455,159
1621841455975,1621841456005,30,0,195,16384.2792004749,-14254,137
1621841456195,1621841456205,10,-1,167,14386.9578743557,-1,-1
1621841456345,1621841456365,20,0,57,3194.36801967304,-1,176
1621841456435,1621841456445,10,-1,45,3485.670909004,-1,-1
1621841456595,1621841456605,10,-1,49,3782.31520978951,-1,-1
1621841456615,1621841456625,10,-1,40,1454.50706117733,-1,-1
1621841457075,1621841457165,90,14,372,19049.823308058,-914,65
1621841457255,1621841457455,200,4,927,24315.2312513912,-51681,109
1621841457464,1621841457484,19,0,31,1210.65589637673,-1,38
1621841457504,1621841457544,40,1,37,511.773692011485,-1,0
1621841457594,1621841457624,30,3,189,11319.2061355574,-6770,72
1621841457744,1621841457764,20,0,39,1132.48030603925,-869,309
1621841457844,1621841457854,10,-1,32,1169.24802996393,-1,-1
1621841458234,1621841458494,260,14,543,15286.918999011,-25356,231
1621841458504,1621841458524,20,0,38,2076.05562282224,-186,251
1621841458544,1621841458614,70,2,147,9009.40342044191,-5606,353
1621841458714,1621841458744,30,2,159,-1.0,-4114,310
1621841458754,1621841458764,10,-1,66,3723.28736228942,-1,-1
1621841458774,1621841458814,40,0,107,8883.67545442721,-4328,323
1621841459503,1621841459613,110,33,432,24864.357470328,-6951,7
1621841459783,1621841459823,40,3,361,14740.1960429742,-31951,40
1621841459833,1621841459923,90,12,204,18329.3510983784,-4422,166
1621841459933,1621841460023,90,4,79,2516.39469559171,-2890,187
1621841460033,1621841460063,30,0,60,3464.98498391062,-1902,295
1621841460083,1621841460143,60,2,52,1472.29242763083,-1049,227
1621841460233,1621841460243,10,-1,30,811.524768957436,-1,-1
1621841460293,1621841460303,10,-1,35,1098.87881941803,-1,-1
1621841460353,1621841460363,10,-1,37,1653.25487162041,-1,-1
1621841460802,1621841460812,10,-1,33,782.979884575435,-1,-1
1621841461102,1621841461122,20,0,99,6786.438852829,-1,124
1621841461132,1621841461142,10,-1,67,5023.65172364209,-1,-1
1621841461242,1621841461262,20,0,43,1342.7963758402,-1,310
1621841461272,1621841461462,190,40,1166,92352.7357015506,-83527,128
1621841461472,1621841461552,80,5,121,3359.89793824163,-4172,315
1621841461572,1621841461602,30,1,61,2597.94263172394,-2383,295
1621841461632,1621841461642,10,-1,40,1226.72870248072,-1,-1
1621841461662,1621841461672,10,-1,33,1043.79756722949,-1,-1
1621841461722,1621841461752,30,2,128,5725.02301283468,-7441,59
1621841461772,1621841461792,20,0,47,3165.97650161501,-238,270
1621841461802,1621841461832,30,0,44,1197.57425893589,-789,303
1621841461852,1621841461862,10,-1,30,669.080744783058,-1,-1
1621841461872,1621841461882,10,-1,34,800.253430986088,-1,-1
1621841461902,1621841461932,30,2,117,6709.68385768688,-3874,242
1621841462242,1621841462272,30,2,120,6907.60702415916,-5687,286
1621841462701,1621841462771,70,27,764,24840.3042000591,-1,335
1621841462871,1621841462881,10,-1,73,-1.0,-1,-1
1621841462921,1621841463021,100,14,1076,94089.5035317952,-96689,140
1621841463031,1621841463061,30,2,182,15959.1153145589,-7163,149
1621841463071,1621841463121,50,1,149,6593.21285495767,-9660,283
1621841463791,1621841463801,10,-1,40,2589.24671057964,-1,-1
1621841463931,1621841463980,49,5,221,14753.2384584081,-12944,9
1621841464010,1621841464040,30,0,51,2949.03433417312,-1830,105
1621841464050,1621841464060,10,-1,30,2233.68839225205,-1,-1
1621841464210,1621841464250,40,0,133,12209.3038065155,-9659,249
1621841464320,1621841464490,170,41,1553,116828.232639698,-99355,139
1621841464500,1621841464600,100,5,64,3910.14973386289,-1524,325
1621841464630,1621841464650,20,0,30,411.113019024526,-64,344
1621841464890,1621841465070,180,1,609,6774.96393973921,-29410,284
1621841465170,1621841465280,110,5,75,2867.92029276663,-1638,29
1621841465290,1621841465300,10,-1,37,979.442062169521,-1,-1
1621841465310,1621841465330,20,0,36,797.713419569556,-624,8
1621841465380,1621841465430,50,1,83,2764.65622729585,-1,30
1621841465440,1621841465729,289,17,2041,184154.418932252,-71234,222
1621841465749,1621841465769,20,0,47,3069.29095538522,-703,352
1621841465789,1621841465799,10,-1,31,623.434678104654,-1,-1
1621841465859,1621841465939,80,0,95,3711.80761716839,-1,37
1621841466149,1621841466169,20,0,37,2765.17193912548,-1,280
1621841466199,1621841466219,20,0,44,2592.78248421473,-812,281
1621841466239,1621841466349,110,29,667,32438.6386761021,-30459,32
1621841466359,1621841466439,80,2,53,1462.6390088909,-1144,219
1621841466469,1621841466489,20,0,39,2765.48462709038,-233,160
1621841466519,1621841466549,30,1,80,3594.29964240636,-2656,80
1621841466689,1621841466719,30,1,71,3014.22837303267,-1,234
1621841466739,1621841466829,90,6,244,13838.7729011562,-13529,243
1621841466849,1621841466929,80,1,69,3187.57111411049,-1191,21
1621841466989,1621841467009,20,1,68,5155.13627179436,-2056,236
1621841467328,1621841467348,20,3,425,21985.3002504099,-1,215
1621841467458,1621841467578,120,3,279,26970.5881601127,-14844,270
1621841468148,1621841468238,90,35,578,29644.6853461644,-14120,38
1621841468248,1621841468258,10,-1,76,5394.02462452465,-1,-1
1621841468268,1621841468318,50,2,118,9928.06558272942,-5265,220
1621841468358,1621841468378,20,0,39,555.491645053734,-1,203
1621841468388,1621841468458,70,3,129,6118.03151228876,-5363,230
1621841468488,1621841468498,10,-1,40,1203.90521483478,-1,-1
1621841468508,1621841468807,299,27,554,37795.8255638489,-37959,86
1621841468907,1621841468977,70,2,93,1727.37603238026,-5525,212
1621841468987,1621841469067,80,3,103,6244.20347563577,-3730,257
1621841469087,1621841469127,40,2,92,3515.25051191269,-3491,157
1621841469147,1621841469157,10,-1,35,998.699467652943,-1,-1
1621841469187,1621841469207,20,0,53,2969.65896296615,-249,274
1621841469267,1621841469287,20,0,43,1806.41024432569,-1150,246
1621841470227,1621841470496,269,27,1192,92207.5239088042,-90393,310
1621841470506,1621841470586,80,4,85,3387.18778686608,-3188,136
1621841471266,1621841471276,10,-1,35,2218.98148249092,-1,-1
1621841471386,1621841471426,40,2,97,6003.77440109913,-5518,193
1621841471826,1621841471836,10,-1,33,2609.31703922212,-1,-1
1621841471846,1621841471856,10,-1,35,3012.40442586515,-1,-1
1621841472095,1621841472125,30,2,133,6241.7656507934,-6628,44
1621841472185,1621841472195,10,-1,83,6403.70331844537,-1,-1
1621841472205,1621841472225,20,0,82,5847.30322784761,-4231,62
1621841472285,1621841472295,10,-1,32,2039.49836459039,-1,-1
1621841472315,1621841472335,20,0,67,3704.23698311392,-1,228
1621841472345,1621841472355,10,-1,31,929.104812860115,-1,-1
1621841472385,1621841472425,40,2,76,4837.88848104808,-2972,349
1621841472455,1621841472515,60,2,107,5642.45998387668,-6252,315
1621841472615,1621841472795,180,28,1689,117462.849115164,-72529,163
1621841472805,1621841472985,180,9,171,10642.349662727,-9236,336
1621841473005,1621841473015,10,-1,30,2143.88303238237,-1,-1
1621841473095,1621841473155,60,1,44,1282.81810587211,-120,1
1621841473185,1621841473205,20,0,45,2949.7976348672,-945,81
1621841473585,1621841473994,409,17,1185,82617.03280898,-48079,211
1621841474014,1621841474024,10,-1,44,1633.4622035558,-1,-1
1621841474044,1621841474064,20,1,63,4365.84125504328,-484,66
1621841474124,1621841474194,70,26,844,47718.0315100845,-56899,38
1621841474234,1621841474284,50,2,74,2499.00178420395,-2918,211
1621841474294,1621841474354,60,2,62,2330.00397211715,-2754,196
1621841474364,1621841474404,40,5,365,13576.1827647279,-30564,5
1621841474434,1621841474764,330,4,614,38827.7742138037,-45395,336
1621841474804,1621841474834,30,1,49,2256.40604099183,-1757,319
1621841474894,1621841474924,30,1,57,1924.09940102901,-2568,203
1621841475283,1621841475353,70,14,606,30206.9209396226,-51844,233
1621841475423,1621841475433,10,-1,32,1000.31988616414,-1,-1
1621841475453,1621841475503,50,10,393,16389.0828282286,-27747,251
1621841475513,1621841475583,70,2,47,1762.0852282651,-973,78
1621841475633,1621841475703,70,7,372,33707.9848725338,-23777,193
1621841475743,1621841476013,270,32,695,57527.5760655776,-54363,52
1621841476053,1621841476063,10,-1,35,1383.66671527296,-1,-1
1621841476083,1621841476113,30,1,58,2455.03310063948,-2267,235
1621841476153,1621841476203,50,1,47,1229.09543843173,-1290,225
1621841476223,1621841476243,20,0,35,859.075339065344,-402,231
1621841476273,1621841476293,20,0,37,604.947040345743,-1,243
1621841476363,1621841476383,20,0,46,1762.11539678306,-1033,264
1621841477202,1621841477232,30,2,131,6827.60955690858,-5740,20
1621841477542,1621841477592,50,4,860,57059.1471996452,-1,71
1621841477682,1621841477822,140,19,611,25151.7431299728,-36985,163
1621841477832,1621841477912,80,0,253,18374.4710772295,-13586,29
1621841477942,1621841477992,50,1,107,4525.43371748636,-5256,208
1621841478002,1621841478042,40,2,82,3318.48605941905,-2421,151
1621841478132,1621841478142,10,-1,31,236.3608112081,-1,-1
1621841478242,1621841478252,10,-1,30,1278.52085834359,-1,-1
1621841478442,1621841478452,10,-1,47,2340.75240414779,-1,-1
1621841478462,1621841478472,10,-1,56,3668.20392172285,-1,-1
1621841478741,1621841478761,20,1,103,8308.97066363147,-427,21
1621841478961,1621841478991,30,0,104,9661.68195548867,-6439,141
1621841479061,1621841479071,10,-1,43,2116.43423546221,-1,-1
1621841479151,1621841479171,20,2,124,5954.54019738769,-1,208
1621841479181,1621841479191,10,-1,40,1632.71500913522,-1,-1
1621841479381,1621841479391,10,-1,36,1140.57741777683,-1,-1
1621841479401,1621841479491,90,3,266,26020.3826141111,-19964,23
1621841479501,1621841479511,10,-1,124,10337.0128511165,-1,-1
1621841479641,1621841479651,10,-1,30,479.298408485379,-1,-1
1621841479661,1621841479741,80,3,172,5404.70814807826,-13609,191
1621841479751,1621841479771,20,0,35,1046.58157515088,-1,167
1621841479791,1621841479811,20,0,39,2336.94562571171,-1,204
1621841479911,1621841480170,259,22,597,18284.2706809457,-33463,166
1621841480210,1621841480240,30,2,141,9305.82604882768,-4630,262
1621841480380,1621841480390,10,-1,40,2456.44339716677,-1,-1
1621841480600,1621841480660,60,7,265,11350.4538277939,-13174,163
1621841480700,1621841480780,80,2,44,962.081335440536,-737,23
1621841480800,1621841480850,50,9,299,17980.6331615607,-12189,183
1621841480870,1621841480930,60,1,38,1520.35501037392,-209,355
1621841481110,1621841481170,60,18,544,24178.2454406198,-20344,10
1621841481190,1621841481200,10,-1,34,1817.14638678215,-1,-1
1621841481240,1621841481260,20,0,41,2622.97028758793,-213,158
1621841481280,1621841481360,80,4,116,8171.63984989756,-3700,311
1621841481370,1621841481410,40,0,94,6704.87957959033,-5331,270
1621841481420,1621841481460,40,1,157,13891.4516349608,-4009,194
1621841481570,1621841481580,10,-1,40,3786.29503151398,-1,-1
1621841481739,1621841481749,10,-1,32,2309.08189585086,-1,-1
1621841481989,1621841482019,30,1,54,2206.45926639349,-1,181
1621841482079,1621841482089,10,-1,32,1099.76494421165,-1,-1
1621841483798,1621841483828,30,18,909,82120.9061015341,-77942,133
1621841483878,1621841483928,50,19,699,67103.1879365629,-42753,310
1621841483938,1621841483948,10,-1,30,733.835782359293,-1,-1
1621841484768,1621841484778,10,-1,55,3543.88771378189,-1,-1
1621841484798,1621841484977,179,35,1530,69650.6030048268,-87451,160
1621841484987,1621841485127,140,12,529,37336.1669729634,-34860,6
1621841485277,1621841485307,30,4,220,16981.1983150451,-14487,283
1621841485407,1621841485447,40,2,1027,87278.7181113308,-1,293
1621841485567,1621841485717,150,25,423,22181.1932402598,-18640,151
1621841485727,1621841485787,60,5,240,11343.839557734,-12717,243
1621841485887,1621841485907,20,0,32,1400.08620229754,-1,144
1621841485947,1621841485977,30,2,108,4577.18696492033,-3772,176
1621841486337,1621841486347,10,-1,58,4668.67192888412,-1,-1
1621841486357,1621841486377,20,0,66,4767.89527494451,-3156,241
1621841486516,1621841486536,20,0,52,2577.29187841307,-1,225
1621841486896,1621841486906,10,-1,33,1424.06446780315,-1,-1
1621841487256,1621841487296,40,3,140,7104.36330435061,-6224,29
1621841487506,1621841487546,40,2,86,4423.07804997978,-4183,214
1621841487626,1621841487636,10,-1,31,302.273211274559,-1,-1
1621841488265,1621841488295,30,1,78,3992.09935292763,-2645,37
1621841488475,1621841488495,20,0,54,3332.66457912227,-1727,255
1621841488515,1621841488525,10,-1,41,1872.34683061181,-1,-1
1621841489095,1621841489105,10,-1,33,499.709056638796,-1,-1
1621841489145,1621841489215,70,1,74,6391.24188412984,-3513,220
1621841489225,1621841489285,60,17,378,14315.8450178115,-31929,22
1621841489295,1621841489335,40,2,133,11800.2962997908,-9310,61
1621841489365,1621841489395,30,0,42,876.112766602176,-1011,193
1621841489675,1621841489894,219,16,368,25048.6124702253,-16719,157
1621841489904,1621841489924,20,0,54,3194.9013974135,-711,211
1621841489954,1621841489994,40,1,61,3846.5187382377,-2909,283
1621841490004,1621841490034,30,1,77,4595.53890976142,-3023,165
1621841490054,1621841490074,20,0,55,2891.91845783084,-1995,198
1621841490214,1621841490224,10,-1,43,2705.31410907514,-1,-1
1621841490374,1621841490384,10,-1,32,2692.49593526634,-1,-1
1621841490544,1621841490564,20,0,56,2336.37312235489,-1,234
1621841490574,1621841490584,10,-1,34,1841.98266733876,-1,-1
1621841490904,1621841490954,50,3,170,9108.84530051983,-8394,9
1621841491124,1621841491164,40,2,103,6657.75082501191,-1636,186
1621841491294,1621841491304,10,-1,38,2166.12507065195,-1,-1
1621841491324,1621841491334,10,-1,379,37452.3434955549,-1,-1
1621841491423,1621841491453,30,4,522,-1.0,-29268,297
1621841491493,1621841491513,20,0,45,2414.29302868289,-1562,111
1621841491553,1621841491563,10,-1,58,5345.39868039889,-1,-1
1621841491573,1621841491593,20,1,117,9453.77821074807,-4151,264
1621841491683,1621841491703,20,0,41,2864.47982121508,-955,97
1621841491923,1621841491973,50,5,303,16393.6499777865,-1149,165
1621841492063,1621841492253,190,8,644,11470.6436878769,-32752,79
1621841492273,1621841492303,30,1,62,1772.01359489738,-1802,334
1621841492333,1621841492383,50,1,45,1409.15666082064,-853,321
1621841492393,1621841492413,20,0,46,1132.21674442321,-1,315
1621841492423,1621841492783,360,15,181,13566.0825801525,-8816,287
1621841492813,1621841492833,20,0,41,2374.48925608906,-1,270
1621841492883,1621841492913,30,2,132,6910.21730873743,-7391,148
1621841493052,1621841493062,10,-1,39,1245.92945141572,-1,-1
1621841493082,1621841493242,160,19,565,24381.8023018562,-17837,308
1621841493332,1621841493472,140,12,297,6709.68693848293,-8777,152
1621841493722,1621841493752,30,1,79,5409.63874643513,-3504,0
1621841493902,1621841493912,10,-1,33,1275.14978553839,-1,-1
1621841494641,1621841494721,80,4,82,3000.13042110624,-2115,44
1621841494731,1621841494901,170,31,1013,68241.2989637077,-53144,154
1621841494991,1621841495271,280,11,755,30080.4369709225,-34024,304
1621841495291,1621841495321,30,2,103,4464.42557674962,-5521,7
1621841495341,1621841495381,40,1,58,1724.5264860657,-2354,335
1621841495451,1621841495461,10,-1,35,971.395241632935,-1,-1
1621841495471,1621841495491,20,0,42,1183.89246183338,-1,45
1621841495531,1621841495541,10,-1,37,1361.40655835171,-1,-1
1621841495611,1621841496091,480,30,1113,83267.6443571656,-103935,355
1621841496101,1621841496131,30,4,199,9849.75609598557,-12152,323
1621841496151,1621841496161,10,-1,30,732.161202064049,-1,-1
1621841496171,1621841496181,10,-1,34,1182.87600173659,-1,-1
1621841496380,1621841496410,30,2,109,6167.85893744095,-5197,185
1621841496870,1621841496880,10,-1,35,688.999826895673,-1,-1
1621841496910,1621841496940,30,0,56,1284.97025370624,-1,279
1621841496950,1621841497100,150,4,359,24581.5777749164,-8019,213
1621841497210,1621841497510,300,8,491,14868.6774586225,-26796,54
1621841497560,1621841497590,30,1,54,1500.52290159512,-982,0
1621841497640,1621841497660,20,0,47,2471.51185167255,-521,26
1621841497670,1621841497690,20,0,73,5030.03892334628,-1,176
1621841497849,1621841497859,10,-1,34,2386.59691208416,-1,-1
1621841498019,1621841498049,30,2,136,9776.36419227611,-8324,341
1621841498219,1621841498269,50,4,141,7118.75885140985,-6419,174
1621841498379,1621841498439,60,0,246,17279.6630083043,-5803,222
1621841498569,1621841498589,20,0,40,1882.28441698662,-197,164
1621841498599,1621841498639,40,9,383,25024.3972990228,-28614,6
1621841498659,1621841498689,30,0,34,965.615755504381,-112,138
1621841498699,1621841498729,30,0,43,1474.82304562737,-1258,180
1621841498849,1621841498889,40,4,200,14238.3451068614,-11513,194
1621841498919,1621841498959,40,2,94,2393.43732037299,-1,168
1621841498969,1621841499019,50,23,2104,131355.752263512,-15956,351
1621841499169,1621841499428,259,12,1261,95300.3101448602,-106859,173
1621841499468,1621841499488,19,0,53,2647.99204535769,-1572,201
1621841499728,1621841499738,10,-1,57,4657.89990833435,-1,-1
1621841499888,1621841499908,20,0,42,3496.53499786434,-753,90
1621841500268,1621841500318,50,0,68,3197.5793085225,-2716,284
1621841500408,1621841500418,10,-1,43,1677.71837503336,-1,-1
1621841500438,1621841500458,20,0,35,1917.06579224239,-1,33
1621841500668,1621841500708,40,3,151,7641.76267256135,-6644,12
1621841500968,1621841501008,40,0,68,4311.45722060175,-1688,221
1621841501018,1621841501028,10,-1,32,683.389161086502,-1,-1
1621841501267,1621841501277,10,-1,36,3228.51874528322,-1,-1
1621841501287,1621841501317,30,3,155,7499.22350840935,-3770,192
1621841501577,1621841501587,10,-1,54,3958.64177690703,-1,-1
1621841501597,1621841501607,10,-1,40,2127.3608058403,-1,-1
1621841501617,1621841501627,10,-1,32,445.206287925509,-1,-1
1621841501647,1621841501697,50,1,44,1227.98361514886,-770,282
1621841501707,1621841501717,10,-1,33,673.825580884229,-1,-1
1621841501727,1621841501777,50,1,81,5712.17607296573,-3927,264
1621841501847,1621841501867,20,0,44,3122.24610918284,-1222,306
1621841501877,1621841501887,10,-1,35,1095.19879852434,-1,-1
1621841501937,1621841501957,20,0,44,1843.98725598046,-1,99
1621841501997,1621841502077,80,3,56,1537.81811964958,-1963,104
1621841502387,1621841502457,70,19,1187,68761.2509671475,-6938,50
1621841502597,1621841502627,30,1,355,-1.0,-30307,207
1621841502657,1621841502746,89,4,64,2103.88113361225,-1863,21
1621841502846,1621841502866,20,0,32,685.634405389995,-116,63
1621841502896,1621841502986,90,3,54,1532.59477237154,-1299,81
1621841503106,1621841503116,10,-1,43,1595.80925282641,-1,-1
1621841503126,1621841503166,40,14,1612,92399.4525894029,-1,9
1621841503266,1621841503436,170,9,431,26620.0313147766,-32030,221
1621841503446,1621841503516,70,2,87,5503.08010974449,-3360,237
1621841503566,1621841503596,30,0,50,2878.91238592046,-1158,254
1621841503616,1621841503656,40,1,64,3298.26520830314,-1908,265
1621841503666,1621841503676,10,-1,36,965.125596163124,-1,-1
1621841503856,1621841503906,50,7,289,13192.0480146266,-283,164
1621841503996,1621841504166,170,4,219,6395.13743156344,-10276,30
1621841504186,1621841504196,10,-1,30,753.369375041456,-1,-1
1621841504296,1621841504345,49,3,122,9176.52776713551,-6059,141
1621841504425,1621841504445,20,0,59,2963.44184330395,-1539,153
1621841504505,1621841504635,130,29,2183,102231.512840701,-113976,335
1621841504645,1621841504715,70,2,122,9411.27255367192,-6809,194
1621841504725,1621841504745,20,1,116,9575.27708865137,-3588,128
1621841504755,1621841504795,40,1,52,1780.65165280883,-1043,196
1621841504875,1621841504925,50,2,87,3381.76315900427,-4103,213
1621841505565,1621841505595,30,5,286,16968.0637749833,-12704,165
1621841505605,1621841505705,100,10,122,5746.53885239297,-3968,15
1621841505765,1621841505934,169,4,1160,102801.561037191,-53460,217
1621841505964,1621841505994,30,0,33,634.056719813774,-202,228
1621841506054,1621841506074,20,0,55,2662.096905356,-1653,199
1621841506144,1621841506164,20,0,33,1007.90153269524,-1,253
1621841506344,1621841506354,10,-1,34,920.72853459254,-1,-1
1621841506434,1621841506444,10,-1,53,4862.36952678127,-1,-1
1621841506454,1621841506504,50,5,220,16913.1629081894,-13567,335
1621841506694,1621841506704,10,-1,32,1389.89845930216,-1,-1
1621841506754,1621841506774,20,1,68,6360.20325438297,-1599,311
1621841507224,1621841507404,180,32,832,76531.181487457,-47415,150
1621841507414,1621841507464,50,3,74,3401.12735425563,-2174,29
1621841507474,1621841507513,39,1,54,2313.00868984379,-2088,28
1621841507583,1621841507613,30,4,461,23276.2144705403,-1,337
1621841507713,1621841507803,90,4,622,13466.9799618206,-29791,276
1621841507813,1621841507853,40,1,56,2716.45194219055,-1957,221
1621841507863,1621841507893,30,1,69,3012.3446017159,-1709,249
1621841508103,1621841508143,40,1,103,7591.81585799258,-5367,207
1621841508193,1621841508203,10,-1,68,5917.40666349805,-1,-1
1621841508213,1621841508223,10,-1,129,10020.5734004791,-1,-1
1621841508233,1621841508283,50,1,118,8560.1401385639,-6381,32
1621841508513,1621841508553,40,3,153,7902.62516146748,-5961,342
1621841508583,1621841508593,10,-1,39,3174.43594321411,-1,-1
1621841508663,1621841508673,10,-1,38,1699.15711307714,-1,-1
1621841509432,1621841509442,10,-1,38,2418.1453319999,-1,-1
1621841509562,1621841509952,390,45,1173,73836.1573123043,-88270,121
1621841510082,1621841510302,220,17,827,24054.2875090574,-41223,328
1621841510312,1621841510382,70,3,94,4529.98735636713,-5898,335
1621841510402,1621841510462,60,2,48,1683.7716556961,-677,26
1621841510542,1621841510602,60,3,287,22634.0247234307,-17318,153
1621841510672,1621841510911,239,20,378,28890.7479185733,-31900,295
1621841510921,1621841510941,20,0,46,3417.12797297599,-967,94
1621841510991,1621841511001,10,-1,54,2609.55048443726,-1,-1
1621841511011,1621841511041,30,2,132,11498.0827363672,-6106,260
1621841511051,1621841511061,10,-1,71,4682.13349650409,-1,-1
1621841511071,1621841511111,40,0,131,10348.2374817611,-8521,165
1621841511161,1621841511171,10,-1,40,2736.66757320136,-1,-1
1621841511201,1621841511221,20,0,38,1884.19407523759,-839,113
1621841511251,1621841511261,10,-1,41,1902.90628456575,-1,-1
1621841511461,1621841511511,50,4,448,33179.7621245352,-26891,140
1621841511621,1621841511631,10,-1,36,1659.53860962699,-1,-1
1621841511701,1621841511741,40,1,62,2894.12730324052,-2051,139
1621841511751,1621841511851,100,2,49,1940.81117854988,-1332,172
1621841511971,1621841511991,20,0,33,1430.61604605808,-1,309
1621841512001,1621841512041,40,1,36,1034.03871740466,-370,25
1621841512081,1621841512091,10,-1,35,557.84985570713,-1,-1
1621841512101,1621841512111,10,-1,32,1315.09479652494,-1,-1
1621841512191,1621841512221,30,2,135,6765.12544915074,-6163,128
1621841512261,1621841512271,10,-1,35,2837.19795980559,-1,-1
1621841512520,1621841512550,30,2,131,6353.42545751009,-5840,22
1621841512840,1621841512850,10,-1,40,2061.65640172797,-1,-1
1621841513030,1621841513070,40,23,1005,56249.0442825856,-72728,227
1621841513100,1621841513110,10,-1,46,1910.01634001097,-1,-1
1621841513160,1621841513170,10,-1,38,1298.85628033008,-1,-1
1621841513390,1621841513400,10,-1,37,1263.97688713868,-1,-1
1621841513610,1621841513650,40,0,72,4404.420126726,-1893,270
1621841513740,1621841513770,30,1,66,3930.75461548387,-2670,195
1621841513840,1621841513850,10,-1,30,2256.2832960647,-1,-1
1621841514069,1621841514259,190,16,1256,73055.0545045754,-86293,294
1621841514269,1621841514289,20,1,80,4898.36330963221,-1,128
1621841514339,1621841514349,10,-1,30,297.344608536027,-1,-1
1621841514359,1621841514389,30,1,64,3751.28974380797,-3255,291
1621841514679,1621841514689,10,-1,41,2484.95874736538,-1,-1
1621841514909,1621841514929,20,0,37,1854.00600604979,-1,90
1621841515029,1621841515039,10,-1,37,756.350713257504,-1,-1
1621841515079,1621841515089,10,-1,30,1335.44765722114,-1,-1
1621841515229,1621841515249,20,0,48,2402.91186589552,-861,214
1621841515559,1621841515579,20,0,70,4143.83434802833,-1893,18
1621841515718,1621841515728,10,-1,30,2063.04960671657,-1,-1
1621841515988,1621841516008,20,0,64,4107.76592016035,-1,237
1621841516228,1621841516238,10,-1,46,4008.43805802493,-1,-1
1621841516468,1621841516518,50,9,357,17261.1635696162,-17027,60
1621841516738,1621841516768,30,1,69,4757.86371988701,-3398,151
1621841516928,1621841516998,70,10,257,9923.71822318977,-16530,258
1621841517227,1621841517237,10,-1,35,2155.26932371035,-1,-1
1621841517247,1621841517257,10,-1,44,3109.6083906797,-1,-1
1621841517277,1621841517287,10,-1,31,1769.00760199488,-1,-1
1621841517307,1621841517507,200,5,525,30961.3117479955,-28584,68
1621841517527,1621841517567,40,1,54,3375.04007769687,-901,271
1621841517577,1621841517617,40,2,82,2855.31066728277,-75,283
1621841517707,1621841517747,40,1,64,2608.07737646558,-2608,292
1621841517757,1621841517797,40,2,142,6039.99091652547,-10110,298
1621841518047,1621841518097,50,3,93,5131.26428877566,-2847,80
1621841518996,1621841519006,10,-1,45,3990.05063702314,-1,-1
1621841519156,1621841519166,10,-1,47,2682.48099247343,-1,-1
1621841519176,1621841519186,10,-1,42,3036.23177512114,-1,-1
1621841519376,1621841519396,20,0,59,3895.59226113121,-2297,172
1621841519436,1621841519446,10,-1,46,3391.12358345034,-1,-1
1621841519626,1621841519636,10,-1,37,1588.40638252036,-1,-1
1621841519656,1621841519666,10,-1,38,1103.27122417388,-1,-1
1621841519906,1621841519986,80,24,425,27035.7181401125,-18216,114
1621841520006,1621841520026,20,0,34,1370.19114081461,-1,333
1621841520036,1621841520086,50,1,182,13969.9215863512,-14615,338
1621841520266,1621841520286,20,0,62,5503.74376749876,-1540,296
1621841520346,1621841520425,79,7,520,43443.5827594057,-34184,117
1621841520525,1621841520565,40,2,295,23249.0372811046,-4510,328
1621841520695,1621841520865,170,25,1385,88284.8578125306,-87292,300
1621841520915,1621841520965,50,2,96,4980.35507690804,-4282,103
1621841520975,1621841521045,70,2,232,9638.23633320822,-12343,265
1621841521125,1621841521265,140,1,987,47960.4359814507,-77866,257
1621841521275,1621841521285,10,-1,396,37339.3587457601,-1,-1
1621841521495,1621841521505,10,-1,30,710.971379199029,-1,-1
1621841521515,1621841521565,50,1,52,2444.00483708453,-1071,249
1621841521655,1621841521705,50,3,100,4540.68856286397,-4071,97
1621841521815,1621841521835,20,0,41,2212.02300823782,-1134,151
1621841521935,1621841521955,20,0,58,3708.5985331878,-1579,132
1621841522854,1621841522884,30,1,77,3560.48975029872,-3344,345
1621841523464,1621841523484,20,0,41,2861.92865083651,-1,171
1621841523534,1621841523564,30,0,49,1983.25504306293,-1593,270
1621841523574,1621841523584,10,-1,54,4534.93019762885,-1,-1
1621841523853,1621841523863,10,-1,38,1311.93214794623,-1,-1
1621841523883,1621841523923,40,7,581,36123.4270819045,-1,356
1621841524123,1621841524333,210,9,507,27861.1958453817,-36292,135
1621841524543,1621841524553,10,-1,73,5105.91721374401,-1,-1
1621841524563,1621841524583,20,0,62,3190.77215051079,-1,306
1621841524593,1621841524633,40,5,164,12323.9844361293,-6135,160
1621841524853,1621841524913,60,9,1217,68418.5706836157,-1759,68
1621841525023,1621841525282,259,0,1149,85729.2453286865,-103059,267
1621841525302,1621841525372,70,4,211,10719.2108399359,-13084,186
1621841525392,1621841525462,70,2,52,1535.78089656324,-1758,358
1621841525832,1621841525842,10,-1,47,-1.0,-1,-1
1621841525912,1621841526002,90,11,448,26016.796110316,-18178,1
1621841526172,1621841526202,30,0,46,2729.0854820048,-236,273
1621841526212,1621841526262,50,6,253,10653.254484283,-12888,36
1621841526392,1621841526412,20,0,43,1559.88333801779,-1113,212
1621841526422,1621841526542,120,6,259,11509.6543598122,-4065,228
1621841526682,1621841526712,30,1,58,2617.21043059392,-2182,102
1621841526812,1621841526842,30,0,58,2165.02850149529,-1,146
1621841526911,1621841526981,70,6,171,8832.15816995256,-4723,38
1621841526991,1621841527001,10,-1,53,2723.69159215742,-1,-1
1621841527161,1621841527211,50,4,121,5957.73770402636,-4548,172
1621841527541,1621841527551,10,-1,36,764.554384970451,-1,-1
1621841527861,1621841528121,260,18,612,16488.1485962507,-21666,247
1621841528161,1621841528241,80,23,471,15420.5274658923,-20683,67
1621841528381,1621841528411,30,1,80,4525.85050204962,-1706,185
1621841528421,1621841528431,10,-1,30,1045.70318629952,-1,-1
1621841528530,1621841528580,50,9,397,19719.2857526392,-15991,169
1621841528590,1621841528650,60,3,82,3565.99117323851,-2520,306
1621841528680,1621841528700,20,0,41,1775.06888115577,-881,0
1621841528760,1621841528830,70,2,112,7264.21187332712,-1,285
1621841528860,1621841528870,10,-1,34,1369.00361881708,-1,-1
1621841528980,1621841529060,80,4,114,4079.81397665177,-4728,36
1621841529070,1621841529100,30,0,45,1260.96206871471,-505,76
1621841529160,1621841529170,10,-1,36,2060.43371332599,-1,-1
1621841529240,1621841529270,30,2,112,6730.79826373181,-6833,211
1621841529630,1621841529710,80,2,53,1897.57428872167,-1,354
1621841530269,1621841530279,10,-1,35,2495.37925220414,-1,-1
1621841530419,1621841530449,30,1,59,2987.76891862706,-1709,25
1621841530909,1621841530919,10,-1,60,3502.7109068059,-1,-1
1621841531079,1621841531089,10,-1,68,4845.36767982647,-1,-1
1621841531099,1621841531119,20,0,48,2616.62146007678,-1,106
1621841531169,1621841531199,30,0,48,2437.20680188588,-1623,251
1621841531229,1621841531279,50,6,252,13072.7959495958,-13545,180
1621841531329,1621841531429,100,0,365,24890.6339549856,-18974,215
1621841531459,1621841531489,30,4,197,17591.7670861603,-16280,238
1621841531589,1621841531639,50,4,281,12769.1932169863,-23058,57
1621841531888,1621841531898,10,-1,33,1313.72748669737,-1,-1
1621841531968,1621841531978,10,-1,63,3796.78506705079,-1,-1
1621841531988,1621841531998,10,-1,47,3641.67814016008,-1,-1
1621841532298,1621841532308,10,-1,33,-1.0,-1,-1
1621841532638,1621841532688,50,10,375,22335.1104665733,-15796,13
1621841532728,1621841532758,30,1,79,2915.99464718581,-1,309
1621841532768,1621841532798,30,1,77,6349.37305183546,-1718,155
1621841532868,1621841532948,80,5,362,23157.0592750898,-25557,122
1621841533068,1621841533078,10,-1,34,2918.61590070007,-1,-1
1621841533088,1621841533098,10,-1,41,3138.92129894886,-1,-1
1621841533198,1621841533248,50,6,208,7576.05426537184,-2163,331
1621841533258,1621841533268,10,-1,40,1174.69567794916,-1,-1
1621841533288,1621841533317,29,2,99,6496.59105654691,-94,193
1621841533497,1621841533507,10,-1,49,3703.13779322796,-1,-1
1621841533867,1621841533887,20,0,53,3825.14625007413,-2062,311
1621841533897,1621841533917,20,0,69,3643.24513112225,-1,198
1621841533987,1621841534017,30,3,236,14297.9282806252,-1,318
1621841534197,1621841534207,10,-1,43,1701.58782415598,-1,-1
1621841534337,1621841534357,20,0,40,1431.85304601231,-411,200
1621841534377,1621841534397,20,0,60,2305.24136992206,-1,241
1621841534407,1621841534477,70,9,312,17834.3593161581,-11630,74
1621841534487,1621841534517,30,1,54,1847.15045270076,-1985,221
1621841534557,1621841534577,20,0,32,489.117152198898,-174,231
1621841534587,1621841534657,70,8,253,16908.4725521337,-11763,55
1621841534677,1621841534717,40,2,75,2390.72249935425,-2320,253
1621841534727,1621841534737,10,-1,30,1292.68058556057,-1,-1
1621841534747,1621841534877,130,4,266,16680.9228952515,-14022,0
1621841534897,1621841534917,20,0,37,798.694207523725,-744,167
1621841534976,1621841535006,30,0,41,1452.62137107345,-752,233
1621841535046,1621841535056,10,-1,38,1866.29050019002,-1,-1
1621841535116,1621841535166,50,9,298,15251.5023250556,-13853,130
1621841535206,1621841535216,10,-1,31,983.092321589785,-1,-1
1621841535466,1621841535496,30,0,46,2068.95355304272,-1167,246
1621841535526,1621841535536,10,-1,30,407.398021787101,-1,-1
1621841535586,1621841535596,10,-1,35,1262.66276984018,-1,-1
1621841535676,1621841535716,40,5,242,12236.5951136334,-10504,311
1621841536146,1621841536196,50,7,284,15355.5601098706,-15502,8
1621841536206,1621841536256,50,0,282,18929.123699899,-18215,232
1621841536396,1621841536406,10,-1,33,693.369312269121,-1,-1
1621841536486,1621841536536,50,6,212,9590.32142717188,-9357,244
1621841536645,1621841536695,50,11,424,17757.72372202,-15686,308
1621841536705,1621841536725,20,0,59,2336.40653477466,-1,107
1621841536745,1621841536755,10,-1,34,1420.09994882461,-1,-1
1621841536795,1621841536815,20,0,32,843.764116775837,-88,119
1621841537445,1621841537505,60,12,422,15400.1442257585,-16315,130
1621841537965,1621841538015,50,5,226,11234.5942517165,-11244,176
1621841538264,1621841538294,30,3,195,13421.6385427573,-13146,133
1621841538494,1621841538724,230,15,212,14642.0832784462,-11654,316
1621841538784,1621841538834,50,7,234,13861.4414348103,-7665,180
1621841538944,1621841538964,20,1,73,4962.66145058899,-2505,59
1621841539224,1621841539274,50,3,90,4114.58120879105,-2398,279
1621841539344,1621841539664,320,10,1492,93416.2010150209,-80300,220
1621841539674,1621841539714,40,3,106,6965.73880569837,-4406,175
1621841539823,1621841540233,410,20,1024,51153.3877953635,-53968,50
1621841540243,1621841540293,50,1,50,1881.15706233631,-1033,120
1621841540363,1621841540383,20,0,40,1196.11038541731,-41,330
1621841540393,1621841540433,40,6,244,14073.4376644719,-8298,139
1621841540443,1621841540513,70,3,99,7692.55964580891,-2651,312
1621841540533,1621841540593,60,1,54,2016.3612596432,-1283,337
1621841540603,1621841540643,40,7,337,16905.5444978583,-16075,254
1621841540823,1621841540833,10,-1,31,2290.40612955323,-1,-1
1621841540843,1621841540873,30,0,90,6569.81782049291,-5809,255
1621841540883,1621841540913,30,1,73,2929.27664115593,-1847,227
1621841540923,1621841540943,20,0,33,422.031846064913,-216,240
1621841541203,1621841541253,50,12,483,27100.5406428359,-27730,7
1621841541612,1621841541642,30,1,50,2025.53187898477,-1307,233
1621841541692,1621841541732,40,4,199,10409.3591998896,-8502,356
1621841541862,1621841541982,120,12,549,29144.3916730962,-35944,180
1621841541992,1621841542002,10,-1,60,3412.63599766997,-1,-1
1621841542292,1621841542342,50,9,341,15096.6902077496,-14396,0
1621841542642,1621841542682,40,5,243,12164.4049535194,-11656,47
1621841542902,1621841542942,40,7,266,11712.7790988475,-15331,177
1621841542962,1621841542972,10,-1,57,2872.62858036877,-1,-1
1621841543051,1621841543151,99,5,285,25225.4184605674,-16079,186
1621841543351,1621841543381,30,0,40,813.1644154041,-1,336
1621841543451,1621841543471,20,0,40,1939.65638887498,-1,297
1621841543561,1621841543591,30,1,80,5021.61157076558,-4915,183
1621841543691,1621841543741,50,9,340,22000.3040896352,-16124,171
1621841543801,1621841543821,20,0,48,4335.10334016803,-1,14
1621841543841,1621841543861,20,0,58,3614.17918791613,-1,20
1621841543881,1621841543891,10,-1,32,564.491160121356,-1,-1
1621841543941,1621841544031,90,18,571,27878.435902034,-18140,358
1621841544081,1621841544091,10,-1,32,767.691865529317,-1,-1
1621841544391,1621841544531,140,10,193,11172.3831674191,-15313,198
1621841544840,1621841544890,50,5,165,6051.8476508795,-5061,289
1621841544900,1621841544920,20,1,73,4390.93698437255,-350,87
1621841545000,1621841545020,20,0,37,3509.31955546107,-593,81
1621841545080,1621841545100,20,1,63,5302.68798663611,-879,196
1621841545430,1621841545440,10,-1,40,1092.55323615359,-1,-1
1621841545540,1621841545560,20,0,49,2311.97363597853,-508,90
1621841545590,1621841545600,10,-1,31,507.129602862313,-1,-1
1621841545620,1621841545650,30,0,37,970.015711399828,-690,61
1621841545660,1621841545680,20,0,41,1690.31720039435,-1027,353
1621841545690,1621841545710,20,0,70,2369.73334327768,-1,61
1621841545900,1621841546070,170,22,290,14660.6982775473,-10001,4
1621841546100,1621841546110,10,-1,51,3277.15477713099,-1,-1
1621841546120,1621841546180,60,3,113,6783.1286528925,-2527,300
1621841546190,1621841546239,49,1,50,1646.2545132995,-1421,313
1621841546429,1621841546469,40,5,183,8406.82458166267,-9672,168
1621841546579,1621841546589,10,-1,31,1074.54928825045,-1,-1
1621841546679,1621841546729,50,3,177,7737.15796351321,-10526,1
1621841546929,1621841546939,10,-1,97,7446.7987580243,-1,-1
1621841547099,1621841547109,10,-1,30,944.405761422886,-1,-1
1621841547159,1621841547209,50,3,125,6801.43891721042,-6109,326
1621841547299,1621841547309,10,-1,44,4038.48547655826,-1,-1
1621841547319,1621841547379,60,7,345,18255.0560959995,-14243,12
1621841547439,1621841547469,30,0,34,1214.69412970291,-287,138
1621841547479,1621841547499,20,0,31,210.568667890691,-1,189
1621841547559,1621841547579,20,0,37,1995.01659966427,-602,119
1621841547599,1621841547649,50,4,184,12038.9218950727,-10226,62
1621841547679,1621841547689,10,-1,43,2076.1333051155,-1,-1
1621841547789,1621841547809,20,0,38,1126.43705398576,-1,159
1621841547839,1621841547908,69,10,309,15529.5320547063,-17744,208
1621841548048,1621841548068,20,1,88,5139.37772566663,-1,265
1621841548078,1621841548108,30,0,85,6993.79535132336,-4251,57
1621841548158,1621841548278,120,6,407,23365.2089759816,-8618,313
1621841548378,1621841548528,150,5,408,10745.5108668886,-14053,173
1621841548648,1621841548718,70,2,75,4968.93856898304,-2411,159
1621841548748,1621841548788,40,1,51,1948.80602249657,-1633,189
1621841548808,1621841548838,30,1,91,4708.70360409738,-3948,208
1621841548878,1621841548888,10,-1,31,1108.65723654794,-1,-1
1621841548958,1621841548998,40,0,56,5418.75134034091,-1737,99
1621841549597,1621841549617,20,0,43,3382.22454317991,-1130,282
1621841549997,1621841550027,30,2,138,10367.6153581682,-8694,194
1621841550107,1621841550117,10,-1,30,1286.85691952884,-1,-1
1621841550227,1621841550237,10,-1,33,794.464586039392,-1,-1
1621841550257,1621841550287,30,1,95,5476.77396374886,-496,181
1621841550517,1621841550547,30,1,56,2948.37099663267,-2552,24
1621841550587,1621841550957,370,6,845,51254.0303545106,-52051,175
1621841550967,1621841551037,70,5,212,11788.0045517139,-16244,203
1621841551057,1621841551176,119,5,74,2992.66945696137,-2750,3
1621841551216,1621841551296,80,4,165,8736.4319897026,-5249,171
1621841551346,1621841551396,50,1,50,1004.66902992254,-1203,26
1621841551456,1621841551466,10,-1,31,272.178083997664,-1,-1
1621841551496,1621841551516,20,0,57,4659.98772555102,-1055,93
1621841551616,1621841551626,10,-1,31,1307.04755267487,-1,-1
1621841551636,1621841551676,40,2,81,5408.76629138591,-861,16
1621841551786,1621841551796,10,-1,31,783.681505902055,-1,-1
1621841551816,1621841551826,10,-1,44,2315.05936205559,-1,-1
1621841551986,1621841551996,10,-1,53,3694.24855713715,-1,-1
1621841552076,1621841552126,50,2,69,2373.94015572481,-2353,151
1621841552236,1621841552356,120,40,867,48105.7330316874,-32010,318
1621841552366,1621841552636,270,48,1133,47960.7424748694,-86138,136
1621841552646,1621841552676,30,1,53,1786.70577436768,-2169,316
1621841552686,1621841552735,49,3,98,4975.07055143202,-4607,291
1621841552765,1621841552825,60,2,48,1878.53588245139,-915,312
1621841552875,1621841552915,40,1,40,955.681157010904,-1,313
1621841552955,1621841553065,110,7,333,21765.5093553501,-23914,341
1621841553135,1621841553165,30,1,179,15331.3409943037,-11048,145
1621841553175,1621841553215,40,1,42,2778.7725812994,-870,56
1621841553235,1621841553265,30,1,55,1903.93060552464,-517,33
1621841553275,1621841553305,30,1,106,8976.75209512319,-3808,150
1621841553375,1621841553385,10,-1,33,1652.96701656301,-1,-1
1621841553405,1621841553425,20,0,40,1562.7904351084,-1,135
1621841553455,1621841553525,70,21,444,24158.3816106841,-17147,304
1621841553535,1621841553675,140,8,114,4255.65981015507,-4152,150
1621841553785,1621841553795,10,-1,32,954.178134728475,-1,-1
1621841553895,1621841554025,130,1,126,8633.30487858355,-5344,177
1621841554175,1621841554185,10,-1,36,3244.57908436644,-1,-1
1621841554444,1621841554454,10,-1,44,3783.98447533787,-1,-1
1621841554594,1621841554624,30,2,119,5524.36891320875,-3675,279
1621841554874,1621841554904,30,0,44,1780.86997661049,-1214,103
1621841555814,1621841555864,50,2,82,2613.78463051961,-3019,231
1621841556003,1621841556413,410,14,528,35509.8457826236,-35359,167
1621841556423,1621841556493,70,4,97,2682.22441110568,-4166,153
1621841556503,1621841556533,30,1,58,2516.82972757003,-2420,164
1621841556633,1621841556643,10,-1,33,972.743903460426,-1,-1
1621841556883,1621841556903,20,0,35,1629.19272079215,-1,110
1621841557123,1621841557133,10,-1,32,2708.62801572686,-1,-1
1621841557233,1621841557243,10,-1,33,1387.94490498592,-1,-1
1621841557253,1621841557263,10,-1,33,813.213788792808,-1,-1
1621841557323,1621841557363,40,7,284,17784.2434470731,-16459,356
1621841557493,1621841557503,10,-1,34,1856.48400794078,-1,-1
1621841557533,1621841557582,49,8,284,17344.7066121615,-13189,225
1621841557632,1621841557642,10,-1,34,1738.9337970484,-1,-1
1621841557652,1621841557692,40,2,85,2834.94218010807,-1293,104
1621841557702,1621841557842,140,21,528,32284.4398928755,-25514,277
1621841557852,1621841557942,90,5,91,5063.45926776325,-3608,97
1621841558002,1621841558032,30,0,41,1677.31554877137,-901,122
1621841558042,1621841558082,40,2,92,3836.1611411165,-5287,194
1621841558152,1621841558312,160,38,692,42575.9282876829,-50977,342
1621841558322,1621841558412,90,12,294,12868.8750888097,-12901,148
1621841558422,1621841558482,60,2,114,5185.24158465166,-2695,184
1621841558532,1621841558572,40,2,90,4555.2188339707,-3288,162
1621841558602,1621841558612,10,-1,35,1707.43262952681,-1,-1
1621841558882,1621841558922,40,1,85,4946.37922397481,-4285,295
1621841559002,1621841559042,40,2,108,6778.49580781657,-5056,315
1621841559052,1621841559062,10,-1,78,7056.09743737972,-1,-1
1621841559321,1621841559391,70,20,1136,45577.0269116611,-2431,118
1621841559491,1621841559531,40,24,1173,47156.749363327,-78939,139
1621841559551,1621841559611,60,3,75,3787.56914102292,-3248,308
1621841559621,1621841559731,110,7,112,4077.71810669488,-3656,294
1621841559771,1621841559801,30,1,90,4298.59363372667,-4011,145
1621841559831,1621841559961,130,6,81,3724.92798999728,-3598,279
1621841559991,1621841560051,60,1,45,1269.56211019525,-565,260
1621841560071,1621841560221,150,8,89,3144.63775304716,-2679,308
1621841560361,1621841560601,240,10,152,9893.24603163232,-10028,35
1621841560631,1621841560661,30,1,53,2235.29635711446,-1752,120
1621841560800,1621841560860,60,9,294,14864.5211332739,-14156,264
1621841560940,1621841561030,90,3,44,1087.67806377554,-674,126
1621841561050,1621841561100,50,3,108,6898.54161614222,-5577,334
1621841561240,1621841561490,250,22,709,40068.4531887605,-23230,199
1621841561500,1621841561620,120,5,204,12173.9217649644,-7184,138
1621841561630,1621841561690,60,2,63,4842.43513566788,-2875,77
1621841561730,1621841561740,10,-1,41,2642.03043722982,-1,-1
1621841561750,1621841561800,50,2,93,4472.75218007511,-2580,70
1621841561870,1621841561900,30,1,81,3385.98023676013,-2530,111
1621841561990,1621841562000,10,-1,103,9167.97730277597,-1,-1
1621841562110,1621841562130,20,0,45,1430.20072265625,-1,128
1621841562340,1621841562379,39,5,210,14831.3687553067,-10796,36
1621841562609,1621841562659,50,5,303,14068.797146649,-21042,275
1621841562669,1621841562679,10,-1,48,4583.71226406885,-1,-1
1621841562899,1621841562929,30,1,87,6119.81355672147,-5614,178
1621841563179,1621841563239,60,8,236,11096.0574164928,-12610,331
1621841563349,1621841563359,10,-1,131,-1.0,-1,-1
1621841563729,1621841563739,10,-1,41,3147.86021372367,-1,-1
1621841563749,1621841563759,10,-1,32,1039.59751634405,-1,-1
1621841563839,1621841563879,40,4,166,11525.2226251716,-7109,5
1621841564008,1621841564018,10,-1,41,2809.93760860036,-1,-1
1621841564158,1621841564178,20,0,44,3385.73101763222,-1090,261
1621841564268,1621841564278,10,-1,55,2622.23879683741,-1,-1
1621841564288,1621841564298,10,-1,38,1775.25856213265,-1,-1
1621841564308,1621841564378,70,9,373,24784.4133005141,-21978,143
1621841564648,1621841564668,20,0,44,1466.47616826453,-4,277
1621841564698,1621841564708,10,-1,50,2191.83975973733,-1,-1
1621841564718,1621841564918,200,25,595,23223.3085108749,-25691,45
1621841564928,1621841565028,100,5,220,10718.4771929306,-12083,185
1621841565058,1621841565108,50,1,119,6445.77166314977,-6020,294
1621841565118,1621841565168,50,4,296,16712.1474439095,-8,214
1621841565258,1621841565458,200,9,433,13100.8467626269,-23524,311
1621841565468,1621841565637,169,7,230,8287.14767755101,-13098,161
1621841565757,1621841565807,50,2,75,2018.8969645132,-3283,341
1621841565817,1621841566027,210,5,397,36860.9115409427,-18950,341
1621841566227,1621841566237,10,-1,34,1940.52077180555,-1,-1
1621841566347,1621841566377,30,0,64,3579.25694923565,-1550,3
1621841566777,1621841566817,40,10,423,21684.0547094057,-20413,26
1621841566837,1621841566857,20,0,37,1260.32910600726,-569,144
1621841567007,1621841567057,50,4,132,5169.46800295993,-5880,178
1621841567067,1621841567077,10,-1,33,514.627823667633,-1,-1
1621841567176,1621841567186,10,-1,37,3487.55769777569,-1,-1
1621841567197,1621841567246,49,9,487,24183.8917886015,-29495,33
1621841567396,1621841567416,20,0,43,1476.44290500838,-1,212
1621841567426,1621841567466,40,4,174,8875.54121715626,-7600,6
1621841567486,1621841567586,100,2,423,27777.6974930911,-28305,242
1621841567676,1621841567726,50,6,224,10382.9203722022,-10670,157
1621841567986,1621841568006,20,0,116,8933.09567088005,-8422,284
1621841568126,1621841568186,60,10,368,13248.3770332662,-17147,190
1621841568316,1621841568346,30,0,39,1503.12746645559,-1,306
1621841568426,1621841568456,30,1,59,5352.47494190148,-2130,295
1621841568486,1621841568516,30,2,129,6203.41062257278,-4227,189
1621841568546,1621841568566,20,0,52,2401.35855875287,-694,315
1621841568606,1621841568616,10,-1,30,879.429311456489,-1,-1
1621841568696,1621841568746,50,6,217,10704.5732819053,-9927,6
1621841568855,1621841568965,110,0,362,18879.4790126039,-4150,212
1621841569065,1621841569265,200,12,620,18496.9952278644,-30579,161
1621841569275,1621841569365,90,4,145,8162.3865325966,-7895,183
1621841569375,1621841569395,20,0,64,3046.76597318965,-1,68
1621841569585,1621841569595,10,-1,65,4574.25044035112,-1,-1
1621841569605,1621841569635,30,1,95,6147.63034108769,-4785,49
1621841569805,1621841569865,60,1,208,19090.4802674918,-7535,135
1621841569965,1621841570005,40,2,127,6239.38542098464,-3907,237
1621841570125,1621841570145,20,0,46,2850.26031214711,-282,99
1621841570215,1621841570225,10,-1,32,1820.86021858263,-1,-1
1621841570235,1621841570245,10,-1,46,3796.76329772882,-1,-1
1621841570405,1621841570424,19,0,32,1048.05471409551,-190,81
1621841570434,1621841570444,10,-1,52,4562.51522024858,-1,-1
1621841570534,1621841570644,110,6,430,3398.04815661737,-20107,265
1621841570664,1621841570694,30,0,40,745.475344505756,-754,93
1621841570704,1621841570744,40,2,111,6793.13300614673,-5304,202
1621841571044,1621841571094,50,6,929,58582.7549904812,-1,72
1621841571204,1621841571224,20,4,298,-1.0,-2507,300
1621841571234,1621841571254,20,2,197,18060.7486846884,-10955,171
1621841571264,1621841571364,100,8,149,8796.50035175508,-4992,152
1621841571384,1621841571404,20,0,42,2568.65903259835,-451,131
1621841571464,1621841571484,20,0,59,4090.02253841693,-1837,93
1621841571604,1621841571614,10,-1,33,1692.0057213831,-1,-1
1621841571814,1621841571834,20,1,45,1137.0914871786,-1,8
1621841571874,1621841571894,20,0,67,4391.45373093791,-2720,284
1621841571924,1621841571954,30,2,97,4179.99985142196,-6108,139
1621841571974,1621841572014,40,1,110,8391.72830453123,-3825,350
1621841572034,1621841572053,19,0,41,2709.04701974784,-1,302
1621841572063,1621841572193,130,2,1794,152803.164235712,-148359,221
1621841572063,1621841572193,130,2,1794,152803.164235712,-148359,221
1621841572203,1621841572213,10,-1,31,319.77858313286,-1,-1
1621841572263,1621841572293,30,3,177,11131.5236389967,-9329,0
1621841572483,1621841572493,10,-1,53,3693.36721818945,-1,-1
1621841572503,1621841572633,130,0,375,23299.4696964761,-27640,233
1621841572643,1621841572663,20,0,58,3282.89415294098,-2312,158
1621841572713,1621841572793,80,0,284,21263.0796072998,-19195,90
1621841572803,1621841572843,40,3,120,5072.9072064477,-6360,292
1621841573013,1621841573243,230,12,823,61501.4922826934,-29258,183
1621841573433,1621841573443,10,-1,31,229.327089469947,-1,-1
1621841574382,1621841574422,40,3,159,7750.25192924154,-7014,27
1621841574432,1621841574452,20,0,32,655.425235349448,-70,75
1621841574502,1621841574512,10,-1,34,2258.5721765479,-1,-1
1621841574592,1621841574612,20,0,35,1021.26596328965,-25,237
1621841574842,1621841574852,10,-1,54,4483.32845544421,-1,-1
1621841574862,1621841574882,20,0,62,5249.27642863568,-1740,307
1621841574902,1621841574912,10,-1,36,1573.39555590265,-1,-1
1621841575002,1621841575102,100,2,158,6321.653066499,-6976,141
1621841575122,1621841575132,10,-1,38,955.201898355831,-1,-1
1621841575381,1621841575391,10,-1,38,2584.02838407604,-1,-1
1621841575531,1621841575551,20,1,89,6888.39651073789,-4526,354
1621841575761,1621841575771,10,-1,67,6490.25916818911,-1,-1
1621841576061,1621841576101,40,2,102,5002.5883070463,-6518,28
1621841576491,1621841576501,10,-1,49,2466.69277251444,-1,-1
1621841576511,1621841576651,140,2,1183,59562.8079064121,-90061,245
1621841576661,1621841576691,30,0,97,7622.92435740889,-5189,15
1621841576781,1621841576821,40,3,147,7331.44289997099,-6750,168
1621841577000,1621841577010,10,-1,31,1517.05850375648,-1,-1
1621841577090,1621841577110,20,0,39,1494.84125333463,-279,315
1621841577120,1621841577270,150,30,349,19917.6280041005,-24591,163
1621841577280,1621841577340,60,3,82,3196.0079876196,-2769,357
1621841577360,1621841577440,80,3,54,2049.42757447945,-1731,350
1621841577760,1621841577770,10,-1,34,1757.11224265113,-1,-1
1621841577780,1621841577790,10,-1,32,1956.10689954817,-1,-1
1621841578430,1621841578440,10,-1,33,1533.9107821333,-1,-1
1621841578450,1621841578599,149,3,1335,97763.098341785,-100798,279
1621841578619,1621841578629,10,-1,47,2086.05704900155,-1,-1
1621841578839,1621841578859,20,0,53,2485.39906842932,-1858,248
1621841578879,1621841578889,10,-1,41,2578.04256249278,-1,-1
1621841579039,1621841579049,10,-1,39,3686.45050682816,-1,-1
1621841579099,1621841579119,20,0,40,2533.91859063685,-373,105
1621841579159,1621841579179,20,0,39,2381.84174568248,-219,99
1621841579189,1621841579379,190,26,1552,107288.529874486,-73337,356
1621841579399,1621841579419,20,1,58,3843.55096612047,-1,153
1621841579449,1621841579479,30,2,99,6805.64270636785,-3627,140
1621841579539,1621841579549,10,-1,40,3066.98659811232,-1,-1
1621841579619,1621841579659,40,2,73,3470.82704510168,-1124,151
1621841580228,1621841580238,10,-1,31,1828.10440968761,-1,-1
1621841580248,1621841580258,10,-1,30,2504.79144063072,-1,-1
1621841580988,1621841581038,50,5,179,10964.0074785957,-6260,341
1621841581398,1621841581688,290,29,628,24662.1274857529,-36498,164
1621841581698,1621841581727,29,0,33,389.505271390364,-1,8
1621841581937,1621841581947,10,-1,35,753.804623743101,-1,-1
1621841582137,1621841582387,250,23,1337,57939.5798646178,-57827,346
1621841582397,1621841582447,50,2,86,4373.95814401621,-2660,156
1621841582457,1621841582497,40,1,45,2478.67094393315,-17,330
1621841582507,1621841582517,10,-1,35,2235.26929358396,-1,-1
1621841582867,1621841582967,100,10,207,13537.3383739331,-13263,283
1621841582997,1621841583027,30,2,100,6389.01130890252,-6599,301
1621841583317,1621841583326,9,-1,51,2546.48377207486,-1,-1
1621841583336,1621841583356,20,0,64,5181.60547453664,-1115,315
1621841583366,1621841583426,60,9,306,20958.9079050683,-17369,93
1621841583556,1621841583796,240,29,515,27637.6371306364,-27854,169
1621841583816,1621841583826,10,-1,32,282.021962457863,-1,-1
1621841583886,1621841583946,60,3,146,5264.05930284481,-6353,307
1621841584406,1621841584426,20,0,58,2404.96029110789,-1,257
1621841584436,1621841584446,10,-1,31,1521.78252841556,-1,-1
1621841584726,1621841584756,30,2,104,6515.89700230418,-5168,16
1621841584995,1621841585045,50,13,405,18515.9797467113,-17877,19
1621841586055,1621841586085,30,0,38,1886.52396644608,-1,59
1621841586375,1621841586385,10,-1,32,2482.25620433416,-1,-1
1621841586475,1621841586515,40,3,168,9350.47763233717,-7529,95
1621841586744,1621841586774,30,3,222,10190.6088044586,-1,241
1621841586894,1621841586924,30,4,280,13477.8931587213,-1,281
1621841586934,1621841586944,10,-1,45,2508.22194953315,-1,-1
1621841586994,1621841587024,30,1,70,3881.24513657155,-2576,313
1621841587144,1621841587174,30,3,150,7018.60931581511,-4822,161
1621841587264,1621841587324,60,13,329,17828.1001297525,-12720,312
1621841587334,1621841587344,10,-1,38,1229.83391999144,-1,-1
1621841587494,1621841587504,10,-1,30,1669.13514564718,-1,-1
1621841587624,1621841587644,20,0,36,1738.77810446527,-1,90
1621841587924,1621841587984,60,14,465,32778.9293391726,-25196,22
1621841587994,1621841588004,10,-1,32,2728.33912191232,-1,-1
1621841588193,1621841588233,40,0,32,1244.31797834831,-96,205
1621841588303,1621841588313,10,-1,31,2056.66317723593,-1,-1
1621841588453,1621841588463,10,-1,33,1394.00276861808,-1,-1
1621841588493,1621841588513,20,1,67,4728.27269686232,-2326,81
1621841588563,1621841588603,40,2,103,4606.76462377018,-4207,15
1621841589293,1621841589303,10,-1,30,995.42916451219,-1,-1
1621841589493,1621841589513,20,0,75,4740.26458617254,-2352,161
1621841589792,1621841589982,189,13,1471,137533.875973137,-76481,212
1621841590192,1621841590232,40,3,110,6372.18941309978,-7364,250
1621841590272,1621841590492,220,17,557,17822.4132664023,-39624,355
1621841590512,1621841590542,30,1,51,2156.83480419163,-494,70
1621841591072,1621841591092,20,0,65,6336.98325921876,-3425,345
1621841591152,1621841591192,40,3,103,5469.07923237746,-5449,7
1621841591401,1621841591431,29,3,153,9945.08095747481,-4875,142
1621841591471,1621841591501,30,0,39,932.910656912836,-77,262
1621841591641,1621841591671,30,0,50,3335.48786987675,-1504,301
1621841591761,1621841591771,10,-1,40,1736.45268098646,-1,-1
1621841591951,1621841591971,20,0,59,3488.55883806467,-2893,319
1621841592011,1621841592101,90,3,88,7974.29201677468,-4581,330
1621841592141,1621841592251,110,30,1552,71864.900840683,-14872,122
1621841592351,1621841592401,50,9,692,-1.0,-36962,218
1621841592411,1621841592441,30,1,64,3108.43338956966,-1422,27
1621841592461,1621841592471,10,-1,36,667.469837954835,-1,-1
1621841592491,1621841592531,40,2,115,4694.89408693335,-4693,315
1621841592831,1621841593080,249,26,2269,215435.0994934,-220915,351
1621841593100,1621841593140,40,2,108,4127.03357095236,-5038,161
1621841593150,1621841593190,40,2,179,10729.8093390995,-5022,185
1621841593340,1621841593360,20,0,45,2429.14248619773,-1,143
1621841593410,1621841593440,30,0,43,1783.00340659696,-494,119
1621841593500,1621841593510,10,-1,34,616.561920815349,-1,-1
1621841593540,1621841593550,10,-1,33,2018.11771903213,-1,-1
1621841593560,1621841593570,10,-1,31,1942.99493146783,-1,-1
1621841593600,1621841593610,10,-1,35,1410.30565647847,-1,-1
1621841593740,1621841593830,90,3,43,2398.73018145061,-853,12
1621841594090,1621841594100,10,-1,42,1683.69625200275,-1,-1
1621841594110,1621841594140,30,1,169,11130.1714669993,-7482,277
1621841594150,1621841594220,70,3,203,18412.7556893621,-16222,357
1621841594260,1621841594280,20,0,43,3152.46817917106,-238,240
1621841594500,1621841594560,60,4,150,10704.6869604217,-8501,182
1621841594570,1621841594580,10,-1,32,347.591231791847,-1,-1
1621841595139,1621841595189,50,4,109,4613.66165659784,-5483,187
1621841595729,1621841595739,10,-1,30,872.319626335705,-1,-1
1621841595789,1621841595819,30,10,1000,49839.0216514945,-1,151
1621841596598,1621841596848,250,9,1304,6796.0604434804,-57837,202
1621841596938,1621841596958,20,0,54,2244.95497765323,-1,90
1621841596968,1621841596978,10,-1,40,1754.14711571091,-1,-1
1621841596988,1621841597148,160,1,2812,252312.430994061,-113923,98
1621841597588,1621841597877,289,15,847,43823.9531795098,-40990,343
1621841598027,1621841598037,10,-1,47,3041.17149974623,-1,-1
1621841598287,1621841598297,10,-1,32,271.527665918802,-1,-1
1621841598377,1621841598417,40,0,53,4285.46894712195,-984,206
1621841598937,1621841598947,10,-1,35,2785.12775009279,-1,-1
1621841598957,1621841598967,10,-1,34,2600.53572418145,-1,-1
1621841599127,1621841599167,40,2,112,7438.53573567312,-4260,145
1621841599257,1621841599446,189,2,439,3183.57438718726,-25590,318
1621841599536,1621841599596,60,2,171,8930.25088520457,-12569,299
1621841599806,1621841599846,40,1,36,722.01823494051,-564,357
1621841599876,1621841599886,10,-1,37,2104.82122352913,-1,-1
1621841599986,1621841600226,240,28,864,63200.6924354734,-42830,352
1621841600236,1621841600296,60,6,120,6964.00446393984,-4175,158
1621841600306,1621841600316,10,-1,38,916.728646747524,-1,-1
1621841600326,1621841600356,30,1,67,3784.0915863207,-1948,125
1621841600366,1621841600386,20,0,43,2701.88532529598,-1290,251
1621841600576,1621841600596,20,0,41,2861.02819871194,-1,216
1621841600726,1621841600746,20,0,30,1831.43947126138,-57,153
1621841601185,1621841601225,40,5,214,14363.6402755005,-10830,292
1621841601335,1621841601345,10,-1,32,2094.93778883443,-1,-1
1621841601505,1621841601525,20,0,56,3130.48275604651,-1624,280
1621841601885,1621841601905,20,0,45,3002.26747203193,-594,335
1621841601925,1621841601965,40,2,79,3371.77789204113,-3890,104
1621841602515,1621841602555,40,5,239,13186.8420616945,-11313,91
1621841603384,1621841603394,10,-1,30,1154.07392477209,-1,-1
1621841603404,1621841603424,20,0,67,4079.79008828519,-3638,298
1621841603834,1621841603874,40,3,131,5850.10288865941,-6234,204
1621841604283,1621841604503,220,31,559,18379.0034277402,-28346,168
1621841604513,1621841604533,20,0,37,554.722670206193,-1,319
1621841604543,1621841604563,20,0,36,784.39058916235,-1,12
1621841604583,1621841604603,20,0,49,2454.87910095921,-1167,0
1621841604613,1621841604633,20,1,74,6185.38651540907,-1,267
1621841604733,1621841604753,20,0,57,2205.82381349243,-1,288
1621841604763,1621841604773,10,-1,30,1971.41876661168,-1,-1
1621841605003,1621841605023,20,0,59,3009.53114375439,-1,296
1621841605033,1621841605043,10,-1,74,4994.66887091727,-1,-1
1621841605093,1621841605103,10,-1,44,2198.07288260234,-1,-1
1621841605113,1621841605123,10,-1,39,1408.69789921008,-1,-1
1621841605373,1621841605383,10,-1,33,441.719925809195,-1,-1
1621841605633,1621841605743,110,24,576,25398.9582874435,-26815,96
1621841605753,1621841605823,70,2,50,2123.33257508887,-175,303
1621841605853,1621841605902,49,1,46,1146.30898103567,-462,283
1621841605942,1621841605962,20,0,42,1617.41715829069,-482,275
1621841605972,1621841605982,10,-1,34,584.68392951245,-1,-1
1621841606232,1621841606262,30,4,221,12128.0653144255,-11040,80
1621841606392,1621841606412,20,0,44,2812.69887445595,-1125,296
1621841606542,1621841606562,20,1,91,6337.45992202813,-1615,85
1621841607052,1621841607102,50,5,196,9591.63138398988,-8359,212
1621841607122,1621841607132,10,-1,32,360.701602604371,-1,-1
1621841607142,1621841607152,10,-1,32,1194.94585387921,-1,-1
1621841607202,1621841607242,40,1,41,1798.52143868924,-1053,340
1621841607302,1621841607342,40,5,206,10534.5835019925,-8272,195
1621841607382,1621841607392,10,-1,34,1126.06122994931,-1,-1
1621841607422,1621841607452,30,0,39,1340.57888025581,-712,352
1621841607471,1621841607481,10,-1,33,664.672337626842,-1,-1
1621841607561,1621841607621,60,12,392,14738.335678477,-21676,358
1621841607801,1621841607861,60,3,69,2542.45030893445,-2628,249
1621841607991,1621841608001,10,-1,31,846.984985268763,-1,-1
1621841608261,1621841608291,30,0,53,3658.35773504294,-2165,214
1621841608441,1621841608451,10,-1,31,1288.16557990435,-1,-1
1621841608571,1621841608591,20,0,58,2945.7400555604,-1,138
1621841608601,1621841608821,220,13,212,18743.5152112757,-14098,297
1621841608961,1621841608971,10,-1,30,558.128941199617,-1,-1
1621841608981,1621841609011,30,0,32,480.575256845519,-1,135
1621841609031,1621841609061,30,1,50,1802.84379873877,-1997,92
1621841609101,1621841609110,9,-1,42,3499.49111996201,-1,-1
1621841609120,1621841609260,140,14,527,27266.2109722718,-15680,258
1621841609270,1621841609380,110,0,131,8197.34123947336,-5637,225
1621841609390,1621841609400,10,-1,71,5322.85207183171,-1,-1
1621841609410,1621841609420,10,-1,33,454.928052898297,-1,-1
1621841609430,1621841609530,100,2,308,23469.1900401175,-12658,87
1621841609540,1621841609660,120,27,665,39654.0447062856,-27209,139
1621841609870,1621841609890,20,0,39,1806.46506328877,-1,289
1621841609900,1621841609920,20,0,36,1587.23412802518,-1,350
1621841610110,1621841610140,30,2,119,10800.9037317835,-6695,181
1621841610370,1621841610380,10,-1,30,691.350073635823,-1,-1
1621841610410,1621841610440,30,1,49,2833.57661664471,-1391,165
1621841610610,1621841610620,10,-1,31,858.4670231153,-1,-1
1621841610680,1621841610690,10,-1,30,1336.13713220488,-1,-1
1621841610739,1621841610779,40,5,218,10157.4123493765,-10022,130
1621841611639,1621841611649,10,-1,30,518.201617732577,-1,-1
1621841611819,1621841611849,30,2,132,8555.66900155766,-6345,171
1621841611929,1621841611939,10,-1,31,1563.26189925842,-1,-1
1621841612189,1621841612229,40,4,186,9178.50286597422,-8008,320
1621841612269,1621841612318,49,3,110,6718.98738295464,-531,279
1621841612358,1621841612368,10,-1,32,824.454111181,-1,-1
1621841612558,1621841612618,60,8,394,16996.6049955089,-2061,347
1621841612788,1621841612878,90,4,351,8459.68941210849,-28728,174
1621841612918,1621841613008,90,21,623,32396.3787984457,-31511,169
1621841613058,1621841613078,20,0,36,2550.11600705015,-447,333
1621841613148,1621841613168,20,1,63,3464.28111009264,-1034,333
1621841613268,1621841613288,20,0,33,468.304134290539,-1,351
1621841614357,1621841614407,50,5,243,8439.45065808714,-9938,84
1621841614677,1621841614717,40,5,198,12219.422631363,-12574,286
1621841614817,1621841615067,250,12,2579,151053.774905431,-178997,151
1621841615077,1621841615337,260,15,436,12189.6898475759,-23899,252
1621841615357,1621841615377,20,0,37,1836.18984645471,-711,270
1621841615427,1621841615517,90,5,76,2753.65659298922,-1655,251
1621841615626,1621841615656,30,1,73,4392.65195724661,-1036,119
1621841615666,1621841615686,20,1,79,5785.80237679234,-2145,343
1621841615876,1621841616086,210,22,367,28834.1231980755,-17436,20
1621841616116,1621841616126,10,-1,34,2405.63168731891,-1,-1
1621841616156,1621841616166,10,-1,36,2918.62157325592,-1,-1
1621841616176,1621841616196,20,0,40,1569.51386413917,-983,219
1621841616216,1621841616226,10,-1,46,2113.41087900381,-1,-1
1621841616286,1621841616336,50,3,102,6231.07095466288,-3157,186
1621841616466,1621841616476,10,-1,33,1562.11931912352,-1,-1
1621841616616,1621841616636,20,0,46,1710.79644000334,-1575,229
1621841616696,1621841616786,90,18,538,15861.5944823609,-24271,106
1621841616796,1621841616806,10,-1,46,1802.03175802974,-1,-1
1621841617006,1621841617026,20,0,63,3491.49404407728,-684,190
1621841617255,1621841617265,10,-1,36,2351.60489366084,-1,-1
1621841617325,1621841617365,40,3,107,5553.62667015602,-5305,219
1621841617985,1621841618015,30,3,152,8731.18111776106,-8432,13
1621841618255,1621841618265,10,-1,35,1009.31052772027,-1,-1
1621841618525,1621841618555,30,1,92,6566.35022973218,-5601,17
1621841619334,1621841619414,80,20,462,24458.2087766369,-21478,5
1621841619614,1621841619624,10,-1,42,2705.6673373432,-1,-1
1621841619654,1621841619694,40,1,217,11050.708490438,-1459,309
1621841619784,1621841619994,210,12,410,20067.2721909996,-20353,165
1621841620004,1621841620064,60,2,127,8193.57639529456,-5755,159
1621841620084,1621841620114,30,2,95,5849.13683856483,-2873,128
1621841620334,1621841620344,10,-1,38,3619.40554914958,-1,-1
1621841620843,1621841620863,20,0,33,640.875756410676,-185,111
1621841620913,1621841620933,20,0,42,3176.6588132527,-966,303
1621841621173,1621841621193,20,1,67,4619.39478049714,-2310,310
1621841621833,1621841621843,10,-1,52,4688.39504342923,-1,-1
1621841621853,1621841621923,70,1,69,4215.53345645912,-3009,289
1621841622032,1621841622052,20,0,46,2803.83975185452,-804,123
1621841622072,1621841622082,10,-1,31,1725.06314456928,-1,-1
1621841622592,1621841622872,280,35,1804,170140.815976338,-105084,139
1621841622952,1621841622962,10,-1,35,1124.92789612893,-1,-1
1621841623022,1621841623032,10,-1,33,1054.82116564023,-1,-1
1621841623182,1621841623222,40,5,201,8623.62173838406,-1,303
1621841623342,1621841623352,10,-1,37,2175.58684138201,-1,-1
1621841623392,1621841623412,20,0,41,3036.03124590834,-1,192
1621841623422,1621841623452,30,2,145,8641.95286126509,-8031,270
1621841623572,1621841623621,49,12,1215,68037.0591412297,-1,351
1621841623711,1621841623821,110,21,1883,150935.365864508,-157131,168
1621841623831,1621841623871,40,2,88,5295.84903601222,-3350,160
1621841623891,1621841623921,30,1,139,12131.048150007,-8947,138
1621841623931,1621841623941,10,-1,33,1813.16929682993,-1,-1
1621841624091,1621841624111,20,0,34,2031.06369080778,-1,248
1621841624141,1621841624171,30,0,57,4067.62736008074,-1859,209
1621841624371,1621841624381,10,-1,41,3142.14677556681,-1,-1
1621841624431,1621841624451,20,0,31,2419.47773216515,-1,135
1621841625051,1621841625061,10,-1,30,2006.22531581034,-1,-1
1621841625600,1621841625640,40,4,157,10922.6743989857,-10331,4
1621841625890,1621841625900,10,-1,32,2741.28904171984,-1,-1
1621841625940,1621841626000,60,1,33,1603.44266630861,-1,176
1621841626010,1621841626020,10,-1,48,1894.6487326623,-1,-1
1621841626150,1621841626350,200,31,482,31701.699911468,-37154,170
1621841626370,1621841626380,10,-1,31,629.118058170958,-1,-1
1621841626410,1621841626500,90,7,192,8178.24061625647,-5128,306
1621841627809,1621841627899,90,15,392,19898.1676589483,-15508,17
1621841627949,1621841627959,10,-1,30,1167.43129894919,-1,-1
1621841627969,1621841627999,30,0,79,6387.56947894447,-3705,180
1621841628009,1621841628039,30,0,32,1290.54197023388,-157,151
1621841628119,1621841628129,10,-1,30,455.187307681266,-1,-1
1621841628159,1621841628339,180,25,387,15640.9336595199,-15633,336
1621841628349,1621841628379,30,3,124,7257.393282322,-8909,183
1621841628439,1621841628528,89,2,147,8366.92908767511,-8616,158
1621841628678,1621841628688,10,-1,30,767.704226420095,-1,-1
1621841628708,1621841628718,10,-1,54,4102.69142170077,-1,-1
1621841628728,1621841628738,10,-1,97,7053.32430419589,-1,-1
1621841628908,1621841628978,70,2,1483,139402.661729407,-137732,163
1621841628988,1621841629048,60,28,1089,74324.3033188891,-80214,156
1621841629088,1621841629098,10,-1,36,2088.34114588557,-1,-1
1621841629118,1621841629128,10,-1,30,271.891983254164,-1,-1
1621841629138,1621841629158,20,0,43,1261.20369926465,-1,331
1621841629188,1621841629268,80,4,126,6110.28115122538,-6910,37
1621841629318,1621841629358,40,0,40,2605.44195416724,-247,291
1621841629418,1621841629438,20,0,53,1684.04597096597,-1,278
1621841629668,1621841629688,20,0,40,1705.37880270557,-677,32
1621841629978,1621841630067,89,25,627,29309.5047100461,-17179,137
1621841630097,1621841630127,30,1,61,2608.63194684054,-2377,338
1621841630137,1621841630177,40,1,44,596.149329939645,-633,321
1621841630207,1621841630247,40,1,67,2364.09815360959,-1,310
1621841630307,1621841630367,60,11,386,16335.0207822799,-16783,289
1621841630407,1621841630417,10,-1,31,741.663307736388,-1,-1
1621841630547,1621841630727,180,10,189,13227.1262548773,-12351,272
1621841630797,1621841630837,40,1,58,3099.10749994207,-302,323
1621841631167,1621841631237,70,17,614,22688.613693874,-30564,171
1621841631447,1621841631736,289,9,430,38555.8715522914,-17019,281
1621841632026,1621841632036,10,-1,135,13238.339915566,-1,-1
1621841632046,1621841632056,10,-1,131,12000.4792422234,-1,-1
1621841632606,1621841632616,10,-1,45,1874.80977132572,-1,-1
1621841632776,1621841632836,60,16,450,24494.7305772503,-16615,26
1621841633136,1621841633196,60,7,289,22758.6374813442,-17930,349
1621841633246,1621841633255,9,-1,43,3798.64203527697,-1,-1
1621841633415,1621841633475,60,18,527,32181.0757318379,-4735,2
1621841633485,1621841633535,50,10,359,34228.8017762716,-13013,175
1621841633545,1621841633585,40,3,170,10269.8085618009,-10655,238
1621841634295,1621841634315,20,1,90,6187.02059482899,-4685,354
1621841634325,1621841634355,30,2,113,5399.26119393433,-7164,171
1621841634415,1621841634515,100,26,525,16395.2458628733,-26798,86
1621841634685,1621841634715,30,2,106,6156.58482689932,-5700,285
1621841634994,1621841635014,20,0,36,1258.12848813176,-1,207
1621841638102,1621841638132,29,2,115,7086.45144038868,-5183,21
1621841639312,1621841639392,80,27,417,15491.1921535803,-5303,339
1621841639472,1621841639602,130,7,179,12516.0782776838,-9158,170
1621841639612,1621841639632,20,0,63,3997.78802747088,-645,108
1621841639652,1621841639672,20,1,56,1808.9273650334,-1,199
1621841639711,1621841639741,30,2,127,5424.38023301751,-5749,151
1621841640041,1621841640051,10,-1,31,1685.62542803346,-1,-1
1621841640411,1621841640451,40,6,222,10780.9765736471,-8646,183
1621841640621,1621841640781,160,21,896,50570.837026754,-36376,149
1621841640801,1621841640831,30,1,98,4244.77199679263,-1,318
1621841640841,1621841640961,120,16,532,30474.087892338,-15457,110
1621841640971,1621841641011,40,3,106,3835.48148609895,-3693,315
1621841641041,1621841641091,50,4,184,8958.3808945266,-8428,102
1621841641101,1621841641161,60,2,68,1940.84632619265,-2868,317
1621841641211,1621841641231,20,0,52,2629.43823388926,-1,306
1621841641241,1621841641840,599,20,527,35382.52723578,-39968,235
1621841641860,1621841641890,30,4,219,13927.6964662971,-16746,39
1621841641900,1621841641910,10,-1,44,2595.53623679297,-1,-1
1621841641920,1621841641950,30,3,159,13930.7272870305,-10225,219
1621841642000,1621841642030,30,3,178,12271.5070438417,-14132,42
1621841642340,1621841642360,20,2,143,11479.1935788251,-1106,221
1621841642810,1621841642880,70,2,43,1416.7438441507,-600,64
1621841642900,1621841642920,20,0,51,4522.44632252521,-1,53
1621841642959,1621841643059,100,0,395,24369.9046031205,-36120,304
1621841643069,1621841643089,20,1,104,7507.33556962183,-1,71
1621841643119,1621841643169,50,0,289,19955.2491919441,-17940,33
1621841643229,1621841643239,10,-1,34,1119.34679609169,-1,-1
1621841643269,1621841643309,40,4,173,8669.38736681527,-6774,28
1621841643319,1621841643329,10,-1,42,2131.7474114542,-1,-1
1621841643399,1621841643419,20,0,31,1163.03043200316,-25,172
1621841643629,1621841643639,10,-1,59,4718.40510300549,-1,-1
1621841643809,1621841643849,40,4,188,9540.90607881579,-9975,199
1621841644259,1621841644319,60,6,240,15455.5357164509,-11501,2
1621841644359,1621841644409,50,1,53,2015.73935447202,-1380,280
1621841644439,1621841644499,60,1,308,22945.2720774072,-3138,257
1621841644628,1621841644778,150,5,910,78001.1217148731,-76469,163
1621841644788,1621841644898,110,1,215,10548.4762729524,-12276,296
1621841644938,1621841644978,40,1,60,4010.04277969302,-1231,176
1621841644988,1621841645068,80,3,51,1906.73959204002,-1491,189
1621841645208,1621841645218,10,-1,72,4843.91332239938,-1,-1
1621841645298,1621841645308,10,-1,30,1980.17566499005,-1,-1
1621841645378,1621841645388,10,-1,35,2070.91840765086,-1,-1
1621841645658,1621841645708,50,3,120,5528.75993511579,-5769,165
1621841646028,1621841646058,30,1,72,4226.45886753048,-3733,50
1621841646317,1621841646387,70,4,153,10029.3706885344,-4998,309
1621841647057,1621841647087,30,4,209,9119.98189518653,-11296,132
1621841647457,1621841647487,30,2,147,7506.55638942263,-5786,301
1621841647966,1621841647996,30,2,138,6353.57292882714,-8172,153
1621841649595,1621841649655,60,7,264,12473.4348778845,-10170,217
1621841649665,1621841650065,400,10,691,53273.7371329524,-46068,218
1621841650115,1621841650435,320,21,1636,111414.556740999,-101948,2
1621841650455,1621841650475,20,0,43,1861.51808178327,-1,149
1621841650485,1621841650505,20,0,40,856.795204365314,-1,186
1621841650515,1621841650545,30,3,151,9031.15533584539,-10054,72
1621841650565,1621841650585,20,0,43,1365.53228571108,-1,185
1621841650735,1621841650745,10,-1,50,4325.94634900278,-1,-1
1621841650755,1621841650785,30,1,52,1456.64773111055,-1568,133
1621841650905,1621841650915,10,-1,60,-1.0,-1,-1
1621841650964,1621841650974,9,-1,35,1697.69267850554,-1,-1
1621841650984,1621841651344,360,19,828,57640.7682219919,-56497,274
1621841651694,1621841651714,20,0,41,2044.28168805586,-986,101
1621841651854,1621841651864,10,-1,45,3037.31839089269,-1,-1
1621841651874,1621841651884,10,-1,35,2793.18132201564,-1,-1
1621841651914,1621841651924,10,-1,47,3024.46908586501,-1,-1
1621841652274,1621841652294,20,0,49,2518.42418195391,-229,319
1621841652364,1621841652374,10,-1,32,767.324989780296,-1,-1
1621841652853,1621841652963,110,2,1224,67644.0621602803,-54833,58
1621841652973,1621841652983,10,-1,212,18881.4529987914,-1,-1
1621841653013,1621841653033,20,0,62,3485.91860846321,-1155,254
1621841653183,1621841653213,30,1,89,4556.12300615116,-4367,167
1621841653273,1621841653283,10,-1,44,1722.78372746448,-1,-1
1621841653413,1621841653423,10,-1,36,2314.87538211626,-1,-1
1621841653473,1621841653483,10,-1,36,2427.73799182,-1,-1
1621841653533,1621841653543,10,-1,30,1805.2638616466,-1,-1
1621841653743,1621841653763,20,0,62,3061.56439422805,-1,253
1621841653833,1621841653863,30,1,158,7580.51682611451,-1,36
1621841654033,1621841654053,20,0,42,2162.99081246798,-1,59
1621841654073,1621841654093,20,0,51,3801.18371848099,-23,276
1621841654172,1621841654192,20,2,122,9937.09530467952,-1,191
1621841654502,1621841654552,50,2,406,32063.7391343775,-24213,348
1621841654582,1621841654612,30,1,66,3525.89397178313,-1,178
1621841655212,1621841655432,220,41,706,23581.2213747087,-42909,157
1621841655442,1621841655592,150,10,161,13299.3812133821,-6775,346
1621841655602,1621841655622,20,0,35,1076.41722063475,-360,330
1621841655692,1621841655732,40,0,32,1331.77253815352,-229,312
1621841655811,1621841655831,20,0,39,1438.14923397281,-641,281
1621841655951,1621841656001,50,6,270,15115.6155909123,-12693,66
1621841656071,1621841656081,10,-1,31,2044.34059730129,-1,-1
1621841656651,1621841656781,130,1,296,24277.4141895427,-11782,172
1621841656951,1621841656961,10,-1,38,2040.46098411645,-1,-1
1621841656991,1621841657021,30,2,131,8047.64520322889,-6545,354
1621841657420,1621841657430,10,-1,43,2394.58700301287,-1,-1
1621841658100,1621841658110,10,-1,30,2037.2433631555,-1,-1
1621841658330,1621841658380,50,3,82,3665.9278480044,-2223,334
1621841658610,1621841658650,40,1,73,2779.36565355526,-3439,315
1621841659009,1621841659019,10,-1,32,927.348723898781,-1,-1
1621841659029,1621841659199,170,23,768,47945.4072986056,-54656,286
1621841659209,1621841659229,20,0,64,3684.20512563078,-1024,122
1621841659249,1621841659269,20,0,41,1637.03337848162,-1,119
1621841659319,1621841659339,20,0,88,5339.92003108543,-1,65
1621841659349,1621841659359,10,-1,61,3493.41689204728,-1,-1
1621841659369,1621841659389,20,0,45,4009.78224014993,-859,336
1621841659499,1621841659539,40,1,45,978.922101577638,-1026,101
1621841659599,1621841659619,20,1,67,4573.98638716779,-622,110
1621841659649,1621841659659,10,-1,37,1407.62451499565,-1,-1
1621841659729,1621841659739,10,-1,36,1903.67346300664,-1,-1
1621841659749,1621841659799,50,1,64,2704.42592023614,-1761,136
1621841659949,1621841659959,10,-1,30,651.89465864959,-1,-1
1621841660289,1621841660329,40,6,408,17620.4836035467,-1,336
1621841660429,1621841660519,90,11,476,10935.6599482718,-21297,169
1621841660529,1621841660608,79,4,212,14209.3104551422,-10781,158
1621841660618,1621841660638,20,0,81,4865.69365418795,-1,161
1621841660648,1621841660708,60,1,74,5419.71627502267,-2043,257
1621841660738,1621841660758,20,0,39,1847.48833900397,-1,180
1621841660808,1621841660878,70,4,72,3048.08853040641,-1449,141
1621841660908,1621841660918,10,-1,40,2283.83793722295,-1,-1
1621841660948,1621841660968,20,0,51,3287.61048539408,-1652,135
1621841662237,1621841662297,59,2,74,4976.42407362403,-3940,21
1621841662407,1621841662417,10,-1,35,2060.22982895557,-1,-1
1621841662687,1621841662917,230,33,887,73260.6143661051,-40904,169
1621841662937,1621841662987,50,1,47,887.156423153582,-963,345
1621841663007,1621841663087,80,2,110,7347.52526590088,-5004,299
1621841663357,1621841663367,10,-1,35,627.496124414413,-1,-1
1621841663477,1621841663517,40,2,86,4161.80255901687,-4562,1
1621841664166,1621841664176,10,-1,43,2534.47687828766,-1,-1
1621841664206,1621841664236,30,1,70,2717.36062881611,-1,286
1621841664246,1621841664406,160,25,733,32373.3885616968,-38290,99
1621841664416,1621841664436,20,0,42,2126.92996914804,-215,279
1621841664516,1621841664546,30,1,78,3718.31651228849,-3305,316
1621841664586,1621841664606,20,0,46,2132.78592453052,-430,324
1621841664626,1621841664636,10,-1,30,711.146115186308,-1,-1
1621841664696,1621841664726,30,1,72,3786.60850342214,-2823,119
1621841665126,1621841665136,10,-1,50,-1.0,-1,-1
1621841665396,1621841665445,49,1,63,2338.06209047154,-3318,242
1621841665645,1621841665655,10,-1,34,1910.68305713931,-1,-1
1621841665825,1621841665845,20,0,40,3203.01642890905,-143,135
1621841666085,1621841666105,20,0,38,2371.55888264893,-230,95
1621841666145,1621841666195,50,1,46,1263.83766977343,-781,90
1621841666605,1621841666645,40,3,128,5634.82535334747,-6826,346
1621841666725,1621841666745,20,0,40,1145.56185717026,-572,150
1621841666755,1621841667025,270,26,1236,64179.5652038081,-54595,321
1621841667094,1621841667114,20,0,49,2253.73821086085,-1,270
1621841667174,1621841667184,10,-1,30,728.133269029263,-1,-1
1621841667194,1621841667204,10,-1,38,2893.24753302876,-1,-1
1621841667244,1621841667374,130,16,2271,125530.711944106,-41724,110
1621841667244,1621841667374,130,16,2271,125530.711944106,-41724,110
1621841667474,1621841667814,340,5,152,7671.6378183972,-5488,66
1621841667854,1621841667894,40,1,49,1135.71741900882,-135,38
1621841667904,1621841667914,10,-1,31,214.265865093918,-1,-1
1621841667934,1621841667944,10,-1,31,725.846719442265,-1,-1
1621841668104,1621841668154,50,2,95,3464.82000107597,-4465,156
1621841668284,1621841668304,20,0,58,3018.63006093944,-1,60
1621841668314,1621841668334,20,0,38,1183.51890720421,-299,70
1621841668364,1621841668384,20,0,35,1767.07891699319,-1,81
1621841668394,1621841668444,50,6,229,11104.8587329168,-10529,40
1621841668644,1621841668723,79,20,1359,83648.2510081378,-4570,20
1621841668923,1621841669153,230,7,844,33167.186111805,-55690,79
1621841669213,1621841669403,190,5,85,5282.02589351094,-4245,197
1621841669413,1621841669423,10,-1,36,876.171910175321,-1,-1
1621841669443,1621841669473,30,2,133,6452.04010967928,-6200,251
1621841669693,1621841669703,10,-1,40,1826.58773587355,-1,-1
1621841670043,1621841670073,30,2,118,6840.62594041591,-4677,57
1621841670742,1621841670752,10,-1,31,1462.74118826911,-1,-1
1621841670842,1621841670872,30,1,62,3138.60219457395,-848,277
1621841672541,1621841672601,60,9,342,20700.94870843,-16234,69
1621841672751,1621841672781,30,1,82,5191.47734512172,-2536,111
1621841673311,1621841673361,50,10,369,22069.5729520956,-10922,265
1621841673371,1621841673391,20,0,35,1728.63159300222,-109,144
1621841673690,1621841673710,20,0,57,3181.14021584148,-891,12
1621841674080,1621841674110,30,1,64,3116.11914244254,-3118,229
1621841674850,1621841674860,10,-1,34,1286.51885832287,-1,-1
1621841675060,1621841675089,29,1,85,5630.43974612604,-4761,63
1621841675479,1621841675509,30,2,105,4863.708605817,-5880,242
1621841675549,1621841675569,20,0,61,2876.90738632024,-1,72
1621841675689,1621841675719,30,1,61,2315.71049560559,-1247,297
1621841676299,1621841676329,30,1,88,5292.98783117219,-5684,137
1621841676599,1621841676639,40,3,126,6596.18266262993,-6454,18
1621841676858,1621841676898,40,3,135,6256.01948752822,-2832,260
1621841677568,1621841677608,40,2,129,9290.90698895283,-6559,168
1621841679137,1621841679167,30,3,161,9477.86899888608,-7639,352
1621841679417,1621841679427,10,-1,31,1747.01161344898,-1,-1
1621841679667,1621841679687,20,0,44,3434.35380716848,-247,165
1621841681545,1621841681575,30,1,53,2859.7456736896,-1380,60
1621841682205,1621841682245,40,4,207,15148.3698413266,-14280,23
1621841682555,1621841682565,10,-1,33,2301.42748692261,-1,-1
1621841683734,1621841683794,60,6,293,15219.7896732688,-13411,124
1621841683904,1621841683924,20,0,45,3490.81364677658,-1170,257
1621841684324,1621841684364,40,3,144,8430.0573587167,-5986,104
1621841684574,1621841684624,50,11,376,16666.7546538033,-18328,288
1621841685523,1621841685543,20,0,35,849.451481045766,-1,246
1621841685743,1621841685793,50,2,132,8806.29108309723,-4399,342
1621841686063,1621841686113,50,3,111,7768.26456447098,-4526,278
1621841686253,1621841686263,10,-1,37,1779.18568385435,-1,-1
1621841686313,1621841686333,20,0,43,2963.314378845,-545,296
1621841686552,1621841686562,10,-1,33,996.635212780314,-1,-1
1621841686692,1621841686742,50,3,85,6241.46779715202,-3467,68
1621841686762,1621841687102,340,25,2465,139480.702954824,-154326,243
1621841687422,1621841687482,60,3,76,2175.70371567859,-3098,239
1621841687502,1621841687522,20,1,79,2765.53922012813,-1,242
1621841687532,1621841687542,10,-1,39,2634.18989067616,-1,-1
1621841687552,1621841687592,40,1,51,1883.50022675,-1225,217
1621841687602,1621841687622,20,0,39,748.26502954072,-1,270
1621841687662,1621841687742,80,28,642,27374.2833566533,-16228,59
1621841687752,1621841687802,50,1,41,2061.0439425618,-466,223
1621841687812,1621841687832,20,0,30,181.481220353765,0,209
1621841687862,1621841687902,40,9,456,25707.6680038764,-22137,43
1621841687932,1621841687942,10,-1,32,1177.20159788933,-1,-1
1621841687951,1621841687971,19,0,46,2016.27853823353,-1065,285
1621841688001,1621841688031,30,1,68,2915.99727743523,-3535,217
1621841688051,1621841688101,50,1,296,20732.0334390303,-22071,255
1621841688131,1621841688181,50,9,380,20302.7985871409,-20278,76
1621841688191,1621841688241,50,1,50,3979.44151689785,-1094,253
1621841688261,1621841688271,10,-1,38,1051.79614046792,-1,-1
1621841688291,1621841688371,80,3,61,4078.4096911874,-1285,269
1621841688391,1621841688411,20,1,97,7935.59716221697,-114,58
1621841688441,1621841688471,30,0,47,1544.43552623359,-1585,247
1621841688531,1621841688541,10,-1,50,2700.69019318537,-1,-1
1621841688561,1621841688591,30,1,70,3975.16436985201,-3341,236
1621841688621,1621841688651,30,0,37,1568.78783786213,-578,245
1621841688721,1621841688761,40,5,233,11955.9462191836,-9918,94
1621841689021,1621841689111,90,2,164,9504.74066152612,-10436,106
1621841689141,1621841689191,50,0,213,20414.9656322158,-16294,111
1621841689291,1621841689301,10,-1,74,5488.59353297311,-1,-1
1621841689441,1621841689451,10,-1,36,2233.18449590155,-1,-1
1621841689501,1621841689541,40,3,183,13138.022235192,-8388,352
1621841689560,1621841689590,30,3,197,14420.5523164114,-13803,209
1621841689790,1621841689810,20,1,93,6748.39090603895,-275,274
1621841690330,1621841690340,10,-1,39,3128.0240989979,-1,-1
1621841690370,1621841690440,70,8,318,14755.9979174166,-10984,46
1621841690450,1621841690480,30,3,175,12744.0445324567,-2829,175
1621841690520,1621841690570,50,3,156,8533.82327130525,-12379,9
1621841690580,1621841690610,30,4,275,24882.5810210051,-15476,161
1621841690860,1621841690960,100,10,185,7072.19459413563,-11202,277
1621841691199,1621841691229,30,4,216,10241.0268767907,-8825,273
1621841691419,1621841691549,130,8,221,13997.9784610505,-10722,244
1621841691559,1621841691589,30,0,65,3770.37737820788,-2317,180
1621841691609,1621841691629,20,0,59,3489.62520754142,-1,70
1621841691639,1621841691649,10,-1,38,1321.79095017634,-1,-1
1621841691659,1621841691879,220,27,776,49765.6801024344,-20084,344
1621841691889,1621841691939,50,2,110,5943.61430022158,-6685,122
1621841691949,1621841691959,10,-1,71,6886.32421955605,-1,-1
1621841692069,1621841692109,40,3,150,9369.46597405367,-9170,292
1621841692239,1621841692389,150,42,917,53361.2260149778,-35822,136
1621841692399,1621841692439,40,1,56,5363.18217391683,-947,309
1621841692449,1621841692479,30,1,47,1342.94094002392,-1415,319
1621841692499,1621841692539,40,1,56,2269.8818926173,-1326,304
1621841692549,1621841692559,10,-1,31,163.96314949032,-1,-1
1621841692579,1621841692669,90,5,98,3305.37976951134,-5162,288
1621841692679,1621841692928,249,5,375,24138.9434181283,-18980,74
1621841692978,1621841692998,20,0,33,750.111573985986,-1,270
1621841693008,1621841693018,10,-1,36,1597.43139862208,-1,-1
1621841693138,1621841693278,140,3,159,12772.0706295577,-12267,278
1621841693298,1621841693328,30,0,44,1379.28659722875,-373,290
1621841693378,1621841693408,30,0,42,1647.21321256856,-1180,302
1621841693498,1621841693508,10,-1,32,850.924386959615,-1,-1
1621841693608,1621841693648,40,2,118,7692.57683047225,-7659,224
1621841693898,1621841693938,40,4,205,10669.0566152877,-8901,49
1621841694118,1621841694178,60,11,354,15987.2869365926,-16867,306
1621841694378,1621841694418,40,6,250,14226.9187018941,-10900,280
1621841694467,1621841694477,10,-1,71,5159.22268946053,-1,-1
1621841694487,1621841694507,20,0,82,5691.93810692792,-4055,169
1621841694527,1621841694577,50,1,45,1590.494871783,-823,138
1621841694627,1621841694637,10,-1,39,1527.06036276995,-1,-1
1621841694667,1621841694697,30,2,123,6266.79525851513,-3890,113
1621841694737,1621841694747,10,-1,50,2421.3257734492,-1,-1
1621841694787,1621841694807,20,0,33,1013.02163441779,-1,139
1621841695027,1621841695037,10,-1,30,1405.38380693184,-1,-1
1621841695077,1621841695127,50,1,51,1390.88488813298,-931,21
1621841695157,1621841695187,30,0,33,258.019507514887,-267,85
1621841695257,1621841695277,20,0,32,1546.21298161537,-1,150
1621841695287,1621841695297,10,-1,38,2232.06924414202,-1,-1
1621841695467,1621841695527,60,7,203,7288.90508446344,-10965,248
1621841695587,1621841695597,10,-1,30,512.845075889991,-1,-1
1621841695787,1621841695837,50,10,395,20859.0565012166,-15857,124
1621841695977,1621841696006,29,1,62,2727.51787660391,-568,267
1621841696016,1621841696046,29,2,153,7203.52009922437,-9870,56
1621841696316,1621841696346,30,1,98,5426.9310043115,-5252,105
1621841696506,1621841696586,80,10,391,25202.3350459282,-21850,331
1621841696676,1621841696686,10,-1,31,358.307250489083,-1,-1
1621841696876,1621841696886,10,-1,69,4501.48515084238,-1,-1
1621841696966,1621841696976,10,-1,35,1546.93979736621,-1,-1
1621841697036,1621841697066,30,1,77,4301.23998425423,-2580,1
1621841697236,1621841697695,459,27,854,27837.2030327822,-36381,314
1621841697785,1621841697795,10,-1,52,4206.85084688718,-1,-1
1621841697885,1621841697895,10,-1,35,2337.43351908043,-1,-1
1621841697995,1621841698005,10,-1,30,-1.0,-1,-1
1621841698165,1621841698175,10,-1,47,1870.44925324413,-1,-1
1621841698255,1621841698265,10,-1,35,985.683056532584,-1,-1
1621841698505,1621841698535,30,2,124,6974.92714662941,-3638,22
1621841698845,1621841698875,30,1,84,5536.44185268851,-1834,194
1621841698885,1621841698905,20,0,55,2688.23401341376,-479,299
1621841699025,1621841699035,10,-1,30,2249.4023546996,-1,-1
1621841699165,1621841699175,10,-1,37,2819.11785389669,-1,-1
1621841699185,1621841699195,10,-1,30,496.325208919776,-1,-1
1621841699334,1621841699374,40,3,120,6279.10037012709,-5453,4
1621841699464,1621841699484,20,0,75,7190.64672478109,-3419,300
1621841699504,1621841699514,10,-1,56,4078.78335567535,-1,-1
1621841699524,1621841699964,440,24,798,47340.6058165883,-47346,166
1621841699984,1621841700004,20,0,33,975.379950214337,-208,56
1621841700024,1621841700044,20,3,332,16071.4453803311,-1,350
1621841700164,1621841700224,60,7,228,10898.5187700329,-11523,156
1621841700264,1621841700274,10,-1,91,7448.19319424463,-1,-1
1621841700534,1621841700814,280,27,587,18521.547887676,-24378,141
1621841700833,1621841700943,110,5,324,15929.2944394397,-18231,336
1621841700963,1621841701033,70,3,202,8083.23239919029,-11623,47
1621841701043,1621841701053,10,-1,64,4362.33563000474,-1,-1
1621841701063,1621841701103,40,4,190,10645.0563589504,-9271,246
1621841701133,1621841701193,60,2,177,11780.5456881162,-8431,127
1621841701243,1621841701303,60,4,223,9858.5816251211,-8866,314
1621841701463,1621841701593,130,7,302,15708.6058852734,-21609,232
1621841701693,1621841701713,20,0,47,1504.9418757808,-1,293
1621841701743,1621841701753,10,-1,33,2059.6343852868,-1,-1
1621841701803,1621841701823,20,0,46,1288.26560156813,-1,90
1621841701873,1621841701933,60,4,204,10464.7068132634,-8911,169
1621841702153,1621841702173,20,3,167,15097.9030019831,-1,286
1621841702442,1621841702512,70,2,729,5183.96668610542,-69209,290
1621841702562,1621841702622,60,2,57,2374.35309344025,-1606,328
1621841702632,1621841702702,70,1,62,2134.69386152034,-2064,310
1621841702732,1621841702762,30,2,146,8524.4670335548,-9205,88
1621841702772,1621841702802,30,0,47,1111.36636260625,-721,282
1621841702852,1621841702912,60,3,107,3165.37384947605,-5557,5
1621841702932,1621841702952,20,0,36,801.736441388912,-579,277
1621841703002,1621841703022,20,0,50,2532.49189595862,-1688,265
1621841703232,1621841703292,60,2,59,2313.22041107542,-1686,234
1621841703332,1621841703372,40,5,212,13194.3937942488,-12422,20
1621841703402,1621841703432,30,0,45,1492.4099037226,-953,236
1621841703452,1621841703472,20,0,59,2938.2377146369,-1,84
1621841703512,1621841703562,50,2,82,2313.67079810141,-4015,105
1621841703612,1621841703662,50,3,124,5286.29358943976,-7397,210
1621841703702,1621841703862,160,7,1558,102710.985084114,-82063,184
1621841703892,1621841703902,10,-1,30,165.835807059884,-1,-1
1621841703972,1621841704241,269,11,731,52897.692838043,-58330,325
1621841704251,1621841704311,60,2,147,10518.7261701858,-2942,243
1621841704411,1621841704671,260,4,150,5370.73027703593,-5529,137
1621841704701,1621841705061,360,1,2189,140645.146296267,-98531,223
1621841705131,1621841705161,30,0,43,1658.96652028902,-896,289
1621841705301,1621841705311,10,-1,32,973.698683782866,-1,-1
1621841705720,1621841705740,20,1,74,6492.62640778221,-1,9
1621841706240,1621841706280,40,31,1453,89573.9117643044,-16276,64
1621841706490,1621841706530,40,5,2222,-1.0,-202018,262
1621841706750,1621841706770,20,1,68,5214.48393367905,-1,149
1621841707190,1621841707210,20,1,80,5058.01879646371,-2224,8
1621841707279,1621841707419,140,6,74,2239.47624133447,-1462,170
1621841707449,1621841707659,210,16,334,23103.6770570764,-13725,339
1621841707679,1621841707849,170,16,232,17853.8850309416,-15123,166
1621841707859,1621841707899,40,1,53,1405.73306103628,-1647,204
1621841707949,1621841708069,120,11,118,3901.4278180218,-3486,351
1621841708169,1621841708199,30,0,75,5697.05421652333,-3708,162
1621841708209,1621841708289,80,5,131,7262.90706181959,-4626,158
1621841709338,1621841709378,40,1,39,2396.77209128901,-80,19
1621841709618,1621841709648,30,3,164,7983.0164753849,-8906,80
1621841709698,1621841709728,30,3,150,7625.4488522234,-3606,260
1621841709898,1621841709918,20,0,49,2941.35311645356,-1265,107
1621841710418,1621841710557,139,2,1253,82240.0919241646,-105045,280
1621841710567,1621841710577,10,-1,106,8549.28242458283,-1,-1
1621841711327,1621841711357,30,2,110,6471.67199659865,-5950,348
1621841712356,1621841712366,10,-1,54,4242.97361583276,-1,-1
1621841712376,1621841712426,50,2,78,6758.27476554484,-2057,173
1621841713056,1621841713066,10,-1,45,2580.55852915946,-1,-1
1621841713156,1621841713216,60,2,236,17973.7481068361,-11445,48
1621841713376,1621841713386,10,-1,48,4236.25910046842,-1,-1
1621841713396,1621841713406,10,-1,78,5755.87839123782,-1,-1
1621841713476,1621841713506,30,1,56,2562.49523495989,-2490,133
1621841714015,1621841714035,20,0,45,2848.27331829145,-1,4
1621841714255,1621841714275,20,0,35,2361.20798470504,-1,220
1621841714875,1621841714885,10,-1,31,1889.75037850543,-1,-1
1621841715205,1621841715235,30,1,81,4424.62271160335,-2074,6
1621841716024,1621841716064,40,2,80,3934.7049726966,-3015,157
1621841716354,1621841716374,20,1,68,2874.60136927047,-1,242
1621841716394,1621841716404,10,-1,46,4656.58046636294,-1,-1
1621841716414,1621841716484,70,0,109,9666.62371926054,-6998,112
1621841717113,1621841717123,10,-1,62,3783.69022262251,-1,-1
1621841717133,1621841717193,60,6,189,7299.66932480689,-351,21
1621841717203,1621841717263,60,6,183,13318.2575341139,-7677,222
1621841717273,1621841717283,10,-1,33,2018.6183597046,-1,-1
1621841717443,1621841717563,120,33,576,11232.1556817318,-23497,154
1621841717593,1621841717663,70,2,39,1591.71606138797,-657,349
1621841717823,1621841717843,20,0,40,1298.44622047408,-855,33
1621841717883,1621841717903,20,0,68,4694.39378857188,-1,218
1621841718023,1621841718083,60,11,420,24177.1902898014,-16319,68
1621841718223,1621841718243,20,0,44,1467.37717387381,-1387,97
1621841718283,1621841718333,50,3,129,8612.27556459945,-82,122
1621841718363,1621841718433,70,4,167,8608.1174004517,-8211,338
1621841718483,1621841718572,89,14,305,12939.4232641113,-20683,271
1621841718842,1621841718862,20,0,44,2353.42254831786,-385,159
1621841719112,1621841719132,20,0,32,1504.19156957651,0,147
1621841719142,1621841719182,40,1,75,5001.11444895031,-2566,8
1621841719192,1621841719282,90,2,228,12843.1992171787,-9699,183
1621841719292,1621841719552,260,11,101,3884.72523974624,-6366,172
1621841719572,1621841719762,190,30,830,57857.5088546849,-25590,320
1621841719772,1621841719782,10,-1,30,317.139582721546,-1,-1
1621841719792,1621841719822,30,1,57,2579.50377793959,-797,151
1621841720062,1621841720072,10,-1,32,588.762305882924,-1,-1
1621841720691,1621841720731,40,2,112,7045.2284372701,-6088,339
1621841721221,1621841721241,20,0,68,3938.01217174238,-1763,190
1621841721431,1621841721441,10,-1,34,742.479554350835,-1,-1
1621841721541,1621841721661,120,5,76,2274.4825839799,-3895,303
1621841721740,1621841721750,10,-1,39,2527.62022960049,-1,-1
1621841721760,1621841721900,140,6,277,25132.683504503,-9224,172
1621841721910,1621841721920,10,-1,79,4946.10688175995,-1,-1
1621841722120,1621841722200,80,4,95,3603.32975894544,-4986,165
1621841722260,1621841722270,10,-1,35,1587.37062379793,-1,-1
1621841722540,1621841722560,20,0,46,1954.97862764677,-1372,26
1621841722950,1621841722990,40,2,106,6986.10992548322,-6853,346
1621841724159,1621841724169,10,-1,37,2044.37238282095,-1,-1
1621841724279,1621841724289,10,-1,52,-1.0,-1,-1
1621841724449,1621841724459,10,-1,37,2081.43574228199,-1,-1
1621841724629,1621841724679,50,1,86,4586.15333720754,-5571,86
1621841724819,1621841725088,269,34,750,31384.3623419681,-32116,132
1621841725098,1621841725108,10,-1,33,917.724024327997,-1,-1
1621841725118,1621841725128,10,-1,30,9.63845787782915,-1,-1
1621841725158,1621841725338,180,9,203,7118.64101001115,-15477,302
1621841725608,1621841725618,10,-1,145,13954.316421073,-1,-1
1621841725628,1621841725648,20,1,110,9876.17045997007,-5580,102
1621841725918,1621841725958,40,6,273,16809.6006952321,-16051,102
1621841726557,1621841726617,60,10,464,31155.785372054,-28816,287
1621841727267,1621841727277,10,-1,61,5139.1064520225,-1,-1
1621841727307,1621841727337,30,2,110,5375.43285949622,-4292,280
1621841727737,1621841727787,50,6,235,13584.4394439831,-10705,11
1621841727857,1621841727867,10,-1,32,1275.10675922094,-1,-1
1621841728186,1621841728196,10,-1,36,1148.51712606497,-1,-1
1621841728216,1621841728256,40,4,204,11270.9928100238,-11140,162
1621841728376,1621841728446,70,9,250,12079.4777569922,-8941,290
1621841728646,1621841728666,20,0,112,-1.0,-6520,11
1621841728776,1621841728806,30,4,215,11480.8298557655,-14632,22
1621841729236,1621841729276,40,3,135,7288.96632413809,-5570,19
1621841729526,1621841729696,170,14,1261,60523.9746348208,-72644,156
1621841729706,1621841729745,39,1,134,13182.1740388307,-9778,267
1621841729945,1621841729975,30,1,114,10326.929516563,-5668,243
1621841730105,1621841730115,10,-1,31,2306.15933005809,-1,-1
1621841730145,1621841730185,40,8,361,18414.4787048125,-17764,95
1621841730205,1621841730245,40,0,55,2880.13035809909,-2318,314
1621841730325,1621841730355,30,1,90,5962.47362456922,-3815,158
1621841730805,1621841730845,40,2,111,6918.36957180421,-5164,286
1621841731135,1621841731165,30,2,104,5857.06971835304,-5446,330
1621841731355,1621841731384,29,1,57,2246.28810333815,-1130,180
1621841731504,1621841731534,30,4,269,15810.3851849378,-1,311
1621841731644,1621841731734,90,16,867,5065.34963552925,-49349,215
1621841731754,1621841731804,50,2,87,3209.23862343223,-3549,128
1621841731834,1621841731854,20,1,231,17475.9702970334,-1,137
1621841731954,1621841731994,40,4,162,942.502041919317,-5644,266
1621841732004,1621841732024,20,0,38,1669.96186630132,-1,240
1621841732044,1621841732064,20,0,46,2729.31853073744,-1,126
1621841732194,1621841732204,10,-1,51,3593.50397082319,-1,-1
1621841732674,1621841732704,30,2,107,7118.85307992245,-6050,354
1621841732814,1621841732824,10,-1,33,1170.19419293314,-1,-1
1621841733203,1621841733223,20,0,42,2512.69763883616,-348,228
1621841733483,1621841733513,30,1,49,3363.50305501281,-1498,150
1621841734133,1621841734223,90,5,194,7834.19069477375,-364,33
1621841734323,1621841734333,10,-1,186,-1.0,-1,-1
1621841734353,1621841734373,20,0,41,2304.07190893918,-1,96
1621841734393,1621841734403,10,-1,36,1236.41400527022,-1,-1
1621841734632,1621841734682,50,2,83,3007.07246828983,-3289,219
1621841734792,1621841734822,30,0,37,1180.95442974486,-716,270
1621841734852,1621841734892,40,1,44,1155.02840265588,-702,274
1621841735022,1621841735052,30,0,34,738.725813307238,-434,98
1621841735412,1621841735472,60,3,125,7716.56349789459,-7927,43
1621841735502,1621841735512,10,-1,34,3171.57713776215,-1,-1
1621841735562,1621841735572,10,-1,55,4617.78269805852,-1,-1
1621841735662,1621841735822,160,23,491,37708.4105764801,-23836,132
1621841735832,1621841735922,90,5,112,8723.94339681235,-4994,322
1621841735932,1621841735942,10,-1,67,3935.50890521655,-1,-1
1621841735952,1621841736012,60,5,227,16377.1102485754,-10026,155
1621841736032,1621841736072,40,1,39,1532.64613694809,-489,311
1621841736152,1621841736241,89,11,272,12319.3504106844,-8975,294
1621841736611,1621841736621,10,-1,40,1409.85911721754,-1,-1
1621841737061,1621841737071,10,-1,52,3119.41644821438,-1,-1
1621841737381,1621841737421,40,4,217,11878.7525347175,-10351,41
1621841737501,1621841737531,30,3,151,9306.015703923,-10958,152
1621841737561,1621841737581,20,1,114,9382.65289515856,-1293,331
1621841737791,1621841737940,149,29,514,24794.9331956062,-19346,325
1621841737950,1621841738080,130,11,311,28310.6928904667,-12417,156
1621841738090,1621841738100,10,-1,33,465.185463033181,-1,-1
1621841738110,1621841738150,40,2,120,8558.99942984573,-8469,235
1621841738160,1621841738180,20,0,33,1081.52241975449,-1,169
1621841738200,1621841738210,10,-1,351,34114.9852443877,-1,-1
1621841738220,1621841738250,30,0,450,43516.5838626883,-40802,282
1621841738300,1621841738460,160,3,508,37240.9490307712,-18633,252
1621841738730,1621841738740,10,-1,67,5579.01146747707,-1,-1
1621841738990,1621841739020,30,2,93,4732.89748679969,-2602,357
1621841739609,1621841739649,40,2,84,4154.68439881109,-3715,205
1621841739879,1621841739889,10,-1,32,2439.14934448105,-1,-1
1621841740139,1621841740169,30,2,113,5756.6389810712,-4829,55
1621841740319,1621841740329,10,-1,70,4582.47773517632,-1,-1
1621841740339,1621841740349,10,-1,50,2861.39527354869,-1,-1
1621841741208,1621841741218,10,-1,43,3530.38897961871,-1,-1
1621841741378,1621841741418,40,2,115,7314.64848497306,-4338,16
1621841741568,1621841741728,160,0,1499,73618.1146142565,-88777,194
1621841741738,1621841741758,20,0,50,4632.84201850217,-1636,96
1621841741798,1621841741818,20,0,44,1489.63925861011,-745,99
1621841742218,1621841742228,10,-1,30,1050.89877976057,-1,-1
1621841742717,1621841742737,20,0,126,9200.63981969,-1,192
1621841742747,1621841742787,40,0,119,9169.74153391271,-8590,354
1621841742857,1621841742897,40,1,64,4137.63730020311,-2242,263
1621841743277,1621841743307,30,2,115,6637.00345517536,-6642,352
1621841743547,1621841743557,10,-1,30,137.97270016197,-1,-1
1621841743987,1621841744017,30,2,128,8870.50358412586,-7923,174
1621841744236,1621841744336,100,31,596,25462.912095906,-25001,151
1621841744396,1621841744446,50,1,44,1527.21749872873,-804,350
1621841744456,1621841744616,160,8,161,10561.4911662937,-12605,77
1621841744626,1621841744656,30,1,49,1907.18772764182,-682,11
1621841744666,1621841744736,70,3,146,9404.23974075435,-9464,96
1621841744746,1621841744786,40,2,123,7924.67743629583,-5132,1
1621841744796,1621841744806,10,-1,45,3191.68307863752,-1,-1
1621841744816,1621841744836,20,0,79,5535.91713928995,-2946,356
1621841744846,1621841744866,20,0,37,1722.52176625042,-207,323
1621841744886,1621841744916,30,0,41,1801.09801578032,-1085,322
1621841744966,1621841745016,50,2,70,2656.41088644101,-3066,297
1621841745196,1621841745236,40,4,184,9813.44624924485,-8620,265
1621841745386,1621841745416,30,1,75,3684.96039580968,-1254,203
1621841745606,1621841745706,100,1,103,7379.86304860393,-1,38
1621841746085,1621841746115,30,1,57,1626.26983968267,-2553,272
1621841746245,1621841746265,20,1,95,7453.54390611791,-489,263
1621841746655,1621841746725,70,7,218,12175.2922886122,-8814,295
1621841747165,1621841747385,220,14,1530,81025.071428922,-117061,244
1621841747405,1621841747425,20,1,92,7608.17042570481,-956,36
1621841747484,1621841747504,20,0,45,2419.51922663974,-1,281
1621841747584,1621841747604,20,0,49,4385.94902518242,-678,273
1621841747624,1621841747644,20,0,37,1217.72799277493,-1,240
1621841747804,1621841747824,20,0,122,9805.10258273797,-8536,23
1621841747894,1621841747904,10,-1,44,2661.0218022382,-1,-1
1621841747984,1621841747994,10,-1,31,1853.7013095954,-1,-1
1621841748044,1621841748054,10,-1,34,1474.67137596948,-1,-1
1621841748064,1621841748084,20,1,80,5516.47832185402,-1,112
1621841748094,1621841748134,40,2,77,4796.48924541247,-2109,239
1621841749333,1621841749343,10,-1,31,1459.87516455757,-1,-1
1621841749353,1621841749363,10,-1,30,2224.1674264184,-1,-1
1621841749383,1621841749393,10,-1,45,1901.91471537597,-1,-1
1621841749403,1621841749433,30,10,530,26878.0234014191,-1,357
1621841749523,1621841749743,220,16,763,24437.0587922239,-53627,158
1621841749783,1621841749803,20,0,32,941.63615080902,-137,237
1621841749853,1621841749903,50,2,56,2225.18452404103,-797,304
1621841749923,1621841749933,10,-1,35,1663.44120448237,-1,-1
1621841749943,1621841749973,30,0,34,2293.47933271252,-193,239
1621841749993,1621841750023,30,1,49,1589.4880118509,-779,249
1621841750073,1621841750103,30,1,50,1538.53222078863,-829,168
1621841750193,1621841750213,20,0,36,1870.75111223503,-67,285
1621841750293,1621841750303,10,-1,48,2730.59459598512,-1,-1
1621841750313,1621841750333,20,0,50,2696.32071814875,-2026,90
1621841750403,1621841750413,10,-1,36,2771.97993745668,-1,-1
1621841750463,1621841750493,30,2,120,6170.94529672678,-3916,161
1621841751022,1621841751032,10,-1,59,4559.53390724479,-1,-1
1621841751442,1621841751452,10,-1,33,1835.16954901358,-1,-1
1621841751692,1621841751712,20,0,50,3116.56079176264,-962,175
1621841751772,1621841751832,60,2,53,1578.80493706514,-863,139
1621841751952,1621841751972,20,1,90,6148.11399565103,-2284,90
1621841752192,1621841752251,59,2,62,2824.12540137155,-1794,287
1621841752291,1621841752331,40,2,95,5095.1113974602,-5315,319
1621841752481,1621841752491,10,-1,31,691.233798634071,-1,-1
1621841752811,1621841752841,30,1,64,3402.86547949408,-1962,162
1621841753171,1621841753181,10,-1,38,1811.63899137551,-1,-1
1621841753351,1621841753381,30,1,75,3529.99472503251,-2036,21
1621841753860,1621841753870,10,-1,32,1595.6405212054,-1,-1
1621841754230,1621841754240,10,-1,38,1886.89936329266,-1,-1
1621841754290,1621841754320,30,1,87,5865.99821788698,-5599,27
1621841754910,1621841754940,30,0,40,1686.02383624748,-1013,184
1621841755070,1621841755220,150,1,1107,53883.8344376145,-69015,10
1621841755230,1621841755240,10,-1,32,1503.01478670856,-1,-1
1621841755250,1621841755260,10,-1,34,2688.79716687465,-1,-1
1621841755769,1621841755899,130,29,550,49309.2243215146,-51666,157
1621841755909,1621841755939,30,1,47,1804.90638033434,-764,8
1621841755979,1621841756009,30,0,44,1265.08667515506,-1157,330
1621841756049,1621841756099,50,4,151,8799.13833330561,-7916,81
1621841756179,1621841756199,20,0,45,1870.96688311844,-1438,326
1621841756449,1621841756459,10,-1,30,283.17856522509,-1,-1
1621841756489,1621841756519,30,1,75,4437.8033800778,-2160,293
1621841756569,1621841756579,10,-1,32,646.510614382434,-1,-1
1621841756899,1621841756949,50,2,191,10067.7701273446,-10082,77
1621841756959,1621841756969,10,-1,37,2300.2576217623,-1,-1
1621841757558,1621841757568,10,-1,33,2258.01989305704,-1,-1
1621841757578,1621841757828,250,23,1083,101344.019904026,-49040,307
1621841757848,1621841757858,10,-1,31,1921.38800654875,-1,-1
1621841757958,1621841757988,30,1,56,2247.66447373554,-2401,255
1621841758008,1621841758018,10,-1,53,3237.21629452799,-1,-1
1621841758198,1621841758228,30,0,43,2531.06321697235,-345,206
1621841758238,1621841758248,10,-1,39,2430.22729319231,-1,-1
1621841758757,1621841758767,10,-1,31,1815.82308478249,-1,-1
1621841758867,1621841758877,10,-1,30,622.73934344557,-1,-1
1621841759077,1621841759087,10,-1,76,6215.1043830687,-1,-1
1621841759197,1621841759327,130,1,1003,64639.7085517809,-42861,253
1621841759837,1621841759847,10,-1,83,6123.75668869257,-1,-1
1621841759857,1621841759887,30,1,92,3087.19696781371,-1,334
1621841760077,1621841760097,20,0,73,5369.3078212136,-2687,350
1621841760157,1621841760167,10,-1,31,2443.08118805685,-1,-1
1621841760187,1621841760197,10,-1,51,3788.75370595254,-1,-1
1621841760207,1621841760247,40,1,152,10856.8343868907,-1903,117
1621841760257,1621841760336,79,1,189,16621.0992430361,-10071,12
1621841760396,1621841760436,40,1,49,2815.32945560749,-926,98
1621841760476,1621841760486,10,-1,30,1798.38760890594,-1,-1
1621841760656,1621841760676,20,0,32,1788.80180045241,-96,243
1621841760696,1621841760726,30,0,44,796.392304701878,-1359,236
1621841760876,1621841760926,50,2,189,9544.06494926069,-11350,159
1621841761186,1621841761196,10,-1,32,2015.5644747805,-1,-1
1621841761496,1621841761536,40,1,65,2443.44569912473,-2930,303
1621841761746,1621841761766,20,0,36,1125.49106258869,-1,339
1621841761796,1621841761806,10,-1,63,4352.79743220576,-1,-1
1621841761846,1621841761856,10,-1,38,2833.50232391054,-1,-1
1621841761945,1621841761955,10,-1,85,7178.77085974187,-1,-1
1621841761965,1621841761975,10,-1,125,10388.127722886,-1,-1
1621841762005,1621841762025,20,1,82,5558.56508885689,-2968,104
1621841762355,1621841762365,10,-1,31,2499.2382947871,-1,-1
1621841762465,1621841762475,10,-1,32,1494.98548124256,-1,-1
1621841762645,1621841762715,70,2,42,691.729307228383,-261,71
1621841762735,1621841762745,10,-1,38,1326.04350609025,-1,-1
1621841762755,1621841763035,280,16,890,81345.4268676291,-77165,195
1621841763055,1621841763105,50,4,218,15577.4108814078,-13415,289
1621841763315,1621841763604,289,20,323,23449.5481732327,-24460,21
1621841763614,1621841763624,10,-1,64,4932.12077280561,-1,-1
1621841763704,1621841763714,10,-1,34,1184.23228657823,-1,-1
1621841763964,1621841763974,10,-1,30,1534.46271949966,-1,-1
1621841764144,1621841764204,60,2,69,2069.3990989965,-1510,242
1621841764324,1621841764334,10,-1,41,1902.23851394099,-1,-1
1621841764444,1621841764464,20,0,36,2105.82467592817,-1,232
1621841764774,1621841764804,30,1,49,1739.23137103939,-1242,320
1621841765004,1621841765044,40,1,46,1516.27905371624,-77,75
1621841765054,1621841765064,10,-1,66,3736.65268784689,-1,-1
1621841765253,1621841765283,30,1,56,2036.85407060005,-918,23
1621841765293,1621841765313,20,1,108,5815.20081856787,-1,22
1621841766063,1621841766103,40,3,230,10627.3482645947,-14260,158
1621841766153,1621841766173,20,0,54,3939.92669445227,-832,82
1621841766293,1621841766363,70,18,980,43343.2045377794,-4694,152
1621841766463,1621841766503,40,1,303,267.541085716559,-25845,75
1621841766603,1621841766633,30,3,171,10046.4046648559,-8081,299
1621841766732,1621841766792,60,0,268,21090.5757637374,-18809,5
1621841767042,1621841767092,50,7,244,12667.8765050445,-5862,330
1621841767422,1621841767442,20,0,69,4874.88999047848,-1,353
1621841767682,1621841767742,60,15,683,55338.4400898367,-39399,135
1621841768022,1621841768062,40,4,164,8345.43207112509,-5690,294
1621841768441,1621841768481,40,6,293,15301.8703740759,-13175,108
1621841768611,1621841768641,30,0,44,1061.1527829686,-1247,308
1621841768991,1621841769031,40,7,289,18799.6679896378,-16476,273
1621841769501,1621841769541,40,1,67,3290.96492416663,-3310,1
1621841769551,1621841769571,20,0,31,443.812885023198,-1,98
1621841769701,1621841769711,10,-1,34,855.588284403167,-1,-1
1621841769771,1621841769811,40,1,74,3983.32705655944,-3168,213
1621841770020,1621841770090,70,4,123,3552.57997612325,-5175,115
1621841770110,1621841770200,90,2,345,26644.0639691498,-23065,302
1621841770250,1621841770300,50,4,152,8707.12733929999,-6479,293
1621841770600,1621841770670,70,8,312,20255.294838126,-15631,169
1621841770840,1621841770930,90,10,316,13966.2896844134,-13066,350
1621841771410,1621841771440,30,2,104,6021.13538044754,-2958,165
1621841771619,1621841771629,10,-1,42,3195.33048242429,-1,-1
1621841771639,1621841771679,40,0,98,8472.15723191694,-5990,63
1621841771729,1621841771769,40,5,221,12086.6234709592,-9060,6
1621841771989,1621841772009,20,0,33,1292.03072162415,-1,0
1621841772699,1621841772709,10,-1,60,4605.09000922683,-1,-1
1621841772839,1621841772889,50,6,209,11083.1912493878,-8577,172
1621841773138,1621841773178,40,2,93,4168.72849797515,-4242,305
1621841773648,1621841773698,50,4,161,7989.83000478681,-5304,299
1621841773738,1621841773748,10,-1,31,2083.77133711921,-1,-1
1621841773898,1621841773938,40,3,123,5696.12367317657,-5630,113
1621841774198,1621841774228,30,2,101,6688.49050544944,-2413,149
1621841774488,1621841774508,20,1,77,5938.61480965308,-1,321
1621841774887,1621841774937,50,7,263,11677.5926887994,-12110,0
1621841775147,1621841775197,50,13,378,22493.0589639946,-13214,141
1621841775737,1621841775897,160,10,212,14228.798339585,-15039,295
1621841776217,1621841776307,90,4,100,5060.88013699689,-6586,298
1621841776456,1621841776506,50,5,238,15266.6426496106,-12382,133
1621841776736,1621841776796,60,11,376,17086.2832419727,-15508,334
1621841776956,1621841776986,30,0,39,2982.40727922623,0,218
1621841777336,1621841777356,20,0,39,3027.70688613165,-728,105
1621841777636,1621841777646,10,-1,32,2658.23234140991,-1,-1
1621841777676,1621841777696,20,0,47,1985.6914274478,-1,218
1621841777826,1621841777846,20,0,52,1997.83160827362,-1,48
1621841777926,1621841777955,29,1,85,4310.57323986701,-5315,197
1621841778115,1621841778125,10,-1,36,3649.09341395123,-1,-1
1621841778355,1621841778365,10,-1,33,1168.15608378345,-1,-1
1621841779495,1621841779505,10,-1,35,1489.26019273028,-1,-1
1621841779515,1621841779535,20,1,90,7193.64201473866,-3007,55
1621841779554,1621841779564,9,-1,43,3917.85096745057,-1,-1
1621841779804,1621841779854,50,13,543,35430.1748390075,-32628,158
1621841779994,1621841780034,40,3,158,10237.6741867786,-6013,250
1621841780044,1621841780084,40,3,244,9300.99829289872,-1103,68
1621841780724,1621841780804,80,18,471,16422.4990653686,-14959,332
1621841780984,1621841781004,20,3,263,23970.3846802563,-9780,338
1621841781054,1621841781074,20,0,34,1428.64407928467,-113,200
1621841781144,1621841781183,39,0,76,5149.75222735572,-2862,191
1621841781203,1621841781263,60,0,227,16354.4032500022,-14535,276
1621841781343,1621841781363,20,0,33,2106.27933199744,-213,105
1621841781423,1621841781443,20,1,66,4962.07650530201,-1,156
1621841781513,1621841781553,40,0,93,7542.00683966339,-4702,255
1621841781593,1621841781603,10,-1,82,7277.12880693882,-1,-1
1621841781613,1621841781633,20,0,100,8309.14184964643,-5307,180
1621841782053,1621841782123,70,1,74,4606.11228291829,-4245,329
1621841782623,1621841782663,40,1,37,2222.45023016849,-50,16
1621841782972,1621841782992,20,0,49,2430.56829452571,-1551,76
1621841783042,1621841783052,10,-1,32,890.099475162757,-1,-1
1621841783432,1621841783462,30,1,64,5308.03690823058,-1,41
1621841783532,1621841783552,20,1,94,7182.46562074219,-1,318
1621841783912,1621841783922,10,-1,57,4323.73776568877,-1,-1
1621841783932,1621841783942,10,-1,42,1678.81473638351,-1,-1
1621841783952,1621841784092,140,2,695,42392.1265617197,-62713,176
1621841784102,1621841784122,20,0,53,3105.27025110062,-1437,105
1621841784252,1621841784282,30,0,68,3425.46014719947,-1,335
1621841784292,1621841784302,10,-1,86,7449.82790689915,-1,-1
1621841784371,1621841784381,10,-1,48,3048.29084228414,-1,-1
1621841784651,1621841784681,30,2,108,6061.60302432152,-3398,14
1621841784981,1621841785011,30,1,72,3846.72048240633,-3848,178
1621841785191,1621841785201,10,-1,44,3466.89634637851,-1,-1
1621841785211,1621841785231,20,1,96,7928.19428051458,-4765,92
1621841785371,1621841785401,30,1,88,6379.44472066379,-3602,37
1621841785601,1621841785611,10,-1,44,2723.22051495237,-1,-1
1621841785631,1621841785641,10,-1,33,1894.7890591775,-1,-1
1621841785651,1621841785661,10,-1,53,3874.99181405692,-1,-1
1621841786750,1621841786800,50,1,51,1409.15323643731,-1496,192
1621841787030,1621841787040,10,-1,34,2528.08884627549,-1,-1
1621841787200,1621841787240,40,2,111,6388.3001506654,-5047,345
1621841787410,1621841787520,110,5,104,3896.14408814172,-3643,84
1621841787569,1621841787719,150,9,223,13649.907567401,-13548,280
1621841787749,1621841787779,30,0,41,1350.50882275268,-1,329
1621841787979,1621841787989,10,-1,110,9171.51866970995,-1,-1
1621841787999,1621841788079,80,4,79,4066.02868944775,-3506,297
1621841788109,1621841788119,10,-1,31,1043.92641855677,-1,-1
1621841788129,1621841788169,40,4,209,12254.3295550945,-4899,96
1621841788279,1621841788439,160,6,686,38138.2270355767,-35755,221
1621841788279,1621841788439,160,6,686,38138.2270355767,-35755,221
1621841788449,1621841788459,10,-1,31,496.965432748168,-1,-1
1621841788499,1621841788529,30,1,84,4235.5569936783,-1490,52
1621841788549,1621841788579,30,1,84,4281.41488957842,-1977,111
1621841788619,1621841788629,10,-1,37,2432.44068275053,-1,-1
1621841788639,1621841788839,200,16,282,19970.0930608114,-20084,288
1621841788989,1621841789029,40,2,77,3016.55399606037,-3343,167
1621841789308,1621841789328,20,0,53,3395.181347354,-1201,230
1621841789338,1621841789608,270,16,1150,75093.2157184924,-53859,325
1621841789628,1621841789638,10,-1,59,3509.60230251201,-1,-1
1621841789728,1621841789748,20,0,74,5208.95370288562,-2402,250
1621841789758,1621841789808,50,2,78,3121.94147971856,-1716,294
1621841789908,1621841789958,50,3,98,5717.65116899336,-3225,91
1621841789978,1621841789998,20,0,62,3682.90715510315,-1638,90
1621841790068,1621841790138,70,3,60,2128.6402216441,-1316,288
1621841790148,1621841790158,10,-1,35,849.654348312741,-1,-1
1621841790168,1621841790188,20,0,57,2558.97397025434,-1,225
1621841790198,1621841790558,360,25,642,34634.2383353782,-24650,136
1621841790598,1621841790618,20,0,40,1725.352149131,-1,240
1621841790817,1621841790827,10,-1,85,7142.31656397663,-1,-1
1621841790897,1621841790927,30,3,288,11940.9924569058,-1,333
1621841791027,1621841791087,60,1,497,6302.03429402416,-28915,264
1621841791097,1621841791157,60,2,205,13423.9159017291,-8839,150
1621841791167,1621841791177,10,-1,41,1714.16129397052,-1,-1
1621841791187,1621841791207,20,0,56,2981.06505390983,-1666,190
1621841791217,1621841791227,10,-1,31,185.884053833973,-1,-1
1621841791497,1621841791547,50,1,53,3547.71485104968,-2104,353
1621841791907,1621841791917,10,-1,36,2551.46685857477,-1,-1
1621841791927,1621841791937,10,-1,35,3332.51320052929,-1,-1
1621841792067,1621841792077,10,-1,35,1795.9701981563,-1,-1
1621841792426,1621841792436,10,-1,32,2152.54336342252,-1,-1
1621841792526,1621841792546,20,0,36,1674.88245401956,-552,12
1621841792686,1621841792696,10,-1,41,3013.67147877374,-1,-1
1621841792706,1621841792716,10,-1,34,2925.57191811607,-1,-1
1621841793006,1621841793026,20,0,52,3416.2529750633,-1098,162
1621841793446,1621841793456,10,-1,30,1970.50827198686,-1,-1
1621841793696,1621841793706,10,-1,31,2656.82357174592,-1,-1
1621841793906,1621841793916,10,-1,37,2827.09497997827,-1,-1
1621841793985,1621841794005,19,0,31,1929.31023243012,-46,82
1621841794015,1621841794065,50,1,42,1063.6731878114,-376,72
1621841794205,1621841794225,20,0,44,2334.40285758652,-1377,299
1621841794235,1621841794275,40,1,69,2977.01198589362,-2145,276
1621841794285,1621841794315,30,0,35,454.390812861078,-302,285
1621841794455,1621841794525,70,2,84,4175.66971988475,-3632,44
1621841794535,1621841794545,10,-1,30,1463.21695906114,-1,-1
1621841794555,1621841794605,50,1,114,7981.65028436973,-5070,50
1621841794625,1621841794645,20,1,86,4384.23444066523,-1,237
1621841794655,1621841794675,20,0,74,4971.03727877125,-4219,77
1621841794715,1621841794745,30,1,84,3732.54657253066,-1,312
1621841794755,1621841794765,10,-1,33,710.291458191739,-1,-1
1621841794855,1621841794885,30,1,56,1810.5472712198,-1259,217
1621841795065,1621841795095,30,0,73,3991.67202316956,-711,338
1621841795205,1621841795225,20,0,35,1913.41841936326,-1,23
1621841795425,1621841795435,10,-1,36,2419.11080723195,-1,-1
1621841795545,1621841795565,20,0,38,2368.26723357568,-136,293
1621841795604,1621841795674,70,0,53,1677.9282736648,-1592,20
1621841795704,1621841795714,10,-1,64,5194.44123021949,-1,-1
1621841795724,1621841795744,20,1,93,8617.36125105856,-2299,69
1621841795764,1621841795804,40,0,110,8796.28667982268,-6344,90
1621841795814,1621841795824,10,-1,71,5705.89919226913,-1,-1
1621841795954,1621841795984,30,1,57,2202.39273080384,-419,289
1621841796004,1621841796064,60,2,109,5143.04244832646,-3468,181
1621841796844,1621841796854,10,-1,32,995.861173813368,-1,-1
1621841797613,1621841797623,10,-1,40,3632.31965427463,-1,-1
1621841797693,1621841797703,10,-1,30,1084.63791914725,-1,-1
1621841798383,1621841798423,40,2,94,4887.48676342044,-937,324
1621841798453,1621841798463,10,-1,38,1294.74706407424,-1,-1
1621841798543,1621841798553,10,-1,33,1372.11864203022,-1,-1
1621841798763,1621841798773,10,-1,45,4195.01394035824,-1,-1
1621841798912,1621841798932,20,1,94,4177.65049587489,-1,215
1621841798942,1621841798972,30,2,139,13135.1133916254,-7042,77
1621841799142,1621841799152,10,-1,33,3092.54955063936,-1,-1
1621841799332,1621841799352,20,0,41,1352.23367638931,-232,104
1621841799562,1621841799572,10,-1,32,1822.37048699087,-1,-1
1621841799582,1621841799602,20,0,55,3780.32681834645,-1927,303
1621841799702,1621841799722,20,0,46,1307.8605849903,-1,52
1621841799802,1621841799822,20,0,35,1649.19924140325,-83,101
1621841799942,1621841799962,20,0,67,3687.95632656176,-1,41
1621841799972,1621841800002,30,0,51,3091.67133064082,-1459,262
1621841800212,1621841800222,10,-1,33,1874.17910435753,-1,-1
1621841800232,1621841800282,50,2,87,5926.41775058613,-2195,331
1621841800312,1621841800332,20,0,41,2621.30251789976,-1,131
1621841800342,1621841800421,79,2,52,1785.96562803084,-2101,80
1621841800481,1621841800521,40,2,104,6218.30967186506,-170,278
1621841800651,1621841800661,10,-1,33,967.187041675363,-1,-1
1621841800681,1621841800721,40,2,75,3947.21356803568,-1732,146
1621841800801,1621841800821,20,1,60,4617.64790184152,-1,258
1621841800841,1621841800861,20,0,54,4708.26459404742,-1784,41
1621841800871,1621841800881,10,-1,39,1082.90706227951,-1,-1
1621841800901,1621841800921,20,1,103,7716.83417576654,-4667,214
1621841800961,1621841800981,20,0,39,2483.90026369209,-634,333
1621841801001,1621841801031,30,0,57,5299.66712585189,-1948,119
1621841801091,1621841801141,50,2,180,12449.5912649926,-10275,262
1621841801161,1621841801201,40,3,123,6785.57454179398,-5099,32
1621841801221,1621841801271,50,2,72,4370.66078278097,-2695,92
1621841801331,1621841801501,170,22,311,25547.8908382651,-14244,168
1621841801511,1621841801571,60,5,147,5786.57095667399,-6029,46
1621841801611,1621841801701,90,10,320,17350.2562455585,-14117,287
1621841801761,1621841801861,100,5,83,3455.47928938735,-2707,80
1621841801891,1621841801921,30,2,106,6699.99908490903,-3632,274
1621841801931,1621841801961,30,1,79,2725.82758814357,-3782,283
1621841802040,1621841802090,50,1,38,1242.66115689249,-504,91
1621841802260,1621841802320,60,8,301,12671.1728411306,-9463,301
1621841802410,1621841802430,20,0,35,719.311168050959,-1,123
1621841802520,1621841802590,70,7,244,16223.3891958888,-11282,16
1621841802620,1621841802630,10,-1,35,2852.0555359798,-1,-1
1621841802660,1621841802680,20,1,73,5346.51062452585,-684,127
1621841802780,1621841802870,90,29,630,30568.4533736418,-44543,333
1621841802880,1621841802950,70,8,301,28465.9918043675,-14926,162
1621841802970,1621841802990,20,0,37,1200.48943918712,-1,153
1621841803000,1621841803020,20,0,36,687.816383074498,-1,153
1621841803070,1621841803090,20,0,44,3397.23888417657,-1078,59
1621841803180,1621841803190,10,-1,44,3342.18457668223,-1,-1
1621841803200,1621841803210,10,-1,67,4219.4835534146,-1,-1
1621841803220,1621841803260,40,1,89,7126.85682721445,-3341,148
1621841803270,1621841803280,10,-1,39,3269.03412261625,-1,-1
1621841803380,1621841803420,40,1,42,2197.81692556804,-622,149
1621841803430,1621841803480,50,1,54,2371.98347250632,-670,183
1621841803510,1621841803520,10,-1,33,889.40203666436,-1,-1
1621841803659,1621841804069,410,19,862,52188.9180593209,-68054,16
1621841804079,1621841804239,160,7,110,6756.6614826753,-4782,184
1621841804269,1621841804339,70,12,425,15499.1597651092,-22851,214
1621841804359,1621841804369,10,-1,41,3292.73019395663,-1,-1
1621841804519,1621841804529,10,-1,39,2899.35712435095,-1,-1
1621841804549,1621841804629,80,17,392,18041.0354476396,-15229,123
1621841804639,1621841804689,50,2,91,4208.61533056231,-3480,300
1621841804699,1621841804719,20,0,44,2785.83994924809,-500,305
1621841804729,1621841804749,20,0,37,2072.61559484525,-1,278
1621841804759,1621841804829,70,9,767,50268.6688165016,-57420,167
1621841804839,1621841804859,20,0,82,7325.22855581532,-4907,264
1621841804919,1621841804929,10,-1,33,1838.88488742429,-1,-1
1621841804939,1621841804999,60,6,576,50716.9732696908,-37576,209
1621841805228,1621841805268,39,3,184,12113.6440405837,-13461,270
1621841805518,1621841805568,50,3,119,6593.9673609289,-6418,283
1621841805738,1621841805758,20,0,36,1534.13330108043,-1,40
1621841805778,1621841805788,10,-1,37,1807.61777812181,-1,-1
1621841805798,1621841806058,260,11,703,35349.7469545137,-37701,159
1621841806078,1621841806088,10,-1,35,1286.94570114365,-1,-1
1621841806098,1621841806138,40,1,76,3236.27910013251,-3072,240
1621841806158,1621841806168,10,-1,88,5925.25431975255,-1,-1
1621841806178,1621841806198,20,0,114,10729.5811705417,-7261,306
1621841806258,1621841806298,40,1,87,3248.77180296819,-97,55
1621841806328,1621841806408,80,11,500,26246.30130627,-44523,314
1621841806418,1621841806428,10,-1,50,2898.56925934611,-1,-1
1621841806438,1621841806448,10,-1,33,1854.17147981347,-1,-1
1621841806468,1621841806478,10,-1,44,2702.26683727518,-1,-1
1621841806548,1621841806568,20,0,45,3086.80332754005,-934,318
1621841806578,1621841806588,10,-1,31,2453.92250105894,-1,-1
1621841806748,1621841806827,79,11,507,33214.1910030941,-32946,119
1621841806837,1621841806867,30,1,93,5902.10092639927,-5238,292
1621841806887,1621841806907,20,0,39,1505.70433323139,-239,18
1621841806937,1621841806957,20,0,33,504.371965303312,-17,0
1621841806997,1621841807007,10,-1,31,772.858944082614,-1,-1
1621841807017,1621841807187,170,14,413,23311.9171371335,-22105,154
1621841807197,1621841807327,130,17,430,15128.4027191145,-19942,164
1621841807337,1621841807357,20,5,258,24078.0313628447,-1,328
1621841807377,1621841807437,60,2,54,3328.97889122203,-1490,350
1621841807447,1621841807467,20,0,58,2964.56467645543,-2845,331
1621841807477,1621841807527,50,1,65,4114.5950646595,-1460,331
1621841807557,1621841807627,70,6,169,9647.53534817377,-7348,9
1621841807637,1621841807657,20,0,44,1748.42108833582,-1087,326
1621841807797,1621841807827,30,2,129,7795.87464210894,-3807,186
1621841807997,1621841808347,350,20,2304,146767.350623622,-157308,323
1621841808486,1621841808576,90,10,291,7474.23162893304,-21868,164
1621841808586,1621841808606,20,0,61,2623.82353330794,-1,218
1621841808616,1621841808846,230,15,240,15956.4184345139,-16106,199
1621841808856,1621841808906,50,2,68,2925.16916744328,-1499,154
1621841808916,1621841808926,10,-1,32,746.699289432321,-1,-1
1621841808936,1621841808946,10,-1,53,4765.86765628526,-1,-1
1621841809026,1621841809036,10,-1,38,2268.20659544709,-1,-1
1621841809206,1621841809216,10,-1,35,1558.80994307756,-1,-1
1621841809586,1621841809596,10,-1,37,1345.02436357846,-1,-1
1621841809926,1621841809976,50,6,222,9148.73560959126,-11360,9
1621841810055,1621841810065,9,-1,34,1576.79478249785,-1,-1
1621841810075,1621841810085,10,-1,30,483.797317894996,-1,-1
1621841810155,1621841810165,10,-1,38,1569.76797316786,-1,-1
1621841810365,1621841810395,30,1,90,5155.33224854353,-5484,9
1621841810495,1621841810525,30,0,44,1870.25091362697,-1273,83
1621841810585,1621841810665,80,10,204,6659.1926850633,-10457,261
1621841810735,1621841810755,20,0,45,2468.39951795578,-1234,74
1621841810775,1621841810875,100,17,477,15981.1690061514,-17346,138
1621841811025,1621841811045,20,1,161,14308.0579350446,-9174,188
1621841811085,1621841811105,20,0,43,1492.2780462316,-1,11
1621841811125,1621841811145,20,0,35,864.437688799385,-1,345
1621841811225,1621841811275,50,3,121,4100.20337746058,-5713,302
1621841811515,1621841811525,10,-1,33,1087.4066663361,-1,-1
1621841811624,1621841811674,49,14,527,23342.8106614739,-31009,37
1621841811704,1621841811724,20,0,44,1967.31895836686,-1,263
1621841812134,1621841812144,10,-1,58,4155.54523914981,-1,-1
1621841812154,1621841812204,50,6,172,8820.7256586028,-9501,318
1621841812284,1621841812304,20,0,37,1226.48797090904,-1,172
1621841812484,1621841812514,30,1,88,5261.2265313441,-5263,43
1621841812544,1621841812554,10,-1,41,1834.76137706277,-1,-1
1621841812574,1621841812584,10,-1,38,1797.32505985177,-1,-1
1621841812704,1621841812984,280,15,415,20913.1482222719,-18405,288
1621841813024,1621841813134,110,4,198,11394.2395777432,-14908,163
1621841813214,1621841813224,10,-1,30,192.141616131772,-1,-1
1621841813343,1621841813393,50,7,262,14177.5790904577,-11760,260
